receptor,backbone,arm,gpcr_class,n_rows,d_npxxy_oh_median,d_npxxy_oh_p25,d_npxxy_oh_p75,d_npxxy_oh_p5,d_npxxy_oh_p95,d_gpcrdb_tm6_tilt_246_637_ca_median,d_gpcrdb_tm6_tilt_246_637_ca_p25,d_gpcrdb_tm6_tilt_246_637_ca_p75,d_gpcrdb_tm6_tilt_246_637_ca_p5,d_gpcrdb_tm6_tilt_246_637_ca_p95,delta_to_active_median,delta_to_active_p25,delta_to_active_p75,delta_to_active_p5,delta_to_active_p95,rmsd_to_active_ref_median,rmsd_to_active_ref_p25,rmsd_to_active_ref_p75,rmsd_to_active_ref_p5,rmsd_to_active_ref_p95,plddt_mean_median,plddt_mean_p25,plddt_mean_p75,plddt_mean_p5,plddt_mean_p95,plddt_at_anchors_median,plddt_at_anchors_p25,plddt_at_anchors_p75,plddt_at_anchors_p5,plddt_at_anchors_p95,npxxy_active_rate,tilt_active_rate,both_fire_rate,is_broken_cell
5HT1B,boltz,apo,A,25,12.943131582449434,12.524490575831818,13.193268019755378,12.275686173542852,13.402597313079049,13.393827749896593,13.166063428025858,13.670733685468385,12.993924416440768,14.002811308314467,-8.295042281840738,-8.58099559425553,-7.840871665254449,-8.897314970569978,-6.987112075550789,2.0264,1.9308,2.1196,1.7877399999999999,2.18972,76.71316399207483,76.55323314177684,77.43600759261693,75.90298707815316,77.87315736428286,89.3740005493164,89.14404983520508,89.69869956970214,88.46429008483886,90.05327026367186,0.0,0.0,0.0,False
5HT1B,boltz,cognate,A,25,4.728851784492721,4.41866663877238,5.092498640166731,4.168102734344574,5.481637005764487,17.79714420806327,17.707425761962128,17.860765445391753,17.509030715424203,18.03123458913703,-0.4373238104174568,-0.5036179543457351,-0.3321193230638073,-0.6479518521544521,-0.05661323776980248,0.7724,0.7613,0.8111,0.6996,0.87196,77.04287438514905,76.78949236747546,77.5240359770946,76.31427573179587,78.02281284234463,91.93579978942871,91.71099967956545,92.08415031433104,91.41831031799317,92.38623039245607,1.0,1.0,1.0,False
5HT1B,chai,apo,A,25,13.520676499347212,13.350107527656846,13.681658123195447,12.981631396237287,14.014447129709831,15.11626296410591,14.808026809808254,15.295658207478354,13.841908135689456,15.488786300184067,-6.471347202047495,-7.371423832873404,-6.187566878206701,-8.28886434310169,-5.08659127294073,1.5529,1.4952,1.6587,1.35686,1.9514999999999996,74.69538394023529,74.65762595174456,74.76869984951541,74.57777164582649,74.86017873356661,83.90226912114528,83.82006959910345,83.98174691989482,83.64849414337593,84.0673095045819,0.0,0.64,0.0,False
5HT1B,chai,cognate,A,25,3.6862959729245826,3.588729719552588,3.820248421241739,3.4138919325104666,3.9058092941996505,18.409686444912634,18.2743013546346,18.505190001726543,18.210674248439002,18.60050181434932,-0.0452837083401291,-0.1436720148614156,0.1096086940436009,-0.3940435619377879,0.35496181747382327,0.8071,0.786,0.8308,0.7439399999999999,0.8763199999999999,74.92379703222839,74.86912739889627,74.97336924208015,74.71926819404501,75.05706295289035,87.2526356269718,87.18493017165692,87.31095411280016,87.0973160402565,87.37419359911743,1.0,1.0,1.0,False
5HT1B,of3,apo,A,25,7.015487397763889,5.628533243455102,12.412387210936467,5.280718631573479,13.564784112274834,13.491357753582747,12.774823719775767,14.510571140251187,12.599191772838724,14.976539891295657,-8.826869026939793,-9.529375944308857,-7.808907390129264,-10.408897473046993,-7.119713383928334,2.0046,1.7762,2.2726,1.65706,2.4175,67.01319712123997,66.85087504985052,67.26712649611773,66.53966079366411,67.65075983019481,74.84528906817388,74.55426148451768,75.04606749010291,74.46329524909262,75.18929388562735,0.68,0.08,0.08,False
5HT1B,of3,cognate,A,25,3.930481675065403,3.885871703068089,4.014485555145722,3.830801241123717,4.064367791206116,18.185552138588303,18.082835547489022,18.24285219241752,18.016370335101104,18.38965220678928,-0.5319065190115033,-0.670970262526712,-0.4278844304910372,-0.9264954587310748,-0.3135544959647506,0.7445,0.7282,0.76,0.71474,0.8201799999999999,73.69202431145335,73.38011983913839,74.04041804415054,72.94487240400642,74.40323692138166,88.01961389790709,87.87304872266486,88.31722057423035,87.73387192635722,88.6843913295066,1.0,1.0,1.0,False
5HT1B,protenix,apo,A,25,5.59330439358875,5.290324301573363,5.849615717843985,4.842601829876042,12.92916240544702,14.424710141068672,14.248573717009076,14.547153447027831,13.67597789770969,14.968945198020785,-7.889953005210147,-8.391550843457487,-7.691578458395666,-8.817849298037029,-7.049718824671348,1.7924,1.7375,1.8815,1.62084,2.0368,73.09694482802816,72.91529353267191,73.19460495621091,72.80167920225553,73.45438222089574,82.26499069410659,82.20302418928298,82.37447577500583,82.07091811578786,82.56897872841134,0.84,0.08,0.08,False
5HT1B,protenix,cognate,A,25,3.8241000933364697,3.793992830622188,3.8588442464677577,3.7469676864944232,3.8992853782025634,18.217957931087145,18.15235307759424,18.27036108478397,18.116298922029216,18.371153507083154,-0.6301983866117382,-0.731654602279157,-0.5635012035799285,-0.8182800968280866,-0.4134707956986788,0.6899,0.6823,0.6996,0.67058,0.7111,70.76180332581934,70.64555060940401,70.96621465476366,70.4491812588214,71.71119812652556,85.38338786392157,85.23882813753674,85.49159174458805,85.13331562675404,86.25023552893765,1.0,1.0,1.0,False
5HT2C,boltz,apo,A,25,12.368043860307903,11.475221174295507,13.946032024794722,10.940333501359063,15.159937028603878,14.030270954707182,13.345645907677156,14.36125097984852,12.7196201288996,14.883155049800257,-3.0105635907483066,-3.2822661438962815,-2.3648030093068737,-4.108748554539957,-1.7343939855767565,1.6609,1.5326,1.864,1.4292799999999999,2.0018,67.12198700967313,66.67134505276076,67.30398253894789,65.3938060277414,67.84921052507958,84.0242992401123,83.21810111999511,84.54334983825683,81.89033939361572,85.19763038635254,0.0,0.04,0.0,False
5HT2C,boltz,cognate,A,25,12.174207469720564,12.092704671189152,12.295505823108702,11.71669685873647,12.58785044045889,16.985392551678046,16.886039114457837,17.117322932798224,16.712214462930923,17.269794524247796,-0.5932558080387267,-0.659655233228392,-0.4805599850887301,-0.7276826201640855,-0.27184200351810905,0.9621,0.9368,0.9918,0.91784,1.02848,69.0891854232055,68.59309388039935,69.33739740463324,67.9261003077811,70.03200216918012,88.67485046386719,88.42080078125,88.75464973449706,87.48715995788575,89.30189025878907,0.0,1.0,0.0,False
5HT2C,chai,apo,A,25,13.719681228075236,11.211015743455183,14.456125898732344,10.443547037816307,16.40433498090011,13.370221538927469,12.99766409782927,13.86488276185558,12.55284271448893,15.273237266555062,-4.277012945334667,-4.3828952267657915,-3.875585902365168,-4.6281090865743355,-0.9833224981745128,1.8079,1.6385,1.9516,1.3192400000000002,2.01642,71.85924475969634,71.79822510451832,72.00063244869554,71.65730834100427,72.09125305564747,83.80836506071543,83.60270921372748,83.918530005294,82.9336324057283,84.03702118114235,0.0,0.08,0.0,False
5HT2C,chai,cognate,A,25,11.60367463349434,11.40284775834528,11.654758212850236,11.211734609544571,11.841381808584371,17.081484800801128,17.013577195875065,17.120838151212105,16.89336492014656,17.2119318917018,-0.6011674984409101,-0.6972050269560608,-0.496712032996605,-0.7944317507177437,-0.16487837730742874,1.0104,0.981,1.0281,0.97308,1.0853,71.041899218342,70.93539219423123,71.09762513821205,70.86764498124025,71.16452748604054,87.34502483154616,87.23941705290889,87.45718973287772,87.0614720606095,87.96880712218787,0.0,1.0,0.0,False
5HT2C,of3,apo,A,25,14.029229728633595,13.862412543919042,14.453818501109833,13.359702266387274,15.001387047866874,13.437718906068474,13.043987153889514,13.73820351089166,12.751533442233512,14.209890587830287,-4.6877651030876635,-4.813917964559934,-4.330890264128723,-5.269338811738093,-3.7224296886328765,1.779,1.7203,1.8624,1.58422,1.9750599999999998,63.18164911082679,62.89244559807667,63.28950435215762,62.75619293647566,63.4087364904,75.95809362529849,75.6128903697029,76.10264731612212,75.33019584972415,76.50412284900064,0.0,0.04,0.0,False
5HT2C,of3,cognate,A,25,12.448978568343056,12.283295714106236,12.52918249210138,3.721157396869053,12.722469985427148,17.140813469358292,17.07139430675832,17.19265274821695,16.88616429941433,17.39402150858534,-0.5912858012369551,-0.6719804638230436,-0.5329769774335631,-0.7440799175084194,-0.30499829080984076,0.9356,0.929,0.9489,0.89172,0.96308,67.44604499663454,67.06938998929964,67.72188241422919,66.51454168254047,67.97646195208699,86.50831800714028,86.35076065265083,87.04029733719764,85.80425634011492,87.54106185956297,0.2,1.0,0.2,False
5HT2C,protenix,apo,A,25,12.913130123433117,12.833090543977493,13.010009658762897,12.71031615146321,13.173818728760333,12.517315409048804,12.447718160770595,12.579860132049244,12.363584411555653,12.680192397889321,-4.123879981553021,-4.241107193523433,-3.9698988869671776,-4.468042216112832,-3.684061683420018,2.1399,2.0782,2.1651,2.05534,2.19806,68.92509001192691,68.7326685230844,69.13144049838724,68.63751660687241,69.6245965990956,85.42337125575904,85.30959404187112,85.61831913101724,85.16112389107356,85.85576813038087,0.0,0.0,0.0,False
5HT2C,protenix,cognate,A,25,12.14340849411645,12.049694978197966,12.230370375775184,11.837144250113756,12.327069187309913,17.034361139628032,16.959404190605287,17.14175280568571,16.841347931240517,17.231265735217637,-0.3761539159016092,-0.5440592607496306,-0.2917352292553463,-0.6572420695396716,-0.17916593759277222,0.9687,0.9597,0.986,0.94838,1.01942,65.22837688113535,64.95422365356853,65.47061513590428,64.8038094008223,65.70458570679192,83.9676794989422,83.81974622507633,84.34064007413679,83.4122259687586,84.454042810963,0.0,1.0,0.0,False
5HT5A,boltz,apo,A,25,18.315026097914796,14.6667967043455,18.7006921126492,14.022238272909455,19.151150037945335,13.108598408163246,13.022374338326324,13.2690597505136,12.8274298991177,13.634162289981058,-8.359060750318044,-8.77790039305784,-7.8035431752974045,-9.459278318194563,-6.5583258758791185,2.7329,2.6,2.7859,2.32632,2.96422,75.56317932599065,75.21304491187344,76.00999152560193,73.67560942086185,76.70859212581517,86.92280025482178,85.9050506591797,87.16170043945313,84.92100002288818,87.68689956665038,0.0,0.0,0.0,False
5HT5A,boltz,cognate,A,25,3.5128521735763387,3.461012529087408,3.568551396589378,3.349884187773533,3.6993504760672566,18.610659925021466,18.50780633250737,18.697618585333267,18.368944256101365,18.788132919299265,-0.5461224133685327,-0.5885682603504883,-0.3894373754277964,-0.9522508187181097,-0.1277716570054625,1.1815,1.1182,1.3338,1.06102,1.4615399999999998,77.25015948533344,76.82031658183293,77.66023794008571,75.45477865523651,78.56334511465718,88.8447998046875,88.092600440979,89.4088005065918,87.23700004577637,89.89903030395507,1.0,1.0,1.0,False
5HT5A,chai,apo,A,25,13.800692808696231,4.0791054166324265,14.575747836732084,3.1638845843716035,19.181486471502076,15.869237473804468,15.186314892033552,18.4806646254944,14.860802701945229,19.09555148707536,-7.351618506825087,-8.514800568551854,-2.3689813295177125,-9.141493261192151,-0.6983723612150593,1.7832,1.4266,1.9319,1.18618,2.0148,74.65689231028972,74.58786640890469,74.68326169784966,74.49613633507605,74.79005864779678,80.3222722229538,80.16985031419674,80.36608298117292,79.87978069939003,80.47521644278244,0.32,0.84,0.32,False
5HT5A,chai,cognate,A,25,3.2683999143311713,3.097587125489772,3.3432271834262193,2.9338807998908103,3.4619243887344187,18.812299460725157,18.74589098976093,18.889044258511333,18.604906880397767,18.99564778236866,-1.4962626697966923,-1.8206986305042496,-1.400238972466422,-2.0562507587335768,-1.2558483572360104,1.1564,1.1181,1.188,1.08634,1.22966,75.19678981132661,75.14264496568127,75.26988544308243,75.0483032579657,75.34604305219955,86.26908489121332,86.1593601071439,86.32269204174112,86.07879890563272,86.39935040299166,1.0,1.0,1.0,False
5HT5A,of3,apo,A,25,13.143985324380854,9.649388723896667,13.70012692520992,8.79694919675415,17.404014915884886,13.566636651091194,13.15790104602564,13.827653567200722,12.92335138783448,14.247135624533595,-9.626330461922858,-9.945998200428097,-9.268876707061006,-10.272635006787615,-8.275681466861128,2.2736,2.2014,2.3367,2.04516,2.41832,70.20568135475618,69.93954408437634,70.38510593087638,69.45139716994025,70.7465265202531,76.64148474138707,76.07916073887206,76.84654336418768,75.60233133525765,77.26957012026789,0.24,0.0,0.0,False
5HT5A,of3,cognate,A,25,3.8496282804705695,3.7711671638674575,4.005992420306734,3.6681642373565864,4.149687066602096,18.04306586052392,17.92666497943259,18.15610847807256,17.58451110658419,18.378044171108414,-1.8026115572142487,-2.0464388372078517,-1.550080904673223,-2.280804306361495,-1.0467269790939029,1.1167,1.0899,1.1592,1.06374,1.3430799999999996,72.25983224664371,71.92705794734688,72.85160312505606,71.33885612837663,73.26663436337542,83.13528759602687,82.50739858138785,83.55907805700151,81.34651243785346,84.60273359487239,1.0,1.0,1.0,False
5HT5A,protenix,apo,A,25,16.487341394849665,13.787883573589111,17.13649913446662,13.52971734216283,19.353452046810936,13.69101978241708,13.50679790393684,13.753563380300363,13.162226299662297,13.930197682539113,-9.91374202656738,-10.081431223990034,-9.779353216519445,-10.248799935937077,-9.583980757678015,2.2414,2.2186,2.2607,2.16872,2.3709599999999997,76.12601188934306,75.93374580372492,76.31569067666885,75.82071909490304,76.35820408584419,83.65668122107161,83.57309529548084,83.71886695374658,83.49522099115666,83.98747024903842,0.0,0.0,0.0,False
5HT5A,protenix,cognate,A,25,3.935923187219742,3.899772910688683,4.032765644317376,3.843786593198939,4.165072486896827,18.32428178046055,18.21651729772765,18.38757981493968,18.110316179732806,18.51957269397206,-1.5382118600248624,-1.6533851390475007,-1.407759567628826,-2.1467136357539522,-1.188970946270608,1.1077,1.0867,1.1135,1.0610600000000001,1.13492,72.89667481102136,72.71339368707189,73.16361708553568,72.66996873221709,73.23768315117886,85.21915039004702,85.1475281421309,85.59300182465007,85.07265557664263,85.77559390705764,1.0,1.0,1.0,False
AA1R,boltz,apo,A,25,9.707673646440735,9.62999300037648,9.798159644142364,9.58897516255889,9.881451151727461,12.127662664891368,12.070714878817244,12.199167638084983,11.988562357462673,12.284892134703481,-8.143618395001173,-8.208201047348362,-8.104608431747199,-8.273883869358182,-8.0661666340791,2.3608,2.3457,2.3924,2.3024,2.41654,92.39721471400348,92.28556741819791,92.48215970232442,92.16057786531977,92.60074914569503,97.22109985351562,97.18135032653808,97.28400039672852,97.11389030456544,97.30654960632324,0.0,0.0,0.0,False
AA1R,boltz,cognate,A,25,4.7503406169768505,4.503594829955287,4.892699515420909,4.397082008009487,5.068541588992856,17.992246476385322,17.818138401945923,18.075663752808634,17.734481472894974,18.33458034236129,0.1607441583594582,0.0443790472916862,0.2790532468278979,-0.09219163687136879,0.48834717873557326,0.7824,0.73,0.8518,0.68216,1.0382199999999997,91.62294495471416,91.41227618024394,91.80157972698562,91.06155627900105,91.94059875815925,96.2121997833252,96.03059883117676,96.42499961853028,95.87668922424317,96.568330078125,1.0,1.0,1.0,False
AA1R,chai,apo,A,25,9.400906871148123,9.309246478636174,9.468893757984617,9.236918013489177,9.55900568074724,12.17240498011794,12.129754284403289,12.20212641304785,12.066041151801503,12.272023751839264,-8.052490987501802,-8.095582459929812,-7.97384421836901,-8.144258580179297,-7.891134328679457,2.2781,2.261,2.3025,2.2482599999999997,2.34458,87.42671345885805,87.34953482854156,87.48208605583784,87.31844828644599,87.6770091632993,92.57912430904987,92.48749414249932,92.62219884473352,92.39894625592474,92.73292685641115,0.0,0.0,0.0,False
AA1R,chai,cognate,A,25,11.608785983038882,9.631400209730671,12.064673306807771,9.428000113047679,12.47934621143579,12.67325853914454,12.451170748166614,12.889535057557351,12.348409451599771,12.997720556226158,-7.247119163530323,-7.450976139855703,-7.133629654360348,-7.5500887452418075,-7.014104262751048,1.9522,1.8507,2.061,1.79586,2.09704,84.52921945442279,84.43644638079148,84.64275107212195,84.34723416660897,84.84182212206548,87.43263749590513,86.92435991452369,87.92073243010441,86.83638857977455,88.61833565353075,0.0,0.0,0.0,False
AA1R,of3,apo,A,25,9.150538652264832,9.052228824952238,9.211991097656396,8.884883233556224,9.311997820932026,11.999639405025915,11.942420218791533,12.020544609772452,11.90060983045864,12.053797127626623,-7.812542799555118,-7.881265418208873,-7.708470902368438,-7.924940578898793,-7.634440100312222,2.2521,2.2357,2.2598,2.19904,2.277,79.3814514316911,79.10255291659271,79.49850984950464,78.85060911822916,79.68179807308913,82.97739758879591,82.83232286455998,83.63750585875297,82.46352110883926,83.70468000604924,0.36,0.0,0.0,False
AA1R,of3,cognate,A,25,9.293798452587309,9.131467643217896,9.377589842597406,4.212118374322794,9.474536612979481,12.213630316213209,12.019917182443992,13.979915188323758,11.948956469123798,17.888839142814373,-7.553056067085837,-7.809450166581021,-3.3115575763161704,-8.02591040665959,0.5673409092086241,2.1759,1.6075,2.2533,0.7931800000000001,2.31766,76.7827936610045,74.61320662705953,77.28392195520124,73.70886852087361,77.81359944020559,82.39566467753048,77.42174909575849,82.90765688987007,74.29711816869874,83.62092455206427,0.24,0.24,0.24,False
AA1R,protenix,apo,A,25,9.019806724638542,8.971841636588264,9.050737526136851,8.90540823897509,9.127022301756599,12.18621412337235,12.138368252532546,12.23773745409599,12.108437611279616,12.286914138006757,-7.840653502512415,-7.862348325600022,-7.806185175122497,-7.919087966400489,-7.789649652950686,2.2506,2.2367,2.2639,2.2193,2.27284,86.65152453937962,86.63648208245539,86.66444124744436,86.54753402438125,86.67298044045593,91.1991358999222,91.14560969755937,91.24006655338006,91.09780969560026,91.27686942761353,0.84,0.0,0.0,False
AA1R,protenix,cognate,A,25,4.0894620212538975,4.035910465862567,4.1253782143868545,4.017990411732039,4.191235705890232,17.78682651952847,17.699989139545632,17.843235065724887,17.621033989488705,17.948892986426394,0.1435893243741706,-0.035457305883142,0.2372297036025958,-0.08774821794948225,0.388042186436402,0.6059,0.5812,0.6219,0.54318,0.65362,81.62383239229112,81.34891731024014,81.9846875107963,81.16282813860057,82.57834667163564,87.32937527414353,87.22918819369693,87.42431637059386,86.96993556801547,88.27668675087438,1.0,1.0,1.0,False
AA2AR,boltz,apo,A,25,9.607914797894496,9.517774232119606,9.727753110646878,9.320700483186307,9.814227939107662,11.82313359835708,11.75328563904579,11.916873806707864,11.618420717263486,12.11030239315969,-10.653151740185486,-10.855361542920424,-10.360148173530524,-11.056207116332013,-7.868817432811592,2.9406,2.8526,3.0708,2.48984,3.21392,72.03606307390824,71.32632271757403,72.82424510103985,69.94256991506779,73.51993753007315,83.22224998474121,81.92215003967286,84.10985107421875,79.37726028442383,85.31092010498047,0.04,0.04,0.04,False
AA2AR,boltz,cognate,A,25,4.098260401585044,3.957949033653667,4.40224311771851,3.7492911703568526,7.647835085504261,18.127503597641347,17.984513941524803,18.317481520476555,13.358628380774057,18.76220535771015,-0.2378600964443364,-0.3614859780110606,-0.1300262177601183,-8.29600923361615,0.40025785121349433,0.6287,0.6096,0.8136,0.50914,2.20078,71.72242958568832,71.30139082843817,72.42532761583051,70.28720404152732,72.7181927014323,84.4496503829956,83.50705013275146,85.43464965820313,81.9320601272583,85.80640029907227,1.0,0.84,0.84,False
AA2AR,chai,apo,A,25,9.525351069645676,9.432160569031891,9.634083973061475,9.34975499528983,9.672397520758311,12.152262834550609,12.057600673434164,12.297120679248456,11.978357332967306,12.63452220367078,-10.199010669254362,-10.394519336139613,-10.035968568952402,-10.480789547525331,-9.73703882060709,2.8248,2.7512,2.8622,2.6566799999999997,2.87916,78.11430708014169,77.95803736791174,78.27511536135417,77.85573489526733,78.40862338336663,89.07109921049417,88.71669679083006,89.24368880807236,88.565791414704,89.42679080436068,0.0,0.0,0.0,False
AA2AR,chai,cognate,A,25,3.8725625882611623,3.810678286079787,4.037955299405876,3.5818860492727813,4.173302947448719,18.070477221147204,18.002231445018147,18.125760149577175,17.84330951613755,18.305013411557738,-0.4924804297915379,-0.569457221449909,-0.4059502353234414,-0.7007395158544334,-0.2696802833366514,0.632,0.6165,0.6423,0.5947,0.6871799999999999,75.53996742240693,75.49447572615246,75.56335564279604,75.44658599260902,75.63166867860029,89.19936790547501,89.14669130101005,89.24623330728662,89.0065702740833,89.37239651769993,1.0,1.0,1.0,False
AA2AR,of3,apo,A,25,9.126022635929267,8.993929265649083,9.25800932619214,8.883969937893143,9.359627615959743,11.923414548595082,11.857938966690485,12.030807730355868,11.715860058717777,12.126855424772666,-10.797731295606017,-10.936767812204195,-10.612077776569912,-11.040310991459279,-10.512306449716903,2.9246,2.8881,2.9389,2.83982,2.97256,68.0302795626381,67.86644350836701,68.2639813316565,67.43264326657246,68.40400377359786,77.58889576774311,77.45882262318682,77.75478586027633,77.29790969649918,77.9660986821421,0.48,0.0,0.0,False
AA2AR,of3,cognate,A,25,3.9248531474561577,3.5500494019446887,8.015258918126415,3.1688160213678764,8.298179576911664,18.313777528279292,18.132634049162338,18.727105890134787,17.95583713249847,19.1338860045516,-0.0670453509052784,-0.2118021908261553,0.0880292139956218,-0.43171012439393047,0.18656824595374508,0.7047,0.6138,0.8296,0.59368,0.8899199999999999,70.44393678826772,70.07545434794972,70.65579248391934,69.74172625983803,70.96752307816178,86.81508177841897,86.36476204848735,87.53690672976286,84.98763261661007,87.73088000066628,1.0,1.0,1.0,False
AA2AR,protenix,apo,A,25,9.2549959737489,9.179400270883612,9.340597564392636,9.09519756496589,9.389138081088747,11.88007725105138,11.84312207960591,11.91973517748056,11.790132901314712,12.002964768703354,-10.515538680387284,-10.59809027619922,-10.403632847216585,-10.671484673204686,-10.239493600575146,2.8904,2.8723,2.9065,2.85834,2.9214200000000003,76.38024281119206,76.13972604981966,76.98951058369084,75.96149469282186,77.2776228573631,88.00615669094982,87.52406912994935,88.07684213255735,87.41457867104941,88.10434563094577,0.04,0.0,0.0,False
AA2AR,protenix,cognate,A,25,3.5987837558387707,3.5625764815093692,3.631501362511413,3.5114529467586015,3.697969442292419,17.90597062569994,17.863253676747924,17.967991166188668,17.812513675739243,18.03356391752778,-0.2896384338238924,-0.3573661383366477,-0.2386655983183203,-0.39437077312504554,-0.19969106278741508,0.5323,0.5173,0.5403,0.5008400000000001,0.57484,70.83491074455648,70.44392861843987,71.03671705633408,70.18772706971419,71.35917529984847,86.30452091515666,86.21848349408842,86.36562444375879,85.99297686837211,86.91794359880367,1.0,1.0,1.0,False
ACM1,boltz,apo,A,25,16.404751187204884,15.854097529919514,16.99609491938957,12.150269831934086,18.34596172129589,12.39865593708044,11.832995271857415,13.000532043885745,11.421623044346843,14.265504421875079,,,,,,,,,,,62.377843516805896,62.101580279806385,63.21051302785459,61.609736564470374,63.817980442047116,80.28170051574708,79.37664966583252,80.93015041351319,78.12758003234863,81.96223983764648,0.0,0.04,0.0,False
ACM1,boltz,cognate,A,25,3.6982858061675,3.6546464250731554,3.889383840725931,3.5560300916794456,13.051252261361915,17.68608054378075,17.511354690160324,17.783563062477104,16.820735443792618,17.957972521870673,,,,,,,,,,,66.22827832595162,65.755663071508,66.49000646757042,65.1504456544959,67.02152169103208,88.13925056457519,86.88745079040527,88.68179931640626,85.40134963989257,89.12167022705077,0.84,1.0,0.84,False
ACM1,chai,apo,A,25,18.391245906680712,18.263177297502207,18.557942181179463,17.883589267949848,18.660064259696576,12.790285766940473,12.74714481756601,12.99351030322445,12.575340400759709,13.160509341771697,,,,,,,,,,,71.0090512926419,70.77722122137412,71.09139676347252,70.62504255629683,71.38401185552989,84.38110849566273,84.10270622143324,84.73957563575041,83.84970585628471,85.21532742597736,0.0,0.0,0.0,False
ACM1,chai,cognate,A,25,4.015518646451539,3.975931840462057,4.188391337972133,3.6634762629178725,4.999166595773562,17.499668482574176,17.15554207829062,17.655572972860437,16.77188467367996,18.056195485114984,,,,,,,,,,,68.82903766121751,68.77480123293685,68.92832214291178,68.53443710973052,69.06144974295556,82.47566419280797,82.2949710608836,82.7213451836601,82.00452994678272,82.89688103859146,0.96,1.0,0.96,False
ACM1,of3,apo,A,25,10.5332410592561,10.37412014124428,10.698291823486423,10.163328905374753,11.049194020727466,13.073206254210138,12.4535386665308,13.519582820130056,11.990648580409529,13.965421379367768,,,,,,,,,,,64.46417415105427,64.28404647285797,64.70515741705812,64.08821166911987,64.85162227559243,76.49082781316227,76.22926476139357,76.99460841055728,76.0210200904059,77.25019046462253,0.0,0.0,0.0,False
ACM1,of3,cognate,A,25,10.447103746159838,10.165023894734828,10.6903784543625,4.672774156086234,16.41372141139277,16.36236726477407,15.341406084417278,16.965223818229138,13.298299102368603,18.07599812797902,,,,,,,,,,,64.85205963860612,64.55286814506698,65.28455661031023,63.60448257345077,65.79127896470756,79.41888145790816,78.60898170722339,80.12649858946064,77.41629723198795,80.4719600161997,0.08,0.84,0.08,False
ACM1,protenix,apo,A,25,15.225326070119449,10.377165293656644,15.644163484053813,10.016176349767461,16.087723045298862,12.2358505850536,12.06121204080219,12.410808858451343,11.84025840087435,12.677948568267805,,,,,,,,,,,70.19822512674769,69.94170640704219,71.02129443371473,69.80824193463349,71.33844485577275,84.78614029661402,84.75873505118949,84.90270164868188,84.51059067124206,85.31138418002769,0.0,0.0,0.0,False
ACM1,protenix,cognate,A,25,28.17165283590819,25.247369110134212,30.51963701364689,22.305460543940498,33.2121539827443,25.758962027903415,21.87015883240024,29.86992615877452,14.67620435888829,38.682088764789476,,,,,,,,,,,38.37920148126438,37.84338224499698,39.468155087461525,37.126508599012816,40.08365872718779,39.86051412463361,39.45776269687375,40.63833772957928,38.65187060277493,41.95598341099765,0.0,0.92,0.0,True
ACM2,boltz,apo,A,25,4.077200201866472,3.815845242066296,11.171157303583188,3.470363554864665,14.822566028282456,16.14074485129791,15.013585871636396,16.98889565129529,11.278696462710343,18.172285277723134,-1.9678730183034556,-4.036674909578295,-0.5861944532988606,-6.544228245903139,1.5263895475099287,1.2338,1.1562,1.7057,1.0543,2.3786199999999997,63.43275096795078,62.6349270333548,64.15604508281265,62.143557538699696,64.78541243147953,78.68825016021728,77.61460018157959,79.87109889984131,76.15367015838623,80.15438934326173,0.68,0.76,0.68,False
ACM2,boltz,cognate,A,25,3.999731567267984,3.8974247257644383,4.0606058917728,3.826903874644016,4.131253806016214,17.373165352871073,17.28698787297544,17.43802948999972,17.18711775876826,17.52028953109844,-0.2480827455060641,-0.4053756519062954,-0.1082931057904001,-0.6451064388315662,0.09233078232226573,1.0707,1.0415,1.0876,1.01636,1.11018,67.56674888103305,67.327813410452,68.05245486656483,66.51152712285774,68.65718620856944,89.44690055847168,89.23540000915527,89.74729957580567,88.56526962280273,90.32981071472169,1.0,1.0,1.0,False
ACM2,chai,apo,A,25,19.058656353478856,18.90650768915296,19.19551265270089,18.759106343347142,19.37532346942928,14.018396591622023,13.887400656710383,14.07605871684258,13.66801060714509,14.27165047242878,-5.1976296442076055,-5.28012655504198,-4.998029573096133,-5.593148643290643,-4.336534623551263,1.7858,1.7535,1.82,1.7161600000000001,1.8858599999999999,70.38274297174935,70.36640037468176,70.43546964931305,70.31056325650437,70.49977139437934,84.62044113450925,84.5542867664651,84.67007984760005,84.5246955587131,84.71876745977856,0.0,0.0,0.0,False
ACM2,chai,cognate,A,25,4.26452060611741,4.092864766883949,4.386128133103272,3.99600674286814,4.462094466418509,17.470504543372524,17.42420747121659,17.535506636536056,17.313463158079262,17.598109420220375,0.1798778811100483,0.1057347722160209,0.3763738917528165,-0.12176967315556687,0.4848491456440884,1.1547,1.1206,1.1775,1.1086,1.22942,70.92270011497558,70.87436157987514,71.00093423223079,70.796406419015,71.0413781864371,87.17748481014245,87.10164772897916,87.25771939645082,87.06381094275855,87.36093458784194,1.0,1.0,1.0,False
ACM2,of3,apo,A,25,10.112263272289283,9.617446164198592,10.89870662717902,7.322928666597067,16.06849953854969,13.90755538466909,12.698816605826666,14.735441396761388,11.536345954489864,15.009867066771458,-4.580191699918963,-5.5012819970046465,-4.1047730962692714,-6.255172003110687,-3.5907374792591487,1.7421,1.5971,2.0318,1.51932,2.27936,63.83030049893955,63.447791919515026,64.03440070214077,63.148241048382225,64.38813990028342,75.5586426538616,75.17373930467328,76.60374676447067,74.8960430769762,77.28856504185859,0.16,0.12,0.04,False
ACM2,of3,cognate,A,25,4.2568111314007275,4.232625762692115,4.340962966337209,4.006975046372586,4.523296418669209,17.570664677530864,17.53134353894971,17.719045436707752,17.20366231650251,17.969628502923463,-0.5417665888661656,-0.7223876167228145,-0.2960672585254649,-0.8804212741493739,0.6966081133601707,1.1202,1.0948,1.1671,1.06852,1.21794,66.80496475271123,66.25231064060141,67.08818735059492,65.68869443212805,68.22292600805555,86.25512767498627,85.19139557369171,86.63124370817154,84.19053507421475,87.31157265974983,0.96,1.0,0.96,False
ACM2,protenix,apo,A,25,10.8368090553521,10.74028820410436,13.429933051143086,10.693584663459134,15.42996230637667,11.668514085285608,11.585441321092537,11.841877405506514,11.5382281779347,12.031057754121141,-6.252334501327027,-6.372654075856486,-6.181583589602955,-6.596189753719498,-6.024370307908415,2.3402,2.2991,2.3696,2.2265800000000002,2.42444,70.14124392657021,70.04304896514769,70.2349505020055,69.84305992892321,70.58719036887292,83.89035933606036,83.7137587169961,83.96808937759457,83.49558207274653,84.03190385997381,0.0,0.0,0.0,False
ACM2,protenix,cognate,A,25,4.084998940181221,4.05878573190343,4.126022737916242,4.000064313363382,4.166043886555628,17.72941518419852,17.674383745541174,17.755208548161075,17.57868561997085,17.843548432661176,-0.6455405292813108,-0.6980655341178377,-0.6205384315991562,-0.744588950031288,-0.5346821104640662,1.0389,1.0321,1.0498,1.00504,1.05216,64.75288861565797,64.4778007189886,65.0937051456996,64.04594168640836,65.62622529140698,84.8495945472222,84.13476169116913,84.93600645546961,84.01729318972995,85.51589627256573,1.0,1.0,1.0,False
ACM4,boltz,apo,A,25,16.02657358989126,15.895355776295164,16.212798128370686,15.35487450250894,17.079562907864013,11.759754167439048,11.619678379563696,11.928622766912364,11.38211734719121,12.059200907923437,-5.548753261163206,-6.015653622474055,-5.089177278795631,-6.230433675316456,-4.750090017627129,2.4047,2.3587,2.4416,2.30884,2.5416399999999997,69.03279122529797,68.6336534376682,69.46092494892925,67.5160078705726,70.33458022115624,83.34795017242432,83.00499954223633,83.54879989624024,82.4152000427246,84.1477293395996,0.0,0.0,0.0,False
ACM4,boltz,cognate,A,25,3.851428986830733,3.783921804451037,3.924844154893287,3.673726151684127,4.043667952328533,17.122714813948168,17.039357256956617,17.200619812655006,16.9320268228192,17.28563890317967,0.8375281347502082,0.6238262183969727,1.1451691530671244,0.38426529509508855,1.4363241514085303,0.8952,0.8108,1.0052,0.76252,1.25752,68.86391645284186,68.12336331966775,69.5658871963278,67.27550821722426,71.44483764584726,89.38365020751954,88.9049503326416,89.98084983825683,88.23040000915528,90.40158012390137,1.0,1.0,1.0,False
ACM4,chai,apo,A,25,18.80917823829632,18.42421762246636,19.12090387507871,13.184290452503124,19.268948748026954,14.015235031921511,13.774009183966738,14.145456443678302,12.716772918666878,14.566785112718266,-4.786026711246819,-5.27426096806829,-4.407705957902142,-5.702197298410681,-3.791930599630578,1.8833,1.8566,1.9444,1.7716,2.14038,70.56487239677442,70.4875824146021,70.66994448774707,70.3826601339072,70.80016409076262,81.89387459501731,81.81293755223052,82.03848199512709,81.68165593099387,82.5751659676688,0.0,0.0,0.0,False
ACM4,chai,cognate,A,25,3.8987610852679846,3.744771555115211,3.984273208503653,3.6307003290849313,4.124777919599587,17.77833670510265,17.69189791966933,17.874042883466515,17.495098747557442,17.95733110783538,1.044127379877379,0.8428138613315497,1.242874418654777,0.6686317405486477,1.5234678089285123,1.2111,1.1706,1.2543,1.11616,1.3520999999999999,70.84214428007422,70.77204035315836,70.88713400909637,70.66206375278469,70.9942453214,85.57747859071345,85.51969447475835,85.63951298903594,85.43695157040628,85.72804694881962,1.0,1.0,1.0,False
ACM4,of3,apo,A,25,11.044297446718872,10.94272867415218,11.14595436648117,10.774708342629413,14.805874736896607,11.17594611775186,11.095648467013644,11.361614654183104,10.953510132846622,11.613175612650911,-5.642040804934071,-5.7701603737057585,-5.515746793678408,-6.1038756674069825,-5.16813623167656,2.5245,2.4608,2.5794,2.3656,2.66194,67.97616437874544,67.77077635871869,68.1148733091749,67.66662118306557,68.33945446205526,79.89783429099025,79.769318068086,79.97361126385728,79.2885611000116,80.52689487398237,0.0,0.0,0.0,False
ACM4,of3,cognate,A,25,4.106233112685713,4.0479428344746,4.175947079798896,3.9739269469132443,4.237848168326788,17.530127575174966,17.379192270172048,17.61816675789016,17.211576713782943,17.93165731403948,0.5283507353479582,0.1474202970749036,0.7550796224308893,-0.22810097990649783,1.1343323163892525,0.9526,0.8893,1.1943,0.7598400000000001,1.3484399999999999,67.67680530680482,67.26604666446305,68.40750792784158,65.25161541485667,69.23995973003929,85.65585455502267,84.33842463092887,86.35491601619198,82.59059288472979,87.4235431527307,1.0,1.0,1.0,False
ACM4,protenix,apo,A,25,10.993752764577094,10.789788063479078,14.220586278118784,10.62065835932905,15.36774544325707,11.691607954762224,11.623776034342493,11.9142144345643,11.472091323964948,12.056597029271677,-5.917816395539926,-5.995315458654046,-5.7762054012623025,-6.254870900105562,-5.652704940433184,2.4204,2.3753,2.4538,2.28132,2.47652,71.68976672834303,71.11768601749554,71.9424968259251,71.00230456782398,72.52102195433976,84.91982109567992,84.82269104541983,85.16401584310105,84.6653938008841,85.25333797146577,0.0,0.0,0.0,False
ACM4,protenix,cognate,A,25,3.884843923465019,3.8294272428848943,3.9324842094545023,3.8131500715948525,4.014294342617171,17.625019051953934,17.547879155160505,17.71715579153186,17.44913218287876,17.789202167792407,0.3267304624106284,0.2489745757598918,0.4484900113986061,0.14168533802270847,0.5488752494824449,0.6157,0.6053,0.6307,0.59298,0.65086,66.00333519937828,65.75006280897648,66.22376699688702,65.42828722158814,66.52604948693313,85.00314532417583,84.90222974504744,85.05305559291813,84.46252656012422,86.04144872740267,1.0,1.0,1.0,False
ADA2A,boltz,apo,A,25,10.320438513057477,9.946179827054204,10.87954545130448,9.023490415886847,15.821816385670076,11.641493029049151,11.214389261038692,14.892227577756794,10.96891469677901,16.947425177874297,,,,,,,,,,,60.92312667190388,60.307150518766015,61.537683831491776,59.5589097004552,62.204231910295384,82.30810031890869,81.1000997543335,82.64724960327149,79.35034969329834,83.87790977478028,0.08,0.24,0.08,False
ADA2A,boltz,cognate,A,25,3.975826900318977,3.8831707638217496,4.107362483808803,3.7967452119594833,6.388638993384303,18.71651017485365,18.613381445202265,18.817363951494375,18.421775153747014,18.90562226193171,,,,,,,,,,,62.60475700132309,62.19878710674983,63.19558055426485,61.76858315416562,63.72509329683037,86.70779914855957,85.91549987792969,87.06765022277833,85.16075950622559,87.71148994445801,1.0,1.0,1.0,False
ADA2A,chai,apo,A,25,4.309287760175688,4.077259986804864,4.400906838368656,3.8059670881566694,4.583776549152861,18.471544981403152,18.2637656029637,18.642263435538077,18.093815389612146,18.838410032185053,,,,,,,,,,,65.30892592763055,65.24466362334539,65.38513004385563,65.18279819245087,65.42604642833263,79.05439915466447,78.92812195316193,79.12872885548535,78.69240179308359,79.34986131953369,1.0,1.0,1.0,False
ADA2A,chai,cognate,A,25,4.390845362797465,4.281191189377087,4.494192808502991,4.072435386540987,4.65827007739268,18.86224244356964,18.800403240356307,18.907846783809095,18.748207581849673,18.969736050141655,,,,,,,,,,,67.61407563253037,67.51928530162229,67.68149294878765,67.46040300107747,67.81855007003814,86.73434085475763,86.53607939294923,86.91842932015787,86.42130739843417,87.10822830620474,1.0,1.0,1.0,False
ADA2A,of3,apo,A,25,10.107973403314476,10.03769775665748,10.220339534065804,9.836216973048469,10.31473584582781,12.255848555825652,12.105140498775407,12.44916088270062,12.016761669405966,12.69883966201796,,,,,,,,,,,62.330628662369065,62.06534212775333,62.52572612811179,61.37207781292173,62.80399890690107,75.78031891848961,75.53226028004765,75.9550778273105,74.93082025945066,76.17243658472312,0.0,0.0,0.0,False
ADA2A,of3,cognate,A,25,4.401058399430159,4.124490789067092,8.61829165250884,3.97430544192355,10.60336217042053,18.729936912884472,18.622561064574853,18.890969382825237,13.28998640863003,19.47432384262546,,,,,,,,,,,65.21853223690464,62.30819517877589,66.41047308592898,61.16375926690053,67.82891519507548,84.22467812649613,76.67964293058816,86.35957227397276,75.48397883867426,87.6650842700452,0.8,0.92,0.8,False
ADA2A,protenix,apo,A,25,10.031339792266742,9.977037028630278,10.158296010676423,9.928153783432073,10.234468943793958,11.957449083980093,11.901743784924124,12.027982190825952,11.824889068562763,12.073637545953831,,,,,,,,,,,69.16207186753472,68.77856270864368,69.29086806072013,68.47969703060102,69.73268645890958,86.0682942172872,86.03438236313637,86.14740550752671,85.7224411027944,86.30841483151104,0.0,0.0,0.0,False
ADA2A,protenix,cognate,A,25,4.099587821695768,4.078818894773148,4.1379309252428325,3.993022847341637,4.197260884783905,18.48357289250906,18.44036245845193,18.55158079708148,18.37406929997998,18.628840741523966,,,,,,,,,,,62.94999635671744,62.683110457133445,63.42175472795171,62.425066375727624,64.0222460725176,82.64182795557625,82.43204563853716,83.83046621065293,82.21323015629024,84.11721494879728,1.0,1.0,1.0,False
ADRB1,boltz,apo,A,25,11.520013480052878,11.313299233442027,11.634877698665337,10.886021958051339,12.192602859804571,11.763191628146672,11.635536869861228,11.8585717835623,11.536772159994397,11.95863997008753,,,,,,,,,,,67.09748834733944,66.4698323023894,68.22345071868577,65.2815978372122,69.00744152668888,85.73474960327148,85.22924919128418,86.57614917755127,83.99516967773437,87.4865701675415,0.0,0.0,0.0,False
ADRB1,boltz,cognate,A,25,3.9824524454913446,3.881374428369414,4.007573615006968,3.814708812552235,4.126045665348016,17.931761769555717,17.868107969401795,18.00909716241211,17.688596646239276,18.067019430280734,,,,,,,,,,,69.11914059700956,68.88249474851341,69.3067483722039,68.3387789976172,69.95696944550649,88.7492504119873,88.66139945983886,88.93455009460449,88.24924995422363,89.35283073425293,1.0,1.0,1.0,False
ADRB1,chai,apo,A,25,4.331729446768346,4.2129506287161735,4.552299418974985,4.079496763462143,4.776565424044779,18.42222207009784,18.24154628862367,18.585554229024215,17.993967821007427,19.08664438779781,,,,,,,,,,,71.0173064543505,70.97421811898808,71.07841976577036,70.86699077027039,71.16825908705084,83.48861408162084,83.34989075700614,83.57761194541511,83.26954507398949,83.73942968483303,1.0,1.0,1.0,False
ADRB1,chai,cognate,A,25,4.302198275300665,4.215285636822255,4.436339256639419,4.029926623733801,4.530339510508696,18.122302006091832,18.054271572123863,18.21045246554846,17.93272054799962,18.34438945368445,,,,,,,,,,,72.30782983157052,72.2567701610547,72.41566711108644,72.13450360691108,72.44455715486906,89.48176085805136,89.41921261512184,89.52871277858685,89.28690855379367,89.58712255120932,1.0,1.0,1.0,False
ADRB1,of3,apo,A,25,9.159036071296397,9.071219284121993,9.40290581324724,8.885635223686469,14.852084203684557,12.571370152851737,12.318045588476645,13.305233182391657,12.076869634779857,13.79597668943089,,,,,,,,,,,67.04482020272624,66.84022326399489,67.13697483422385,66.46587947382021,67.26653152770241,77.76076654500947,77.63381510472401,78.09605687417337,77.37546420892629,78.526827112952,0.4,0.0,0.0,False
ADRB1,of3,cognate,A,25,4.26189743937539,4.1545572794647985,4.323222739050697,3.973059614140606,9.55787496369915,18.112339461318623,17.926006510862436,18.225250314643635,17.718209114924996,18.34202007294968,,,,,,,,,,,68.57468121469113,68.26452203973417,68.96744983217168,67.16431532658393,69.41484911708828,88.42434275058784,88.02547050815983,88.7163424191468,87.14640977087475,89.11299020206016,0.88,1.0,0.88,False
ADRB1,protenix,apo,A,25,10.688088101086487,10.589388658774505,10.901859214124686,10.43182596220687,11.014196648552568,11.850738443811109,11.820476717343476,11.873518120951658,11.726320272591229,11.958972251822317,,,,,,,,,,,71.06842070418658,70.83630921200461,71.32830862529411,70.55102863237836,71.78878224038066,87.14279769330486,87.05001158074383,87.31455739800205,86.88080085453842,87.56912486651312,0.0,0.0,0.0,False
ADRB1,protenix,cognate,A,25,4.146411266991319,4.111573101909346,4.2015364835433715,4.049576460656566,4.2496569206798664,18.06357157583473,18.020933988662883,18.118897568213526,17.94591187574568,18.185404788049002,,,,,,,,,,,66.97849341110562,66.76560572917111,67.19932972335121,66.41614625793522,67.35811642276693,87.3278490912725,87.13152755762076,87.61546777642651,87.04572508033873,87.70150100429474,1.0,1.0,1.0,False
ADRB2,boltz,apo,A,25,11.72781333785203,11.54461717862052,12.11211234895466,11.413161247645714,12.277348331945355,11.758329309731891,11.693239094014968,11.910124696786344,11.546091279400066,11.999524181502931,-6.091247344092235,-6.318205387764602,-5.86236604838661,-6.6108927302238945,-5.655111983573584,2.3767,2.3422,2.4458,2.23558,2.4821400000000002,74.96330760004446,74.09523257793583,75.59407989742104,72.89741629815275,76.1106301203767,90.95029907226562,90.24514999389648,91.38475036621094,88.87014991760253,91.8878800201416,0.0,0.0,0.0,False
ADRB2,boltz,cognate,A,25,4.151448860927956,4.092150456202704,4.226988734406563,4.003980701912295,4.417076425224492,18.23324156532239,17.95781365544815,18.71305026673097,17.81646660253093,19.20909705160875,2.696192955286964,1.6273700313165058,3.330259793225352,1.0689511225572843,3.6480958295058024,1.1893,1.1448,1.2452,1.09586,1.31598,71.47414040738676,70.82514522266158,71.86739458356585,70.50361365533048,72.10373937500592,85.6468002319336,85.33900032043456,86.30779876708985,83.81176033020019,87.4550405883789,1.0,1.0,1.0,False
ADRB2,chai,apo,A,25,4.249814231234113,4.18210114655301,4.418353200005631,3.943332844945054,4.55818976904958,18.57940351572138,18.468694241878605,18.616828113295774,18.236590939600347,18.778113317184943,0.505621718747026,0.3452166471205373,0.8302095189484078,0.08795365187217072,1.2081094376487398,1.0508,1.0154,1.0975,0.9699800000000001,1.196,73.02581886719757,72.98184847135835,73.103005937612,72.93833543534687,73.23181492006195,83.2381198516587,83.13675410471609,83.3351370243111,83.01494107172911,83.62111063939325,1.0,1.0,1.0,False
ADRB2,chai,cognate,A,25,4.210018289746495,4.1006812848598715,4.336191185821955,4.051719566977231,4.421927229821636,18.46060944281093,18.422809910542963,18.575090336254085,18.272159292077596,18.664980492521508,1.1662746716870842,1.0902523502503634,1.2760238672352386,0.9534215300076611,1.4942485823542604,1.1438,1.1269,1.1773,1.0904,1.21272,74.4688998422543,74.41559220178664,74.51627496219277,74.31307804199446,74.5807598805442,88.47987878807696,88.42044758089347,88.55880259096882,88.3533812093721,88.661630241917,1.0,1.0,1.0,False
ADRB2,of3,apo,A,25,9.31284730907438,9.19623750527162,9.612461161748184,9.125063357824034,13.677223019613772,12.51490371860583,12.222424445413974,13.162497403399604,11.98059579160461,14.85297111887276,-6.963052081208378,-7.520756437659989,-6.640690520442872,-7.934513937151761,-4.419652207029475,2.1989,2.1064,2.3277,1.8463,2.4326,68.98157387990034,68.75342845998017,69.18761866269175,68.51052080121708,69.36128178009346,76.5541534677178,76.24820769249447,76.68983612884863,75.8252236744783,76.86059636019972,0.04,0.08,0.04,False
ADRB2,of3,cognate,A,25,4.185790083746647,4.140225001210579,4.25707955630865,3.7686269370170287,4.296739321639298,18.161074877221505,18.076353138919263,18.28173308247948,17.874515985163175,18.31317920889005,2.291455734443886,1.1388126717769005,2.715345905194525,0.9765241273279563,2.937610864715888,1.1751,1.1503,1.2349,1.1233799999999998,1.27416,73.55807384447446,73.21024585019393,74.07241869371829,72.94659468138245,74.37384646770082,87.62716177389908,87.27056155413949,87.8570649955111,86.90957014038725,88.25095445447704,1.0,1.0,1.0,False
ADRB2,protenix,apo,A,25,10.624922954809016,10.505361692886758,10.723954106051298,10.421477699454112,10.876950217663367,11.788970984759676,11.760733529987307,11.820568479976526,11.723095620704473,11.864794098883376,-6.7822446367110985,-6.8439772665777845,-6.709658949832548,-6.939560423045404,-6.644862100877212,2.3809,2.3583,2.3917,2.32742,2.41746,75.10001180115296,74.5482018778506,75.30672916592366,74.39103780782347,75.69288525765468,87.03740869120257,86.89664529957295,87.09392300373203,86.83700213971765,87.17270488283508,0.0,0.0,0.0,False
ADRB2,protenix,cognate,A,25,4.127747047334413,4.090337649910409,4.153989912126773,4.003321789583345,4.199421796232396,18.155169366532725,18.104611310720426,18.194556564955978,17.97013807006329,18.232302544222115,1.1198086756340118,1.0150516404468313,1.2807652943534826,0.9086106254157172,2.082083532674753,1.0877,1.0815,1.0976,1.05268,1.12658,71.01125237843287,70.78014291897269,71.4408030801325,70.72560803128215,71.85100539925408,85.73897736652592,85.67198896607623,85.8289037806716,85.3151337923102,86.17414782172915,1.0,1.0,1.0,False
AGTR1,boltz,apo,A,25,3.819639298598757,3.7476696514234007,4.103738203504214,3.120251426516869,4.608696886020868,18.99057769855883,18.955134744303457,19.13661666139812,18.631076397170247,19.25979264287751,-0.2857292064618182,-0.9647874274798413,0.5943468857186573,-1.647398745184099,0.9535140463687061,0.4478,0.4104,0.517,0.38170000000000004,0.63316,80.48706674177335,79.87906680731388,81.49912247086634,78.00842607545985,82.22673531003649,90.25809936523436,89.55649948120117,90.88715057373048,87.70547966003417,91.57038063049316,1.0,1.0,1.0,False
AGTR1,boltz,cognate,A,25,4.406223495148652,4.3252274036170615,4.571072838678027,4.114226040718751,4.6817145717496835,18.863646999321208,18.80618851633951,18.938599594251947,18.732349829008122,19.149051462882166,0.4570780113042723,0.1501988106392744,0.7590012552613743,-0.30904835216915094,0.880933348174153,0.499,0.4424,0.5282,0.40608,0.7603599999999996,83.06661006534333,81.67579952123106,83.88136202246366,80.3281849810672,84.11050133984068,94.04809951782228,93.58099975585938,94.39269981384275,92.9670504760742,94.44447998046876,1.0,1.0,1.0,False
AGTR1,chai,apo,A,25,4.610604298787742,4.479572524248267,4.731207351194829,4.430125840984989,4.822631089134226,19.155762605545096,19.075927579019584,19.217522785208295,19.00748796562897,19.343588488039355,1.2429238530506233,1.0125089361399553,1.576464346704192,0.7899879762466554,1.6845651113280709,0.5371,0.517,0.5694,0.45614,0.5933200000000001,82.02225029872345,81.92457987128009,82.12271365254479,81.76405573404325,82.2549171318101,90.90212175274308,90.84575122178202,90.9947867032391,90.52832812906792,91.04423442051215,1.0,1.0,1.0,False
AGTR1,chai,cognate,A,25,4.442660801816857,4.40183427675327,4.53247691665385,4.266337540953947,4.803627809632427,18.85549991381825,18.774837282916728,18.899571026877833,18.664484606362794,19.023481087939647,0.8168624264704931,0.7456230949402212,0.967948938378484,0.5851228302110251,1.2392438867730495,0.6988,0.614,0.7556,0.5809,0.8087799999999999,81.73196184161799,81.64956308915629,81.79809291074737,81.56800873097339,81.9400937365957,91.1149921288566,91.05821927954796,91.20074429952392,90.82334208493693,91.3109497460397,1.0,1.0,1.0,False
AGTR1,of3,apo,A,25,10.890311016332118,3.458242902506913,11.066388471082572,3.008062720366786,11.324741512948531,11.791741077169611,11.577659165986605,17.617194549928847,11.506012741785879,18.32964647210471,-2.2628528807080244,-2.4597748468191174,-1.2446087682793046,-3.506394816392034,1.1465392750120604,2.1633,1.3163,2.2413,1.16036,2.2938599999999996,70.42787707631086,69.68143251760648,70.8242241484898,68.70409915141252,70.88654057611589,74.69308889846609,72.8421209778999,74.99209607341761,71.99219781144184,75.53909306088568,0.4,0.4,0.4,False
AGTR1,of3,cognate,A,25,4.936082169026361,4.777638345397368,5.00795502948794,4.588148437006532,5.2275822091648285,18.724538421978945,18.53360199793233,18.825412484905613,18.265900682227848,18.993426091949935,1.861119067371778,1.6713195560549252,2.186447999612252,1.5476129895338828,2.5591995998923283,1.1148,1.0697,1.1348,0.9832399999999999,1.18058,74.53783525785549,74.29477795931635,74.86235710999148,73.85749908670068,75.46855089090633,83.19046789159678,82.82101128957316,83.44237692883864,82.26930044212588,84.22373431054234,1.0,1.0,1.0,False
AGTR1,protenix,apo,A,25,10.77725270787965,10.63185368065974,10.915922561628769,10.493256511461128,10.986452638315587,11.255649016052509,11.198313961202622,11.357670806639767,11.147019989814549,11.438592348341674,-2.7981179934371525,-2.8833080570521616,-2.5883862362748236,-3.190339213317091,-2.3254454939671216,2.2225,2.1984,2.2357,2.18276,2.27072,77.13078194115116,76.89320699642806,77.40526800215285,75.88256009552238,77.81467622112791,84.0455669666816,83.63866580171847,84.10250644327414,81.95946689038874,85.74138893737491,0.0,0.0,0.0,False
AGTR1,protenix,cognate,A,25,3.901924640789027,3.834985785019417,4.009756895453265,3.7737182929964077,4.068635988250983,18.00775454210952,17.970810239703177,18.11204021821635,17.7693270338532,18.21529683667759,1.349743440979264,1.2515807805796904,1.537649755368001,1.1592303027791018,1.7517083753205753,1.0343,0.9979,1.0563,0.95344,1.10376,74.40677276574942,74.18118360933919,74.88948653691031,74.01711244780782,75.3198937630764,84.67674752359268,84.49896381909369,84.76930449186466,84.01833657903381,85.0780482794664,1.0,1.0,1.0,False
APJ,boltz,apo,A,25,17.421960195758682,16.85475246030033,17.633883613625784,10.853395650418392,18.33382573480562,11.787094925154372,11.731517435945786,11.828525268058568,11.615444012231789,12.01269148672501,-4.206748985932892,-7.882620694218392,-2.058688799346315,-8.055199834679085,-1.2610509536774817,2.5437,2.399,2.6394,2.1606199999999998,2.7041999999999997,75.610842112491,74.78808153554013,76.19927897202341,74.07194534301757,76.6709978715997,88.24780025482178,87.61854972839356,89.34254989624023,86.10219974517823,90.6298998260498,0.0,0.0,0.0,False
APJ,boltz,cognate,A,25,17.17724814666482,16.920416569023942,17.400634753562873,16.4698561593483,18.36310134628952,16.667783814451756,16.505344212936002,16.786134684512692,15.982350826893411,17.05793983206361,-0.8492042336730545,-0.9926015099849206,-0.637742893695254,-1.2483036028171002,-0.40227481769735945,1.3686,1.34,1.4312,1.31494,1.5248599999999999,76.70332102524607,76.1708605063589,77.08838937659013,75.72627674805491,77.31378089001305,90.83134994506835,90.36964988708496,91.6212001800537,89.80905967712403,91.9905101776123,0.0,1.0,0.0,False
APJ,chai,apo,A,25,13.078474719935809,10.186279448356007,17.725117827535026,9.69829524936181,18.6316750624194,11.879323928574388,11.802299818255763,12.073637811364064,11.71612690151921,15.751285173762836,-7.836061140508228,-8.300078919014776,-6.66710188253826,-8.800409186735584,-4.447028103972897,2.4158,2.2123,2.5417,1.7061,2.7253,76.98483360512051,76.88323479987733,77.11243442392552,76.36789086370173,77.2093185154811,85.90778078013167,85.43369008175738,86.13731044880754,84.26775520493975,86.33646923726563,0.0,0.08,0.0,False
APJ,chai,cognate,A,25,4.476238264435886,4.377317557591635,4.659683251037562,4.124879260240155,5.092367329386212,18.492272602360153,18.233293120004408,18.605843329448952,17.988618122954655,18.73049282245225,-0.0534720953598757,-0.1796793500064808,0.1338334227742592,-0.4461586857427896,0.36755186003289025,1.4442,1.4214,1.4853,1.40268,1.5490400000000002,76.55356655775645,76.3371821621678,76.64689850241918,76.09019526476432,76.79783843411897,85.52063241801737,85.38514794254715,85.6937230559345,85.0792753160485,85.9079574115968,1.0,1.0,1.0,False
APJ,of3,apo,A,25,8.95557696832404,8.032722783594759,9.259351375039127,7.940239496633617,10.919694263921741,16.742749467034432,14.918991762171954,17.773671103103293,12.57006386414308,17.88432807895727,-3.191599761592112,-5.055636488758987,-1.330276494145604,-6.665892096181733,-1.07274120536699,1.533,1.4369,1.7499,1.28992,2.23458,68.01960662958136,67.85608346945098,68.34635358633317,67.5448785849066,68.49152331595636,72.63570246364131,72.35517574326816,73.08129752664856,72.12720302678807,73.57988072436196,0.64,0.72,0.6,False
APJ,of3,cognate,A,25,4.7126290776630855,4.5583579821322715,4.845880771463325,4.443962186789387,6.163356035709592,17.88376924996546,17.774409522871547,17.996183922582578,17.564632788593897,18.107476055439747,-0.2900939187460274,-0.355347351904232,-0.2015214135313137,-0.6520061026079883,-0.10718836236090748,1.2687,1.2133,1.3077,0.9911000000000001,1.3593,72.00418875768352,71.64851111278,72.18970348227855,70.73479525015516,72.86756116987881,83.4757186914832,83.14960840510082,84.03475080287818,81.23441061334485,84.83137555032376,1.0,1.0,1.0,False
APJ,protenix,apo,A,25,10.41779344615322,10.27761644994106,10.5072506405552,9.971962715267635,10.618499801453215,11.929179745379315,11.842518527432896,12.051887832203528,11.675074898817467,12.27003641634661,-7.51650194505064,-7.703329851312315,-7.371697845465675,-7.844358677687067,-7.193585828493849,2.3668,2.3422,2.4327,2.2840399999999996,2.45884,73.4398534789219,73.31444058045282,73.69534916152985,73.26474480092007,73.88732138789707,82.60551699431943,82.41125339508056,82.74536864681161,82.38477194720016,82.86104978028004,0.0,0.0,0.0,False
APJ,protenix,cognate,A,25,4.493771745401857,4.455044525044082,4.537273248394119,4.3861736297041185,4.625263190578568,17.672374416953772,17.610624664391484,17.780508026551885,17.446817697050136,17.88070965998553,-0.7328611266075686,-0.8259569973425247,-0.6221746125306087,-0.8659519000505757,-0.3847636466902495,0.914,0.8839,0.9473,0.85258,1.1762,70.91650343448524,70.51204899042064,71.11425527905733,70.45743911570975,71.37821719992354,84.09918751823953,83.68484776084041,84.40408952139157,83.59220069457547,84.46637695906998,1.0,1.0,1.0,False
B1B1U5,boltz,apo,A,20,9.145568526943709,8.916755162234317,9.585912094617342,8.670067462641772,10.708483686452404,10.974862533412102,10.878872715090976,11.068591376270437,10.798870186219828,11.16869281872003,-6.737134150644868,-6.88206846764594,-6.644398918190886,-7.093640407003086,-6.533302262314468,3.10245,2.999075,3.21035,2.88213,3.302865,85.7217849198208,85.459249360587,85.95434276775647,85.01401198192309,86.03171554688484,91.92842502593993,91.8493872642517,92.08048763275147,91.61795896530151,92.32596015930176,0.4,0.0,0.0,False
B1B1U5,boltz,cognate,A,25,4.385072971627723,4.213986071998815,7.168443999565039,4.1285954040977035,8.917056890545789,17.107551814651913,16.86035687920336,17.209735500977345,16.41639400562625,17.368436608327432,1.283031586963979,0.8490403823788775,1.505241462277496,0.6149333416733989,2.380273178033749,1.681,1.6394,1.7394,1.51044,1.9156999999999997,85.80284676500546,85.31222299350205,86.1344730828398,84.70719307725147,86.28862378930533,91.402099609375,90.4824996948242,92.1903995513916,90.18888977050781,92.61321022033692,0.96,1.0,0.96,False
B1B1U5,chai,apo,A,25,10.200814575317011,10.048528797789256,10.274469864669417,9.90333518024485,10.37648074354092,10.879858179222742,10.828395125779258,10.92706387827947,10.744621961698803,10.990944559812979,-6.723191152852843,-6.787157358497832,-6.664329174330135,-6.808795420583017,-6.588575114660599,2.9218,2.8825,2.9432,2.84894,2.9697,87.92297677103085,87.90017561782912,87.96336775832935,87.8408773116002,88.07137319465573,94.20333170179336,94.17110419635304,94.23678374301475,94.13611703588643,94.28579321014107,0.0,0.0,0.0,False
B1B1U5,chai,cognate,A,25,9.615058814172691,9.158636798126674,9.915751408743564,8.32527555045685,10.370841251914195,11.066460680813895,10.96056025027918,11.396170497145082,10.771827997832258,12.605793211506509,-4.2177556814216555,-6.461362105768151,-3.698663786412988,-6.715587277645691,-2.1965783572649515,2.1803,2.0572,2.8869,1.9985,3.2198199999999995,83.50854563608753,83.34364755813877,83.79539328138998,83.17566978225705,84.1755170483336,88.87960860063158,88.4441911475483,89.80611461995828,88.13409977916893,90.03744656201289,0.24,0.0,0.0,False
B1B1U5,of3,apo,A,25,8.701455860771972,8.273528002709764,9.136295703397032,7.785433188856823,10.023542169277798,11.139220620347947,11.0265740610459,11.239509804787234,10.86890344319881,14.562356466894204,-6.6779921857486775,-6.8245860480243525,-6.429064185291722,-6.889368183780261,-3.5696514451773145,2.875,2.7685,2.9331,1.5424,2.9794799999999997,78.13994264405598,77.66308520759785,78.4614283807879,77.47952730350981,78.54371825843197,80.66324763473493,80.13441439268048,80.96521505880149,78.51206907115319,81.200403768161,0.68,0.04,0.04,False
B1B1U5,of3,cognate,A,25,4.310869240158301,4.1729346130894385,4.431500594970344,4.0776394023661435,4.549582599625594,17.91189107188633,17.847758733957626,17.997107633272773,17.694033734804968,18.08411960391383,1.3133959949745062,1.1668658015854696,1.3821252218501812,0.9970523821096839,1.5251996847956366,1.8489,1.8156,1.8922,1.7579,1.9241799999999998,81.23728681655442,81.04819043717592,81.42696715057008,80.49698448920465,81.70093510560847,87.80077066712565,87.41886364441415,88.03087124487368,86.73040766034532,88.5003460762057,1.0,1.0,1.0,False
B1B1U5,protenix,apo,A,25,9.08916708979413,8.839738589891118,9.475537896859391,8.713633296491674,9.838355531118076,11.20240436289242,11.163534709145194,11.250867977729458,11.1155286291908,11.323528555678708,-6.516107406897613,-6.571153791174356,-6.471141167055562,-6.619055978909191,-6.413727485863217,2.9808,2.9573,3.0056,2.90986,3.0324999999999998,83.13014359259472,82.90961811741387,83.18947948671837,82.86656582813359,83.54565141144109,87.80957669196191,87.63155785825516,87.99357887263936,87.24680341995813,88.0363028232112,0.48,0.0,0.0,False
B1B1U5,protenix,cognate,A,25,4.505680977208577,4.475672979513892,4.556421818173036,4.419144840876774,4.652291375501971,18.008901760265058,17.942647036036977,18.126832498085825,17.900614944301495,18.2030951597297,1.1008712628757331,0.9811047078384156,1.2579774551823633,0.8488971022552072,1.3048612782223479,1.8472,1.8159,1.8692,1.79314,1.92258,78.1674649813334,77.8214833279041,79.17348965717198,77.79373878996448,79.5681611139395,86.41953828694673,86.20463839755259,87.02628876836785,85.93028450958863,87.40687882317712,1.0,1.0,1.0,False
CCKAR,boltz,apo,A,25,10.137894541318724,10.089898044450203,10.266690740516148,9.965401232544613,10.316030511310164,12.05837441549648,11.99217253428669,12.133219084768887,11.922463555103981,12.193820752358342,,,,,,,,,,,75.56085738066201,74.96554922834736,76.01535058244366,73.50625088771928,76.50536915253255,91.71720008850096,91.32080039978028,92.05555038452148,90.5299503326416,92.3371502685547,0.0,0.0,0.0,False
CCKAR,boltz,cognate,A,25,3.8390965168122566,3.774613063109913,3.8902278930803025,3.6878835916659907,3.980506941741475,17.094681815374628,17.06212009465705,17.148254636635762,16.93762521263042,17.258353837318847,,,,,,,,,,,73.71660051167568,73.1171471782934,74.38162609349901,71.80228741904286,75.0943626546414,90.87905006408693,89.95330047607422,91.2688995361328,89.14584083557129,91.78323059082032,1.0,1.0,1.0,False
CCKAR,chai,apo,A,25,3.710610192407713,3.619779275038742,3.8253101835014633,3.500227714728192,4.047376444156087,16.82549580250163,16.737450164227525,17.09451517300213,16.66780949500209,17.173020649624743,,,,,,,,,,,71.24638043099348,71.14122348246984,71.50946472524123,70.89873083898372,71.65382211988448,83.14145170067982,82.93116882840276,83.37052071334651,82.47745183491948,83.60479945147296,1.0,1.0,1.0,False
CCKAR,chai,cognate,A,25,3.956832912012333,3.848818260193641,4.044441865078543,3.6968851647667513,4.103404512236183,17.183596393072087,17.092544398070167,17.335247041793206,16.949667380241014,17.404671929544623,,,,,,,,,,,69.46130352621286,69.32434828618045,69.5198567336222,69.2305561525456,69.60540653594676,83.73981812858304,83.67654805950616,83.89748907220655,83.46042842010812,83.99579971722056,1.0,1.0,1.0,False
CCKAR,of3,apo,A,25,9.722966818685746,8.67190518106303,9.897874632193378,6.157824957730718,10.172295428965954,12.32601169297142,12.222726247449474,12.72331702429025,12.124458163030464,16.997582093159895,,,,,,,,,,,65.06303362767487,64.89968937555699,65.2893885952499,64.5764316861729,65.40590837272815,74.54701263659618,74.00404473059105,74.92614963942964,73.51301173974598,75.03697005473516,0.28,0.24,0.24,False
CCKAR,of3,cognate,A,25,3.882600434869053,3.767848089646413,3.987368666644099,3.7104769306099383,4.162665368795038,17.27517400086034,17.22767848537578,17.389994156648335,17.04436387050976,17.511556646100267,,,,,,,,,,,70.28936772251596,69.50139465056736,70.86868971603091,68.92994568626878,71.82527836742666,86.93510608532729,86.54414051874718,87.16660548896846,85.53857527697895,87.35827804669742,0.96,1.0,0.96,False
CCKAR,protenix,apo,A,25,10.16185367053845,10.12392252370486,10.232825820434313,10.085858941730145,10.308428410157882,12.157785689915794,12.129324314680677,12.231126852899871,12.101155384461924,12.29047182547313,,,,,,,,,,,73.84127749642577,73.4444052490723,74.10732797490577,72.86793874042586,74.44229470863135,88.60882640731283,88.51453660923684,88.75634512665985,87.50255527204044,88.8052824063597,0.0,0.0,0.0,False
CCKAR,protenix,cognate,A,25,3.7110015668453977,3.6570096990099255,3.7509228028342783,3.518682850329489,3.8090464671583586,17.067420130520535,17.02451679802684,17.146602638575786,16.976956780492305,17.22758313720845,,,,,,,,,,,68.09139926634455,67.93202778227554,68.38686983188042,67.79685533386471,69.23702506754297,85.76477952388802,85.21501285253666,85.81576529643924,85.20515635880969,86.65722522149493,1.0,1.0,1.0,False
CCR5,boltz,apo,A,25,10.240023900660583,9.001067487681668,11.20844752033483,7.719469397699985,11.787175489299466,16.82267713698982,12.376418251469204,17.496377266362884,11.744316958968305,17.842520091901534,-1.971845885436997,-7.139888658973208,-1.5251229600703606,-7.638283213249603,-1.105943896873837,1.8722,1.7996,2.49,1.73146,2.70404,82.39044312997298,82.16767049377614,82.8045226985758,81.6554005839608,83.71063296144659,90.95604972839357,90.35355033874512,91.32970008850096,90.21861976623534,92.5684700012207,0.28,0.68,0.28,False
CCR5,boltz,cognate,A,25,5.060193136086806,4.958634122820518,5.158509114647369,4.879321099414352,5.2121328698855605,17.895812179286526,17.81162530774213,18.059147050577995,17.71472906778096,18.239951270481022,-0.8587955141551706,-0.9881725307488676,-0.6577244105275017,-1.1776773926121904,-0.4637355624289777,1.5984,1.5632,1.6173,1.54942,1.65216,83.4498806108128,83.17643465779044,83.77604253725572,81.99209832928398,84.1306658484719,93.7968505859375,93.47605018615722,94.28499984741212,92.60049972534182,94.52914016723632,1.0,1.0,1.0,False
CCR5,chai,apo,A,25,12.027188449508888,11.784609666849388,12.12122877434462,11.731067035980162,12.259625627454096,11.833573805068358,11.785699342847671,11.910521063328842,11.65972399426603,12.077997155100608,-6.0289263711280565,-6.462901383258014,-5.715766862406925,-6.842695277257526,-4.717706892064299,2.5883,2.5696,2.6232,2.4626799999999998,2.63496,81.02489288125051,80.92192781660229,81.12428610720347,80.70570462134478,81.28501981711749,87.39815768803354,87.27386870776421,87.53034572291683,87.02201068473585,87.62844412919247,0.0,0.0,0.0,False
CCR5,chai,cognate,A,25,11.73555341686109,11.579507070683103,11.841270962189828,11.458526198109023,11.888531796776174,12.070199708372684,12.006683597063764,12.203791296150554,11.950231899621908,12.350170726678787,-4.132598210399477,-5.28096401964646,-3.5868613165012384,-5.6315395597142714,-3.3476907051585068,2.3678,2.3183,2.4258,2.29702,2.50032,79.3999856387251,79.26432007862958,79.52311383851901,79.14069023811449,79.60248404550181,86.2477122156135,86.1335889419952,86.35268273993488,86.05241553963006,86.48433133154204,0.0,0.0,0.0,False
CCR5,of3,apo,A,25,8.892931826016802,7.909122514739797,9.506605899454346,6.798731978193,10.036684848358034,18.293054985550057,18.1190756206646,18.392530843503632,17.95407051310413,18.55666337970327,-1.398709378186192,-1.5711194680572935,-1.3035322413922437,-1.7844596581267447,-1.2038194852096404,1.7134,1.6898,1.736,1.65064,1.75624,70.24013004905007,69.82730855496712,70.43886586555726,69.65132657997988,70.89890374993662,74.94815830069703,74.51307536719682,75.18573204882735,74.10252149662414,75.84041353603462,0.56,1.0,0.56,False
CCR5,of3,cognate,A,25,4.952095086850397,4.881499000733278,4.994196370883632,4.807003102550659,5.081807611269138,17.89802890266781,17.82869302236692,17.961443340251112,17.765579043432993,18.053939369208578,-1.6270193060477975,-1.6872758346361056,-1.484987398018502,-1.7584217185962558,-1.3944886695222136,1.5649,1.5544,1.5774,1.53746,1.5884,77.89856684338612,77.58124835098137,78.212312053264,77.47664056993943,78.71044741731275,88.66183579060939,88.48222793005246,89.02870817989499,88.34322154102902,89.26165932320929,1.0,1.0,1.0,False
CCR5,protenix,apo,A,25,11.47159245053978,11.415204111416976,11.512571354705972,11.37005926860332,11.595119333745874,11.870833995339254,11.812049584300857,11.922182865945892,11.758114038745557,12.006162800955241,-7.034456067972865,-7.164494720006525,-6.935220192189359,-7.268673287248784,-6.824654548674901,2.6279,2.6076,2.6502,2.58872,2.66426,78.94721212177183,78.78857788352826,79.25687459781072,78.67156166867393,79.7724304114045,87.44814664357669,87.11128012483769,87.64008757913267,86.94982453787999,87.74724547340756,0.0,0.0,0.0,False
CCR5,protenix,cognate,A,25,4.828755637121638,4.79495044431764,4.866833631546696,4.765194748021517,4.9079977925103195,17.87183001464648,17.84097801571202,17.93079848342023,17.791896806054826,17.982749678308164,-1.484851445982656,-1.5432311715243952,-1.4535706468942156,-1.664869816437291,-1.3668040213178032,1.5486,1.5396,1.5575,1.5288199999999998,1.56912,76.72576415069996,76.51554303006692,76.93852401971583,76.40906969184776,77.07001610211327,87.6195932553444,87.51508532747044,87.6528639254632,87.46076767739795,88.01022145779103,1.0,1.0,1.0,False
CNR1,boltz,apo,A,25,5.2389081750494535,3.6058230620761194,6.652865204789588,3.3675929992950677,9.732157487299933,14.72161527257454,12.84706742682158,16.830246897755245,11.124994642879669,17.167120594506507,-2.195875716570413,-5.359526940962411,-0.9507856709133672,-7.37091868561694,0.06246082019848848,1.3218,1.0967,1.9929,0.98504,2.20646,65.58567372014967,64.89512076620328,66.72467373185239,63.22537291009547,67.81174150887182,83.28819999694824,82.77850074768067,84.22765045166015,80.37735046386719,85.19621963500977,0.88,0.48,0.48,False
CNR1,boltz,cognate,A,25,4.059392311923054,3.90991341684186,4.165876987766199,3.8017960826760318,4.791849922316201,17.102301375548848,17.04400151271115,17.19594274639515,16.9514239527762,17.31560546103912,0.0706124186417582,0.0038158677428601,0.1614161624634142,-0.2237075674455219,0.30892777708417957,1.1153,1.0745,1.1783,0.97726,1.5411799999999989,68.40923939721058,67.84197883686777,69.02812496282287,65.11733938799067,69.4504739502729,87.77130088806152,87.40175018310546,88.12834968566895,85.82509002685546,88.91691993713378,1.0,1.0,1.0,False
CNR1,chai,apo,A,25,3.6411812643701222,3.5398805064578105,3.7314034893053303,3.4142772507588965,3.9654026751719567,17.12776862291174,16.93884759952695,17.22513642906784,16.72161021511546,17.464252069751417,0.0792450491166683,-0.0444700721304744,0.4496038547028096,-0.38837251310851206,0.6468892169947703,1.1485,1.126,1.1684,1.10152,1.5205199999999996,68.13369469260581,68.04017109407407,68.22762528908989,67.50204442861032,68.27388448694224,84.24805374942301,83.9435136346693,84.46848319613055,83.43403629051969,84.8165860084063,1.0,1.0,1.0,False
CNR1,chai,cognate,A,25,3.690938363072459,3.554776223618022,3.792366807153548,3.343944930398127,4.180231854829676,17.194341423852208,17.004861128512637,17.32170300518976,16.819315558457316,17.483210506989202,-0.303156684754299,-0.5012434355201076,-0.2222883987839594,-0.6152702194477804,0.008266970686689253,1.1656,1.1421,1.1994,1.133,1.3318199999999998,70.50755513668261,70.40831837094613,70.61519562192447,70.15429138633336,70.71299750877239,87.62285332815988,87.4107715835819,87.81480723921871,87.13510493332998,88.12046815428795,1.0,1.0,1.0,False
CNR1,of3,apo,A,25,5.124480667610463,4.707800888881061,6.703033426124071,4.4269914836611335,7.559333593332927,14.57221811443154,12.174096485808253,14.97678150047085,11.298327333567963,15.349241739422567,-4.4985214906066435,-6.624459917456858,-4.064926448195251,-7.170106015158523,-2.971786084541608,1.5227,1.4359,1.8894,1.3809200000000001,2.1184,64.27411588448116,63.999446653483574,64.60433997344612,63.50073483338017,64.84879240163914,74.98849562750235,74.61495304720744,75.37117818718863,73.95391950585005,75.66794515382675,1.0,0.36,0.36,False
CNR1,of3,cognate,A,25,3.802038649186672,3.6739972958886566,4.707647757003263,3.490350505171836,5.350592335481556,17.20053435123556,16.989978807701345,17.27330493782667,16.819105543305355,17.383727377932203,-0.0100750006522041,-0.1417658015505729,0.2132862620697579,-0.41659471174193313,0.4706676668112025,1.1563,1.1374,1.2073,1.12128,1.244,68.69026651749999,68.34371707006954,69.13656730837855,66.99264978582363,69.48901956429584,86.73579841776844,85.69361480337201,87.2068733841413,84.73536698057744,87.88718601828735,1.0,1.0,1.0,False
CNR1,protenix,apo,A,25,3.655909309063316,3.436193082493807,5.279658887241672,3.3703365648321584,7.579165333346826,16.714465026705593,12.210301156911289,16.844108475295638,11.93479214823563,16.937787547522426,-0.714749554201962,-6.086940653305842,-0.3184441082420335,-6.671927450699807,-0.04617516769292926,1.1978,1.1646,1.7767,1.12682,1.90626,67.8720589589903,67.56295323130215,68.30652880349909,67.12929578017727,68.9041995338085,82.4105818287738,82.14492053830777,82.56156061894966,81.75362224292755,82.70612928679496,1.0,0.64,0.64,False
CNR1,protenix,cognate,A,25,3.606542578303322,3.516685231761047,3.6917873488232984,3.35899241135547,4.017055062013467,17.09391711447046,17.046538993393828,17.14240179909953,16.84858825222141,17.23460060432332,-0.0531572928395966,-0.1243364573114949,0.0161311761737916,-0.271055993761395,0.20439609267002862,1.1421,1.1324,1.1565,1.11012,1.1822,65.30434042228191,65.13864174399532,65.77311324427951,64.87961330820855,65.99989675468798,86.12567646105052,85.9662671672111,86.27968386844124,85.84359818342135,87.06709004478124,1.0,1.0,1.0,False
CNR2,boltz,apo,A,25,10.68446893146777,4.69655775248213,11.179920742067004,3.44896083345124,12.164214553357853,13.450755759361629,13.304154414369972,13.827522488323783,13.042069647478973,14.438124993544081,-4.926403111397274,-5.094579359670444,-4.71172492264702,-5.2616350875100855,-3.840454685925468,1.4917,1.4503,1.5504,1.42684,1.5893199999999998,83.97607219484118,83.71230833265517,84.27908331553141,83.41309761683146,84.64749617682563,92.2529510498047,91.85130043029784,92.53019981384276,91.40181968688964,92.89686027526857,0.36,0.04,0.04,False
CNR2,boltz,cognate,A,25,4.51395844670728,4.267505831302403,4.819640883489143,4.043013551918507,5.317453541315569,15.922818721127864,15.68247752741256,16.151488554167386,15.400330670699434,16.30707558367069,-0.8630685151528912,-1.1780191323384006,-0.7780427928649836,-1.4464495492499547,-0.2914348708080175,0.8529,0.8378,0.8729,0.77724,1.1163999999999998,82.04871951209174,81.78020007345411,82.2919138431549,81.20408846961128,82.60241278118558,92.80774993896485,92.5146499633789,93.06049957275393,90.81242065429686,93.14475036621093,1.0,1.0,1.0,False
CNR2,chai,apo,A,25,2.756320373251267,2.54460134402228,2.989687609098984,2.444212945631791,3.207211916285798,15.876353359635203,15.759666303573816,15.971053471828338,15.638862956893767,16.283205588691796,-1.6226548571276052,-1.9428799560827503,-0.6781305643450946,-2.238369784052466,0.34715921513820736,1.1335,0.9354,1.1823,0.89608,1.2490599999999998,78.79662918190743,78.75591362686326,78.82547062497137,78.6527942312234,78.85968520178469,85.90354099368636,85.87743966362693,85.94100818708344,85.65545990791156,86.00051945247071,1.0,1.0,1.0,False
CNR2,chai,cognate,A,25,3.833345014474956,3.717449797912542,3.9191869054690422,3.6102254825331794,4.149111133214605,17.088779066978425,16.939911924210232,17.130640676869035,16.7959787334621,17.22333875502627,-0.0291975678640419,-0.2135014474929217,0.0924186492161229,-0.45250832291404985,0.3864337174577123,0.7789,0.763,0.7967,0.74422,0.8213999999999999,80.07784071490343,79.94996902209245,80.21149327804478,79.80556849319414,80.29303229688391,89.61662382724481,89.47654642266112,89.67509547014774,89.40806219586459,89.727133601168,1.0,1.0,1.0,False
CNR2,of3,apo,A,25,3.823898226714028,3.406017246425278,3.9378855936013273,2.7655192583820276,12.01727097127836,14.425779298020792,14.21781617138433,14.601735659725072,13.586234191709051,14.814311869847979,-4.162485726146532,-4.409329341503538,-3.819620820064472,-4.813257285275797,-3.465666270310454,1.4117,1.3293,1.4691,1.26724,1.52978,73.6643920398653,73.56652869435902,73.86897813370122,73.28790784877333,74.159262878238,79.57558373092056,79.4471601904419,79.85435318521607,79.15529392953354,80.10316028536346,0.88,0.0,0.0,False
CNR2,of3,cognate,A,25,3.8357361992307104,3.636066622887773,4.0578244793434886,3.159724993020711,4.90311599660319,16.167094838628906,15.462296335041914,16.546837637320667,14.493885832911666,16.596715418030964,-0.7366442972225329,-1.264745349718556,-0.5911244707661769,-4.1572402346938935,-0.46517133171231395,0.826,0.7849,0.9519,0.7733800000000001,1.34174,78.00507607154248,77.0798450497251,78.20813258775365,76.87979777559286,78.68041477658734,88.62683505813797,87.83446415467695,89.82401769406869,87.01927018066505,90.34757321081122,1.0,0.8,0.8,False
CNR2,protenix,apo,A,25,4.222862762551126,3.8258719094416778,5.069221626415441,3.2584038642418953,11.848785031181606,13.69690103911168,12.926900196134826,14.084703957301455,12.190488860497762,14.50984990903578,-4.7813252329707865,-5.474923598529497,-4.270826558503789,-6.120672101833184,-4.122274620961406,1.5606,1.526,1.6588,1.4392800000000001,1.8013000000000001,78.37584590041791,78.29296924879522,78.67046679275931,78.00883945064062,79.10403355795408,84.76896417083162,84.19627078260694,84.83212356499263,84.12513302118954,85.19556630170914,0.88,0.04,0.04,False
CNR2,protenix,cognate,A,25,3.8060154748042274,3.7052138795996656,3.854233630263189,3.559921540933203,3.9283780799921404,16.538737682958832,16.47264289365589,16.60976441081804,16.410825770608337,16.667147855387803,-0.4920687646294457,-0.5584143904206762,-0.3923997574819609,-0.6755758720857383,-0.26080509307336935,0.7795,0.7646,0.7966,0.75764,0.8213999999999999,77.30722585222459,76.97271901584787,77.41624892871445,76.63126295766021,77.72606364860825,88.2402407474848,88.15289707332462,88.41815567198253,87.79762346514582,88.45897720455814,1.0,1.0,1.0,False
CRHR1,boltz,apo,B,25,,,,,,12.06339901819135,11.939877452005108,12.279925647470344,11.778704210193531,12.752316705554454,-9.569675981808652,-9.693197547994894,-9.35314935252966,-9.854370789806474,-8.880758294445549,4.1415,4.0832,4.1903,3.98628,4.21674,83.13889645496047,82.81984097584184,83.75873488460678,80.96148435845433,83.96371187508825,86.6571582994963,86.27115791722348,86.99784288908306,84.8798110961914,87.6360530652498,0.0,0.0,0.0,False
CRHR1,boltz,cognate,B,20,,,,,,22.206345588213914,22.097157468954823,22.439792552189527,21.89344630261254,22.539527528020926,0.573270588213914,0.464082468954821,0.8067175521895251,0.2603713026125367,0.906452528020925,0.7867,0.745475,0.8340500000000001,0.708615,0.9052250000000001,83.07178544653468,82.71695658212684,83.67708851228277,82.4213765114474,84.99196266220277,90.90021073190789,90.51415844967491,91.7048155132093,89.33447958293713,92.09917907714843,0.0,1.0,0.0,False
CRHR1,chai,apo,B,25,,,,,,21.41007786067113,21.288132233711817,21.62304770378126,21.155163083690834,21.838764311323846,-0.2229971393288714,-0.3449427662881845,-0.0100272962187411,-0.47791191630916924,0.205689311323845,0.6182,0.5837,0.6654,0.54394,0.7089399999999999,84.64307500954332,84.58157931058707,84.69883065456132,84.05551599473753,84.74895803142921,89.211894469016,89.09229895523,89.24748048228265,88.89315054535622,89.36781095798679,0.0,1.0,0.0,False
CRHR1,chai,cognate,B,25,,,,,,21.947062901445378,21.8529862947836,22.119070097994623,21.696665627839977,22.261314455697793,0.3139879014453761,0.2199112947835999,0.4859950979946248,0.06359062783997585,0.6282394556977918,0.5832,0.5499,0.6571,0.49163999999999997,0.72302,82.01731761680935,81.88254924502834,82.25455581562358,81.72585818792392,82.35712768844174,88.72718352032946,88.65924829515046,88.80395121966606,88.53099502301284,88.96024152535118,0.0,1.0,0.0,False
CRHR1,of3,apo,B,25,,,,,,18.47588376812816,18.179627554450335,18.6577984315556,17.667018585016113,19.01543916869865,-3.157191231871842,-3.4534474455496635,-2.9752765684444036,-3.966056414983888,-2.617635831301357,2.3272,2.2661,2.372,2.19308,2.4668,70.10629420120739,70.02263488710605,70.3706622909535,69.8442994331219,70.50121475929006,73.63358276991816,73.17812680423853,73.73597192796875,73.0726076198267,73.95964555126304,0.0,1.0,0.0,False
CRHR1,of3,cognate,B,25,,,,,,22.54802200310906,22.36916543845566,22.69200473388582,22.246926681560197,22.85897472510891,0.9149470031090594,0.7360904384556584,1.0589297338858188,0.6138516815601947,1.2258997251089112,1.0421,0.9871,1.6826,0.8200799999999999,1.77782,76.44980069306284,76.33853235210546,77.0353851117179,75.48314284522692,78.17208468174017,84.83386169226301,84.1679532572721,86.1710256355919,83.07396066269463,87.14561581820011,0.0,1.0,0.0,False
CRHR1,protenix,apo,B,25,,,,,,12.504227014464597,12.312698168061088,12.607301065844386,12.114736992200994,13.093371595250101,-9.128847985535405,-9.320376831938914,-9.025773934155616,-9.518338007799008,-8.5397034047499,3.9401,3.9002,3.9998,3.788,4.0571,74.92572992261576,74.76925336740841,75.23975327080854,74.41709565862833,75.66731953934146,79.61187601279242,79.40147494202171,79.73144338919523,79.29814221801867,80.20387331633829,0.0,0.0,0.0,False
CRHR1,protenix,cognate,B,25,,,,,,21.954565707420475,21.822666133078755,22.02599017739144,21.70315126848584,22.129658458548345,0.3214907074204731,0.1895911330787534,0.392915177391437,0.0700762684858396,0.4965834585483434,0.9615,0.9211,1.0275,0.8561599999999999,1.07324,74.6355642181077,74.3775126291998,74.71119592635256,74.24967039739872,74.79613840440983,84.16003922007391,84.10381664140827,84.59933690731444,83.9744947490763,84.65514624874857,0.0,1.0,0.0,False
CXCR2,boltz,apo,A,25,10.668007786625394,10.60048645421992,10.811568792682218,10.44755927563836,13.07349969194965,11.9640952811903,11.9139226848465,12.066356820353857,11.650719291857584,12.15584596330486,-5.136045890959769,-5.369544260446347,-4.982271594594984,-5.551029238863341,-4.422328300977556,2.1473,2.1117,2.2281,2.07842,2.322,78.40345555941263,77.74410552978516,78.71653596030342,76.86466068797641,79.36505563312107,90.53369979858398,90.05609970092773,90.83675003051758,88.30391036987305,91.36443061828612,0.0,0.0,0.0,False
CXCR2,boltz,cognate,A,25,4.7890885644974235,4.715876457764772,4.859334301578767,4.584474955362928,5.327552603365135,17.449128037022366,17.243851477741273,17.59603588730428,17.16197043623037,17.660118090756278,-0.7534932872864193,-0.7715478628667913,-0.6549371619806923,-0.940520563797082,-0.38087013539646575,1.0802,1.0491,1.1393,0.9733999999999999,1.2377399999999998,77.56967221366034,76.96409433152941,78.9532361878289,76.21355015118917,79.86796841939291,91.31035079956057,90.79409942626953,92.83794975280762,90.04653038024902,93.33372993469239,1.0,1.0,1.0,False
CXCR2,chai,apo,A,25,10.303733401054204,10.193505285229412,10.424069742667688,10.10891651603099,10.614473523646264,12.380807566552352,12.279882328426442,12.5173371369473,12.193716417147733,12.701759416786933,-4.553782694347017,-4.780194853895431,-4.376724611206262,-4.954602800378875,-4.17854996776732,2.0634,1.9966,2.0995,1.92378,2.2032,74.60154841658166,74.44394745392182,74.70479352153683,74.17634579169447,74.87132520901226,83.55766860005488,83.48126463222641,83.61030664353143,83.26748367990767,84.09267676857678,0.0,0.0,0.0,False
CXCR2,chai,cognate,A,25,4.630410888895284,4.550455032191835,4.701757756414084,4.334396052441893,4.755176094704421,17.809329521349195,17.702875387913682,17.866253944238004,17.58843388658416,17.993819159097935,-0.392367810542277,-0.5820283291610409,-0.3072914301608875,-0.7245509559728169,-0.17493740210178405,1.1513,1.1157,1.1783,1.0749600000000001,1.2066,77.62132959387749,77.5721331742199,77.65007246863638,77.43580376560595,77.71656909597063,89.42551910864154,89.38408035270064,89.46407527096515,89.32501168448378,89.50485958709001,1.0,1.0,1.0,False
CXCR2,of3,apo,A,25,9.937608028436404,9.766978228062046,10.09556380836277,9.500416331163462,10.300363903075102,12.145448525650282,12.028964175791469,12.328398133750902,11.885321044313528,12.382567903993001,-3.6845912324891454,-4.150177388747251,-3.258605553733604,-4.7546988181859815,-1.7790532259412635,2.0407,2.0036,2.091,1.9048,2.19998,69.04303037588386,68.89286546476953,69.20279970653971,68.60728817920209,69.30278709088753,74.43848677097805,74.24920111602519,74.58729703161453,73.9615990105047,74.74630356707442,0.04,0.04,0.04,False
CXCR2,of3,cognate,A,25,4.501847750769131,4.423393661254961,4.6647355938133925,4.334011567630153,7.522584001361395,17.77361866852822,17.67770787584498,17.892451490166568,17.66254665477927,18.191967287699065,-1.0810445628604448,-1.1621000989717398,-0.8720922315036646,-1.29192634298458,-0.6506662878886054,1.1949,1.1285,1.2518,1.00364,1.3478599999999998,75.3518811504392,74.93689442516234,75.7674692890664,73.39075902882477,75.97127911754953,89.10964017170335,88.17646781701202,89.2983885189706,85.5264434362139,89.66672368207327,0.96,1.0,0.96,False
CXCR2,protenix,apo,A,25,9.768667633557175,9.658403446904256,9.845591726113396,9.52847605905977,10.178737639991478,12.242731868307311,12.164467633730824,12.307144719101371,12.091804520511237,12.432767673530623,-4.173770750150455,-4.371828071811574,-1.1435977562324648,-4.599242624216426,-0.7198314598875574,2.1237,2.0878,2.1473,2.02308,2.23616,73.63444633202197,73.5073372190171,73.71375945151416,72.71332600057303,73.83406835181052,81.684717727657,81.63747190225692,81.76807256049065,81.6063628955128,81.82584032573948,0.0,0.0,0.0,False
CXCR2,protenix,cognate,A,25,4.20483703159537,4.1408967511411445,4.229628553657301,4.076824829292929,4.335708188558826,17.423593636528853,17.38538731383561,17.584900494041793,17.335499079792683,17.665542719356747,-0.9423306326359172,-1.0396966711918978,-0.8571181970999309,-1.1553965110167415,-0.8131470496448543,0.983,0.886,1.0492,0.84526,1.18902,72.92543075827962,72.4808796097337,73.32086262935626,71.79268021024735,73.48364387174526,86.56436191234066,86.22788060989215,86.5782823526154,85.71567995151503,87.80445173732267,1.0,1.0,1.0,False
CXCR4,boltz,apo,A,25,14.06389545143521,13.737669400032887,20.284352938306903,12.87909781343567,21.112601602472814,12.784925024930727,12.594645472699897,12.93780613861562,12.37005331419097,13.21725378239804,-4.996410724300478,-5.194139459024184,-4.726240619682034,-5.364213843579778,-4.431904853841062,2.0389,1.9237,2.2877,1.86766,2.3972599999999997,76.60636643929915,75.95115046067671,77.21476145224138,74.93604823784395,77.9448784459721,85.21939945220947,84.79854946136474,86.04065055847168,83.05071926116943,87.18542968749999,0.0,0.0,0.0,False
CXCR4,boltz,cognate,A,25,12.139567162881056,11.834335632096126,12.526074317299097,11.510902798074742,17.734162591173884,17.952831892278166,17.770460099586618,18.12581097116485,17.6235474840944,18.390379139257448,-0.1526639519654793,-0.2085617625797589,-0.0537311282800541,-0.39370938512415093,0.23757622758367414,1.2055,1.1857,1.2447,1.07888,1.4205599999999998,77.75476990504698,77.1608949357813,78.20072144811803,75.23596412051808,79.46049436981028,90.69555053710936,90.27205085754396,90.9208999633789,87.8029995727539,91.49079055786132,0.0,1.0,0.0,False
CXCR4,chai,apo,A,25,12.768053649636656,12.526466820296935,13.05512968147004,12.206301705532082,13.27326631506577,12.394375216201905,12.301500640165816,12.535408449667685,12.202739371340986,12.846371973537236,-4.08020572626282,-4.316982654410072,-3.884049669274305,-4.537512763224829,-3.7388216513328345,1.9276,1.9109,1.9905,1.8504800000000001,2.09268,74.70276600389433,74.67804236680789,74.80213443059223,74.56536345779696,74.8730827867591,81.50021115140655,81.4016303654873,81.54213694838047,81.34300067718583,81.61934600773657,0.0,0.0,0.0,False
CXCR4,chai,cognate,A,25,4.335850320294741,4.225918361729198,4.4267940995713815,4.08140730894803,4.625180938068699,17.949907019257786,17.842666869052955,18.027119625719468,17.756542401307833,18.13652650948501,-0.2367022042125022,-0.3366486972994646,-0.1660493772812508,-0.4524990036498245,0.006662065616222929,0.7467,0.7223,0.779,0.68818,0.85486,75.38791770114801,75.33811442777211,75.45279614388822,75.24595090316002,75.51391197388423,85.61943361322257,85.5761504929475,85.6646728711727,85.51633523869481,85.76198931321093,1.0,1.0,1.0,False
CXCR4,of3,apo,A,25,11.219289663576385,11.008879304771307,11.406141412093833,10.384413202574088,11.590509980456636,13.139297622771386,12.96102456568245,13.357957405687472,12.890938871686917,13.44460429797678,-4.154098868429191,-4.446633080975687,-4.0572007124211,-4.617475520129295,-3.5308101661059452,1.7722,1.7302,1.8225,1.6746999999999999,1.85914,69.75120265196466,69.48371648916958,69.95940703003191,69.01979544506293,70.13583181911818,73.29222291668428,73.09797747245254,73.45112972256081,72.92537101730467,73.66451308994239,0.04,0.04,0.04,False
CXCR4,of3,cognate,A,25,4.419729447955498,4.384856316508214,4.513684647242631,4.319501127784291,4.580898978440343,17.979206432930134,17.907408478313688,18.074736864389436,17.863727253762104,18.143144913450147,0.1674981652589871,0.0131987686730496,0.5342451065222793,-0.16938151474844965,0.8130671113192531,0.8281,0.7913,0.8509,0.74112,0.8888,77.6881049526171,77.19512015428894,77.93400126590056,76.82122188697784,78.59795171072875,87.84498985512087,87.55081699661707,88.5397416266184,86.98322971156838,89.04222007865685,1.0,1.0,1.0,False
CXCR4,protenix,apo,A,25,14.564528091846745,14.260899703084004,14.866486505486508,4.511844989550765,15.219113962741973,12.639017420113955,12.512886544711115,12.713441930942372,12.278694348756952,17.211036572593272,-3.971255930860441,-4.202024287209753,-3.886815435041342,-4.598672451328434,-0.3039287327903332,1.7397,1.6836,1.7546,0.7741,1.7834,76.26633396596166,76.15752778996692,76.37895869274989,75.94678986732515,76.46502949035278,82.16623111514302,81.88200143625555,82.34802560895726,81.81863420489202,82.4130808138469,0.16,0.12,0.12,False
CXCR4,protenix,cognate,A,25,4.317611615407143,4.256187946074912,4.373847995593539,4.196237196069287,4.411287795657026,17.733112286400033,17.65595007058433,17.825477958990035,17.589416141386163,17.909663307113078,-0.1540284723107472,-0.1919571450241282,-0.1369682646215029,-0.24825632017927676,-0.03341379917766182,0.6745,0.6578,0.7013,0.6245200000000001,0.7584599999999999,75.82081703886998,75.76672764348417,75.87912577649755,75.49893534833622,76.28366468044665,86.80053459245923,86.70475150620265,86.85854689582945,86.6833794873308,87.44220685890056,1.0,1.0,1.0,False
DRD2,boltz,apo,A,25,9.91246123849168,9.7793878107221,9.953762993591925,9.729105905160415,10.04673494985613,11.732664426864003,11.697723409095463,11.814234122032625,11.632757089010159,11.916791362344982,-7.005579271138875,-7.137902608570033,-6.918870902315716,-7.223578176830417,-6.780082143413031,2.2045,2.1494,2.2823,2.09246,2.38918,69.57550345048409,68.86245589762186,69.9682685731496,68.13469839418984,71.35471102540164,90.51604957580568,90.12150039672852,90.88415031433104,89.62866928100586,91.44057914733887,0.0,0.0,0.0,False
DRD2,boltz,cognate,A,25,4.771431546464855,4.719542486851877,4.867087320287156,4.604874636306986,6.762823645076884,16.869328058589055,16.633708297240876,16.94137840706594,16.537309948518892,17.041997400491802,-0.600658539452052,-0.9484021663431488,-0.5302101252871676,-1.365148818503736,-0.3526428438932623,1.1984,1.1185,1.3113,0.8461,1.4007399999999999,67.70368173052441,67.4655665662434,68.26252827525946,67.03332586697478,69.02824694975773,91.6434497833252,91.46140060424804,92.06860008239748,91.11373031616213,92.1646800994873,1.0,1.0,1.0,False
DRD2,chai,apo,A,25,9.710299995365745,9.60482347573343,9.826400663518662,9.472422974623367,9.935427753093773,11.82559672912957,11.761159041523078,11.87525806035389,11.680491380409384,11.981655831562756,-7.125041519767112,-7.203320759651383,-7.025863103673695,-7.44184860164499,-6.558836333592106,2.0771,2.029,2.127,1.9741,2.15166,70.5447760433341,70.46850282400786,70.59753561632611,70.42209593197225,70.71560573336929,86.53996658607306,86.39519518760031,86.63026600723488,86.26233475440164,86.84374346828048,0.0,0.0,0.0,False
DRD2,chai,cognate,A,25,4.076838113047906,3.987066089244071,4.218037102729183,3.8894282560924442,4.374094467479106,17.614664203441404,17.497468988399437,17.692038802806195,17.39609149938296,17.722026244244006,-0.486746315068169,-0.7135453724488645,-0.225373757381833,-0.9804691188169073,-0.0962763867760995,1.2604,1.0898,1.2953,0.96326,1.3853799999999998,68.62847643799769,68.56852888098163,68.70851445206198,68.4414995413663,68.74057816330425,85.6924807891185,85.61351469461019,85.75966709606232,85.34622300013147,85.81311233682892,1.0,1.0,1.0,False
DRD2,of3,apo,A,25,9.85123885978012,9.74516487100392,10.048882555587952,9.62909072008596,10.366083380002033,12.128376667660998,12.078549380574024,12.240209476786188,12.007074043067558,12.331453385872003,-6.157110684273405,-6.304389683122668,-5.872291734838541,-6.595824974453373,-5.439606984195971,2.0945,2.0362,2.19,2.0,2.25896,66.33050627217058,66.26668641974088,66.50953847333403,66.04102906675617,66.75984113339678,79.1006569917756,78.73094074192845,79.22852365158681,78.34598160162977,79.43453653777317,0.0,0.0,0.0,False
DRD2,of3,cognate,A,25,4.160963222306465,3.9882774970419703,4.261132894957724,3.8911262642753877,4.406217295747902,17.342929691048226,17.195574590381103,17.55736178565359,16.82440410599048,17.711122678499745,0.2290557296142221,-0.1800185766028512,0.6642180866035812,-0.8412970062519559,1.2241156354436682,1.218,1.1626,1.2934,1.0793,1.44746,65.62669185831443,64.98872374555246,65.95858021331146,64.11714664572197,66.31832085855505,82.89031716383896,82.32904439357796,83.40283934612468,81.50188755558338,83.68684417892501,1.0,1.0,1.0,False
DRD2,protenix,apo,A,25,9.579401311568102,9.557487063858243,9.678647400660454,9.419815269844516,9.762450739399094,11.906289022916845,11.846945234239342,11.956409797479845,11.795881405384712,12.057536869819744,-6.816859738413251,-6.90130299214308,-6.739838118267542,-6.997642633654652,-6.551219374611365,2.0595,2.0395,2.083,2.0088000000000004,2.15532,69.26989925808249,69.11411349898277,70.04732866269168,68.65213892467665,70.25385513171136,85.14834934663978,85.03942547253888,85.1777551569808,84.97360077299253,85.32363244270006,0.0,0.0,0.0,False
DRD2,protenix,cognate,A,25,4.0956758152941015,4.040455859786152,4.1759496207436575,3.939437180450928,4.210252525345397,17.15622877995072,17.08817456132842,17.22817299574932,16.99399203559498,17.28104028840339,-0.6578983390454027,-0.7498865681787894,-0.5605948154186606,-0.8797348704954967,-0.441353593778214,1.0628,1.0326,1.0755,1.00272,1.1044399999999999,63.17763758792073,63.09643992976023,63.33105914205797,62.74313196802778,63.578924553810246,82.86166713082945,82.76111360267127,83.32669394177962,82.39956421146145,83.54021128016633,1.0,1.0,1.0,False
DRD3,boltz,apo,A,25,10.302756681597405,10.189631045685609,10.417708659825346,10.115269241285594,10.591529640475363,11.62446422488796,11.559497117405238,11.72987289176656,11.44809647043409,11.858531277859349,,,,,,,,,,,77.97080008506775,77.33343020439148,78.53662744522094,76.5796999464035,79.4637245388031,94.2049991607666,94.03889999389648,94.33645057678224,93.39064979553223,94.6034803009033,0.0,0.0,0.0,False
DRD3,boltz,cognate,A,25,4.577093537792297,4.435254592421952,4.75053025134037,4.395880976078194,7.645305309643291,17.169671565187265,17.057116236090437,17.276255206036407,16.769121171061553,17.390514594338832,,,,,,,,,,,77.04090999603271,75.92220749855042,77.93163767814636,74.97742104530334,78.90642441272735,93.54784965515135,93.0359001159668,94.09990005493164,92.56051963806152,94.44413948059082,1.0,1.0,1.0,False
DRD3,chai,apo,A,25,10.203114916534068,10.142535235334408,10.320362638977372,10.024381138378699,10.413503049929243,11.665529306465263,11.602318475201413,11.713875874363705,11.497503583691111,11.782363675023143,,,,,,,,,,,73.44762397095273,73.38489971582388,73.4787172999893,73.2734960116469,73.55644524350768,85.25856202044358,85.1866514523136,85.34096508597227,85.07833187583549,85.370639449487,0.0,0.0,0.0,False
DRD3,chai,cognate,A,25,4.296158400245503,4.196498063862297,4.380491410789433,4.060483816456513,4.560543308239563,17.574007539545438,17.500115456761993,17.62847026829044,17.346587601414164,17.657234630313372,,,,,,,,,,,72.7188371156805,72.68879668756395,72.79074085497994,72.66052158306381,72.89427677133128,86.55503465644207,86.43770841843465,87.0337311870608,86.355186597114,87.34510909002064,1.0,1.0,1.0,False
DRD3,of3,apo,A,25,9.94685464402156,9.832891378460994,10.029594107886544,9.645830650689382,10.12060133708147,11.983896639674857,11.890253550801932,12.02054135234176,11.776278142434153,12.153762799625515,,,,,,,,,,,67.19439497242243,67.00132216083298,67.30586281823682,66.71629160020382,67.67240970564445,77.13989762626858,76.71209288300545,77.32073276731015,76.44765204238341,77.58357727926702,0.0,0.0,0.0,False
DRD3,of3,cognate,A,25,4.062561321080345,3.942455609899499,4.222819103308502,3.8675578983362695,4.345089501344575,17.31217002704506,17.28054239659855,17.353111189362565,17.16615548845243,17.458078438242726,,,,,,,,,,,71.57490424915241,71.27416131059827,71.69641879494779,70.23294137185421,72.10527888622232,85.70351851767448,85.39174953312067,86.59168682731419,84.91819494612118,86.90593721828763,1.0,1.0,1.0,False
DRD3,protenix,apo,A,25,10.009865031342471,9.940049687231644,10.16187881740338,9.8100903811694,10.299497869271843,11.77715798700704,11.741160414713075,11.836115444255483,11.649402159210194,11.889213234048801,,,,,,,,,,,71.915554552595,71.85586743614684,72.22054208173691,71.75912626349462,73.18010650250888,85.44154245505946,85.337777358973,85.62290709159763,84.96255726036742,85.87084819269386,0.0,0.0,0.0,False
DRD3,protenix,cognate,A,25,4.262804226973865,4.2099264903603,4.318474112540336,4.135852607025755,4.364191024441939,17.107287239812653,17.06252647586341,17.192197615982444,16.932820279690976,17.28209837263581,,,,,,,,,,,68.87750042104928,68.69809310022079,69.16629990286452,68.26892342105468,69.45391298965555,85.26524726556666,84.82851975008866,85.43945503688994,84.61072722038665,85.88623659528868,1.0,1.0,1.0,False
EDNRA,boltz,apo,A,25,,,,,,11.403901580222447,11.311367724329362,12.037374550399267,11.135155295366667,12.917857423027497,,,,,,,,,,,70.76553170519077,70.2276861472208,71.53213343743138,69.39817416975035,72.46112285319201,85.65084953308106,84.42934951782226,86.10859985351563,82.6192401123047,86.28527015686035,0.0,0.0,0.0,False
EDNRA,boltz,cognate,A,25,,,,,,15.902435945882631,15.787460713236946,16.009732546088955,15.663566935261025,16.392309374890225,,,,,,,,,,,73.61238392510515,72.78895319150259,74.25468620371763,72.02627929848308,75.32887405466978,90.31309967041015,89.75374946594238,90.50659980773926,88.89380027770997,90.93373031616211,0.0,1.0,0.0,False
EDNRA,chai,apo,A,25,,,,,,11.897103765202688,11.769375981758762,12.018939637089456,11.601327751729784,12.123713509774593,,,,,,,,,,,69.57328952828887,69.4878103283963,69.64254599531132,69.35655088920234,69.73461346982032,81.04380931894846,80.92665312155329,81.3437613743621,80.76214060405493,81.58539124842778,0.0,0.0,0.0,False
EDNRA,chai,cognate,A,25,,,,,,12.249432558286118,12.13172329061292,12.54165571206609,11.915496997981954,14.059311867388107,,,,,,,,,,,67.3035850237984,67.20610282286518,67.3329253100031,67.12975593705129,67.37043335871829,78.60735080447891,78.51330036744068,78.73703590247884,78.25092575276638,78.84287440820448,0.0,0.0,0.0,False
EDNRA,of3,apo,A,25,,,,,,11.65055506142786,11.5368288404404,11.7434768278734,11.416354517334083,11.841221088879676,,,,,,,,,,,63.9463568912469,63.63426028431544,64.18465566478277,63.49594082232807,64.32397435994159,74.63479442185654,74.49268202417684,74.91159047690994,73.9667172842122,75.75793204519897,0.0,0.0,0.0,False
EDNRA,of3,cognate,A,25,,,,,,16.464715422046755,16.152897682326543,16.563393737469948,11.925776335630934,17.317295323041364,,,,,,,,,,,63.99902998408819,63.142527283984265,68.97514353779849,61.828010690111725,70.14153307076218,73.31958988762177,72.29363694943048,84.81930624521485,70.7561765169884,86.6896510913238,0.0,0.88,0.0,False
EDNRA,protenix,apo,A,25,,,,,,11.45507418595036,11.41411144110016,11.491183618803994,11.3826183564287,11.528820000794697,,,,,,,,,,,68.62585174856896,68.48288294728147,68.75143718474547,68.05642922360737,68.85072862409459,82.81163287720811,82.53183924465125,82.90242667765156,82.25945174782271,82.946566960599,0.0,0.0,0.0,False
EDNRA,protenix,cognate,A,25,,,,,,15.635864651494364,15.532770040260832,15.68583637309806,15.347141892815035,15.742861849375247,,,,,,,,,,,69.04629914282279,68.89093876904089,69.31786967439263,68.67549712054965,69.6598898508842,86.81656600996185,86.20234144170908,86.87166220889291,86.05877822045055,86.91738912316251,0.0,1.0,0.0,False
EDNRB,boltz,apo,A,25,,,,,,12.458472916649937,12.256499256064108,12.631184412441298,11.835522648679916,12.893181951702157,-3.8833030935311506,-4.334958952429485,-3.4616985662946025,-4.927418305929329,-2.784465655685628,1.9794,1.8798,2.1121,1.74438,2.496159999999999,69.67544802497414,69.14967646965614,70.11752704689405,67.99339641208563,70.65042797968938,83.5170997619629,83.30244941711426,84.0830005645752,81.20596954345703,84.58783958435059,0.0,0.0,0.0,False
EDNRB,boltz,cognate,A,25,,,,,,15.764882496409545,15.6064233175382,15.870958165233755,15.152258865256556,15.97472760407541,0.025555207598348,-0.1070872248574374,0.2337311412814404,-0.29284339403288506,0.5215046270157051,0.895,0.8596,0.9499,0.84304,0.9809599999999999,71.70546833314508,71.27840960834901,72.07516751785623,70.41848136850072,72.54287201549133,88.93590049743652,88.43704948425292,89.54574966430664,87.55224021911621,90.0489705657959,0.0,0.96,0.0,False
EDNRB,chai,apo,A,25,,,,,,11.829516008696212,11.701622921629289,11.977681996112604,11.619162376570204,12.366046665578518,-5.1548857951669085,-5.359982783651523,-4.885632143705932,-5.609757658057005,-4.4587769566588715,2.2546,2.1911,2.3792,2.0733200000000003,2.57126,69.3904600985802,69.3398043119814,69.45142772366084,69.16404949322995,69.53864495600396,81.28544491330953,81.01860931011849,81.49318386411599,80.75820819683406,81.61469955696172,0.0,0.0,0.0,False
EDNRB,chai,cognate,A,25,,,,,,12.38827320493054,12.261688831478311,12.633325294632447,12.086057119025812,13.848961423012287,-4.231110854975025,-4.712371273648083,-3.5099918181651386,-5.139413397298091,-2.3972207844233946,2.1706,1.8854,2.3919,1.697,2.67478,67.90212855001613,67.69704826011805,68.02230316872289,67.53265161983344,68.11194294196372,79.1798764475221,79.03598777693931,79.43632340148413,78.0948954383718,79.59903024442681,0.0,0.04,0.0,False
EDNRB,of3,apo,A,25,,,,,,11.535232312933577,11.415886320036416,11.682174687769717,11.323183262601981,11.84007845998763,-5.32872850968079,-5.475251823967781,-5.238464614351532,-5.647166057603925,-4.961711594108555,2.3207,2.259,2.3744,2.21812,2.42848,65.322788534071,64.37769284500496,65.66205850859487,64.27704238983047,65.99298497349935,75.11599028969223,74.69834355882064,75.32672947665485,74.51127453810759,75.86894074528215,0.0,0.0,0.0,False
EDNRB,of3,cognate,A,25,,,,,,16.434417369007768,16.097305559865422,16.636846797493554,11.29842099376186,17.293991561557824,0.2838847725498947,-0.9488393163371622,0.4690444024420852,-5.443477973116392,1.417171765359283,1.0401,0.919,1.3535,0.82044,2.65318,65.22639526217495,64.66169563635734,68.74896081126927,61.93166822971971,70.30561268231511,78.08094029756852,74.67749478016064,83.5377111202917,70.7502784993239,87.32784368156939,0.0,0.8,0.0,False
EDNRB,protenix,apo,A,25,,,,,,11.718686042372113,11.598935821730214,11.829194442959848,11.327322630555262,11.888372295920327,-5.412535340553585,-5.4835279056491615,-5.3162965204626795,-5.606246874569532,-5.286706792525986,2.3453,2.3082,2.4011,2.27326,2.53512,68.68666382869375,68.51222032317709,69.25053228636733,68.2866910006405,69.56906932527201,82.40976449760007,82.31910383330452,82.48550422489556,82.22759755404034,82.99673781350646,0.0,0.0,0.0,False
EDNRB,protenix,cognate,A,25,,,,,,16.05571790765871,15.851892709321527,16.130432440021075,15.746883999666553,16.214972094419217,0.0929386886835388,0.0204207379014285,0.211584535519707,-0.003920235364874659,0.3113459395653562,0.812,0.7935,0.825,0.7650199999999999,0.8565,68.26982758985854,68.09939805450485,68.62992045026179,67.71369418670977,68.93466561297306,86.29849357818284,86.22859170467822,86.35862802550906,85.77311553124157,86.45732395335881,0.0,1.0,0.0,False
FSHR,boltz,apo,A,25,3.3610314560414305,3.2379245909841683,4.268971088318591,2.8395857542046703,13.024122211063975,17.644519270827416,17.171751898958938,17.789963475603315,13.474741600997135,18.24403388006404,-1.0891239649267384,-2.0513296108488817,-0.7280868379045735,-8.43271957032876,0.03454803736995056,1.0346,0.9101,1.2538,0.72512,2.14402,80.26237687584307,80.05891650632131,80.4949323201351,79.73255021239356,80.7625981908565,81.05950012207032,80.45525016784669,81.43509979248047,79.32351039886476,82.25158996582032,0.84,0.84,0.84,False
FSHR,boltz,cognate,A,25,3.654727029929868,3.6010457831024585,3.7751208488868273,3.5279550895216554,3.8151167250704274,17.858735115396613,17.829435032605492,18.01225014715263,17.625388294286537,18.097218753254314,-0.0802221813248742,-0.3884977109174059,-0.0065646269131818,-0.6545644367582142,0.20340599029951958,0.6053,0.5608,0.6396,0.49679999999999996,0.71724,83.49029060473545,83.30037826428311,83.81662025177222,83.09750189637109,84.1139632256597,92.80625,92.61170043945312,93.0860996246338,92.48505966186524,93.34315994262694,1.0,1.0,1.0,False
FSHR,chai,apo,A,25,3.644777771003328,3.191548996960566,4.418455952026682,3.088210066340545,13.12528161055372,17.030472629965384,15.65650315364194,17.48819330291154,12.449809205800825,17.853718130375746,-2.3419816699170344,-5.028342086396691,-1.6670079201617192,-8.844266962183214,-1.266592157393399,1.4465,1.3181,1.8283,1.14572,2.4848799999999995,81.12030170848134,81.06240706824387,81.18114936611259,80.91365350262163,81.38350063682856,81.35381412748308,81.28000422282308,81.51285014414682,81.0830963737218,82.04814700476192,0.84,0.76,0.76,False
FSHR,chai,cognate,A,25,3.8108373095685937,3.7427863951874154,3.8902381675162254,3.629086172179785,4.009053625831466,17.879413916568968,17.813646594675667,17.94526149154701,17.74193433451282,18.069510678095526,-0.4101238559270435,-0.4442212250280413,-0.3477319707052437,-0.5407449773580097,-0.23737668329035985,0.771,0.7285,0.7937,0.64346,0.8638399999999998,81.04670581042684,80.96736851927957,81.16984352226206,80.87867861237653,81.24779567555598,87.61185194890737,87.56341539157245,87.66700112717147,87.4941826372986,87.78515552201482,1.0,1.0,1.0,False
FSHR,of3,apo,A,25,6.713246723115199,5.574260371468333,12.90578407734118,3.7876122115678363,13.387491374735577,13.29733786440929,12.635289782943405,13.780751116098896,12.300047692810564,16.160467224281565,-8.32143003329505,-8.677003486173492,-7.732549790518597,-8.922698914163936,-4.642920016695323,2.3045,2.1665,2.5158,1.5750600000000001,2.6703799999999998,77.0408403404393,76.93627883024662,77.1146853651724,76.81303468491312,77.27495061397222,75.68311363518153,75.32835136069535,75.93010823922067,75.1670107633486,76.15257603625646,0.56,0.16,0.16,False
FSHR,of3,cognate,A,25,3.917718876478763,3.865555663709648,3.9557191759648176,3.840902032168428,3.9996068249418513,17.892428475223475,17.861103010175064,17.972698974576428,17.73805434978286,18.074165554218265,-0.4379581366549629,-0.523431265047698,-0.3328842578866329,-0.5535869412538268,-0.18981366772201866,0.6206,0.5905,0.656,0.5594,0.69318,77.91899169192473,77.64518755278354,78.0067124359321,76.7967109294684,78.61726998731686,84.7351513902243,84.36444359769037,85.1314416129455,83.80998896593587,85.6679194227125,1.0,1.0,1.0,False
FSHR,protenix,apo,A,25,3.050556511557032,2.9686055618671725,3.264116681651105,2.680417950798609,4.136445470716191,16.24168205349734,16.047624161709525,16.575784141955406,13.757614560779947,16.86438003861935,-4.656940978999222,-5.253219538587917,-4.352268184992472,-7.900784349766677,-3.764701517776984,1.5884,1.5276,1.6909,1.41246,2.1350999999999987,76.13813637344523,75.82988044646231,76.36157374685318,75.55871694623299,76.6644041339363,76.97600133145869,76.41951252896033,77.09694472914308,76.07376341877286,77.3719531374363,1.0,0.92,0.92,False
FSHR,protenix,cognate,A,25,3.692791233772987,3.64264125447166,3.77155647180348,3.5173810612957865,3.847536586151952,17.9522685540209,17.910955282621593,18.018428534889377,17.784725043542203,18.05726668806147,-0.5144736170607054,-0.5648600421504142,-0.4656150162932988,-0.675653523823027,-0.3949578543497069,0.5783,0.5537,0.5903,0.53816,0.61912,75.18175627793212,75.09949982531184,75.29533770486778,74.94615639830869,75.34791960487554,83.20426344369226,82.71667178118899,83.34903784242715,82.52976555815886,83.40024672146863,1.0,1.0,1.0,False
FZD4,boltz,apo,F,25,,,,,,14.115651627739329,13.945287171646914,14.247719869796711,13.758464923531983,14.3183801069167,-7.095323722171462,-7.400845943650996,-6.861432998070412,-7.655957095587587,-6.523735492230408,1.6319,1.5816,1.7514,1.52686,1.81354,78.66090499622196,78.10585833217401,78.90806705325676,77.24150466776871,79.23347214853297,85.60557837235301,85.19421025326378,86.0971575285259,84.96383201197574,87.02105319374486,0.0,0.0,0.0,False
FZD4,chai,apo,F,25,,,,,,14.25690155678996,14.1298484776023,14.41766933314813,14.059563180179525,14.514733388125698,-6.542684061179073,-6.651177557965694,-6.371629329467793,-6.6925658545882865,-6.285156605827904,1.3239,1.292,1.3517,1.26536,1.4108,80.58793943694738,80.5247604909659,80.62888687116855,80.35687886420199,80.69564926206131,87.7153660111577,87.64453725212934,87.77305985648691,87.29563056450097,87.98181682661127,0.0,0.0,0.0,False
FZD4,of3,apo,F,25,,,,,,16.15883569250059,16.06031516540609,16.2442669456465,16.014256091618048,16.364685913405935,-3.0813017221747874,-3.206717556640859,-2.992906491405101,-3.322083196855656,-2.7810493786855512,0.926,0.9118,0.9524,0.88024,0.9832000000000001,79.04838872734732,78.95892360653062,79.2972113734034,78.66079340397754,79.83775116239136,86.51160100682084,86.2609949873893,86.98525462451516,85.9256236572929,87.58572013532238,0.0,1.0,0.0,False
FZD4,protenix,apo,F,25,,,,,,14.23944714156781,14.185842368917408,14.456628686981936,14.012429054877103,16.78154759348043,-6.472210275702153,-6.550124990660019,-6.253757187346922,-6.64907093766016,-3.1459073186208677,1.2978,1.2313,1.3162,1.00082,1.3464,75.9683539826087,75.77211341954396,76.14567718938156,75.57746768716275,76.97976705802314,83.83625729082023,83.7262861255525,84.14783714796657,82.74973880743632,84.57082046805168,0.0,0.24,0.0,False
FZD6,boltz,apo,F,25,,,,,,16.06668416569206,15.388035034932171,16.79753917124172,14.831449052782224,18.61465939030251,-3.756688219154878,-4.470373535965916,-2.9398935845346212,-7.692551350647433,-0.9960016896702482,1.5376,1.4344,1.6991,1.3537,1.8397000000000001,65.10011754292604,64.7006487292541,65.30120678326226,63.88844302072065,65.57369694804335,83.38855018615723,82.23854942321778,83.94414978027343,80.97134948730469,84.50054046630859,0.0,0.84,0.0,False
FZD6,boltz,cognate,F,25,,,,,,15.691006073435826,15.504727988878102,15.748621104798351,15.232710540546464,15.882134518398622,-3.867815593850919,-4.133038385255276,-3.620039079416431,-4.3241136197093715,-3.3247797840146656,1.3535,1.3238,1.3841,1.30142,1.4306599999999998,65.77950697512532,65.45950122865672,65.93894907165182,65.17429094503689,66.23560763567096,87.71989936828614,87.47744979858399,88.13185081481933,87.25401985168456,88.49966972351075,0.0,1.0,0.0,False
FZD6,chai,apo,F,25,,,,,,14.1508302583276,14.015766300848483,14.212404089386142,13.765438210174013,16.242111899450254,-7.820457061507484,-7.978228018639158,-7.458128307284524,-8.142619036170082,-4.155140592684396,1.774,1.7182,1.8328,1.30454,1.9108399999999999,74.8977813588228,74.76256092422426,75.07446019277272,74.56695868303068,75.30244858278989,87.96605844755022,87.82987664666527,88.08312654800746,86.661923369837,88.179758665561,0.0,0.16,0.0,False
FZD6,chai,cognate,F,25,,,,,,16.560160536661474,14.093005144396988,17.086358125709527,13.862607758223032,18.248154883358215,-3.059384497327329,-7.409029076234219,-2.4209437421697793,-8.650769817840942,-0.7654470317357638,1.4004,1.3481,1.7183,1.2868600000000001,1.9925199999999998,71.23694978197916,71.13946501249798,71.33339278106992,71.04450228700657,71.42231278761423,84.38744427181426,84.18744902366511,84.67227393045054,83.60190065411845,84.7650104703917,0.0,0.68,0.0,False
FZD6,of3,apo,F,25,,,,,,15.973062802457758,15.946412642641084,16.090896190701148,15.87755208525655,16.174779083042313,-4.430875922039062,-4.532076935920491,-4.301637428948833,-4.697101123503874,-4.0329101453924485,1.2362,1.2238,1.2469,1.19972,1.2824799999999998,69.60101992716068,69.46032802275502,69.8360689732114,68.94818649091678,70.16408828943507,84.76976344571658,84.38484311027445,84.92393545141812,84.14365366425451,85.24934075093373,0.0,1.0,0.0,False
FZD6,of3,cognate,F,25,,,,,,16.095548125877897,15.991187803126111,16.471618268920864,15.844702951046845,16.655444026887572,-3.91153654596666,-4.054476200419991,-3.413534491645001,-4.330245736467314,-3.006713578857889,1.207,1.1924,1.2449,1.1726800000000002,1.3015599999999998,66.04437571923005,65.77799217683366,66.41494513272706,65.18250882515656,66.66762927669383,85.38733643721707,84.98374338194061,85.6983946117247,84.14618373417682,86.60780078793536,0.0,1.0,0.0,False
FZD6,protenix,apo,F,25,,,,,,16.047477901807277,15.943904656977828,16.23804492514372,15.793595174861279,16.338922655699285,-4.433170118484437,-4.546037358994406,-4.158419655365913,-4.829075144002413,-3.778110757923407,1.2864,1.276,1.3174,1.2462,1.34586,69.98174711938722,69.87119381722722,70.20293803863778,69.63004830891711,70.40077758604963,83.53207708104176,83.4126597141153,83.58191491488944,82.96616105025568,83.65506702704381,0.0,1.0,0.0,False
FZD6,protenix,cognate,F,25,,,,,,16.34026457076554,16.203418310458513,16.425748897220817,15.797689903789612,16.58816044597734,-3.4271695807194877,-3.5909416519196924,-3.2889081656527495,-4.097545756106664,-3.125244199439881,1.2474,1.2353,1.2633,1.2104,1.28344,64.83282674268193,63.86851024662869,65.00795325190317,63.46663406652889,65.10948759509873,80.72151060086479,79.54170353096113,80.9279698302598,79.19859591268563,81.31062007825611,0.0,1.0,0.0,False
FZD7,boltz,apo,F,25,,,,,,14.120756982952438,14.001432093878824,14.177830782665591,13.776797139038425,14.274426975991338,-8.187041563997845,-8.305035860882771,-7.921229544221086,-8.49460690342811,-7.508598174950047,1.3809,1.3467,1.4239,1.30804,1.4929599999999998,77.01965672296929,76.88975271696829,77.64218298151103,76.60648258156063,78.64800109132241,88.08145027160644,87.6757999420166,88.36644973754883,86.66982032775879,89.23642036437988,0.0,0.0,0.0,False
FZD7,boltz,cognate,F,25,,,,,,15.778194467000969,15.453648374290127,15.826985342524962,14.12201966358631,16.041618111416714,-3.953897308088168,-4.580624053176383,-3.801109003050565,-7.951808646507199,-3.3636564253508663,0.6961,0.6403,0.8019,0.60912,1.3834399999999998,73.88618114351812,73.1778624498055,74.44802604901251,72.2504435808401,75.54451086994662,88.02414970397949,86.64189987182617,88.68139991760253,83.79255958557128,89.33125007629394,0.0,0.76,0.0,False
FZD7,chai,apo,F,25,,,,,,13.96111822168984,13.937193799327035,13.996630630262413,13.861252309872155,14.145289648811863,-7.698190407807243,-7.765674057143774,-7.620735959962304,-7.862107039762594,-7.516928360753583,1.3237,1.2851,1.3403,1.26136,1.3587799999999999,77.91780612911545,77.87994857868037,77.97346257756983,77.79649517525344,78.05605072424679,86.54021596860403,86.39019642062,86.70826267446103,86.22843394539574,86.92329794592672,0.0,0.0,0.0,False
FZD7,chai,cognate,F,25,,,,,,13.966998747046556,13.86383038701787,14.021668017750242,13.70279859454923,14.198690961424804,-7.747547709161216,-7.896459780902616,-7.654202091504334,-7.980637183995929,-7.525583450110531,1.3049,1.27,1.3308,1.22886,1.3704399999999999,76.58672976614716,76.5404020510345,76.6450922327425,76.39094136367524,76.68688974376609,85.53135613992616,85.413145285733,85.63515977450092,85.27153443988097,85.72028205881904,0.0,0.0,0.0,False
FZD7,of3,apo,F,25,,,,,,16.07861518776401,15.97113602756598,16.14218675753855,15.87541946048743,16.285818388419486,-4.255470943032353,-4.33600890603673,-4.081197012843001,-4.45455771932345,-3.952506646487039,0.6371,0.6199,0.651,0.59504,0.6880999999999999,77.03127462047664,76.73644189448504,77.28530229525559,76.46246123451188,77.65286994556416,86.70762730649366,86.31043032278747,87.13642897206812,86.12115308242787,87.85513705779292,0.0,1.0,0.0,False
FZD7,of3,cognate,F,25,,,,,,16.009174727248148,15.900179365918614,16.15092662318298,15.83017404845226,16.449216937386534,-3.769019771892335,-3.84828093194068,-3.6702072973291178,-4.137718394937735,-3.308420677715201,0.6168,0.5967,0.6508,0.57346,0.69664,76.04236925598526,75.67323167762841,76.28698143604578,75.36615812218785,76.50461621016788,86.49185853080144,86.16914104534605,87.5634939080193,85.27463518695913,87.85493706410064,0.0,1.0,0.0,False
FZD7,protenix,apo,F,25,,,,,,16.144383253407472,16.030720976891466,16.243302958493558,15.973005507289553,16.40751708948939,-3.9335035789286046,-4.020257843916706,-3.8537717842017862,-4.293598724888662,-3.588193743772155,0.6191,0.591,0.6279,0.56528,0.66342,75.55075967075732,75.36834199097406,75.69572252948059,74.98561356791028,76.2114258629985,85.33261885209518,85.14636132128827,85.46537167650969,84.6785499709406,85.85216522036521,0.0,1.0,0.0,False
FZD7,protenix,cognate,F,25,,,,,,16.40315331940844,16.363444341836896,16.58663312218607,16.207046277104105,16.752830809902377,-3.21513542592389,-3.4385952945279,-3.027133898517704,-3.579128340511602,-2.736432243039479,0.5336,0.5182,0.5417,0.50358,0.56216,71.22931608574254,70.99216169840109,71.358753902473,70.84716747934489,71.63511500137503,82.0855572561853,81.90855124529995,82.25682844503274,81.72003735953766,83.02006733453977,0.0,1.0,0.0,False
GCGR,boltz,apo,B,25,,,,,,12.541350768752944,12.214695471132302,12.889141260561155,11.886724604067899,13.633642841242883,-13.279107231247057,-13.605762528867697,-12.931316739438843,-13.933733395932101,-12.186815158757117,3.4146,3.3446,3.498,3.2867,3.64912,69.74272335300405,69.16561631336651,70.58280691310794,67.87143897450446,71.10300668920361,81.97521049097965,81.3342100444593,82.79742030093544,79.55744215312758,83.55828463905736,0.0,0.0,0.0,False
GCGR,boltz,cognate,B,25,,,,,,22.274510636756983,22.22245895669739,22.48726192560135,22.05922141073714,22.607777837659537,-3.5459473632430125,-3.597999043302607,-3.33319607439865,-3.7612365892628574,-3.212680162340461,1.5578,1.4806,1.8553,1.41094,2.02154,70.76419897499325,69.85797694144259,71.25823692705646,68.70378020984322,71.86818034973784,82.02710583335475,81.2443154987536,82.64863104569285,79.99137778031199,83.46442132247121,0.0,1.0,0.0,False
GCGR,chai,apo,B,25,,,,,,12.443836506479824,12.342604830423763,12.500678901563704,12.222546795296141,12.645526835814042,-13.376621493520174,-13.477853169576235,-13.319779098436294,-13.597911204703859,-13.174931164185958,3.2599,3.2458,3.292,3.2271,3.36408,74.66648412581621,74.57055031074482,74.80935694778192,74.49645012227509,74.9404760611347,79.73775724195316,79.62631882981665,79.91279295209131,79.46956059842137,80.19707073535284,0.0,0.0,0.0,False
GCGR,chai,cognate,B,25,,,,,,22.59097186931098,22.51176265866358,22.68605662075276,22.354540910725667,22.88421650296933,-3.2294861306890184,-3.308695341336417,-3.1344013792472403,-3.4659170892743303,-2.9362414970306667,1.3728,1.3474,1.4209,1.32114,1.58912,75.97682464374657,75.88980086784933,76.13959131885977,75.67706449649035,76.2194167136972,83.99035875206432,83.84472599349678,84.15982013817411,83.64061367327815,84.26157741033543,0.0,1.0,0.0,False
GCGR,of3,apo,B,25,,,,,,20.714663495834404,15.297752948005002,22.029563125357814,13.075454636169157,22.56277111170198,-5.105794504165594,-10.522705051994995,-3.7908948746421807,-12.745003363830842,-3.257686888298019,1.8989,1.7558,2.8436,1.5707,3.45022,67.90657773952354,67.14242181396122,68.41839021561297,66.94200222869625,68.95599928893729,73.63247491955767,71.14056606331837,74.75212936699775,70.30440353326921,75.20439504768127,0.0,0.84,0.0,False
GCGR,of3,cognate,B,25,,,,,,22.660789869169932,22.40660904401352,23.086960816401913,20.828548384164996,23.852586284412155,-3.1596681308300667,-3.4138489559864773,-2.733497183598086,-4.991909615835004,-1.967871715587842,1.6256,1.5545,1.8762,1.4648999999999999,2.1918999999999995,72.72853911903427,71.90250745712713,73.47609097329463,67.80355474845544,73.93538062774692,83.73122554600008,82.7127688981609,84.59206235995278,71.67936992133045,85.54129186897224,0.0,1.0,0.0,False
GCGR,protenix,apo,B,25,,,,,,12.548818752149437,12.42489590032038,12.60568138981301,12.305958049755766,12.708233429015792,-13.271639247850564,-13.395562099679616,-13.21477661018699,-13.514499950244232,-13.112224570984207,3.4477,3.4239,3.4698,3.40332,3.5068799999999998,74.44647879075927,74.38139641885668,74.51932428483038,74.0468502210304,74.61141049567385,82.79706027527158,82.55730451411625,83.03111888328954,82.36423508779185,83.06080336254874,0.0,0.0,0.0,False
GCGR,protenix,cognate,B,25,,,,,,22.428632038821338,22.383787638256365,22.53007058038839,22.260809884411994,22.612879437157723,-3.391825961178661,-3.4366703617436336,-3.2903874196116085,-3.559648115588004,-3.2075785628422744,1.3862,1.3545,1.418,1.3340800000000002,1.4845,72.68893905462635,72.51449034497249,72.88744645750359,72.26441335746938,72.96083773305938,83.79727767378809,83.66291461187551,83.88714397427812,83.37231089176744,84.02185892310366,0.0,1.0,0.0,False
GHSR,boltz,apo,A,25,10.05310046032566,9.9833415368653,10.122466593582812,9.84136938220204,10.229709335514189,12.509436470528955,12.423513218948978,12.565096213885512,12.360065981320915,12.64764765724944,-6.0554896526623025,-6.13105512485839,-6.0168318753204755,-6.257283178140879,-5.871223449579929,2.1723,2.1299,2.4224,2.10548,2.5715,83.0285463072563,82.25122138059855,83.25935803085078,81.22673664822604,83.61728238381974,92.7631504058838,92.26579933166504,93.1360996246338,91.74215911865234,93.74784004211426,0.0,0.0,0.0,False
GHSR,boltz,cognate,A,25,5.163381632205777,5.049472183684153,5.246935718578988,4.8714238163997114,5.334196293636691,17.241302723373316,17.204230893236698,17.274095974030015,17.128566581820042,17.354683007497773,-0.2181246780512395,-0.3150893966179122,-0.1681509704433637,-0.4352205983015853,-0.066409718053042,0.6992,0.6383,0.8081,0.609,0.85232,82.10620755054912,80.9394127267306,82.85377310664276,80.40384599237494,84.08204156010528,94.88624992370606,94.28090057373046,95.22265090942383,93.68371940612793,95.70957969665527,1.0,1.0,1.0,False
GHSR,chai,apo,A,25,10.069167691522471,9.940585797627824,10.151505602618755,9.714278127122949,10.400068574938292,12.764257048492873,12.615661734526652,12.910704938151133,12.366151265806499,13.417479406556543,-5.618728374429999,-5.833558377330164,-5.517725154805566,-5.931249718444002,-5.225455718010168,2.1736,2.0236,2.311,1.88906,2.4634199999999997,73.51843432806787,73.42307178002554,73.57661196121892,73.36421474526047,73.74788698265813,81.61639564778382,81.49157137005875,81.74287933793418,81.3734485484532,82.03022159848483,0.0,0.0,0.0,False
GHSR,chai,cognate,A,25,6.328968794361368,6.198067198732199,6.659966441356893,5.953621831144196,8.2724640168566,16.89657178246522,16.82287044472494,16.994428969518218,16.70664638221562,17.280859883056753,-0.8634717613158749,-0.9572849455149052,-0.8081875899443567,-1.085328943653377,-0.6398878688792925,1.0769,1.0247,1.1976,0.9970399999999999,1.4762199999999999,75.0722887210403,74.94725399054877,75.20415543857511,74.92655239382887,75.40641422107237,84.33559196352442,84.21735693762312,84.37691812401727,83.89413460480496,84.59002692279157,0.96,1.0,0.96,False
GHSR,of3,apo,A,25,10.17802045087702,9.419015073990066,10.476978637848829,8.543698923659733,10.789901578588625,12.77640840849242,12.668133867779538,13.547177915041248,12.262287619905477,15.2033644879667,-6.023048493119827,-6.166043905284981,-5.392249363336077,-6.4400171983503345,-4.275251854742661,1.9677,1.7508,2.0564,1.38982,2.28614,68.46310179096893,68.15538028114271,68.72457021506526,67.80609190218696,69.08987254782869,72.26180355358949,71.88789346032328,72.4596463855314,71.45304316076881,72.64647685937757,0.16,0.12,0.08,False
GHSR,of3,cognate,A,25,5.132969797444231,4.9099880622341034,5.319745277453487,4.70707978813785,5.6976793439499716,17.562541788570275,17.442899120985427,17.623427537868324,17.219030565508408,17.708648837081434,-0.450622127319976,-0.6947108584238482,-0.3576942582315059,-0.9400657524746492,-0.18551572167388558,0.611,0.5946,1.1791,0.54962,1.31776,74.99977430096966,74.55506100661708,75.53538898669714,74.24642766730342,75.62906128172973,84.24821000951708,83.25484309964367,84.7244186344188,82.6170790129905,85.28071952615466,1.0,1.0,1.0,False
GHSR,protenix,apo,A,25,10.305584852709124,10.224425585412346,10.360137076696091,10.027949589580935,10.468352752023502,12.52561366516831,12.430262758235813,12.652843970873365,12.354243640170738,12.79750290208136,-6.174723680296793,-6.247084345167977,-6.037356240621177,-6.383490634636065,-5.843221733874172,2.0887,2.0432,2.1513,1.9145400000000001,2.21572,75.062710574185,74.8583285454636,75.20681853516456,74.36217295615754,75.36394785956143,82.54890138062564,82.41689371115203,82.61065080411507,82.312164728561,82.65620090048652,0.0,0.0,0.0,False
GHSR,protenix,cognate,A,25,4.889811160830267,4.804072095178865,4.9645893338469085,4.697865584030944,5.046581180118791,17.38690406596754,17.35745128180168,17.440906131651865,17.252738142610166,17.55031533156212,-0.4604322485476775,-0.7565856576619279,-0.353950976985292,-0.8887338884560304,-0.26143797738115854,0.5843,0.5654,0.6299,0.51954,0.6533399999999999,72.56590388866755,72.36450297272421,73.24873177685095,72.17993310144765,73.78932063465824,83.51482828627418,83.46750424290117,84.90338673197346,83.44423015384758,85.3436254906964,1.0,1.0,1.0,False
GLP1R,boltz,apo,B,25,,,,,,12.221496429099837,12.112068421033626,12.31485152710336,11.830250891454627,12.677366842831756,-10.103197570900166,-10.212625578966374,-10.00984247289664,-10.494443108545374,-9.647327157168244,3.4966,3.3717,3.6136,3.25176,3.76866,73.82551618374193,73.17399139074733,74.43394382056613,71.71140182198509,74.76131968652713,82.62685070037841,82.04744968414306,83.25835056304932,80.04957019805909,83.58395999908447,0.0,0.0,0.0,False
GLP1R,boltz,cognate,B,25,,,,,,22.515300836411225,22.405475116823567,22.607087521034195,22.13318340587389,22.832582940632882,0.1906068364112236,0.0807811168235659,0.2823935210341943,-0.19151059412611174,0.5078889406328825,0.966,0.8858,1.086,0.80772,1.3103799999999999,71.70089409418291,70.90479681455805,72.32194398752299,70.51352081134047,73.95926254964544,84.25864925384522,83.8554494857788,84.64155006408691,83.04947978973388,85.86544960021972,0.0,1.0,0.0,False
GLP1R,chai,apo,B,25,,,,,,21.527444832120693,21.38614853123395,21.84554595335168,21.11824009215978,22.1533765343767,-0.7972491678793077,-0.9385454687660512,-0.4791480466483193,-1.2064539078402192,-0.17131746562329656,0.9029,0.8452,0.9807,0.82074,1.1964199999999996,74.98900122122969,74.82452501172575,75.07453144146493,74.66318229658276,75.18788146756584,81.80445501408707,81.45773950331828,81.99292583749065,81.27548448838402,82.12987051955825,0.0,1.0,0.0,False
GLP1R,chai,cognate,B,25,,,,,,22.57475231314842,22.467921977788688,22.694188749545553,22.38656107222964,22.72967026560472,0.2500583131484184,0.1432279777886869,0.3694947495455523,0.06186707222963501,0.40497626560472066,0.8136,0.7294,0.8808,0.67786,0.9450999999999999,76.30335448798218,76.212288708629,76.35370038543309,76.15002337132807,76.42994409317423,85.99545565214335,85.93589344584753,86.09852536362486,85.80341201155801,86.17406773505273,0.0,1.0,0.0,False
GLP1R,of3,apo,B,25,,,,,,22.319709597594898,15.303425399959451,22.623139285313396,13.140299293283588,22.94605408556617,-0.0049844024051068,-7.02126860004055,0.2984452853133952,-9.184394706716413,0.621360085566173,1.2079,1.0957,2.4973,1.03854,2.9437599999999993,67.49395308982596,67.15638806357693,68.18205086717765,66.8948424736608,68.47294800066189,73.52161457705807,70.70590559589228,73.89526641994328,70.437163561232,74.53372326593963,0.0,0.76,0.0,False
GLP1R,of3,cognate,B,25,,,,,,23.37774092758156,23.211155672106663,23.419657966852828,23.08596808319455,23.66673616969568,1.0530469275815584,0.8864616721066625,1.094963966852827,0.7612740831945516,1.3420421696956806,1.0342,0.9909,1.0881,0.90644,1.20526,74.33487150827794,73.90251503228265,74.57326532346,73.53238535225253,75.02072982056713,84.13448223968605,83.99804220645458,84.34526051302493,83.59990319810733,84.66299679985983,0.0,1.0,0.0,False
GLP1R,protenix,apo,B,25,,,,,,12.211895394584342,12.1284183040071,12.360666923089124,12.07149492543333,12.517368757978453,-10.11279860541566,-10.196275695992902,-9.964027076910876,-10.253199074566671,-9.807325242021548,3.2618,3.2394,3.2848,3.21634,3.3421,73.34516715264382,73.29604686946259,73.41794267343123,73.24376544533936,73.98592939961367,80.16555375910424,79.24543308147966,80.55647064913576,78.84110493855111,80.99686935580586,0.0,0.0,0.0,False
GLP1R,protenix,cognate,B,25,,,,,,22.492787937072013,22.360982364154776,22.577586391093504,22.278240262974684,22.630716824448296,0.1680939370720118,0.0362883641547746,0.2528923910935035,-0.046453737025316834,0.30602282444829343,0.8038,0.7663,0.9451,0.70904,1.15766,72.26045122974989,72.06215986162482,72.3028694153306,71.85096981322411,72.72860830278087,82.69367561901802,82.44365815750277,82.73690222828247,82.39464028077174,83.04330808032506,0.0,1.0,0.0,False
GRPR,boltz,apo,A,25,,,,,,11.408695502488442,11.246633928380527,11.559448943639138,11.10211777426218,11.733378380012965,-6.997985533440131,-7.210687773423363,-6.558024608573559,-7.42907039908654,-5.948074484640393,2.3884,2.2158,2.4582,2.1066,2.61292,75.85933344066143,74.89580715696017,76.49745323260625,73.04270046154657,77.15117656389872,92.53199996948244,92.20420036315916,93.22785034179688,90.9742194366455,93.63646018981935,0.0,0.0,0.0,False
GRPR,boltz,cognate,A,25,,,,,,16.801931531398406,16.68626367389057,16.92568577910508,16.56780653265904,17.04119293717739,-0.1010145609787542,-0.1591767683889955,-0.0636301028873944,-0.28900950817467924,0.009120080870531936,0.8296,0.7703,0.8641,0.67386,0.9877399999999998,76.83072659373283,76.37802083293597,77.40278389056523,75.65046095848083,78.63696677684784,93.22479934692385,93.01215057373048,93.62525062561036,92.36679977416992,94.05183128356933,0.0,1.0,0.0,False
GRPR,chai,apo,A,25,,,,,,11.608110052889748,11.53733773450357,11.686186460946104,11.428269773990497,11.77550878972851,-7.270987150307774,-7.340363775006064,-7.193599113863613,-7.472811735644044,-7.13566523893341,2.5814,2.5569,2.6032,2.5185,2.66518,73.47814025955653,73.4282456677751,73.51469787131366,73.29053205102547,73.57169540014644,86.14582964013665,86.10247954232352,86.2077524797844,86.00053729586581,86.32860856055389,0.0,0.0,0.0,False
GRPR,chai,cognate,A,25,,,,,,17.34938877885904,17.21972046811446,17.474998226037105,17.013659499022967,17.600225716009227,0.0787325917627548,0.0306239498917584,0.1386797192573627,-0.18614963918113037,0.24087295862363964,1.0747,1.0323,1.1112,0.94224,1.14984,72.50715065903678,72.41232738649332,72.54758873318607,72.35756315410563,72.6083550551208,83.64114601515071,83.600504120996,83.73943786881186,83.52355740396078,83.87802198728751,0.0,1.0,0.0,False
GRPR,of3,apo,A,25,,,,,,11.797620790493877,11.719862399997227,11.869825147216334,11.567010284572293,12.025671144753334,-6.558810571074616,-6.741006179851658,-6.410906982601199,-6.93408910503029,-6.250226197733257,2.3429,2.294,2.3825,2.2567,2.4671999999999996,66.22028361834377,65.93000555456673,66.55813999036708,65.32628217884196,66.760744802008,74.3558259389927,73.98104920077633,74.86216899289714,73.69813165365773,74.97082565734912,0.0,0.0,0.0,False
GRPR,of3,cognate,A,25,,,,,,17.41187908970685,17.30739495264314,17.761612326572237,17.018556076586105,18.466802869711138,0.4173434542653904,0.3308513847076497,0.5453379990217702,0.2667204887133394,0.6730089256678723,1.0407,0.9759,1.0721,0.87536,1.3017599999999996,69.94156373649075,69.59645777603754,70.76127811391991,67.8642426677812,71.89248498622798,82.77098307782953,81.45066115916033,83.56881621001602,77.60933954800362,85.22143200921391,0.0,1.0,0.0,False
GRPR,protenix,apo,A,25,,,,,,11.440121204745534,11.38184526078439,11.495315276736129,11.355208978378664,11.591490093494322,-7.256338503776538,-7.297825077018762,-7.205399144030832,-7.353427793316946,-7.137032614860848,2.5082,2.4875,2.5269,2.4404600000000003,2.56106,73.98115930695027,73.87361946307847,74.0385940910287,73.6583277993574,74.1756166732407,87.36549985414976,87.14679486939403,87.42840120773812,86.74227134414772,87.62664061580179,0.0,0.0,0.0,False
GRPR,protenix,cognate,A,25,,,,,,17.992514147176596,17.82687773735374,18.185790736968208,17.10410204214787,18.776919726057212,-0.0486563889950897,-0.1350391975121141,0.0058611189267665,-0.2691409598429629,0.1667665992914915,1.1399,0.9947,1.2272,0.79944,1.7121,69.4178307194562,69.05291077139653,69.51809194382977,68.82662814427928,69.8281751165362,83.97319262975222,83.7397501564026,84.20927042878552,83.57169580325832,84.55548235228568,0.0,1.0,0.0,False
HRH1,boltz,apo,A,25,15.412158471703435,15.30152251351806,15.627525162395356,15.145399399711486,15.792560636763344,12.19890950714858,12.0472178454488,12.449551011405996,11.82387305656935,12.767393918702064,-9.22466939846707,-9.52966820280333,-7.897086856764556,-10.060209790083094,-5.8054763285553,2.3477,2.192,2.4359,1.9883,2.6665799999999997,58.70708418577848,58.58360160890301,59.18081724961925,58.239181144918014,59.90431095569775,76.01870002746583,75.58439998626709,76.46979942321778,74.38895980834961,77.72506973266601,0.0,0.0,0.0,False
HRH1,boltz,cognate,A,25,4.193922284711532,4.0226542883772645,4.259548502799327,3.914751391887987,4.411950566782782,17.217301329261797,17.19424583040792,17.30150773828686,17.124502313555,17.45122716031536,-0.5894500578182367,-0.7869999106215353,-0.3798239042042048,-0.9890620799446019,-0.20771081206460096,0.7559,0.7003,0.7885,0.6797799999999999,1.0563399999999992,64.09818890158401,63.59916633746952,64.38001225763279,63.23694166774867,64.92037493883952,88.12209930419922,87.72605094909667,88.46154975891113,87.11621955871583,88.7763493347168,1.0,1.0,1.0,False
HRH1,chai,apo,A,25,15.513372167262668,15.23534390816302,15.692061719226064,13.096197332142387,16.132980094082974,13.105527421664494,12.786342283858977,13.52860469523742,12.514246749498943,14.402222048529735,-8.287562844131,-8.723956404622351,-7.693725972157882,-9.233302703421137,-7.217171785883501,2.0985,1.9302,2.1707,1.70956,2.33738,65.96796673073406,65.92819511057323,66.02005753585846,65.85650560252651,66.12323400705156,81.40459899193624,81.29852403965519,81.69665375402653,80.9683155775717,81.92925616458105,0.0,0.04,0.0,False
HRH1,chai,cognate,A,25,4.315883687033283,4.209995368168474,4.473387307175627,4.094993906935272,4.599671464251933,17.77414552095262,17.65289268080447,17.828626307149968,17.512853405388213,17.993281061782696,-0.0719001137829451,-0.2348459162675631,0.0547672633620202,-0.4507624383089179,0.25311514320047873,0.7416,0.7084,0.7615,0.68338,0.7858999999999999,65.53229281950782,65.45456805499092,65.63626506151003,65.3946688950591,65.71161010290199,85.66401524322201,85.48977800716054,85.77099323630506,85.30201315079726,85.88953873913698,1.0,1.0,1.0,False
HRH1,of3,apo,A,25,15.630318573212294,15.526115068284414,15.71393908071638,15.449509754284998,15.826015626742851,12.868469815488728,12.724388983270062,12.981846215776567,12.684358635090154,13.149512532312126,-8.68812908936896,-8.866739148992352,-8.593205804914188,-8.991821892646907,-8.474569136182904,2.1747,2.1298,2.213,2.10234,2.23836,64.3187293593284,64.23663849445276,64.3678506706987,63.90058057021167,64.64208808584084,80.07028717962349,79.97062330262484,80.22675102683885,79.63068903916705,80.39972943145372,0.0,0.0,0.0,False
HRH1,of3,cognate,A,25,15.734432751820597,10.738726249200395,16.234222737581355,4.27603752656687,17.359103835905614,15.312391866328626,12.95127710101302,17.658048532465557,12.711631597471543,18.1470349443802,-0.5736058987896655,-1.2010369441994122,-0.3459850616354032,-3.3591166997646904,0.5692400300250047,1.1668,0.9655,1.4208,0.7784800000000001,1.53582,64.24490476906689,63.50326917909465,64.80195832776556,62.56669785814741,66.07129399494595,81.85559545854126,80.89709718104221,84.12997585329659,79.16251652176487,87.05765188606615,0.2,0.56,0.2,False
HRH1,protenix,apo,A,25,15.01805495036874,14.975914410610716,15.07230289246287,14.858428108980712,15.135513648888422,12.43895714657894,12.36400979780318,12.516627967161336,12.244735745020176,12.596851174136528,-9.026744812032776,-9.193301912616018,-8.913303412819705,-9.315309906159161,-8.74925242429063,2.2457,2.2019,2.2857,2.1824600000000003,2.31166,68.74674048282012,68.44328113594548,69.01499541222908,68.04805848652674,69.36906667766634,84.73811736690361,84.68234673530337,84.89306812191421,84.63397840322904,84.93168192968326,0.0,0.0,0.0,False
HRH1,protenix,cognate,A,25,4.1227570522585975,4.093368358629666,4.1959449725562665,4.02187098533359,4.30078195107343,17.79024209279397,17.751086801951757,17.822616820996284,17.64748542144691,17.92461449849579,-0.4463537298889086,-0.5623851957546115,-0.3246816745324388,-0.6704425254525738,-0.17067619488678087,0.6249,0.5926,0.6529,0.58292,0.68062,63.66903162528356,63.287406900949286,63.88987467977634,62.73668143781094,64.49289622890157,84.78794267851211,84.6419495472213,84.89534952043971,83.95486253087758,85.00739768192572,1.0,1.0,1.0,False
HRH3,boltz,apo,A,25,,,,,,14.218797320775762,14.06513930621734,14.366384212977875,13.818144062427264,14.628217990233553,,,,,,,,,,,70.8756067640326,70.1783596467436,71.69365605557903,69.6991639958071,72.60996184788394,88.83224983215332,87.96579971313477,89.56950035095215,87.54748939514161,90.250640335083,0.0,0.0,0.0,False
HRH3,boltz,cognate,A,25,,,,,,17.566032067126034,17.29897335593647,17.989977152008837,16.275374632272392,18.46464233575625,,,,,,,,,,,69.37227650760265,68.67663590506221,69.80556174288975,68.32145134829403,70.38018964960334,88.22094955444337,87.58239974975587,88.78335037231446,85.92995040893555,89.73037940979003,0.0,1.0,0.0,False
HRH3,chai,apo,A,25,,,,,,18.22943984328646,17.930646502566493,18.495467579923467,16.507864730857086,18.754914160379577,,,,,,,,,,,67.99441612424717,67.8676841286334,68.10582445792265,67.57474904242572,68.19191866649668,80.05211341899196,79.86849000827576,80.22960322854838,79.51598941710502,80.44612008066714,0.0,1.0,0.0,False
HRH3,chai,cognate,A,25,,,,,,18.252683446551085,18.192766584552224,18.3217361076946,18.096591331666048,18.40987476463705,,,,,,,,,,,69.05929884012497,68.88597351556228,69.12437433473389,68.80269571345003,69.25016999035357,85.50925542662154,85.40168790453956,85.75779145478859,85.2511321870878,85.97060059375404,0.0,1.0,0.0,False
HRH3,of3,apo,A,25,,,,,,13.852654817664844,13.637808259922092,13.94608765096575,13.180750856424494,14.171480242610139,,,,,,,,,,,64.40173550538358,64.22115722748994,64.63922116636999,63.96161555867799,65.00593694958161,74.33305133084714,74.04107415680934,74.63597409512572,73.71113587218584,75.35237101306062,0.0,0.0,0.0,False
HRH3,of3,cognate,A,25,,,,,,17.681523038397227,17.60093171992786,17.84313077928594,17.443983968386593,17.97764306020391,,,,,,,,,,,68.48446540250052,68.03932457327784,69.04508044950371,66.5966549791289,69.41141931279006,83.97903903804298,83.41603580816141,84.60906451779182,82.4279467431835,84.95693027913313,0.0,1.0,0.0,False
HRH3,protenix,apo,A,25,,,,,,13.520918434888436,13.456875433777734,13.614436302669784,13.325814081007834,13.800886329822488,,,,,,,,,,,73.03554088241471,72.79389692924582,73.28592505562001,72.38324326606255,73.398007803959,84.97573162729776,84.88464426622762,85.09142178096468,84.31270472778937,85.53373379473665,0.0,0.0,0.0,False
HRH3,protenix,cognate,A,25,,,,,,17.540888716198005,17.49186587962407,17.620671301134106,17.41055036918841,17.727144683566355,,,,,,,,,,,67.98058241104054,67.79742645877576,68.19455062602438,67.12745934761948,68.37904733562725,84.91037617804513,84.72034701756755,85.05396241431627,84.6245840513345,85.15122968913295,0.0,1.0,0.0,False
LPAR1,boltz,apo,A,25,9.116693996444106,8.98661826033019,9.26142086068331,8.870568905813675,9.404424173165083,11.332911038016666,11.23556227645506,11.639131255265571,11.154070857662324,11.980231084709988,-5.936312710311439,-6.4598499889167815,-5.774664737707614,-7.188389517504788,-5.376727528510786,2.1683,2.023,2.2342,1.85338,2.3181599999999998,82.94553284068684,82.20175810174628,83.66307429428939,81.79704172323038,84.76485766526108,91.8340503692627,91.25969924926758,92.86420021057128,91.03697921752931,93.23449935913087,0.4,0.0,0.0,False
LPAR1,boltz,cognate,A,25,4.514272931281403,4.460558509435784,4.613207176292866,4.407321471735289,4.67076554812278,17.089433598984492,17.042791892518665,17.15450205244093,16.926711270023628,17.258216070577966,-0.3861429222402872,-0.5602206157386433,-0.285540545278117,-0.6321695812208716,-0.097348593128228,1.0032,0.9883,1.0202,0.95154,1.05206,83.66438175033737,83.40348060314471,84.2931292292836,82.50800985713582,84.93203310075697,93.81879997253418,93.57765007019044,93.9370502471924,93.2354704284668,94.29291007995604,1.0,1.0,1.0,False
LPAR1,chai,apo,A,25,9.380379363330674,9.208942447425764,9.494765083981804,9.002804545315982,9.740754794864428,11.332212714205465,11.270506332902706,11.402199919313816,11.153569040705703,11.500596911040336,-6.062362692374686,-6.659910642573866,-5.069855167190649,-6.8288306731070065,-2.9188369069386075,2.1654,2.1123,2.2387,2.0935799999999998,2.2951599999999996,77.46138355074511,77.3521354316442,77.66078691599574,77.24114154018282,77.75212994256776,83.93106167173318,83.7515266510384,84.47005978801035,83.60166100561877,84.70570569126464,0.08,0.0,0.0,False
LPAR1,chai,cognate,A,25,9.564695185942938,9.369109402712724,9.635615029669877,9.199624923739567,9.751651157488944,11.43983260367039,11.315629412454264,11.629342629744814,11.120232693708797,11.895077710769094,-3.296606643116233,-3.790679379730749,-2.8715279193925607,-4.1997739970856465,-2.7257784513532677,1.9249,1.8808,2.0935,1.8461999999999998,2.2106799999999995,75.43073091135699,75.34360168365858,75.46289034386282,75.23905948661252,75.57621152843639,81.73135162137459,81.59555556924829,81.93516774326176,81.49806827408926,82.36538347376786,0.0,0.0,0.0,False
LPAR1,of3,apo,A,25,5.752296507857062,4.981416971681701,6.939630397911313,2.7227593686890783,8.004439003073909,16.718158353688644,16.330907239251477,17.04244958176494,14.640563141444273,17.23698863648421,-2.550788005106435,-3.036879283836317,-2.081205143937014,-3.734049943916402,-1.8255313606228585,1.4378,1.3885,1.4952,1.3197400000000001,1.551,67.90272516807732,67.59076342383766,68.21939166590207,67.32404774347181,68.48112878192154,70.89003269551293,70.548053819366,71.3380171365105,70.16846673812563,71.78865873539911,1.0,0.88,0.88,False
LPAR1,of3,cognate,A,25,8.74405582354413,8.021360678197995,9.037390076192809,7.24318465538655,10.60988395245512,16.699639698360475,16.48577439212607,16.79804853631662,16.22975007305876,17.64627180414243,-0.5066775099714054,-0.6471329762596785,-0.4255491152702166,-0.6833831798876421,-0.01222529338197777,1.0779,1.011,1.1668,0.93554,1.873559999999998,74.24964619018753,73.77554502898667,74.65517274642568,70.78524939156424,75.19369981354474,83.26665618702448,82.88190109313481,83.77341722627395,77.21214718462929,84.07106079792392,0.8,1.0,0.8,False
LPAR1,protenix,apo,A,25,9.465487732626602,9.435771648978095,9.498538063122243,9.362591856224073,9.568121043021073,11.19794484445856,11.17759414932573,11.209862540464195,11.138614268048894,11.265313499492326,-6.512566669998147,-6.548063088857814,-6.418380718347731,-6.595516564245406,-6.396373011077601,2.1939,2.1787,2.2057,2.1371,2.2109,80.04121292405193,79.95723659399225,80.08079954358556,79.60108853277133,80.15127029375968,87.19874526550932,86.9831902374196,87.2965638587726,86.54415370588316,87.31616118799214,0.0,0.0,0.0,False
LPAR1,protenix,cognate,A,25,7.801907485771024,7.458065832642755,7.903884084818622,3.968031052978524,8.18541694201164,17.10125675473152,16.964228869811762,17.163261983963487,16.884799468773533,17.585159236276393,-0.2658580071013965,-0.3760720659024557,-0.1351153831024927,-0.516087524835909,0.019193714350890706,0.8405,0.8143,0.8578,0.72034,0.8856599999999999,75.24961744334873,74.72133134375301,75.45787893526278,74.67354574956182,75.86411089388939,84.45291043829263,84.02497277112579,84.88386724258741,83.94615318111184,85.35369350993719,1.0,1.0,1.0,False
LSHR,boltz,apo,A,25,3.389249966260975,3.266112106863449,3.664818109388241,2.947559858093779,4.40617695969199,17.882333769041445,17.753106221937614,18.004719258269482,17.592303761625434,18.319759065363616,-0.8258443844151202,-1.2743269641188064,-0.3523216817107695,-2.111509457754768,0.4850620955413791,0.9474,0.8602,0.9892,0.79232,1.0964399999999999,81.03161519041048,80.8489327846849,81.23936487506217,80.34641230505423,81.58356947018865,85.93069992065429,85.5605993270874,86.51940078735352,84.50961982727051,86.78849006652833,1.0,1.0,1.0,False
LSHR,boltz,cognate,A,25,3.727424256628162,3.638535219975203,3.8078568032162137,3.6007990848336995,3.9001440751050387,18.21216856558823,18.122384454858583,18.255385592999673,17.9322870366398,18.332804769496146,0.1537514178592225,0.0486641933740905,0.244231485670106,-0.16134957456526844,0.42526787893906254,0.6854,0.6627,0.7475,0.6153799999999999,0.7988599999999999,83.49550505325689,83.23722187746236,83.73467811562644,83.03912153666964,83.91508781749633,95.26545028686525,95.21824989318849,95.37644958496094,95.08681991577149,95.44941978454591,1.0,1.0,1.0,False
LSHR,chai,apo,A,25,3.0963730395415903,2.984902845990129,3.2347798997768,2.698866222868011,4.072713072484462,18.224259957540117,18.05940264792831,18.33632703133318,17.90068941055683,18.688599882895137,0.602629466636941,0.375499692859595,0.9550528762025224,0.05086770288961797,1.3807517368196354,1.1828,1.1172,1.2411,1.0744,1.31088,81.75362948063224,81.71796440009639,81.78619699757121,81.59987830825538,81.83894446607572,85.44465437620062,85.34920509843427,85.5493245950165,85.02300971730136,85.78571663262282,1.0,1.0,1.0,False
LSHR,chai,cognate,A,25,3.8632976846212617,3.78631760421653,3.95642793438728,3.7052206891983803,4.0967540461747785,18.011290153678612,17.95713175871915,18.066074808878657,17.86989649210179,18.18270194854955,0.5366495116531418,0.4507790556885496,0.6684798313139204,0.31745678660245674,0.843399290914347,0.8581,0.8223,0.9476,0.76532,0.97686,81.57719544750643,81.5162976083256,81.65659773557469,81.40703813172766,81.72857541755721,88.35860482632856,88.28676035673931,88.44868280395629,88.18003161793389,88.51651893639117,1.0,1.0,1.0,False
LSHR,of3,apo,A,25,6.553603143735054,5.793565133068701,9.198804353892005,3.4180493173393733,13.163421340943913,13.526958949635397,13.059736328921982,14.074176615100283,12.69443430272447,16.15181184626553,-8.203847929204045,-8.506984159736982,-7.76153440825037,-9.081301775555277,-4.35669367571579,2.2645,2.0895,2.3106,1.5407600000000001,2.4055999999999997,75.41405929409962,75.24533117000956,75.54804998740966,74.94064834253028,75.66670484571452,74.07291142522858,73.82449907320748,74.44171907698095,73.65623129584021,74.64599234137734,0.72,0.12,0.12,False
LSHR,of3,cognate,A,25,3.948010973033006,3.835923034571764,4.047468737546048,3.704168175046827,12.76090811559099,17.85997091298635,17.719811070074222,17.94617880880736,17.51946933043949,18.050787180008644,-0.2548413312006126,-0.4211284963758643,-0.1344601235965861,-0.5952132896271202,0.022695405576670984,0.7329,0.6513,0.8529,0.6097600000000001,0.9266399999999999,76.60546699077736,76.2870467908745,77.00864824811114,76.02953816842823,77.30138649180329,84.04282900385012,83.05560436365064,84.58875292789024,82.45203576379696,85.30928628764077,0.8,1.0,0.8,False
LSHR,protenix,apo,A,25,3.0814700202897876,3.0105653053578747,3.145678076125081,2.9131854959715513,3.2318339435450043,17.465594460418103,17.41732296340887,17.5921470173846,17.25196261051515,17.7603335837543,-1.582073225213087,-1.770855722795007,-1.3505212064310277,-1.9978121852877002,-0.741101549024952,0.9502,0.8607,1.0131,0.80286,1.04594,75.57149816102623,75.34226813672875,75.7012848807192,74.93260783429271,75.94467228398649,78.4706016354609,78.3722796077921,79.11377217427649,77.94399672694709,79.50520120796463,1.0,0.96,0.96,False
LSHR,protenix,cognate,A,25,3.5491978768773165,3.452460462210503,3.6083756069498696,3.3970082697322783,3.644255056134922,17.94284376973083,17.85970191563989,18.017749649099567,17.753383970101375,18.109250333389753,-0.2970638667611176,-0.3794132699505823,-0.2491567664224554,-0.4433988033979936,-0.15573804645368342,0.6421,0.6036,0.6888,0.58346,1.10392,73.99878588356754,73.88078375235285,74.11823687400394,73.17414682314998,74.26052794936423,82.52597444828112,82.47272380526104,82.59441454120184,80.25173263538935,82.64123246166648,1.0,1.0,1.0,False
LT4R1,boltz,apo,A,25,12.608159601040112,12.4787619983875,12.688623303865551,12.213016393340443,12.988029345546853,11.74395557417517,11.66210766388306,11.827632842496422,11.50299027945603,12.109488015671417,-2.3543375399174025,-3.336996424023038,-0.5312703940125161,-5.869669080758256,1.0287955867944523,2.5983,2.4847,2.7085,2.20342,2.8032600000000003,81.86325567418879,81.01408516276966,83.09697166356173,80.45852092396129,84.33042499368841,88.97940006256104,87.7483003616333,90.95004978179932,87.03547061920166,91.84328910827637,0.0,0.0,0.0,False
LT4R1,boltz,cognate,A,25,4.85672569381883,4.7666976656486195,4.949475805749533,4.67659180420227,5.04734787210139,17.436133888213295,17.389383059942062,17.503111747177986,17.272360001211432,17.548257918480992,0.0533578258039924,-1.3045604859398612,0.8838413830932019,-1.89132116581099,1.5351074061674033,1.3865,1.3167,1.4479,1.28648,1.5160999999999998,83.93255119973963,83.70115060156041,84.17270160805096,82.23041704676368,84.94263919266788,93.84945030212404,93.37195091247558,94.15859985351562,92.65133972167969,94.45248954772951,1.0,1.0,1.0,False
LT4R1,chai,apo,A,25,12.443916786928463,12.27854168865342,12.623856819530234,12.05375255269296,12.932173926136056,11.78124352519716,11.725907640775617,11.85013324819599,11.631649731519566,12.090144907591716,-4.325702574129815,-4.849556107072875,-3.769155095551337,-5.59199987770219,-3.111339121524469,2.5401,2.5232,2.5836,2.47818,2.59682,80.98854109420678,80.90883066841394,81.01819772252679,80.74911523904197,81.06218892681017,84.33550083531962,84.21008813968125,84.37509955253437,84.01492861939577,84.44388780005703,0.0,0.0,0.0,False
LT4R1,chai,cognate,A,25,11.661784168813965,11.552041291477453,11.806442097431386,10.945328942799144,11.995770571193326,11.147828577799356,11.05160463462207,11.18546851946757,10.911202733710459,11.403501570089146,-3.5464570482767623,-3.728459246628072,-3.3230436639446843,-3.976143960882933,-3.09930052457024,2.6094,2.5828,2.6322,2.55842,2.6500600000000003,79.5265764271851,79.37378174960692,79.6080570219657,77.89127857289367,79.67575896415141,83.98092132919277,83.74606441701474,84.10114357476283,81.19760313924428,84.16083720533086,0.0,0.0,0.0,False
LT4R1,of3,apo,A,25,11.562366180149242,11.35424011697114,11.795280501655622,9.241425565153222,11.896220861800277,12.1107078832666,11.878757858859846,12.469516525336886,11.699789680769134,18.167385044571688,-5.746906553089916,-6.2063994980525745,-4.532614072849787,-6.884842815182646,-2.1892468847334547,2.4277,2.3547,2.4878,1.9297,2.50384,72.34526770211582,72.22065373520776,72.51590718891886,71.61675500774187,72.60679437446144,74.84740510706607,74.49845555408004,75.07220845613301,73.05216631266497,75.22606860052387,0.04,0.2,0.04,False
LT4R1,of3,cognate,A,25,10.420158445100803,10.133062011936731,10.887806559842542,9.60824577596429,12.037601110677025,18.014786361873725,17.825018075956127,18.594528101172607,17.62553825803021,19.40142572375557,-1.7669507206107902,-2.5296282791295965,-1.3974120913923862,-2.7933667416849053,-1.0275766265862054,2.1558,2.069,2.3553,1.8855600000000001,2.7085199999999996,73.1968221217605,71.54553370653106,73.64198136532048,70.05363970184355,74.10898245897303,81.27466595790088,80.13619497080386,81.57478661669282,77.68696954315566,82.00643965395533,0.0,1.0,0.0,False
LT4R1,protenix,apo,A,25,11.68135236316886,11.5617385823771,11.864258027597131,11.430918034666115,12.137113538737077,12.181831840135688,12.034108103703216,12.374251164527552,11.736291947857811,12.520039337411795,-5.085829463728933,-5.259366115164468,-4.827525720649511,-5.557379900970128,-4.43879253791641,2.4906,2.4477,2.5149,2.4165200000000002,2.5843599999999998,78.7401636848503,78.62248464990019,78.80109980296825,78.52225108059524,78.88806370971938,83.22388549380831,83.04496167755401,83.54553838195912,82.92795533670423,83.60021336844748,0.0,0.0,0.0,False
LT4R1,protenix,cognate,A,25,5.114178300074085,5.080694446184369,5.178163206940656,5.006798600104489,5.319045622348585,17.35266433666279,17.33273300225095,17.393063841115328,17.247582767114814,17.484931743343754,-1.5268176530012738,-1.6325596580965254,-1.4516499694554383,-1.7436516189079356,-1.3554665948863969,1.3624,1.3221,1.5394,1.28962,1.71504,74.20963836886546,73.93703567888184,74.56659295897806,73.66990248271033,74.79579478758222,84.70017351834461,84.609468228614,84.81889741696665,84.51301023500616,84.90227338679425,1.0,1.0,1.0,False
MCHR1,boltz,apo,A,25,11.20065417150266,10.426709903401935,12.25234476372176,9.811608791940301,12.846232991960465,11.620338558428497,11.465814389645422,12.158063553292523,11.199106727588592,12.91363912291132,-6.323818133531894,-6.68708744412387,-5.762690677638661,-7.101237490507588,-4.828306829415554,2.539,2.3979,2.66,2.06264,2.7491999999999996,67.04324891329942,66.38445506615662,67.58810887630517,66.03097958677752,68.59540515465758,87.31778957969264,85.85220979389392,87.8492098356548,85.35903143631785,88.69159899259868,0.0,0.0,0.0,False
MCHR1,boltz,cognate,A,25,5.917443853768281,4.934056615676395,6.24352514163273,4.362419800993237,6.579951381032743,17.35342200354443,17.170319512688167,17.59400473861764,16.971588877571687,17.740687320109704,-0.3339292054964229,-0.4499526796734052,-0.2066558371446092,-0.70446789364902,-0.016686832477266093,1.3443,1.2149,1.4963,1.12744,1.65224,69.93475121231441,68.86031042343068,70.68636734677717,68.02136825814631,71.22927154161354,90.69652637682464,89.83652616802014,90.98778935482628,89.5058738306949,91.67226233231395,1.0,1.0,1.0,False
MCHR1,chai,apo,A,25,5.972790804975511,5.445919573405394,6.368137404296486,4.2886868619651,8.230965756797355,17.283792031843014,17.068688848297633,17.470968519232127,12.316426983064856,17.68890649995332,-1.200670663183292,-1.4119308786593925,-1.099528451062996,-6.706530088546378,-0.3043627183501134,1.4881,1.4435,1.5861,1.38206,2.475239999999999,68.3896967977749,68.19324169549068,68.45105238973332,67.89184003885468,68.56048745829054,81.03424050832398,80.5656886838025,81.19818733809541,79.64251734493915,81.30875671703669,1.0,0.8,0.8,False
MCHR1,chai,cognate,A,25,5.351136888549946,4.907927464826674,5.9310766307644345,4.012551763197756,6.3399736670997315,17.58194440327918,17.435057929356013,17.83288953030327,17.275067772000877,18.060915850781626,-0.4986980416846389,-0.5726725767787606,-0.355392019047887,-0.63246923222245,-0.24882066183984397,1.5256,1.4958,1.5838,1.42834,1.64794,70.35693120316166,70.29715682987501,70.51244910428456,70.1034695885587,70.86943679721183,86.19468524584042,86.12580954568428,86.36648647887492,85.83385562551386,86.56986631151375,1.0,1.0,1.0,False
MCHR1,of3,apo,A,25,9.501033641186163,9.064944247125991,10.015291141320963,8.599335689494584,13.393449584422429,12.401772050651036,12.068924010860702,12.608331199322574,11.993433422067586,13.249226750835335,-6.177688826501569,-6.5823972051237725,-6.016948810975215,-6.870945324315051,-5.51584687027989,2.1633,2.0926,2.2266,2.00036,2.34098,66.0447359939071,65.7721849396924,66.21152075687822,65.53585534576847,66.49105260600534,76.52057210799546,76.23898569034482,76.82068031107076,75.70948000441382,77.07680526035472,0.28,0.0,0.0,False
MCHR1,of3,cognate,A,25,6.191912475608819,6.072323800590452,6.3056283505325785,5.845451942274299,6.793582017162768,17.593325141720662,17.439067940580568,17.68876308720978,17.350941684829902,17.752222640881815,-0.607706204393768,-0.6499286352321665,-0.5432648242017883,-0.7799813638428699,-0.47338800728118297,1.2458,1.2004,1.2795,1.1545,1.41932,69.29364367419399,68.9748895643573,69.79388823518265,68.65857618088272,69.94879046577697,86.2779735549396,85.90469940992698,86.47762216960705,85.50738952036426,86.93359752374585,1.0,1.0,1.0,False
MCHR1,protenix,apo,A,25,10.63168713432934,10.474127532423315,10.741973676590884,10.275187810506178,10.842581834954998,11.545902759976569,11.511819464554636,11.59114404778055,11.47189654581263,11.672221716798257,-6.855080413212448,-6.901009514760803,-6.808891856464058,-6.948221413180755,-6.7618483792457,2.3475,2.3268,2.3665,2.3001400000000003,2.42948,71.32338366803883,70.64450898478833,71.62990537298609,70.22385533347969,71.83896741735482,85.72514256245367,85.31406776398961,85.81811704872464,85.09134561143958,85.94022193762675,0.0,0.0,0.0,False
MCHR1,protenix,cognate,A,25,5.740265321732643,4.811999554832513,5.964287819014976,4.515316304504654,9.798930421138373,17.225236913779824,17.154209756739228,17.35281116511778,17.07783467778544,17.485790771574095,-0.6037161093470491,-0.6732433248057781,-0.5603618575836702,-0.7044026012764245,-0.5147887240922071,0.9692,0.942,0.9941,0.91242,1.04464,68.34923889323935,68.08677639798404,68.63979527572154,67.55166616666993,68.90136426924387,86.37381488875087,86.30123224233074,86.41840735211173,86.04583958352663,86.46455995370363,0.92,1.0,0.92,False
NPY1R,boltz,apo,A,25,9.126348921781371,8.580647094444569,9.38265714859069,8.302940076484031,9.885672925341302,12.12078632495846,11.979333629751698,12.337762033898208,11.884070537510857,12.39858795886472,-5.6391425281287955,-6.016098141650641,-5.366455448689793,-6.1436360502427965,-4.887929516452328,1.8681,1.8387,1.9009,1.7992599999999999,1.9312,73.91993740200996,73.3020392258962,74.21497130393982,72.65404733618101,74.48309896290303,87.08465042114258,86.5412498474121,87.58725051879883,85.94823974609375,87.87325065612794,0.44,0.0,0.0,False
NPY1R,boltz,cognate,A,25,3.915660351537144,3.8605930181255834,3.955053624023321,3.7544098992009323,4.033515420431395,17.081812530001024,16.952395249751582,17.225739549049848,16.862816009160483,17.399647510931203,-0.738848269789564,-0.881538366906641,-0.5318218009842752,-1.012884723365721,-0.40832865003191376,0.8863,0.8493,0.9211,0.81468,0.95754,77.42558345198631,76.974070250988,77.82924735546112,75.81770822107792,78.1520973443985,92.1376007080078,91.75000038146972,92.25539932250976,91.35384017944335,92.6530200958252,1.0,1.0,1.0,False
NPY1R,chai,apo,A,25,8.09364596458234,6.4485599942933,9.636947130704828,5.896290728390266,10.543911978621562,12.403047609357952,12.038042573441912,12.863765156438452,11.973012340254657,13.390031881017128,-6.150530909088751,-6.369073132760194,-5.9016835262988305,-6.531137940606619,-5.6276500541125625,1.8267,1.6851,1.8801,1.63154,1.91138,74.54593669305116,74.40692691840572,74.59066213830883,74.31731779936108,74.75890654511102,83.48751107290192,83.38628106436515,83.74567278264749,82.86524814074517,84.10267997052246,0.68,0.0,0.0,False
NPY1R,chai,cognate,A,25,3.794002767526666,3.757294904582284,3.861379675711779,3.619973360411933,3.9306212985378837,17.2383292983978,17.162408921826795,17.314319334007905,17.08794324700076,17.55645842788516,-0.7127366205435575,-0.7998007447772348,-0.6033921955131643,-0.9437125512396636,-0.3866753448203687,0.8621,0.8401,0.8721,0.81668,0.9350399999999999,75.56727112781716,75.51225185261653,75.63672651796118,75.47071549684168,75.71100880238684,88.24446849820245,88.17091917669619,88.26800235566638,88.14874871675345,88.32713317805589,1.0,1.0,1.0,False
NPY1R,of3,apo,A,25,12.960523522784094,8.497980328867147,13.092637281948138,6.38924213224262,13.625426154136223,12.2212706687363,12.075524610356366,12.27282585798599,11.970816300783165,15.750304021052266,-6.081844472625297,-6.19847510997192,-5.744340485714643,-6.345591840284307,-2.5513285217091948,1.8037,1.7712,1.8357,1.2201000000000002,1.8634199999999999,68.25623991929368,68.1320990357048,68.49136468120862,67.41629129200297,68.7003670314986,76.09676458042938,75.8558071639734,76.36817325894795,73.80306702643281,76.60989283213814,0.32,0.08,0.08,False
NPY1R,of3,cognate,A,25,3.877464607911031,3.8188754094195065,3.967526048765652,3.7119353289581634,4.050678812572534,17.16581946109582,17.02610005609472,17.252155588708487,16.978024449210288,17.374383871393892,-0.9814186717865052,-1.0418277853071525,-0.9281005076040412,-1.108874104152844,-0.8555823908923795,0.9086,0.8964,0.9385,0.87798,0.98886,70.33718912006697,70.07882915640813,70.57308429244847,69.59599131060362,70.77805522937545,85.11019300147052,84.49955882332543,85.51061706383335,84.22670028656799,85.61025007595266,1.0,1.0,1.0,False
NPY1R,protenix,apo,A,25,12.153742241992676,11.988448911879884,12.2596189017686,11.738628309607838,12.36947557137904,12.11306448006316,12.030491408370848,12.179785174550794,11.970925248737554,12.24908813481045,-6.240623653437714,-6.290465340418374,-6.1388308095272865,-6.386769625765174,-6.0617576230209576,1.8059,1.7902,1.8154,1.76928,1.84064,72.72257598713453,72.64830578165707,72.78682289506672,72.36008846280576,72.92975963415442,83.12593741525647,83.03282474261857,83.24646568495129,82.80801520859251,83.31916420945943,0.0,0.0,0.0,False
NPY1R,protenix,cognate,A,25,3.870249081189219,3.842336678723117,3.9134037500718,3.803641166619151,3.984540237948026,17.014202468394775,16.955862285066257,17.05348037869585,16.8480940305286,17.118192361293122,-0.9453629295442704,-1.0126716598882748,-0.9033879707864988,-1.0967051684017612,-0.8401957205592073,0.8153,0.8005,0.8281,0.78018,0.8431200000000001,71.1074004335398,70.70176322490762,71.53945557808126,70.6155056660693,71.58999590320359,85.70487672000738,85.36140709417379,86.36389264486569,85.25798771827664,86.43304271034143,1.0,1.0,1.0,False
NPY2R,boltz,apo,A,25,9.423842101266342,9.338829484657056,9.570060993603958,8.972783233818301,9.666784741936258,12.108539363399698,11.999636944045433,12.217181010147144,11.800741932048224,12.713398108895264,-5.800018257616983,-5.922896057457882,-5.626023603051742,-6.093894686387305,-5.131554714327003,2.2412,2.2135,2.3512,2.0840799999999997,2.6010599999999995,76.93491859135665,76.04481370179985,77.45296579396005,74.82746937769292,78.38168189381678,91.2682502746582,90.73530044555665,91.79524993896484,89.05969009399415,92.24674018859865,0.12,0.0,0.0,False
NPY2R,boltz,cognate,A,25,3.949964606436368,3.87820119082288,4.031446458592746,3.812631219117763,4.091821548521508,17.13278986281277,17.007681627203045,17.287643202883384,16.864835970772,17.418860616751022,-0.5295754444291774,-0.6051763602568077,-0.4820094190245658,-0.8382953569087533,-0.28594505529831554,1.2979,1.243,1.4159,1.1944,1.51884,77.09022574537383,76.5754462014346,77.73602627331191,75.6666987862174,78.6019743871814,92.4963996887207,92.13520011901856,92.82975044250487,91.52679977416992,93.28025970458985,1.0,1.0,1.0,False
NPY2R,chai,apo,A,25,9.363741025893445,9.271187464397428,9.523458930451689,9.110150863786847,9.591750868319119,12.057797352750628,12.00638042875537,12.118794370728468,11.917989552938254,12.265660915871061,-5.606217765763757,-5.746922003107764,-5.444072638904062,-5.796693347541998,-5.294473250056861,2.2114,2.1899,2.2378,2.12642,2.3421399999999997,77.72979753074323,77.64522619262804,77.76192601791081,77.6212760922658,77.82522179853203,88.36460259478845,88.30864296787917,88.39286563357231,88.23916707478972,88.44892810650616,0.04,0.0,0.0,False
NPY2R,chai,cognate,A,25,3.5627555346950204,3.4865992026615267,3.696885716383453,3.3229073228305235,3.8149991678105857,16.63427176043484,16.496466864150033,16.770542895207655,16.324517767364522,16.812912866096717,-0.9989973604747976,-1.113844345415755,-0.8677666582734513,-1.2371928618864314,-0.8120459773132457,1.3579,1.3238,1.4122,1.25358,1.45054,76.87715123091282,76.80362196163475,76.96611249499685,76.74293603719875,77.05890892631034,86.94795879758969,86.71583748806435,87.0581365048765,86.52149091668562,87.15518280231866,1.0,1.0,1.0,False
NPY2R,of3,apo,A,25,9.726877728474546,9.671622547892875,9.869238864762162,9.574630256207987,9.972465808165131,11.697916009395872,11.636037930248923,11.743618181647117,11.596636174958443,11.894816388155176,-6.223559382058669,-6.365075542063021,-6.103395671171185,-6.451884525797635,-5.884831067997995,2.3883,2.3688,2.4116,2.2794,2.53094,69.90296723588385,69.58896887132411,70.00774614775862,69.14233246852265,70.3270812717732,76.86218080381639,76.63381730281256,77.06162309544082,76.24354461898226,77.3091462856144,0.0,0.0,0.0,False
NPY2R,of3,cognate,A,25,6.605383627585681,4.022801636616092,6.919550814773425,3.9037148458670634,7.425092554861165,16.97976350716629,16.805134282952185,17.135511038951687,16.59867953268677,17.294526565215577,-0.5100224250574463,-0.6228415438997263,-0.4405180920046714,-0.8429654334526507,-0.21945432943881016,1.2656,1.2022,1.2893,1.15894,1.3878,72.34025760247873,71.88630470843887,72.69587590454061,71.35397611329368,73.5899927653048,83.12031374479957,82.82798349589669,83.66894883316832,82.21426954577117,85.85639768296885,1.0,1.0,1.0,False
NPY2R,protenix,apo,A,25,9.705217759170216,9.65038717979908,9.76665351248041,9.61289139254133,9.85163318428243,11.74697139777998,11.69104672607629,11.792685835295025,11.618516853043621,11.901882426337938,-5.998216585596424,-6.075789710459272,-5.926686645838368,-6.188758541740295,-5.795912799993301,2.3239,2.297,2.3605,2.2367,2.4141999999999997,75.92003070251849,75.5949650114455,76.37372463859262,75.5173183502735,76.65995026400616,85.48359166148079,85.43222804299336,85.58691744500251,85.40551036895819,85.97920594943102,0.0,0.0,0.0,False
NPY2R,protenix,cognate,A,25,3.968076945696428,3.9089567234600144,4.018906120945176,3.875007410476525,4.078115451486603,16.853520478761943,16.794294728587413,16.94634011179013,16.73242666099028,17.00383545722122,-0.6851174238093858,-0.7760694598573874,-0.5770238558694878,-0.91798897453533,-0.45178173613863304,1.0423,1.033,1.0894,0.98746,1.10572,72.7370298931469,72.54956829111946,73.04193487881838,71.85674214881266,73.2366034627357,84.68160814490327,84.60116585710864,84.7942186522931,84.52441339250045,85.26780382804264,1.0,1.0,1.0,False
OPRD,boltz,apo,A,25,16.15270405917845,11.381423503415553,17.058845143212363,11.094060393777163,17.903672202709064,11.807985396611905,11.720016522385963,11.843125725723764,11.657671748263581,11.894441711860301,-1.0430750320441895,-1.1544453685504816,-0.9412105756304764,-1.4386522487313287,-0.8249857969208976,2.6849,2.5926,2.7414,2.44882,2.8218,74.18860213987288,73.67719340580766,74.84554571746499,72.7634839396323,75.25556661749398,84.33059978485107,83.64590034484863,84.90395030975341,82.50615077972412,85.81646942138673,0.0,0.0,0.0,False
OPRD,boltz,cognate,A,25,4.757520203225628,4.584350339502862,5.118896334416238,4.440800698501663,7.776078938476513,17.41588412849029,17.352052367512613,17.53336127041247,16.827577470176998,17.737150033914485,4.912178769422246,4.816927634249582,4.947721725879099,4.608113807392523,5.089130566886008,2.0685,2.0419,2.1654,1.9235,2.2043,77.82365034985285,77.11511847793415,78.33929583846881,73.30998102618801,79.39268117207352,90.3387493133545,89.40389976501464,91.04700012207032,86.29373016357422,91.31930061340331,0.96,1.0,0.96,False
OPRD,chai,apo,A,25,11.368808600728574,11.20625053262687,11.48871250401889,11.033481429900068,11.662475352699005,11.772316764341673,11.71228047819894,11.80006394050473,11.662207652332407,11.87667569375385,-1.283110561682408,-1.3845186487673544,-1.0916052386838366,-1.596670338104051,-0.6553993788876662,2.5332,2.4721,2.6185,2.3444000000000003,2.6728,75.52045122732522,75.45816678218574,75.57304124425762,75.31367170098233,75.63242375407378,84.96988232934629,84.75804261025928,85.08361885946036,84.61530708525191,85.22620146274154,0.0,0.0,0.0,False
OPRD,chai,cognate,A,25,4.57145108253386,4.479039852468383,4.6933752247183484,4.401025784079325,4.844562701750125,17.569380751751044,17.485270515493887,17.65191641154014,17.38945524524348,17.772409132282707,5.0373574173499005,4.978090846368289,5.130644624906154,4.851992222887778,5.214502859206469,1.9323,1.8996,1.9683,1.88238,2.0285599999999997,77.2667683365898,77.20091145488554,77.37490710826668,77.13487370793523,77.45356389078857,88.17012917386505,88.11024773399552,88.21498695373535,88.01332122496403,88.2712059887147,1.0,1.0,1.0,False
OPRD,of3,apo,A,25,11.22395322887401,11.14556667094546,11.37589883403858,9.681969508230269,11.65737805903489,11.842109852748978,11.766324522892956,11.881236622069888,11.727573296137432,14.302527999081013,-1.3636423471718313,-1.564523483959455,-1.2322102113997353,-1.8119855670591967,0.7040199971825367,2.417,2.3311,2.4555,1.90072,2.50112,67.34900419644129,67.14231052799376,67.95927508562967,66.74761229373439,68.15552248573061,72.90819265103444,72.46176204241716,73.27706840572935,71.45340708468383,73.59687280876605,0.04,0.04,0.04,False
OPRD,of3,cognate,A,25,5.225291667463641,4.65641425611827,6.063126558366092,4.34350015151858,7.79501390331561,17.33486773460006,17.137422560771505,17.470725765328854,16.890956282111446,17.595764554585525,4.848182568066633,4.770535705097274,4.950831644789805,4.59918631774703,5.055537716806981,2.0217,1.9613,2.0895,1.84886,2.17682,72.57014584567531,71.8463065811577,73.08004991169514,70.8622047667274,73.94666327638018,81.13152997338925,80.17585333403055,83.0655520336762,79.1544044673226,84.77476528158643,0.96,1.0,0.96,False
OPRD,protenix,apo,A,25,11.417192553116926,11.3504714761791,11.50652677509474,11.287817916847759,11.580661199032829,11.739093124354492,11.713175901174871,11.776532688388276,11.615759878516098,11.833050262925914,-1.322949433163103,-1.3623572974417133,-1.2738028258308771,-1.4214130473373052,-1.2233865937576311,2.461,2.4229,2.5073,2.35496,2.5431399999999997,75.53691949865113,75.11874227612736,75.90863107458004,74.91065666994835,76.33035218179427,85.60371839411846,85.28596462282783,85.79681416895484,84.82967816113393,86.33040833080175,0.0,0.0,0.0,False
OPRD,protenix,cognate,A,25,4.483843239588919,4.361872186947939,4.531122255064429,4.23927849046299,4.673211580406685,17.32649651912775,17.280971538752695,17.374340656814404,17.11397855121594,17.489512855770315,4.812260068832469,4.7798092233568354,4.873131397175301,4.677329278444743,4.919880652590637,1.8839,1.8717,1.9069,1.8354,1.9460199999999999,71.6475998811018,71.52816947576737,71.6928556476315,71.41541593757081,72.20966870782017,84.07912495691538,83.94954962684994,84.13890696071442,83.80699782961891,84.82894502725642,1.0,1.0,1.0,False
OPRK,boltz,apo,A,25,11.311800921095632,11.20266190212844,11.392408035393569,11.073787631427564,11.546876312788045,11.528479414675642,11.458224189035578,11.586042274361851,11.423884902466076,11.79449717173517,-6.15080367530595,-6.3221861557308685,-5.956519133045312,-6.4794022483709846,-5.853373484382775,2.6408,2.5543,2.6597,2.483,2.72432,75.09531313243666,74.10936849995663,76.80419474150005,72.76307217648156,77.231993667201,90.16750030517578,89.5183006286621,91.1363998413086,88.65609954833984,91.56778007507323,0.0,0.0,0.0,False
OPRK,boltz,cognate,A,25,4.139973380940994,4.042056955610595,4.202949304357595,3.89106452447289,4.357697819209704,17.201283425805762,17.095662986541356,17.26767710259258,17.033469664945294,17.35504791917862,0.089858243331852,-0.0008217293959589,0.1530198631847721,-0.15000465117999118,0.1931716650052958,1.0369,1.0222,1.0745,0.9794,1.14204,77.89897898121885,76.60266577570061,79.12099206824051,75.65346520072535,79.92874162573564,93.09575004577636,92.30794982910156,93.33104972839357,91.09530899047851,93.93261016845703,1.0,1.0,1.0,False
OPRK,chai,apo,A,25,5.320064379309709,4.307415002063302,9.1455115767244,3.960620478661102,11.303320964014892,16.568834479226354,16.311554953467798,16.842172929880515,12.051309018101161,17.099323533795264,-1.6496761785610623,-1.8657757182020231,-1.3466373289440856,-5.9351281741856265,-0.6684548723619167,1.3468,1.2687,1.496,1.11818,2.4688999999999997,75.35158774921634,75.18266247046947,75.51318652470472,74.88345529228971,75.74360109530787,82.05976986985532,81.83856123888475,82.16068798162895,81.4609990603239,82.26088414688992,0.68,0.88,0.68,False
OPRK,chai,cognate,A,25,4.408733491605043,4.3340070373731505,4.511047439342663,4.2231019252467075,4.611509023110599,17.23262620728483,17.16021710235625,17.31809703749231,17.078911807492126,17.381227360695068,0.1957116495970332,0.1201378276002298,0.2410914858145467,0.03939201814819522,0.35244967950618594,1.0668,1.0099,1.0974,0.9427,1.251,78.41582661508309,78.2530178398223,78.60874578009002,77.98780242243217,78.7553390602824,89.86370232170623,89.64420114162165,90.02162529308214,89.18546665928167,90.13928356568915,1.0,1.0,1.0,False
OPRK,of3,apo,A,25,11.320848395703534,11.253761561919138,11.445437575078678,11.096385337772208,11.525074801498613,11.65544092869676,11.631254912845964,11.706273363900731,11.592552473207446,11.737227778446906,-6.115582099846192,-6.204298554591688,-6.072282749862765,-6.2759945325427084,-5.865820945578843,2.5609,2.5357,2.5826,2.4434799999999997,2.64894,66.61023966414805,66.50413779258383,66.71300966001348,66.19137618492937,66.80429564021922,74.06269406701236,73.96483274958005,74.2865488546201,73.69059566069406,74.39237566556697,0.0,0.0,0.0,False
OPRK,of3,cognate,A,25,5.233566912929691,4.978302613018704,7.086563871143428,4.609562649190992,9.330613691628681,17.284990579357,17.20303544697185,17.46828955606668,17.06094245833824,18.53660833192796,-0.0445744373288867,-0.1549483564320741,0.1048593224239198,-0.3638131026650452,0.20716304151665788,1.3903,1.336,1.4646,1.20472,2.0627799999999983,70.89015670398287,70.06271773031128,71.74347798958304,68.88654769667264,72.4847318299852,83.18768151257117,79.85160625149506,83.43436917172882,77.35249601939091,83.80984056174702,0.92,1.0,0.92,False
OPRK,protenix,apo,A,25,11.116685012736294,11.024560093553914,11.162552594390409,10.939935408725177,11.310205952467037,11.703672589113683,11.67595035694698,11.72448466728006,11.625285286423335,11.784483663586222,-6.059190159178106,-6.101181931351013,-6.0166917636076125,-6.182775959850336,-5.962928350099812,2.5894,2.5716,2.6162,2.54272,2.62426,75.24867069847213,74.97165916261962,75.96164380507163,74.74012054880089,77.26884305731,86.78778488332576,86.74414808474233,87.03893613028148,85.93551000241146,88.0492179836532,0.0,0.0,0.0,False
OPRK,protenix,cognate,A,25,4.294755105768617,4.137695003545629,4.364215493679597,4.082968858494102,4.491771186883106,17.167476294437574,17.130058636339385,17.236365858807464,17.06114511191934,17.320841321269345,0.0568697244290934,-0.0158900920829268,0.1172517696660797,-0.21115600416454994,0.18627389726434873,1.0086,1.0003,1.0258,0.98652,1.0593799999999998,70.9828219040903,70.70431494584159,71.27431537102646,70.46109391863656,71.78618530695748,84.8272393394927,84.78890545423928,84.90621757697234,84.57474797953981,85.77227767099103,1.0,1.0,1.0,False
OPRX,boltz,apo,A,25,12.050802746813176,11.980326994339514,12.12247608242227,11.823225595166342,12.242295632557559,11.81383293122516,11.7747773881335,11.859190122242753,11.729826250771236,11.908882172845948,-7.805404419394371,-7.828216069239449,-7.713549384733382,-7.917185243036604,-7.545531098069508,2.8358,2.8059,2.8612,2.75956,2.89754,84.02746757301125,83.07229446204933,84.85285956924027,82.5240411603773,85.88727412249591,95.20029945373535,95.0224994659424,95.48304977416991,94.64391021728515,95.64528053283692,0.0,0.0,0.0,False
OPRX,boltz,cognate,A,25,4.950728708553922,4.893234899757011,5.094986757058353,4.71787710105092,5.239957770882716,17.57891720664842,17.498325491112,17.62287783300446,17.400803082672326,17.703568869584068,-0.8557618991805107,-0.904883798598746,-0.7645364012767892,-0.9728308284853264,-0.6789548743613721,0.885,0.8483,0.9124,0.81758,0.9503199999999999,82.9562647896844,82.2198593603598,83.54863793656632,81.20624339026374,84.2775005361196,95.37714920043943,95.16870040893556,95.50605125427246,94.61400032043457,95.74987976074219,1.0,1.0,1.0,False
OPRX,chai,apo,A,25,11.670397808129763,11.570827887407193,11.762022657689451,11.316070287965136,12.042632180924462,11.743442212571235,11.667937949783584,11.813816106576231,11.633449414873994,11.861228857466909,-7.757870167378732,-7.900348711079725,-7.656213790401916,-8.019644597226975,-7.457740711305376,2.8365,2.7766,2.8907,2.7021800000000002,3.0365599999999997,78.84993980109982,78.69432755749858,78.98383796791721,78.53601004674626,79.09098481270712,87.72338306941683,87.61693955060896,87.75320745908508,87.55740326886638,87.84549624989111,0.0,0.0,0.0,False
OPRX,chai,cognate,A,25,4.746024546923456,4.609786437569531,4.874376472945028,4.4738308995282585,5.076907523117412,17.363409659395817,17.290826787635112,17.435352763853103,17.18840687331526,17.534482514002054,-0.6817004244350198,-0.7792164907127148,-0.5950324399953608,-0.9076388041039413,-0.5393135934739401,1.0042,0.8886,1.0704,0.8611800000000001,1.21666,78.63230683712992,78.56687157631329,78.69943535134655,78.49984199096363,78.75532859667807,88.36859763346366,88.26757022768217,88.43422742133534,88.12281288366333,88.5457256154147,1.0,1.0,1.0,False
OPRX,of3,apo,A,25,11.152933019581846,11.083557239380337,11.274798209342505,10.816153242831597,11.400255991953959,11.802730068233643,11.778778439604595,11.909932972396176,11.716075103239303,12.042511186573458,-7.429208602506153,-7.54584325336698,-7.29889015406871,-7.637044676249336,-7.142891664774638,2.6331,2.5992,2.6829,2.4751,2.73466,69.59654420614382,69.39393418281816,69.78559974018151,68.87823886498805,70.05424169358906,75.10107880015049,74.87886486344524,75.35916353822958,74.68819412176948,75.61813938158484,0.04,0.04,0.04,False
OPRX,of3,cognate,A,25,5.006261236425623,4.841664806997107,5.146791938041596,4.771538813388286,5.401841233121608,17.449410545011727,17.311311421544403,17.518814504002147,17.1293024339012,17.571745315069265,-0.949135460631826,-1.253792926658285,-0.7734992884382006,-1.4911089126084427,-0.6857483583535405,0.9439,0.9064,0.9831,0.88132,1.1328399999999994,74.5705109658516,73.79249041445918,74.8680167529332,72.24208749394082,75.45303131026013,84.39959189165894,83.75094189202113,85.0364538780917,82.29620068570752,85.5159853121302,1.0,1.0,1.0,False
OPRX,protenix,apo,A,25,11.17896478351382,11.083719277293715,11.23943591833506,11.036625425427362,11.40608970031304,11.79761193073798,11.742801612487876,11.817552904403993,11.701578707800774,11.851001804584554,-7.453712938957452,-7.514577673930352,-7.403758840942725,-7.57666473201305,-7.303422499829445,2.7328,2.7182,2.7483,2.70084,2.7637,78.28642195962846,78.20299183804607,78.7559487948063,78.08553641058882,78.78758801593233,86.40636899866928,86.34474944590835,86.57032571553152,86.17150859944232,86.61054246333839,0.0,0.0,0.0,False
OPRX,protenix,cognate,A,25,4.747312531288443,4.592494460243546,4.7908432451763225,4.40014332641209,4.90096281734285,17.12702810199125,17.06692408018865,17.176262742115043,17.038942914651553,17.28215177773874,-0.9070146965675808,-1.0397399673575602,-0.8553423327160505,-1.112633695602361,-0.7954511184252571,0.929,0.9039,0.9603,0.88962,0.99636,73.73430827411818,73.60161018992878,74.2594432722431,73.3111311930128,74.33148090507514,84.69178559725763,84.29582284811083,84.73902624499058,84.22828255519345,85.05282831686606,1.0,1.0,1.0,False
OPSD,boltz,apo,A,25,12.36649205056147,5.544675111952007,13.828368304998968,5.218530739685331,14.037911043094011,15.717623535681216,12.34344300675464,17.31211421724395,12.057483499874115,17.545798767117976,-4.324908347638658,-5.883793717108167,-0.8048866206616889,-6.241809607082775,-0.4214142237190736,1.0729,0.4245,1.9088,0.3866,1.9809399999999997,82.4449051933727,81.57912655534416,82.97269252250935,81.30590689428921,83.67118334057687,84.07620086669922,81.5948003768921,84.94709949493408,81.35559009552003,85.8437096786499,0.44,0.52,0.44,False
OPSD,boltz,cognate,A,25,4.5192901690973555,4.475356437827047,4.636173995936736,4.412444359462662,4.785655537445281,17.58229459051065,17.553017247977625,17.627751266948376,17.469581640482627,17.712148513223003,-0.1917378149485404,-0.2265904737174224,-0.1227894363081123,-0.283663874126718,-0.05482232217926533,0.3237,0.3053,0.3742,0.28792,0.46631999999999996,86.18766961152527,85.9076064318076,86.32811787484707,85.5117896375985,86.60547014652998,93.1555507659912,92.93984985351562,93.2582000732422,92.69346961975097,93.42530982971192,1.0,1.0,1.0,False
OPSD,chai,apo,A,25,4.630761276507352,4.48910347396894,4.715360961792851,4.3377364154043745,4.8333429347527215,17.48680027906764,17.380270970269713,17.526285573389472,17.179864157400743,17.636675346824557,-0.3067902968267564,-0.36090844650648,-0.2329966612286185,-0.45780513633234066,-0.09179616702851523,0.6691,0.6466,0.6946,0.5868,0.71556,85.38258392016962,85.31587314731782,85.4360402172697,85.24676386165805,85.47280419191429,85.27877392941566,85.19258866205533,85.39127915761517,85.03193615195039,85.48570665775509,0.96,0.96,0.96,False
OPSD,chai,cognate,A,25,4.61790396175581,4.483425141563088,4.734911298007598,4.336790808058179,4.922084363946991,17.678267279346127,17.636387186722796,17.748054372240354,17.580043949214737,17.801056912683045,0.0628345510874339,0.0298942788274114,0.1674076093086558,-0.06564895959078637,0.3105080002169235,0.6027,0.5758,0.6281,0.5083,0.6705399999999999,83.69160022224995,83.58219802814915,83.82832541629473,83.44023976897756,83.98362640341283,87.13554974120417,87.00746416947885,87.18588627601255,86.91173093911786,87.39370003575027,0.96,1.0,0.96,False
OPSD,of3,apo,A,25,13.930361679343914,13.42301761686642,14.23176623111061,5.869320201324528,14.43241381348419,12.585738782437168,12.288165586657923,16.697405397379697,12.078838170215066,17.796135896279804,-5.797043475757574,-5.930226019996979,-2.4804564696185043,-6.139174388807078,-0.9851006852908433,1.7827,1.1974,1.8489,1.03174,1.90192,77.75941506001296,77.18680528292414,78.00305862556898,76.87733656341945,78.22874506720608,77.30472732565964,75.82556697233072,77.8999981905922,75.48604614061573,78.03695040189515,0.12,0.28,0.12,False
OPSD,of3,cognate,A,25,4.4001934761845245,4.2538255216586425,4.668734857436436,4.134636446889861,5.178264313167854,17.579248674715558,17.50774576767894,17.61540369279432,17.437301865405562,17.759706707715747,0.0128066991078856,-0.0475545818424656,0.0410817139034129,-0.19963556692333664,0.14935645729701208,0.5802,0.556,0.6075,0.4842,0.6620999999999999,82.2570771430832,82.08755129877594,82.54529622525263,81.59242519486968,82.84455201357798,88.42175173466339,88.24167716452914,88.61349337594334,88.08549109123967,88.82201817193932,1.0,1.0,1.0,False
OPSD,protenix,apo,A,25,14.07176515592536,13.952748676570614,14.254507038706334,13.848229457154643,14.41199379541737,12.197886815065218,12.0486911216088,12.380437528219373,11.83932923791648,12.510230923694333,-6.173568178164858,-6.220728782083201,-6.104678567363473,-6.318537717887377,-5.991637216315851,1.9243,1.9055,1.9544,1.8245799999999999,1.99494,82.54820126519289,82.39962150470843,82.74979837926693,82.2438192858744,83.29481307704118,83.95193813077643,83.79258688413393,84.1135136043389,83.65206348120014,84.7302380969803,0.0,0.0,0.0,False
OPSD,protenix,cognate,A,25,4.2704778175760385,4.229140210898423,4.349738897718371,4.165536830292484,4.40682284209073,17.505169039527935,17.470716116904686,17.53181516415641,17.432908348640947,17.580441367398063,0.0384562205186984,0.0199794605193943,0.0657677189904824,-0.06161509740971055,0.10829718879500336,0.432,0.4094,0.4656,0.39346,0.49121999999999993,82.57946057968451,82.16863043587166,82.63396811955674,81.9161061386532,82.69483916339574,88.87968629534284,88.49699771451745,88.89499256085868,88.3851205802521,88.92253571862611,1.0,1.0,1.0,False
OX2R,boltz,apo,A,25,9.731641334908517,9.69680362297288,9.784285084981937,9.64050588773195,9.871587946917924,12.1856065375918,12.098356768098716,12.248436735012348,12.012837653230703,12.329276625092605,,,,,,,,,,,75.55673655518541,74.61037155529401,76.24049322454779,74.06398944167404,77.63674330668407,93.84374961853028,93.69514961242676,94.13070068359374,93.17435035705566,94.5387102508545,0.0,0.0,0.0,False
OX2R,boltz,cognate,A,25,6.610003582949104,6.055529324204449,7.297918067784813,5.222401917080056,7.823383988456106,15.713407752381404,15.548990812605815,15.870982848188705,14.928796932452428,16.074389965935477,,,,,,,,,,,75.1577951972549,74.83851579288104,75.68252932488382,74.19448462821342,76.5086266904264,92.83794937133788,92.700350189209,93.11054954528808,92.17622039794922,93.3858994293213,0.96,0.92,0.88,False
OX2R,chai,apo,A,25,9.727739408516245,9.598965517179442,9.791861620754249,9.536324990678896,9.863404607148588,12.23091648242273,12.14992563763252,12.280474950098633,12.072853016856696,12.379616740781554,,,,,,,,,,,75.9243820380892,75.89108687709361,75.99316333477923,75.82619648616148,76.03521785518646,93.07561461246377,92.99689986133988,93.17708848770218,92.88120773582402,93.27565114753415,0.0,0.0,0.0,False
OX2R,chai,cognate,A,25,8.438373184447345,8.408396815089068,8.644760783272144,8.192906767070028,9.075267794182281,15.109422159698896,14.773477485006705,15.426773804007109,13.430079311958503,15.662240290004645,,,,,,,,,,,74.19149526674646,74.06960457131741,74.29984466541828,73.9738904988031,74.42760898118846,88.12619048711713,87.93147256237432,88.37307517920051,87.83632829494944,88.66874603554146,0.92,0.68,0.68,False
OX2R,of3,apo,A,25,9.313661005502988,9.25420336355008,9.37720139296296,9.1077987637954,9.492010465474483,12.171280865124649,12.083717143876507,12.265231260918563,11.899891569036395,12.477235242481102,,,,,,,,,,,67.52111637626223,67.1184510969825,67.8760668490818,66.82211744041733,68.4218671932889,76.62186582810263,76.50105958178962,76.92406616383644,76.12775609912431,77.27668542323038,0.04,0.0,0.0,False
OX2R,of3,cognate,A,25,4.6656521761343885,4.498767725434504,4.926260178657615,4.355513064008577,7.633154362515057,16.521956791408236,16.40623899310002,16.579789073690954,16.16416071914153,16.926906103221388,,,,,,,,,,,68.67278020875514,68.05350415078873,69.10061664784746,67.49572214630712,69.25318145536241,83.51811786253901,83.08249326228407,83.92160465061579,82.44610065735435,84.44216844996058,1.0,1.0,1.0,False
OX2R,protenix,apo,A,25,9.56252713999898,9.485842885433646,9.620475084326028,9.435907447049114,9.724157155987522,12.006296020021592,11.957972958389764,12.03138132052134,11.905618766512616,12.128433711986318,,,,,,,,,,,73.1083040172949,72.74285476642028,73.36061092825905,71.91732411958398,73.54733571188802,88.89248708449745,88.60723895877987,88.93415358661744,88.42224937568598,89.28657220329902,0.0,0.0,0.0,False
OX2R,protenix,cognate,A,25,3.867137658748905,3.776486383604426,3.929225125837349,3.7348855866508863,4.092826308570367,16.372624754494648,16.26384201090507,16.399552546568646,16.153153263237062,16.62321097241708,,,,,,,,,,,67.37235687298691,67.20226199009281,67.54151352979605,66.7193726657306,67.99852465876532,84.3149389923668,84.11062197986618,84.35178478513446,83.69021877732766,84.72637848218832,1.0,1.0,1.0,False
PTH1R,boltz,apo,B,25,,,,,,22.294375660888107,20.95048992152928,22.77274028143956,14.75801849936794,23.7125267104296,0.2315016608881066,-1.112384078470722,0.7098662814395595,-7.30485550063206,1.6496527104296006,2.0731,1.7159,2.3858,1.44926,3.0904,60.481037049832274,59.6482345298008,60.937541266918984,59.225986202812514,61.3818172770045,75.89205270064504,75.14710496601306,76.56905284680818,72.82298953407688,77.25792698107267,0.0,0.92,0.0,False
PTH1R,boltz,cognate,B,25,,,,,,22.457836265030075,22.204209251313134,22.604581669267848,22.09208366221382,23.096088751770704,0.3949622650300739,0.1413352513131371,0.5417076692678471,0.029209662213820244,1.033214751770702,1.1307,1.0259,1.3933,0.8404,1.9310399999999999,62.52063904644868,61.97024109954577,62.97456325769022,60.99622624479297,64.11476959241381,83.71589439793637,82.84936804520457,84.18663085134406,82.14641053049188,84.96877903185393,0.0,1.0,0.0,False
PTH1R,chai,apo,B,25,,,,,,21.884716881879008,21.684928706361937,22.29513491773486,21.439111996782962,22.650072214794893,-0.1781571181209926,-0.3779452936380636,0.2322609177348589,-0.6237620032170377,0.5871982147948912,0.977,0.91,1.0658,0.8889,1.15594,70.53457414553236,70.41569599254576,70.6955881252223,70.31883453593966,70.85686979355813,83.10259895830264,82.99095847066157,83.29637476162098,82.88182043034567,84.11953657095512,0.0,1.0,0.0,False
PTH1R,chai,cognate,B,25,,,,,,22.25741714575166,22.037723226322633,22.512878714193793,21.84705196979551,22.657634130259595,0.1945431457516591,-0.0251507736773675,0.4500047141937919,-0.2158220302044938,0.5947601302595931,1.0046,0.9412,1.0856,0.8455400000000001,1.1657199999999999,70.07874539237498,70.0129810004972,70.13980545302512,69.97359765846141,70.19679701168049,85.69227007759942,85.49837187618333,85.78168427053848,85.39761919159076,85.88842201026053,0.0,1.0,0.0,False
PTH1R,of3,apo,B,25,,,,,,18.49120958630971,17.847199241915387,19.438689008934073,16.815004824428684,23.045312586856202,-3.5716644136902893,-4.215674758084614,-2.6241849910659276,-5.247869175571316,0.9824385868562008,2.5364,2.3743,2.6273,1.62244,2.80698,62.748854258527786,62.5058197423327,63.14218621430801,62.35069266558716,63.31959365803908,72.29421131947846,72.0678895887304,72.7890715975257,71.71645201318509,73.81998969356263,0.0,1.0,0.0,False
PTH1R,of3,cognate,B,25,,,,,,23.45124420068129,23.08294882123385,23.6431693483029,22.731878935137335,24.06457613197301,1.3883702006812904,1.0200748212338482,1.5802953483029007,0.6690049351373346,2.0017021319730093,1.7274,1.5411,1.8496,1.4336,2.2325599999999994,65.20196434164544,64.71299066489101,65.57392006246869,64.1063621298571,66.29722211839228,82.68711493492054,82.55071222121038,82.9119966108308,81.6406209670144,83.33012793118765,0.0,1.0,0.0,False
PTH1R,protenix,apo,B,25,,,,,,18.54259084780717,17.08340000514634,21.449100271868552,15.239879696408915,23.082527110837464,-3.5202831521928317,-4.9794739948536595,-0.6137737281314486,-6.822994303591085,1.0196531108374605,2.2922,1.658,2.5019,1.51422,2.8359799999999997,63.50100034949406,63.04098053280005,63.84501730767629,62.55031235863809,64.16709919352813,73.74822361220293,73.3719782507627,75.31677778736103,73.2739242167881,76.45147202965664,0.0,0.96,0.0,False
PTH1R,protenix,cognate,B,25,,,,,,22.73768660520064,22.598206685044595,22.80885670105848,22.473839720780475,22.869814006153867,0.6748126052006391,0.5353326850445939,0.7459827010584767,0.4109657207804744,0.8069400061538652,1.4006,1.3489,1.4809,1.292,1.62918,61.657447931491966,61.33120719587251,61.87153699091266,61.07462127864129,62.35597296490391,79.16235835905488,79.06077596290406,79.21971010825371,78.85903302108888,80.3096798141687,0.0,1.0,0.0,False
SMO,boltz,apo,F,25,,,,,,18.641953646876715,18.46465991327217,18.81963947247927,17.946037748565324,18.98894134614389,-3.5967616521285883,-3.648666751145551,-3.5198075901099983,-3.7968443371339866,-3.4327716180878904,1.0912,1.0463,1.3658,0.96632,1.5247599999999997,70.01582594778213,69.7070647824977,70.40894665409074,69.13714962999278,70.79840796057422,92.65334968566894,91.87844924926758,93.02360038757324,91.25278007507325,93.51228004455568,0.0,1.0,0.0,False
SMO,boltz,cognate,F,25,,,,,,18.86471796091582,18.71360466576656,18.92537543201191,18.539402450441504,18.981894735533597,-3.3977063078891927,-3.4971862302198105,-3.286636425673427,-3.6867380541590835,-3.221076285812461,1.0799,1.0357,1.1548,0.9861000000000001,1.2575999999999998,68.66680054622199,68.1833481964344,69.14769626845248,67.83073539588473,69.59092307714829,90.57484893798828,90.4582504272461,91.04575042724608,89.97666969299317,92.07203994750977,0.0,1.0,0.0,False
SMO,chai,apo,F,25,,,,,,18.75404271083971,18.708144135643177,18.889693353784228,18.601631559053903,19.066180388743227,-3.3941856103205144,-3.4429583543230287,-3.283508402650252,-3.5692295884924587,-3.1679545699629554,0.9323,0.917,0.9642,0.90092,0.99892,76.12531939149481,76.07585117078773,76.20911691382825,75.94945299835862,76.38329982982405,90.00998449885655,89.92172607361324,90.0789413010128,89.82244890040442,90.11924081230163,0.0,1.0,0.0,False
SMO,chai,cognate,F,25,,,,,,18.797617029825883,18.72641132198051,18.874384493275535,18.620536543392046,18.9231191984903,-3.194193021365969,-3.255425401453488,-3.160267932761842,-3.448596932485304,-3.095580687492819,0.9485,0.9344,0.9768,0.9112399999999999,1.0302200000000001,72.98300835738978,72.92322082180434,73.04153723332637,72.84242515197704,73.19614037397139,88.6540024792202,88.59108243382165,88.72705167830938,88.50314590796214,88.7935970915537,0.0,1.0,0.0,False
SMO,of3,apo,F,25,,,,,,18.380230972058342,18.090385622387675,18.48737481503187,16.239962716166474,18.631126307776054,-3.5860106305358137,-3.627459404740178,-3.52148621955261,-4.329318173643322,-3.420692769719325,1.0905,1.0564,1.126,1.0206600000000001,1.6222199999999998,69.65876774677346,69.49939253664535,69.82427248650804,69.37157254618879,70.04671776756801,84.70303791174813,84.11762297796824,85.37215558263992,82.87517522203355,85.59650611108447,0.0,1.0,0.0,False
SMO,of3,cognate,F,25,,,,,,16.240513456417762,16.011797447769286,18.014989681817823,15.77562557747073,18.534811522637494,-3.403456266515665,-3.523074695145546,-3.2745062133474008,-3.665755914310085,-3.1283523190146187,1.6513,1.5469,1.7504,1.34782,2.0752599999999997,65.19402698195698,64.84300820357917,65.5249835960225,63.889917169147985,65.97232145036129,84.59064057183645,83.75671135107676,84.94899454313612,82.20909764486646,87.16176391804406,0.0,1.0,0.0,False
SMO,protenix,apo,F,25,,,,,,18.413676244316548,18.367128098272552,18.44386022619065,18.320321384321524,18.483074028468,-3.534484581871231,-3.545655463081353,-3.493673489825408,-3.6575193898723466,-3.453175422008141,1.0398,1.0174,1.0706,0.98638,1.16476,69.04761547572245,68.6652114024819,69.44873202521072,68.41423846817462,69.6991791482511,85.70338225833953,85.59348691834343,85.91084433283126,85.01030928363497,86.16644381638179,0.0,1.0,0.0,False
SMO,protenix,cognate,F,25,,,,,,18.60731537865917,18.552996701928937,18.68266221740041,18.470603608146735,18.80115013432687,-3.236261639760267,-3.2553609809466906,-3.2092792459517376,-3.33958073443561,-3.105678145399364,1.0356,1.0079,1.0556,0.97324,1.1433,64.8490893361627,64.59724736359125,65.10279745814391,64.23554641445938,65.41418325120485,84.42496206404671,84.16084134571136,84.51649651285202,83.96629908071245,86.48253936543541,0.0,1.0,0.0,False
