receptor_slug,arm,backbone,tip_median,tip_p25,tip_p75,contacts_total_median,plddt_alpha5_median,npxxy_median,tilt_median,active_frac,n_rows,pif_d_5_50_3_40_ca,pif_d_3_40_6_44_ca,pif_sum_ca,n_contacts_TM3,n_contacts_TM5,n_contacts_TM6,contact_register_last5_json,bsa_A2,partner_tail11_helicity_frac,partner_chain_id,n_partner_aa,cell_active_predicate,cell_engaged_20,cell_engaged_but_inactive
5HT1B,apo,boltz,,,,,,12.885061502107819,13.375884789740208,0.0,50,7.39415491358546,7.970792428698668,15.364947342284127,,,,,,,,0,False,False,False
5HT1B,apo,chai,,,,,,13.422839927841732,14.996430953009927,0.0,50,7.490349925070258,8.24172215013343,15.732072075203687,,,,,,,,0,False,False,False
5HT1B,apo,of3,,,,,,6.716957146222006,13.457294984460002,0.16,50,7.090975421064653,8.142593064094974,15.233568485159626,,,,,,,,0,False,False,False
5HT1B,apo,protenix,,,,,,5.550786109697116,14.440691800353875,0.06,50,7.249880537571012,8.059882102413443,15.309762639984456,,,,,,,,0,False,False,False
5HT1B,cognate,boltz,12.939463286479548,12.87427511764519,13.04141715169563,73.0,86.17897548675538,4.691069697046904,17.861786816339567,1.0,50,7.315983662440751,8.36864152522379,15.68462518766454,23.0,34.0,38.0,"{""-5"": [""3.50"", ""8.47""], ""-4"": [""3.50"", ""3.54"", ""6.36"", ""6.40"", ""7.56""], ""-3"": [""6.32"", ""6.33"", ""6.36"", ""7.56""], ""-2"": [""5.61"", ""5.65"", ""5.69"", ""6.29"", ""6.33"", ""6.36"", ""6.37""], ""-1"": [""5.65"", ""5.68"", ""5.69"", ""6.29"", ""6.32"", ""6.33""]}",1673.16796875,0.7272727272727273,B,354,True,True,False
5HT1B,cognate,chai,13.180966693366695,13.098085584254054,13.256926792897763,62.0,86.79201751147514,3.674911349407014,18.40319681273594,1.0,50,7.302805830637976,8.52334376873302,15.826149599370996,21.0,25.0,26.0,"{""-5"": [""3.50"", ""7.56"", ""8.47"", ""8.48"", ""8.49""], ""-4"": [""3.50"", ""3.54"", ""6.36"", ""6.40"", ""7.56""], ""-3"": [""6.32"", ""6.33"", ""6.36"", ""7.56""], ""-2"": [""3.54"", ""5.61"", ""5.65"", ""6.29"", ""6.32"", ""6.33"", ""6.36"", ""6.37""], ""-1"": [""5.65"", ""5.68"", ""5.69"", ""5.72"", ""6.29"", ""6.32""]}",1336.1953125,0.7272727272727273,B,354,True,True,False
5HT1B,cognate,of3,13.172411079118703,13.074037526256209,13.249024028133597,73.0,80.24888744204935,3.9328726234053653,18.191926951083673,1.0,50,7.087183012681044,8.413849718541519,15.501032731222562,27.0,28.0,41.0,"{""-5"": [""3.50"", ""7.56"", ""8.47"", ""8.49""], ""-4"": [""3.50"", ""3.54"", ""6.36"", ""6.40"", ""7.56""], ""-3"": [""6.32"", ""6.33"", ""6.36"", ""7.56""], ""-2"": [""3.54"", ""5.61"", ""5.69"", ""6.29"", ""6.33"", ""6.36"", ""6.37""], ""-1"": [""5.69"", ""5.72"", ""6.29"", ""6.32""]}",1573.0498046875,0.7272727272727273,B,354,True,True,False
5HT1B,cognate,protenix,12.940987500936721,12.910678979174122,12.985150774545316,72.5,85.61557515163614,3.8238121838986494,18.24249704501546,1.0,50,7.240024329441058,8.558723059470845,15.798747388911902,24.0,35.0,37.0,"{""-5"": [""3.50"", ""7.56"", ""8.47"", ""8.49""], ""-4"": [""3.50"", ""3.54"", ""6.36"", ""6.40"", ""7.56""], ""-3"": [""6.32"", ""6.33"", ""6.36"", ""7.56""], ""-2"": [""3.54"", ""5.61"", ""5.65"", ""5.69"", ""6.29"", ""6.33"", ""6.36"", ""6.37""], ""-1"": [""5.69"", ""5.72"", ""6.29"", ""6.32""]}",1202.029296875,0.7272727272727273,B,354,True,True,False
5HT1B,decoy,boltz,28.80181125184066,22.476223624806348,37.85328147370963,43.0,65.34700002670289,12.703066835229908,14.320354541929978,0.22,50,7.29541329459819,8.009362119682192,15.304775414280382,32.0,71.0,28.0,"{""-5"": [""5.69"", ""5.70""], ""-4"": [""5.62"", ""5.65"", ""5.66"", ""5.69"", ""6.31""], ""-3"": [""6.31""], ""-2"": [""6.31""], ""-1"": [""5.69"", ""5.73"", ""6.27"", ""6.28"", ""6.31""]}",3106.291015625,0.1818181818181818,B,354,False,False,False
5HT1B,decoy,chai,16.172340389394932,10.04612636212957,29.687237341216015,20.5,66.3567789358494,13.328715633022755,15.31996754620187,0.12,50,7.114879268125356,8.14944501177841,15.264324279903764,6.0,24.0,19.0,"{""-5"": [""6.26"", ""6.29""], ""-4"": [""3.53"", ""34.50"", ""34.51""], ""-3"": [""3.53"", ""3.54"", ""34.50"", ""5.68""], ""-2"": [""5.65"", ""5.68"", ""5.69"", ""6.26"", ""6.27"", ""6.29"", ""6.30""], ""-1"": []}",2433.294921875,0.8181818181818182,B,354,False,True,True
5HT1B,decoy,of3,19.350707088766207,15.1404335539496,32.39383936485481,52.5,55.402044565282,3.8231022746861427,17.49046249882739,0.84,50,7.159606208341507,8.37412776965679,15.533733977998295,14.0,28.0,31.0,"{""-5"": [""5.65"", ""5.68"", ""5.69"", ""6.29"", ""6.30"", ""6.33""], ""-4"": [""5.69"", ""5.72"", ""6.26"", ""6.29"", ""6.32""], ""-3"": [""7.56""], ""-2"": [""7.56"", ""8.47"", ""8.48"", ""8.49""], ""-1"": [""6.29"", ""6.32"", ""8.48""]}",1721.615234375,0.6363636363636364,B,354,True,True,False
5HT1B,decoy,protenix,18.37365014237504,10.785204425449365,19.738061494729713,73.5,57.27944668450225,3.851347504414937,17.81288555583852,0.98,50,7.234972916446957,8.52106251603014,15.756035432477098,23.0,18.0,35.0,"{""-5"": [""3.50"", ""3.54"", ""5.58"", ""5.61"", ""6.33"", ""6.36"", ""6.37"", ""7.56""], ""-4"": [""3.50"", ""6.32"", ""6.36"", ""7.53"", ""7.56"", ""8.47""], ""-3"": [""2.40"", ""2.43"", ""3.50"", ""8.47"", ""8.49""], ""-2"": [""8.47"", ""8.48"", ""8.49""], ""-1"": [""12.49"", ""2.37"", ""2.39"", ""2.40"", ""34.57""]}",1856.5791015625,0.6363636363636364,B,354,True,True,False
5HT1B,shuffled,boltz,14.035809828220204,13.776005312032929,14.223388262902931,78.0,85.17935028076172,4.199092843839917,18.05414466860288,1.0,50,7.261088551505208,8.450204838872251,15.71129339037746,31.0,41.0,27.0,"{""-5"": [""2.40"", ""7.56"", ""8.47"", ""8.48"", ""8.49""], ""-4"": [""2.39"", ""3.49"", ""3.50"", ""3.53"", ""3.54"", ""34.57"", ""6.36"", ""7.56""], ""-3"": [""6.32"", ""6.33"", ""6.36"", ""7.55"", ""7.56"", ""8.47"", ""8.48"", ""8.51""], ""-2"": [""3.54"", ""5.61"", ""5.65"", ""5.69"", ""6.29"", ""6.33"", ""6.36"", ""6.37""], ""-1"": [""5.65"", ""5.68"", ""5.69"", ""6.29"", ""6.32""]}",2404.580078125,0.7272727272727273,B,394,True,True,False
5HT1B,shuffled,chai,13.769315305812137,13.672119352238482,13.878931686028224,76.0,88.20522919466313,3.6546510918737223,18.20463493090986,1.0,50,7.180161627707276,8.55620301301927,15.736364640726546,30.0,39.0,31.0,"{""-5"": [""7.56"", ""8.47"", ""8.48"", ""8.49""], ""-4"": [""2.39"", ""3.49"", ""3.50"", ""3.53"", ""3.54"", ""34.57"", ""6.36"", ""7.56"", ""8.47""], ""-3"": [""6.32"", ""6.33"", ""6.36"", ""7.55"", ""7.56"", ""8.47"", ""8.48""], ""-2"": [""3.54"", ""5.61"", ""5.65"", ""6.29"", ""6.33"", ""6.36"", ""6.37""], ""-1"": [""5.65"", ""5.68"", ""5.69"", ""6.29"", ""6.32""]}",1898.494140625,0.7272727272727273,B,394,True,True,False
5HT1B,shuffled,of3,13.872872318130593,13.781631438945727,14.01735211419162,73.0,81.50140050395743,3.9807875987572032,18.318867299676576,1.0,50,7.201220763523048,8.384055888840864,15.585276652363913,31.0,32.0,22.0,"{""-5"": [""7.56"", ""8.47"", ""8.49""], ""-4"": [""3.49"", ""3.50"", ""3.53"", ""3.54"", ""34.57"", ""6.36""], ""-3"": [""6.32"", ""6.33"", ""6.36"", ""7.55"", ""7.56"", ""8.51""], ""-2"": [""3.54"", ""5.61"", ""5.65"", ""5.69"", ""6.29"", ""6.33"", ""6.36"", ""6.37""], ""-1"": [""5.65"", ""5.68"", ""5.69"", ""5.72"", ""6.29"", ""6.32""]}",2168.1943359375,0.7272727272727273,B,394,True,True,False
5HT1B,shuffled,protenix,13.710972291521806,13.653098604806377,13.81748049204709,75.5,84.93181977252078,3.834604766253878,18.361606609264694,1.0,50,7.314264825687062,8.477682700893793,15.791947526580856,27.0,34.0,28.0,"{""-5"": [""7.56"", ""8.47"", ""8.49""], ""-4"": [""2.39"", ""3.49"", ""3.50"", ""3.53"", ""3.54"", ""34.57"", ""6.36""], ""-3"": [""6.32"", ""6.33"", ""6.36"", ""7.55"", ""7.56"", ""8.47"", ""8.51""], ""-2"": [""3.54"", ""5.61"", ""5.65"", ""5.69"", ""6.29"", ""6.33"", ""6.36"", ""6.37""], ""-1"": [""5.65"", ""5.68"", ""5.69"", ""6.29"", ""6.32"", ""6.33""]}",1928.775390625,0.7272727272727273,B,394,True,True,False
5HT2C,apo,boltz,,,,,,12.162361559756754,14.115092728225768,0.0,50,7.163703973252943,8.834702164312048,15.998406137564992,,,,,,,,0,False,False,False
5HT2C,apo,chai,,,,,,13.827992676364298,13.284692323984636,0.0,50,6.885775845901462,8.303631675357476,15.18940752125894,,,,,,,,0,False,False,False
5HT2C,apo,of3,,,,,,14.216560008413893,13.415197905336555,0.0,50,7.121518044113598,8.30105344198771,15.422571486101308,,,,,,,,0,False,False,False
5HT2C,apo,protenix,,,,,,13.019348413775859,12.59417421802204,0.0,50,6.708020008350643,8.105099078751698,14.81311908710234,,,,,,,,0,False,False,False
5HT2C,cognate,boltz,12.789588931517045,12.717289687916153,12.853152922481863,63.0,76.10995044708253,12.22553006141281,16.949426630834267,0.0,50,7.243782531654301,8.973011546398455,16.216794078052757,24.0,9.0,40.0,"{""-5"": [""2.37"", ""2.38"", ""2.39"", ""2.40"", ""34.53"", ""34.57""], ""-4"": [""2.39"", ""3.46"", ""3.49"", ""3.50"", ""3.53"", ""34.53"", ""34.57"", ""4.45"", ""7.53""], ""-3"": [""2.40"", ""2.43"", ""3.50"", ""6.36"", ""7.53"", ""7.54"", ""7.56"", ""8.47"", ""8.50""], ""-2"": [""3.50"", ""3.54"", ""6.32"", ""6.33"", ""6.36"", ""6.37""], ""-1"": [""6.29"", ""6.30"", ""6.32"", ""6.33"", ""7.56"", ""8.47""]}",3933.982421875,0.7272727272727273,B,359,False,True,True
5HT2C,cognate,chai,12.725610963830118,12.627008872438912,12.801877721354284,68.0,83.655789745401,11.50884187364082,17.11191357316401,0.0,50,7.051345970805858,9.060415332643425,16.11176130344928,29.0,10.0,46.0,"{""-5"": [""2.37"", ""2.38"", ""2.39"", ""2.40"", ""34.57""], ""-4"": [""2.39"", ""3.46"", ""3.49"", ""3.50"", ""3.53"", ""34.53"", ""34.57""], ""-3"": [""2.40"", ""2.43"", ""3.50"", ""6.36"", ""7.53"", ""7.54"", ""7.56"", ""8.47"", ""8.50""], ""-2"": [""3.50"", ""3.54"", ""6.32"", ""6.33"", ""6.36"", ""6.37"", ""7.56""], ""-1"": [""6.29"", ""6.32"", ""6.33"", ""7.56"", ""8.47""]}",3556.400390625,0.7272727272727273,B,359,False,True,True
5HT2C,cognate,of3,12.743825897458109,12.659591951632319,12.915106150708334,62.5,80.67829560374113,4.057703207223648,17.15714909836703,0.52,50,7.287253588982989,8.597261196517023,15.884514785500013,23.0,16.0,46.0,"{""-5"": [""2.37"", ""2.38"", ""2.39"", ""2.40"", ""34.57""], ""-4"": [""2.39"", ""3.46"", ""3.49"", ""3.50"", ""3.53"", ""34.53"", ""34.57""], ""-3"": [""2.40"", ""2.43"", ""3.50"", ""6.36"", ""7.53"", ""7.54"", ""7.56"", ""8.47"", ""8.50""], ""-2"": [""3.50"", ""3.54"", ""6.29"", ""6.32"", ""6.33"", ""6.36"", ""6.37""], ""-1"": [""6.29"", ""6.32"", ""6.33"", ""7.56"", ""8.47""]}",2160.033203125,0.7272727272727273,B,359,True,True,False
5HT2C,cognate,protenix,12.861180223377712,12.780266249478878,12.944599647836412,61.0,81.96140106181906,12.008614620610855,17.000079021547585,0.1,50,7.317040513995097,8.719591678512469,16.036632192507565,21.0,12.0,46.0,"{""-5"": [""2.37"", ""2.38"", ""2.39"", ""2.40"", ""34.57""], ""-4"": [""2.39"", ""3.46"", ""3.49"", ""3.50"", ""3.53"", ""34.53"", ""34.57""], ""-3"": [""2.40"", ""2.43"", ""6.36"", ""7.53"", ""7.54"", ""7.56"", ""8.47"", ""8.50""], ""-2"": [""3.50"", ""3.54"", ""6.29"", ""6.32"", ""6.33"", ""6.36"", ""6.37""], ""-1"": [""6.29"", ""6.30"", ""6.32"", ""6.33"", ""7.56"", ""8.47""]}",2163.033203125,0.7272727272727273,B,359,False,True,True
5HT2C,decoy,boltz,21.68515835971045,18.946455842433632,23.531097703269012,93.5,60.06857476234437,11.915489830328603,14.144858978456607,0.0,50,7.1107110459222005,8.50638823551453,15.61709928143673,0.0,43.0,48.0,"{""-5"": [], ""-4"": [], ""-3"": [], ""-2"": [""8.48"", ""8.52""], ""-1"": [""12.49"", ""8.48"", ""8.49"", ""8.52""]}",4892.03515625,0.5454545454545454,B,359,False,False,False
5HT2C,decoy,chai,10.727100565621663,9.986102054986569,11.728898317079498,45.5,65.27663758021583,11.498721831452922,16.50798712452628,0.0,50,7.177308339482148,8.692206624327335,15.869514963809484,12.0,18.0,28.0,"{""-5"": [""12.49"", ""2.37""], ""-4"": [""2.37"", ""2.39"", ""3.53"", ""34.50"", ""34.53"", ""34.54""], ""-3"": [""12.49"", ""12.50"", ""2.37"", ""2.40"", ""3.50"", ""8.47"", ""8.49""], ""-2"": [""2.39"", ""3.49"", ""3.50"", ""3.53"", ""3.54"", ""6.33""], ""-1"": [""5.65"", ""5.68"", ""6.29"", ""6.30"", ""6.32"", ""6.33"", ""6.36"", ""7.56"", ""8.47""]}",3413.9130859375,0.7272727272727273,B,359,False,True,True
5HT2C,decoy,of3,20.488625622614105,10.933139147627424,35.80330784987429,54.0,58.096515243517885,13.54384057475476,15.72521909725854,0.0,50,7.416983262472015,8.029340709696339,15.446323972168354,6.0,9.0,15.0,"{""-5"": [], ""-4"": [], ""-3"": [], ""-2"": [], ""-1"": []}",2721.18359375,0.9090909090909092,B,359,False,False,False
5HT2C,decoy,protenix,31.473354274002563,28.891163617173547,33.64215732552155,56.5,68.40581080495564,12.946898336643056,12.610896444246407,0.0,50,6.788285668770523,8.065287425732043,14.853573094502565,0.0,40.0,35.0,"{""-5"": [], ""-4"": [], ""-3"": [], ""-2"": [], ""-1"": []}",3879.5927734375,0.9090909090909092,B,359,False,False,False
5HT2C,shuffled,boltz,12.843949683502355,12.741265794039437,13.013601828156458,72.0,76.5060998916626,12.218076465769588,17.101973349206244,0.0,50,7.302311658173734,8.75111086343328,16.05342252160701,32.0,16.0,39.0,"{""-5"": [""2.37"", ""2.39"", ""2.40"", ""34.57"", ""8.47""], ""-4"": [""2.39"", ""3.46"", ""3.49"", ""3.50"", ""3.53"", ""34.53"", ""7.53""], ""-3"": [""2.40"", ""2.43"", ""3.50"", ""6.36"", ""7.53"", ""7.54"", ""7.56"", ""8.47"", ""8.50""], ""-2"": [""3.50"", ""3.54"", ""6.29"", ""6.32"", ""6.33"", ""6.36"", ""6.37""], ""-1"": [""6.29"", ""6.30"", ""6.32"", ""6.33"", ""7.56""]}",3689.4423828125,0.7272727272727273,B,394,False,True,True
5HT2C,shuffled,chai,13.32783168103555,13.14034420164593,13.397987138092837,71.0,79.54104898868013,11.643800084640462,17.38046170967763,0.0,50,7.073259008406239,8.650666795108918,15.723925803515158,29.0,35.0,36.0,"{""-5"": [], ""-4"": [""2.39"", ""3.49"", ""3.50"", ""3.53"", ""34.53""], ""-3"": [""6.36"", ""7.56"", ""8.47"", ""8.48""], ""-2"": [""3.50"", ""3.54"", ""6.29"", ""6.32"", ""6.33"", ""6.36"", ""6.37""], ""-1"": [""6.29"", ""6.30"", ""6.32"", ""6.33""]}",2460.177734375,0.7272727272727273,B,394,False,True,True
5HT2C,shuffled,of3,12.926988855895873,12.781401335019368,13.041982307791715,59.5,77.01136611914393,12.710786032374578,17.343504290406287,0.02,50,7.232597223651711,8.595867035337728,15.828464258989438,27.0,8.0,35.0,"{""-5"": [""2.37"", ""2.39"", ""2.40"", ""34.57""], ""-4"": [""2.39"", ""3.46"", ""3.49"", ""3.50"", ""3.53"", ""34.53""], ""-3"": [""2.40"", ""2.43"", ""6.36"", ""7.53"", ""7.54"", ""7.55"", ""7.56"", ""8.47"", ""8.50""], ""-2"": [""3.50"", ""3.54"", ""6.29"", ""6.32"", ""6.33"", ""6.36"", ""6.37""], ""-1"": [""6.29"", ""6.30"", ""6.32"", ""6.33""]}",2176.900390625,0.7272727272727273,B,394,False,True,True
5HT2C,shuffled,protenix,12.874077849659525,12.812010926889561,12.987751305160394,58.0,77.94346165988009,12.178340716311986,17.2112807540344,0.12,50,7.342317517759815,8.661274175572624,16.00359169333244,27.0,15.0,32.0,"{""-5"": [""2.37"", ""2.38"", ""2.39"", ""34.57"", ""8.47""], ""-4"": [""2.39"", ""3.46"", ""3.49"", ""3.50"", ""3.53"", ""34.53""], ""-3"": [""6.36"", ""7.53"", ""7.56"", ""8.47"", ""8.48""], ""-2"": [""3.50"", ""3.54"", ""6.29"", ""6.32"", ""6.33"", ""6.36"", ""6.37""], ""-1"": [""6.25"", ""6.29"", ""6.30"", ""6.32"", ""6.33""]}",3598.0087890625,0.7272727272727273,B,394,False,True,True
5HT5A,apo,boltz,,,,,,17.941830159700707,13.10153416161841,0.0,50,7.14142189160534,7.7476889002592255,14.889110791864566,,,,,,,,0,False,False,False
5HT5A,apo,chai,,,,,,14.006759874951623,16.08250024203491,0.32,50,7.15775474572858,8.47575282792036,15.63350757364894,,,,,,,,0,False,False,False
5HT5A,apo,of3,,,,,,13.609591518570141,13.516871675265097,0.0,50,7.155005062804013,7.934702432623117,15.08970749542713,,,,,,,,0,False,False,False
5HT5A,apo,protenix,,,,,,16.761034709694492,13.633678485540452,0.0,50,7.273820479923926,7.643980188352516,14.917800668276442,,,,,,,,0,False,False,False
5HT5A,cognate,boltz,12.885916024920773,12.789308932339443,13.026938232397905,96.0,77.2491003036499,3.554794165524134,18.600956714633604,1.0,50,7.278957077548955,8.34134163791413,15.620298715463086,22.0,43.0,27.0,"{""-5"": [""2.37"", ""3.50"", ""8.47""], ""-4"": [""3.50"", ""3.54"", ""6.36""], ""-3"": [""6.32"", ""6.36""], ""-2"": [""5.61"", ""5.65"", ""6.29"", ""6.32"", ""6.33"", ""6.36"", ""6.37"", ""6.40""], ""-1"": [""5.65"", ""5.68"", ""5.69"", ""6.25"", ""6.29"", ""6.32""]}",2280.2890625,0.7272727272727273,B,354,True,True,False
5HT5A,cognate,chai,13.107802910932168,13.018318907758285,13.229766638383689,106.0,81.4907453290931,3.336646589293786,18.83568155136757,1.0,50,7.0934007358953,8.67802673422939,15.771427470124689,19.0,61.0,33.0,"{""-5"": [""2.37"", ""2.38"", ""8.47"", ""8.49""], ""-4"": [""3.50"", ""3.53"", ""3.54""], ""-3"": [""6.32"", ""6.36"", ""7.56""], ""-2"": [""3.54"", ""5.61"", ""5.65"", ""6.29"", ""6.32"", ""6.33"", ""6.36"", ""6.37"", ""6.40""], ""-1"": [""5.65"", ""5.69"", ""6.29"", ""6.32"", ""6.33""]}",1903.193359375,0.7272727272727273,B,354,True,True,False
5HT5A,cognate,of3,12.594212369360921,12.353345153919788,12.748537982042997,81.5,71.05045433797534,3.910868054336166,18.046169812121658,1.0,50,7.037931350958118,8.53043747386276,15.568368824820878,20.0,35.0,44.0,"{""-5"": [""8.47"", ""8.49""], ""-4"": [""3.50"", ""3.53"", ""3.54""], ""-3"": [""3.50"", ""6.36"", ""7.56"", ""8.47""], ""-2"": [""3.50"", ""3.54"", ""5.58"", ""5.61"", ""6.32"", ""6.33"", ""6.36"", ""6.37""], ""-1"": [""5.65"", ""5.69"", ""6.29"", ""6.30"", ""6.32"", ""6.33""]}",1584.16796875,0.7272727272727273,B,354,True,True,False
5HT5A,cognate,protenix,12.694972467525213,12.505454211710102,12.867141255386047,81.5,82.4941179877855,4.141215863099168,18.163296329127746,1.0,50,7.195520991859729,8.57694059115902,15.77246158301875,16.0,48.0,36.0,"{""-5"": [""2.37"", ""2.38"", ""8.47"", ""8.49""], ""-4"": [""3.50"", ""3.53"", ""4.38"", ""8.47""], ""-3"": [""6.36"", ""7.56"", ""8.47""], ""-2"": [""3.50"", ""3.54"", ""5.58"", ""5.61"", ""6.29"", ""6.32"", ""6.33"", ""6.36"", ""6.37"", ""6.40""], ""-1"": [""5.65"", ""5.69"", ""6.29"", ""6.32"", ""6.33""]}",1467.0859375,0.7272727272727273,B,354,True,True,False
5HT5A,decoy,boltz,8.744906507218346,8.08563594232303,10.792458305517968,72.0,63.25137529373169,3.5266051809069543,17.756152868812983,0.8,50,7.217168005533749,8.296267854408994,15.513435859942742,17.0,25.0,38.0,"{""-5"": [""5.68"", ""5.69""], ""-4"": [""3.53"", ""5.68""], ""-3"": [""8.47""], ""-2"": [""2.37"", ""2.39"", ""3.50"", ""4.38"", ""7.53"", ""8.47""], ""-1"": [""3.50"", ""5.61"", ""5.68"", ""6.33"", ""6.36"", ""6.37"", ""6.40"", ""7.52""]}",2465.576171875,0.3636363636363636,B,354,True,True,False
5HT5A,decoy,chai,10.51866279563028,9.80676048511913,10.948134279888428,115.5,66.86434443969232,3.4749335208915375,18.599430353271266,1.0,50,7.139801467828081,8.56210739245894,15.70190886028702,30.0,74.0,37.0,"{""-5"": [""12.51"", ""2.37""], ""-4"": [""2.37"", ""3.50"", ""3.53"", ""3.54"", ""4.38""], ""-3"": [""3.54"", ""5.61"", ""6.32"", ""6.33"", ""6.34"", ""6.36"", ""6.37""], ""-2"": [""2.37"", ""6.25"", ""6.29"", ""6.32"", ""6.33"", ""6.36""], ""-1"": [""2.37"", ""3.50"", ""5.58"", ""6.36"", ""6.40"", ""7.52"", ""7.53"", ""7.56"", ""8.47""]}",2992.6328125,0.8181818181818182,B,354,True,True,False
5HT5A,decoy,of3,8.973117160770231,7.783200709970158,9.831603862887894,59.5,57.543275743120844,12.639511582160832,15.93195344119136,0.44,50,7.118981410427155,8.31293661043143,15.431918020858586,26.0,17.0,53.0,"{""-5"": [""2.39"", ""3.49"", ""3.50"", ""3.53"", ""3.54"", ""4.38""], ""-4"": [""3.54"", ""5.61"", ""5.68"", ""6.33""], ""-3"": [""6.29"", ""6.33"", ""7.56""], ""-2"": [""3.50"", ""6.29"", ""8.47"", ""8.49""], ""-1"": [""3.46"", ""3.50"", ""6.33"", ""6.36"", ""6.37"", ""7.53"", ""7.56"", ""8.47""]}",1473.1953125,0.9090909090909092,B,354,False,True,True
5HT5A,decoy,protenix,11.594355592741096,10.96458407854036,12.585330516015798,79.5,70.18931520463755,4.267332563300727,17.830525613868943,0.8,50,7.209378070181313,8.731862813681593,15.941240883862909,24.0,36.0,34.0,"{""-5"": [""2.40"", ""8.47"", ""8.49"", ""8.50""], ""-4"": [""3.50"", ""3.54"", ""5.61"", ""6.36""], ""-3"": [""6.32"", ""6.33"", ""6.36""], ""-2"": [""6.36"", ""7.56"", ""8.47"", ""8.48""], ""-1"": [""3.50"", ""6.36"", ""7.52"", ""7.53"", ""7.54"", ""7.56"", ""8.47""]}",1749.880859375,0.9090909090909092,B,354,True,True,False
5HT5A,shuffled,boltz,13.72451648354826,13.564418613329472,13.854705376373284,101.0,78.84770011901855,3.6738236270543068,18.613927087612304,1.0,50,7.243291735454261,8.194563484243686,15.437855219697948,24.0,93.0,22.0,"{""-5"": [""8.47""], ""-4"": [""3.49"", ""3.50"", ""3.53"", ""3.54"", ""4.38"", ""6.36""], ""-3"": [""6.32"", ""6.36"", ""7.56"", ""8.47"", ""8.48""], ""-2"": [""5.61"", ""5.65"", ""5.69"", ""6.29"", ""6.33"", ""6.36"", ""6.37""], ""-1"": [""5.65"", ""5.68"", ""5.69"", ""6.29"", ""6.32""]}",2184.5458984375,0.7272727272727273,B,394,True,True,False
5HT5A,shuffled,chai,14.041834726356026,13.967583759424684,14.148868986578643,113.0,83.75057578280891,3.238977013947238,18.98334998282761,1.0,50,7.370472237245047,8.479842333439933,15.85031457068498,25.0,78.0,21.0,"{""-5"": [""8.47""], ""-4"": [""3.49"", ""3.50"", ""3.53"", ""3.54"", ""4.38"", ""6.36""], ""-3"": [""6.32"", ""6.36"", ""7.56"", ""8.47"", ""8.48""], ""-2"": [""3.54"", ""5.61"", ""5.65"", ""6.29"", ""6.32"", ""6.33"", ""6.36"", ""6.37""], ""-1"": [""5.65"", ""5.68"", ""5.69"", ""6.29"", ""6.32""]}",1911.22265625,0.7272727272727273,B,394,True,True,False
5HT5A,shuffled,of3,13.294855216257087,12.882479064944246,13.543480551097483,87.0,73.05937650271136,3.866958289472044,17.994078385239796,0.98,50,7.078032507367072,8.547717742168622,15.625750249535695,31.0,67.0,14.0,"{""-5"": [""2.39"", ""2.40"", ""4.38"", ""8.47""], ""-4"": [""2.39"", ""3.49"", ""3.50"", ""3.53"", ""3.54"", ""4.38"", ""8.47""], ""-3"": [""6.32"", ""6.36"", ""7.56"", ""8.47"", ""8.48"", ""8.49""], ""-2"": [""3.50"", ""3.54"", ""5.61"", ""6.29"", ""6.32"", ""6.33"", ""6.36"", ""6.37""], ""-1"": [""5.65"", ""5.69"", ""6.29"", ""6.30"", ""6.33""]}",2618.4755859375,0.7272727272727273,B,394,True,True,False
5HT5A,shuffled,protenix,13.520820089066984,13.445955742979757,13.633466576914039,90.0,82.60032490569276,3.8339517464171715,18.528748058910075,1.0,50,7.185655833921334,8.505666523485484,15.691322357406818,25.0,57.0,21.0,"{""-5"": [""2.38"", ""2.40"", ""4.38"", ""8.47"", ""8.49""], ""-4"": [""3.49"", ""3.50"", ""3.53"", ""3.54"", ""4.38"", ""6.36""], ""-3"": [""6.32"", ""6.33"", ""6.36"", ""7.56"", ""8.47"", ""8.48""], ""-2"": [""3.54"", ""5.61"", ""5.65"", ""6.29"", ""6.33"", ""6.36"", ""6.37""], ""-1"": [""5.65"", ""5.68"", ""5.69"", ""5.72"", ""6.29"", ""6.32""]}",1909.814453125,0.7272727272727273,B,394,True,True,False
AA1R,apo,boltz,,,,,,9.707969355722945,12.109314437600409,0.0,50,7.233315279628007,8.535062740214626,15.768378019842633,,,,,,,,0,False,False,False
AA1R,apo,chai,,,,,,9.40785993235556,12.18193018991606,0.0,50,7.278188098695994,8.486357699272403,15.764545797968395,,,,,,,,0,False,False,False
AA1R,apo,of3,,,,,,9.135880583545624,11.979684517392538,0.0,50,7.393341899156745,8.477427496534569,15.870769395691314,,,,,,,,0,False,False,False
AA1R,apo,protenix,,,,,,9.011228833392757,12.173229102773805,0.0,50,7.232806394367659,8.569612640770133,15.802419035137792,,,,,,,,0,False,False,False
AA1R,cognate,boltz,12.306445961835436,12.016320044311563,12.67449230213705,59.5,90.93737449645997,4.756510089471249,17.95574466688509,1.0,50,7.497224287568033,9.008152757397044,16.50537704496508,22.0,19.0,23.0,"{""-5"": [""2.37"", ""2.39"", ""2.40"", ""3.53"", ""8.47"", ""8.49""], ""-4"": [""3.50"", ""3.53"", ""8.47""], ""-3"": [""3.50"", ""6.36"", ""7.56"", ""8.47""], ""-2"": [""3.50"", ""5.61"", ""5.65"", ""6.32"", ""6.33"", ""6.36"", ""6.37"", ""6.40""], ""-1"": [""5.69"", ""6.29"", ""6.32"", ""6.33""]}",2031.216796875,0.7272727272727273,B,354,True,True,False
AA1R,cognate,chai,13.854703533950387,13.47689186870908,14.084272993116222,66.0,76.12041900992566,11.051822205645347,12.585000185819247,0.0,50,7.180492044421467,8.411633967309799,15.592126011731263,10.0,0.0,58.0,"{""-5"": [""12.49"", ""2.37"", ""2.40"", ""3.53"", ""34.54"", ""8.49""], ""-4"": [""2.37"", ""2.40"", ""3.50"", ""3.53"", ""6.30"", ""6.33"", ""8.49""], ""-3"": [""2.40"", ""6.29"", ""8.47"", ""8.49""], ""-2"": [""2.39"", ""2.40"", ""2.43"", ""3.50"", ""6.29"", ""6.33"", ""6.37"", ""8.47""], ""-1"": [""6.29"", ""6.32"", ""6.33"", ""6.36"", ""7.52"", ""7.56"", ""8.47""]}",1724.4091796875,0.5454545454545454,B,354,False,True,True
AA1R,cognate,of3,13.696274763672061,12.934247056110173,15.07762444717283,49.5,61.72950479744661,9.328193383813822,12.23829156995117,0.24,50,7.420414321229186,8.38864056625757,15.809054887486756,18.0,0.0,39.0,"{""-5"": [""12.49"", ""2.37"", ""34.54""], ""-4"": [""2.37"", ""2.39"", ""2.40"", ""3.50"", ""3.53"", ""6.33"", ""8.49""], ""-3"": [""12.49"", ""12.50"", ""2.40"", ""8.49""], ""-2"": [""12.50"", ""2.39"", ""2.40"", ""2.43"", ""3.50"", ""6.33"", ""8.47"", ""8.48"", ""8.49"", ""8.50""], ""-1"": [""3.53"", ""6.29"", ""6.30"", ""6.33"", ""8.48"", ""8.49""]}",1335.19140625,0.6363636363636364,B,354,False,True,True
AA1R,cognate,protenix,11.775264270830888,11.674843706349469,11.888511103273222,72.0,86.03282302627315,4.077292118479899,17.767094560675332,1.0,50,7.524773170278889,8.771817990651202,16.29659116093009,25.0,32.0,26.0,"{""-5"": [""2.37"", ""2.39"", ""2.40"", ""3.53"", ""8.47"", ""8.49""], ""-4"": [""2.39"", ""3.49"", ""3.50"", ""3.53"", ""7.53"", ""8.47""], ""-3"": [""6.36"", ""7.56"", ""8.47""], ""-2"": [""3.50"", ""5.61"", ""5.65"", ""6.33"", ""6.36"", ""6.37"", ""6.40""], ""-1"": [""34.51"", ""5.65"", ""5.69"", ""6.29"", ""6.32"", ""6.33"", ""7.56""]}",1532.470703125,0.7272727272727273,B,354,True,True,False
AA1R,decoy,boltz,17.973536053269388,17.29229724161248,18.795609789871808,46.0,76.56267538070679,9.807330177598313,12.163995251793317,0.0,50,7.211419250092176,8.550846630924916,15.762265881017091,2.0,22.0,17.0,"{""-5"": [""34.51"", ""34.55""], ""-4"": [""34.51"", ""34.54"", ""34.55""], ""-3"": [""34.51""], ""-2"": [""3.53"", ""34.50"", ""34.51"", ""34.54"", ""6.26""], ""-1"": []}",1533.4052734375,0.5454545454545454,B,354,False,True,True
AA1R,decoy,chai,13.484884245488448,11.94576385950638,15.423742695518296,43.0,68.99998222587084,9.415547931983753,12.22187101501896,0.0,50,7.182690999896905,8.58814333834735,15.770834338244256,9.0,1.0,48.0,"{""-5"": [], ""-4"": [""3.53"", ""34.54""], ""-3"": [""3.50"", ""3.53"", ""6.26"", ""6.27"", ""6.29"", ""6.30"", ""6.33"", ""8.49""], ""-2"": [""12.49"", ""6.29"", ""8.49""], ""-1"": [""12.49"", ""12.50"", ""12.51"", ""2.37"", ""2.40"", ""8.49""]}",1728.0908203125,0.7272727272727273,B,354,False,True,True
AA1R,decoy,of3,19.06211484259638,18.22174612610746,20.663855040978312,39.0,62.454529708969645,9.411950018416544,12.077455106586942,0.02,50,7.335537686404349,8.34075359253416,15.676291278938509,2.0,0.0,41.0,"{""-5"": [], ""-4"": [""2.37""], ""-3"": [""12.49"", ""2.37"", ""3.53"", ""6.26"", ""6.29"", ""6.30"", ""6.33"", ""8.49""], ""-2"": [""12.49"", ""6.29"", ""8.49""], ""-1"": [""12.48"", ""12.49"", ""12.50""]}",1056.51171875,0.9090909090909092,B,354,False,True,True
AA1R,decoy,protenix,19.35398869858539,18.613246521010232,20.04527903433863,44.0,63.58168694807165,9.015244607934413,12.282487080338985,0.0,50,7.250068693312223,8.60716957697897,15.857238270291194,0.0,2.0,51.0,"{""-5"": [], ""-4"": [""8.49""], ""-3"": [""6.26"", ""6.29"", ""6.30"", ""6.33"", ""8.49""], ""-2"": [""6.29""], ""-1"": [""1.60"", ""12.49""]}",1227.66015625,0.9090909090909092,B,354,False,True,True
AA1R,shuffled,boltz,21.476739312116344,20.09591950356703,22.336876876033052,31.5,67.85520000457763,9.627768455344011,12.041350366286732,0.0,50,7.2588027367466035,8.594584765496238,15.853387502242844,4.0,24.0,6.0,"{""-5"": [""5.68"", ""5.71""], ""-4"": [""3.55"", ""34.50"", ""34.51"", ""5.68"", ""5.71"", ""6.27""], ""-3"": [""5.67"", ""5.68"", ""5.71""], ""-2"": [""3.55"", ""3.56"", ""34.50"", ""34.51""], ""-1"": []}",1462.40625,0.7272727272727273,B,394,False,False,False
AA1R,shuffled,chai,17.118494419056,16.927570017765916,17.19871320230454,91.0,80.47226534659728,4.224731793003366,18.10363277285503,1.0,50,7.460867308832131,8.694483365905072,16.155350674737203,25.0,31.0,62.0,"{""-5"": [""2.39"", ""2.40"", ""3.50"", ""3.53"", ""8.47""], ""-4"": [""3.50"", ""3.51"", ""3.54"", ""5.58"", ""5.61"", ""5.65"", ""6.32"", ""6.33"", ""6.36"", ""6.37""], ""-3"": [""6.29"", ""6.36"", ""7.56""], ""-2"": [""6.36"", ""6.40"", ""7.52"", ""7.56""], ""-1"": [""6.32"", ""6.35"", ""6.36"", ""6.39"", ""7.56""]}",2135.5556640625,0.3636363636363636,B,394,True,True,False
AA1R,shuffled,of3,8.563438625816223,7.911437037322422,12.002973126778656,57.0,56.42636284874631,9.16727560141565,15.000153065928705,0.34,50,7.598508692172784,8.65956433493715,16.258073027109933,30.0,19.0,45.0,"{""-5"": [""8.49""], ""-4"": [""2.37"", ""3.53"", ""34.50"", ""34.53"", ""34.54"", ""6.33""], ""-3"": [""3.50"", ""6.29"", ""6.33"", ""8.48"", ""8.49""], ""-2"": [""3.50"", ""3.53"", ""3.54"", ""5.65"", ""6.30"", ""6.33"", ""6.37""], ""-1"": [""2.39"", ""2.40"", ""2.43"", ""3.46"", ""3.50"", ""6.33"", ""6.36"", ""6.37"", ""6.40"", ""7.53"", ""8.47"", ""8.50""]}",2028.5234375,0.6363636363636364,B,394,False,True,True
AA1R,shuffled,protenix,12.91624263444347,12.622606173980081,13.228924863387508,68.5,78.73469268765456,4.153152970165152,17.94757375863846,0.8,50,7.556544277570998,8.75496749164913,16.311511769220125,25.0,34.0,19.0,"{""-5"": [""2.37"", ""2.40"", ""3.53"", ""7.56"", ""8.47"", ""8.48"", ""8.49""], ""-4"": [""2.39"", ""3.49"", ""3.50"", ""3.53"", ""7.56"", ""8.47""], ""-3"": [""6.36"", ""7.55"", ""7.56"", ""8.47"", ""8.48"", ""8.51""], ""-2"": [""5.65"", ""6.29"", ""6.32"", ""6.33"", ""6.36"", ""6.37""], ""-1"": [""5.65"", ""5.69"", ""6.29"", ""6.33""]}",1597.783203125,0.7272727272727273,B,394,True,True,False
AA2AR,apo,boltz,,,,,,9.657049562305588,11.847020407613957,0.02,50,7.063792740624544,8.843459030232458,15.907251770857002,,,,,,,,0,False,False,False
AA2AR,apo,chai,,,,,,9.487460549305286,12.127259047257933,0.0,50,7.044683527313345,8.603925499445007,15.64860902675835,,,,,,,,0,False,False,False
AA2AR,apo,of3,,,,,,9.122645428517242,11.961379255375343,0.0,50,7.057963041194053,8.659690053061516,15.717653094255567,,,,,,,,0,False,False,False
AA2AR,apo,protenix,,,,,,9.320902372988817,11.91546085213201,0.0,50,7.121916868873597,8.674162636379343,15.79607950525294,,,,,,,,0,False,False,False
AA2AR,cognate,boltz,14.659078286926825,14.493682358573206,15.033440101375188,77.5,80.06194972991943,4.051704251561919,18.059096329968817,0.8,50,7.517378843267115,8.94289943490924,16.460278278176354,32.0,40.0,31.0,"{""-5"": [""2.39"", ""2.40"", ""3.50"", ""7.56"", ""8.47""], ""-4"": [""3.46"", ""3.50"", ""6.36"", ""6.40"", ""7.52"", ""7.53"", ""7.56""], ""-3"": [""6.32"", ""6.33"", ""6.36"", ""7.56"", ""8.51""], ""-2"": [""3.54"", ""5.61"", ""5.65"", ""5.69"", ""6.29"", ""6.33"", ""6.36"", ""6.37""], ""-1"": [""5.65"", ""5.68"", ""5.69"", ""5.72"", ""6.29""]}",4657.921875,0.5454545454545454,B,394,True,True,False
AA2AR,cognate,chai,14.357287596829364,14.279245087379701,14.412464617961943,64.0,85.72454704111617,3.8181778366329815,18.027504969804326,1.0,50,7.396797009517026,9.047150435358086,16.44394744487511,26.0,34.0,11.0,"{""-5"": [""7.56"", ""8.47"", ""8.48""], ""-4"": [""2.39"", ""3.49"", ""3.50"", ""3.53"", ""3.54"", ""7.56"", ""8.47""], ""-3"": [""6.32"", ""6.36"", ""7.56"", ""8.47"", ""8.48"", ""8.51""], ""-2"": [""3.54"", ""5.61"", ""5.65"", ""5.69"", ""6.29"", ""6.33"", ""6.36"", ""6.37""], ""-1"": [""5.65"", ""5.68"", ""5.69"", ""5.72"", ""6.29""]}",2490.724609375,0.7272727272727273,B,394,True,True,False
AA2AR,cognate,of3,14.151416246142912,14.022691075251682,14.267538951561848,66.0,79.5857940757808,8.230267086828423,18.340275452273747,1.0,50,7.250597548696492,8.96726211245997,16.21785966115646,26.0,36.0,25.0,"{""-5"": [""2.37"", ""7.56"", ""8.47""], ""-4"": [""2.39"", ""3.49"", ""3.50"", ""3.53"", ""3.54"", ""6.36""], ""-3"": [""6.32"", ""6.33"", ""6.36"", ""7.55"", ""7.56"", ""8.47"", ""8.48""], ""-2"": [""3.54"", ""5.61"", ""5.65"", ""5.69"", ""6.29"", ""6.32"", ""6.33"", ""6.36"", ""6.37""], ""-1"": [""5.65"", ""5.68"", ""5.69"", ""5.72"", ""6.21"", ""6.32""]}",2735.9482421875,0.7272727272727273,B,394,True,True,False
AA2AR,cognate,protenix,14.227228173151623,14.13767440761584,14.29329788912823,69.0,86.35330460229821,3.638111706640971,17.985421944392336,1.0,50,7.6229898538338015,8.94738100336274,16.57037085719654,31.0,39.0,12.0,"{""-5"": [""2.37"", ""8.47""], ""-4"": [""2.39"", ""3.49"", ""3.50"", ""3.53"", ""3.54"", ""7.56""], ""-3"": [""6.32"", ""6.36"", ""7.56"", ""8.47"", ""8.48"", ""8.51""], ""-2"": [""5.61"", ""5.65"", ""5.69"", ""6.29"", ""6.33"", ""6.36"", ""6.37"", ""7.56""], ""-1"": [""5.65"", ""5.68"", ""5.69"", ""5.72"", ""5.73"", ""6.23"", ""6.26""]}",2089.4921875,0.7272727272727273,B,394,True,True,False
AA2AR,decoy,boltz,16.888348261568908,14.016592128189828,20.755799846680716,56.5,69.73739995956421,8.816647100755272,12.578366573474677,0.0,50,7.163773217474154,8.500913974614727,15.66468719208888,17.0,7.0,42.0,"{""-5"": [], ""-4"": [""3.50"", ""6.30"", ""6.33"", ""8.47""], ""-3"": [""6.29"", ""6.30"", ""6.33"", ""7.56"", ""8.47"", ""8.48"", ""8.49""], ""-2"": [""12.49"", ""8.48"", ""8.49""], ""-1"": [""12.48"", ""12.49"", ""12.50"", ""12.51"", ""2.37"", ""2.40"", ""8.47"", ""8.49""]}",3930.9375,0.9090909090909092,B,394,False,True,True
AA2AR,decoy,chai,17.43783163856461,15.30860729259712,19.660500203560115,76.0,70.89920829505975,4.405120963268832,16.608078524114475,0.9,50,7.168500052312199,8.99651738174278,16.16501743405498,9.0,23.0,58.0,"{""-5"": [], ""-4"": [""6.32"", ""6.33""], ""-3"": [""6.25"", ""6.28"", ""6.29"", ""6.32""], ""-2"": [""7.56"", ""8.47"", ""8.48""], ""-1"": [""6.32"", ""7.55"", ""7.56"", ""8.47"", ""8.48"", ""8.51""]}",2169.181640625,0.8181818181818182,B,394,True,True,False
AA2AR,decoy,of3,16.952116347773284,11.158053059482704,23.163274689145386,55.5,67.28810959937769,8.92770158468396,17.251239028393705,0.56,50,7.111683762542208,9.10269960700726,16.214383369549466,24.0,35.0,26.0,"{""-5"": [""3.50""], ""-4"": [""3.50"", ""3.54"", ""5.61""], ""-3"": [""6.29"", ""6.32"", ""6.33"", ""6.36"", ""7.56""], ""-2"": [""7.56"", ""8.47""], ""-1"": [""2.37"", ""2.39"", ""2.40"", ""2.43"", ""3.46"", ""3.50"", ""6.36"", ""6.40"", ""7.52"", ""7.56"", ""8.47""]}",2504.60546875,0.9090909090909092,B,394,True,True,False
AA2AR,decoy,protenix,15.907672779647733,15.382435935375769,16.63621383115203,68.0,77.6364549341071,3.754372126597972,17.794695680939167,1.0,50,7.487273967029205,9.085351933080648,16.572625900109855,17.0,35.0,31.0,"{""-5"": [""8.47""], ""-4"": [""3.50"", ""3.54"", ""5.58"", ""5.61"", ""6.36"", ""7.56""], ""-3"": [""6.29"", ""6.30"", ""6.32"", ""6.33"", ""6.36"", ""7.56""], ""-2"": [""3.50"", ""6.36"", ""6.40"", ""7.52"", ""7.53"", ""7.56"", ""8.47"", ""8.48"", ""8.51""], ""-1"": [""6.29"", ""6.32"", ""7.56"", ""8.47"", ""8.48"", ""8.51""]}",2245.904296875,0.8181818181818182,B,394,True,True,False
AA2AR,shuffled,boltz,12.110493837838938,11.597820806367,12.693725962814813,62.0,69.94729986190796,8.343567356039458,12.99089056209122,0.04,50,6.996839855691997,8.520699565886595,15.517539421578592,21.0,0.0,39.0,"{""-5"": [""12.49"", ""2.37"", ""2.38"", ""2.39"", ""2.40"", ""34.54""], ""-4"": [""2.37"", ""2.39"", ""2.40"", ""3.49"", ""3.50"", ""34.53"", ""7.53"", ""8.47""], ""-3"": [""2.37"", ""2.40"", ""8.47"", ""8.50""], ""-2"": [""3.50"", ""6.33"", ""6.37"", ""7.53"", ""8.47""], ""-1"": [""6.29""]}",4264.91015625,0.7272727272727273,B,354,False,True,True
AA2AR,shuffled,chai,13.325164858812967,13.23553656107245,13.549129686919613,72.5,78.40783804487529,3.895664528226436,17.992360101096306,1.0,50,7.429264566563773,8.982222052476772,16.411486619040545,21.0,27.0,40.0,"{""-5"": [""8.47""], ""-4"": [""3.50"", ""3.54"", ""8.47""], ""-3"": [""6.32"", ""6.36"", ""7.56"", ""8.47""], ""-2"": [""3.54"", ""5.61"", ""6.29"", ""6.32"", ""6.33"", ""6.36"", ""6.37""], ""-1"": [""5.65"", ""5.68"", ""5.69"", ""5.72"", ""6.29"", ""6.32"", ""6.33""]}",3063.828125,0.7272727272727273,B,354,True,True,False
AA2AR,shuffled,of3,13.527276479633436,13.274746321197275,13.70892779426402,62.5,72.00450340141637,7.718651080560836,18.604090513615166,1.0,50,7.369496830637472,9.004887575284119,16.37438440592159,22.0,37.0,25.0,"{""-5"": [""3.50"", ""8.47""], ""-4"": [""3.50"", ""3.54"", ""5.61"", ""6.40"", ""7.56""], ""-3"": [""6.32"", ""6.36"", ""7.56""], ""-2"": [""5.61"", ""5.62"", ""5.65"", ""6.29"", ""6.32"", ""6.33"", ""6.36"", ""6.37"", ""7.56""], ""-1"": [""5.65"", ""5.68"", ""5.69"", ""5.72"", ""6.32""]}",1925.576171875,0.7272727272727273,B,354,True,True,False
AA2AR,shuffled,protenix,13.235808328328163,13.172980490567308,13.379585458987364,61.0,80.98752448748029,3.747617152585354,18.127243314790366,1.0,50,7.447056638821612,9.181137838899762,16.628194477721372,19.0,34.0,34.0,"{""-5"": [""3.50"", ""8.47""], ""-4"": [""3.50"", ""3.54"", ""6.40""], ""-3"": [""6.32"", ""6.36"", ""7.56""], ""-2"": [""3.54"", ""5.61"", ""5.65"", ""6.29"", ""6.32"", ""6.33"", ""6.36"", ""6.37"", ""7.56""], ""-1"": [""5.65"", ""5.69"", ""6.29"", ""6.32""]}",1505.189453125,0.7272727272727273,B,354,True,True,False
ACM1,apo,boltz,,,,,,16.328063105669553,12.446910632956468,0.0,50,7.1504291228499,8.426193637580376,15.576622760430276,,,,,,,,0,False,False,False
ACM1,apo,chai,,,,,,18.383039481180564,12.933298292233793,0.0,50,7.356701774572624,8.90198635137125,16.258688125943873,,,,,,,,0,False,False,False
ACM1,apo,of3,,,,,,10.671392558462681,13.167690931990498,0.0,50,7.4120602625492,8.843066035026046,16.255126297575245,,,,,,,,0,False,False,False
ACM1,apo,protenix,,,,,,15.231267540771533,12.284578508066037,0.0,50,7.389729626467537,8.866065537494002,16.25579516396154,,,,,,,,0,False,False,False
ACM1,cognate,boltz,13.217493609380671,13.080853592322407,13.362146457134575,91.0,82.3260004043579,3.7959989718719447,17.539530165436865,0.76,50,7.452451711202161,9.08181939023784,16.53427110144,21.0,46.0,21.0,"{""-5"": [""2.37"", ""2.39"", ""2.40"", ""34.57"", ""8.47""], ""-4"": [""2.39"", ""3.49"", ""3.50"", ""3.53"", ""3.54"", ""34.57"", ""6.36"", ""7.56""], ""-3"": [""6.32"", ""6.36"", ""7.56"", ""8.51""], ""-2"": [""5.61"", ""5.65"", ""6.29"", ""6.32"", ""6.33"", ""6.36"", ""6.37""], ""-1"": [""5.68"", ""6.29"", ""6.32""]}",6514.126953125,0.7272727272727273,B,359,True,True,False
ACM1,cognate,chai,13.35813397544947,13.084046113072613,13.534223075216387,84.0,73.95040822212486,3.9755392945921875,17.606648825753084,1.0,50,7.377068930137498,9.490978084475802,16.8680470146133,23.0,49.0,25.0,"{""-5"": [""2.37"", ""2.39"", ""2.40"", ""34.57"", ""8.47""], ""-4"": [""2.39"", ""3.49"", ""3.50"", ""3.53"", ""34.57"", ""7.56"", ""8.47""], ""-3"": [""6.32"", ""6.36"", ""7.55"", ""7.56"", ""8.47"", ""8.48"", ""8.51""], ""-2"": [""3.50"", ""5.61"", ""6.29"", ""6.32"", ""6.33"", ""6.34"", ""6.36"", ""6.37""], ""-1"": [""6.29"", ""6.30"", ""6.32"", ""6.33""]}",5179.595703125,0.7272727272727273,B,359,True,True,False
ACM1,cognate,of3,13.343874906631253,12.591566872333367,14.060499582912492,74.0,69.80799102833433,10.448108672953333,16.131921200756594,0.12,50,7.511589741992437,9.009163073707514,16.52075281569995,18.0,37.0,21.0,"{""-5"": [""2.37"", ""2.38"", ""2.39"", ""34.57"", ""8.47""], ""-4"": [""2.39"", ""3.49"", ""3.50"", ""3.53"", ""34.57"", ""7.56""], ""-3"": [""6.36"", ""7.56"", ""8.47"", ""8.48"", ""8.49""], ""-2"": [""3.50"", ""6.29"", ""6.32"", ""6.33"", ""6.36"", ""6.37""], ""-1"": [""6.29"", ""6.33""]}",4029.07421875,0.7272727272727273,B,359,False,True,True
ACM1,cognate,protenix,13.468759045609685,13.423944300670543,13.555212615819325,93.0,85.22557690705744,3.7675623744220044,17.816404260051577,1.0,50,7.641636008157088,9.086505216822196,16.728141224979282,23.0,52.0,27.0,"{""-5"": [""2.37"", ""2.39"", ""2.40"", ""7.56"", ""8.47""], ""-4"": [""2.39"", ""3.49"", ""3.50"", ""3.53"", ""3.54"", ""34.57"", ""6.36"", ""7.56""], ""-3"": [""6.32"", ""6.33"", ""6.36"", ""7.56"", ""8.51""], ""-2"": [""3.54"", ""5.61"", ""5.65"", ""6.29"", ""6.32"", ""6.33"", ""6.36"", ""6.37""], ""-1"": [""5.68"", ""6.29"", ""6.32""]}",3350.30078125,0.7272727272727273,B,359,True,True,False
ACM1,decoy,boltz,14.515592414996723,12.794450915441802,16.084643310575785,86.0,74.42645053863527,12.54517233029074,16.24705627820905,0.12,50,7.322710003714472,8.960995824906961,16.283705828621432,9.0,42.0,42.0,"{""-5"": [""7.56"", ""8.47""], ""-4"": [""3.50"", ""6.32"", ""6.33"", ""6.36"", ""7.56""], ""-3"": [""6.28"", ""6.29"", ""6.32"", ""6.33"", ""6.36"", ""7.56"", ""8.47"", ""8.51""], ""-2"": [""6.32"", ""6.36"", ""7.55"", ""7.56"", ""8.51""], ""-1"": [""7.56"", ""8.48"", ""8.51""]}",7513.3037109375,0.7272727272727273,B,359,False,True,True
ACM1,decoy,chai,15.120385832969387,14.148597076928993,16.096657314517373,77.0,70.24571371513699,3.949095550007189,16.802064802361883,1.0,50,7.539692898255208,9.769643186933695,17.309336085188903,14.0,48.0,25.0,"{""-5"": [""2.39"", ""34.57"", ""8.47""], ""-4"": [""2.39"", ""3.50"", ""7.56"", ""8.47""], ""-3"": [""7.56"", ""8.47"", ""8.48"", ""8.49""], ""-2"": [""3.50"", ""6.29"", ""6.32"", ""6.33"", ""6.36"", ""6.37"", ""7.56""], ""-1"": [""6.28"", ""6.29"", ""6.32"", ""6.33"", ""8.48"", ""8.51""]}",5526.37109375,0.7272727272727273,B,359,True,True,False
ACM1,decoy,of3,11.562385637577258,9.229265938446837,13.575138992111984,63.0,60.750367325984726,10.839743211471959,14.941210127951,0.0,50,7.722111515513096,8.846060013821734,16.56817152933483,17.0,33.0,34.0,"{""-5"": [""2.37"", ""2.39"", ""34.54"", ""34.57""], ""-4"": [""2.39"", ""2.40"", ""3.49"", ""3.50"", ""3.53"", ""3.54"", ""34.57"", ""6.37"", ""8.47""], ""-3"": [""2.39"", ""2.40"", ""2.43"", ""3.50"", ""6.36"", ""6.37"", ""7.56"", ""8.47""], ""-2"": [""6.29"", ""6.32"", ""6.33""], ""-1"": [""12.49"", ""7.56"", ""8.47"", ""8.48"", ""8.49""]}",2572.8779296875,0.6363636363636364,B,359,False,True,True
ACM1,decoy,protenix,14.335593265606267,13.449010836066957,18.261347834692852,92.0,77.23793268746972,4.131219482479388,16.94827644359117,1.0,50,7.591276888678085,9.037834502953071,16.62911139163116,17.0,60.0,26.0,"{""-5"": [""8.47""], ""-4"": [""2.39"", ""3.50"", ""7.56""], ""-3"": [""6.36"", ""7.54"", ""7.55"", ""7.56"", ""8.47"", ""8.48"", ""8.49"", ""8.51""], ""-2"": [""3.50"", ""6.29"", ""6.32"", ""6.33"", ""6.34"", ""6.36"", ""6.37"", ""6.40"", ""7.56""], ""-1"": [""6.29"", ""6.30"", ""6.32"", ""6.33""]}",4081.408203125,0.7272727272727273,B,359,True,True,False
ACM1,shuffled,boltz,13.432034252488343,13.27967127097855,13.641064851834596,93.5,85.13139991760254,3.8625806591509173,17.528758057809668,0.94,50,7.419628467288643,9.08111577224407,16.500744239532715,28.0,47.0,26.0,"{""-5"": [""2.39"", ""8.47""], ""-4"": [""2.39"", ""3.49"", ""3.50"", ""3.53"", ""3.54"", ""34.57"", ""6.36""], ""-3"": [""6.32"", ""6.33"", ""6.36"", ""7.56"", ""8.47"", ""8.48""], ""-2"": [""5.61"", ""5.65"", ""6.29"", ""6.32"", ""6.33"", ""6.36"", ""6.37""], ""-1"": [""5.65"", ""5.69"", ""6.29"", ""6.32""]}",5738.0205078125,0.7272727272727273,B,394,True,True,False
ACM1,shuffled,chai,13.801253122524347,13.612021241888996,14.140424896296544,83.5,76.1772225846563,3.798829642948016,18.191415790253018,1.0,50,7.572316290277368,9.615026781033947,17.187343071311314,24.0,36.0,17.0,"{""-5"": [""2.39"", ""8.47""], ""-4"": [""2.39"", ""3.49"", ""3.50"", ""3.53"", ""3.54"", ""34.57"", ""6.36""], ""-3"": [""6.36"", ""7.56"", ""8.47"", ""8.48"", ""8.51""], ""-2"": [""5.61"", ""5.65"", ""6.29"", ""6.33"", ""6.36"", ""6.37""], ""-1"": [""6.29""]}",3454.6123046875,0.7272727272727273,B,394,True,True,False
ACM1,shuffled,of3,11.016873668222006,10.195123674793344,13.754645203856443,95.5,66.89743534742152,10.407273507749055,15.861916010060366,0.08,50,7.366328176289325,8.854996078612853,16.22132425490218,27.0,64.0,31.0,"{""-5"": [], ""-4"": [""2.37"", ""2.39"", ""34.57"", ""8.47""], ""-3"": [""7.56"", ""8.47"", ""8.48"", ""8.49""], ""-2"": [""2.39"", ""3.50"", ""3.53"", ""3.54"", ""34.57"", ""6.33"", ""6.36"", ""6.37""], ""-1"": [""2.43"", ""3.46"", ""3.50"", ""5.58"", ""6.36"", ""6.37"", ""6.38"", ""6.40"", ""7.53"", ""7.56"", ""8.47"", ""8.50""]}",2053.767578125,0.4545454545454545,B,394,False,True,True
ACM1,shuffled,protenix,13.520167274683839,13.437808616592473,13.595961823652669,78.0,83.38060365569541,3.7877634879411075,17.859530221671193,1.0,50,7.502909588832721,8.819582880797006,16.322492469629726,22.0,27.0,23.0,"{""-5"": [""2.37"", ""2.39"", ""2.40"", ""7.56"", ""8.47""], ""-4"": [""2.39"", ""3.49"", ""3.50"", ""3.53"", ""3.54"", ""34.57"", ""6.36"", ""7.56""], ""-3"": [""6.32"", ""6.33"", ""6.36"", ""7.56"", ""8.47"", ""8.48"", ""8.51""], ""-2"": [""5.61"", ""5.65"", ""6.29"", ""6.32"", ""6.33"", ""6.36"", ""6.37""], ""-1"": [""5.65"", ""6.25"", ""6.29"", ""6.32""]}",3257.4736328125,0.7272727272727273,B,394,True,True,False
ACM2,apo,boltz,,,,,,5.409513744498856,16.28417910324019,0.52,50,7.589604336070491,8.677983825434337,16.26758816150483,,,,,,,,0,True,False,False
ACM2,apo,chai,,,,,,19.075611576784645,14.018066839640422,0.0,50,7.447977779236456,8.716435108460338,16.164412887696795,,,,,,,,0,False,False,False
ACM2,apo,of3,,,,,,10.889621759657896,13.553426017473749,0.0,50,7.419023564010504,8.870844228653583,16.289867792664086,,,,,,,,0,False,False,False
ACM2,apo,protenix,,,,,,10.820207893730698,11.618124676562582,0.0,50,7.428450781085071,8.62648424340526,16.05493502449033,,,,,,,,0,False,False,False
ACM2,cognate,boltz,11.867899003641842,11.78753755805533,11.903042744908557,100.5,85.38877563476562,4.015596073764616,17.405875039660387,1.0,50,7.453300145452348,8.870827645772405,16.324127791224754,19.0,46.0,51.0,"{""-5"": [""2.39"", ""2.40"", ""8.47""], ""-4"": [""2.39"", ""3.49"", ""3.50"", ""3.53"", ""7.53"", ""8.47""], ""-3"": [""3.50"", ""6.36"", ""7.53"", ""7.56"", ""8.47""], ""-2"": [""3.50"", ""5.58"", ""5.61"", ""6.32"", ""6.33"", ""6.36"", ""6.37"", ""6.40""], ""-1"": [""6.29"", ""6.32"", ""6.33"", ""7.56""]}",5437.5966796875,0.7272727272727273,B,354,True,True,False
ACM2,cognate,chai,11.803631576146469,11.732775140604907,11.902741701764601,71.0,82.25479155987028,4.188057592081929,17.5234659747453,1.0,50,7.430141317633199,9.35572477149686,16.78586608913006,19.0,38.0,39.0,"{""-5"": [""2.39"", ""2.40"", ""8.47""], ""-4"": [""2.39"", ""3.49"", ""3.50"", ""3.53"", ""7.53""], ""-3"": [""3.50"", ""6.36"", ""7.56"", ""8.47""], ""-2"": [""3.50"", ""3.54"", ""5.58"", ""5.61"", ""6.32"", ""6.33"", ""6.36"", ""6.37"", ""6.40""], ""-1"": [""6.28"", ""6.29"", ""6.32"", ""6.33"", ""7.56""]}",1636.697265625,0.7272727272727273,B,354,True,True,False
ACM2,cognate,of3,11.784165756350951,11.684322520302702,11.931370091848688,77.5,79.53477863711196,4.204958324169057,17.674479132839156,1.0,50,7.40173683775499,8.969066657070579,16.37080349482557,20.0,22.0,44.0,"{""-5"": [""2.39"", ""2.40"", ""8.47""], ""-4"": [""2.39"", ""3.49"", ""3.50"", ""3.53"", ""7.53"", ""8.47""], ""-3"": [""3.50"", ""6.36"", ""7.53"", ""7.56"", ""8.47""], ""-2"": [""3.50"", ""5.58"", ""5.61"", ""6.32"", ""6.33"", ""6.36"", ""6.37"", ""6.40""], ""-1"": [""6.28"", ""6.29"", ""6.32"", ""6.33"", ""7.56""]}",2525.015625,0.7272727272727273,B,354,True,True,False
ACM2,cognate,protenix,11.828994671594813,11.753986822160226,11.886352690257898,82.0,84.43318798141561,4.065967229777906,17.689555093811148,1.0,50,7.591192430029308,9.076802200827156,16.667994630856462,17.0,34.0,42.0,"{""-5"": [""2.39"", ""2.40"", ""8.47""], ""-4"": [""2.39"", ""3.49"", ""3.50"", ""3.53"", ""7.53"", ""8.47""], ""-3"": [""3.50"", ""6.36"", ""7.53"", ""7.56"", ""8.47""], ""-2"": [""3.50"", ""5.58"", ""5.61"", ""6.32"", ""6.33"", ""6.36"", ""6.37"", ""6.40""], ""-1"": [""6.29"", ""6.32"", ""6.33"", ""7.56""]}",1373.654296875,0.7272727272727273,B,354,True,True,False
ACM2,decoy,boltz,6.865741414253845,6.352996004281161,8.236049393232632,49.0,65.05987520217894,3.378948129120646,16.38391743626852,0.82,50,7.645965190647941,8.896447569698816,16.542412760346757,9.0,5.0,6.0,"{""-5"": [], ""-4"": [""34.50"", ""34.51"", ""34.54""], ""-3"": [""2.37"", ""2.38"", ""3.53"", ""34.54"", ""34.57""], ""-2"": [""2.39"", ""3.53"", ""34.57"", ""6.29""], ""-1"": [""2.39"", ""3.49"", ""3.50"", ""3.53"", ""34.57"", ""6.29""]}",5249.44140625,0.6363636363636364,B,354,True,True,False
ACM2,decoy,chai,15.604877301515227,15.018572835247078,16.031161773285355,66.0,71.2227691227705,4.597122068093562,17.514940054713882,1.0,50,7.44259941149596,8.978705084810393,16.421304496306355,13.0,24.0,43.0,"{""-5"": [""7.56"", ""8.47""], ""-4"": [""3.50"", ""6.36"", ""7.56"", ""8.47""], ""-3"": [""6.32"", ""6.33"", ""6.36"", ""7.56""], ""-2"": [""6.32"", ""7.55"", ""7.56"", ""8.47"", ""8.48"", ""8.51""], ""-1"": [""6.35"", ""7.55"", ""7.56"", ""8.51""]}",1996.23828125,0.6363636363636364,B,354,True,True,False
ACM2,decoy,of3,8.870824790731621,7.383590412261274,10.733838394035484,37.0,59.75994253630418,14.293694093552176,14.756189348505211,0.08,50,7.517317787344346,8.353915838610972,15.871233625955318,0.0,6.0,12.0,"{""-5"": [], ""-4"": [], ""-3"": [""2.39"", ""34.57"", ""6.29""], ""-2"": [""6.29""], ""-1"": [""12.49"", ""2.37""]}",1487.185546875,0.9090909090909092,B,354,False,True,True
ACM2,decoy,protenix,7.355896269619805,7.027617331935579,8.102853947511152,46.0,66.57696687509832,10.728475083833963,11.746834406910263,0.18,50,7.415807845204594,8.646879524965003,16.0626873701696,9.0,10.0,18.0,"{""-5"": [], ""-4"": [""34.54"", ""34.55""], ""-3"": [""2.38"", ""2.39"", ""34.53"", ""34.54"", ""34.55"", ""34.57"", ""4.38""], ""-2"": [""12.49"", ""2.37"", ""2.39"", ""3.50"", ""34.57"", ""6.29"", ""6.33""], ""-1"": [""2.39"", ""3.50"", ""3.53"", ""34.53"", ""34.54"", ""34.57"", ""6.30""]}",2192.3310546875,0.6363636363636364,B,354,False,True,True
ACM2,shuffled,boltz,12.825123454157048,12.596376058737805,13.08806970946074,90.0,80.59280014038086,4.1562336651999665,17.748214003267073,1.0,50,7.457322030367202,8.931881304568485,16.389203334935686,31.0,45.0,21.0,"{""-5"": [""2.37"", ""2.39"", ""34.57"", ""8.47""], ""-4"": [""2.39"", ""3.49"", ""3.50"", ""3.53"", ""3.54"", ""34.57""], ""-3"": [""6.36"", ""7.56"", ""8.47"", ""8.48""], ""-2"": [""3.50"", ""3.54"", ""5.61"", ""6.32"", ""6.33"", ""6.36"", ""6.37"", ""6.40""], ""-1"": [""5.69"", ""6.29"", ""6.32"", ""6.33""]}",3360.6962890625,0.7272727272727273,B,394,True,True,False
ACM2,shuffled,chai,13.733781895211429,13.482447186431227,13.902582804244437,72.0,84.16404317942533,4.087687194315766,18.106260151596068,1.0,50,7.469990227570582,8.972314361411998,16.44230458898258,27.0,50.0,23.0,"{""-5"": [""2.39"", ""8.47""], ""-4"": [""2.39"", ""3.49"", ""3.50"", ""3.53"", ""3.54"", ""34.57"", ""6.36"", ""7.56""], ""-3"": [""6.32"", ""6.33"", ""6.36"", ""7.56"", ""8.47"", ""8.48""], ""-2"": [""5.61"", ""5.65"", ""6.33"", ""6.36"", ""6.37""], ""-1"": [""5.65"", ""5.68"", ""5.69"", ""5.72"", ""6.29"", ""6.32"", ""6.33""]}",2217.728515625,0.7272727272727273,B,394,True,True,False
ACM2,shuffled,of3,12.451389604138189,12.141487710375241,12.899442735204682,77.5,75.24498708976469,4.340207554587595,17.74916990722231,0.8,50,7.50503245968576,8.835635373720265,16.340667833406027,30.0,30.0,44.0,"{""-5"": [""2.37"", ""2.39"", ""2.40"", ""8.47""], ""-4"": [""2.39"", ""3.46"", ""3.49"", ""3.50"", ""3.53"", ""34.57"", ""6.40""], ""-3"": [""6.36"", ""7.51"", ""7.52"", ""7.53"", ""7.54"", ""7.55"", ""7.56"", ""8.47"", ""8.50""], ""-2"": [""3.50"", ""3.54"", ""5.58"", ""5.61"", ""6.32"", ""6.33"", ""6.36"", ""6.37"", ""6.40""], ""-1"": [""6.29"", ""6.32"", ""6.33""]}",2666.919921875,0.7272727272727273,B,394,True,True,False
ACM2,shuffled,protenix,12.916747596949993,12.774687327009065,13.138878324826676,82.5,81.7483571852578,4.075549116131152,18.05918763357939,1.0,50,7.578591358419385,8.95721241700625,16.535803775425634,26.0,43.0,45.0,"{""-5"": [""2.37"", ""2.39"", ""8.47""], ""-4"": [""2.39"", ""3.49"", ""3.50"", ""3.53"", ""34.57"", ""7.56""], ""-3"": [""6.36"", ""7.56"", ""8.47"", ""8.48""], ""-2"": [""3.50"", ""5.61"", ""6.29"", ""6.32"", ""6.33"", ""6.36"", ""6.37"", ""6.40""], ""-1"": [""6.29"", ""6.32"", ""6.33""]}",1277.626953125,0.7272727272727273,B,394,True,True,False
ACM4,apo,boltz,,,,,,16.107412038040255,11.714016852136336,0.0,50,7.453760593525928,8.796332385653693,16.25009297917962,,,,,,,,0,False,False,False
ACM4,apo,chai,,,,,,18.931818853183564,14.009795782351574,0.0,50,7.3835244971490415,8.928665913785778,16.312190410934818,,,,,,,,0,False,False,False
ACM4,apo,of3,,,,,,10.907421036160507,11.329005924022848,0.0,50,7.378560349222688,8.838562244425086,16.217122593647773,,,,,,,,0,False,False,False
ACM4,apo,protenix,,,,,,10.850990565023295,11.584641598107511,0.0,50,7.397332597165216,8.74129230930772,16.138624906472938,,,,,,,,0,False,False,False
ACM4,cognate,boltz,11.852805075638809,11.795871946235565,11.969232656136189,95.5,83.91479988098143,3.8717445757467344,17.155182895530835,1.0,50,7.431880082785244,9.337095376127415,16.76897545891266,17.0,61.0,24.0,"{""-5"": [""2.37"", ""2.39"", ""8.47""], ""-4"": [""2.39"", ""3.49"", ""3.50"", ""3.53""], ""-3"": [""6.36"", ""7.56"", ""8.47""], ""-2"": [""3.50"", ""5.58"", ""5.61"", ""6.32"", ""6.33"", ""6.36"", ""6.37"", ""6.40""], ""-1"": [""6.29"", ""6.33""]}",5188.130859375,0.7272727272727273,B,354,True,True,False
ACM4,cognate,chai,11.938335200031556,11.761056897260474,12.04285110053543,66.5,79.85550411516797,3.845517469454337,17.723564614577498,1.0,50,7.551158123096086,9.71690506282736,17.268063185923445,20.0,31.0,44.0,"{""-5"": [""2.39"", ""2.40"", ""8.47""], ""-4"": [""2.39"", ""3.49"", ""3.50"", ""3.53"", ""7.53""], ""-3"": [""3.50"", ""6.36"", ""7.53"", ""7.56"", ""8.47""], ""-2"": [""3.50"", ""3.54"", ""5.58"", ""5.61"", ""6.32"", ""6.33"", ""6.36"", ""6.37"", ""6.40""], ""-1"": [""6.29"", ""6.32"", ""6.33"", ""7.56""]}",2417.041015625,0.7272727272727273,B,354,True,True,False
ACM4,cognate,of3,12.060710491112136,11.8787849017262,12.45110440796051,66.0,74.32383608554863,4.169756537684798,17.416562214586488,0.8,50,7.418504538767163,9.92373026849435,17.342234807261512,17.0,66.0,47.0,"{""-5"": [""2.39"", ""2.40"", ""8.47""], ""-4"": [""2.39"", ""3.49"", ""3.50"", ""3.53"", ""7.53"", ""7.56"", ""8.47""], ""-3"": [""6.36"", ""7.56"", ""8.47""], ""-2"": [""3.50"", ""5.58"", ""5.61"", ""6.32"", ""6.33"", ""6.36"", ""6.37"", ""6.40""], ""-1"": [""6.25"", ""6.28"", ""6.29"", ""6.32"", ""6.33""]}",2336.11328125,0.7272727272727273,B,354,True,True,False
ACM4,cognate,protenix,11.986812030582012,11.91954836803437,12.079229009864408,78.0,83.0953258733075,3.926441187615632,17.61839748798145,1.0,50,7.626516988673139,8.969659209280366,16.596176197953504,17.0,33.0,52.0,"{""-5"": [""2.39"", ""2.40"", ""8.47""], ""-4"": [""2.39"", ""3.50"", ""3.53"", ""7.53"", ""8.47""], ""-3"": [""6.36"", ""7.56"", ""8.47""], ""-2"": [""3.50"", ""5.58"", ""5.61"", ""6.32"", ""6.33"", ""6.36"", ""6.37"", ""6.40""], ""-1"": [""6.28"", ""6.29"", ""6.32"", ""6.33""]}",2454.58203125,0.7272727272727273,B,354,True,True,False
ACM4,decoy,boltz,12.855082320100099,12.720983877197304,13.028978519167525,68.0,82.09932537078856,3.836298037802588,17.1361106703397,1.0,50,7.421825715839736,9.34417442124236,16.766000137082095,17.0,48.0,20.0,"{""-5"": [""2.39"", ""2.40"", ""8.47""], ""-4"": [""2.39"", ""3.50"", ""3.53"", ""7.53"", ""8.47""], ""-3"": [""7.56"", ""8.47""], ""-2"": [""3.50"", ""5.61"", ""6.32"", ""6.33"", ""6.36"", ""6.37""], ""-1"": [""6.29"", ""6.33"", ""7.56""]}",5578.31640625,0.7272727272727273,B,354,True,True,False
ACM4,decoy,chai,12.327506450350512,12.137215471326389,12.519347838303297,60.0,78.5196667986274,3.735949717887171,17.54438455244992,1.0,50,7.459775532815984,9.604825922420458,17.064601455236442,20.0,52.0,26.0,"{""-5"": [""2.39"", ""2.40"", ""8.47""], ""-4"": [""2.39"", ""3.50"", ""3.53"", ""3.54""], ""-3"": [""3.50"", ""6.36"", ""7.56"", ""8.47""], ""-2"": [""3.50"", ""5.61"", ""6.29"", ""6.32"", ""6.33"", ""6.36"", ""6.37"", ""6.40""], ""-1"": [""5.72"", ""6.29"", ""6.32"", ""6.33"", ""7.56""]}",2064.3291015625,0.7272727272727273,B,354,True,True,False
ACM4,decoy,of3,13.601399796167023,12.323191319339347,20.678189660182593,57.0,61.973343168846284,11.064774709536271,15.697027406767896,0.4,50,7.573871612126347,8.774721030979764,16.34859264310611,12.0,8.0,23.0,"{""-5"": [""2.37"", ""2.39"", ""2.40"", ""34.57"", ""8.47""], ""-4"": [""2.39"", ""3.49"", ""3.50"", ""3.53"", ""34.57"", ""8.47""], ""-3"": [""7.56"", ""8.47""], ""-2"": [""3.50"", ""6.29"", ""6.32"", ""6.33"", ""6.36""], ""-1"": [""6.29"", ""8.48""]}",1665.7509765625,0.7272727272727273,B,354,False,True,True
ACM4,decoy,protenix,12.931605551479382,12.773005995733211,13.546439529598363,63.0,77.18765290757794,3.8330160953426873,17.52522829537756,0.8,50,7.602599297524038,8.959240865499767,16.561840163023806,17.0,19.0,35.0,"{""-5"": [""2.39"", ""2.40"", ""8.47""], ""-4"": [""2.39"", ""3.50"", ""3.53"", ""7.53"", ""7.56"", ""8.47""], ""-3"": [""6.36"", ""7.56"", ""8.47""], ""-2"": [""3.50"", ""5.61"", ""6.29"", ""6.32"", ""6.33"", ""6.36"", ""6.37""], ""-1"": [""6.29"", ""6.32"", ""6.33"", ""7.56""]}",1745.673828125,0.7272727272727273,B,354,True,True,False
ACM4,shuffled,boltz,13.435318589710072,13.128819581023604,13.704501535452362,96.5,78.81964988708495,3.8384905775627596,17.249699438964498,0.98,50,7.309173156417899,9.02670756759628,16.33588072401418,28.0,53.0,34.0,"{""-5"": [""2.37"", ""2.39"", ""8.47""], ""-4"": [""2.39"", ""3.49"", ""3.50"", ""3.53"", ""34.57"", ""7.56"", ""8.47""], ""-3"": [""6.36"", ""7.56"", ""8.47"", ""8.48"", ""8.49""], ""-2"": [""3.50"", ""5.61"", ""6.29"", ""6.32"", ""6.33"", ""6.36"", ""6.37""], ""-1"": [""6.29"", ""6.32"", ""6.33""]}",3206.796875,0.7272727272727273,B,394,True,True,False
ACM4,shuffled,chai,13.450622046183263,13.285950576556976,13.559262841524294,85.5,81.11728059455257,3.7610464568987787,17.961665837654706,1.0,50,7.398162339392128,9.375666482976024,16.773828822368152,24.0,52.0,31.0,"{""-5"": [""2.39"", ""8.47""], ""-4"": [""2.39"", ""3.49"", ""3.50"", ""3.53"", ""3.54"", ""34.57"", ""7.56""], ""-3"": [""6.32"", ""6.36"", ""7.56"", ""8.47"", ""8.48""], ""-2"": [""5.61"", ""6.29"", ""6.32"", ""6.33"", ""6.36"", ""6.37""], ""-1"": [""5.65"", ""5.68"", ""6.29"", ""6.32"", ""6.33""]}",2157.892578125,0.7272727272727273,B,394,True,True,False
ACM4,shuffled,of3,14.226619978747834,13.169414416800997,14.734176093357535,89.5,62.48395733650113,11.931724823926604,10.883764904718962,0.0,50,7.33886065171365,9.07338132673228,16.41224197844593,30.0,56.0,35.0,"{""-5"": [""6.27"", ""6.30"", ""6.31"", ""6.34""], ""-4"": [""3.49"", ""3.50"", ""3.53"", ""3.54"", ""5.61"", ""6.30"", ""6.31"", ""6.34""], ""-3"": [""6.31"", ""6.34""], ""-2"": [""3.50"", ""5.58"", ""5.61"", ""5.62"", ""5.65"", ""6.34"", ""6.38""], ""-1"": [""5.62"", ""5.65"", ""5.66"", ""5.69""]}",3261.845703125,0.7272727272727273,B,394,False,True,True
ACM4,shuffled,protenix,12.93806030976855,12.816884076618535,13.075152127323044,91.0,80.17497957361036,3.846750528985706,17.762426049504953,1.0,50,7.622512082039747,8.962209796980261,16.58472187902001,27.0,29.0,44.0,"{""-5"": [""2.37"", ""2.39"", ""8.47""], ""-4"": [""2.39"", ""3.49"", ""3.50"", ""3.53"", ""34.57"", ""6.36"", ""7.56""], ""-3"": [""6.32"", ""6.36"", ""7.56"", ""8.47"", ""8.48""], ""-2"": [""3.50"", ""5.61"", ""6.29"", ""6.32"", ""6.33"", ""6.34"", ""6.36"", ""6.37"", ""6.40""], ""-1"": [""6.29"", ""6.30"", ""6.32"", ""6.33""]}",2787.8828125,0.7272727272727273,B,394,True,True,False
ADA2A,apo,boltz,,,,,,10.349686052350107,11.50432996159832,0.06,50,6.588460023784011,8.356129661811142,14.944589685595153,,,,,,,,0,False,False,False
ADA2A,apo,chai,,,,,,4.176617224556377,18.571334181316406,0.98,50,6.946445206002851,8.790681088516408,15.73712629451926,,,,,,,,0,True,False,False
ADA2A,apo,of3,,,,,,10.0925597666186,12.250251736405602,0.0,50,6.872624700543454,8.358150029868874,15.230774730412328,,,,,,,,0,False,False,False
ADA2A,apo,protenix,,,,,,10.02023085680883,11.949288922606602,0.0,50,6.759148740990189,7.968127422716229,14.727276163706415,,,,,,,,0,False,False,False
ADA2A,cognate,boltz,13.382531530409535,13.170580705883776,13.54969688449432,87.0,80.33672466278077,3.991841287883787,18.666827794138705,1.0,50,7.184236365578461,8.73434884321665,15.918585208795111,23.0,24.0,20.0,"{""-5"": [""2.39"", ""3.50"", ""8.47"", ""8.49""], ""-4"": [""3.50"", ""3.54"", ""6.36""], ""-3"": [""6.33"", ""6.36"", ""7.56"", ""8.47""], ""-2"": [""3.54"", ""5.61"", ""5.65"", ""6.29"", ""6.33"", ""6.36"", ""6.37""], ""-1"": [""5.65"", ""5.68"", ""5.69"", ""6.29""]}",3470.1484375,0.7272727272727273,B,354,True,True,False
ADA2A,cognate,chai,12.0397087587944,11.941549237028918,12.195247231857133,71.0,79.31501683246178,4.335204692707567,18.83614093811888,1.0,50,7.094195726084811,8.968643208423446,16.062838934508257,21.0,29.0,32.0,"{""-5"": [""2.39"", ""8.47"", ""8.49""], ""-4"": [""2.39"", ""3.50"", ""3.53""], ""-3"": [""6.32"", ""6.36"", ""7.56"", ""8.47""], ""-2"": [""3.50"", ""3.54"", ""5.58"", ""5.61"", ""6.32"", ""6.33"", ""6.36"", ""6.37""], ""-1"": [""5.65"", ""6.29"", ""6.32"", ""6.33""]}",2775.3525390625,0.7272727272727273,B,354,True,True,False
ADA2A,cognate,of3,13.072869115566153,12.323346638939073,13.413443022842134,79.0,78.48234681876363,4.104674967162214,18.755020198443294,1.0,50,7.209040350765905,8.670510970599738,15.879551321365645,19.0,37.0,29.0,"{""-5"": [""2.39"", ""8.47""], ""-4"": [""3.50"", ""3.53"", ""6.36""], ""-3"": [""6.32"", ""6.36"", ""7.56"", ""8.47""], ""-2"": [""3.54"", ""5.61"", ""6.29"", ""6.33"", ""6.36"", ""6.37""], ""-1"": [""6.29"", ""6.32"", ""6.33""]}",2085.9560546875,0.7272727272727273,B,354,True,True,False
ADA2A,cognate,protenix,12.51075795857531,12.38212221593649,12.649246579617273,71.5,81.63500153198902,4.1078715035481554,18.508656833370587,1.0,50,7.244235488386749,8.591164096880856,15.835399585267606,18.0,29.0,43.0,"{""-5"": [""2.39"", ""8.47"", ""8.49""], ""-4"": [""3.50"", ""3.53"", ""6.36""], ""-3"": [""6.32"", ""6.36"", ""7.56"", ""8.47""], ""-2"": [""3.50"", ""3.54"", ""5.61"", ""6.29"", ""6.32"", ""6.33"", ""6.36"", ""6.37""], ""-1"": [""5.65"", ""5.69"", ""6.27"", ""6.29"", ""6.30"", ""6.31"", ""6.32"", ""6.33"", ""6.34"", ""6.35""]}",2389.1025390625,0.7272727272727273,B,354,True,True,False
ADA2A,decoy,boltz,26.388725789279047,24.610781137760913,27.148696443500384,89.0,66.53087511062623,7.632536783752341,18.60726890567943,0.94,50,7.217896700008943,8.437511752910332,15.655408452919277,16.0,49.0,45.0,"{""-5"": [""6.32"", ""6.35"", ""6.36"", ""7.55"", ""7.56"", ""8.51""], ""-4"": [""6.32"", ""8.48"", ""8.51""], ""-3"": [""8.51""], ""-2"": [""8.48"", ""8.51"", ""8.55""], ""-1"": [""8.55""]}",7316.3076171875,0.0909090909090909,B,354,True,False,False
ADA2A,decoy,chai,18.791299015349477,18.260580017926316,19.133699731739803,77.0,67.97892989353355,4.315049185566649,18.66065911376611,1.0,50,7.123110065133067,8.725256099393299,15.848366164526366,14.0,56.0,43.0,"{""-5"": [""7.56"", ""8.47"", ""8.48"", ""8.49""], ""-4"": [""3.50"", ""6.33"", ""6.36"", ""7.56""], ""-3"": [""6.28"", ""6.29"", ""6.32"", ""6.33"", ""6.36"", ""7.56"", ""8.47""], ""-2"": [""6.32"", ""6.35"", ""6.36"", ""7.56""], ""-1"": [""6.32"", ""7.56"", ""8.48"", ""8.51""]}",5532.6357421875,0.7272727272727273,B,354,True,True,False
ADA2A,decoy,of3,29.059763985396707,23.771447029554448,40.0613499207181,27.5,67.54045816208205,10.634699962556354,12.211008380238486,0.0,50,6.692891526995636,7.828038133903235,14.520929660898872,0.0,2.0,38.0,"{""-5"": [], ""-4"": [], ""-3"": [""12.51"", ""2.37"", ""2.38"", ""4.39""], ""-2"": [""12.48""], ""-1"": []}",2290.3359375,0.9090909090909092,B,354,False,False,False
ADA2A,decoy,protenix,25.6892972685214,22.85896333345659,28.112367504698987,51.5,66.57746789387295,9.966980089547809,11.985448816497541,0.0,50,6.889107931881601,8.125932559642747,15.01504049152435,0.0,0.0,9.0,"{""-5"": [], ""-4"": [""34.55""], ""-3"": [""2.38"", ""34.57"", ""4.39""], ""-2"": [], ""-1"": []}",911.412109375,0.9090909090909092,B,354,False,False,False
ADA2A,shuffled,boltz,13.657846271271945,13.35856003803876,13.888470325816854,103.0,79.94455051422119,4.139938305285879,18.604900402928934,1.0,50,7.0959252420597,8.5123929368069,15.6083181788666,31.0,65.0,29.0,"{""-5"": [""2.37"", ""2.39"", ""8.47""], ""-4"": [""2.39"", ""3.49"", ""3.50"", ""3.53"", ""3.54"", ""34.57"", ""6.36""], ""-3"": [""6.32"", ""6.33"", ""6.36"", ""7.56"", ""8.47"", ""8.48""], ""-2"": [""3.54"", ""5.61"", ""5.65"", ""6.33"", ""6.36"", ""6.37""], ""-1"": [""5.65"", ""5.68"", ""5.69"", ""6.29"", ""6.32"", ""6.33""]}",6083.068359375,0.7272727272727273,B,394,True,True,False
ADA2A,shuffled,chai,13.52216081229692,13.445849802032143,13.694890864687748,84.0,82.76763267059519,4.323459425779719,19.080801478472885,1.0,50,7.130913686197583,8.744773639151559,15.87568732534914,26.0,41.0,28.0,"{""-5"": [""2.39"", ""8.47""], ""-4"": [""2.39"", ""3.49"", ""3.50"", ""3.53"", ""3.54"", ""34.57"", ""6.36""], ""-3"": [""6.32"", ""6.33"", ""6.36"", ""7.56"", ""8.47"", ""8.48"", ""8.51""], ""-2"": [""3.54"", ""5.61"", ""5.65"", ""6.33"", ""6.36"", ""6.37""], ""-1"": [""5.65"", ""5.68"", ""5.69"", ""6.29"", ""6.33""]}",3207.5517578125,0.7272727272727273,B,394,True,True,False
ADA2A,shuffled,of3,13.733908833813807,10.823809854526619,14.13201379980969,90.0,69.80986440927607,9.01124622864289,18.30659571943841,0.52,50,6.976484851179424,8.540212254846248,15.51669710602567,36.0,55.0,33.0,"{""-5"": [""2.39""], ""-4"": [""3.50"", ""3.54"", ""5.58"", ""5.61"", ""6.33"", ""6.36"", ""6.37""], ""-3"": [""5.69"", ""6.29"", ""6.32"", ""6.33"", ""6.36"", ""7.56""], ""-2"": [""6.32"", ""7.56"", ""8.47"", ""8.48""], ""-1"": [""3.50"", ""6.36"", ""6.40"", ""7.52"", ""7.53"", ""7.56"", ""8.47"", ""8.50""]}",2992.5439453125,0.9090909090909092,B,394,True,True,False
ADA2A,shuffled,protenix,13.54638670642415,13.464676540547448,13.636439626478925,87.5,81.9972434898269,4.067652056482476,18.698279990938165,1.0,50,7.271640309433989,8.542398891460559,15.814039200894548,28.0,44.0,35.0,"{""-5"": [""2.39"", ""8.47""], ""-4"": [""3.49"", ""3.50"", ""3.53"", ""3.54"", ""34.57"", ""6.36""], ""-3"": [""6.32"", ""6.33"", ""6.36"", ""7.56"", ""8.47"", ""8.48"", ""8.51""], ""-2"": [""3.54"", ""5.61"", ""5.65"", ""6.29"", ""6.33"", ""6.36"", ""6.37""], ""-1"": [""5.65"", ""5.69"", ""6.29"", ""6.32"", ""6.33""]}",2680.01171875,0.7272727272727273,B,394,True,True,False
ADRB1,apo,boltz,,,,,,11.365318285251485,11.717837804739297,0.02,50,6.316509535764194,7.760261212678346,14.07677074844254,,,,,,,,0,False,False,False
ADRB1,apo,chai,,,,,,4.254699260811419,18.554976561514515,1.0,50,6.919524911437201,8.846007630564197,15.7655325420014,,,,,,,,0,True,False,False
ADRB1,apo,of3,,,,,,9.186865654141602,12.467563242922914,0.0,50,6.846939656427669,8.7875768593691,15.634516515796768,,,,,,,,0,False,False,False
ADRB1,apo,protenix,,,,,,10.741005892978947,11.82143920220459,0.0,50,6.596119550738992,8.113378823922124,14.709498374661116,,,,,,,,0,False,False,False
ADRB1,cognate,boltz,13.682907397834288,13.592140761781035,14.085862051297894,80.0,89.6899995803833,4.020507901068601,17.901153969018587,1.0,50,6.856631743881247,8.599482125884093,15.45611386976534,33.0,37.0,34.0,"{""-5"": [""8.47""], ""-4"": [""2.39"", ""3.49"", ""3.50"", ""3.53"", ""3.54"", ""6.36""], ""-3"": [""6.32"", ""6.33"", ""6.36"", ""7.55"", ""8.47"", ""8.48"", ""8.51""], ""-2"": [""3.54"", ""5.61"", ""5.65"", ""5.69"", ""6.29"", ""6.32"", ""6.33"", ""6.36"", ""6.37""], ""-1"": [""5.65"", ""5.68"", ""5.69"", ""5.72"", ""6.32""]}",4388.1533203125,0.7272727272727273,B,394,True,True,False
ADRB1,cognate,chai,13.860531680899012,13.599082024440827,14.023127391927646,71.0,87.86161787997764,4.1507348739462415,18.183106529925407,1.0,50,6.970127258522616,8.768913729761517,15.739040988284131,29.0,37.0,19.0,"{""-5"": [""8.47""], ""-4"": [""2.39"", ""3.49"", ""3.50"", ""3.53"", ""3.54"", ""34.53"", ""6.36""], ""-3"": [""6.32"", ""6.36"", ""7.55"", ""8.47"", ""8.48""], ""-2"": [""3.54"", ""5.61"", ""5.65"", ""6.29"", ""6.32"", ""6.33"", ""6.36"", ""6.37""], ""-1"": [""5.65"", ""5.68"", ""5.69"", ""6.32""]}",4162.0302734375,0.7272727272727273,B,394,True,True,False
ADRB1,cognate,of3,13.422901102502752,13.32904832417452,13.562801624690186,71.0,85.04699978822237,4.32931526805481,18.044486298100118,0.92,50,7.020361660569971,8.4876439915506,15.50800565212057,31.0,39.0,29.0,"{""-5"": [""8.47""], ""-4"": [""2.39"", ""3.49"", ""3.50"", ""3.53"", ""3.54"", ""34.53"", ""6.36"", ""7.55""], ""-3"": [""6.32"", ""6.33"", ""6.36"", ""7.55"", ""8.47"", ""8.51""], ""-2"": [""3.54"", ""5.61"", ""5.65"", ""5.69"", ""6.29"", ""6.32"", ""6.33"", ""6.36"", ""6.37""], ""-1"": [""5.65"", ""5.68"", ""5.69"", ""5.72"", ""6.29"", ""6.32""]}",2638.064453125,0.7272727272727273,B,394,True,True,False
ADRB1,cognate,protenix,13.331028466372043,13.283244251850931,13.393005004141754,71.0,86.98384444531251,4.12690954701243,18.10655144968103,1.0,50,7.102562815841125,8.655829445798593,15.75839226163972,31.0,37.0,27.0,"{""-5"": [""8.47""], ""-4"": [""2.39"", ""3.49"", ""3.50"", ""3.53"", ""3.54"", ""34.53"", ""6.36""], ""-3"": [""6.32"", ""6.33"", ""6.36"", ""7.55"", ""8.47"", ""8.48"", ""8.51""], ""-2"": [""3.54"", ""5.61"", ""5.65"", ""6.29"", ""6.32"", ""6.33"", ""6.36"", ""6.37""], ""-1"": [""5.65"", ""5.68"", ""5.69"", ""5.72"", ""6.29"", ""6.32""]}",1928.83984375,0.7272727272727273,B,394,True,True,False
ADRB1,decoy,boltz,12.704805715428101,12.008866384431416,12.92783856681569,60.0,63.638799762725824,3.901736932932755,18.002022522404992,1.0,50,6.780109206001037,8.624312042487794,15.40442124848883,27.0,26.0,40.0,"{""-5"": [""3.50""], ""-4"": [""6.32"", ""6.36"", ""7.55"", ""8.47"", ""8.48""], ""-3"": [""2.39"", ""3.50"", ""6.36"", ""6.40"", ""7.52"", ""7.53"", ""7.55""], ""-2"": [""3.50"", ""3.54"", ""5.58"", ""5.61"", ""6.32"", ""6.33"", ""6.36"", ""6.37"", ""6.40"", ""7.55""], ""-1"": [""6.29"", ""6.32"", ""6.33"", ""6.36"", ""7.55""]}",4925.1416015625,0.5454545454545454,B,394,True,True,False
ADRB1,decoy,chai,11.924375705854011,11.403960341310757,12.366144865647373,78.5,75.25818309519026,4.337794944618896,18.225800778649436,1.0,50,6.882099534299108,8.777549202368508,15.659648736667616,22.0,36.0,31.0,"{""-5"": [""8.47""], ""-4"": [""2.39"", ""3.49"", ""3.50"", ""3.53"", ""34.53""], ""-3"": [""3.50"", ""3.54"", ""5.58"", ""5.61"", ""6.36"", ""6.37""], ""-2"": [""6.29"", ""6.32"", ""6.33"", ""6.36""], ""-1"": [""6.32"", ""6.36"", ""7.52"", ""7.55"", ""8.47"", ""8.48""]}",3728.49609375,0.5454545454545454,B,394,True,True,False
ADRB1,decoy,of3,8.822605043747629,8.430825640139396,9.671416792224068,74.0,59.587423005011175,9.633841838294233,15.928976713598583,0.28,50,7.366695653411304,8.62582730629364,15.992522959704944,36.0,20.0,43.0,"{""-5"": [""3.50""], ""-4"": [""2.39"", ""3.50"", ""3.53"", ""3.54"", ""34.53"", ""34.54""], ""-3"": [""3.50"", ""3.54"", ""5.61"", ""6.30"", ""6.33"", ""6.34"", ""6.37""], ""-2"": [""3.50"", ""6.29"", ""6.33""], ""-1"": [""2.39"", ""2.40"", ""2.43"", ""3.46"", ""3.50"", ""6.37"", ""6.40"", ""7.53"", ""8.47"", ""8.50""]}",3587.6064453125,0.8181818181818182,B,394,False,True,True
ADRB1,decoy,protenix,12.720417778923707,12.319044454833259,13.268197417572608,71.0,72.01150144577369,4.162544507994358,17.967221669655842,0.8,50,7.123940375990491,8.742215157716897,15.866155533707389,23.0,32.0,24.0,"{""-5"": [""8.47"", ""8.49""], ""-4"": [""2.37"", ""2.38"", ""2.39"", ""3.49"", ""3.50"", ""34.53""], ""-3"": [""3.50"", ""3.53"", ""3.54"", ""6.36""], ""-2"": [""5.65"", ""6.32"", ""6.33"", ""6.36"", ""6.37""], ""-1"": [""6.32"", ""6.36"", ""7.55"", ""8.47"", ""8.48""]}",2060.59375,0.5454545454545454,B,394,True,True,False
ADRB1,shuffled,boltz,13.166043943099535,13.061891796648684,13.332044681249585,73.5,80.82387523651124,3.808615214109288,18.39546752954592,1.0,50,6.741797239238213,8.68502485973414,15.426822098972352,27.0,21.0,32.0,"{""-5"": [""3.50""], ""-4"": [""3.50"", ""3.54"", ""5.61"", ""6.36"", ""6.40""], ""-3"": [""6.32"", ""6.33"", ""6.36""], ""-2"": [""5.61"", ""5.62"", ""5.65"", ""6.29"", ""6.32"", ""6.33"", ""6.36"", ""6.37""], ""-1"": [""5.65"", ""5.68"", ""5.69"", ""5.72"", ""6.29"", ""6.32""]}",5301.537109375,0.7272727272727273,B,354,True,True,False
ADRB1,shuffled,chai,13.70870134820489,13.562214353606937,13.827567574990036,62.5,80.88897532606194,4.176955805686152,18.40050097117615,1.0,50,6.907874781725564,8.725796296040837,15.6336710777664,22.0,18.0,29.0,"{""-5"": [""8.47"", ""8.48""], ""-4"": [""3.50"", ""3.54"", ""6.36""], ""-3"": [""6.32"", ""6.36"", ""7.55""], ""-2"": [""3.54"", ""5.61"", ""5.65"", ""6.29"", ""6.32"", ""6.33"", ""6.36"", ""6.37""], ""-1"": [""5.65"", ""5.68"", ""5.69"", ""6.29"", ""6.32""]}",3195.2646484375,0.7272727272727273,B,354,True,True,False
ADRB1,shuffled,of3,12.994640204853429,12.254409692829007,13.230475836097934,63.0,73.01327632107603,7.4001558675563075,17.7653267871233,0.84,50,6.962654402357137,8.570294301266163,15.5329487036233,13.0,22.0,30.0,"{""-5"": [""3.50"", ""8.47"", ""8.49""], ""-4"": [""3.50"", ""3.54"", ""6.36"", ""6.40""], ""-3"": [""6.32"", ""6.33"", ""6.36"", ""7.55""], ""-2"": [""3.54"", ""5.61"", ""5.65"", ""5.69"", ""6.29"", ""6.32"", ""6.33"", ""6.36"", ""6.37""], ""-1"": [""5.69"", ""5.72"", ""6.29"", ""6.32""]}",3153.7666015625,0.7272727272727273,B,354,True,True,False
ADRB1,shuffled,protenix,13.124699868531929,13.029770152810272,13.192587615499367,62.5,82.21548772264869,4.124866047392674,18.14605401321809,1.0,50,7.034899190432085,8.661659208409827,15.696558398841912,20.0,19.0,33.0,"{""-5"": [""8.47""], ""-4"": [""3.50"", ""3.54"", ""6.36""], ""-3"": [""6.32"", ""6.36""], ""-2"": [""3.54"", ""5.61"", ""6.29"", ""6.32"", ""6.33"", ""6.36"", ""6.37""], ""-1"": [""5.65"", ""5.69"", ""5.72"", ""6.29"", ""6.32""]}",1647.228515625,0.7272727272727273,B,354,True,True,False
ADRB2,apo,boltz,,,,,,11.75921839234241,11.806820378959719,0.0,50,6.188688883713577,7.814723679331214,14.00341256304479,,,,,,,,0,False,False,False
ADRB2,apo,chai,,,,,,4.397723054901662,18.543642813935485,1.0,50,6.873875326189733,8.631579751123198,15.50545507731293,,,,,,,,0,True,False,False
ADRB2,apo,of3,,,,,,9.233056011484297,12.427254414250113,0.08,50,6.838967908013903,8.489223100505725,15.328191008519628,,,,,,,,0,False,False,False
ADRB2,apo,protenix,,,,,,10.666250555519357,11.818088200589944,0.0,50,6.552886771179289,8.075078340012736,14.627965111192026,,,,,,,,0,False,False,False
ADRB2,cognate,boltz,13.811908631740131,13.531408398408226,14.005355755109926,102.0,81.5269250869751,4.1815467247356555,18.017298440036683,1.0,50,6.818884138339645,8.567554323732065,15.386438462071707,33.0,55.0,40.0,"{""-5"": [""8.47""], ""-4"": [""2.39"", ""3.49"", ""3.50"", ""3.53"", ""3.54"", ""34.53"", ""6.36""], ""-3"": [""6.32"", ""6.33"", ""6.36"", ""7.55"", ""8.47"", ""8.51""], ""-2"": [""3.54"", ""5.61"", ""5.65"", ""6.32"", ""6.33"", ""6.36"", ""6.37""], ""-1"": [""5.65"", ""5.68"", ""5.69"", ""5.72"", ""6.29"", ""6.32""]}",4035.177734375,0.7272727272727273,B,394,True,True,False
ADRB2,cognate,chai,14.090463856563744,13.889352982398817,14.19928221605672,84.0,84.98660078692058,4.252310898807211,18.505086579102134,1.0,50,6.991393637895093,8.651499812171298,15.642893450066392,27.0,49.0,25.0,"{""-5"": [""8.47"", ""8.48""], ""-4"": [""2.39"", ""3.49"", ""3.50"", ""3.53"", ""3.54"", ""6.36""], ""-3"": [""6.32"", ""6.33"", ""6.36"", ""7.55"", ""8.47"", ""8.48"", ""8.51""], ""-2"": [""3.54"", ""5.61"", ""5.65"", ""5.69"", ""6.29"", ""6.33"", ""6.36"", ""6.37""], ""-1"": [""5.65"", ""5.68"", ""5.69"", ""5.72"", ""6.29"", ""6.32""]}",3119.697265625,0.7272727272727273,B,394,True,True,False
ADRB2,cognate,of3,13.478400223340069,13.350010054255872,13.678465367266863,83.0,85.61676247298115,7.539427295818642,17.951015868846117,0.8,50,7.033235282060809,8.347787751028106,15.381023033088915,31.0,47.0,22.0,"{""-5"": [""8.47""], ""-4"": [""2.39"", ""3.49"", ""3.50"", ""3.53"", ""3.54"", ""34.53"", ""6.36""], ""-3"": [""6.32"", ""6.33"", ""6.36"", ""7.55"", ""8.47"", ""8.48""], ""-2"": [""3.54"", ""5.61"", ""5.65"", ""6.29"", ""6.32"", ""6.33"", ""6.36"", ""6.37""], ""-1"": [""5.65"", ""5.68"", ""5.69"", ""5.72"", ""6.32""]}",2457.875,0.7272727272727273,B,394,True,True,False
ADRB2,cognate,protenix,13.446537873589971,13.391397895817104,13.561818800447876,80.5,86.97613439549616,4.096426975664805,18.107535069620784,1.0,50,7.081002264607917,8.61475055545913,15.695752820067046,29.0,43.0,25.0,"{""-5"": [""8.47""], ""-4"": [""2.39"", ""3.49"", ""3.50"", ""3.53"", ""3.54"", ""34.53"", ""6.36""], ""-3"": [""6.32"", ""6.33"", ""6.36"", ""7.55"", ""8.47"", ""8.48""], ""-2"": [""3.54"", ""5.61"", ""5.65"", ""5.69"", ""6.29"", ""6.32"", ""6.33"", ""6.36"", ""6.37""], ""-1"": [""5.65"", ""5.68"", ""5.69"", ""5.72"", ""6.29"", ""6.32""]}",3247.7001953125,0.7272727272727273,B,394,True,True,False
ADRB2,decoy,boltz,11.042530836191027,10.55266576054621,12.357580254674795,99.0,70.99257478713989,4.313702343164378,18.09217375627921,0.78,50,6.851469718987306,8.33679016021754,15.188259879204846,26.0,55.0,34.0,"{""-5"": [], ""-4"": [""3.54"", ""5.61"", ""6.36"", ""6.37"", ""6.40""], ""-3"": [""6.29"", ""6.32"", ""6.33"", ""6.36""], ""-2"": [""7.55""], ""-1"": [""6.36"", ""7.51"", ""7.52"", ""7.53"", ""7.54"", ""7.55"", ""8.47""]}",4229.3193359375,0.9090909090909092,B,394,True,True,False
ADRB2,decoy,chai,13.018552047517778,12.57817129720058,13.475294761636592,91.0,72.27805605489971,4.164322351709529,18.452454513867167,1.0,50,6.9191849953589175,8.488229202843193,15.407414198202112,16.0,52.0,40.0,"{""-5"": [], ""-4"": [""3.50"", ""3.54"", ""5.61"", ""6.36""], ""-3"": [""6.29"", ""6.32"", ""6.33"", ""6.36""], ""-2"": [""6.36"", ""7.55"", ""8.47"", ""8.48"", ""8.51""], ""-1"": [""3.50"", ""6.36"", ""6.40"", ""7.52"", ""7.53"", ""7.55"", ""8.47""]}",3246.66015625,0.9090909090909092,B,394,True,True,False
ADRB2,decoy,of3,9.517850544865606,9.079011484711753,10.033093951864881,69.5,60.47362121869991,9.032234345651258,16.164864818872626,0.44,50,6.931173741221532,8.402941556134802,15.334115297356334,23.0,43.0,25.0,"{""-5"": [], ""-4"": [""2.39"", ""3.50"", ""3.53"", ""3.54""], ""-3"": [""6.30"", ""6.33"", ""6.34"", ""6.36"", ""6.37""], ""-2"": [""7.55"", ""8.47"", ""8.48""], ""-1"": [""2.37"", ""2.39"", ""2.40"", ""3.50"", ""7.53"", ""8.47"", ""8.50""]}",2615.7294921875,0.9090909090909092,B,394,True,True,False
ADRB2,decoy,protenix,11.518921491652101,11.269397178218036,11.831951424331828,89.0,74.03440786677865,4.2026084830225825,17.966026741569436,1.0,50,7.011816077934649,8.560486351070027,15.572302429004676,16.0,46.0,39.0,"{""-5"": [""3.50""], ""-4"": [""3.50"", ""3.54"", ""5.61"", ""6.36""], ""-3"": [""6.29"", ""6.32"", ""6.33"", ""6.34"", ""6.36""], ""-2"": [""6.36"", ""7.55"", ""8.47"", ""8.48""], ""-1"": [""2.39"", ""6.36"", ""7.51"", ""7.52"", ""7.53"", ""7.54"", ""7.55"", ""8.47""]}",2058.435546875,0.9090909090909092,B,394,True,True,False
ADRB2,shuffled,boltz,13.034835700310396,12.78490196441693,13.276747885028716,82.0,72.74660024642944,4.1349840826655475,18.202892524108993,1.0,50,6.757504021619225,8.577053222814932,15.334557244434157,30.0,31.0,43.0,"{""-5"": [""3.50"", ""8.47""], ""-4"": [""3.50"", ""3.54"", ""5.58"", ""5.61"", ""6.36"", ""6.40""], ""-3"": [""6.32"", ""6.33"", ""6.36""], ""-2"": [""3.54"", ""5.61"", ""5.62"", ""5.65"", ""6.29"", ""6.32"", ""6.33"", ""6.36"", ""6.37""], ""-1"": [""5.69"", ""5.72"", ""6.29""]}",2131.533203125,0.7272727272727273,B,354,True,True,False
ADRB2,shuffled,chai,13.81725431394823,13.683112417389946,13.918610595223292,73.0,80.56726279587284,4.228153115194508,18.476350068298835,1.0,50,6.91074974224939,8.765859912182034,15.676609654431424,22.0,33.0,41.0,"{""-5"": [""3.50"", ""8.47""], ""-4"": [""3.50"", ""3.54"", ""6.36""], ""-3"": [""6.32"", ""6.36""], ""-2"": [""3.54"", ""5.61"", ""5.65"", ""6.29"", ""6.32"", ""6.33"", ""6.36"", ""6.37""], ""-1"": [""5.65"", ""5.68"", ""5.69"", ""6.29"", ""6.32"", ""6.33""]}",3400.109375,0.7272727272727273,B,354,True,True,False
ADRB2,shuffled,of3,12.140876890998967,11.665109494940324,13.098626852350014,67.0,72.39516961110102,7.341712320661852,17.638002508962508,0.98,50,6.942742113497036,8.427476517125692,15.370218630622729,12.0,31.0,21.0,"{""-5"": [""8.47"", ""8.49""], ""-4"": [""3.50"", ""3.54"", ""6.36""], ""-3"": [""6.32"", ""6.33"", ""6.36""], ""-2"": [""3.54"", ""5.61"", ""5.65"", ""5.69"", ""6.29"", ""6.32"", ""6.33"", ""6.36"", ""6.37""], ""-1"": [""5.69"", ""5.72"", ""6.29"", ""6.32""]}",1693.85546875,0.7272727272727273,B,354,True,True,False
ADRB2,shuffled,protenix,13.079931102509464,12.86396284251745,13.245033821297188,64.0,81.81181398695853,4.094642679490106,18.09654011053937,1.0,50,7.036976527952217,8.52241172744955,15.559388255401768,27.0,31.0,45.0,"{""-5"": [""3.50""], ""-4"": [""3.50"", ""3.54"", ""6.36"", ""6.40""], ""-3"": [""6.32"", ""6.33"", ""6.36""], ""-2"": [""3.54"", ""5.61"", ""5.65"", ""6.29"", ""6.32"", ""6.33"", ""6.36"", ""6.37""], ""-1"": [""5.65"", ""5.69"", ""6.29"", ""6.32"", ""6.33""]}",1809.4033203125,0.7272727272727273,B,354,True,True,False
AGTR1,apo,boltz,,,,,,3.781616407636536,19.02104557720741,1.0,50,6.695880096283087,9.14126686523263,15.837146961515716,,,,,,,,0,True,False,False
AGTR1,apo,chai,,,,,,4.54882957242903,19.09452333132387,1.0,50,6.739566009766505,8.939347235676662,15.678913245443166,,,,,,,,0,True,False,False
AGTR1,apo,of3,,,,,,10.96605393034731,11.59361238448837,0.3,50,6.628112764217354,8.367544350338726,14.99565711455608,,,,,,,,0,False,False,False
AGTR1,apo,protenix,,,,,,10.683389072815332,11.271482213763866,0.0,50,6.728166474580662,8.26378747448897,14.991953949069632,,,,,,,,0,False,False,False
AGTR1,cognate,boltz,12.365375323004642,12.016346949597764,12.6067067299908,45.0,88.62435054779053,4.486523584799421,18.90624469798405,1.0,50,6.7927688737068035,9.031901398874991,15.824670272581796,31.0,6.0,23.0,"{""-5"": [""2.37"", ""2.39""], ""-4"": [""2.38"", ""2.39"", ""3.49"", ""3.50"", ""3.53"", ""34.54"", ""34.57""], ""-3"": [""2.43"", ""3.50"", ""6.36"", ""7.53"", ""7.54"", ""7.56"", ""8.47""], ""-2"": [""3.50"", ""3.54"", ""5.58"", ""5.61"", ""6.30"", ""6.33"", ""6.36"", ""6.37"", ""6.40"", ""7.56""], ""-1"": [""6.30"", ""6.33"", ""6.36"", ""7.56"", ""8.47"", ""8.48""]}",2494.2724609375,0.7272727272727273,B,359,True,True,False
AGTR1,cognate,chai,12.891918772238917,12.778233264200933,12.97958194869941,44.0,85.5532575306404,4.508877373535145,18.820713616848675,1.0,50,6.8012120978543225,8.931513253642969,15.73272535149729,23.0,5.0,20.0,"{""-5"": [""2.37"", ""2.38"", ""2.39"", ""34.57""], ""-4"": [""2.38"", ""2.39"", ""3.46"", ""3.49"", ""3.50"", ""3.53"", ""34.57""], ""-3"": [""2.43"", ""6.36"", ""7.53"", ""7.54"", ""7.56"", ""8.47"", ""8.48""], ""-2"": [""3.50"", ""3.54"", ""6.30"", ""6.33"", ""6.36"", ""6.37"", ""6.40""], ""-1"": [""6.30"", ""6.33"", ""8.48""]}",1765.5029296875,0.7272727272727273,B,359,True,True,False
AGTR1,cognate,of3,13.179687194469608,13.115685999426479,13.307334039928486,35.0,76.1364012676572,4.773139806660513,18.311715490460163,1.0,50,6.8453207568385785,9.244139132214793,16.089459889053373,23.0,4.0,15.0,"{""-5"": [""2.37"", ""2.38"", ""2.39"", ""34.57""], ""-4"": [""2.38"", ""2.39"", ""2.42"", ""3.46"", ""3.49"", ""3.50"", ""3.53"", ""34.57"", ""7.53""], ""-3"": [""6.36"", ""7.53"", ""7.54"", ""7.56"", ""8.47"", ""8.48"", ""8.49"", ""8.50""], ""-2"": [""3.50"", ""3.54"", ""6.30"", ""6.33"", ""6.36"", ""6.37""], ""-1"": [""6.30"", ""6.33"", ""8.48""]}",1917.5400390625,0.7272727272727273,B,359,True,True,False
AGTR1,cognate,protenix,13.110296447085862,13.05132881383423,13.15848234253098,32.0,82.77140913525014,3.9299367677104,18.11160948130151,1.0,50,6.875474471463529,9.347640379312097,16.223114850775623,23.0,5.0,10.0,"{""-5"": [""2.37"", ""2.38"", ""2.39"", ""34.57""], ""-4"": [""2.38"", ""2.39"", ""3.46"", ""3.49"", ""3.50"", ""3.53"", ""34.57"", ""7.53""], ""-3"": [""2.43"", ""7.53"", ""7.54"", ""7.56"", ""8.47"", ""8.49"", ""8.50""], ""-2"": [""3.50"", ""3.54"", ""6.33"", ""6.36"", ""6.37"", ""6.40""], ""-1"": [""6.30"", ""6.33"", ""8.47"", ""8.48""]}",1333.8505859375,0.7272727272727273,B,359,True,True,False
AGTR1,decoy,boltz,9.02504340128116,7.494367289456147,10.147829807011615,33.5,61.574549961090085,4.221395118529369,19.02799718972379,1.0,50,6.717071089053622,9.070586238992494,15.787657328046116,17.0,3.0,10.0,"{""-5"": [], ""-4"": [""3.50"", ""3.53"", ""3.54"", ""34.54"", ""34.57""], ""-3"": [""3.54"", ""5.65"", ""6.30"", ""6.33"", ""6.36"", ""7.56""], ""-2"": [""7.56"", ""8.47"", ""8.48""], ""-1"": [""3.50"", ""7.53"", ""7.56"", ""8.47""]}",3265.6103515625,0.9090909090909092,B,359,True,True,False
AGTR1,decoy,chai,9.780616203917482,9.148800140908396,10.417768371311158,35.0,73.61780237643407,4.583424471121111,19.064289114868863,1.0,50,6.798059134782516,9.112198636992062,15.910257771774578,21.0,10.0,13.0,"{""-5"": [], ""-4"": [""3.53"", ""3.54"", ""34.54"", ""34.57""], ""-3"": [""3.50"", ""3.54"", ""5.65"", ""6.33""], ""-2"": [""7.56"", ""8.47"", ""8.48""], ""-1"": [""2.37"", ""2.39"", ""2.40"", ""2.43"", ""7.53"", ""7.54"", ""8.47"", ""8.49"", ""8.50""]}",2386.564453125,0.8181818181818182,B,359,True,True,False
AGTR1,decoy,of3,12.182434828348395,10.78276412953678,12.889200389088519,41.5,61.03992298154776,10.652477518628153,11.60864878287816,0.36,50,6.597244048889474,8.18341560665483,14.780659655544303,19.0,4.0,34.0,"{""-5"": [], ""-4"": [""3.50"", ""3.53"", ""34.57"", ""6.33""], ""-3"": [""3.50"", ""3.54"", ""5.65"", ""6.30"", ""6.31"", ""6.32"", ""6.33"", ""6.34""], ""-2"": [""2.37"", ""6.30"", ""6.33""], ""-1"": [""12.48"", ""2.37"", ""2.40"", ""2.43"", ""6.33"", ""6.36"", ""7.53"", ""8.47"", ""8.49"", ""8.50""]}",2813.97265625,0.8181818181818182,B,359,False,True,True
AGTR1,decoy,protenix,11.637344802186359,8.052856886736066,14.392306598998381,37.5,66.16132517420024,3.317105339210241,18.474738317795044,0.6,50,6.80397606036759,9.227986949862736,16.031963010230328,31.0,8.0,8.0,"{""-5"": [""2.37"", ""8.49""], ""-4"": [""2.37"", ""2.38"", ""2.39"", ""3.49"", ""3.50"", ""3.53"", ""34.57"", ""8.47""], ""-3"": [""2.39"", ""2.43"", ""3.50"", ""7.53"", ""7.54"", ""7.56"", ""8.47""], ""-2"": [""6.36"", ""7.56"", ""8.47"", ""8.48""], ""-1"": [""3.50"", ""3.54"", ""5.58"", ""5.61"", ""5.65"", ""6.33"", ""6.36"", ""6.37"", ""7.56""]}",1328.890625,0.5454545454545454,B,359,True,True,False
AGTR1,shuffled,boltz,13.642549250475014,13.4784410795879,13.868627543906038,54.0,86.58582496643066,4.113632360178432,19.397676473319606,1.0,50,6.789629506666766,9.031955380874066,15.821584887540832,31.0,5.0,27.0,"{""-5"": [""2.37"", ""3.50"", ""7.56"", ""8.47"", ""8.48""], ""-4"": [""2.39"", ""3.46"", ""3.50"", ""6.36"", ""7.53"", ""7.56"", ""8.47""], ""-3"": [""6.30"", ""6.33"", ""6.36"", ""7.55"", ""7.56"", ""8.47"", ""8.48"", ""8.51""], ""-2"": [""3.54"", ""6.30"", ""6.33"", ""6.36"", ""6.37"", ""6.40""], ""-1"": [""6.28"", ""6.29"", ""6.30"", ""6.33""]}",1352.0078125,0.7272727272727273,B,394,True,True,False
AGTR1,shuffled,chai,14.273463724642626,14.107667798506629,14.5320881041397,45.5,84.36762983375814,4.61302192818712,19.239547362237417,1.0,50,6.674994082394382,8.817393095467617,15.492387177862,23.0,5.0,28.0,"{""-5"": [""2.37""], ""-4"": [""2.39"", ""3.49"", ""3.50"", ""3.53"", ""3.54"", ""34.57"", ""7.56""], ""-3"": [""6.36"", ""7.56"", ""8.47"", ""8.48""], ""-2"": [""3.54"", ""6.30"", ""6.33"", ""6.36"", ""6.37""], ""-1"": [""6.30"", ""6.33""]}",2170.697265625,0.7272727272727273,B,394,True,True,False
AGTR1,shuffled,of3,12.886391432506533,12.761830495824185,13.044428229270107,43.0,76.53728753556766,4.7998641731834955,18.760690747008525,0.96,50,6.7965705656711615,9.136014074964544,15.932584640635708,31.0,8.0,22.0,"{""-5"": [""2.37"", ""2.39""], ""-4"": [""2.38"", ""2.39"", ""3.46"", ""3.49"", ""3.50"", ""3.53"", ""3.54"", ""34.57"", ""7.53""], ""-3"": [""12.48"", ""6.36"", ""7.53"", ""7.54"", ""7.55"", ""7.56"", ""8.47"", ""8.49"", ""8.50""], ""-2"": [""3.50"", ""3.54"", ""6.33"", ""6.36"", ""6.37"", ""6.40""], ""-1"": [""6.30"", ""6.33""]}",2293.18359375,0.7272727272727273,B,394,True,True,False
AGTR1,shuffled,protenix,13.103555575713054,12.948192743276799,13.300087617694379,41.0,78.18210542652342,3.7792355070013643,18.9046843758492,1.0,50,6.855002138663686,9.247922897315531,16.10292503597922,26.0,7.0,16.0,"{""-5"": [""2.37"", ""8.47""], ""-4"": [""2.39"", ""3.46"", ""3.49"", ""3.50"", ""3.53"", ""3.54"", ""34.57"", ""7.56"", ""8.47""], ""-3"": [""6.36"", ""7.53"", ""7.54"", ""7.55"", ""7.56"", ""8.47"", ""8.48"", ""8.49"", ""8.50"", ""8.51""], ""-2"": [""3.50"", ""3.54"", ""6.30"", ""6.33"", ""6.36"", ""6.37"", ""6.40"", ""7.56""], ""-1"": [""6.30"", ""6.33"", ""8.48""]}",1110.6904296875,0.7272727272727273,B,394,True,True,False
APJ,apo,boltz,,,,,,17.55346923070086,11.836079183480742,0.0,50,6.628428738313477,8.114078645668897,14.742507383982376,,,,,,,,0,False,False,False
APJ,apo,chai,,,,,,11.123304755413827,11.919940152043422,0.02,50,6.528910016227823,7.795822535178696,14.32473255140652,,,,,,,,0,False,False,False
APJ,apo,of3,,,,,,8.697630261611303,16.42627630653105,0.58,50,6.624081684303712,8.842182639690433,15.466264323994146,,,,,,,,0,True,False,False
APJ,apo,protenix,,,,,,10.553515806206482,11.94738409841776,0.0,50,6.689683905139128,8.029206197570518,14.718890102709649,,,,,,,,0,False,False,False
APJ,cognate,boltz,11.791717955524572,11.624984747985451,11.927624209381337,61.5,83.58357524871826,16.816518350888423,16.52501942152169,0.08,50,6.834785678775891,8.758308511744719,15.59309419052061,31.0,21.0,38.0,"{""-5"": [""2.37"", ""2.38"", ""2.39"", ""4.39"", ""8.49""], ""-4"": [""2.37"", ""2.38"", ""2.39"", ""3.49"", ""3.50"", ""3.53"", ""3.54""], ""-3"": [""2.37"", ""3.50"", ""7.56"", ""8.47"", ""8.48""], ""-2"": [""3.50"", ""3.54"", ""6.32"", ""6.33"", ""6.36"", ""6.37"", ""8.48""], ""-1"": [""5.69"", ""6.29"", ""6.32"", ""6.33"", ""8.48""]}",2839.380859375,0.7272727272727273,B,354,False,True,True
APJ,cognate,chai,12.39095953710438,12.265977762924607,12.488866408628184,56.5,79.33095010007443,4.526444679394436,18.44512958916068,1.0,50,6.391459614203942,9.171380594000013,15.562840208203951,26.0,17.0,29.0,"{""-5"": [""2.37"", ""8.47"", ""8.49""], ""-4"": [""2.37"", ""3.50"", ""3.53"", ""3.54"", ""8.47""], ""-3"": [""2.37"", ""6.36"", ""7.56"", ""8.47"", ""8.48""], ""-2"": [""3.50"", ""3.54"", ""5.61"", ""6.33"", ""6.36"", ""6.37"", ""6.40""], ""-1"": [""5.69"", ""6.29"", ""6.33"", ""8.48""]}",2241.671875,0.7272727272727273,B,354,True,True,False
APJ,cognate,of3,11.780065523938969,11.65421347976043,11.926793029569557,71.0,76.01226470336255,4.720867255788195,17.83726146222918,0.92,50,6.767856962027655,9.082875437919474,15.85073239994713,26.0,18.0,43.0,"{""-5"": [""2.37"", ""2.39"", ""34.57"", ""8.49""], ""-4"": [""2.37"", ""2.39"", ""3.46"", ""3.49"", ""3.50"", ""3.53"", ""34.57""], ""-3"": [""2.37"", ""3.50"", ""7.56"", ""8.47""], ""-2"": [""3.50"", ""3.54"", ""5.58"", ""5.61"", ""6.33"", ""6.36"", ""6.37"", ""6.40""], ""-1"": [""5.69"", ""6.29"", ""6.33"", ""8.47"", ""8.48""]}",2052.25390625,0.7272727272727273,B,354,True,True,False
APJ,cognate,protenix,11.761839291336514,11.661838026831607,11.848302642771129,69.0,81.59101102912925,4.559218035114729,17.664796367895917,1.0,50,6.7840985859733385,9.093758628138106,15.877857214111444,26.0,25.0,29.0,"{""-5"": [""2.37"", ""2.38"", ""2.39"", ""34.57"", ""8.49""], ""-4"": [""2.37"", ""2.39"", ""3.46"", ""3.49"", ""3.50"", ""3.53"", ""34.57""], ""-3"": [""2.37"", ""2.39"", ""3.50"", ""7.56"", ""8.47"", ""8.48""], ""-2"": [""3.50"", ""3.54"", ""6.33"", ""6.36"", ""6.40""], ""-1"": [""5.69"", ""6.29"", ""6.33"", ""8.47"", ""8.48""]}",1617.806640625,0.7272727272727273,B,354,True,True,False
APJ,decoy,boltz,15.85895887995291,12.915070069415709,18.40004976085476,80.5,60.68882489204407,17.110451665708965,13.694047014027934,0.0,50,6.604992401100852,8.078631657211513,14.683624058312365,12.0,21.0,48.0,"{""-5"": [""6.29"", ""6.33""], ""-4"": [""6.29""], ""-3"": [], ""-2"": [], ""-1"": [""12.50"", ""12.51"", ""12.52"", ""2.37"", ""4.39""]}",2593.8701171875,0.1818181818181818,B,354,False,True,True
APJ,decoy,chai,13.3189558537205,12.930043804265436,13.957598661754274,66.0,70.75273330649256,13.427024256151398,16.98724572334612,0.2,50,6.470911914096805,8.705308380522771,15.176220294619576,25.0,16.0,60.0,"{""-5"": [""2.37""], ""-4"": [""2.37"", ""2.39"", ""3.49"", ""3.50"", ""3.53"", ""3.54"", ""6.33""], ""-3"": [""6.32"", ""6.33"", ""6.36"", ""8.47"", ""8.48""], ""-2"": [""3.50"", ""6.32"", ""6.36"", ""6.40"", ""7.52"", ""7.53"", ""7.56"", ""8.47"", ""8.48"", ""8.51""], ""-1"": [""2.37"", ""2.39"", ""2.43"", ""3.46"", ""3.50"", ""7.52"", ""7.53"", ""7.54"", ""8.47"", ""8.50""]}",2020.62109375,0.7272727272727273,B,354,False,True,True
APJ,decoy,of3,58.75536635145552,15.242326389671348,73.02740314732154,39.0,58.96187873612922,9.38345007302705,17.262924424271212,0.38,50,6.527331182840118,8.733913405248446,15.261244588088564,26.0,9.0,40.0,"{""-5"": [""2.37"", ""2.39""], ""-4"": [""2.37"", ""2.38"", ""2.39"", ""3.49"", ""3.50"", ""3.53"", ""3.54"", ""34.57""], ""-3"": [""2.37"", ""2.43"", ""3.50"", ""6.36"", ""7.56"", ""8.47"", ""8.49"", ""8.50""], ""-2"": [""3.50"", ""3.54"", ""5.61"", ""6.33"", ""6.36"", ""6.37""], ""-1"": [""6.32"", ""6.33"", ""6.36"", ""7.56"", ""8.48""]}",1762.9970703125,0.7272727272727273,B,354,False,False,False
APJ,decoy,protenix,12.385050271935572,12.260567962783444,12.785769995821655,87.5,73.38466575030469,4.473240291292091,17.72273364744113,1.0,50,6.655460415520721,9.16960662313477,15.82506703865549,29.0,26.0,32.0,"{""-5"": [""2.37"", ""2.39"", ""2.40"", ""34.57""], ""-4"": [""2.37"", ""2.38"", ""2.39"", ""3.49"", ""3.50"", ""3.53"", ""3.54"", ""34.57""], ""-3"": [""2.37"", ""2.40"", ""2.43"", ""3.50"", ""6.36"", ""7.53"", ""7.54"", ""7.56"", ""8.47"", ""8.50""], ""-2"": [""3.50"", ""3.54"", ""5.58"", ""5.61"", ""6.33"", ""6.36"", ""6.37"", ""6.40""], ""-1"": [""6.32"", ""6.33"", ""6.36"", ""7.56"", ""8.47"", ""8.48""]}",1587.7666015625,0.7272727272727273,B,354,True,True,False
APJ,shuffled,boltz,12.95685389775815,12.677672338921514,13.533047591881761,86.0,81.99579963684081,16.806025045566326,16.39676612483599,0.1,50,6.705281255443356,8.482089914343044,15.1873711697864,41.0,29.0,34.0,"{""-5"": [""2.37"", ""2.38"", ""8.48""], ""-4"": [""2.37"", ""2.38"", ""2.39"", ""3.49"", ""3.50"", ""3.53"", ""3.54"", ""6.36"", ""7.56"", ""8.48""], ""-3"": [""6.32"", ""6.36"", ""7.56"", ""8.48"", ""8.51""], ""-2"": [""3.50"", ""3.54"", ""5.65"", ""6.29"", ""6.32"", ""6.33"", ""6.36"", ""6.37""], ""-1"": [""5.69"", ""6.29"", ""6.32"", ""6.33""]}",3344.328125,0.7272727272727273,B,394,False,True,True
APJ,shuffled,chai,15.30654157953552,14.995367652981917,15.784913711098827,73.5,78.18721799035093,8.350909843520075,12.589491522097365,0.24,50,6.677786759099157,7.946819363745472,14.624606122844629,23.0,34.0,29.0,"{""-5"": [""6.33""], ""-4"": [""3.49"", ""3.50"", ""3.53"", ""3.54"", ""6.31"", ""6.32"", ""6.33"", ""6.34""], ""-3"": [""6.30"", ""6.31"", ""6.32"", ""6.33""], ""-2"": [""3.54"", ""5.65"", ""5.69"", ""6.31"", ""6.32"", ""6.34""], ""-1"": [""5.68"", ""5.69"", ""6.27"", ""6.30""]}",2116.8232421875,0.7272727272727273,B,394,False,True,True
APJ,shuffled,of3,13.470810323685104,12.631152342224805,13.717228042011,56.5,70.89726383477579,4.848009420437604,18.038839551103727,0.9,50,6.624964284768246,9.139000948011274,15.76396523277952,30.0,26.0,29.0,"{""-5"": [""2.37"", ""3.50"", ""3.54"", ""7.56""], ""-4"": [""3.50"", ""3.54"", ""5.58"", ""5.61"", ""6.33"", ""6.36"", ""6.40""], ""-3"": [""5.69"", ""6.29"", ""6.33""], ""-2"": [""7.56"", ""8.47"", ""8.48"", ""8.51""], ""-1"": [""6.32"", ""6.36"", ""7.56"", ""8.51""]}",3102.392578125,0.4545454545454545,B,394,True,True,False
APJ,shuffled,protenix,13.212490903230172,12.843740141019431,13.590274991965845,59.0,76.40641782047771,4.291396098321345,17.913715176814144,1.0,50,6.761279118859237,9.119933722335787,15.881212841195024,26.0,21.0,23.0,"{""-5"": [""2.37"", ""8.47""], ""-4"": [""2.37"", ""2.38"", ""2.39"", ""3.46"", ""3.49"", ""3.50"", ""3.53"", ""3.54"", ""34.57""], ""-3"": [""2.37"", ""6.33"", ""6.36"", ""7.56"", ""8.47"", ""8.48"", ""8.49""], ""-2"": [""3.50"", ""3.54"", ""5.61"", ""5.65"", ""6.29"", ""6.32"", ""6.33"", ""6.36"", ""6.37""], ""-1"": [""5.69"", ""6.29"", ""6.32"", ""6.33""]}",1158.4951171875,0.7272727272727273,B,394,True,True,False
B1B1U5,apo,boltz,,,,,,9.095252695958099,10.961691696079468,0.0,50,6.942355899404754,7.436858667461686,14.37921456686644,,,,,,,,0,False,False,False
B1B1U5,apo,chai,,,,,,10.005128746491561,10.89733836198721,0.0,50,6.970256451523143,7.223521163532367,14.19377761505551,,,,,,,,0,False,False,False
B1B1U5,apo,of3,,,,,,8.708104402126743,11.1152193354101,0.02,50,6.944292023597732,7.555438104992277,14.49973012859001,,,,,,,,0,False,False,False
B1B1U5,apo,protenix,,,,,,9.11797190986734,11.167936414912063,0.0,50,7.075690594428257,7.539331137914065,14.61502173234232,,,,,,,,0,False,False,False
B1B1U5,cognate,boltz,12.16589317364359,12.009758138767214,12.24568141027527,99.5,85.92930011749269,4.31969520015172,17.14225869051613,0.98,50,7.1100069895746225,8.223869600960365,15.333876590534988,24.0,47.0,43.0,"{""-5"": [""2.40"", ""8.47"", ""8.49""], ""-4"": [""3.50"", ""3.53"", ""3.54"", ""8.47""], ""-3"": [""3.50"", ""6.36"", ""7.56"", ""8.47"", ""8.48""], ""-2"": [""3.50"", ""3.54"", ""5.58"", ""5.61"", ""6.32"", ""6.33"", ""6.36""], ""-1"": [""6.29"", ""6.32"", ""8.48""]}",2161.171875,0.7272727272727273,B,354,True,True,False
B1B1U5,cognate,chai,12.38415671740379,12.00097231552492,18.0736028379863,102.5,70.54326912668361,9.595824165561677,11.060056076397125,0.0,50,7.064223878105789,7.230153041257151,14.29437691936294,27.0,53.0,33.0,"{""-5"": [""2.37"", ""2.38"", ""2.39""], ""-4"": [""2.37"", ""2.39"", ""2.40"", ""3.49"", ""3.50"", ""3.53""], ""-3"": [""12.49"", ""12.50"", ""2.37"", ""2.40"", ""8.47"", ""8.49""], ""-2"": [""2.40"", ""3.50"", ""6.33"", ""8.47"", ""8.48"", ""8.49""], ""-1"": [""6.29"", ""6.33"", ""8.49""]}",1695.638671875,0.7272727272727273,B,354,False,True,True
B1B1U5,cognate,of3,12.072086743874639,11.993155451523322,12.167079924399705,88.5,79.55073967074247,4.286307976072467,17.934423017146855,1.0,50,7.030357863320228,8.3008129212218,15.331170784542028,26.0,39.0,39.0,"{""-5"": [""2.40"", ""8.47"", ""8.49""], ""-4"": [""3.50"", ""3.53"", ""3.54"", ""8.47""], ""-3"": [""3.50"", ""6.36"", ""7.52"", ""7.56"", ""8.47""], ""-2"": [""3.50"", ""3.54"", ""5.58"", ""5.61"", ""6.33"", ""6.36""], ""-1"": [""6.29"", ""6.32"", ""6.33"", ""7.56""]}",1432.6279296875,0.7272727272727273,B,354,True,True,False
B1B1U5,cognate,protenix,12.159702651853708,12.034718716267102,12.27136927859158,88.0,82.29715809172538,4.519158256640267,18.025668928203046,1.0,50,7.128936098320523,8.432686110847243,15.561622209167766,24.0,48.0,24.0,"{""-5"": [""8.47"", ""8.49""], ""-4"": [""3.49"", ""3.50"", ""3.53"", ""3.54"", ""8.47""], ""-3"": [""3.50"", ""6.36"", ""7.56"", ""8.47""], ""-2"": [""3.50"", ""3.54"", ""5.58"", ""5.61"", ""6.33"", ""6.36""], ""-1"": [""6.29"", ""6.32"", ""6.33"", ""8.48""]}",1544.869140625,0.7272727272727273,B,354,True,True,False
B1B1U5,decoy,boltz,10.281678474358085,8.593833190456799,19.394825977838785,111.0,67.48875007629394,9.578531640371466,11.248314551699902,0.0,50,7.03831977015111,7.472445760385284,14.510765530536396,14.0,53.0,79.0,"{""-5"": [], ""-4"": [""6.30""], ""-3"": [""2.37"", ""8.49""], ""-2"": [""3.50"", ""3.53"", ""6.30"", ""6.33""], ""-1"": [""2.37"", ""2.39"", ""2.40"", ""3.50"", ""6.33"", ""8.49""]}",2321.40234375,0.2727272727272727,B,354,False,True,True
B1B1U5,decoy,chai,16.834841559853878,14.919816198824826,28.419899877185333,50.0,65.56591591146602,9.737537814985288,10.852985339406086,0.0,50,7.016988100317686,7.196637687142516,14.213625787460202,0.0,25.0,31.0,"{""-5"": [""5.69""], ""-4"": [], ""-3"": [""6.21"", ""6.24"", ""6.25"", ""6.28"", ""6.32""], ""-2"": [""6.28"", ""6.31"", ""6.32"", ""6.35""], ""-1"": [""6.32"", ""6.35""]}",1051.125,0.0909090909090909,B,354,False,True,True
B1B1U5,decoy,of3,10.964352249424174,10.78960969219693,11.204489734540061,76.5,59.02749402633478,4.5002944044817,17.58774003066983,1.0,50,7.035060913136786,8.2839304679077,15.318991381044489,23.0,28.0,19.0,"{""-5"": [""8.47"", ""8.48""], ""-4"": [""2.40"", ""8.47"", ""8.49""], ""-3"": [""2.39"", ""3.49"", ""3.50"", ""3.53"", ""8.47""], ""-2"": [""3.50"", ""3.54"", ""5.61"", ""6.33"", ""6.36"", ""8.47""], ""-1"": [""6.32"", ""7.56"", ""8.47"", ""8.48""]}",1316.3046875,0.7272727272727273,B,354,True,True,False
B1B1U5,decoy,protenix,11.301157795671607,11.126212752328943,11.430614835671033,81.0,66.54668047490057,4.607355102770988,17.707812819084943,1.0,50,7.128201584109589,8.412598314110298,15.540799898219888,28.0,17.0,33.0,"{""-5"": [""8.47""], ""-4"": [""2.40"", ""8.47"", ""8.49""], ""-3"": [""2.38"", ""2.39"", ""3.49"", ""3.50"", ""3.53"", ""34.56"", ""8.47""], ""-2"": [""3.50"", ""3.54"", ""5.61"", ""6.33"", ""6.36"", ""8.47""], ""-1"": [""8.47"", ""8.48""]}",1508.0224609375,0.7272727272727273,B,354,True,True,False
B1B1U5,shuffled,boltz,10.411466489207333,9.33504419172454,12.299178391800194,124.5,67.88474988937378,9.169279277083689,15.367448888089871,0.38,50,6.898452257173342,8.141878752837087,15.04033101001043,29.0,81.0,23.0,"{""-5"": [""2.37"", ""8.49""], ""-4"": [""2.39"", ""3.49"", ""3.50"", ""3.53""], ""-3"": [""2.40"", ""3.50"", ""6.32"", ""7.56"", ""8.47"", ""8.48"", ""8.49""], ""-2"": [""3.50"", ""3.54"", ""6.29"", ""6.32"", ""6.33""], ""-1"": [""5.69"", ""6.29"", ""6.32""]}",2532.6962890625,0.7272727272727273,B,394,False,True,True
B1B1U5,shuffled,chai,16.1532059487408,14.52358891318557,17.062484992712967,111.0,72.89291581735638,9.827260907637982,11.302966553300305,0.06,50,6.99681420362153,7.2741142416104525,14.270928445231982,16.0,58.0,30.0,"{""-5"": [""8.49""], ""-4"": [""2.37"", ""2.39"", ""2.40"", ""3.49"", ""3.50"", ""6.33"", ""8.47"", ""8.48"", ""8.49""], ""-3"": [""8.48"", ""8.49""], ""-2"": [""6.26"", ""6.29"", ""6.30"", ""6.32"", ""6.33"", ""8.48""], ""-1"": [""6.26"", ""6.29"", ""6.30""]}",1843.177734375,0.5454545454545454,B,394,False,True,True
B1B1U5,shuffled,of3,13.070020087190034,12.849718932856153,13.217813531533183,118.5,72.29759950491945,4.381377997199719,18.252798441219735,1.0,50,7.018260930884178,8.40548659526818,15.423747526152358,23.0,84.0,26.0,"{""-5"": [""8.47"", ""8.48"", ""8.49""], ""-4"": [""3.49"", ""3.50"", ""3.53"", ""3.54"", ""8.47""], ""-3"": [""6.36"", ""7.56"", ""8.47"", ""8.48"", ""8.51""], ""-2"": [""3.50"", ""3.54"", ""5.58"", ""5.61"", ""6.32"", ""6.33"", ""6.36""], ""-1"": [""6.29"", ""6.30"", ""6.32"", ""6.33""]}",1726.8955078125,0.7272727272727273,B,394,True,True,False
B1B1U5,shuffled,protenix,13.192986218156133,13.03254975187459,13.440979515694327,136.0,77.24326823078366,4.5560188211420325,18.29273169153307,1.0,50,7.121052727237034,8.475778293214258,15.596831020451292,23.0,85.0,46.0,"{""-5"": [""8.47"", ""8.48"", ""8.49""], ""-4"": [""3.49"", ""3.50"", ""3.53"", ""3.54"", ""8.47""], ""-3"": [""6.36"", ""7.55"", ""7.56"", ""8.47"", ""8.48"", ""8.51""], ""-2"": [""3.50"", ""3.54"", ""5.58"", ""5.61"", ""6.29"", ""6.32"", ""6.33"", ""6.36"", ""6.37""], ""-1"": [""6.29"", ""6.30"", ""6.32"", ""6.33""]}",1753.5703125,0.7272727272727273,B,394,True,True,False
CCKAR,apo,boltz,,,,,,10.169167023381014,12.041814005746446,0.0,50,7.131059116085072,8.409893086389387,15.540952202474458,,,,,,,,0,False,False,False
CCKAR,apo,chai,,,,,,3.733651966354582,16.904885551926597,1.0,50,6.983336237071791,9.14379275793147,16.12712899500326,,,,,,,,0,True,False,False
CCKAR,apo,of3,,,,,,9.775887787499832,12.39573774201325,0.16,50,6.946710382236719,8.340245960916581,15.2869563431533,,,,,,,,0,False,False,False
CCKAR,apo,protenix,,,,,,10.187475033544064,12.17436306989249,0.0,50,7.206064818783758,8.379488640557705,15.585553459341462,,,,,,,,0,False,False,False
CCKAR,cognate,boltz,12.078607955203637,12.011158555724329,12.16114811639503,51.5,71.99887495040893,3.86602055718388,17.07520109772277,1.0,50,6.9920129377311655,8.987539201283074,15.979552139014238,32.0,11.0,23.0,"{""-5"": [""2.37"", ""2.39"", ""8.49""], ""-4"": [""2.38"", ""2.39"", ""3.49"", ""3.50"", ""3.53"", ""34.57""], ""-3"": [""2.39"", ""2.40"", ""2.43"", ""3.50"", ""6.36"", ""7.53"", ""8.47"", ""8.49"", ""8.50""], ""-2"": [""3.50"", ""3.54"", ""5.61"", ""6.33"", ""6.36"", ""6.37"", ""8.47""], ""-1"": [""6.29"", ""6.33"", ""8.47"", ""8.48"", ""8.49""]}",5033.498046875,0.7272727272727273,B,359,True,True,False
CCKAR,cognate,chai,12.051295361249474,11.957587365041467,12.151774714373408,52.5,75.03588320549775,3.9559894455407116,17.169686496294837,1.0,50,6.911800706038912,9.268415020919164,16.180215726958075,38.0,1.0,19.0,"{""-5"": [""2.37"", ""2.39"", ""8.47"", ""8.49""], ""-4"": [""2.38"", ""2.39"", ""3.49"", ""3.50"", ""3.53"", ""34.57""], ""-3"": [""2.39"", ""2.40"", ""2.43"", ""3.50"", ""6.36"", ""7.53"", ""8.47"", ""8.50""], ""-2"": [""3.50"", ""3.54"", ""6.29"", ""6.33"", ""6.36"", ""6.37"", ""8.47""], ""-1"": [""6.29"", ""6.33"", ""8.47"", ""8.48""]}",3719.1142578125,0.5454545454545454,B,359,True,True,False
CCKAR,cognate,of3,12.286241785816197,12.190018151250394,12.361399538168737,51.0,78.16818004694852,3.9246232638309833,17.27483912921084,0.98,50,7.135893871379678,9.173373023263215,16.309266894642892,31.0,6.0,16.0,"{""-5"": [""2.37"", ""2.38"", ""2.39"", ""8.49""], ""-4"": [""2.38"", ""2.39"", ""3.49"", ""3.50"", ""3.53"", ""34.56"", ""34.57""], ""-3"": [""2.39"", ""2.40"", ""2.43"", ""3.50"", ""6.36"", ""7.53"", ""8.47""], ""-2"": [""3.50"", ""3.54"", ""6.29"", ""6.33"", ""6.36"", ""6.37"", ""8.47""], ""-1"": [""6.33"", ""7.56"", ""8.47"", ""8.48""]}",3730.3388671875,0.7272727272727273,B,359,True,True,False
CCKAR,cognate,protenix,12.111494609083046,12.0590987518885,12.174351573444534,51.0,82.32394422495348,3.7163145402206346,17.060307480675032,1.0,50,7.152656802732576,9.179703261988188,16.332360064720763,30.0,6.0,29.0,"{""-5"": [""2.37"", ""2.39"", ""8.49""], ""-4"": [""2.38"", ""2.39"", ""3.49"", ""3.50"", ""3.53"", ""34.57"", ""8.47""], ""-3"": [""2.39"", ""2.40"", ""2.43"", ""3.50"", ""6.36"", ""7.53"", ""8.47""], ""-2"": [""3.50"", ""3.54"", ""6.33"", ""6.36"", ""6.37"", ""8.47""], ""-1"": [""6.29"", ""6.33"", ""7.56"", ""8.47"", ""8.48""]}",3152.3154296875,0.7272727272727273,B,359,True,True,False
CCKAR,decoy,boltz,14.942121233719638,14.38992552826119,15.56855605250319,39.0,65.25430011749268,3.843227046587064,17.05399544547185,1.0,50,7.079647340538934,9.030592264796368,16.110239605335302,17.0,3.0,23.0,"{""-5"": [""2.37"", ""8.47"", ""8.49""], ""-4"": [""2.39"", ""3.50"", ""3.54"", ""6.36"", ""7.53"", ""8.47""], ""-3"": [""6.33"", ""6.36"", ""7.56"", ""8.47"", ""8.48""], ""-2"": [""6.29"", ""6.32"", ""7.56"", ""8.47"", ""8.48"", ""8.51""], ""-1"": [""6.29"", ""8.48"", ""8.49""]}",4511.6396484375,0.5454545454545454,B,359,True,True,False
CCKAR,decoy,chai,8.661775373381486,8.512517994781447,8.786171403632991,41.0,67.60177913241571,4.009801267628067,17.163267312756386,1.0,50,6.971123582321576,9.023552626321854,15.99467620864343,26.0,14.0,17.0,"{""-5"": [""8.49""], ""-4"": [""2.37"", ""2.39"", ""34.54"", ""8.49""], ""-3"": [""2.39"", ""3.49"", ""3.50"", ""3.53"", ""3.54""], ""-2"": [""2.37"", ""2.39"", ""2.40"", ""2.43"", ""3.50"", ""6.36"", ""7.53"", ""8.47"", ""8.49"", ""8.50""], ""-1"": [""3.50"", ""3.54"", ""5.61"", ""6.33"", ""6.36"", ""6.37"", ""8.47""]}",3687.712890625,0.8181818181818182,B,359,True,True,False
CCKAR,decoy,of3,8.652732117728986,8.589349179314766,8.708470914863653,46.0,64.82476133660322,3.865604194354205,17.294764782444563,1.0,50,6.993109870412893,9.25033377907889,16.243443649491784,29.0,4.0,22.0,"{""-5"": [""8.47"", ""8.49""], ""-4"": [""2.37"", ""2.38"", ""2.39"", ""3.49""], ""-3"": [""2.39"", ""3.49"", ""3.50"", ""3.53"", ""3.54""], ""-2"": [""2.39"", ""2.40"", ""2.43"", ""3.50"", ""6.36"", ""7.53"", ""8.47""], ""-1"": [""3.50"", ""3.54"", ""5.61"", ""6.33"", ""6.36"", ""6.37"", ""8.47""]}",3322.4990234375,0.7272727272727273,B,359,True,True,False
CCKAR,decoy,protenix,8.763627327809397,8.626796486083954,8.878513554724712,44.0,69.24582683048551,3.7179053112141065,17.021262601401467,1.0,50,7.129939582183068,9.213247476665352,16.34318705884842,21.0,4.0,30.0,"{""-5"": [""8.47"", ""8.49""], ""-4"": [""2.37"", ""2.38"", ""2.39"", ""3.49"", ""34.57"", ""8.49""], ""-3"": [""2.39"", ""3.49"", ""3.50"", ""3.53"", ""3.54""], ""-2"": [""2.39"", ""2.40"", ""2.43"", ""3.50"", ""6.36"", ""7.53"", ""8.47""], ""-1"": [""3.50"", ""3.54"", ""6.33"", ""6.36"", ""6.37"", ""8.47""]}",3130.326171875,0.7272727272727273,B,359,True,True,False
CCKAR,shuffled,boltz,11.620278040206284,11.57397157241246,11.713236170366155,45.0,76.97879962921142,3.873533524064438,17.21727724030193,1.0,50,7.043669456760446,8.968639343908308,16.012308800668755,26.0,4.0,24.0,"{""-5"": [""2.37"", ""2.39"", ""8.47"", ""8.49""], ""-4"": [""2.39"", ""3.49"", ""3.50"", ""3.53"", ""8.47""], ""-3"": [""3.50"", ""6.36"", ""7.56"", ""8.47""], ""-2"": [""3.50"", ""3.54"", ""6.29"", ""6.33"", ""6.36"", ""6.37""], ""-1"": [""6.26"", ""6.29"", ""6.30"", ""6.33""]}",4603.0908203125,0.7272727272727273,B,354,True,True,False
CCKAR,shuffled,chai,11.930957552972556,11.75814851242166,12.349985041730955,66.0,78.69145281872537,4.039721575095622,17.213495200837656,1.0,50,6.965827876139348,9.359301095701538,16.325128971840886,23.0,31.0,26.0,"{""-5"": [""2.37"", ""2.39"", ""8.49""], ""-4"": [""2.39"", ""3.49"", ""3.50"", ""3.53""], ""-3"": [""3.50"", ""7.53"", ""7.56"", ""8.47""], ""-2"": [""3.50"", ""3.54"", ""6.33"", ""6.36"", ""6.37"", ""7.56"", ""8.47""], ""-1"": [""6.26"", ""6.29"", ""6.30"", ""6.33"", ""8.47"", ""8.48"", ""8.49""]}",2270.6474609375,0.7272727272727273,B,354,True,True,False
CCKAR,shuffled,of3,11.943000800991388,11.835676619202886,12.065699384308527,48.0,77.35197702415405,3.9750535061163923,17.38543080358353,0.96,50,7.040162623523648,9.231467830078516,16.271630453602164,22.0,4.0,35.0,"{""-5"": [""2.37"", ""2.39"", ""2.40"", ""8.47"", ""8.49""], ""-4"": [""2.39"", ""3.49"", ""3.50"", ""3.53"", ""8.47""], ""-3"": [""3.50"", ""6.36"", ""8.47""], ""-2"": [""3.50"", ""3.54"", ""5.61"", ""6.33"", ""6.36"", ""6.37""], ""-1"": [""6.26"", ""6.29"", ""6.30"", ""6.33"", ""8.47"", ""8.48""]}",1825.9375,0.7272727272727273,B,354,True,True,False
CCKAR,shuffled,protenix,12.177105281351976,12.052565016879928,12.358827217026363,51.0,81.27105721595484,3.6840933610785163,17.150145202560417,1.0,50,7.131158229554456,9.30384443591066,16.435002665465117,22.0,3.0,34.0,"{""-5"": [""2.37"", ""2.39"", ""2.40"", ""8.47"", ""8.49""], ""-4"": [""2.39"", ""3.49"", ""3.50"", ""3.53"", ""8.47""], ""-3"": [""3.50"", ""6.36"", ""7.56"", ""8.47""], ""-2"": [""3.50"", ""3.54"", ""6.29"", ""6.33"", ""6.36"", ""6.37"", ""8.47""], ""-1"": [""6.26"", ""6.29"", ""6.30"", ""6.33"", ""7.56"", ""8.47"", ""8.48""]}",2772.90234375,0.7272727272727273,B,354,True,True,False
CCR5,apo,boltz,,,,,,10.330912265375822,16.39106414507754,0.2,50,7.316639702472714,9.66502432645154,16.981664028924254,,,,,,,,0,False,False,False
CCR5,apo,chai,,,,,,11.96217508546591,11.857300793802636,0.0,50,7.593479637162399,7.995556828639265,15.589036465801664,,,,,,,,0,False,False,False
CCR5,apo,of3,,,,,,9.344135841129436,18.354022529324098,0.38,50,7.099276363492649,10.259325266044316,17.358601629536963,,,,,,,,0,False,False,False
CCR5,apo,protenix,,,,,,11.532569322655252,11.840620485314819,0.0,50,7.278774867459134,7.976825629139037,15.25560049659817,,,,,,,,0,False,False,False
CCR5,cognate,boltz,12.329629892400202,12.198079638354084,12.699885594683387,63.0,81.01250019073487,5.031884952606444,17.918585250735624,0.98,50,7.195928407488501,10.204784713549817,17.40071312103832,23.0,19.0,25.0,"{""-5"": [""12.48"", ""2.39"", ""8.49""], ""-4"": [""2.39"", ""3.49"", ""3.50"", ""3.53"", ""7.53""], ""-3"": [""3.50"", ""6.36"", ""7.56"", ""8.47""], ""-2"": [""3.50"", ""3.54"", ""5.61"", ""6.29"", ""6.32"", ""6.33"", ""6.36"", ""6.37"", ""6.40""], ""-1"": [""5.65"", ""5.68"", ""6.29"", ""6.30"", ""6.32"", ""6.33"", ""8.47"", ""8.48"", ""8.49""]}",1669.474609375,0.7272727272727273,B,354,True,True,False
CCR5,cognate,chai,10.760691571641487,10.37499962152598,11.098639746804015,49.5,73.96442893460372,11.721743116597956,12.09819978921217,0.0,50,7.568108019842212,8.166636149602848,15.73474416944506,23.0,4.0,29.0,"{""-5"": [""2.37"", ""2.40""], ""-4"": [""12.48"", ""2.37"", ""2.39"", ""2.40"", ""3.50"", ""3.53"", ""34.57"", ""8.49""], ""-3"": [""12.48"", ""2.37"", ""2.39"", ""2.40"", ""2.43"", ""3.50"", ""6.36""], ""-2"": [""1.57"", ""12.48"", ""2.40"", ""2.43"", ""6.36"", ""7.53"", ""8.47"", ""8.49"", ""8.50""], ""-1"": [""3.50"", ""6.29"", ""6.32"", ""6.33"", ""6.36"", ""7.56"", ""8.47"", ""8.48"", ""8.49""]}",1832.060546875,0.6363636363636364,B,354,False,True,True
CCR5,cognate,of3,11.741107789580226,11.511390258437189,11.942702551526548,60.5,82.22515173223971,4.919416607205708,17.862491066676284,1.0,50,7.071286473382283,10.000752381529244,17.072038854911526,26.0,10.0,35.0,"{""-5"": [""12.48"", ""2.39"", ""8.49""], ""-4"": [""2.39"", ""3.49"", ""3.50"", ""3.53"", ""34.57""], ""-3"": [""3.50"", ""6.36"", ""7.56"", ""8.47""], ""-2"": [""3.50"", ""3.54"", ""5.58"", ""5.61"", ""6.32"", ""6.33"", ""6.36"", ""6.37"", ""6.40""], ""-1"": [""6.29"", ""6.32"", ""6.36"", ""7.56"", ""8.47"", ""8.48"", ""8.49""]}",1423.27734375,0.7272727272727273,B,354,True,True,False
CCR5,cognate,protenix,11.838687348420493,11.709214932225994,11.935362252676216,53.0,85.75160320045283,4.848292938087727,17.895586027305374,1.0,50,7.168656449784593,10.077508907418638,17.246165357203232,22.0,8.0,37.0,"{""-5"": [""12.48"", ""2.39"", ""8.49""], ""-4"": [""2.39"", ""3.49"", ""3.50"", ""3.53"", ""34.57"", ""7.53""], ""-3"": [""3.50"", ""6.36"", ""7.52"", ""7.53"", ""7.56"", ""8.47""], ""-2"": [""3.50"", ""3.54"", ""5.61"", ""6.32"", ""6.33"", ""6.36"", ""6.37"", ""6.40""], ""-1"": [""5.65"", ""6.28"", ""6.29"", ""6.30"", ""6.32"", ""6.33"", ""7.56"", ""8.47"", ""8.48"", ""8.49"", ""8.51""]}",1510.5341796875,0.7272727272727273,B,354,True,True,False
CCR5,decoy,boltz,61.61208876141726,59.19914960004625,66.21223307108335,25.0,68.58237476348876,9.334526371235569,17.848256331367978,0.38,50,7.179935024566727,10.00506659680984,17.185001621376568,8.0,10.0,6.0,"{""-5"": [], ""-4"": [], ""-3"": [], ""-2"": [], ""-1"": []}",1962.365234375,0.8181818181818182,B,354,False,False,False
CCR5,decoy,chai,11.061804475092917,10.772633428664435,11.37574295534241,56.0,76.42190722921022,11.924455903266729,12.283642214876277,0.0,50,7.563069019915132,8.115979546548894,15.679048566464026,20.0,24.0,42.0,"{""-5"": [""34.54"", ""8.49""], ""-4"": [""3.50"", ""3.53"", ""3.54"", ""34.57"", ""6.32"", ""6.33"", ""6.34""], ""-3"": [""6.32"", ""6.33"", ""7.56"", ""8.47"", ""8.48""], ""-2"": [""3.50"", ""6.32"", ""6.36"", ""8.47"", ""8.48"", ""8.49""], ""-1"": [""1.57"", ""12.48"", ""2.39"", ""2.40"", ""2.43"", ""6.36"", ""7.53"", ""8.49"", ""8.50"", ""8.53""]}",2225.357421875,0.3636363636363636,B,354,False,True,True
CCR5,decoy,of3,11.171237264066013,9.512893099238829,72.65669038355983,34.0,59.77879891659617,4.877657324631926,18.157774388566317,1.0,50,7.082916704442472,10.01260997463059,17.095526679073064,18.0,12.0,21.0,"{""-5"": [""8.49""], ""-4"": [""2.39"", ""3.53"", ""34.54"", ""34.57""], ""-3"": [""3.54"", ""5.61"", ""5.65"", ""6.33""], ""-2"": [""12.48"", ""8.47"", ""8.49"", ""8.50""], ""-1"": [""2.39"", ""2.43"", ""3.46"", ""3.50"", ""7.53"", ""7.54"", ""7.56"", ""8.47""]}",1201.451171875,0.8181818181818182,B,354,True,True,False
CCR5,decoy,protenix,11.621111348439786,9.952845805185893,12.406110710925294,59.0,66.35474991400693,11.589775709319706,12.026218781923813,0.4,50,7.284700385958194,8.003129781743496,15.28783016770169,27.0,7.0,67.0,"{""-5"": [""8.49""], ""-4"": [""2.39"", ""3.50"", ""3.53"", ""3.54"", ""34.57"", ""6.32"", ""6.33"", ""6.34""], ""-3"": [""6.28"", ""6.29"", ""6.30"", ""6.32"", ""6.33"", ""8.48"", ""8.49""], ""-2"": [""12.48"", ""8.49"", ""8.50"", ""8.53""], ""-1"": [""1.59"", ""12.48"", ""12.49"", ""2.39"", ""2.40"", ""2.43"", ""3.50"", ""6.36"", ""8.47"", ""8.48"", ""8.49"", ""8.50""]}",1793.849609375,0.8181818181818182,B,354,False,True,True
CCR5,shuffled,boltz,11.89244681276237,11.17975966519798,12.973494518089147,68.5,68.23127527236939,5.138720570833386,17.724349839424782,0.94,50,7.158336213401827,9.903732301213518,17.062068514615344,30.0,21.0,25.0,"{""-5"": [""2.37"", ""2.39"", ""34.57"", ""8.49""], ""-4"": [""2.39"", ""3.49"", ""3.50"", ""3.53"", ""3.54"", ""34.57"", ""6.36""], ""-3"": [""6.27"", ""6.29"", ""6.30"", ""6.32"", ""6.33"", ""6.36"", ""8.47""], ""-2"": [""6.29"", ""6.32"", ""7.56"", ""8.47"", ""8.48"", ""8.49"", ""8.50""], ""-1"": [""12.48"", ""2.43"", ""3.50"", ""7.53"", ""7.54"", ""7.55"", ""8.47"", ""8.48"", ""8.49"", ""8.50""]}",2113.71484375,0.8181818181818182,B,394,True,True,False
CCR5,shuffled,chai,16.08327515160091,15.159347773401858,16.748695086646308,48.0,72.86651812668313,11.670003063130011,12.127643934677808,0.02,50,7.61972053293295,8.135506191995677,15.755226724928628,22.0,24.0,21.0,"{""-5"": [""8.49""], ""-4"": [""3.49"", ""3.50"", ""3.53"", ""3.54"", ""34.57"", ""8.48"", ""8.49""], ""-3"": [""6.32"", ""8.48"", ""8.49"", ""8.52""], ""-2"": [""6.26"", ""6.29"", ""6.32"", ""6.33""], ""-1"": [""6.26"", ""6.29""]}",1637.7763671875,0.7272727272727273,B,394,False,True,True
CCR5,shuffled,of3,12.999004699282622,12.790685399728762,13.200811649810772,65.0,71.44706538717469,4.815809907167646,18.591582755312622,1.0,50,7.047734940235479,10.078236695173,17.12597163540848,33.0,21.0,27.0,"{""-5"": [""8.47""], ""-4"": [""2.39"", ""3.49"", ""3.50"", ""3.53"", ""3.54"", ""34.57"", ""6.36""], ""-3"": [""6.32"", ""6.33"", ""6.36"", ""7.56"", ""8.47"", ""8.48"", ""8.49""], ""-2"": [""3.54"", ""5.61"", ""5.65"", ""6.29"", ""6.33"", ""6.36"", ""6.37""], ""-1"": [""5.65"", ""5.68"", ""6.26"", ""6.29"", ""6.30"", ""6.33""]}",1630.4130859375,0.7272727272727273,B,394,True,True,False
CCR5,shuffled,protenix,12.879854358665057,12.674042097520271,13.01282402110036,57.0,79.00989258081538,4.817872424954559,17.919874382868137,1.0,50,7.077794087262714,9.949105080664046,17.02689916792676,27.0,17.0,33.0,"{""-5"": [""34.57"", ""8.49""], ""-4"": [""2.39"", ""3.49"", ""3.50"", ""3.53"", ""3.54"", ""34.57"", ""6.36""], ""-3"": [""6.32"", ""6.36"", ""7.54"", ""7.56"", ""8.47"", ""8.48"", ""8.49"", ""8.50""], ""-2"": [""5.61"", ""6.29"", ""6.32"", ""6.33"", ""6.36"", ""6.37""], ""-1"": [""5.65"", ""6.27"", ""6.29"", ""6.30"", ""6.32"", ""6.33""]}",1239.8916015625,0.7272727272727273,B,394,True,True,False
CNR1,apo,boltz,,,,,,6.292644846192829,13.479955897213987,0.42,50,7.320209146233459,8.814503061965546,16.134712208199005,,,,,,,,0,False,False,False
CNR1,apo,chai,,,,,,3.580777634380963,17.093195584874856,1.0,50,7.075712967609697,9.824690936614749,16.900403904224447,,,,,,,,0,True,False,False
CNR1,apo,of3,,,,,,4.904032150441983,14.890987819325815,0.48,50,7.206578260085488,9.128919826235744,16.33549808632123,,,,,,,,0,False,False,False
CNR1,apo,protenix,,,,,,3.649267322150372,16.732999357371796,0.7,50,7.131408470053647,9.6403309264275,16.771739396481145,,,,,,,,0,True,False,False
CNR1,cognate,boltz,10.768320628543163,10.357378457996099,11.285139478965265,90.0,85.59509963989257,4.113127028119264,17.199509523331876,1.0,50,7.0749747123647015,9.504126020844842,16.579100733209543,27.0,29.0,51.0,"{""-5"": [""2.37"", ""2.39"", ""2.40"", ""34.53"", ""34.54""], ""-4"": [""2.37"", ""2.39"", ""2.42"", ""3.49"", ""3.50"", ""3.53"", ""34.53""], ""-3"": [""2.39"", ""3.50"", ""7.53""], ""-2"": [""3.50"", ""5.61"", ""6.33"", ""6.36"", ""6.37"", ""6.40""], ""-1"": [""6.29"", ""6.32"", ""6.33""]}",3212.90234375,0.7272727272727273,B,354,True,True,False
CNR1,cognate,chai,10.63855864864749,10.398097701890745,10.820873938527882,87.0,86.3486931344097,3.7068692155613387,17.180221432416978,1.0,50,7.091098927528796,9.870133535064255,16.961232462593053,24.0,31.0,31.0,"{""-5"": [""2.37"", ""2.39"", ""2.40"", ""34.53"", ""34.54""], ""-4"": [""2.39"", ""2.43"", ""3.49"", ""3.50"", ""3.53"", ""34.53""], ""-3"": [""2.40"", ""3.50"", ""7.53"", ""7.56"", ""8.47""], ""-2"": [""3.50"", ""5.61"", ""6.33"", ""6.36"", ""6.37"", ""6.40"", ""7.56""], ""-1"": [""6.29"", ""6.32"", ""6.33"", ""7.56"", ""8.47"", ""8.48"", ""8.51""]}",1552.900390625,0.7272727272727273,B,354,True,True,False
CNR1,cognate,of3,10.913382133806378,10.645791668226332,11.153691587263413,88.0,82.36919601320704,3.6634307121352063,17.18107030765966,1.0,50,7.110631102548544,9.7010960005682,16.811727103116745,27.0,39.0,33.0,"{""-5"": [""2.37"", ""2.39"", ""2.40"", ""34.53"", ""34.54""], ""-4"": [""2.39"", ""2.43"", ""3.49"", ""3.50"", ""3.53"", ""34.53""], ""-3"": [""2.39"", ""2.40"", ""3.50"", ""7.53"", ""8.47""], ""-2"": [""3.50"", ""5.61"", ""6.33"", ""6.36"", ""6.37"", ""6.40""], ""-1"": [""6.29"", ""6.32"", ""6.33"", ""8.48""]}",2084.080078125,0.7272727272727273,B,354,True,True,False
CNR1,cognate,protenix,11.407738206799682,11.328902677583061,11.471969182815425,79.5,85.66745000208954,3.6216056647758412,17.153031650260715,1.0,50,7.227039924442248,9.696990881067157,16.924030805509403,29.0,38.0,21.0,"{""-5"": [""2.37"", ""2.39"", ""2.40"", ""34.53"", ""34.54"", ""8.49""], ""-4"": [""2.39"", ""2.43"", ""3.49"", ""3.50"", ""3.53"", ""34.53""], ""-3"": [""2.40"", ""3.50"", ""7.53"", ""7.56"", ""8.47""], ""-2"": [""3.50"", ""6.33"", ""6.36"", ""6.37"", ""6.40"", ""7.56""], ""-1"": [""6.29"", ""6.32"", ""6.33"", ""7.56"", ""8.47"", ""8.48"", ""8.51""]}",2822.1552734375,0.7272727272727273,B,354,True,True,False
CNR1,decoy,boltz,10.09768679624721,9.295294609910641,13.294752276509424,89.5,64.72670016288757,4.093337395205335,17.16262147869977,0.98,50,7.0164150140438535,9.60239902438448,16.618814038428333,35.0,36.0,41.0,"{""-5"": [""2.37"", ""2.39""], ""-4"": [""2.37"", ""2.38"", ""2.39"", ""2.40"", ""3.49"", ""3.50"", ""34.53""], ""-3"": [""2.37"", ""2.39"", ""2.40"", ""3.50"", ""7.53"", ""8.47"", ""8.49""], ""-2"": [""2.39"", ""2.42"", ""3.46"", ""3.50"", ""7.53""], ""-1"": [""3.50"", ""5.58"", ""5.61"", ""6.33"", ""6.36"", ""6.37"", ""6.40""]}",3216.26171875,0.7272727272727273,B,354,True,True,False
CNR1,decoy,chai,10.09239808108902,9.667741628491033,11.670314887331067,83.5,76.98868533010263,3.6341434767308707,17.68376518066047,1.0,50,6.980094626865742,9.947145118072823,16.927239744938564,33.0,38.0,36.0,"{""-5"": [], ""-4"": [""3.50"", ""3.53"", ""3.54"", ""5.61""], ""-3"": [""2.37"", ""2.39"", ""2.40"", ""3.50"", ""7.53"", ""8.47"", ""8.49""], ""-2"": [""3.50"", ""6.36"", ""6.40"", ""7.52"", ""7.53"", ""7.56"", ""8.47""], ""-1"": [""3.50"", ""5.58"", ""5.61"", ""6.32"", ""6.33"", ""6.36"", ""6.37"", ""6.40"", ""7.56""]}",1887.6748046875,0.5454545454545454,B,354,True,True,False
CNR1,decoy,of3,14.928395352809792,13.176504423509787,15.507426103594103,70.5,68.25788214038805,3.5324332009102664,17.551591093293432,1.0,50,7.091771988395798,9.807033997225972,16.89880598562177,22.0,20.0,35.0,"{""-5"": [], ""-4"": [""3.50"", ""3.53"", ""3.54"", ""5.61"", ""6.33"", ""6.36"", ""6.37""], ""-3"": [""6.29"", ""6.32"", ""6.33"", ""6.36"", ""7.56""], ""-2"": [""7.56"", ""8.47"", ""8.48"", ""8.51""], ""-1"": [""6.29"", ""6.32"", ""7.56"", ""8.48"", ""8.51""]}",2389.58203125,0.8181818181818182,B,354,True,True,False
CNR1,decoy,protenix,14.708367116081792,14.547031026963657,14.844728916347393,73.0,81.14561621539349,3.43868108545816,17.519382895809578,1.0,50,7.1812271282444335,9.624657193222788,16.80588432146722,23.0,27.0,45.0,"{""-5"": [], ""-4"": [""3.50"", ""3.53"", ""3.54"", ""5.61"", ""6.33"", ""6.36"", ""6.37""], ""-3"": [""6.29"", ""6.32"", ""6.33"", ""6.36"", ""7.56""], ""-2"": [""7.56"", ""8.47"", ""8.48"", ""8.51""], ""-1"": [""6.32"", ""7.56"", ""8.48"", ""8.51""]}",2129.63671875,0.8181818181818182,B,354,True,True,False
CNR1,shuffled,boltz,11.34960099489176,10.634064599741055,13.521330629813828,95.0,81.62947521209716,3.7983033963549677,17.527372243582732,1.0,50,7.1790225306931585,9.814692062601864,16.993714593295024,33.0,41.0,66.0,"{""-5"": [""2.37"", ""2.39"", ""2.40"", ""8.49""], ""-4"": [""2.39"", ""3.49"", ""3.50"", ""3.53"", ""34.53""], ""-3"": [""6.33"", ""6.36"", ""7.56"", ""8.47"", ""8.48""], ""-2"": [""3.50"", ""5.58"", ""5.61"", ""6.33"", ""6.34"", ""6.36"", ""6.37"", ""6.40""], ""-1"": [""2.42"", ""3.46"", ""3.50"", ""5.58"", ""6.36"", ""6.40"", ""7.52"", ""7.53""]}",3607.3837890625,0.6363636363636364,B,394,True,True,False
CNR1,shuffled,chai,13.919202338542071,13.76238791082076,14.072968416279581,92.0,79.9303304204177,3.710232410289728,18.311745507239742,1.0,50,7.05576969578798,9.7484142813075,16.804183977095477,31.0,43.0,35.0,"{""-5"": [""7.56"", ""8.47"", ""8.48"", ""8.49""], ""-4"": [""3.49"", ""3.50"", ""3.53"", ""34.53"", ""7.56"", ""8.48""], ""-3"": [""6.36"", ""7.56"", ""8.47"", ""8.48"", ""8.51""], ""-2"": [""3.50"", ""5.61"", ""6.32"", ""6.33"", ""6.36"", ""6.37"", ""6.40""], ""-1"": [""6.29"", ""6.32"", ""6.33""]}",2504.8681640625,0.7272727272727273,B,394,True,True,False
CNR1,shuffled,of3,13.86886125056364,13.311443989859134,17.071130940574943,86.5,73.10811236698734,3.6357826097290555,18.08257078796777,0.98,50,7.130640131667754,9.925075306761556,17.05571543842931,32.0,45.0,30.0,"{""-5"": [""2.37"", ""2.39"", ""2.40"", ""8.47"", ""8.49""], ""-4"": [""2.39"", ""3.49"", ""3.50"", ""3.53"", ""34.53""], ""-3"": [""6.36"", ""7.56"", ""8.47"", ""8.48"", ""8.51""], ""-2"": [""3.50"", ""5.61"", ""6.29"", ""6.32"", ""6.33"", ""6.36"", ""6.37"", ""6.40""], ""-1"": [""6.29"", ""6.30"", ""6.33""]}",2967.4658203125,0.7272727272727273,B,394,True,True,False
CNR1,shuffled,protenix,13.335798241370444,11.55176189719652,17.202430915910632,97.5,80.56336162914617,3.3173069478615953,17.706633740541747,1.0,50,7.253150836276758,9.708563222767108,16.961714059043864,21.0,45.0,43.0,"{""-5"": [""7.56""], ""-4"": [""3.49"", ""3.50"", ""3.53"", ""3.54"", ""6.33"", ""6.36""], ""-3"": [""6.29"", ""6.32"", ""6.33"", ""6.36"", ""7.56""], ""-2"": [""6.32"", ""6.35"", ""6.36"", ""7.56""], ""-1"": [""7.56"", ""8.48"", ""8.51""]}",2444.2353515625,0.7272727272727273,B,394,True,True,False
CNR2,apo,boltz,,,,,,11.075585290174546,13.621269341736813,0.02,50,7.281268635485165,8.520964487621105,15.80223312310627,,,,,,,,0,False,False,False
CNR2,apo,chai,,,,,,2.7672341723056424,15.861712172266422,1.0,50,7.052733016356141,9.459651314926994,16.512384331283137,,,,,,,,0,True,False,False
CNR2,apo,of3,,,,,,3.879541942256121,14.132346215921615,0.02,50,7.026139828399797,8.862324397858789,15.888464226258586,,,,,,,,0,False,False,False
CNR2,apo,protenix,,,,,,4.621232511790186,13.6919419431653,0.0,50,7.031262010332606,8.866405151850413,15.89766716218302,,,,,,,,0,False,False,False
CNR2,cognate,boltz,11.720600476845908,11.564499530314277,11.927031210300575,66.0,89.0047996520996,4.623368809013335,15.870924790854003,0.94,50,6.969399344175938,9.169116268027144,16.13851561220308,28.0,30.0,26.0,"{""-5"": [""2.37"", ""2.39"", ""2.40"", ""34.54"", ""8.49""], ""-4"": [""2.39"", ""2.40"", ""2.43"", ""3.49"", ""3.50"", ""3.53"", ""34.53""], ""-3"": [""2.40"", ""3.50"", ""7.53"", ""7.56"", ""8.47"", ""8.48""], ""-2"": [""3.50"", ""6.33"", ""6.36"", ""6.37"", ""7.56""], ""-1"": [""6.29"", ""6.32"", ""6.33"", ""7.56"", ""8.48""]}",3469.896484375,0.7272727272727273,B,354,True,True,False
CNR2,cognate,chai,11.527973929946409,10.973274175124658,11.735744800584204,61.0,83.75893387902522,3.815926828404299,17.02405181795536,1.0,50,7.035005401561537,9.460914596380205,16.49591999794174,23.0,23.0,24.0,"{""-5"": [""2.37"", ""2.39"", ""2.40"", ""34.54"", ""8.49""], ""-4"": [""2.39"", ""2.40"", ""2.43"", ""3.49"", ""3.50"", ""3.53"", ""34.53"", ""7.53"", ""8.47""], ""-3"": [""3.50"", ""7.56"", ""8.47""], ""-2"": [""3.50"", ""6.32"", ""6.33"", ""6.36"", ""6.37"", ""7.56""], ""-1"": [""6.29"", ""6.32""]}",1457.205078125,0.7272727272727273,B,354,True,True,False
CNR2,cognate,of3,11.437782408503683,10.88695956329185,11.81369659572026,62.0,82.50397133996476,3.68502349956457,16.41873700641566,1.0,50,6.982731421434611,9.159465210096158,16.14219663153077,27.0,22.0,19.0,"{""-5"": [""2.37"", ""2.39"", ""2.40"", ""34.54"", ""8.49""], ""-4"": [""2.39"", ""2.40"", ""2.43"", ""3.49"", ""3.50"", ""3.53"", ""34.53""], ""-3"": [""2.40"", ""3.50"", ""7.53"", ""7.56"", ""8.47""], ""-2"": [""3.50"", ""6.33"", ""6.36"", ""6.37""], ""-1"": [""6.29"", ""6.32"", ""7.56""]}",2246.865234375,0.7272727272727273,B,354,True,True,False
CNR2,cognate,protenix,11.64339685722323,11.555630107884697,11.770810907274255,64.5,85.92592175434851,3.81278989179355,16.53485371526746,1.0,50,7.083879225298736,9.338210554096646,16.42208977939538,22.0,25.0,22.0,"{""-5"": [""2.37"", ""2.39"", ""2.40"", ""34.54"", ""8.49""], ""-4"": [""2.39"", ""2.43"", ""3.49"", ""3.50"", ""3.53"", ""34.53""], ""-3"": [""2.40"", ""7.53"", ""7.56"", ""8.47""], ""-2"": [""3.50"", ""6.32"", ""6.33"", ""6.36"", ""6.37"", ""7.56""], ""-1"": [""6.29"", ""6.32"", ""6.33"", ""7.56"", ""8.47"", ""8.48"", ""8.51""]}",1497.650390625,0.7272727272727273,B,354,True,True,False
CNR2,decoy,boltz,18.026112464679883,17.175724221481836,18.528428529307167,75.5,80.89520044326781,10.301886461276926,13.179337576275607,0.24,50,7.079681401171949,8.422879822548817,15.502561223720765,19.0,24.0,52.0,"{""-5"": [""2.37"", ""2.40"", ""7.56"", ""8.47"", ""8.48"", ""8.49"", ""8.50""], ""-4"": [""2.39"", ""2.40"", ""2.43"", ""3.50"", ""6.32"", ""6.33"", ""6.36"", ""7.53"", ""7.56"", ""8.47"", ""8.48""], ""-3"": [""6.28"", ""6.30"", ""6.32"", ""6.33"", ""7.56""], ""-2"": [""6.28"", ""6.32"", ""7.56"", ""8.48"", ""8.51""], ""-1"": [""6.32"", ""7.55"", ""7.56"", ""8.47"", ""8.48"", ""8.51""]}",3205.328125,0.3636363636363636,B,354,False,True,True
CNR2,decoy,chai,16.134036558791884,15.22132687156869,16.406898822235956,61.0,75.5138097947879,3.588850016675101,16.862260509220476,1.0,50,6.957898748904011,9.608226995653256,16.56612574455727,15.0,29.0,20.0,"{""-5"": [""2.37"", ""2.40"", ""7.56"", ""8.47"", ""8.48"", ""8.49""], ""-4"": [""2.39"", ""2.40"", ""2.43"", ""3.50"", ""7.53"", ""7.56"", ""8.47""], ""-3"": [""3.50"", ""6.32"", ""6.33"", ""6.36"", ""7.56""], ""-2"": [""6.32"", ""7.56"", ""8.48"", ""8.51""], ""-1"": [""6.32"", ""6.35"", ""6.36"", ""7.56"", ""8.51""]}",1556.6328125,0.4545454545454545,B,354,True,True,False
CNR2,decoy,of3,10.12341980583892,9.750016241576336,11.630151314453325,43.0,58.673825593930474,2.4211444846716006,15.879746505432049,0.96,50,6.880030826748745,9.1418682320524,16.021899058801143,12.0,1.0,13.0,"{""-5"": [""2.39"", ""3.49"", ""3.50"", ""3.53"", ""34.53""], ""-4"": [""6.29"", ""7.56"", ""8.47"", ""8.48""], ""-3"": [""3.50"", ""6.29"", ""6.33"", ""7.56"", ""8.47""], ""-2"": [""7.56"", ""8.47"", ""8.48"", ""8.51""], ""-1"": [""6.32"", ""7.56"", ""8.51""]}",2412.6533203125,0.4545454545454545,B,354,True,True,False
CNR2,decoy,protenix,11.350748881486568,10.01429974677918,16.799787248174166,47.5,69.21478406768856,3.6352732615588863,16.59246909618315,1.0,50,7.043610705378385,9.266313627439509,16.309924332817893,24.0,23.0,22.0,"{""-5"": [""2.40"", ""2.43"", ""3.50"", ""6.36"", ""7.53"", ""7.56"", ""8.47"", ""8.48""], ""-4"": [""3.50"", ""6.32"", ""6.33"", ""6.36"", ""6.37""], ""-3"": [""6.29"", ""6.32""], ""-2"": [""6.36"", ""7.56"", ""8.48"", ""8.51""], ""-1"": [""6.32"", ""6.35"", ""7.56""]}",1579.6845703125,0.4545454545454545,B,354,True,True,False
CNR2,shuffled,boltz,9.180412856566011,6.782356357721916,12.060646320646581,76.5,86.13772487640381,4.219704142761634,15.628305565154019,0.78,50,7.091383665364609,8.862609916841652,15.953993582206262,39.0,35.0,31.0,"{""-5"": [""2.37"", ""2.40"", ""8.47"", ""8.49""], ""-4"": [""2.37"", ""2.39"", ""2.40"", ""3.50"", ""3.53"", ""34.53"", ""8.49""], ""-3"": [""6.33"", ""7.56"", ""8.47"", ""8.48"", ""8.51""], ""-2"": [""3.50"", ""3.54"", ""5.58"", ""5.61"", ""5.65"", ""6.33"", ""6.34"", ""6.37""], ""-1"": [""2.43"", ""3.46"", ""3.49"", ""3.50"", ""5.58"", ""6.36"", ""6.37"", ""6.40"", ""7.52"", ""7.53"", ""7.56"", ""8.47""]}",2645.830078125,0.4545454545454545,B,394,True,True,False
CNR2,shuffled,chai,13.67495207101955,13.283740541695746,13.874098096730384,58.0,80.64843854373669,3.6070042244002742,17.502295277706217,1.0,50,6.944970410304135,9.720718389090388,16.665688799394523,24.0,18.0,20.0,"{""-5"": [""2.40"", ""8.47"", ""8.48"", ""8.49""], ""-4"": [""2.39"", ""3.49"", ""3.50"", ""3.53"", ""34.53"", ""7.56""], ""-3"": [""6.32"", ""6.36"", ""7.55"", ""7.56"", ""8.47"", ""8.48"", ""8.51""], ""-2"": [""3.50"", ""6.29"", ""6.32"", ""6.33"", ""6.36"", ""7.56""], ""-1"": [""6.29"", ""6.32""]}",1527.8837890625,0.7272727272727273,B,394,True,True,False
CNR2,shuffled,of3,13.793425211618171,12.95978182961332,14.030921028850102,66.0,71.8226027260267,3.346454137792753,16.95128735786655,1.0,50,7.019159299717043,9.110146110647047,16.12930541036409,37.0,27.0,23.0,"{""-5"": [""2.37"", ""8.49""], ""-4"": [""3.49"", ""3.50"", ""3.53"", ""3.54"", ""6.33"", ""6.36""], ""-3"": [""6.28"", ""6.29"", ""6.32"", ""6.33"", ""6.36""], ""-2"": [""7.56"", ""8.47"", ""8.48""], ""-1"": [""2.43"", ""3.50"", ""6.36"", ""7.52"", ""7.53"", ""7.56"", ""8.47""]}",2052.916015625,0.9090909090909092,B,394,True,True,False
CNR2,shuffled,protenix,12.527790196075083,10.955676533208965,13.22421321440746,66.5,79.7855204844922,3.4863537336172135,17.06086807736144,1.0,50,7.041294303720092,9.313515963064916,16.35481026678501,25.0,26.0,39.0,"{""-5"": [""7.56"", ""8.49""], ""-4"": [""3.49"", ""3.50"", ""3.53"", ""3.54"", ""6.33"", ""6.36"", ""7.56""], ""-3"": [""6.29"", ""6.32"", ""6.33"", ""6.36"", ""7.56""], ""-2"": [""6.35"", ""6.36"", ""6.37"", ""6.39"", ""7.52"", ""7.56""], ""-1"": [""6.32"", ""6.36""]}",1376.880859375,0.7272727272727273,B,394,True,True,False
CXCR2,apo,boltz,,,,,,10.655808889562666,11.970889069608207,0.0,50,6.630160659297783,7.716244399226867,14.346405058524647,,,,,,,,0,False,False,False
CXCR2,apo,chai,,,,,,10.256678599206527,12.325568366279082,0.0,50,6.517264226652162,8.128856131092492,14.646120357744651,,,,,,,,0,False,False,False
CXCR2,apo,of3,,,,,,9.948394522724634,12.093625652423729,0.02,50,6.48270111245237,7.83889320321888,14.321594315671248,,,,,,,,0,False,False,False
CXCR2,apo,protenix,,,,,,9.717694501944724,12.22939564903961,0.0,50,6.670336582553622,7.92039207222921,14.590728654782833,,,,,,,,0,False,False,False
CXCR2,cognate,boltz,12.21374401455994,11.936675221804178,12.45822693559743,51.0,85.67422485351562,4.919016962175069,17.420337560963738,0.98,50,6.726713516614186,8.886030906259554,15.61274442287374,23.0,8.0,30.0,"{""-5"": [""2.37"", ""2.40"", ""8.49"", ""8.50""], ""-4"": [""2.39"", ""3.49"", ""3.50"", ""7.53""], ""-3"": [""6.36"", ""7.56"", ""8.47"", ""8.48""], ""-2"": [""3.50"", ""3.54"", ""6.32"", ""6.33"", ""6.36"", ""6.37"", ""8.47""], ""-1"": [""6.29"", ""6.32"", ""6.33"", ""8.47"", ""8.48"", ""8.49""]}",1825.140625,0.7272727272727273,B,354,True,True,False
CXCR2,cognate,chai,11.85017814434363,11.701944994339373,11.910999382026072,45.0,86.55303258101833,4.650508056385743,17.79601935948962,1.0,50,6.6667729074868,9.566043173642903,16.232816081129705,22.0,8.0,23.0,"{""-5"": [""2.37"", ""2.39"", ""2.40"", ""8.49""], ""-4"": [""2.39"", ""3.49"", ""3.50"", ""3.53"", ""7.53""], ""-3"": [""3.50"", ""7.53"", ""7.56"", ""8.47""], ""-2"": [""3.50"", ""3.54"", ""6.32"", ""6.33"", ""6.36"", ""6.37""], ""-1"": [""6.29"", ""6.32"", ""7.56"", ""8.47"", ""8.48"", ""8.49""]}",1908.9248046875,0.7272727272727273,B,354,True,True,False
CXCR2,cognate,of3,11.746055348647092,11.656536428330023,11.805189680381433,61.0,82.65798250816945,4.489455751371094,17.810085819360545,1.0,50,6.642678965275756,9.128428791749268,15.771107757025025,33.0,10.0,32.0,"{""-5"": [""2.37"", ""2.39"", ""8.49""], ""-4"": [""2.39"", ""3.49"", ""3.50"", ""3.53""], ""-3"": [""3.50"", ""6.36"", ""7.53"", ""7.56"", ""8.47""], ""-2"": [""3.50"", ""3.54"", ""5.61"", ""6.32"", ""6.33"", ""6.36"", ""6.37""], ""-1"": [""6.29"", ""6.32"", ""6.33"", ""7.56"", ""8.47"", ""8.48"", ""8.49""]}",1789.923828125,0.7272727272727273,B,354,True,True,False
CXCR2,cognate,protenix,11.699250983134853,11.619329719734498,11.78675653665303,46.0,85.1968678617271,4.188804159966676,17.483835298942097,1.0,50,6.766121372356162,9.461456243327085,16.227577615683245,21.0,7.0,33.0,"{""-5"": [""2.37"", ""2.39"", ""2.40"", ""34.56"", ""8.49""], ""-4"": [""2.39"", ""3.49"", ""3.50"", ""3.53"", ""3.54""], ""-3"": [""3.50"", ""6.36"", ""7.53"", ""7.56"", ""8.47""], ""-2"": [""3.50"", ""3.54"", ""5.61"", ""6.32"", ""6.33"", ""6.36"", ""6.37""], ""-1"": [""6.29"", ""6.32"", ""6.33"", ""7.56"", ""8.47"", ""8.48"", ""8.49"", ""8.51""]}",1445.541015625,0.7272727272727273,B,354,True,True,False
CXCR2,decoy,boltz,66.21423381171701,63.06906157685006,68.19483637295158,47.0,68.45322484970093,10.634710927284615,12.33410524973786,0.0,50,6.511973337952176,8.255324374547616,14.767297712499792,21.0,22.0,33.0,"{""-5"": [], ""-4"": [], ""-3"": [], ""-2"": [], ""-1"": []}",3298.9912109375,0.6363636363636364,B,354,False,False,False
CXCR2,decoy,chai,11.712547003340184,11.0920713473913,13.172432735190629,45.5,61.4369698880486,4.888741501323887,17.975286922906776,1.0,50,6.458070919400004,9.448365943378782,15.906436862778786,24.0,6.0,26.0,"{""-5"": [""2.37""], ""-4"": [""2.37"", ""2.39"", ""3.49"", ""3.50"", ""3.53"", ""7.53""], ""-3"": [""3.50"", ""6.32"", ""6.33"", ""6.36"", ""7.53"", ""7.54"", ""7.56"", ""8.47"", ""8.48""], ""-2"": [""7.53"", ""7.54"", ""8.47"", ""8.48"", ""8.49"", ""8.50""], ""-1"": [""12.50"", ""12.51"", ""2.37"", ""2.39"", ""2.40"", ""2.43"", ""7.53"", ""7.54"", ""8.49"", ""8.50""]}",2020.00390625,0.9090909090909092,B,354,True,True,False
CXCR2,decoy,of3,64.71987893026241,57.67934049043362,68.74909333405243,26.0,65.8295004219479,8.322296946840211,16.05803353769621,0.58,50,6.468358727637167,8.919198090041524,15.387556817678693,0.0,0.0,8.0,"{""-5"": [], ""-4"": [], ""-3"": [], ""-2"": [], ""-1"": []}",2297.4287109375,0.9090909090909092,B,354,True,False,False
CXCR2,decoy,protenix,43.401366453626245,40.50068762239134,53.58038527642359,71.0,61.191193028359876,9.318302331389146,13.247838885004633,0.26,50,6.741879035494609,8.595169490284269,15.337048525778878,98.0,66.0,157.0,"{""-5"": [], ""-4"": [], ""-3"": [], ""-2"": [], ""-1"": []}",3816.4814453125,0.9090909090909092,B,354,False,False,False
CXCR2,shuffled,boltz,17.69827975582715,16.818344594846504,18.955717185762765,55.0,79.69537553787231,4.610683044001068,17.38629095017267,1.0,50,6.560473829541582,9.071734548106,15.632208377647585,32.0,7.0,34.0,"{""-5"": [""2.37"", ""2.39"", ""3.50"", ""7.53"", ""8.47"", ""8.48"", ""8.49"", ""8.50""], ""-4"": [""2.39"", ""3.46"", ""3.50"", ""5.58"", ""6.32"", ""6.36"", ""7.53"", ""7.56"", ""8.47""], ""-3"": [""6.29"", ""6.32"", ""6.33"", ""6.36"", ""7.56"", ""8.47"", ""8.48""], ""-2"": [""6.32"", ""7.55"", ""7.56"", ""8.48"", ""8.51""], ""-1"": [""6.29"", ""6.32"", ""8.48""]}",2621.8134765625,0.4545454545454545,B,394,True,True,False
CXCR2,shuffled,chai,13.276055968459332,13.157452641807145,13.380646831363002,44.0,83.64445798336513,4.488511172468321,17.93204541944371,1.0,50,6.663981467561266,9.336463623878156,16.000445091439424,27.0,7.0,21.0,"{""-5"": [""2.37"", ""8.49""], ""-4"": [""2.39"", ""3.49"", ""3.50"", ""3.53"", ""3.54"", ""34.57""], ""-3"": [""6.32"", ""7.54"", ""7.56"", ""8.47"", ""8.48"", ""8.49"", ""8.50""], ""-2"": [""3.50"", ""3.54"", ""6.32"", ""6.33"", ""6.36"", ""6.37""], ""-1"": [""6.29"", ""6.30"", ""6.32"", ""6.33""]}",1879.86328125,0.7272727272727273,B,394,True,True,False
CXCR2,shuffled,of3,12.567435144644348,12.449900620149982,12.743518572414924,47.0,75.03719576608223,4.313651593552318,17.521040992900314,0.88,50,6.744518157384959,9.099086701524907,15.843604858909869,32.0,6.0,18.0,"{""-5"": [""2.37"", ""2.39"", ""8.49""], ""-4"": [""2.38"", ""2.39"", ""3.49"", ""3.50"", ""3.53"", ""34.56""], ""-3"": [""2.39"", ""2.40"", ""2.43"", ""3.50"", ""6.36"", ""7.53"", ""7.54"", ""7.56"", ""8.47"", ""8.48"", ""8.49"", ""8.50""], ""-2"": [""3.50"", ""3.54"", ""6.32"", ""6.33"", ""6.36"", ""6.37""], ""-1"": [""6.29"", ""6.32"", ""6.33"", ""7.56"", ""8.47"", ""8.48"", ""8.49"", ""8.51""]}",2033.2998046875,0.7272727272727273,B,394,True,True,False
CXCR2,shuffled,protenix,12.748204840407553,12.680507111658843,12.894265009285279,41.5,81.20036377704506,4.033842396710847,17.36113420708717,1.0,50,6.797303551402509,9.45958731966644,16.256890871068947,26.0,8.0,17.0,"{""-5"": [""2.37"", ""2.38"", ""2.39"", ""8.49""], ""-4"": [""2.39"", ""3.49"", ""3.50"", ""3.53"", ""7.53""], ""-3"": [""7.53"", ""7.54"", ""7.56"", ""8.47"", ""8.48"", ""8.49"", ""8.50""], ""-2"": [""3.50"", ""3.54"", ""6.32"", ""6.33"", ""6.36"", ""6.37""], ""-1"": [""5.56"", ""5.60"", ""6.29"", ""6.30"", ""6.32"", ""6.33"", ""8.48""]}",1320.939453125,0.7272727272727273,B,394,True,True,False
CXCR4,apo,boltz,,,,,,14.207135691356056,12.785787175057893,0.0,50,6.642741075655441,8.101657109116628,14.74439818477207,,,,,,,,0,False,False,False
CXCR4,apo,chai,,,,,,12.885852164565058,12.405144508406806,0.0,50,6.691314220689385,8.051368765619918,14.742682986309305,,,,,,,,0,False,False,False
CXCR4,apo,of3,,,,,,11.069806235736205,13.159978089530473,0.04,50,6.542447804884668,8.24539449397164,14.787842298856308,,,,,,,,0,False,False,False
CXCR4,apo,protenix,,,,,,14.784637657141968,12.677553501885738,0.0,50,6.584981287654264,8.375209966918348,14.960191254572612,,,,,,,,0,False,False,False
CXCR4,cognate,boltz,12.674035243950378,12.547950284706262,12.778498614801627,46.0,89.2954002380371,12.468142834426846,17.97219348111257,0.0,50,6.266044834415088,8.530152670415696,14.796197504830785,26.0,6.0,20.0,"{""-5"": [""2.37"", ""2.39"", ""2.40"", ""8.49""], ""-4"": [""2.39"", ""2.43"", ""3.49"", ""3.50"", ""3.53"", ""34.57"", ""8.49""], ""-3"": [""3.50"", ""6.36"", ""7.56"", ""8.49""], ""-2"": [""3.50"", ""3.54"", ""6.32"", ""6.33"", ""6.36"", ""6.37"", ""6.40"", ""7.56""], ""-1"": [""6.32"", ""6.33"", ""6.36"", ""7.56"", ""8.49""]}",1872.4697265625,0.7272727272727273,B,354,False,True,True
CXCR4,cognate,chai,11.927038038545172,11.863450089584862,11.997482179798766,43.0,85.5733536034745,4.259675320112333,17.90672018604731,1.0,50,6.508422082194731,9.03304760310716,15.541469685301893,24.0,7.0,30.0,"{""-5"": [""2.37"", ""2.39"", ""2.43"", ""8.49""], ""-4"": [""2.39"", ""3.49"", ""3.50"", ""3.53"", ""34.57""], ""-3"": [""2.39"", ""2.43"", ""3.50"", ""6.36"", ""7.56"", ""8.47""], ""-2"": [""3.50"", ""3.54"", ""5.61"", ""6.32"", ""6.33"", ""6.36"", ""6.37"", ""6.40""], ""-1"": [""6.32"", ""7.56"", ""8.47"", ""8.48""]}",1474.4677734375,0.7272727272727273,B,354,True,True,False
CXCR4,cognate,of3,12.008214099045308,11.634394997137115,12.093148554372613,44.0,82.56873508136854,4.486022848325286,18.017658263321813,0.98,50,6.22711409552812,8.421653163802226,14.648767259330343,24.0,9.0,26.0,"{""-5"": [""2.37"", ""2.39"", ""2.43"", ""8.49""], ""-4"": [""2.39"", ""2.43"", ""3.49"", ""3.50"", ""3.53"", ""34.57""], ""-3"": [""2.43"", ""3.50"", ""6.36"", ""7.56"", ""8.47""], ""-2"": [""3.50"", ""3.54"", ""5.58"", ""5.61"", ""6.32"", ""6.33"", ""6.36"", ""6.37"", ""6.40""], ""-1"": [""6.32"", ""6.33"", ""7.56"", ""8.47"", ""8.48""]}",1276.96875,0.7272727272727273,B,354,True,True,False
CXCR4,cognate,protenix,12.365197198728088,12.313151861607857,12.432487828725746,40.0,86.97762292462855,4.3253020412053065,17.76289787264766,1.0,50,6.489337253506624,8.681108814421519,15.170446067928143,24.0,5.0,28.0,"{""-5"": [""2.37"", ""2.39"", ""2.43"", ""8.49""], ""-4"": [""2.39"", ""2.43"", ""3.49"", ""3.50"", ""3.53"", ""34.57"", ""7.53""], ""-3"": [""2.43"", ""3.50"", ""6.36"", ""7.52"", ""7.56"", ""8.47""], ""-2"": [""3.50"", ""3.54"", ""6.32"", ""6.33"", ""6.36"", ""6.37"", ""6.40"", ""8.47""], ""-1"": [""6.32"", ""6.33"", ""7.56"", ""8.47"", ""8.48"", ""8.49""]}",1183.453125,0.7272727272727273,B,354,True,True,False
CXCR4,decoy,boltz,54.24917889590952,51.31660957978358,59.01979832230189,34.5,55.370275259017944,21.08345145607158,15.765893051414576,0.0,50,6.342871198172008,7.637830133401763,13.980701331573773,11.0,24.0,19.0,"{""-5"": [], ""-4"": [], ""-3"": [], ""-2"": [], ""-1"": []}",2884.4248046875,0.0,B,354,False,False,False
CXCR4,decoy,chai,12.25109211886818,12.145473977836652,12.334799796933439,43.0,76.70250098163432,4.2316028350596255,18.095678139564043,1.0,50,6.475185016661687,8.996501208803343,15.47168622546503,20.0,1.0,25.0,"{""-5"": [""2.37"", ""2.39"", ""8.49""], ""-4"": [""2.37"", ""2.39"", ""3.50"", ""3.53"", ""3.54"", ""34.57""], ""-3"": [""2.40"", ""2.43"", ""3.50"", ""7.52"", ""7.53"", ""7.56"", ""8.47"", ""8.48"", ""8.49"", ""8.50""], ""-2"": [""3.50"", ""3.54"", ""6.32"", ""6.33"", ""6.36"", ""6.37"", ""6.40"", ""7.56""], ""-1"": [""6.32"", ""6.33"", ""7.56"", ""8.47"", ""8.48""]}",1084.1318359375,0.7272727272727273,B,354,True,True,False
CXCR4,decoy,of3,74.18632007909042,69.97823897384686,80.36137938654166,12.0,61.06630485911218,10.301072218602764,12.717543132389721,0.4,50,6.531688879986622,7.930215761894697,14.461904641881318,0.0,17.0,8.0,"{""-5"": [], ""-4"": [], ""-3"": [], ""-2"": [], ""-1"": []}",2672.576171875,0.5454545454545454,B,354,False,False,False
CXCR4,decoy,protenix,71.20508233544382,8.504443997500948,75.8284493657293,28.5,62.114141773417224,4.379322654527181,17.502531453756532,0.8,50,6.3937330637282646,8.629339487832643,15.023072551560908,3.0,18.0,16.0,"{""-5"": [], ""-4"": [], ""-3"": [], ""-2"": [], ""-1"": []}",2840.4267578125,0.9090909090909092,B,354,True,False,False
CXCR4,shuffled,boltz,11.487912305559997,10.622148320183015,12.902260210535005,50.5,76.10602445602416,13.270401470989565,17.27055950404738,0.0,50,6.381641214397751,8.652121308372879,15.03376252277063,27.0,7.0,29.0,"{""-5"": [""2.37"", ""2.38"", ""2.39"", ""2.40"", ""34.57""], ""-4"": [""2.39"", ""3.49"", ""3.50"", ""3.53"", ""3.54"", ""34.57"", ""6.36""], ""-3"": [""7.56"", ""8.47"", ""8.48"", ""8.49""], ""-2"": [""2.40"", ""2.43"", ""7.52"", ""7.53"", ""8.47"", ""8.49"", ""8.50""], ""-1"": [""2.39"", ""2.43"", ""3.46"", ""3.50"", ""6.36"", ""6.40"", ""7.49"", ""7.52"", ""7.56""]}",2807.654296875,0.7272727272727273,B,394,False,True,True
CXCR4,shuffled,chai,13.409921348421332,13.291539066811087,13.55889003051229,49.0,83.05473078824741,4.1168683484648385,17.92578801376965,1.0,50,6.530974276476673,8.995792127433804,15.526766403910475,30.0,6.0,25.0,"{""-5"": [""2.37"", ""2.39"", ""2.43"", ""34.57""], ""-4"": [""2.39"", ""3.49"", ""3.50"", ""3.53"", ""3.54"", ""34.57""], ""-3"": [""2.43"", ""7.54"", ""7.56"", ""8.47"", ""8.48"", ""8.49"", ""8.50""], ""-2"": [""3.50"", ""6.32"", ""6.33"", ""6.36"", ""6.37"", ""6.40""], ""-1"": [""6.30"", ""6.32"", ""6.33"", ""8.47"", ""8.49""]}",1594.6142578125,0.7272727272727273,B,394,True,True,False
CXCR4,shuffled,of3,12.850089035131795,12.7489519311472,12.92482676023015,49.5,72.5922347791508,4.237400103401795,18.14586681320815,1.0,50,6.224647821724826,8.46827911782557,14.692926939550397,27.0,7.0,27.0,"{""-5"": [""2.37"", ""2.38"", ""2.39"", ""2.43"", ""34.57""], ""-4"": [""2.39"", ""2.43"", ""3.49"", ""3.50"", ""3.53"", ""3.54"", ""34.57""], ""-3"": [""2.43"", ""6.36"", ""7.53"", ""7.54"", ""7.55"", ""7.56"", ""8.47"", ""8.48"", ""8.49"", ""8.50""], ""-2"": [""3.50"", ""3.54"", ""6.32"", ""6.33"", ""6.36"", ""6.37"", ""6.40""], ""-1"": [""6.30"", ""6.32"", ""6.33""]}",1437.6240234375,0.7272727272727273,B,394,True,True,False
CXCR4,shuffled,protenix,13.078053428718505,13.006612118569375,13.217083935999609,47.0,80.47219511153206,4.196265784202326,17.642104672118528,1.0,50,6.466381837904722,8.820768793078209,15.28715063098293,30.0,4.0,30.0,"{""-5"": [""2.39"", ""2.43"", ""34.57"", ""8.49""], ""-4"": [""2.39"", ""2.43"", ""3.49"", ""3.50"", ""3.53"", ""34.57""], ""-3"": [""2.43"", ""6.36"", ""7.53"", ""7.54"", ""7.55"", ""7.56"", ""8.47"", ""8.48"", ""8.49"", ""8.50"", ""8.51""], ""-2"": [""3.50"", ""3.54"", ""6.32"", ""6.33"", ""6.36"", ""6.37"", ""6.40""], ""-1"": [""6.30"", ""6.32"", ""6.33""]}",1239.02734375,0.7272727272727273,B,394,True,True,False
DRD2,apo,boltz,,,,,,9.807683048483021,11.726723341331887,0.0,50,6.649088975145392,8.468260584830867,15.117349559976258,,,,,,,,0,False,False,False
DRD2,apo,chai,,,,,,9.699434366490173,11.847920877960004,0.0,50,6.771004356814431,8.186439824490252,14.957444181304684,,,,,,,,0,False,False,False
DRD2,apo,of3,,,,,,9.83823236205731,12.196175478065271,0.02,50,7.021819758952964,8.588055597980471,15.609875356933436,,,,,,,,0,False,False,False
DRD2,apo,protenix,,,,,,9.57985675366079,11.896784786276786,0.0,50,6.658142726149982,8.344092884175558,15.002235610325538,,,,,,,,0,False,False,False
DRD2,cognate,boltz,11.684098777171059,11.521048738795072,11.832949479175104,88.5,87.79144954681396,4.840667173628647,16.797492909616544,1.0,50,6.968961288068688,8.788918513383772,15.75787980145246,25.0,17.0,50.0,"{""-5"": [""2.37"", ""2.39"", ""2.40"", ""34.53"", ""34.54""], ""-4"": [""2.39"", ""3.49"", ""3.50"", ""3.53"", ""34.53""], ""-3"": [""3.50"", ""6.36"", ""8.47""], ""-2"": [""3.50"", ""3.54"", ""6.29"", ""6.32"", ""6.33"", ""6.36"", ""6.37""], ""-1"": [""6.25"", ""6.28"", ""6.29"", ""6.32"", ""7.56""]}",5934.501953125,0.7272727272727273,B,354,True,True,False
DRD2,cognate,chai,12.20467875156057,12.081024597263696,12.327792259105054,76.0,80.50728355899003,4.106741020548159,17.558556898795867,1.0,50,7.182675963733851,8.756285171235575,15.938961134969423,23.0,30.0,36.0,"{""-5"": [""2.37"", ""2.39"", ""2.40"", ""8.47""], ""-4"": [""2.39"", ""3.49"", ""3.50"", ""3.53"", ""34.53""], ""-3"": [""3.50"", ""6.36"", ""7.56"", ""8.47""], ""-2"": [""3.50"", ""3.54"", ""5.61"", ""6.29"", ""6.32"", ""6.33"", ""6.36"", ""6.37""], ""-1"": [""6.29"", ""6.30"", ""6.32"", ""6.33"", ""7.56""]}",1627.34765625,0.7272727272727273,B,354,True,True,False
DRD2,cognate,of3,11.557322887985215,11.361790575237857,11.698841300361547,67.0,73.88221184971013,4.170741761812738,17.22899279486242,0.98,50,7.188295409467045,8.69935988174429,15.887655291211336,28.0,27.0,37.0,"{""-5"": [""2.37"", ""2.39"", ""2.40""], ""-4"": [""2.39"", ""3.49"", ""3.50"", ""3.53"", ""3.54""], ""-3"": [""3.50"", ""6.36""], ""-2"": [""3.50"", ""3.54"", ""5.61"", ""6.32"", ""6.33"", ""6.36"", ""6.37""], ""-1"": [""6.29"", ""6.30"", ""6.32"", ""6.33"", ""6.36"", ""7.56"", ""8.47""]}",2094.75390625,0.7272727272727273,B,354,True,True,False
DRD2,cognate,protenix,11.773810246203414,11.695454456583507,11.891216834868246,70.0,81.81195708736541,4.072784092072759,17.177903606775693,1.0,50,7.326029569718946,8.665424179978613,15.99145374969756,21.0,43.0,36.0,"{""-5"": [""2.37"", ""2.39"", ""2.40"", ""8.47""], ""-4"": [""2.39"", ""3.49"", ""3.50"", ""3.53"", ""34.53""], ""-3"": [""6.36"", ""7.56"", ""8.47""], ""-2"": [""3.50"", ""5.61"", ""6.29"", ""6.32"", ""6.33"", ""6.36"", ""6.37""], ""-1"": [""5.68"", ""6.29"", ""6.30"", ""6.32"", ""6.33"", ""7.56""]}",3779.44921875,0.7272727272727273,B,354,True,True,False
DRD2,decoy,boltz,18.104454069857596,8.98722556015247,20.22608907010163,97.5,68.28214950561524,8.432445703753421,15.704424697377803,0.74,50,7.015891842702537,8.551908875368119,15.567800718070655,20.0,64.0,33.0,"{""-5"": [""6.29"", ""6.30"", ""6.33""], ""-4"": [""6.29""], ""-3"": [""6.29"", ""8.48""], ""-2"": [""8.49""], ""-1"": []}",5783.994140625,0.4545454545454545,B,354,True,True,False
DRD2,decoy,chai,42.33015437015658,35.66972409009699,51.45310198168563,0.0,75.38869400967768,9.547478904890319,11.785911668581411,0.0,50,6.767351476020733,8.32888233798509,15.096233814005824,0.0,0.0,0.0,"{""-5"": [], ""-4"": [], ""-3"": [], ""-2"": [], ""-1"": []}",2216.59765625,0.9090909090909092,B,354,False,False,False
DRD2,decoy,of3,22.515646126739213,13.713766755161583,32.930047044290255,30.5,58.339316208526,10.531332944655706,11.700196868653988,0.18,50,6.77598806472272,8.159885445773488,14.935873510496208,0.0,0.0,0.0,"{""-5"": [], ""-4"": [], ""-3"": [], ""-2"": [], ""-1"": [""8.56""]}",1640.46484375,0.9090909090909092,B,354,False,False,False
DRD2,decoy,protenix,6.931174623691986,6.656820459835936,7.8500902292282895,62.5,70.67512209568189,4.165081134333512,17.010988284571827,1.0,50,7.22424910839189,8.78148152983493,16.00573063822682,27.0,12.0,26.0,"{""-5"": [""8.47""], ""-4"": [""2.37"", ""2.38"", ""2.39"", ""3.50"", ""34.53"", ""8.47""], ""-3"": [""6.36"", ""7.53"", ""7.56"", ""8.47""], ""-2"": [""2.37"", ""2.39"", ""2.40"", ""2.43"", ""3.46"", ""3.50"", ""6.36"", ""7.53"", ""8.47"", ""8.50""], ""-1"": [""3.50"", ""3.54"", ""5.58"", ""5.61"", ""6.36"", ""6.37"", ""6.40"", ""7.53""]}",2336.1103515625,0.7272727272727273,B,354,True,True,False
DRD2,shuffled,boltz,12.95126940096246,12.697091423499707,13.138710010247499,105.0,86.88430004119873,4.708917243207457,17.465677737445098,1.0,50,6.97320461821536,8.667563743711378,15.64076836192674,26.0,55.0,25.0,"{""-5"": [""2.37"", ""2.39"", ""8.47""], ""-4"": [""2.38"", ""2.39"", ""3.49"", ""3.50"", ""3.53"", ""34.53"", ""6.36""], ""-3"": [""6.32"", ""6.33"", ""6.36"", ""7.56"", ""8.47"", ""8.48""], ""-2"": [""3.50"", ""3.54"", ""5.61"", ""5.65"", ""6.29"", ""6.33"", ""6.36"", ""6.37""], ""-1"": [""5.68"", ""5.70"", ""6.29"", ""6.33""]}",2856.181640625,0.7272727272727273,B,394,True,True,False
DRD2,shuffled,chai,13.528282455418974,13.349521889627422,13.744834823913763,69.5,80.70334230214486,3.988799227781014,18.308250025226492,1.0,50,7.120128158958938,8.848340465872683,15.96846862483162,25.0,35.0,21.0,"{""-5"": [""8.47""], ""-4"": [""2.39"", ""3.49"", ""3.50"", ""3.53"", ""3.54"", ""34.53"", ""6.36""], ""-3"": [""6.32"", ""6.36"", ""7.56"", ""8.47"", ""8.48""], ""-2"": [""5.61"", ""5.65"", ""6.32"", ""6.33"", ""6.36"", ""6.37""], ""-1"": [""5.68"", ""6.29"", ""6.32"", ""6.33""]}",2435.796875,0.7272727272727273,B,394,True,True,False
DRD2,shuffled,of3,12.654908032116591,10.515882274994269,13.241745212527828,66.5,70.77306221846379,4.0848985991229565,17.828264795800855,0.72,50,7.313860828692309,8.616342620065698,15.930203448758007,29.0,22.0,28.0,"{""-5"": [""2.37"", ""2.39"", ""8.47""], ""-4"": [""2.39"", ""3.46"", ""3.49"", ""3.50"", ""3.53"", ""34.53""], ""-3"": [""3.50"", ""6.36"", ""7.51"", ""7.52"", ""7.53"", ""7.54"", ""7.55"", ""7.56"", ""8.47"", ""8.50""], ""-2"": [""3.50"", ""3.54"", ""5.61"", ""6.29"", ""6.32"", ""6.33"", ""6.36"", ""6.37""], ""-1"": [""5.68"", ""6.29"", ""6.30"", ""6.32"", ""6.33""]}",2487.9853515625,0.7272727272727273,B,394,True,True,False
DRD2,shuffled,protenix,13.12211303457794,12.93015577570254,13.23909766436806,73.0,80.78119340154171,3.958527405682394,17.73291225740857,1.0,50,7.282843857320365,8.643686032538348,15.926529889858712,24.0,39.0,25.0,"{""-5"": [""2.37"", ""2.39"", ""2.40"", ""8.47""], ""-4"": [""2.39"", ""3.49"", ""3.50"", ""3.53"", ""3.54"", ""34.53"", ""6.36""], ""-3"": [""6.32"", ""6.33"", ""6.36"", ""7.56"", ""8.47"", ""8.48""], ""-2"": [""3.54"", ""5.61"", ""5.65"", ""6.29"", ""6.32"", ""6.33"", ""6.36"", ""6.37""], ""-1"": [""5.68"", ""6.29"", ""6.32"", ""6.33""]}",3355.5078125,0.7272727272727273,B,394,True,True,False
DRD3,apo,boltz,,,,,,10.288888500774545,11.57232756988705,0.0,50,6.839039526293147,7.903890700560072,14.742930226853218,,,,,,,,0,False,False,False
DRD3,apo,chai,,,,,,10.27943080889592,11.682253720917881,0.0,50,6.939492560699233,7.95269369459179,14.892186255291024,,,,,,,,0,False,False,False
DRD3,apo,of3,,,,,,10.034726849942825,11.902719816822817,0.0,50,7.042080120293711,8.389337690226284,15.431417810519996,,,,,,,,0,False,False,False
DRD3,apo,protenix,,,,,,10.04091245581106,11.740943093437178,0.0,50,6.654603751952978,8.414333741528754,15.068937493481732,,,,,,,,0,False,False,False
DRD3,cognate,boltz,12.057904069175756,11.741046833381514,12.336457947414669,100.5,86.76782474517822,4.798110619243058,17.068397031352113,0.92,50,7.1933061748475575,8.464676272498552,15.65798244734611,26.0,44.0,56.0,"{""-5"": [""2.37"", ""2.39"", ""2.40"", ""34.54""], ""-4"": [""2.39"", ""3.49"", ""3.50"", ""3.53"", ""34.53""], ""-3"": [""3.50"", ""6.36"", ""7.56"", ""8.47""], ""-2"": [""3.50"", ""5.58"", ""6.32"", ""6.33"", ""6.36"", ""6.37""], ""-1"": [""6.29"", ""6.32"", ""6.33"", ""7.56""]}",4088.8671875,0.7272727272727273,B,354,True,True,False
DRD3,cognate,chai,12.22636073531018,11.846004939832303,12.352561458070035,76.0,83.66395117893191,4.2563758224074935,17.59952194350886,1.0,50,7.1219894692424255,8.882737528487489,16.004726997729914,29.0,34.0,40.0,"{""-5"": [""2.37"", ""2.39"", ""8.47""], ""-4"": [""2.39"", ""3.49"", ""3.50"", ""3.53"", ""34.53""], ""-3"": [""3.50"", ""6.36"", ""7.56"", ""8.47""], ""-2"": [""3.50"", ""3.54"", ""5.61"", ""6.32"", ""6.33"", ""6.36"", ""6.37""], ""-1"": [""6.28"", ""6.29"", ""6.32"", ""6.36"", ""7.56"", ""8.47""]}",2073.6640625,0.7272727272727273,B,354,True,True,False
DRD3,cognate,of3,11.542293620889675,11.445765788257523,11.732476686378172,79.0,77.99249230733682,4.117634790223731,17.237179601382582,1.0,50,7.2194463088060195,8.473764618080738,15.693210926886756,26.0,31.0,40.0,"{""-5"": [""2.37"", ""2.39"", ""2.40"", ""8.47""], ""-4"": [""2.39"", ""3.49"", ""3.50"", ""3.53"", ""34.53""], ""-3"": [""3.50"", ""6.36"", ""7.52"", ""7.53"", ""7.56"", ""8.47""], ""-2"": [""3.50"", ""3.54"", ""5.61"", ""6.32"", ""6.33"", ""6.36"", ""6.37"", ""7.56""], ""-1"": [""6.29"", ""6.30"", ""6.32"", ""6.33"", ""7.56"", ""8.47""]}",1647.703125,0.7272727272727273,B,354,True,True,False
DRD3,cognate,protenix,11.252228715143808,11.13555649731367,11.354444059431973,74.0,82.2522202509375,4.296833226224264,17.163917854049735,1.0,50,7.336913952319546,8.687871917777324,16.02478587009687,22.0,28.0,49.0,"{""-5"": [""2.37"", ""2.39"", ""2.40""], ""-4"": [""2.39"", ""3.49"", ""3.50"", ""3.53"", ""34.53""], ""-3"": [""3.50"", ""6.36"", ""8.47""], ""-2"": [""3.50"", ""3.54"", ""5.58"", ""5.61"", ""6.32"", ""6.33"", ""6.36"", ""6.37""], ""-1"": [""6.28"", ""6.29"", ""6.32"", ""6.33"", ""7.56""]}",1532.451171875,0.7272727272727273,B,354,True,True,False
DRD3,decoy,boltz,21.98547839715372,14.81375704126485,27.648370243584715,69.5,64.58017473220826,10.439244939490397,11.546932948380936,0.0,50,7.1019907792463375,7.86392281719499,14.965913596441329,4.0,38.0,6.0,"{""-5"": [""4.40""], ""-4"": [""4.40""], ""-3"": [], ""-2"": [""4.40""], ""-1"": [""4.39"", ""4.40""]}",3748.263671875,0.9090909090909092,B,354,False,False,False
DRD3,decoy,chai,51.03405102341803,47.895216944359554,53.65323727663196,0.0,76.78217694150766,10.190932909506195,11.634551619694477,0.0,50,6.777015936236242,7.991794041390205,14.768809977626448,0.0,0.0,0.0,"{""-5"": [], ""-4"": [], ""-3"": [], ""-2"": [], ""-1"": []}",239.951171875,0.8181818181818182,B,354,False,False,False
DRD3,decoy,of3,18.232959593338688,16.411816012763865,19.895662177293577,64.0,54.22749148108055,4.219562300726265,17.08235634080279,0.9,50,7.277334311763959,8.443016983690784,15.720351295454744,18.0,37.0,40.0,"{""-5"": [""3.50"", ""3.54"", ""5.61"", ""6.29"", ""6.32"", ""6.33"", ""6.37""], ""-4"": [""6.29""], ""-3"": [""7.56"", ""8.47"", ""8.48"", ""8.49""], ""-2"": [""6.32"", ""7.56"", ""8.47""], ""-1"": [""6.32"", ""7.55"", ""7.56"", ""8.47"", ""8.48"", ""8.51""]}",2390.6240234375,0.5454545454545454,B,354,True,True,False
DRD3,decoy,protenix,17.918208814122863,14.311636126292893,24.6378555281307,97.5,61.977271051503195,10.027088071517396,11.693877992342617,0.2,50,6.96758836992614,8.127592200105777,15.095180570031918,8.0,47.0,82.0,"{""-5"": [""34.54"", ""6.25"", ""6.26"", ""6.27"", ""6.28"", ""6.29"", ""6.30"", ""6.31""], ""-4"": [""3.53"", ""3.54"", ""3.56"", ""34.50"", ""34.51"", ""34.53"", ""34.54"", ""6.25"", ""6.27"", ""6.30""], ""-3"": [""34.53"", ""34.54"", ""34.57"", ""6.24"", ""6.25"", ""6.30""], ""-2"": [""2.37"", ""6.25"", ""6.29"", ""6.30""], ""-1"": [""12.51"", ""2.37"", ""2.38"", ""34.57""]}",2775.5986328125,0.5454545454545454,B,354,False,True,True
DRD3,shuffled,boltz,13.037722551944004,12.813195468591594,13.34450118611606,131.0,82.5804253578186,4.628178448156396,17.42950176444402,1.0,50,7.073201476849079,8.59750455583479,15.67070603268387,23.0,73.0,62.0,"{""-5"": [""2.37"", ""2.39"", ""34.53"", ""34.56"", ""8.47""], ""-4"": [""2.39"", ""3.49"", ""3.50"", ""3.53"", ""34.53""], ""-3"": [""6.32"", ""6.36"", ""7.56"", ""8.47"", ""8.48""], ""-2"": [""3.50"", ""6.29"", ""6.32"", ""6.33"", ""6.36"", ""6.37""], ""-1"": [""6.29"", ""6.30"", ""6.32"", ""6.33""]}",3483.7216796875,0.7272727272727273,B,394,True,True,False
DRD3,shuffled,chai,42.48152672731253,40.16077310671432,43.95254076407066,0.0,83.84549174996167,10.181259325865376,11.665862566280502,0.0,50,6.811846959525735,8.40909626535456,15.220943224880294,0.0,0.0,0.0,"{""-5"": [], ""-4"": [], ""-3"": [], ""-2"": [], ""-1"": []}",872.361328125,0.7272727272727273,B,394,False,False,False
DRD3,shuffled,of3,12.609791399362662,11.420254142323099,12.919061898328659,75.5,67.39986670764151,4.208589591453557,17.548290707591125,0.94,50,7.286997430709546,8.413689641402836,15.700687072112382,20.0,43.0,27.0,"{""-5"": [""34.55"", ""8.47""], ""-4"": [""2.39"", ""3.49"", ""3.50"", ""3.53"", ""34.53"", ""34.55"", ""6.36""], ""-3"": [""6.29"", ""6.32"", ""6.33"", ""6.36"", ""7.56"", ""8.47"", ""8.48""], ""-2"": [""3.54"", ""5.61"", ""5.65"", ""6.29"", ""6.30"", ""6.33"", ""6.36"", ""6.37""], ""-1"": [""5.68"", ""5.72"", ""6.29"", ""6.30"", ""6.33""]}",1616.833984375,0.7272727272727273,B,394,True,True,False
DRD3,shuffled,protenix,12.966481408044062,12.836007793700672,13.082074951642756,87.0,78.91440842096596,4.3730890386349355,17.756620453387953,1.0,50,7.306870285825815,8.654252879273185,15.961123165099,26.0,45.0,44.0,"{""-5"": [""2.37"", ""2.39"", ""2.40"", ""8.47""], ""-4"": [""2.39"", ""3.49"", ""3.50"", ""3.53"", ""3.54"", ""34.53"", ""6.36""], ""-3"": [""6.32"", ""6.33"", ""6.36"", ""7.56"", ""8.47"", ""8.48""], ""-2"": [""3.54"", ""5.61"", ""5.65"", ""6.29"", ""6.30"", ""6.32"", ""6.33"", ""6.34"", ""6.36"", ""6.37""], ""-1"": [""5.68"", ""6.28"", ""6.29"", ""6.30"", ""6.32"", ""6.33""]}",2562.4599609375,0.7272727272727273,B,394,True,True,False
EDNRA,apo,boltz,,,,,,,11.668581346163851,0.0,50,5.957095274670365,8.84709444387817,14.804189718548535,,,,,,,,0,False,False,False
EDNRA,apo,chai,,,,,,,11.883606251417817,0.0,50,6.025942996743331,8.826347715788224,14.852290712531556,,,,,,,,0,False,False,False
EDNRA,apo,of3,,,,,,,11.631194529272314,0.0,50,5.97929005315244,9.004197371023007,14.983487424175449,,,,,,,,0,False,False,False
EDNRA,apo,protenix,,,,,,,11.473946926706617,0.0,50,5.801203580776041,8.816299953519827,14.617503534295867,,,,,,,,0,False,False,False
EDNRA,cognate,boltz,12.344335211155585,12.221759519124147,12.479519004979466,68.0,86.82329978942872,,15.824318444541404,0.0,50,5.8996880110816035,9.648766624957824,15.548454636039429,25.0,23.0,41.0,"{""-5"": [""12.49"", ""12.52"", ""2.39"", ""2.40"", ""34.54"", ""34.55"", ""8.49""], ""-4"": [""2.39"", ""2.43"", ""3.46"", ""3.49"", ""3.50"", ""3.53"", ""34.54""], ""-3"": [""12.50"", ""2.40"", ""2.43"", ""3.50"", ""7.53"", ""7.56"", ""8.47"", ""8.49"", ""8.50""], ""-2"": [""3.50"", ""5.61"", ""6.33"", ""6.37"", ""7.56""], ""-1"": [""6.29"", ""6.33"", ""7.56"", ""8.47"", ""8.48""]}",3180.4306640625,0.7272727272727273,B,359,False,True,True
EDNRA,cognate,chai,11.633873808424415,11.246074899546896,11.991128285525745,65.5,63.91723889277611,,12.239035132388688,0.0,50,6.0786413778080375,8.975972537836778,15.054613915644817,19.0,11.0,49.0,"{""-5"": [""12.49"", ""12.52"", ""34.54"", ""34.55"", ""34.56"", ""8.49""], ""-4"": [""12.52"", ""2.39"", ""2.40"", ""3.49"", ""3.50"", ""3.53"", ""34.52"", ""34.53"", ""34.54""], ""-3"": [""12.49"", ""12.50"", ""12.52"", ""2.40"", ""8.47"", ""8.49"", ""8.50""], ""-2"": [""2.39"", ""2.40"", ""2.43"", ""3.50"", ""6.36"", ""7.53"", ""7.56"", ""8.47"", ""8.50""], ""-1"": [""6.29"", ""6.32"", ""6.33"", ""6.36"", ""7.56"", ""8.47"", ""8.48"", ""8.49""]}",1750.9775390625,0.6363636363636364,B,359,False,True,True
EDNRA,cognate,of3,12.273049916657282,10.982737075274425,12.477345505815368,61.0,60.63211611273657,,16.19617941463617,0.0,50,5.9571467801949725,10.01575790565929,15.972904685854264,20.0,18.0,32.0,"{""-5"": [""12.52"", ""2.39"", ""2.40"", ""34.53"", ""34.54"", ""8.49""], ""-4"": [""2.39"", ""3.49"", ""3.50"", ""3.53"", ""34.52"", ""34.54""], ""-3"": [""12.50"", ""2.39"", ""2.40"", ""2.43"", ""3.50"", ""7.53"", ""7.56"", ""8.47"", ""8.49"", ""8.50""], ""-2"": [""3.50"", ""5.61"", ""6.33"", ""6.37"", ""7.56""], ""-1"": [""6.29"", ""6.33"", ""7.56"", ""8.47"", ""8.48""]}",1374.3564453125,0.7272727272727273,B,359,False,True,True
EDNRA,cognate,protenix,12.343732250062278,12.283745602048874,12.416267029982503,71.0,83.66942507651633,,15.628444989907145,0.0,50,5.9342712061651035,9.86283243503045,15.797103641195552,24.0,23.0,38.0,"{""-5"": [""12.52"", ""2.39"", ""2.40"", ""34.53""], ""-4"": [""2.39"", ""2.43"", ""3.46"", ""3.49"", ""3.50"", ""3.53"", ""34.53""], ""-3"": [""12.50"", ""2.40"", ""2.43"", ""7.53"", ""7.56"", ""8.47"", ""8.49"", ""8.50""], ""-2"": [""3.50"", ""5.61"", ""6.33"", ""6.37"", ""7.56"", ""8.47""], ""-1"": [""6.29"", ""6.33"", ""7.56"", ""8.47"", ""8.48""]}",1465.142578125,0.7272727272727273,B,359,False,True,True
EDNRA,decoy,boltz,10.47976471533559,8.78178822101329,16.633467714841256,73.5,56.422299957275385,,12.8929755825142,0.0,50,6.125664239419265,8.961207253121646,15.086871492540912,0.0,3.0,78.0,"{""-5"": [], ""-4"": [], ""-3"": [], ""-2"": [], ""-1"": []}",3822.369140625,0.8181818181818182,B,359,False,True,True
EDNRA,decoy,chai,10.219518180285586,9.344432214562197,37.98058955739729,43.0,68.9423120119699,,11.951993367708273,0.0,50,6.0402004933611275,8.855332235438715,14.895532728799845,8.0,18.0,36.0,"{""-5"": [""6.29"", ""8.49""], ""-4"": [""12.49"", ""12.52"", ""2.40"", ""34.54"", ""34.55"", ""34.56"", ""8.49""], ""-3"": [""12.52"", ""3.50"", ""34.52"", ""34.54"", ""6.26"", ""6.29"", ""6.30"", ""6.33""], ""-2"": [""12.50"", ""12.52"", ""2.40"", ""6.29"", ""6.32"", ""6.33"", ""8.47"", ""8.49"", ""8.50""], ""-1"": [""12.50"", ""2.39"", ""2.40"", ""2.43"", ""3.46"", ""3.50"", ""6.33"", ""6.36"", ""6.37"", ""7.53"", ""8.47"", ""8.50""]}",2297.99609375,0.7272727272727273,B,359,False,True,True
EDNRA,decoy,of3,51.95484797445434,36.70777348654587,55.839957278802174,48.5,59.620533054845154,,11.641034572185502,0.0,50,5.808809138840851,8.996378917498808,14.80518805633966,12.0,2.0,43.0,"{""-5"": [], ""-4"": [], ""-3"": [], ""-2"": [], ""-1"": []}",1362.59765625,0.9090909090909092,B,359,False,False,False
EDNRA,decoy,protenix,28.100114570357043,23.461079385432058,36.149828522841496,39.5,47.008368896335405,,11.573699923246457,0.0,50,5.81520347678064,8.829424717957853,14.644628194738493,0.0,9.0,18.0,"{""-5"": [], ""-4"": [], ""-3"": [], ""-2"": [], ""-1"": []}",1180.2451171875,0.9090909090909092,B,359,False,False,False
EDNRA,shuffled,boltz,12.624473326931675,12.343190544534014,13.117673971804685,74.0,73.41317443847657,,16.30915379209012,0.0,50,6.097074150123157,9.85465575806177,15.951729908184928,15.0,26.0,36.0,"{""-5"": [""12.49"", ""12.52"", ""2.39"", ""2.40"", ""34.54"", ""8.49""], ""-4"": [""2.39"", ""3.49"", ""3.50"", ""3.53"", ""3.54""], ""-3"": [""2.40"", ""2.43"", ""7.53"", ""7.56"", ""8.47"", ""8.49"", ""8.50""], ""-2"": [""3.50"", ""5.61"", ""6.29"", ""6.33"", ""7.56""], ""-1"": [""6.29"", ""6.30"", ""6.33"", ""7.56"", ""8.47"", ""8.48""]}",1353.7021484375,0.7272727272727273,B,377,False,True,True
EDNRA,shuffled,chai,19.75875302246082,15.249466429563153,51.96667351640872,49.0,67.82310291622625,,11.736221509224421,0.0,50,6.026037918898287,8.803930656246674,14.82996857514496,13.0,39.0,41.0,"{""-5"": [""5.69"", ""5.71"", ""6.26"", ""6.27"", ""6.30""], ""-4"": [""34.53"", ""6.26"", ""6.30""], ""-3"": [""3.52"", ""3.53"", ""3.54"", ""3.56"", ""34.50"", ""34.51"", ""34.52"", ""34.53"", ""6.26"", ""6.30""], ""-2"": [""3.50"", ""34.53"", ""6.26"", ""6.29"", ""6.30""], ""-1"": [""12.51"", ""12.52"", ""2.38"", ""2.39"", ""3.49"", ""3.50"", ""3.53"", ""34.53"", ""34.54"", ""34.55"", ""34.56"", ""34.57"", ""4.39""]}",2974.119140625,0.2727272727272727,B,377,False,True,True
EDNRA,shuffled,of3,28.142120809280737,13.582090881086488,52.598486202311705,62.5,59.59927561840798,,11.63846160727465,0.0,50,5.91092556816976,8.863071499436186,14.773997067605949,0.0,0.0,4.0,"{""-5"": [], ""-4"": [""6.28""], ""-3"": [], ""-2"": [], ""-1"": []}",1899.0615234375,0.9090909090909092,B,377,False,False,False
EDNRA,shuffled,protenix,12.85495596604937,12.366819868975028,13.788699435736623,66.0,57.26882794591771,,15.42752082513043,0.0,50,5.898526540549822,9.672863387029263,15.571389927579084,18.0,17.0,35.0,"{""-5"": [""34.54""], ""-4"": [""3.49"", ""3.50"", ""3.53"", ""3.54"", ""5.61"", ""5.65"", ""6.33""], ""-3"": [""6.28"", ""6.29"", ""6.30"", ""6.32"", ""6.33"", ""7.56"", ""8.47""], ""-2"": [""2.40"", ""2.43"", ""3.50"", ""7.53"", ""8.47"", ""8.48"", ""8.49"", ""8.50""], ""-1"": [""7.56"", ""8.47"", ""8.48"", ""8.49""]}",1337.0927734375,0.8181818181818182,B,377,False,True,True
EDNRB,apo,boltz,,,,,,,12.373105322831545,0.0,50,6.134343640855149,8.695809480485414,14.830153121340562,,,,,,,,0,False,False,False
EDNRB,apo,chai,,,,,,,11.880005725006924,0.0,50,5.962932248483122,8.630295359951477,14.5932276084346,,,,,,,,0,False,False,False
EDNRB,apo,of3,,,,,,,11.573393721830957,0.0,50,6.178004267042839,8.717783954594285,14.895788221637124,,,,,,,,0,False,False,False
EDNRB,apo,protenix,,,,,,,11.703576140630192,0.0,50,5.934006901117118,8.788785870343965,14.722792771461084,,,,,,,,0,False,False,False
EDNRB,cognate,boltz,12.571988938457212,12.43203835719649,12.701011200374358,74.0,84.13107547760009,,15.726717590251003,0.0,50,6.2095574356953955,9.978409746432543,16.187967182127938,21.0,32.0,44.0,"{""-5"": [""12.52"", ""2.39"", ""2.40"", ""34.53"", ""34.54"", ""34.55"", ""8.49""], ""-4"": [""2.39"", ""2.40"", ""2.43"", ""3.46"", ""3.49"", ""3.50"", ""3.53"", ""34.54"", ""7.53""], ""-3"": [""12.50"", ""2.40"", ""2.43"", ""7.53"", ""7.56"", ""8.47"", ""8.49"", ""8.50""], ""-2"": [""3.50"", ""5.61"", ""6.33"", ""6.37"", ""7.56"", ""8.47""], ""-1"": [""6.29"", ""6.33"", ""7.56"", ""8.47"", ""8.48"", ""8.49""]}",3682.169921875,0.7272727272727273,B,359,False,True,True
EDNRB,cognate,chai,11.456253467739472,10.457688968710347,12.335746509300058,58.0,67.37124498266161,,12.410939812003619,0.0,50,5.878089740723596,8.598230806392673,14.47632054711627,19.0,0.0,46.0,"{""-5"": [""12.49"", ""12.52"", ""8.49""], ""-4"": [""12.49"", ""12.52"", ""2.40"", ""34.53"", ""34.55"", ""34.56"", ""8.49""], ""-3"": [""12.52"", ""2.39"", ""2.40"", ""3.50"", ""3.53"", ""34.54"", ""8.49""], ""-2"": [""12.52"", ""2.39"", ""2.40"", ""2.43"", ""3.46"", ""3.50"", ""6.33"", ""6.36"", ""6.37"", ""7.53"", ""8.50""], ""-1"": [""6.33"", ""6.36"", ""7.56"", ""8.47"", ""8.48"", ""8.49"", ""8.50""]}",1827.42578125,0.7272727272727273,B,359,False,True,True
EDNRB,cognate,of3,12.16107287738135,11.616856811641261,12.246277795380234,69.0,73.60798497758043,,16.49359996152488,0.0,50,6.325891514813782,10.003577679707904,16.329469194521685,24.0,25.0,33.0,"{""-5"": [""12.52"", ""2.39"", ""2.40"", ""34.54"", ""8.49""], ""-4"": [""2.39"", ""3.46"", ""3.49"", ""3.50"", ""3.53"", ""34.54""], ""-3"": [""12.50"", ""2.40"", ""2.43"", ""3.50"", ""7.53"", ""7.56"", ""8.47"", ""8.50""], ""-2"": [""3.50"", ""5.61"", ""6.33"", ""6.37"", ""7.56""], ""-1"": [""6.29"", ""6.33"", ""7.56"", ""8.47"", ""8.48""]}",3551.873046875,0.7272727272727273,B,359,False,True,True
EDNRB,cognate,protenix,12.173862930033568,12.127130008576295,12.269756199409356,82.0,82.51068907002866,,16.085528675364145,0.0,50,6.337622906981884,9.4912435582577,15.828866465239582,25.0,35.0,37.0,"{""-5"": [""12.52"", ""2.39"", ""2.40"", ""34.54"", ""34.55""], ""-4"": [""2.39"", ""3.46"", ""3.49"", ""3.50"", ""3.53"", ""34.54""], ""-3"": [""12.50"", ""2.40"", ""2.43"", ""3.50"", ""7.53"", ""7.56"", ""8.47"", ""8.49"", ""8.50""], ""-2"": [""3.50"", ""5.61"", ""6.33"", ""6.37"", ""7.56""], ""-1"": [""6.29"", ""6.33"", ""7.56"", ""8.47"", ""8.48""]}",1996.302734375,0.7272727272727273,B,359,False,True,True
EDNRB,decoy,boltz,35.40976450389396,32.810096791866115,61.9562056315504,26.0,57.878950119018555,,16.72044145325713,0.0,50,6.475265316147285,9.860079270396358,16.33534458654364,7.0,9.0,31.0,"{""-5"": [""1.25"", ""2.64"", ""7.32"", ""7.36""], ""-4"": [""45.51"", ""6.55"", ""6.58"", ""7.28"", ""7.32"", ""7.35""], ""-3"": [""2.61"", ""2.64"", ""6.55"", ""7.32"", ""7.35"", ""7.36"", ""7.39""], ""-2"": [""2.61"", ""2.64"", ""3.32"", ""3.33"", ""4.64"", ""45.51"", ""45.52"", ""5.38"", ""6.55""], ""-1"": [""3.32"", ""3.33"", ""4.60"", ""5.38"", ""5.42"", ""6.51"", ""6.52"", ""6.55""]}",4039.994140625,0.5454545454545454,B,359,False,False,False
EDNRB,decoy,chai,11.259855509567565,10.411913283446083,34.53966158530116,55.0,63.73170526928544,,12.124841037556813,0.0,50,6.02404407354395,8.780789315317843,14.804833388861796,6.0,9.0,61.0,"{""-5"": [""34.50"", ""6.26"", ""6.27"", ""6.29"", ""6.30""], ""-4"": [""12.49"", ""12.52"", ""2.40"", ""34.53""], ""-3"": [""12.52"", ""2.38"", ""2.39"", ""3.50"", ""3.53"", ""34.53"", ""6.33""], ""-2"": [""12.50"", ""2.40"", ""6.29"", ""6.32"", ""6.33"", ""8.47"", ""8.48"", ""8.49"", ""8.50""], ""-1"": [""12.50"", ""2.39"", ""2.40"", ""2.43"", ""6.33"", ""6.36"", ""6.37"", ""7.53"", ""8.47"", ""8.48"", ""8.49"", ""8.50""]}",2998.03515625,0.4545454545454545,B,359,False,True,True
EDNRB,decoy,of3,35.17731909462031,23.442628563520103,49.33300951732732,29.0,54.20288871644895,,11.4797300434121,0.0,50,6.195250340129384,9.031862046748216,15.2271123868776,0.0,13.0,30.0,"{""-5"": [], ""-4"": [], ""-3"": [], ""-2"": [""1.23"", ""1.25"", ""7.24"", ""7.25""], ""-1"": [""7.24""]}",2987.61328125,0.6363636363636364,B,359,False,False,False
EDNRB,decoy,protenix,9.903583679728072,9.102209683241473,21.04557858380555,61.0,52.46903364492357,,12.37645597680892,0.0,50,5.974149274909113,8.847565813994768,14.82171508890388,21.0,4.0,68.0,"{""-5"": [""34.53"", ""34.54"", ""34.56""], ""-4"": [""3.50"", ""3.53"", ""3.56"", ""34.50"", ""34.52"", ""34.53"", ""34.54""], ""-3"": [""3.50"", ""3.53"", ""3.54"", ""6.30"", ""6.33""], ""-2"": [""12.52"", ""2.39"", ""3.50"", ""34.54"", ""6.29"", ""6.33"", ""8.49""], ""-1"": [""12.50"", ""12.52"", ""2.39"", ""2.40"", ""2.43"", ""3.46"", ""3.50"", ""6.33"", ""6.36"", ""6.37"", ""8.47"", ""8.49"", ""8.50""]}",1781.11328125,0.8181818181818182,B,359,False,True,True
EDNRB,shuffled,boltz,12.977703905824228,12.871717614163527,13.081757246884813,89.0,85.46387538909912,,15.389403824144892,0.0,50,6.3257522947867635,9.791631679526144,16.117383974312908,31.0,37.0,55.0,"{""-5"": [""12.52"", ""2.38"", ""2.39"", ""2.40"", ""34.54"", ""34.55"", ""8.49""], ""-4"": [""2.39"", ""2.40"", ""2.43"", ""3.46"", ""3.49"", ""3.50"", ""3.53"", ""34.54"", ""7.53""], ""-3"": [""12.50"", ""12.52"", ""2.40"", ""7.53"", ""7.56"", ""8.47"", ""8.49"", ""8.50""], ""-2"": [""3.50"", ""5.61"", ""6.33"", ""6.37"", ""7.56""], ""-1"": [""6.29"", ""6.33"", ""7.56"", ""8.47"", ""8.48""]}",2582.103515625,0.7272727272727273,B,394,False,True,True
EDNRB,shuffled,chai,13.044565836751925,12.0832952336952,18.18305685944248,45.0,75.01395166948589,,12.273531396177319,0.0,50,6.021147232878464,8.780537682852911,14.801684915731377,7.0,19.0,47.0,"{""-5"": [""8.49""], ""-4"": [""12.52"", ""2.39"", ""3.50"", ""34.53"", ""6.33"", ""8.47"", ""8.48"", ""8.49"", ""8.50""], ""-3"": [""7.56"", ""8.47"", ""8.48"", ""8.49"", ""8.52""], ""-2"": [""6.32"", ""6.33"", ""6.34"", ""6.35"", ""6.36"", ""7.56"", ""8.47"", ""8.48""], ""-1"": [""6.28"", ""6.29"", ""6.32"", ""8.48""]}",1715.869140625,0.5454545454545454,B,394,False,True,True
EDNRB,shuffled,of3,11.87230392991216,10.7465030285193,12.076112791814442,78.5,66.0598561379851,,16.71750582399207,0.0,50,6.1392619888007465,10.604574820440638,16.743836809241383,39.0,44.0,29.0,"{""-5"": [""12.52"", ""2.39"", ""2.40"", ""34.53"", ""34.54"", ""34.55""], ""-4"": [""2.39"", ""2.43"", ""3.49"", ""3.50"", ""3.53"", ""34.53""], ""-3"": [""2.40"", ""3.50"", ""7.53"", ""7.56"", ""8.47"", ""8.49"", ""8.50""], ""-2"": [""3.50"", ""5.58"", ""6.33"", ""6.36"", ""6.37"", ""6.40"", ""7.56""], ""-1"": [""2.43"", ""3.46"", ""3.50"", ""6.40"", ""7.48"", ""7.49"", ""7.52"", ""7.53""]}",2334.923828125,0.7272727272727273,B,394,False,True,True
EDNRB,shuffled,protenix,9.76572541151314,8.60086021857941,11.848148619093333,79.5,61.861160351552314,,16.505305775460528,0.0,50,6.220346036841519,9.864978876102777,16.085324912944294,25.0,33.0,32.0,"{""-5"": [""12.52"", ""2.39"", ""2.40"", ""34.53"", ""34.54""], ""-4"": [""2.39"", ""3.46"", ""3.49"", ""3.50"", ""3.53""], ""-3"": [""12.50"", ""2.40"", ""7.53"", ""7.56"", ""8.47"", ""8.49"", ""8.50""], ""-2"": [""3.50"", ""5.61"", ""6.33"", ""6.37"", ""7.56""], ""-1"": [""6.29"", ""6.33"", ""7.56"", ""8.47"", ""8.48""]}",1654.7138671875,0.7272727272727273,B,394,False,True,True
FSHR,apo,boltz,,,,,,3.663542761048748,17.520093646669416,0.9,50,7.171220924180206,9.06592244544922,16.23714336962943,,,,,,,,0,True,False,False
FSHR,apo,chai,,,,,,3.612223859569295,17.013445842466336,0.72,50,7.0532445016460334,9.508910873491246,16.56215537513728,,,,,,,,0,True,False,False
FSHR,apo,of3,,,,,,5.764687079157097,14.26266477356064,0.3,50,7.166598126071391,9.627404367290024,16.794002493361415,,,,,,,,0,False,False,False
FSHR,apo,protenix,,,,,,3.0897514759309845,16.079270404855777,0.92,50,7.042114350633407,9.471598450009571,16.51371280064298,,,,,,,,0,True,False,False
FSHR,cognate,boltz,12.922183696755301,12.859603686887606,12.976589202667734,62.0,89.32775020599365,3.715681117803574,17.872859155539736,1.0,50,7.135623909687225,8.957289291258824,16.09291320094605,32.0,14.0,30.0,"{""-5"": [""2.39"", ""8.49""], ""-4"": [""2.39"", ""3.49"", ""3.50"", ""3.53"", ""3.54""], ""-3"": [""6.36"", ""7.56"", ""8.47"", ""8.48""], ""-2"": [""3.50"", ""3.54"", ""5.58"", ""6.32"", ""6.33"", ""6.36"", ""6.37"", ""6.40""], ""-1"": [""6.29"", ""6.32"", ""6.33"", ""6.36""]}",2603.990234375,0.7272727272727273,B,394,True,True,False
FSHR,cognate,chai,13.247728056727897,13.142340400939922,13.335947395661051,60.0,87.49465582442318,3.84111385239813,17.873124582899568,1.0,50,6.971012049910687,8.99112707061801,15.962139120528697,29.0,14.0,32.0,"{""-5"": [""8.49""], ""-4"": [""2.39"", ""3.49"", ""3.50"", ""3.53"", ""3.54""], ""-3"": [""6.36"", ""7.56"", ""8.47"", ""8.48""], ""-2"": [""3.50"", ""3.54"", ""5.58"", ""6.32"", ""6.33"", ""6.36"", ""6.37"", ""6.40""], ""-1"": [""6.29"", ""6.30"", ""6.32"", ""6.33""]}",1613.046875,0.7272727272727273,B,394,True,True,False
FSHR,cognate,of3,12.905802582334406,12.858450221066668,12.95017762416064,54.0,79.75124347636194,3.9706802609546488,17.918323164765948,1.0,50,6.96368505280384,9.053104074785722,16.01678912758956,31.0,12.0,22.0,"{""-5"": [""2.39"", ""8.49""], ""-4"": [""2.39"", ""3.49"", ""3.50"", ""3.53"", ""3.54""], ""-3"": [""6.36"", ""7.56"", ""8.47"", ""8.48"", ""8.49""], ""-2"": [""3.50"", ""3.54"", ""5.58"", ""6.32"", ""6.33"", ""6.36"", ""6.37"", ""6.40""], ""-1"": [""6.29"", ""6.33""]}",2376.431640625,0.7272727272727273,B,394,True,True,False
FSHR,cognate,protenix,13.002283410937249,12.950668872939143,13.077075793063596,61.0,81.9053728480635,3.6989866107464158,17.91993310327805,1.0,50,7.008983587598741,9.21414935387756,16.2231329414763,28.0,13.0,33.0,"{""-5"": [""8.49""], ""-4"": [""2.39"", ""3.49"", ""3.50"", ""3.53"", ""3.54""], ""-3"": [""6.36"", ""7.52"", ""7.54"", ""7.56"", ""8.47"", ""8.48"", ""8.49""], ""-2"": [""3.50"", ""3.54"", ""5.58"", ""6.32"", ""6.33"", ""6.36"", ""6.37"", ""6.40""], ""-1"": [""6.29"", ""6.32"", ""6.33"", ""6.36""]}",1384.8828125,0.7272727272727273,B,394,True,True,False
FSHR,decoy,boltz,83.39881243662781,68.88724650791033,90.12157526657934,0.0,66.82942533493042,3.0806491046861804,17.61555122915975,1.0,50,7.04041411977307,9.29992385529043,16.3403379750635,0.0,0.0,0.0,"{""-5"": [], ""-4"": [], ""-3"": [], ""-2"": [], ""-1"": []}",2907.3857421875,0.9090909090909092,B,394,True,False,False
FSHR,decoy,chai,10.553044681372127,10.387578671752696,10.712835215289369,48.5,74.6394104629127,3.5212036097841395,17.477316781090572,1.0,50,6.957150638012663,9.21041264005039,16.167563278063053,30.0,13.0,23.0,"{""-5"": [""8.49""], ""-4"": [""2.39"", ""3.49"", ""3.50"", ""3.53"", ""3.54""], ""-3"": [""3.50"", ""6.33"", ""6.36"", ""6.37"", ""8.47""], ""-2"": [""6.36"", ""8.47"", ""8.48"", ""8.49""], ""-1"": [""2.39"", ""2.43"", ""3.50"", ""7.53"", ""8.47"", ""8.49""]}",2113.8935546875,0.9090909090909092,B,394,True,True,False
FSHR,decoy,of3,10.6026704556034,10.194257162651377,11.121935023606193,50.5,63.27567288962622,3.708729287234167,17.885648391523958,1.0,50,7.08948201586108,9.042060872360858,16.131542888221936,26.0,14.0,18.0,"{""-5"": [""8.49""], ""-4"": [""2.39"", ""3.49"", ""3.50"", ""3.53""], ""-3"": [""3.50"", ""6.36"", ""6.37"", ""6.40"", ""8.47""], ""-2"": [""8.47"", ""8.48"", ""8.49"", ""8.50""], ""-1"": [""2.39"", ""2.43"", ""7.53"", ""8.47"", ""8.49""]}",2013.177734375,0.9090909090909092,B,394,True,True,False
FSHR,decoy,protenix,92.17070427697496,90.32883332420379,94.34240675679445,0.0,63.94213407454553,3.335403362782191,17.593303607667742,1.0,50,7.015326669864562,9.44361268254734,16.458939352411903,0.0,0.0,0.0,"{""-5"": [], ""-4"": [], ""-3"": [], ""-2"": [], ""-1"": []}",1542.302734375,0.9090909090909092,B,394,True,False,False
FSHR,shuffled,boltz,12.006271022141933,11.823585997355746,12.1605564269252,53.0,83.8444501876831,3.7742104511160877,17.406462266973733,1.0,50,7.120439606829062,9.052613227322816,16.17305283415188,30.0,9.0,32.0,"{""-5"": [""2.39"", ""2.43"", ""8.49""], ""-4"": [""2.39"", ""2.43"", ""3.49"", ""3.50"", ""3.53""], ""-3"": [""3.50"", ""6.36"", ""7.52"", ""8.47""], ""-2"": [""3.50"", ""5.58"", ""5.61"", ""6.32"", ""6.33"", ""6.36"", ""6.37"", ""6.40""], ""-1"": [""6.29"", ""6.32"", ""6.33"", ""6.36""]}",2393.677734375,0.7272727272727273,B,354,True,True,False
FSHR,shuffled,chai,12.377644796329356,12.290294535957875,12.473590079076892,55.5,83.01388155348201,3.7290606772730914,17.715830486092678,1.0,50,7.004407255435679,9.399947819004105,16.40435507443978,26.0,10.0,44.0,"{""-5"": [""8.49""], ""-4"": [""2.43"", ""3.49"", ""3.50"", ""3.53"", ""3.54"", ""7.53"", ""8.47""], ""-3"": [""3.50"", ""6.36"", ""7.52"", ""8.47""], ""-2"": [""3.50"", ""3.54"", ""5.58"", ""5.61"", ""6.32"", ""6.33"", ""6.36"", ""6.37"", ""6.40""], ""-1"": [""6.29"", ""6.32"", ""6.33"", ""6.36""]}",3105.849609375,0.7272727272727273,B,354,True,True,False
FSHR,shuffled,of3,12.018929224277096,11.963639377660014,12.112742992860786,50.0,76.35077269450926,3.814556861261008,17.749890660538338,1.0,50,7.100606961319306,9.249869720634448,16.350476681953754,27.0,9.0,36.0,"{""-5"": [""2.39"", ""8.49""], ""-4"": [""2.39"", ""3.49"", ""3.50"", ""3.53"", ""3.54""], ""-3"": [""3.50"", ""6.36"", ""7.52"", ""8.47""], ""-2"": [""3.50"", ""3.54"", ""5.58"", ""5.61"", ""6.33"", ""6.36"", ""6.37"", ""6.40""], ""-1"": [""6.29"", ""6.32"", ""6.33"", ""6.36""]}",1960.873046875,0.7272727272727273,B,354,True,True,False
FSHR,shuffled,protenix,12.095403886588894,12.019917086595576,12.186335148854504,53.0,79.77366721037663,3.641649477105179,17.554233794454575,1.0,50,7.051815158603165,9.287610054534952,16.339425213138117,29.0,8.0,34.0,"{""-5"": [""2.39"", ""8.49""], ""-4"": [""2.39"", ""3.49"", ""3.50"", ""3.53""], ""-3"": [""3.50"", ""6.36"", ""7.52"", ""8.47""], ""-2"": [""3.50"", ""3.54"", ""5.58"", ""5.61"", ""6.33"", ""6.36"", ""6.37"", ""6.40""], ""-1"": [""45.51"", ""6.29"", ""6.32"", ""6.33"", ""6.36"", ""7.34"", ""7.35"", ""7.37"", ""7.38"", ""8.47"", ""8.48""]}",2348.8095703125,0.7272727272727273,B,354,True,True,False
GHSR,apo,boltz,,,,,,10.05818987083116,12.538995924850358,0.0,50,7.001410549039385,8.82050746974345,15.821918018782837,,,,,,,,0,False,False,False
GHSR,apo,chai,,,,,,10.088998486176948,12.658592941592335,0.0,50,6.954869229539834,8.850356941954374,15.805226171494208,,,,,,,,0,False,False,False
GHSR,apo,of3,,,,,,10.181851327428319,12.816331334803323,0.0,50,6.993303412303013,8.714495399033737,15.707798811336753,,,,,,,,0,False,False,False
GHSR,apo,protenix,,,,,,10.309078941895361,12.474136698525058,0.0,50,6.922789733817085,8.79656663258449,15.719356366401575,,,,,,,,0,False,False,False
GHSR,cognate,boltz,12.582848327357421,12.540622049733763,12.634847778553599,69.0,91.99832496643066,5.159000206721908,17.2786792069125,1.0,50,7.012446442761612,9.240106797640385,16.252553240401994,34.0,12.0,33.0,"{""-5"": [""12.49"", ""2.37"", ""2.39"", ""8.49""], ""-4"": [""2.38"", ""2.39"", ""3.46"", ""3.49"", ""3.50"", ""3.53"", ""34.52"", ""34.56""], ""-3"": [""2.39"", ""2.40"", ""2.43"", ""3.50"", ""6.36"", ""7.53"", ""7.54"", ""7.56"", ""8.47""], ""-2"": [""3.50"", ""3.54"", ""6.33"", ""6.36"", ""6.37"", ""7.56""], ""-1"": [""6.29"", ""6.33"", ""7.56"", ""8.47"", ""8.48""]}",2413.1826171875,0.7272727272727273,B,359,True,True,False
GHSR,cognate,chai,12.631990960987643,12.540341140284406,12.729754919654779,69.0,82.41461844826847,6.3279210873176925,16.841129101837783,0.86,50,7.218550685560087,9.134507649567103,16.353058335127194,23.0,14.0,45.0,"{""-5"": [""2.37"", ""2.38"", ""2.39""], ""-4"": [""2.38"", ""2.39"", ""3.46"", ""3.49"", ""3.50"", ""3.53"", ""34.57""], ""-3"": [""2.39"", ""2.40"", ""2.43"", ""3.50"", ""6.36"", ""7.53"", ""8.47"", ""8.49"", ""8.50""], ""-2"": [""3.50"", ""3.54"", ""6.32"", ""6.33"", ""6.36"", ""6.37""], ""-1"": [""6.29"", ""6.32"", ""6.33"", ""7.56"", ""8.47"", ""8.48""]}",2707.29296875,0.7272727272727273,B,359,True,True,False
GHSR,cognate,of3,12.374808663627732,12.269425329399667,12.496713066903467,66.0,77.354528120173,5.258257182273493,17.52752103060952,1.0,50,6.923476503353188,9.496362021952711,16.419838525305902,33.0,10.0,39.0,"{""-5"": [""2.37"", ""2.38"", ""2.39"", ""34.54""], ""-4"": [""2.38"", ""2.39"", ""3.46"", ""3.49"", ""3.50"", ""3.53"", ""34.57""], ""-3"": [""2.39"", ""2.40"", ""2.43"", ""3.50"", ""6.36"", ""7.53"", ""7.54"", ""7.56"", ""8.47""], ""-2"": [""3.50"", ""3.54"", ""6.29"", ""6.33"", ""6.36"", ""6.37"", ""7.56""], ""-1"": [""6.29"", ""6.33"", ""7.56"", ""8.47"", ""8.48""]}",2439.96875,0.7272727272727273,B,359,True,True,False
GHSR,cognate,protenix,12.342144400465923,12.257788031137595,12.501123832149577,71.0,84.54051302569253,4.837692604644511,17.358505093887313,1.0,50,6.827611473826352,9.248019182452738,16.07563065627909,27.0,39.0,33.0,"{""-5"": [""2.37"", ""2.39""], ""-4"": [""2.38"", ""2.39"", ""3.46"", ""3.49"", ""3.50"", ""3.53"", ""34.57""], ""-3"": [""2.39"", ""2.40"", ""2.43"", ""3.50"", ""6.36"", ""7.53"", ""7.54"", ""7.56"", ""8.47""], ""-2"": [""3.50"", ""3.54"", ""6.29"", ""6.33"", ""6.36"", ""6.37"", ""7.56""], ""-1"": [""6.29"", ""6.33"", ""7.56"", ""8.47"", ""8.48""]}",1949.0654296875,0.7272727272727273,B,359,True,True,False
GHSR,decoy,boltz,20.969518700615055,18.74551672645392,23.211848450013235,27.0,72.99755086898804,9.811819579923323,12.521091831106688,0.22,50,7.086036358317674,8.91233966957611,15.998376027893784,0.0,7.0,9.0,"{""-5"": [], ""-4"": [""34.51"", ""34.54""], ""-3"": [""34.51"", ""34.53"", ""34.54""], ""-2"": [""34.54""], ""-1"": [""34.54""]}",1192.951171875,0.3636363636363636,B,359,False,False,False
GHSR,decoy,chai,12.45953369113164,12.05069887508642,12.683462624324108,56.0,72.64324196703333,9.850761899118915,12.76482099929328,0.0,50,6.99267116343962,8.791761029509392,15.784432192949012,17.0,1.0,46.0,"{""-5"": [""2.37""], ""-4"": [""2.37"", ""2.38"", ""2.39"", ""3.50"", ""3.53"", ""34.53"", ""34.57""], ""-3"": [""2.37"", ""2.39"", ""2.40"", ""3.50"", ""6.29"", ""6.30"", ""6.33""], ""-2"": [""12.49"", ""12.50"", ""2.37"", ""2.40"", ""8.49""], ""-1"": [""2.39"", ""2.40"", ""2.43"", ""6.33"", ""6.36"", ""6.37"", ""8.47"", ""8.48"", ""8.49"", ""8.50""]}",2209.97265625,0.7272727272727273,B,359,False,True,True
GHSR,decoy,of3,12.839714298143393,10.803640117684855,80.74663051574896,47.0,62.47831368972041,10.491558111262739,15.481197505763893,0.08,50,7.088670926967977,8.740333638353333,15.82900456532131,26.0,3.0,20.0,"{""-5"": [], ""-4"": [""2.39"", ""3.50"", ""3.53"", ""34.50"", ""34.53""], ""-3"": [""3.50"", ""3.53"", ""3.54"", ""6.30"", ""6.33"", ""6.36""], ""-2"": [""6.29"", ""8.47"", ""8.49""], ""-1"": [""12.50"", ""2.37"", ""2.39"", ""2.40"", ""3.50"", ""6.36"", ""8.47""]}",1301.455078125,0.8181818181818182,B,359,False,True,True
GHSR,decoy,protenix,12.102740268162758,11.676202547507161,12.540050207060776,59.5,69.01356793216124,10.224340209574455,15.216851895807013,0.4,50,6.987940204375391,9.006378106461499,15.99431831083689,10.0,5.0,41.0,"{""-5"": [""2.37"", ""2.39"", ""8.49""], ""-4"": [""3.50"", ""3.54"", ""6.33"", ""6.36"", ""7.56""], ""-3"": [""6.29"", ""6.32"", ""6.33"", ""7.56"", ""8.47"", ""8.48""], ""-2"": [""7.53"", ""7.56"", ""8.47"", ""8.48"", ""8.49"", ""8.50""], ""-1"": [""2.39"", ""2.40"", ""2.43"", ""3.50"", ""6.36"", ""7.52"", ""7.53"", ""7.54"", ""7.55"", ""7.56"", ""8.47"", ""8.50""]}",1720.95703125,0.9090909090909092,B,359,False,True,True
GHSR,shuffled,boltz,11.09741968483777,10.067543216169813,11.972073988476787,72.0,90.57842540740967,5.375205558503104,17.357556909910343,1.0,50,6.982989416711154,9.015874489637708,15.99886390634886,25.0,21.0,26.0,"{""-5"": [""2.37"", ""2.39""], ""-4"": [""2.39"", ""3.49"", ""3.50"", ""3.53"", ""3.54"", ""6.33""], ""-3"": [""6.29"", ""6.32"", ""6.33""], ""-2"": [""6.36"", ""7.56"", ""8.47"", ""8.48"", ""8.51""], ""-1"": [""3.50"", ""6.32"", ""6.33"", ""6.36"", ""6.37"", ""7.52"", ""7.53"", ""7.54"", ""7.56""]}",2127.4423828125,0.6363636363636364,B,394,True,True,False
GHSR,shuffled,chai,13.63893803692767,13.375062556221046,13.771934670684328,79.5,79.0008048789945,6.642337373668388,17.287305488898973,0.92,50,7.11664597967329,8.768071224619469,15.88471720429276,20.0,51.0,27.0,"{""-5"": [], ""-4"": [""2.39"", ""3.49"", ""3.50"", ""3.53"", ""3.54"", ""6.36""], ""-3"": [""6.36"", ""7.56"", ""8.47"", ""8.48"", ""8.49""], ""-2"": [""6.29"", ""6.32"", ""6.33"", ""6.36"", ""6.37""], ""-1"": [""6.29"", ""6.30"", ""6.33""]}",1962.92578125,0.7272727272727273,B,394,True,True,False
GHSR,shuffled,of3,12.644420377862811,11.307012109489579,12.767051560060441,64.0,76.59536696763954,5.787283638798629,17.93753071814426,0.6,50,7.157084649055771,8.850199088325668,16.00728373738144,27.0,25.0,25.0,"{""-5"": [""2.39""], ""-4"": [""2.38"", ""2.39"", ""3.46"", ""3.49"", ""3.50"", ""3.53"", ""34.57""], ""-3"": [""6.36"", ""7.53"", ""7.54"", ""7.56"", ""8.47""], ""-2"": [""3.50"", ""3.54"", ""6.29"", ""6.32"", ""6.33"", ""6.36"", ""6.37""], ""-1"": [""6.29"", ""6.30"", ""6.33""]}",1873.90234375,0.7272727272727273,B,394,True,True,False
GHSR,shuffled,protenix,12.437842375932224,12.311846326186238,12.528500597435748,78.0,81.94999343656701,4.979979957611577,17.467188755137222,1.0,50,6.90801342005249,9.075007339052448,15.98302075910494,28.0,26.0,41.0,"{""-5"": [""2.37"", ""2.38"", ""2.39""], ""-4"": [""2.38"", ""2.39"", ""3.46"", ""3.49"", ""3.50"", ""3.53"", ""34.57""], ""-3"": [""6.36"", ""7.53"", ""7.56"", ""8.47"", ""8.48"", ""8.49""], ""-2"": [""3.50"", ""3.54"", ""6.29"", ""6.32"", ""6.33"", ""6.36"", ""6.37""], ""-1"": [""6.29"", ""6.30"", ""6.33""]}",1984.1669921875,0.7272727272727273,B,394,True,True,False
GRPR,apo,boltz,,,,,,,11.372900334823498,0.0,50,6.868185604910514,7.795925799063252,14.664111403973768,,,,,,,,0,False,False,False
GRPR,apo,chai,,,,,,,11.567868741222401,0.0,50,6.65931182630758,7.668192485846975,14.327504312154556,,,,,,,,0,False,False,False
GRPR,apo,of3,,,,,,,11.771457077123568,0.0,50,6.6698367339852895,7.926483361395982,14.596320095381271,,,,,,,,0,False,False,False
GRPR,apo,protenix,,,,,,,11.481943201800107,0.0,50,6.733474932754118,7.716678754536481,14.450153687290598,,,,,,,,0,False,False,False
GRPR,cognate,boltz,13.2208476410012,13.099945917712695,13.365863023089409,74.0,89.59115009307862,,16.82795439330768,0.0,50,6.969504575979559,9.0515310721336,16.02103564811316,20.0,10.0,49.0,"{""-5"": [""2.37"", ""2.39"", ""2.40""], ""-4"": [""2.38"", ""2.39"", ""3.49"", ""3.50"", ""3.53"", ""7.53""], ""-3"": [""12.50"", ""2.40"", ""2.43"", ""7.53"", ""7.56"", ""8.47"", ""8.49"", ""8.50""], ""-2"": [""3.50"", ""3.54"", ""6.32"", ""6.33"", ""6.37"", ""7.56"", ""8.47""], ""-1"": [""6.33"", ""7.56"", ""8.47"", ""8.48""]}",1514.1904296875,0.7272727272727273,B,359,False,True,True
GRPR,cognate,chai,12.741732396297046,12.591702391741697,12.874199474854143,63.0,84.79878371553158,,17.337160339571774,0.0,50,6.617686907069571,9.403388006458098,16.02107491352767,27.0,14.0,45.0,"{""-5"": [""2.37"", ""2.39"", ""2.40""], ""-4"": [""2.38"", ""2.39"", ""3.46"", ""3.49"", ""3.50"", ""3.53"", ""34.54""], ""-3"": [""12.50"", ""2.39"", ""2.40"", ""2.43"", ""3.50"", ""7.53"", ""7.56"", ""8.47"", ""8.50""], ""-2"": [""3.50"", ""3.54"", ""6.33"", ""6.37"", ""7.56"", ""8.47""], ""-1"": [""6.33"", ""7.56"", ""8.47"", ""8.48"", ""8.49""]}",2128.427734375,0.7272727272727273,B,359,False,True,True
GRPR,cognate,of3,12.704064058929802,12.63913842588478,12.787218404861777,68.5,81.51912175212932,,17.362466179984906,0.0,50,6.776447079547456,9.684951285780702,16.461398365328158,25.0,11.0,46.0,"{""-5"": [""2.37"", ""2.39"", ""2.40"", ""34.54""], ""-4"": [""2.38"", ""2.39"", ""3.46"", ""3.49"", ""3.50"", ""3.53"", ""34.54""], ""-3"": [""2.37"", ""2.39"", ""2.40"", ""2.43"", ""3.50"", ""7.53"", ""7.56"", ""8.47"", ""8.49"", ""8.50""], ""-2"": [""3.50"", ""3.54"", ""6.33"", ""6.37"", ""7.56"", ""8.47""], ""-1"": [""6.33"", ""7.56"", ""8.47"", ""8.48"", ""8.49""]}",2282.046875,0.7272727272727273,B,359,False,True,True
GRPR,cognate,protenix,12.679116176127291,12.562139193082519,12.7718117592242,63.5,84.74317904762032,,17.759985714693713,0.0,50,6.973310306578426,9.29359085710132,16.266901163679748,25.0,11.0,33.0,"{""-5"": [""2.37"", ""2.39"", ""2.40""], ""-4"": [""2.39"", ""3.46"", ""3.49"", ""3.50"", ""3.53"", ""34.54""], ""-3"": [""12.50"", ""2.39"", ""2.40"", ""2.43"", ""7.53"", ""7.56"", ""8.47"", ""8.49"", ""8.50""], ""-2"": [""3.50"", ""3.54"", ""6.33"", ""6.37"", ""6.40"", ""7.56""], ""-1"": [""6.29"", ""6.33"", ""7.56"", ""8.47"", ""8.48""]}",2128.78125,0.7272727272727273,B,359,False,True,True
GRPR,decoy,boltz,10.061791112649328,9.470415325241467,12.16793525685789,96.5,71.46297464370727,,17.487880528504707,0.0,50,6.819822690503032,9.395986692466098,16.21580938296913,30.0,21.0,63.0,"{""-5"": [""7.53"", ""7.56"", ""8.47"", ""8.48"", ""8.49"", ""8.50""], ""-4"": [""2.39"", ""2.40"", ""3.50"", ""7.53"", ""7.56"", ""8.50""], ""-3"": [""2.43"", ""3.50"", ""5.58"", ""7.49"", ""7.52"", ""7.53"", ""7.56""], ""-2"": [""3.50"", ""3.54"", ""5.58"", ""6.33"", ""6.36"", ""6.37"", ""6.40"", ""7.56""], ""-1"": [""2.46"", ""3.43"", ""3.46"", ""3.47"", ""3.50"", ""5.58"", ""6.40"", ""7.49""]}",3750.6181640625,0.0909090909090909,B,359,False,True,True
GRPR,decoy,chai,13.998984893267515,13.755745044495388,14.153793292443222,68.0,67.5652185019683,,12.043260769814813,0.0,50,6.601490362031897,7.700019545429738,14.301509907461636,22.0,11.0,61.0,"{""-5"": [""2.37""], ""-4"": [""2.37"", ""2.38"", ""2.39"", ""3.49"", ""3.50"", ""3.53"", ""34.54""], ""-3"": [""2.37"", ""2.39"", ""2.40"", ""3.50"", ""6.32"", ""6.33""], ""-2"": [""2.39"", ""2.40"", ""2.43"", ""3.46"", ""3.50"", ""6.32"", ""6.33"", ""6.36"", ""6.37"", ""6.40"", ""7.53"", ""8.47""], ""-1"": [""12.49"", ""12.50"", ""2.37"", ""2.40"", ""7.53"", ""8.47"", ""8.48"", ""8.49"", ""8.50"", ""8.51""]}",2862.4140625,0.7272727272727273,B,359,False,True,True
GRPR,decoy,of3,10.492404662202993,9.365468433760528,11.953450079687766,73.0,54.13848589501856,,16.432368927555515,0.0,50,6.746115038804334,9.121455571431143,15.867570610235475,29.0,8.0,56.0,"{""-5"": [], ""-4"": [""2.39"", ""3.49"", ""3.50"", ""3.53""], ""-3"": [""3.50"", ""3.54"", ""6.33"", ""6.36"", ""6.37"", ""6.40""], ""-2"": [""6.33"", ""6.36"", ""6.40"", ""7.53"", ""7.56"", ""8.47""], ""-1"": [""2.37"", ""2.39"", ""2.40"", ""2.43"", ""3.46"", ""3.50"", ""7.53"", ""8.47"", ""8.50""]}",1947.90625,0.9090909090909092,B,359,False,True,True
GRPR,decoy,protenix,10.143429625563735,8.76227267978571,12.008945723858258,90.0,73.26899406315789,,16.38592147655247,0.0,50,6.584579782295741,8.535513007026504,15.120092789322245,50.0,26.0,61.0,"{""-5"": [""2.37"", ""2.39"", ""3.50""], ""-4"": [""3.50"", ""3.54"", ""5.58"", ""5.61"", ""5.65"", ""6.37"", ""6.40""], ""-3"": [""2.43"", ""3.46"", ""6.40"", ""7.52"", ""7.53"", ""7.56"", ""8.47""], ""-2"": [""2.43"", ""2.46"", ""3.43"", ""3.46"", ""3.47"", ""5.58"", ""6.37"", ""6.40"", ""6.41""], ""-1"": [""2.43"", ""2.46"", ""3.43"", ""6.40"", ""6.44"", ""7.49"", ""7.52"", ""7.53"", ""7.56""]}",2353.275390625,0.6363636363636364,B,359,False,True,True
GRPR,shuffled,boltz,13.112852193438943,12.845586228493575,13.340324143941878,72.0,86.91750011444091,,16.696295182020037,0.0,50,6.800125477842303,9.050402932803598,15.8505284106459,26.0,13.0,62.0,"{""-5"": [""2.37"", ""2.39"", ""2.40"", ""34.54""], ""-4"": [""2.39"", ""3.49"", ""3.50"", ""3.53"", ""3.54"", ""34.54""], ""-3"": [""2.40"", ""7.53"", ""7.56"", ""8.47"", ""8.49"", ""8.50""], ""-2"": [""3.50"", ""3.54"", ""6.32"", ""6.33"", ""6.37""], ""-1"": [""6.29"", ""6.32"", ""6.33"", ""7.56""]}",2318.16015625,0.7272727272727273,B,394,False,True,True
GRPR,shuffled,chai,15.323041494149539,12.377356831842098,16.09082022825838,58.5,75.41821902527266,,12.281975221374715,0.0,50,6.776848677667224,7.677637006266968,14.454485683934193,23.0,3.0,47.0,"{""-5"": [""2.37"", ""2.38"", ""2.39"", ""2.40"", ""3.49"", ""3.50""], ""-4"": [""2.37"", ""2.39"", ""2.43"", ""3.46"", ""3.50"", ""6.33"", ""6.36"", ""6.37"", ""8.47""], ""-3"": [""6.29"", ""6.32"", ""8.49""], ""-2"": [""12.49"", ""12.50"", ""2.37"", ""2.40"", ""8.49""], ""-1"": [""12.50"", ""2.37"", ""2.39"", ""2.40"", ""2.43"", ""6.36"", ""7.53"", ""8.47"", ""8.49"", ""8.50"", ""8.51""]}",1522.5595703125,0.9090909090909092,B,394,False,True,True
GRPR,shuffled,of3,12.521525205528281,10.713468644948135,13.436671985077858,61.0,68.47945699165737,,15.564917568930166,0.0,50,6.6513959401461795,8.813529470831366,15.464925410977546,24.0,19.0,35.0,"{""-5"": [""2.37"", ""2.39""], ""-4"": [""2.38"", ""2.39"", ""3.46"", ""3.49"", ""3.50"", ""3.53""], ""-3"": [""12.50"", ""2.40"", ""7.56"", ""8.47"", ""8.49"", ""8.50""], ""-2"": [""3.54"", ""6.29"", ""6.33"", ""6.36""], ""-1"": [""6.29"", ""6.33""]}",1897.03515625,0.7272727272727273,B,394,False,True,True
GRPR,shuffled,protenix,11.19182921611146,10.570954130086088,12.463490284410776,71.0,75.31307803746425,,13.21566079236982,0.0,50,6.704505022229774,7.815688501363971,14.520193523593743,28.0,13.0,46.0,"{""-5"": [""2.37"", ""2.39""], ""-4"": [""2.39"", ""3.46"", ""3.49"", ""3.50"", ""3.53"", ""6.33""], ""-3"": [""6.29"", ""6.32"", ""6.33"", ""7.56"", ""8.47""], ""-2"": [""12.49"", ""12.50"", ""2.37"", ""2.40"", ""7.53"", ""8.47"", ""8.49"", ""8.50""], ""-1"": [""2.37"", ""2.39"", ""2.40"", ""2.43"", ""3.46"", ""3.48"", ""3.50"", ""3.52"", ""5.57"", ""6.36"", ""6.40"", ""7.53"", ""8.47"", ""8.50""]}",1794.5859375,0.9090909090909092,B,394,False,True,True
HRH1,apo,boltz,,,,,,15.39634753241837,12.255746962968164,0.0,50,7.8945373849706995,7.663459232194036,15.557996617164736,,,,,,,,0,False,False,False
HRH1,apo,chai,,,,,,15.45250232891183,13.081733240335403,0.0,50,7.91670291219773,8.17075382079279,16.087456732990518,,,,,,,,0,False,False,False
HRH1,apo,of3,,,,,,15.602115105989107,12.8179373497499,0.0,50,7.712280449523487,8.296039658328615,16.0083201078521,,,,,,,,0,False,False,False
HRH1,apo,protenix,,,,,,14.972099949574083,12.436347707679104,0.0,50,7.691564587991249,8.184447893064641,15.876012481055891,,,,,,,,0,False,False,False
HRH1,cognate,boltz,13.692954647523374,13.60945658460409,13.80319746916651,73.0,86.21645011901856,4.171373371488613,17.29989698393796,1.0,50,8.076733206854119,8.633278437360863,16.71001164421498,17.0,36.0,27.0,"{""-5"": [""2.37"", ""2.39"", ""34.57"", ""7.56"", ""8.47""], ""-4"": [""3.49"", ""3.50"", ""3.53"", ""3.54"", ""34.57"", ""6.36"", ""7.56""], ""-3"": [""6.32"", ""6.36"", ""7.56"", ""8.48"", ""8.51""], ""-2"": [""5.61"", ""5.65"", ""6.29"", ""6.32"", ""6.33"", ""6.36"", ""6.37""], ""-1"": [""5.65"", ""5.68"", ""5.69"", ""6.29"", ""6.32""]}",6316.9921875,0.7272727272727273,B,359,True,True,False
HRH1,cognate,chai,13.920350241682943,13.823931367568004,14.051699783759403,76.0,80.66044353565613,4.330392070796194,17.77166841621645,1.0,50,8.085870763251165,8.992095028412457,17.077965791663622,21.0,51.0,28.0,"{""-5"": [""2.37"", ""7.56"", ""8.47"", ""8.48""], ""-4"": [""3.49"", ""3.50"", ""3.53"", ""3.54"", ""34.53"", ""7.56""], ""-3"": [""6.32"", ""6.36"", ""7.55"", ""7.56"", ""8.47"", ""8.48"", ""8.51""], ""-2"": [""5.61"", ""5.65"", ""6.29"", ""6.32"", ""6.33"", ""6.36"", ""6.37""], ""-1"": [""5.65"", ""5.69"", ""6.29"", ""6.32""]}",3805.9296875,0.7272727272727273,B,359,True,True,False
HRH1,cognate,of3,13.342180764089404,12.932362585363812,13.762663720298299,74.0,75.75886149791413,12.151856943467664,17.25659150423661,0.24,50,8.038456992620288,9.001457131618523,17.039914124238813,18.0,43.0,25.0,"{""-5"": [""2.37"", ""34.57"", ""7.56"", ""8.47"", ""8.48""], ""-4"": [""3.49"", ""3.50"", ""3.53"", ""3.54"", ""34.57"", ""6.36"", ""7.55"", ""7.56"", ""8.47""], ""-3"": [""6.32"", ""6.36"", ""7.54"", ""7.55"", ""7.56"", ""8.47""], ""-2"": [""3.54"", ""5.61"", ""5.65"", ""6.29"", ""6.32"", ""6.33"", ""6.36"", ""6.37""], ""-1"": [""5.65"", ""5.69"", ""6.29"", ""6.32""]}",4181.0205078125,0.7272727272727273,B,359,False,True,True
HRH1,cognate,protenix,13.765525206415255,13.67567546465623,13.789423159383853,68.0,83.67130824962908,4.222572609924233,17.828370117812597,1.0,50,8.286312368483838,8.82681797168817,17.113130340172006,17.0,32.0,27.0,"{""-5"": [""2.37"", ""2.40"", ""34.57"", ""7.56"", ""8.47"", ""8.48""], ""-4"": [""3.49"", ""3.50"", ""3.53"", ""3.54"", ""34.53"", ""6.36"", ""7.56""], ""-3"": [""6.32"", ""6.36"", ""7.56"", ""8.51""], ""-2"": [""5.61"", ""5.65"", ""6.29"", ""6.32"", ""6.33"", ""6.36"", ""6.37""], ""-1"": [""5.65"", ""5.68"", ""5.69"", ""6.29"", ""6.32""]}",2062.572265625,0.7272727272727273,B,359,True,True,False
HRH1,decoy,boltz,9.305288062882887,8.835995723699883,9.584221634724454,62.0,76.21145029067993,4.490434365810172,17.264422451202556,1.0,50,8.002772006030161,8.669001350888117,16.67177335691828,24.0,44.0,15.0,"{""-5"": [], ""-4"": [""3.50"", ""3.53"", ""3.54"", ""6.36""], ""-3"": [""6.32"", ""6.33"", ""6.36"", ""7.56""], ""-2"": [""6.36"", ""7.53"", ""7.54"", ""7.56"", ""8.47"", ""8.48""], ""-1"": [""2.39"", ""2.40"", ""2.43"", ""3.46"", ""3.49"", ""3.50"", ""34.57"", ""6.36"", ""7.52"", ""7.53"", ""7.54"", ""7.56"", ""8.47""]}",4646.9111328125,0.9090909090909092,B,359,True,True,False
HRH1,decoy,chai,13.0423396531132,12.634338848652808,13.674190125746872,59.5,67.27067750595005,4.354820538531387,17.53893533881851,0.98,50,8.099594681217079,9.115094788316796,17.214689469533873,15.0,34.0,18.0,"{""-5"": [""2.37"", ""34.57"", ""8.47""], ""-4"": [""3.50"", ""3.53"", ""6.36"", ""7.56""], ""-3"": [""6.32"", ""6.36"", ""7.56"", ""8.47"", ""8.48"", ""8.49""], ""-2"": [""3.50"", ""3.54"", ""5.61"", ""5.65"", ""6.29"", ""6.32"", ""6.33"", ""6.36"", ""6.37""], ""-1"": [""5.65"", ""5.69"", ""5.72"", ""6.29"", ""6.32""]}",3115.18359375,0.7272727272727273,B,359,True,True,False
HRH1,decoy,of3,9.071217082706468,8.101052346614864,10.987869345238026,78.0,59.6766645823361,17.036378765262217,15.127792672899,0.02,50,8.000927266709459,8.72472967567352,16.72565694238298,40.0,23.0,36.0,"{""-5"": [""3.50"", ""34.57""], ""-4"": [""3.50"", ""3.54"", ""5.61"", ""6.33"", ""6.34"", ""6.37""], ""-3"": [""6.29"", ""6.32"", ""6.33"", ""6.36"", ""7.56"", ""8.47""], ""-2"": [""2.37"", ""2.39"", ""2.40"", ""2.43"", ""3.50"", ""7.53"", ""7.56"", ""8.47"", ""8.50""], ""-1"": [""2.43"", ""3.46"", ""3.50"", ""6.37"", ""6.40"", ""7.52"", ""7.53"", ""7.56""]}",2751.05859375,0.9090909090909092,B,359,False,True,True
HRH1,decoy,protenix,12.97986236765122,10.700565787000972,13.778249117609327,69.0,72.59229402666656,4.411895685294696,17.575760703342965,0.98,50,8.21312867892699,8.86818659106618,17.08131526999317,19.0,28.0,35.0,"{""-5"": [""3.50"", ""34.57"", ""7.56"", ""8.47""], ""-4"": [""3.50"", ""3.53"", ""3.54"", ""5.61"", ""6.36"", ""6.37"", ""7.56""], ""-3"": [""3.50"", ""6.32"", ""6.33"", ""6.34"", ""6.36"", ""6.37"", ""6.40"", ""7.56""], ""-2"": [""6.32"", ""6.36"", ""7.54"", ""7.55"", ""7.56"", ""8.47"", ""8.48"", ""8.49"", ""8.51""], ""-1"": [""5.65"", ""6.28"", ""6.29"", ""6.30"", ""6.32"", ""6.33"", ""6.36"", ""8.48""]}",3608.841796875,0.7272727272727273,B,359,True,True,False
HRH1,shuffled,boltz,13.779209800305754,13.657539484412926,13.934321860707687,101.5,85.50722522735596,4.524266265815278,17.295322208474346,1.0,50,8.13316266824905,8.62844186877909,16.76160453702814,26.0,70.0,20.0,"{""-5"": [""34.57"", ""7.56"", ""8.47"", ""8.48""], ""-4"": [""3.49"", ""3.50"", ""3.53"", ""3.54"", ""34.57"", ""6.36"", ""7.56""], ""-3"": [""6.32"", ""6.36"", ""7.55"", ""7.56"", ""8.47"", ""8.48"", ""8.51""], ""-2"": [""5.61"", ""5.65"", ""6.29"", ""6.33"", ""6.36"", ""6.37""], ""-1"": [""5.65"", ""5.68"", ""5.69""]}",2700.833984375,0.7272727272727273,B,394,True,True,False
HRH1,shuffled,chai,14.241476441919993,14.126901901444835,14.341759323077206,83.0,83.92677386351994,4.430022540925887,18.104626586215197,1.0,50,8.199414003451711,8.855413598471841,17.054827601923552,22.0,49.0,16.0,"{""-5"": [""7.56"", ""8.47""], ""-4"": [""3.49"", ""3.50"", ""3.53"", ""3.54"", ""34.53"", ""6.36"", ""7.56""], ""-3"": [""6.32"", ""6.36"", ""7.56"", ""8.48""], ""-2"": [""5.61"", ""5.65"", ""6.29"", ""6.32"", ""6.33"", ""6.36"", ""6.37""], ""-1"": [""5.65"", ""5.68"", ""5.69"", ""5.72"", ""6.29"", ""6.32""]}",3265.6171875,0.7272727272727273,B,394,True,True,False
HRH1,shuffled,of3,12.668534715892102,11.76418451478032,14.599534305696821,86.0,68.80693141664261,15.838766574383701,12.884965508169262,0.0,50,7.767960104743716,8.297469805803347,16.065429910547063,16.0,38.0,35.0,"{""-5"": [], ""-4"": [""3.53"", ""34.50"", ""34.53"", ""34.54"", ""34.57"", ""6.33""], ""-3"": [""3.54"", ""5.61"", ""5.65"", ""6.29"", ""6.30"", ""6.31"", ""6.32"", ""6.33"", ""6.34""], ""-2"": [""6.29"", ""6.30"", ""6.33""], ""-1"": [""3.50"", ""6.33"", ""6.36"", ""7.56"", ""8.47"", ""8.49""]}",2058.05859375,0.9090909090909092,B,394,False,True,True
HRH1,shuffled,protenix,13.841321805918366,13.769797330324732,13.898438381013566,76.0,84.32458026648601,4.439934966749222,17.9606265154306,1.0,50,8.376052578867524,8.796796504623533,17.17284908349106,23.0,40.0,21.0,"{""-5"": [""7.56"", ""8.47"", ""8.48""], ""-4"": [""3.49"", ""3.50"", ""3.53"", ""3.54"", ""34.53"", ""6.36"", ""7.56""], ""-3"": [""6.32"", ""6.36"", ""7.55"", ""7.56"", ""8.47"", ""8.48"", ""8.51""], ""-2"": [""5.61"", ""5.65"", ""6.29"", ""6.33"", ""6.36"", ""6.37""], ""-1"": [""5.65"", ""5.68"", ""5.69"", ""6.29""]}",1955.8359375,0.7272727272727273,B,394,True,True,False
HRH3,apo,boltz,,,,,,,14.161882299756657,0.0,50,6.145478009544904,8.178462361850178,14.323940371395082,,,,,,,,0,False,False,False
HRH3,apo,chai,,,,,,,18.127250360899538,0.0,50,6.149478107937291,8.870141712509445,15.019619820446737,,,,,,,,0,False,False,False
HRH3,apo,of3,,,,,,,13.994837183243135,0.0,50,6.467019369847766,8.209810877062981,14.676830246910749,,,,,,,,0,False,False,False
HRH3,apo,protenix,,,,,,,13.523815762339783,0.0,50,6.724567986426712,8.082182188106719,14.80675017453343,,,,,,,,0,False,False,False
HRH3,cognate,boltz,11.656783701092749,11.46268729186384,11.832854975182673,81.5,80.0720001220703,,17.56722510040092,0.0,50,6.754365733360905,8.740230366832444,15.494596100193348,24.0,6.0,60.0,"{""-5"": [""2.39"", ""2.40"", ""8.47""], ""-4"": [""2.39"", ""3.50"", ""3.53"", ""8.47""], ""-3"": [""3.50"", ""6.36"", ""7.56"", ""8.47""], ""-2"": [""3.50"", ""3.54"", ""5.61"", ""6.32"", ""6.33"", ""6.34"", ""6.36"", ""6.37""], ""-1"": [""6.25"", ""6.29"", ""6.32"", ""6.33"", ""6.36"", ""7.56""]}",5705.015625,0.7272727272727273,B,354,False,True,True
HRH3,cognate,chai,12.369975564943838,12.262950776097076,12.461890464852742,81.0,83.99887121041616,,18.16848022297863,0.0,50,6.221676703268983,8.698557409133999,14.920234112402982,19.0,23.0,48.0,"{""-5"": [""2.39"", ""7.56"", ""8.47"", ""8.48"", ""8.49""], ""-4"": [""3.50"", ""3.53"", ""7.56"", ""8.47"", ""8.48""], ""-3"": [""6.36"", ""7.56"", ""8.47""], ""-2"": [""3.50"", ""5.61"", ""6.32"", ""6.33"", ""6.36"", ""6.37"", ""6.40""], ""-1"": [""6.25"", ""6.28"", ""6.29"", ""6.32"", ""6.33"", ""6.36""]}",2370.0302734375,0.7272727272727273,B,354,False,True,True
HRH3,cognate,of3,12.005808594773239,11.796495626213506,12.181432800944016,76.5,78.36388919851996,,17.58845106188203,0.0,50,6.640325095816834,8.41914169936397,15.059466795180803,24.0,29.0,50.0,"{""-5"": [""2.39"", ""2.40"", ""8.47""], ""-4"": [""2.39"", ""3.50"", ""3.53"", ""34.53"", ""8.47""], ""-3"": [""7.56"", ""8.47""], ""-2"": [""3.50"", ""6.33"", ""6.36"", ""6.37"", ""6.40""], ""-1"": [""5.65"", ""6.29"", ""6.30"", ""6.33""]}",2292.39453125,0.7272727272727273,B,354,False,True,True
HRH3,cognate,protenix,12.321028067296222,12.256167208593478,12.52899603962839,77.0,83.2480136224064,,17.611342806091756,0.0,50,6.897970727391182,8.440663655327,15.338634382718183,19.0,35.0,38.0,"{""-5"": [""2.39"", ""34.57"", ""8.47"", ""8.49""], ""-4"": [""2.39"", ""3.50"", ""3.53"", ""7.53"", ""8.47""], ""-3"": [""6.36"", ""7.56"", ""8.47""], ""-2"": [""3.50"", ""5.61"", ""6.32"", ""6.33"", ""6.36"", ""6.37"", ""6.40"", ""7.56""], ""-1"": [""6.29"", ""6.32"", ""6.33""]}",1883.3359375,0.7272727272727273,B,354,False,True,True
HRH3,decoy,boltz,17.283323799601796,15.511918005117561,17.660069518559684,80.5,75.0007749557495,,15.23672359162017,0.0,50,6.317877383093155,8.383685022929953,14.701562406023108,22.0,4.0,60.0,"{""-5"": [""8.47"", ""8.48"", ""8.49"", ""8.52""], ""-4"": [""2.37"", ""2.39"", ""2.40"", ""3.50"", ""3.53"", ""34.53"", ""34.57"", ""7.56"", ""8.47""], ""-3"": [""3.50"", ""6.33"", ""6.36"", ""6.37"", ""7.56"", ""8.47""], ""-2"": [""6.29"", ""6.32"", ""6.33"", ""6.36"", ""7.56"", ""8.48""], ""-1"": [""7.54"", ""7.55"", ""7.56"", ""8.47"", ""8.48"", ""8.51""]}",3311.9560546875,0.6363636363636364,B,354,False,True,True
HRH3,decoy,chai,15.331357896610136,14.98885347578547,15.81435095518961,97.0,71.1955750420737,,18.3082951665725,0.0,50,6.204754709092052,8.634144427793641,14.838899136885694,18.0,25.0,70.0,"{""-5"": [""3.50"", ""7.56"", ""8.47"", ""8.48""], ""-4"": [""3.50"", ""6.33"", ""6.36"", ""6.37"", ""6.40"", ""7.52"", ""7.53"", ""7.56""], ""-3"": [""6.35"", ""6.36"", ""6.39"", ""6.40"", ""7.51"", ""7.52"", ""7.56""], ""-2"": [""6.32"", ""6.35"", ""6.36"", ""6.39""], ""-1"": [""6.32"", ""8.51""]}",2866.96875,0.5454545454545454,B,354,False,True,True
HRH3,decoy,of3,14.931993299580396,12.053849058251606,19.71935101563973,65.5,52.55192325834244,,15.985789667076997,0.0,50,6.431157130440552,8.602757293932974,15.033914424373528,9.0,20.0,25.0,"{""-5"": [""34.57""], ""-4"": [""2.39"", ""3.49"", ""3.50"", ""3.53"", ""3.54"", ""34.53"", ""34.57"", ""8.47""], ""-3"": [""6.33"", ""6.37"", ""7.56"", ""8.47""], ""-2"": [""6.32"", ""6.33"", ""6.36"", ""7.56"", ""8.47""], ""-1"": [""8.48"", ""8.49""]}",1833.1552734375,0.6363636363636364,B,354,False,True,True
HRH3,decoy,protenix,17.806155313033276,17.216801310436928,28.690281402525144,64.0,65.0632758109738,,17.36227252855592,0.0,50,6.922286285396159,8.49353820583906,15.41582449123522,9.0,30.0,28.0,"{""-5"": [""3.54"", ""5.61"", ""5.65"", ""6.33""], ""-4"": [""34.54"", ""8.47""], ""-3"": [""3.50"", ""3.53"", ""3.54"", ""5.61"", ""7.56"", ""8.47""], ""-2"": [""6.32"", ""6.33"", ""6.36"", ""6.37"", ""7.56"", ""8.47"", ""8.48"", ""8.51""], ""-1"": [""7.56"", ""8.47"", ""8.48"", ""8.49""]}",1688.2158203125,0.3636363636363636,B,354,False,True,True
HRH3,shuffled,boltz,16.276134348113438,13.364202419777914,17.990796461338938,92.0,78.70212526321411,,16.43313027870383,0.0,50,6.510841798339138,8.651085920021833,15.161927718360973,22.0,31.0,68.0,"{""-5"": [""7.56"", ""8.47"", ""8.48"", ""8.49""], ""-4"": [""3.49"", ""3.50"", ""3.53"", ""6.32"", ""6.33"", ""6.36"", ""6.37"", ""7.56"", ""8.47""], ""-3"": [""6.29"", ""6.32"", ""6.33"", ""6.36"", ""7.55"", ""7.56"", ""8.51""], ""-2"": [""6.32"", ""6.36"", ""6.39"", ""7.55"", ""7.56"", ""8.51""], ""-1"": [""7.55"", ""8.51""]}",5446.990234375,0.7272727272727273,B,394,False,True,True
HRH3,shuffled,chai,13.844489228561542,13.652690235083494,14.066523206578324,81.5,79.73114116520077,,18.436871222098418,0.0,50,6.433385578371626,8.580585352993117,15.013970931364742,22.0,72.0,17.0,"{""-5"": [""2.39"", ""34.54"", ""34.57"", ""7.56"", ""8.47"", ""8.48""], ""-4"": [""2.39"", ""3.49"", ""3.50"", ""3.53"", ""3.54"", ""34.53"", ""7.56"", ""8.47""], ""-3"": [""6.32"", ""6.36"", ""7.56"", ""8.48"", ""8.51""], ""-2"": [""5.61"", ""5.65"", ""6.32"", ""6.33"", ""6.36"", ""6.37""], ""-1"": [""6.29"", ""6.32""]}",2243.96875,0.7272727272727273,B,394,False,True,True
HRH3,shuffled,of3,12.676803890087086,11.955369271173954,12.856696746488353,79.0,70.43073033731909,,17.480314016039387,0.0,50,6.4729751598282865,8.079599800610238,14.552574960438523,29.0,32.0,14.0,"{""-5"": [""2.37"", ""2.39"", ""34.57"", ""8.47""], ""-4"": [""2.39"", ""3.49"", ""3.50"", ""3.53"", ""34.53"", ""6.36"", ""7.56"", ""8.47""], ""-3"": [""6.36"", ""7.55"", ""7.56"", ""8.47"", ""8.48"", ""8.49""], ""-2"": [""3.50"", ""5.61"", ""5.65"", ""6.29"", ""6.33"", ""6.36"", ""6.37""], ""-1"": [""5.65"", ""5.68"", ""6.29"", ""6.33""]}",2964.53515625,0.7272727272727273,B,394,False,True,True
HRH3,shuffled,protenix,13.586537392985647,13.465287407688,13.694796446651264,70.5,79.70190525165023,,17.794115118574265,0.0,50,6.8575418158493955,8.566730178082242,15.424271993931637,23.0,46.0,32.0,"{""-5"": [""2.37"", ""2.39"", ""2.40"", ""34.57"", ""7.56"", ""8.47"", ""8.48"", ""8.49""], ""-4"": [""2.39"", ""3.49"", ""3.50"", ""3.53"", ""34.53"", ""7.56"", ""8.47""], ""-3"": [""6.33"", ""6.36"", ""7.55"", ""7.56"", ""8.47"", ""8.48"", ""8.51""], ""-2"": [""5.61"", ""5.65"", ""6.29"", ""6.32"", ""6.33"", ""6.36"", ""6.37""], ""-1"": [""5.65"", ""6.29"", ""6.30"", ""6.33""]}",2216.1396484375,0.7272727272727273,B,394,False,True,True
LPAR1,apo,boltz,,,,,,9.184482573489442,11.400099153868997,0.0,50,7.623765923826623,8.658931121293206,16.28269704511983,,,,,,,,0,False,False,False
LPAR1,apo,chai,,,,,,9.363760709385769,11.310840160295704,0.0,50,7.530297404485429,8.801727387280295,16.332024791765726,,,,,,,,0,False,False,False
LPAR1,apo,of3,,,,,,5.728062848001253,16.733744654027348,0.92,50,7.494113033868955,9.984533004538957,17.47864603840791,,,,,,,,0,True,False,False
LPAR1,apo,protenix,,,,,,9.442307423656644,11.201163352202453,0.0,50,7.520366453093386,8.79176915916378,16.312135612257165,,,,,,,,0,False,False,False
LPAR1,cognate,boltz,11.249373580848694,11.145896080839272,11.351538068637563,96.5,88.79390048980713,4.545029126352632,17.1046348380433,1.0,50,7.716898613413293,9.025160930670436,16.742059544083727,29.0,36.0,45.0,"{""-5"": [""2.39"", ""2.40"", ""3.53"", ""34.52""], ""-4"": [""2.39"", ""2.43"", ""3.49"", ""3.50"", ""3.53"", ""3.54""], ""-3"": [""2.43"", ""3.50"", ""6.36"", ""7.56""], ""-2"": [""3.50"", ""3.54"", ""5.58"", ""5.61"", ""6.32"", ""6.33"", ""6.36"", ""6.37""], ""-1"": [""6.28"", ""6.29"", ""6.32"", ""6.33""]}",1965.482421875,0.7272727272727273,B,354,True,True,False
LPAR1,cognate,chai,13.32029178873508,12.747802389720917,13.800161931185842,98.0,70.32100960449395,9.542017579049121,11.286138831627179,0.02,50,7.547075990077218,8.755167502680917,16.302243492758137,22.0,38.0,63.0,"{""-5"": [""2.37"", ""34.55""], ""-4"": [""2.37"", ""2.39"", ""2.40"", ""3.49"", ""3.50"", ""3.53"", ""34.53"", ""34.55"", ""6.33""], ""-3"": [""12.49"", ""2.37"", ""2.40"", ""6.33""], ""-2"": [""2.39"", ""3.50"", ""6.30"", ""6.32"", ""6.33"", ""6.34""], ""-1"": [""6.29"", ""6.30"", ""6.32""]}",2166.65625,0.7272727272727273,B,354,False,True,True
LPAR1,cognate,of3,11.509709242332072,11.45897387273489,11.583682513831063,97.5,80.79613096625945,8.556828131107467,16.668106416500905,0.9,50,7.534273007948882,8.892817137053315,16.427090145002197,28.0,37.0,50.0,"{""-5"": [""2.39"", ""2.40"", ""34.54""], ""-4"": [""2.39"", ""2.43"", ""3.49"", ""3.50"", ""3.53"", ""3.54""], ""-3"": [""2.43"", ""3.50"", ""6.36""], ""-2"": [""3.50"", ""3.54"", ""5.58"", ""5.61"", ""6.32"", ""6.33"", ""6.36"", ""6.37"", ""7.56""], ""-1"": [""6.28"", ""6.29"", ""6.32"", ""6.36"", ""7.56""]}",1484.5712890625,0.7272727272727273,B,354,True,True,False
LPAR1,cognate,protenix,11.519865165912957,11.460279221079546,11.767032624910692,102.0,84.2509742594591,4.03870660608383,17.437108869760536,1.0,50,7.587232458480305,9.147219826479176,16.73445228495948,27.0,41.0,48.0,"{""-5"": [""2.39"", ""2.40""], ""-4"": [""2.39"", ""3.49"", ""3.50"", ""3.53""], ""-3"": [""2.39"", ""3.50"", ""6.36""], ""-2"": [""3.50"", ""3.54"", ""5.58"", ""5.61"", ""6.32"", ""6.33"", ""6.36""], ""-1"": [""6.28"", ""6.29"", ""6.30"", ""6.32"", ""6.33"", ""6.36""]}",1647.705078125,0.7272727272727273,B,354,True,True,False
LPAR1,decoy,boltz,15.904949060522268,15.327626295524933,18.667116579890553,78.5,67.08915042877197,5.353632363517198,16.282750541436037,0.6,50,7.656366427549039,8.823436363152398,16.479802790701438,17.0,23.0,36.0,"{""-5"": [""2.39"", ""3.50"", ""34.52"", ""34.53""], ""-4"": [""3.50"", ""3.54"", ""5.61"", ""6.33"", ""6.36""], ""-3"": [""2.39"", ""2.40"", ""2.43"", ""3.50"", ""6.32"", ""6.36"", ""7.53"", ""7.56"", ""8.47""], ""-2"": [""6.28"", ""6.29"", ""6.32"", ""6.33"", ""7.56""], ""-1"": [""6.29"", ""6.32"", ""7.56"", ""8.48""]}",2233.4375,0.4545454545454545,B,354,True,True,False
LPAR1,decoy,chai,15.541481499548496,13.385004221439237,17.0427327013887,105.5,63.23887796074281,9.42627098405946,11.375645463623343,0.0,50,7.660981529804128,8.760260155954274,16.421241685758403,31.0,32.0,58.0,"{""-5"": [""2.37"", ""2.40"", ""3.50"", ""34.55""], ""-4"": [""3.49"", ""3.50"", ""3.53"", ""34.55""], ""-3"": [""2.38"", ""2.39"", ""2.42"", ""3.45"", ""3.49"", ""3.53"", ""34.53"", ""34.55"", ""34.56"", ""4.42"", ""4.45""], ""-2"": [""3.49"", ""3.52"", ""3.53"", ""3.56"", ""34.53"", ""34.56""], ""-1"": [""34.56"", ""4.41"", ""4.45""]}",2147.1787109375,0.3636363636363636,B,354,False,True,True
LPAR1,decoy,of3,9.482887572933063,7.999745490805331,9.950552000717472,97.0,58.92443293583513,9.05375748474341,16.833312144039784,0.5,50,7.438933693081692,9.63590620901024,17.07483990209193,29.0,51.0,39.0,"{""-5"": [""6.32"", ""6.33"", ""6.36"", ""7.56""], ""-4"": [""2.39"", ""2.40"", ""2.43"", ""3.50"", ""8.47""], ""-3"": [""3.50"", ""3.53"", ""3.54"", ""34.51"", ""34.52""], ""-2"": [""3.50"", ""5.58"", ""5.61"", ""6.33"", ""6.37""], ""-1"": [""2.39"", ""3.46"", ""3.50"", ""5.58"", ""6.36"", ""6.40"", ""7.52"", ""7.53""]}",2244.5751953125,0.2727272727272727,B,354,True,True,False
LPAR1,decoy,protenix,8.098727580869355,7.503009680604663,8.427916469005169,101.0,69.71793763532955,8.014092176370486,16.948419019390485,1.0,50,7.597525722538229,9.152886275520368,16.750411998058595,35.0,43.0,51.0,"{""-5"": [""3.50"", ""7.56"", ""8.47""], ""-4"": [""3.50"", ""3.53"", ""3.54"", ""34.51"", ""34.52""], ""-3"": [""3.50"", ""3.54"", ""5.61"", ""5.65"", ""5.68"", ""6.33"", ""6.36""], ""-2"": [""2.43"", ""3.50"", ""6.36"", ""7.56"", ""8.47""], ""-1"": [""2.43"", ""3.43"", ""3.46"", ""3.47"", ""3.50"", ""3.51"", ""3.52"", ""3.53"", ""3.54"", ""3.55"", ""5.58"", ""5.61"", ""6.36"", ""6.40"", ""7.52"", ""7.53""]}",2034.0712890625,0.3636363636363636,B,354,True,True,False
LPAR1,shuffled,boltz,11.601247431772979,11.52209682367707,11.75476280190352,110.5,87.20935001373292,4.759157173778109,17.37907610296614,1.0,50,7.756848702978548,9.12507218882678,16.88192089180533,33.0,48.0,59.0,"{""-5"": [""2.37"", ""2.39"", ""2.40"", ""34.52"", ""34.53""], ""-4"": [""2.38"", ""2.39"", ""3.49"", ""3.50"", ""3.53"", ""34.53""], ""-3"": [""2.40"", ""2.43"", ""3.50"", ""6.36"", ""7.52"", ""7.53"", ""7.54"", ""7.56"", ""8.47""], ""-2"": [""3.50"", ""3.54"", ""5.58"", ""5.61"", ""6.32"", ""6.33"", ""6.36""], ""-1"": [""6.28"", ""6.29"", ""6.32"", ""6.33"", ""6.36"", ""7.56""]}",2652.0654296875,0.7272727272727273,B,394,True,True,False
LPAR1,shuffled,chai,13.487690307011441,13.163813196695697,14.107857986345167,79.0,70.74303632069116,9.17961339165118,11.4656708976948,0.1,50,7.515391806153556,8.645805109994095,16.161196916147652,28.0,39.0,39.0,"{""-5"": [], ""-4"": [""2.37"", ""2.38"", ""2.39"", ""3.49"", ""3.50"", ""3.53"", ""34.55"", ""6.33""], ""-3"": [""2.40"", ""6.30"", ""6.31"", ""6.32"", ""6.33"", ""6.34"", ""8.47""], ""-2"": [""3.50"", ""3.54"", ""5.65"", ""6.30"", ""6.31"", ""6.33"", ""6.34""], ""-1"": [""5.65"", ""5.69"", ""6.30"", ""6.31""]}",2101.3173828125,0.7272727272727273,B,394,False,True,True
LPAR1,shuffled,of3,11.874687981648176,10.413389866033565,11.986982134547626,98.5,75.25161524669777,8.238574825512124,17.30052543991581,0.84,50,7.492853880834253,9.402160569312288,16.89501445014654,26.0,43.0,21.0,"{""-5"": [""34.52""], ""-4"": [""2.39"", ""3.53"", ""34.51"", ""34.52"", ""34.53"", ""34.54"", ""6.33""], ""-3"": [""6.36"", ""7.56""], ""-2"": [""2.40"", ""2.43"", ""3.50"", ""6.36"", ""7.53"", ""7.56"", ""8.47""], ""-1"": [""3.50"", ""3.54"", ""5.58"", ""5.61"", ""6.33"", ""6.36"", ""6.37"", ""6.40""]}",1907.08984375,0.7272727272727273,B,394,True,True,False
LPAR1,shuffled,protenix,10.83828217626685,10.02929420986413,12.467485010333668,101.5,72.9618271685782,8.577169282983665,16.730346157181216,0.88,50,7.454561442354855,8.880977236071548,16.335538678426403,25.0,41.0,46.0,"{""-5"": [""2.40"", ""8.47""], ""-4"": [""2.37"", ""2.39"", ""2.40"", ""3.50"", ""6.36""], ""-3"": [""6.32"", ""6.36"", ""7.56""], ""-2"": [""2.43"", ""6.36"", ""6.40"", ""7.52"", ""7.53"", ""7.54"", ""7.55"", ""7.56"", ""8.47""], ""-1"": [""2.39"", ""2.43"", ""3.46"", ""3.50"", ""5.58"", ""6.33"", ""6.36"", ""6.40""]}",2084.9580078125,0.7272727272727273,B,394,True,True,False
LSHR,apo,boltz,,,,,,3.5188265533130014,17.949622791280383,1.0,50,7.210999492559958,8.779923299989587,15.990922792549544,,,,,,,,0,True,False,False
LSHR,apo,chai,,,,,,3.1696715654915497,18.17758054440128,1.0,50,7.060078257356641,9.331556890465812,16.391635147822452,,,,,,,,0,True,False,False
LSHR,apo,of3,,,,,,6.092557642311164,13.487430090254449,0.14,50,7.204163650766918,8.734860990264162,15.93902464103108,,,,,,,,0,False,False,False
LSHR,apo,protenix,,,,,,3.0804383618119178,17.448392374152462,0.9,50,7.022709111525623,9.38151794506692,16.404227056592546,,,,,,,,0,True,False,False
LSHR,cognate,boltz,13.177124496281888,13.067320804682428,13.27604080550386,61.0,90.60390033721924,3.7199749910583915,18.23597196308186,1.0,50,7.1374554386279705,9.053734782182431,16.191190220810405,33.0,15.0,25.0,"{""-5"": [""2.39"", ""8.47""], ""-4"": [""2.39"", ""3.49"", ""3.50"", ""3.53"", ""3.54"", ""7.52""], ""-3"": [""6.36"", ""7.52"", ""7.56"", ""8.47"", ""8.48""], ""-2"": [""3.50"", ""3.54"", ""5.58"", ""6.32"", ""6.33"", ""6.36"", ""6.37"", ""6.40""], ""-1"": [""6.29"", ""6.32"", ""6.33"", ""6.36""]}",2972.2509765625,0.7272727272727273,B,394,True,True,False
LSHR,cognate,chai,13.42362993704186,13.3513809484679,13.498816183952727,53.0,88.01950970665544,3.8195339218573885,18.077388445125003,1.0,50,7.004066033383751,8.82273597020788,15.82680200359163,29.0,14.0,23.0,"{""-5"": [""8.49""], ""-4"": [""2.39"", ""3.49"", ""3.50"", ""3.53"", ""3.54""], ""-3"": [""6.36"", ""7.56"", ""8.47"", ""8.48""], ""-2"": [""3.50"", ""3.54"", ""5.58"", ""5.61"", ""6.32"", ""6.33"", ""6.36"", ""6.37"", ""6.40""], ""-1"": [""6.29"", ""6.32"", ""6.33"", ""6.36""]}",2006.60546875,0.7272727272727273,B,394,True,True,False
LSHR,cognate,of3,12.914545695081319,12.872330558269072,12.950341967424357,63.0,79.70201850335835,3.8458523601204337,17.878557388670814,1.0,50,7.075459456352964,8.859038657050519,15.934498113403482,32.0,15.0,31.0,"{""-5"": [""8.49""], ""-4"": [""2.39"", ""3.49"", ""3.50"", ""3.53"", ""3.54""], ""-3"": [""6.36"", ""7.56"", ""8.47"", ""8.48"", ""8.49""], ""-2"": [""3.50"", ""3.54"", ""5.58"", ""6.32"", ""6.33"", ""6.36"", ""6.37"", ""6.40""], ""-1"": [""6.29"", ""6.32"", ""6.33"", ""6.36""]}",2120.958984375,0.7272727272727273,B,394,True,True,False
LSHR,cognate,protenix,13.17159628226694,13.041783478003634,13.268731579809288,69.0,81.69517898410257,3.552369532680718,17.928225201883563,1.0,50,6.962080298531183,9.245176277092918,16.2072565756241,31.0,14.0,44.0,"{""-5"": [""8.49""], ""-4"": [""2.39"", ""3.49"", ""3.50"", ""3.53"", ""3.54""], ""-3"": [""6.36"", ""7.56"", ""8.47"", ""8.48"", ""8.49""], ""-2"": [""3.50"", ""3.54"", ""5.58"", ""5.61"", ""6.32"", ""6.33"", ""6.36"", ""6.37"", ""6.40""], ""-1"": [""6.29"", ""6.30"", ""6.32"", ""6.33"", ""6.36""]}",1607.57421875,0.7272727272727273,B,394,True,True,False
LSHR,decoy,boltz,10.800641400332427,9.821431636901275,13.761665430260807,55.0,75.20687494277954,3.3709196016354372,18.34751871590695,1.0,50,7.132016776256208,8.863089703021176,15.995106479277384,24.0,22.0,33.0,"{""-5"": [""8.47"", ""8.49""], ""-4"": [""3.49"", ""3.50"", ""3.53"", ""3.54"", ""6.40""], ""-3"": [""3.50"", ""3.54"", ""5.58"", ""5.61"", ""6.33"", ""6.36"", ""6.37"", ""6.40""], ""-2"": [""6.29"", ""6.32"", ""6.33"", ""6.36""], ""-1"": [""7.52"", ""7.56"", ""8.47"", ""8.48"", ""8.51""]}",2992.05859375,0.6363636363636364,B,394,True,True,False
LSHR,decoy,chai,12.399482102299254,9.913517207965025,13.585488638193635,49.0,76.00156473916674,3.5229856355236584,17.833806935851474,1.0,50,7.007754062465377,9.050854324316573,16.05860838678195,19.0,16.0,21.0,"{""-5"": [], ""-4"": [""6.36"", ""7.56"", ""8.47"", ""8.48"", ""8.49""], ""-3"": [""3.50"", ""6.36"", ""8.47""], ""-2"": [""3.54"", ""5.61"", ""6.33"", ""6.36"", ""6.37""], ""-1"": [""6.29"", ""6.32"", ""6.33"", ""6.36"", ""8.48""]}",1526.3984375,0.5454545454545454,B,394,True,True,False
LSHR,decoy,of3,12.354275098105404,10.432477550797024,13.536207804154902,52.5,60.94341657163433,3.4492907199452665,17.86645193345732,1.0,50,7.131161415389277,9.248465423085138,16.379626838474415,22.0,17.0,22.0,"{""-5"": [""8.49""], ""-4"": [""6.36"", ""8.47"", ""8.48""], ""-3"": [""2.39"", ""3.50""], ""-2"": [""3.54"", ""5.61"", ""5.65"", ""6.33"", ""6.36"", ""6.37""], ""-1"": [""2.43"", ""3.50"", ""5.58"", ""6.36"", ""6.40"", ""7.52"", ""7.53"", ""7.54"", ""8.47"", ""8.49""]}",2185.654296875,0.6363636363636364,B,394,True,True,False
LSHR,decoy,protenix,95.82367326577825,94.14095309297272,97.90759590447954,0.0,63.59253716529362,3.0274817070627047,17.61930856562364,0.98,50,7.013086786915553,9.330288850086715,16.343375637002268,0.0,0.0,0.0,"{""-5"": [], ""-4"": [], ""-3"": [], ""-2"": [], ""-1"": []}",2196.8564453125,0.9090909090909092,B,394,True,False,False
LSHR,shuffled,boltz,12.505434667402895,12.327542097198513,12.623248666235188,51.0,90.46864967346191,3.602937847974631,18.029615841801004,1.0,50,7.142217882016762,9.200788515822978,16.34300639783974,25.0,8.0,30.0,"{""-5"": [""8.47"", ""8.49""], ""-4"": [""3.50"", ""3.54"", ""8.47""], ""-3"": [""3.50"", ""6.36"", ""8.47""], ""-2"": [""3.50"", ""5.58"", ""5.61"", ""6.32"", ""6.33"", ""6.36"", ""6.37"", ""6.40""], ""-1"": [""6.29"", ""6.32"", ""6.33""]}",2557.0849609375,0.7272727272727273,B,354,True,True,False
LSHR,shuffled,chai,12.424737586404888,12.290819313160641,12.527390665520361,50.0,85.15278161173431,3.6732034150939974,17.981008325668135,1.0,50,7.003581226772485,9.275748325606942,16.279329552379426,19.0,7.0,40.0,"{""-5"": [""2.39""], ""-4"": [""3.49"", ""3.50"", ""3.53"", ""3.54""], ""-3"": [""6.36"", ""8.47""], ""-2"": [""3.50"", ""3.54"", ""5.58"", ""5.61"", ""6.32"", ""6.33"", ""6.36"", ""6.37"", ""6.40""], ""-1"": [""6.29"", ""6.32"", ""6.33"", ""6.36"", ""8.48""]}",2078.166015625,0.7272727272727273,B,354,True,True,False
LSHR,shuffled,of3,12.119593440431597,12.052049794044736,12.257646223322855,59.0,76.34277037599558,3.6538724203998028,17.68345976724553,1.0,50,7.047680950823761,9.073790304350396,16.121471255174157,31.0,9.0,41.0,"{""-5"": [""8.49""], ""-4"": [""3.49"", ""3.50"", ""3.53"", ""8.47""], ""-3"": [""3.50"", ""6.36"", ""7.52"", ""8.47""], ""-2"": [""3.50"", ""5.58"", ""5.61"", ""6.32"", ""6.33"", ""6.36"", ""6.37"", ""6.40""], ""-1"": [""6.29"", ""6.32"", ""6.33"", ""8.48""]}",1854.76171875,0.7272727272727273,B,354,True,True,False
LSHR,shuffled,protenix,12.23537573509006,12.091643837817257,12.4113640127484,60.0,80.74579012950606,3.524847922033601,17.541404562160892,1.0,50,7.011887236365291,9.21237279770278,16.22426003406807,24.0,8.0,45.0,"{""-5"": [""2.39"", ""8.49""], ""-4"": [""2.39"", ""3.49"", ""3.50"", ""3.53""], ""-3"": [""3.50"", ""6.36"", ""7.52"", ""8.47""], ""-2"": [""3.50"", ""3.54"", ""5.58"", ""5.61"", ""6.33"", ""6.36"", ""6.37"", ""6.40""], ""-1"": [""1.42"", ""1.43"", ""1.45"", ""1.46"", ""1.47"", ""1.50"", ""6.29"", ""6.32"", ""6.33"", ""6.36"", ""7.43"", ""7.46"", ""7.47"", ""8.47"", ""8.48""]}",1498.2734375,0.7272727272727273,B,354,True,True,False
LT4R1,apo,boltz,,,,,,12.59428551709324,11.761797525942189,0.0,50,6.729543547767562,7.980130763220613,14.709674310988174,,,,,,,,0,False,False,False
LT4R1,apo,chai,,,,,,12.415173816290988,11.846313453651884,0.0,50,6.673103475894854,7.826003705595851,14.499107181490706,,,,,,,,0,False,False,False
LT4R1,apo,of3,,,,,,11.609221815498863,12.046844231580916,0.04,50,6.50210009506821,7.972945179584571,14.47504527465278,,,,,,,,0,False,False,False
LT4R1,apo,protenix,,,,,,11.705468697137587,12.135776143102872,0.0,50,6.719986264485971,8.032046243588242,14.752032508074214,,,,,,,,0,False,False,False
LT4R1,cognate,boltz,10.76824991378166,10.591777723731404,10.893601370078477,59.0,89.29122505187988,4.812085810851426,17.480200983955378,1.0,50,6.659416386463607,8.766321452929958,15.425737839393566,27.0,25.0,15.0,"{""-5"": [""2.39"", ""34.57""], ""-4"": [""2.39"", ""3.49"", ""3.50"", ""3.53"", ""34.57"", ""7.56""], ""-3"": [""2.39"", ""3.50"", ""6.36"", ""7.55"", ""7.56"", ""7.57"", ""7.58""], ""-2"": [""3.50"", ""5.58"", ""5.61"", ""6.33"", ""6.36"", ""6.37"", ""7.56""], ""-1"": [""6.30"", ""6.33""]}",3083.5830078125,0.7272727272727273,B,354,True,True,False
LT4R1,cognate,chai,10.797009847709383,10.668449767887314,10.931143714922271,47.0,79.24994834147834,11.77461398266904,11.102171640218222,0.0,50,6.479661256578155,8.434142161476768,14.913803418054922,29.0,17.0,18.0,"{""-5"": [""2.37"", ""2.39"", ""34.57""], ""-4"": [""2.39"", ""3.49"", ""3.50"", ""3.53"", ""34.57"", ""6.33""], ""-3"": [""3.50"", ""6.30"", ""6.31"", ""6.32"", ""6.33"", ""6.34""], ""-2"": [""3.50"", ""3.54"", ""5.58"", ""5.61"", ""6.30"", ""6.31"", ""6.34""], ""-1"": [""6.30"", ""6.31""]}",2504.3037109375,0.7272727272727273,B,354,False,True,True
LT4R1,cognate,of3,10.871043171787981,10.708339786174276,10.967026866922296,50.0,77.88057632621062,10.361364254323487,18.059289405213274,0.08,50,6.736024981792309,8.727374657682914,15.463399639475224,30.0,21.0,15.0,"{""-5"": [""2.39"", ""34.57""], ""-4"": [""2.39"", ""3.49"", ""3.50"", ""3.53"", ""34.57""], ""-3"": [""2.39"", ""3.50"", ""6.36""], ""-2"": [""3.50"", ""5.58"", ""5.61"", ""6.33"", ""6.36"", ""6.37"", ""6.40""], ""-1"": [""6.33""]}",2435.583984375,0.7272727272727273,B,354,False,True,True
LT4R1,cognate,protenix,11.03228617902962,10.949461514155127,11.112107990355168,48.0,84.84921859536163,5.083609352659643,17.365057808642163,1.0,50,6.752571700350284,8.866408435753742,15.618980136104026,26.0,18.0,18.0,"{""-5"": [""2.37"", ""2.39"", ""34.57""], ""-4"": [""2.39"", ""3.49"", ""3.50"", ""3.53"", ""34.57""], ""-3"": [""3.50"", ""6.36"", ""7.56"", ""7.57"", ""7.58""], ""-2"": [""3.50"", ""5.58"", ""5.61"", ""6.32"", ""6.33"", ""6.36"", ""6.37"", ""7.57""], ""-1"": [""6.30"", ""6.32"", ""6.33"", ""7.57""]}",1781.10546875,0.7272727272727273,B,354,True,True,False
LT4R1,decoy,boltz,11.548263596005794,11.22150238858764,12.033521340209605,58.0,61.7837996006012,12.50844754666802,11.578206069573643,0.02,50,6.608709691558559,8.27790438786291,14.886614079421468,13.0,30.0,18.0,"{""-5"": [""3.50"", ""3.53"", ""3.54"", ""5.65"", ""6.30""], ""-4"": [""3.53"", ""6.30"", ""6.31"", ""6.33""], ""-3"": [""2.39"", ""3.46"", ""3.49"", ""3.50"", ""34.57"", ""6.30"", ""6.37""], ""-2"": [""34.57""], ""-1"": [""34.57""]}",2303.3671875,0.3636363636363636,B,354,False,True,True
LT4R1,decoy,chai,9.535331007794536,8.246381814674809,10.175183184755964,45.5,71.21696303946631,12.245311886931482,11.634872008251433,0.0,50,6.749101421670886,7.937005543654358,14.686106965325244,26.0,18.0,17.0,"{""-5"": [""6.31""], ""-4"": [""3.50"", ""3.53"", ""34.50"", ""34.57""], ""-3"": [""3.50"", ""3.54"", ""5.58"", ""5.61"", ""5.65"", ""6.34""], ""-2"": [""3.50"", ""6.30"", ""6.31"", ""6.33"", ""6.34""], ""-1"": [""2.39"", ""3.50"", ""6.33"", ""6.34""]}",2127.359375,0.9090909090909092,B,354,False,True,True
LT4R1,decoy,of3,47.27007997214815,29.284348005287555,55.19797182081256,15.0,61.97476715490416,11.164904783663285,18.070274272120322,0.1,50,6.763295995212614,9.037352173643548,15.800648168856162,0.0,0.0,3.0,"{""-5"": [], ""-4"": [], ""-3"": [""7.62"", ""7.63"", ""7.64""], ""-2"": [""7.63""], ""-1"": []}",1100.0791015625,0.9090909090909092,B,354,False,False,False
LT4R1,decoy,protenix,18.073668757631992,11.058580710221662,24.319302854374357,71.0,58.954884636856264,9.969441609978396,16.42932891182886,0.08,50,6.64680756857693,8.851132491808455,15.497940060385384,30.0,35.0,29.0,"{""-5"": [], ""-4"": [""3.50"", ""6.33"", ""6.36""], ""-3"": [""2.39"", ""2.43"", ""3.46"", ""3.50"", ""6.36"", ""7.53""], ""-2"": [""2.39"", ""2.43"", ""3.46"", ""6.36"", ""6.40"", ""7.49"", ""7.52"", ""7.53""], ""-1"": [""2.39"", ""3.46"", ""3.47"", ""3.50"", ""5.58""]}",2080.55859375,0.3636363636363636,B,354,False,True,True
LT4R1,shuffled,boltz,12.259346706266488,12.064135783999696,15.938654627878728,53.0,89.82627458572388,4.730631741715952,17.62681157882029,1.0,50,6.616694299187473,8.721615495422853,15.338309794610325,27.0,19.0,15.0,"{""-5"": [""2.39"", ""34.57"", ""7.56"", ""7.57"", ""7.58""], ""-4"": [""2.39"", ""3.49"", ""3.50"", ""3.53"", ""34.57"", ""7.56"", ""7.57""], ""-3"": [""6.33"", ""6.36"", ""7.55"", ""7.56"", ""7.57"", ""7.58"", ""7.59"", ""7.62""], ""-2"": [""3.50"", ""5.58"", ""5.61"", ""5.65"", ""6.30"", ""6.33"", ""6.36"", ""6.37""], ""-1"": [""6.30"", ""6.33""]}",2235.556640625,0.7272727272727273,B,394,True,True,False
LT4R1,shuffled,chai,12.8284106839916,12.622304216821565,13.023642018002338,56.0,80.82086199002521,12.066735447028055,11.561905336045186,0.0,50,6.598014095165303,8.140108230238713,14.738122325404015,27.0,20.0,22.0,"{""-5"": [""34.57""], ""-4"": [""2.39"", ""3.49"", ""3.50"", ""3.53"", ""34.57"", ""6.33"", ""6.34""], ""-3"": [""6.30"", ""6.31"", ""6.32"", ""6.33"", ""6.34""], ""-2"": [""3.50"", ""5.61"", ""5.65"", ""6.30"", ""6.31"", ""6.34""], ""-1"": [""5.65"", ""6.30"", ""6.31""]}",2777.19921875,0.7272727272727273,B,394,False,True,True
LT4R1,shuffled,of3,12.707852390809139,12.330415251188569,12.910538071023883,49.5,75.06831529840935,9.775464957886957,18.790279845632277,0.3,50,6.678793417854081,8.569206665128572,15.248000082982651,25.0,26.0,14.0,"{""-5"": [], ""-4"": [""3.49"", ""3.50"", ""3.53"", ""3.54"", ""34.57"", ""6.36""], ""-3"": [""6.30"", ""6.33"", ""6.36""], ""-2"": [""3.54"", ""5.61"", ""5.65"", ""6.30"", ""6.33"", ""6.36"", ""6.37""], ""-1"": [""5.65"", ""6.30"", ""6.33""]}",1513.9755859375,0.7272727272727273,B,394,False,True,True
LT4R1,shuffled,protenix,11.301824370123452,10.929651185875644,12.383079762689608,58.0,77.05487056369905,9.922705995967721,16.904682252543672,0.4,50,6.667831600408261,9.005676462617174,15.673508063025436,29.0,22.0,16.0,"{""-5"": [""34.57""], ""-4"": [""2.39"", ""3.49"", ""3.50"", ""3.53"", ""34.57"", ""6.36""], ""-3"": [""6.30"", ""6.33"", ""6.36""], ""-2"": [""7.56"", ""7.60""], ""-1"": [""2.39"", ""2.43"", ""3.50"", ""6.36"", ""6.40"", ""7.53"", ""7.56""]}",1647.2734375,0.9090909090909092,B,394,False,True,True
MCHR1,apo,boltz,,,,,,11.368728110485453,11.573958861273598,0.0,50,6.59017845529239,8.282494059364003,14.872672514656394,,,,,,,,0,False,False,False
MCHR1,apo,chai,,,,,,5.83093756368132,17.293715467756485,0.88,50,6.7176100660874924,8.750729398170188,15.46833946425768,,,,,,,,0,True,False,False
MCHR1,apo,of3,,,,,,9.789088679614277,12.284585682928547,0.02,50,6.840491122588352,8.480961237821871,15.321452360410223,,,,,,,,0,False,False,False
MCHR1,apo,protenix,,,,,,10.554517384320686,11.521917431482136,0.0,50,6.35417001611076,8.462481807295754,14.816651823406511,,,,,,,,0,False,False,False
MCHR1,cognate,boltz,11.254396242145745,11.184631075111188,11.366496855651175,75.5,87.11104946136476,5.479705060624605,17.29314422444736,1.0,50,6.732701391016833,8.870361944103523,15.603063335120355,29.0,10.0,55.0,"{""-5"": [""2.39"", ""8.53""], ""-4"": [""2.39"", ""3.49"", ""3.50"", ""3.53"", ""34.57"", ""7.53""], ""-3"": [""3.50"", ""6.36"", ""7.53"", ""8.47"", ""8.53""], ""-2"": [""3.50"", ""3.54"", ""5.58"", ""5.61"", ""6.32"", ""6.33"", ""6.36"", ""6.37"", ""6.40"", ""8.47""], ""-1"": [""6.28"", ""6.29"", ""6.32"", ""6.33"", ""8.47"", ""8.49""]}",1905.3046875,0.7272727272727273,B,354,True,True,False
MCHR1,cognate,chai,11.436748625506638,11.364734556725868,11.507599417685093,58.5,86.9097993507977,5.208477642886372,17.682429739472504,1.0,50,6.653323605537311,9.05990093764827,15.713224543185582,25.0,8.0,41.0,"{""-5"": [""2.39""], ""-4"": [""2.39"", ""3.49"", ""3.50"", ""3.53"", ""34.57"", ""7.53""], ""-3"": [""3.50"", ""6.36"", ""7.53"", ""8.47""], ""-2"": [""3.50"", ""3.54"", ""5.58"", ""5.61"", ""6.32"", ""6.33"", ""6.36"", ""6.37"", ""6.40"", ""8.47""], ""-1"": [""6.28"", ""6.29"", ""6.32"", ""6.33"", ""7.56"", ""8.47"", ""8.48"", ""8.49""]}",1490.8310546875,0.7272727272727273,B,354,True,True,False
MCHR1,cognate,of3,11.390843167817712,11.33637433412456,11.447036677432767,59.0,84.0774329293445,6.3003902926646695,17.673147743777307,0.98,50,7.005488698126064,8.734090655639367,15.739579353765432,25.0,8.0,40.0,"{""-5"": [""1.60"", ""2.37"", ""2.39"", ""8.53""], ""-4"": [""2.39"", ""3.49"", ""3.50"", ""3.53"", ""34.57"", ""7.53""], ""-3"": [""3.50"", ""6.36"", ""8.47""], ""-2"": [""3.50"", ""3.54"", ""5.58"", ""5.61"", ""6.32"", ""6.33"", ""6.36"", ""6.37"", ""6.40"", ""8.47""], ""-1"": [""6.28"", ""6.29"", ""6.32"", ""6.33"", ""8.49""]}",1476.806640625,0.7272727272727273,B,354,True,True,False
MCHR1,cognate,protenix,11.421416245405648,11.357734700762167,11.455230082564157,56.0,85.80600310159107,5.553042683359675,17.262020237013182,0.96,50,7.020758067911152,8.793699954269433,15.814458022180585,26.0,8.0,34.0,"{""-5"": [""2.37"", ""2.39"", ""2.40"", ""8.53""], ""-4"": [""2.39"", ""3.49"", ""3.50"", ""3.53"", ""34.57"", ""7.53""], ""-3"": [""3.50"", ""6.36"", ""7.56"", ""8.47""], ""-2"": [""3.50"", ""3.54"", ""5.58"", ""5.61"", ""6.32"", ""6.33"", ""6.36"", ""6.37"", ""6.40"", ""8.47""], ""-1"": [""6.28"", ""6.29"", ""6.32"", ""6.33"", ""7.56"", ""8.47"", ""8.48"", ""8.49""]}",1409.955078125,0.7272727272727273,B,354,True,True,False
MCHR1,decoy,boltz,8.021624300056247,6.587994471777428,11.186153470904118,77.0,63.48392562866211,5.602815304125038,17.707696771449154,0.98,50,6.71090896693585,8.831178712148226,15.542087679084077,25.0,17.0,63.0,"{""-5"": [""8.49"", ""8.50""], ""-4"": [""2.37"", ""2.39"", ""3.50"", ""34.57"", ""8.49"", ""8.50""], ""-3"": [""3.50"", ""5.58"", ""6.36"", ""8.47"", ""8.50""], ""-2"": [""2.39"", ""2.43"", ""3.46"", ""3.50"", ""7.52"", ""7.53"", ""7.54"", ""7.56"", ""8.47"", ""8.50""], ""-1"": [""2.38"", ""2.39"", ""2.42"", ""2.43"", ""3.46"", ""3.49"", ""3.50"", ""8.50""]}",1740.369140625,0.7272727272727273,B,354,True,True,False
MCHR1,decoy,chai,8.794188224106254,6.429955547682203,10.395944989161135,58.0,70.91127028640042,5.820133500426593,17.915675475095966,0.94,50,6.687082921573502,8.865080710292489,15.55216363186599,20.0,8.0,32.0,"{""-5"": [""2.39"", ""8.49""], ""-4"": [""3.50"", ""3.53"", ""3.54"", ""34.57""], ""-3"": [""3.50"", ""3.54"", ""5.61"", ""6.33""], ""-2"": [""2.39"", ""2.43"", ""3.50"", ""6.36"", ""7.53"", ""7.56"", ""8.47"", ""8.48"", ""8.50""], ""-1"": [""2.37"", ""2.39"", ""2.40"", ""8.47"", ""8.49"", ""8.50"", ""8.53""]}",1144.93359375,0.3636363636363636,B,354,True,True,False
MCHR1,decoy,of3,12.107385135736997,11.443374087933421,12.924766821266427,51.0,58.876337373201636,6.602355877770549,17.770440414694367,0.9,50,6.905731303699384,8.66887300720553,15.574604310904911,12.0,0.0,21.0,"{""-5"": [], ""-4"": [""2.39"", ""34.57""], ""-3"": [""2.39"", ""3.49"", ""3.50"", ""3.53"", ""3.54"", ""34.57""], ""-2"": [""8.47"", ""8.49"", ""8.50"", ""8.53""], ""-1"": [""2.37"", ""2.39"", ""2.40"", ""2.43"", ""8.50"", ""8.53""]}",1375.5859375,0.9090909090909092,B,354,True,True,False
MCHR1,decoy,protenix,11.634314664574946,11.257678128654277,11.965720905265375,57.5,76.96635757409821,5.234442521037439,17.761349679368923,1.0,50,7.013179451916925,8.817739947637207,15.830919399554134,19.0,2.0,36.0,"{""-5"": [""2.37"", ""2.39""], ""-4"": [""2.39"", ""2.43"", ""3.49"", ""3.50"", ""3.53"", ""3.54"", ""34.57""], ""-3"": [""3.50"", ""6.32"", ""6.36"", ""7.53"", ""7.56"", ""8.47"", ""8.50""], ""-2"": [""1.60"", ""2.40"", ""8.47"", ""8.48"", ""8.49"", ""8.50"", ""8.53""], ""-1"": [""1.57"", ""1.60"", ""2.37"", ""2.39"", ""2.40"", ""2.43"", ""8.47"", ""8.50"", ""8.53""]}",1933.263671875,0.9090909090909092,B,354,True,True,False
MCHR1,shuffled,boltz,12.500068473440205,12.154326167732828,12.692922723873883,60.0,87.17519969940186,5.939285755337375,17.554297495290164,1.0,50,7.801653732164739,9.294151379039402,17.09580511120414,28.0,9.0,51.0,"{""-5"": [""2.37"", ""2.39"", ""2.40"", ""2.43"", ""34.57""], ""-4"": [""2.39"", ""2.42"", ""3.46"", ""3.49"", ""3.50"", ""3.53"", ""34.57"", ""7.53"", ""8.47""], ""-3"": [""6.36"", ""7.53"", ""8.47"", ""8.49"", ""8.50"", ""8.53""], ""-2"": [""3.50"", ""5.58"", ""6.32"", ""6.33"", ""6.36"", ""6.40"", ""8.47""], ""-1"": [""6.29"", ""6.32"", ""6.33"", ""8.49""]}",2060.3955078125,0.7272727272727273,B,394,True,True,False
MCHR1,shuffled,chai,13.000556423820138,12.74196783873963,13.165849156354604,58.0,78.52889544568536,4.497305678922863,17.784506372712634,0.98,50,6.655669538070531,8.996640817549627,15.65231035562016,31.0,15.0,34.0,"{""-5"": [""2.37"", ""2.39"", ""34.57""], ""-4"": [""2.38"", ""2.39"", ""3.46"", ""3.49"", ""3.50"", ""3.53"", ""34.57"", ""7.53"", ""8.47""], ""-3"": [""1.60"", ""8.47"", ""8.49"", ""8.50"", ""8.53""], ""-2"": [""3.50"", ""6.32"", ""6.33"", ""6.36""], ""-1"": [""6.29"", ""6.32"", ""6.33"", ""8.49""]}",1662.8515625,0.7272727272727273,B,394,True,True,False
MCHR1,shuffled,of3,12.532520353197429,11.835218028826167,12.869836874230117,60.5,71.47436063517395,6.8656036033550905,17.361571461423758,0.76,50,6.904137810740945,8.576508203014894,15.48064601375584,28.0,8.0,30.0,"{""-5"": [""1.60"", ""2.37"", ""2.39"", ""2.40"", ""34.57""], ""-4"": [""2.38"", ""2.39"", ""2.42"", ""3.46"", ""3.49"", ""3.50"", ""3.53"", ""34.57"", ""8.47""], ""-3"": [""1.60"", ""7.56"", ""8.47"", ""8.49"", ""8.50"", ""8.53""], ""-2"": [""3.50"", ""6.29"", ""6.32"", ""6.33"", ""6.36""], ""-1"": [""6.29"", ""6.32"", ""6.33"", ""8.49""]}",1718.8662109375,0.7272727272727273,B,394,True,True,False
MCHR1,shuffled,protenix,12.417882628630116,12.32941019484399,12.544183400858481,62.0,77.54852703103427,4.488615059323514,17.817640782112584,1.0,50,7.000624880183589,8.899455913067252,15.90008079325084,30.0,12.0,35.0,"{""-5"": [""2.37"", ""2.39"", ""34.57""], ""-4"": [""2.38"", ""2.39"", ""3.49"", ""3.50"", ""3.53"", ""34.57"", ""8.47""], ""-3"": [""7.53"", ""7.54"", ""7.56"", ""8.47"", ""8.48"", ""8.49"", ""8.50""], ""-2"": [""3.50"", ""6.29"", ""6.32"", ""6.33"", ""6.36""], ""-1"": [""5.65"", ""6.29"", ""6.32"", ""6.33""]}",1598.8359375,0.7272727272727273,B,394,True,True,False
NPY1R,apo,boltz,,,,,,9.268667913417282,12.08838385415077,0.02,50,6.7766351544774786,8.536685032552157,15.313320187029635,,,,,,,,0,False,False,False
NPY1R,apo,chai,,,,,,9.214579156777177,12.278359305128106,0.0,50,6.881869295474886,8.285618745754599,15.167488041229486,,,,,,,,0,False,False,False
NPY1R,apo,of3,,,,,,13.003955241913847,12.121678073606212,0.02,50,6.7871305398083965,8.530296760727138,15.317427300535536,,,,,,,,0,False,False,False
NPY1R,apo,protenix,,,,,,12.167335376277087,12.100727282786684,0.0,50,6.862590508536596,8.340966503383084,15.20355701191968,,,,,,,,0,False,False,False
NPY1R,cognate,boltz,11.539627491276462,11.435601802564781,11.651688005455705,82.0,84.12015075683594,3.858786790028187,17.093202226383717,1.0,50,6.944348674209843,9.122113927434803,16.066462601644645,22.0,19.0,53.0,"{""-5"": [""2.37"", ""2.39"", ""8.49""], ""-4"": [""2.39"", ""3.50"", ""3.53"", ""3.54"", ""8.47"", ""8.49""], ""-3"": [""3.50"", ""6.32"", ""6.36"", ""7.56"", ""8.47"", ""8.48"", ""8.49""], ""-2"": [""3.50"", ""3.54"", ""6.29"", ""6.32"", ""6.33"", ""6.36"", ""6.37""], ""-1"": [""6.29"", ""6.32"", ""6.33"", ""8.48"", ""8.49""]}",3537.3955078125,0.7272727272727273,B,354,True,True,False
NPY1R,cognate,chai,11.875077059973137,11.768741690407783,11.949922127245054,95.0,85.39597189628029,3.765390345642459,17.287125715035508,1.0,50,6.990159440241689,9.00889271775394,15.99905215799563,25.0,50.0,57.0,"{""-5"": [""2.37"", ""2.39""], ""-4"": [""2.37"", ""2.39"", ""3.50"", ""3.53"", ""3.54""], ""-3"": [""3.50"", ""6.36"", ""8.47""], ""-2"": [""3.50"", ""3.54"", ""5.61"", ""6.33"", ""6.36"", ""6.37"", ""6.40""], ""-1"": [""6.25"", ""6.29"", ""6.33"", ""8.47""]}",1860.9443359375,0.7272727272727273,B,354,True,True,False
NPY1R,cognate,of3,11.677827559579168,11.585753645878965,11.81422807097042,72.0,81.38859942588971,3.835675517889406,17.157562515937403,1.0,50,7.00079539390325,9.038725646546204,16.03952104044945,25.0,41.0,48.0,"{""-5"": [""2.37"", ""2.39"", ""8.49""], ""-4"": [""2.39"", ""3.49"", ""3.50"", ""3.53"", ""3.54""], ""-3"": [""2.39"", ""3.50"", ""6.36"", ""8.47""], ""-2"": [""3.50"", ""3.54"", ""6.29"", ""6.32"", ""6.33"", ""6.36"", ""6.37""], ""-1"": [""6.29"", ""6.32"", ""6.33"", ""8.47"", ""8.48"", ""8.49""]}",2650.0078125,0.7272727272727273,B,354,True,True,False
NPY1R,cognate,protenix,11.615322638305557,11.55933237611364,11.659192469494782,78.0,85.4453553558944,3.85818718610129,16.958490488586236,1.0,50,7.0458907207369155,9.040463882545188,16.086354603282103,24.0,33.0,45.0,"{""-5"": [""2.37"", ""2.39"", ""8.49""], ""-4"": [""2.39"", ""3.50"", ""3.53"", ""3.54"", ""8.47""], ""-3"": [""2.39"", ""3.50"", ""6.36"", ""8.47""], ""-2"": [""3.50"", ""3.54"", ""5.61"", ""6.33"", ""6.36"", ""6.37""], ""-1"": [""6.29"", ""6.33"", ""8.47"", ""8.48"", ""8.49""]}",3426.177734375,0.7272727272727273,B,354,True,True,False
NPY1R,decoy,boltz,25.885566156092384,20.898301910609472,28.188346544453402,64.0,73.10699996948242,8.122464454202204,12.053198772097485,0.32,50,6.920032835608514,8.350641075929438,15.270673911537951,6.0,27.0,12.0,"{""-5"": [], ""-4"": [], ""-3"": [], ""-2"": [], ""-1"": []}",2351.8662109375,0.9090909090909092,B,354,False,False,False
NPY1R,decoy,chai,72.56514831392334,70.21524520895747,74.56409926211016,37.0,70.4824893002283,6.687197066181483,12.35742411644001,0.0,50,6.8203895783158925,8.475756839362491,15.296146417678385,12.0,8.0,16.0,"{""-5"": [], ""-4"": [], ""-3"": [], ""-2"": [], ""-1"": []}",1986.091796875,0.5454545454545454,B,354,False,False,False
NPY1R,decoy,of3,72.19418650918203,68.4097069430587,74.83962123109198,23.5,66.74779804080768,12.651378896840612,12.057378590919253,0.04,50,6.78467136913189,8.253116319783762,15.037787688915651,5.0,9.0,14.0,"{""-5"": [], ""-4"": [], ""-3"": [], ""-2"": [], ""-1"": []}",1373.14453125,0.5454545454545454,B,354,False,False,False
NPY1R,decoy,protenix,16.404761008595127,15.4940871329165,82.25222343953443,94.0,66.12767110182266,12.118261797426033,12.52772831485133,0.06,50,6.905955907970962,8.482944644215642,15.388900552186604,26.0,15.0,59.0,"{""-5"": [""2.37""], ""-4"": [""2.37"", ""2.39"", ""2.40"", ""3.49"", ""3.50"", ""3.53"", ""7.53""], ""-3"": [""2.37"", ""2.39"", ""2.40"", ""2.43"", ""3.50"", ""6.33"", ""6.36"", ""6.37"", ""7.53"", ""8.47"", ""8.48"", ""8.49""], ""-2"": [""6.29"", ""6.32"", ""6.33"", ""8.47"", ""8.49""], ""-1"": [""12.49"", ""12.50"", ""8.49""]}",2292.345703125,0.4545454545454545,B,354,False,True,True
NPY1R,shuffled,boltz,13.312071696810936,12.916642207557507,13.695611662038738,85.0,79.06312446594238,4.038377361019233,17.783612375328264,0.98,50,6.879060192250101,8.925347284481427,15.804407476731528,30.0,35.0,34.0,"{""-5"": [""2.37"", ""3.53"", ""8.47""], ""-4"": [""2.39"", ""3.49"", ""3.50"", ""3.53"", ""3.54"", ""8.47""], ""-3"": [""6.32"", ""7.56"", ""8.47"", ""8.48""], ""-2"": [""3.54"", ""6.29"", ""6.32"", ""6.33"", ""6.36"", ""6.37""], ""-1"": [""5.68"", ""6.29"", ""6.32"", ""6.33""]}",2431.876953125,0.7272727272727273,B,394,True,True,False
NPY1R,shuffled,chai,22.06839577812933,17.622762060121126,23.946122422953447,46.0,78.25503994504783,8.189717479984873,11.91425572169374,0.04,50,6.780165779684152,8.341271066210473,15.121436845894625,0.0,23.0,12.0,"{""-5"": [""5.68"", ""6.23"", ""6.26""], ""-4"": [], ""-3"": [""5.64"", ""5.67"", ""5.68"", ""5.73""], ""-2"": [], ""-1"": []}",2188.4423828125,0.7272727272727273,B,394,False,False,False
NPY1R,shuffled,of3,10.976421643649621,9.123808745553767,12.658866843756197,86.5,60.98223864164531,5.165049258044071,17.05668696539034,0.9,50,6.826091909384113,9.258146233058342,16.084238142442455,32.0,37.0,44.0,"{""-5"": [""8.49""], ""-4"": [""2.37"", ""2.39"", ""3.49"", ""3.50"", ""3.53"", ""8.49""], ""-3"": [""6.36"", ""8.47"", ""8.48"", ""8.49""], ""-2"": [""6.36"", ""6.37"", ""6.40"", ""7.52"", ""7.56"", ""8.47"", ""8.48""], ""-1"": [""2.39"", ""2.43"", ""3.46"", ""3.50"", ""3.54"", ""5.58"", ""6.33"", ""6.36"", ""6.37"", ""6.40"", ""7.53""]}",2252.2822265625,0.6363636363636364,B,394,True,True,False
NPY1R,shuffled,protenix,13.010620057886312,12.853689796748041,13.204467175406796,87.5,73.80287424932138,3.930252094392854,17.395928961379983,1.0,50,7.023462854051622,8.985336920367239,16.00879977441886,31.0,32.0,49.0,"{""-5"": [""2.37"", ""2.39"", ""8.47"", ""8.49""], ""-4"": [""2.39"", ""3.49"", ""3.50"", ""3.53"", ""3.54"", ""6.36"", ""8.47""], ""-3"": [""6.32"", ""6.36"", ""7.56"", ""8.47"", ""8.48"", ""8.49""], ""-2"": [""3.50"", ""3.54"", ""5.61"", ""6.29"", ""6.32"", ""6.33"", ""6.36"", ""6.37""], ""-1"": [""5.68"", ""6.29"", ""6.30"", ""6.32"", ""6.33"", ""8.48""]}",2674.923828125,0.7272727272727273,B,394,True,True,False
NPY2R,apo,boltz,,,,,,9.47438166567098,12.122362826073747,0.02,50,7.032241428001457,9.061355786376565,16.093597214378022,,,,,,,,0,False,False,False
NPY2R,apo,chai,,,,,,9.39053850958057,12.02824051321792,0.0,50,6.892646081150548,8.57005355875913,15.462699639909676,,,,,,,,0,False,False,False
NPY2R,apo,of3,,,,,,9.805659050931835,11.660509867186729,0.0,50,6.767760375986764,8.789759042500465,15.55751941848723,,,,,,,,0,False,False,False
NPY2R,apo,protenix,,,,,,9.707297564474075,11.729608722521194,0.0,50,6.897889475725383,8.812966551576448,15.71085602730183,,,,,,,,0,False,False,False
NPY2R,cognate,boltz,12.225567660206949,12.079465911970248,12.415517718998082,76.0,83.66644973754883,3.9605216786070425,17.183622083755246,1.0,50,7.094283425991662,9.228064827454345,16.32234825344601,28.0,37.0,37.0,"{""-5"": [""2.37"", ""2.39"", ""2.40"", ""8.49""], ""-4"": [""2.39"", ""3.49"", ""3.50"", ""3.53"", ""8.47""], ""-3"": [""3.50"", ""6.36"", ""7.52"", ""7.56"", ""8.47""], ""-2"": [""3.50"", ""3.54"", ""5.58"", ""5.61"", ""6.32"", ""6.33"", ""6.36"", ""6.37""], ""-1"": [""6.29"", ""6.33"", ""6.36"", ""7.56"", ""8.47"", ""8.48"", ""8.49""]}",1702.0234375,0.7272727272727273,B,354,True,True,False
NPY2R,cognate,chai,11.683188397641315,11.550708566402207,11.813887952071193,98.0,83.56623890402685,3.5902568507639674,16.58339386219688,1.0,50,6.886218192883522,8.987868768512367,15.87408696139589,29.0,45.0,58.0,"{""-5"": [""2.37"", ""2.39""], ""-4"": [""2.39"", ""3.49"", ""3.50"", ""3.53"", ""3.54""], ""-3"": [""2.39"", ""3.50"", ""6.36"", ""8.47""], ""-2"": [""3.50"", ""3.54"", ""5.61"", ""6.29"", ""6.33"", ""6.36"", ""6.37"", ""8.47""], ""-1"": [""6.25"", ""6.29"", ""6.32"", ""6.33"", ""8.47"", ""8.48"", ""8.49""]}",2255.6103515625,0.7272727272727273,B,354,True,True,False
NPY2R,cognate,of3,11.933679264108342,11.851412193989884,12.118920876929423,95.0,79.72615106760853,6.35108366328905,16.770732211557537,1.0,50,6.950389882293195,9.04471209534788,15.995101977641076,30.0,42.0,48.0,"{""-5"": [""2.37"", ""2.39"", ""2.40""], ""-4"": [""2.39"", ""2.43"", ""3.49"", ""3.50"", ""3.53"", ""3.54""], ""-3"": [""3.50"", ""6.36"", ""7.53"", ""8.47""], ""-2"": [""3.50"", ""3.54"", ""5.61"", ""6.32"", ""6.33"", ""6.36"", ""6.37"", ""8.47""], ""-1"": [""6.29"", ""6.32"", ""6.33"", ""7.56"", ""8.47"", ""8.48""]}",2329.357421875,0.7272727272727273,B,354,True,True,False
NPY2R,cognate,protenix,11.606047380978975,11.528469293461498,11.658811019667612,96.0,85.41539820810073,3.964417568471542,16.83338170753845,1.0,50,7.123330856219502,8.913175618716076,16.036506474935578,29.0,34.0,48.0,"{""-5"": [""2.37"", ""2.39"", ""2.40"", ""8.47"", ""8.49""], ""-4"": [""2.39"", ""3.50"", ""3.53"", ""3.54"", ""8.47""], ""-3"": [""3.50"", ""6.36"", ""7.56"", ""8.47""], ""-2"": [""3.50"", ""3.54"", ""5.61"", ""6.32"", ""6.33"", ""6.36"", ""6.37""], ""-1"": [""6.29"", ""6.32"", ""6.33"", ""6.36"", ""8.47"", ""8.48""]}",1272.65234375,0.7272727272727273,B,354,True,True,False
NPY2R,decoy,boltz,21.221213925435812,20.009550165182695,23.33150278898696,65.0,76.96924991607666,8.266773969130764,15.686150511934498,0.52,50,7.172973709069344,10.52497492227416,17.697948631343507,13.0,3.0,10.0,"{""-5"": [], ""-4"": [], ""-3"": [], ""-2"": [], ""-1"": []}",3090.08984375,0.9090909090909092,B,354,True,False,False
NPY2R,decoy,chai,34.64172194735017,29.21414839282759,39.983262099198335,0.0,73.7524421620025,9.232518299649854,11.983483519971909,0.0,50,6.885927533745908,8.832463472893618,15.718391006639523,0.0,2.0,0.0,"{""-5"": [], ""-4"": [], ""-3"": [], ""-2"": [], ""-1"": []}",1731.3642578125,0.9090909090909092,B,354,False,False,False
NPY2R,decoy,of3,69.37555078824298,60.010104962012875,75.94193605963174,30.5,66.1431598727218,9.566908429358207,11.67383782179606,0.16,50,6.952910610069106,8.71765316879768,15.670563778866786,18.0,9.0,32.0,"{""-5"": [], ""-4"": [], ""-3"": [], ""-2"": [], ""-1"": []}",2167.578125,0.9090909090909092,B,354,False,False,False
NPY2R,decoy,protenix,69.30487676721395,65.84009034068234,72.96499294817869,32.0,67.46102194968068,9.554594773318843,11.781760182433528,0.0,50,6.985475207943529,9.071887379014909,16.057362586958437,14.0,4.0,15.0,"{""-5"": [], ""-4"": [], ""-3"": [], ""-2"": [], ""-1"": []}",2085.1865234375,0.9090909090909092,B,354,False,False,False
NPY2R,shuffled,boltz,12.977112803868435,12.825180361817567,13.22336791899219,83.5,73.5251259803772,3.8997949971575983,17.531867457062162,1.0,50,6.990902135833402,9.46913981196286,16.460041947796263,26.0,28.0,34.0,"{""-5"": [""2.39"", ""8.47"", ""8.49""], ""-4"": [""2.39"", ""3.49"", ""3.50"", ""3.53"", ""3.54"", ""6.36"", ""8.47""], ""-3"": [""6.33"", ""6.36"", ""7.56"", ""8.47"", ""8.48""], ""-2"": [""3.54"", ""5.61"", ""5.65"", ""6.29"", ""6.30"", ""6.33"", ""6.36"", ""6.37""], ""-1"": [""6.26"", ""6.29"", ""6.33""]}",2040.37890625,0.7272727272727273,B,394,True,True,False
NPY2R,shuffled,chai,23.733299184392223,22.6111135130745,26.217893706124777,4.0,78.09664612791067,9.569380107422184,11.794362931586065,0.02,50,6.879887353728984,8.796212082481869,15.676099436210851,0.0,0.0,0.0,"{""-5"": [], ""-4"": [], ""-3"": [], ""-2"": [], ""-1"": []}",1511.5869140625,0.7272727272727273,B,394,False,False,False
NPY2R,shuffled,of3,59.10016974055084,43.20053104760457,78.11313441269421,32.5,55.89933956698938,9.727169613890636,11.594794569234836,0.16,50,6.842656787460674,8.750403396972695,15.59306018443337,0.0,0.0,0.0,"{""-5"": [], ""-4"": [""45.51""], ""-3"": [""7.31""], ""-2"": [""2.64"", ""2.68"", ""45.50"", ""45.51"", ""7.32""], ""-1"": [""7.31"", ""7.32""]}",2205.8662109375,0.7272727272727273,B,394,False,False,False
NPY2R,shuffled,protenix,13.246739345443693,13.070792783188386,13.476762126631478,82.0,74.00931342006245,3.769848616788683,16.912612100738727,1.0,50,7.220901559973429,8.858265655850058,16.07916721582349,23.0,36.0,26.0,"{""-5"": [""2.37"", ""2.39"", ""8.47"", ""8.49""], ""-4"": [""2.39"", ""3.49"", ""3.50"", ""3.53"", ""3.54"", ""6.36""], ""-3"": [""6.29"", ""6.32"", ""6.33"", ""6.36"", ""7.56"", ""8.47"", ""8.48"", ""8.49""], ""-2"": [""3.54"", ""5.61"", ""5.65"", ""6.29"", ""6.30"", ""6.33"", ""6.36"", ""6.37""], ""-1"": [""5.65"", ""5.68"", ""5.70"", ""6.26"", ""6.29"", ""6.33""]}",1151.50390625,0.7272727272727273,B,394,True,True,False
OPRD,apo,boltz,,,,,,16.68520299139768,11.819377107944295,0.0,50,6.701273270334526,8.170278152853793,14.871551423188318,,,,,,,,0,False,False,False
OPRD,apo,chai,,,,,,11.35351376816658,11.743562810954945,0.0,50,6.683468934617711,8.18662470130395,14.87009363592166,,,,,,,,0,False,False,False
OPRD,apo,of3,,,,,,11.281038995117278,11.802394761987745,0.14,50,6.718957407644361,7.957670122241024,14.676627529885383,,,,,,,,0,False,False,False
OPRD,apo,protenix,,,,,,11.390746220204171,11.752455889909442,0.0,50,6.84492915297705,8.102137578758398,14.947066731735449,,,,,,,,0,False,False,False
OPRD,cognate,boltz,11.951296472357033,11.846311250534884,12.0880644291311,50.5,85.11182489395142,4.810621839148615,17.357479752911978,0.98,50,7.003789141279171,8.73554745115611,15.73933659243528,21.0,14.0,27.0,"{""-5"": [""2.37"", ""2.39"", ""34.57"", ""8.49""], ""-4"": [""2.39"", ""3.49"", ""3.50"", ""3.53"", ""34.57"", ""8.47"", ""8.49""], ""-3"": [""7.56"", ""8.47"", ""8.48"", ""8.49""], ""-2"": [""3.50"", ""5.61"", ""6.32"", ""6.33"", ""6.36"", ""8.48""], ""-1"": [""6.29"", ""6.32"", ""6.33"", ""8.48""]}",2347.0751953125,0.7272727272727273,B,354,True,True,False
OPRD,cognate,chai,11.97587933636213,11.881617515453893,12.061749742862093,44.0,86.38075249958865,4.57411789133656,17.562530767585983,1.0,50,7.1539244474623835,9.377954147893876,16.53187859535626,23.0,14.0,25.0,"{""-5"": [""2.37"", ""2.39"", ""34.57"", ""8.47""], ""-4"": [""2.39"", ""3.49"", ""3.50"", ""3.53"", ""34.57"", ""8.47""], ""-3"": [""6.36"", ""8.47""], ""-2"": [""3.50"", ""5.61"", ""6.32"", ""6.33"", ""6.36""], ""-1"": [""6.29"", ""6.32"", ""6.33"", ""6.36""]}",2088.6376953125,0.7272727272727273,B,354,True,True,False
OPRD,cognate,of3,11.890777751439007,11.84060592581935,11.953346003864128,47.0,78.95767543539512,4.961965393954768,17.32318788719902,0.98,50,6.830472928651967,9.153855240757489,15.984328169409457,23.0,15.0,31.0,"{""-5"": [""2.37"", ""2.39"", ""34.57"", ""8.47"", ""8.49""], ""-4"": [""2.39"", ""3.49"", ""3.50"", ""3.53"", ""34.57"", ""8.47""], ""-3"": [""6.36"", ""7.56"", ""8.47"", ""8.48""], ""-2"": [""3.50"", ""5.61"", ""6.33"", ""6.36"", ""6.37""], ""-1"": [""6.29"", ""6.33"", ""8.48""]}",1686.78125,0.7272727272727273,B,354,True,True,False
OPRD,cognate,protenix,11.838394336487475,11.748959335941649,11.925110895712665,51.0,84.64003138687359,4.422316023229799,17.36463928331799,1.0,50,7.098045546267035,8.847612442580118,15.945657988847152,20.0,14.0,35.0,"{""-5"": [""2.37"", ""2.39"", ""34.57"", ""8.47"", ""8.49""], ""-4"": [""2.39"", ""3.49"", ""3.50"", ""3.53"", ""34.57"", ""8.47""], ""-3"": [""6.36"", ""7.56"", ""8.47"", ""8.48"", ""8.49""], ""-2"": [""3.50"", ""5.61"", ""6.32"", ""6.33"", ""6.36""], ""-1"": [""6.29"", ""6.32"", ""6.33"", ""8.48""]}",1643.142578125,0.7272727272727273,B,354,True,True,False
OPRD,decoy,boltz,13.970235962713122,12.360923493736006,15.703070040703619,51.5,73.91902542114258,10.090517772630271,14.377613030388316,0.46,50,6.768885156848208,7.819019498958932,14.58790465580714,33.0,1.0,54.0,"{""-5"": [""2.37"", ""2.39"", ""2.40"", ""3.50"", ""34.57"", ""8.47"", ""8.48"", ""8.49""], ""-4"": [""2.39"", ""2.43"", ""3.46"", ""3.50"", ""6.33"", ""6.36"", ""6.37"", ""7.56"", ""8.47""], ""-3"": [""6.33"", ""6.36"", ""7.56"", ""8.48""], ""-2"": [""6.32"", ""6.35"", ""6.36""], ""-1"": [""6.32"", ""6.36"", ""7.55"", ""7.56"", ""8.48"", ""8.51""]}",2739.16796875,0.4545454545454545,B,354,False,True,True
OPRD,decoy,chai,15.542420628898512,15.349455833669255,16.051168320033177,39.0,75.40064484029277,4.8308604536087785,17.54059487637159,1.0,50,6.986031849340511,9.047752980712945,16.033784830053456,21.0,7.0,19.0,"{""-5"": [""2.39"", ""8.47""], ""-4"": [""2.39"", ""3.49"", ""3.50"", ""3.53"", ""3.54"", ""34.57"", ""6.36""], ""-3"": [""6.32"", ""6.33"", ""6.36""], ""-2"": [""7.56"", ""8.47"", ""8.48""], ""-1"": [""8.47""]}",1848.90234375,0.8181818181818182,B,354,True,True,False
OPRD,decoy,of3,12.675880288120124,10.673490373036913,13.895007898012377,41.0,62.760918960736426,11.451754745907055,13.50140675682823,0.22,50,6.727786892327448,8.110996819127742,14.83878371145519,12.0,8.0,39.0,"{""-5"": [], ""-4"": [], ""-3"": [""2.37"", ""2.38"", ""34.57""], ""-2"": [""2.37"", ""8.49""], ""-1"": [""2.37"", ""2.39"", ""2.40"", ""3.50"", ""34.57"", ""6.33"", ""8.47"", ""8.49""]}",1746.130859375,0.8181818181818182,B,354,False,True,True
OPRD,decoy,protenix,15.456226861848021,15.18418376883033,16.06105096475747,53.0,76.14266100785431,4.517401977482694,17.596389484366938,1.0,50,7.075180873648366,9.026978186164774,16.10215905981314,21.0,8.0,37.0,"{""-5"": [""2.39"", ""8.47"", ""8.49""], ""-4"": [""2.39"", ""3.49"", ""3.50"", ""3.53"", ""34.57"", ""6.36"", ""8.47""], ""-3"": [""6.32"", ""6.33"", ""6.36"", ""7.56""], ""-2"": [""6.32"", ""7.56"", ""8.47"", ""8.48""], ""-1"": [""4.38"", ""4.39"", ""4.40"", ""4.41"", ""4.42"", ""4.43"", ""4.44"", ""6.29"", ""6.32"", ""6.33"", ""7.56"", ""8.48""]}",1862.9326171875,0.7272727272727273,B,354,True,True,False
OPRD,shuffled,boltz,13.651436648853553,13.299451059313096,14.270016063095142,45.5,82.05345001220704,4.75311500755038,17.90329643659058,1.0,50,6.993299302639637,8.918970779378078,15.912270082017717,19.0,12.0,15.0,"{""-5"": [""2.37"", ""34.57"", ""8.47"", ""8.49""], ""-4"": [""2.39"", ""3.49"", ""3.50"", ""3.53"", ""3.54"", ""34.57"", ""8.47"", ""8.49""], ""-3"": [""8.48"", ""8.49"", ""8.52""], ""-2"": [""6.29"", ""6.33"", ""6.36""], ""-1"": [""6.26"", ""6.29""]}",2025.966796875,0.7272727272727273,B,394,True,True,False
OPRD,shuffled,chai,14.23754762392325,14.02419742678433,14.401335840115774,56.0,78.59999278511664,5.035234333781876,17.990571924117653,1.0,50,7.074273531607328,9.477222588923402,16.55149612053073,21.0,17.0,21.0,"{""-5"": [""34.57""], ""-4"": [""2.39"", ""3.49"", ""3.50"", ""3.53"", ""3.54"", ""34.57""], ""-3"": [""6.32"", ""7.56"", ""8.47"", ""8.48"", ""8.49""], ""-2"": [""5.65"", ""6.25"", ""6.28"", ""6.29"", ""6.32"", ""6.33"", ""6.36""], ""-1"": [""6.28"", ""6.29"", ""6.32""]}",1702.435546875,0.7272727272727273,B,394,True,True,False
OPRD,shuffled,of3,13.399487593996668,10.730916973751818,13.797293152754042,50.5,67.88744516721536,8.066596042918926,17.9259574243274,0.68,50,6.825827308940152,9.08455480494976,15.910382113889913,24.0,14.0,27.0,"{""-5"": [""34.57"", ""8.47"", ""8.49""], ""-4"": [""2.39"", ""3.49"", ""3.50"", ""3.53"", ""3.54"", ""34.57""], ""-3"": [""6.32"", ""7.56"", ""8.47"", ""8.48"", ""8.49"", ""8.50"", ""8.52""], ""-2"": [""5.61"", ""6.28"", ""6.29"", ""6.32"", ""6.33"", ""6.36""], ""-1"": [""6.25"", ""6.29"", ""6.32""]}",1702.6640625,0.7272727272727273,B,394,True,True,False
OPRD,shuffled,protenix,13.375120671843423,13.12577436339932,13.47475908398797,46.0,77.78174149411065,4.43678303651363,17.594553667857827,1.0,50,7.095347508043494,8.8997614716649,15.995108979708396,24.0,15.0,21.0,"{""-5"": [""2.39"", ""34.57"", ""8.47""], ""-4"": [""2.39"", ""3.46"", ""3.49"", ""3.50"", ""3.53"", ""34.57"", ""6.36""], ""-3"": [""6.32"", ""6.36"", ""7.53"", ""7.54"", ""7.55"", ""7.56"", ""8.47"", ""8.48"", ""8.49"", ""8.50""], ""-2"": [""3.50"", ""5.61"", ""6.29"", ""6.32"", ""6.33"", ""6.36""], ""-1"": [""6.29"", ""6.32"", ""6.33""]}",1348.1162109375,0.7272727272727273,B,394,True,True,False
OPRK,apo,boltz,,,,,,11.21382237188851,11.589487928417743,0.06,50,6.930910069016911,8.678568053279296,15.609478122296206,,,,,,,,0,False,False,False
OPRK,apo,chai,,,,,,5.662309364810362,16.653936857548047,0.78,50,6.976307691035423,9.561616704302676,16.537924395338102,,,,,,,,0,True,False,False
OPRK,apo,of3,,,,,,11.27704424848099,11.675433546725042,0.0,50,6.713771298017109,8.225931216063593,14.939702514080702,,,,,,,,0,False,False,False
OPRK,apo,protenix,,,,,,11.068123518479393,11.693906858177034,0.0,50,6.82014957761083,8.32427545273204,15.14442503034287,,,,,,,,0,False,False,False
OPRK,cognate,boltz,11.839509603438334,11.76380981926265,11.922014228944008,56.0,90.58267478942871,4.189651011023419,17.20357497791925,1.0,50,7.199599185961675,9.229627857351565,16.429227043313237,22.0,12.0,22.0,"{""-5"": [""2.39"", ""34.57"", ""8.47"", ""8.49""], ""-4"": [""2.39"", ""3.49"", ""3.50"", ""3.53"", ""34.57"", ""8.47"", ""8.49""], ""-3"": [""6.36"", ""7.56"", ""8.47"", ""8.48"", ""8.49""], ""-2"": [""3.50"", ""5.61"", ""6.33"", ""6.36"", ""6.37"", ""8.48""], ""-1"": [""6.29"", ""6.33"", ""8.48""]}",2305.63671875,0.7272727272727273,B,354,True,True,False
OPRK,cognate,chai,12.108827276188183,11.997032883650185,12.201606648673883,51.5,87.26426047032015,4.365147301288321,17.217087941126586,1.0,50,7.17778977123181,9.230548683583224,16.40833845481503,22.0,13.0,30.0,"{""-5"": [""2.37"", ""2.39"", ""34.57"", ""8.47"", ""8.49""], ""-4"": [""2.39"", ""3.49"", ""3.50"", ""3.53"", ""34.57"", ""8.47""], ""-3"": [""6.36"", ""7.56"", ""8.47"", ""8.49""], ""-2"": [""3.50"", ""5.61"", ""6.32"", ""6.33"", ""6.36"", ""6.37""], ""-1"": [""6.29"", ""6.32"", ""6.33"", ""8.48""]}",2103.1640625,0.7272727272727273,B,354,True,True,False
OPRK,cognate,of3,11.871111169952133,11.779035957765666,11.962615172673571,54.5,79.47567373041811,5.277641815860646,17.339371553364956,0.94,50,6.903157177511966,9.387214497279809,16.290371674791775,22.0,15.0,31.0,"{""-5"": [""2.37"", ""2.39"", ""2.40"", ""34.57"", ""8.47""], ""-4"": [""2.39"", ""3.49"", ""3.50"", ""3.53"", ""34.57"", ""8.47""], ""-3"": [""6.36"", ""7.56"", ""8.47""], ""-2"": [""3.50"", ""5.61"", ""6.33"", ""6.36"", ""6.37""], ""-1"": [""6.29"", ""6.33"", ""8.48""]}",1421.9921875,0.7272727272727273,B,354,True,True,False
OPRK,cognate,protenix,11.9133334116439,11.817283736917716,11.982502219565538,54.0,85.75118928221225,4.227691430494693,17.190669176648523,1.0,50,7.090473597695643,9.073871992814205,16.164345590509846,20.0,14.0,34.0,"{""-5"": [""2.37"", ""2.39"", ""34.57"", ""8.47""], ""-4"": [""2.39"", ""3.49"", ""3.50"", ""3.53"", ""34.57"", ""8.47""], ""-3"": [""6.36"", ""7.56"", ""8.47""], ""-2"": [""3.50"", ""5.61"", ""6.33"", ""6.36"", ""6.37""], ""-1"": [""6.29"", ""6.32"", ""6.33"", ""8.48""]}",1596.109375,0.7272727272727273,B,354,True,True,False
OPRK,decoy,boltz,22.77370577955348,18.480416328800974,24.67923411028383,52.5,73.15542497634888,3.9073675643442964,17.153837954133884,1.0,50,7.073485597963709,9.390394180917006,16.463879778880717,8.0,12.0,32.0,"{""-5"": [""34.57"", ""8.48"", ""8.49""], ""-4"": [""8.48"", ""8.49"", ""8.52""], ""-3"": [""8.49"", ""8.52""], ""-2"": [""6.25"", ""8.52""], ""-1"": [""8.52""]}",1692.240234375,0.5454545454545454,B,354,True,False,False
OPRK,decoy,chai,6.014314102593099,5.776914407686108,6.161934739302186,42.0,77.29289344478651,4.361307474852996,16.738745004797835,1.0,50,7.074817594821791,9.544437437586357,16.619255032408148,13.0,12.0,29.0,"{""-5"": [], ""-4"": [""6.29"", ""6.33""], ""-3"": [""6.32"", ""8.47"", ""8.48"", ""8.49""], ""-2"": [""2.37"", ""2.39"", ""34.57"", ""8.47"", ""8.49""], ""-1"": [""2.39"", ""3.50"", ""3.53"", ""3.54"", ""34.57"", ""5.61"", ""6.33""]}",1723.80859375,0.6363636363636364,B,354,True,True,False
OPRK,decoy,of3,16.40458937808213,12.242768139081043,17.70553420396962,44.0,58.00876865588225,11.71950676250238,11.618708151357687,0.08,50,6.706189553097729,8.309053335437211,15.01524288853494,5.0,0.0,23.0,"{""-5"": [], ""-4"": [""2.37""], ""-3"": [""2.37"", ""2.39"", ""3.50"", ""3.53"", ""34.57"", ""6.33"", ""8.49""], ""-2"": [""8.49""], ""-1"": [""12.49"", ""12.50"", ""2.37"", ""8.49""]}",848.20703125,0.9090909090909092,B,354,False,True,True
OPRK,decoy,protenix,7.60603046678137,7.00320209105842,10.019425442115974,60.5,66.34890322830083,7.698927938714034,16.000595092042165,0.78,50,6.898979798221055,9.162913308780524,16.06189310700158,32.0,11.0,55.0,"{""-5"": [""8.49""], ""-4"": [""2.39"", ""2.40"", ""3.50"", ""8.47"", ""8.49""], ""-3"": [""2.37"", ""2.39"", ""3.50"", ""34.57""], ""-2"": [""2.39"", ""2.43"", ""3.46"", ""3.50"", ""6.32"", ""6.33"", ""6.36"", ""7.56"", ""8.47"", ""8.48""], ""-1"": [""2.39"", ""2.43"", ""3.46"", ""3.47"", ""3.50"", ""5.58"", ""5.61"", ""6.36"", ""6.37"", ""6.40"", ""7.53""]}",1434.5244140625,0.6363636363636364,B,354,True,True,False
OPRK,shuffled,boltz,13.51411874828196,13.18542921858595,13.871839921203682,44.5,83.70582504272461,4.206253705627649,17.739033569117836,1.0,50,7.174184724148103,9.250381608393244,16.424566332541346,24.0,18.0,22.0,"{""-5"": [""2.37"", ""2.39"", ""34.57"", ""8.47"", ""8.49""], ""-4"": [""2.39"", ""3.49"", ""3.50"", ""3.53"", ""34.57""], ""-3"": [""8.47"", ""8.48"", ""8.49"", ""8.52""], ""-2"": [""6.29"", ""6.33"", ""6.36""], ""-1"": [""6.26"", ""6.29"", ""6.33""]}",2309.9912109375,0.7272727272727273,B,394,True,True,False
OPRK,shuffled,chai,13.770853272242867,13.59535803731113,13.927292958756842,53.0,77.09998878430494,4.436788019723047,17.6289092699311,1.0,50,7.117104678167942,9.16474085831127,16.28184553647921,23.0,11.0,19.0,"{""-5"": [""34.57"", ""8.47"", ""8.49""], ""-4"": [""2.39"", ""3.49"", ""3.50"", ""3.53"", ""34.57"", ""6.36""], ""-3"": [""6.32"", ""7.56"", ""8.47"", ""8.48"", ""8.49""], ""-2"": [""6.29"", ""6.32"", ""6.33"", ""6.36""], ""-1"": [""6.29"", ""6.32""]}",1866.4716796875,0.7272727272727273,B,394,True,True,False
OPRK,shuffled,of3,10.472934369648144,8.940153758157427,13.326021860201783,54.0,61.14568710408341,9.86117983993658,17.365503240472798,0.36,50,6.72911116970949,9.536656085426694,16.265767255136183,22.0,25.0,29.0,"{""-5"": [""8.49""], ""-4"": [""2.37"", ""2.39"", ""3.53"", ""34.57""], ""-3"": [""6.36"", ""7.56"", ""8.47"", ""8.48"", ""8.49""], ""-2"": [""2.39"", ""2.40"", ""2.43"", ""3.50"", ""6.36"", ""7.53"", ""7.56"", ""8.47""], ""-1"": [""3.50"", ""3.54"", ""5.61"", ""6.33"", ""6.36"", ""6.37""]}",1483.853515625,0.7272727272727273,B,394,False,True,True
OPRK,shuffled,protenix,13.040329095139642,12.888248825308981,13.231052947385017,46.0,77.54623590067868,4.291356379150766,17.438705788387303,1.0,50,7.064893797714057,8.962868273786926,16.027762071500984,22.0,15.0,19.0,"{""-5"": [""34.57"", ""8.47""], ""-4"": [""2.39"", ""3.49"", ""3.50"", ""3.53"", ""34.57"", ""6.36""], ""-3"": [""6.32"", ""6.36"", ""7.54"", ""7.56"", ""8.47"", ""8.48"", ""8.49"", ""8.50""], ""-2"": [""5.61"", ""6.29"", ""6.32"", ""6.33"", ""6.36""], ""-1"": [""6.29"", ""6.32"", ""6.33"", ""6.41"", ""6.42"", ""6.43"", ""6.44"", ""6.45"", ""6.46"", ""6.47"", ""6.48"", ""7.45""]}",1229.80859375,0.7272727272727273,B,394,True,True,False
OPRX,apo,boltz,,,,,,12.043887670973302,11.800353747625893,0.0,50,6.189285564602752,8.565909203756481,14.755194768359232,,,,,,,,0,False,False,False
OPRX,apo,chai,,,,,,11.665114968290176,11.7531680130026,0.0,50,6.657493372133388,8.34938979806309,15.006883170196478,,,,,,,,0,False,False,False
OPRX,apo,of3,,,,,,11.143051027147198,11.844590405158787,0.08,50,6.68359951228565,8.447303624307043,15.130903136592693,,,,,,,,0,False,False,False
OPRX,apo,protenix,,,,,,11.207099001561723,11.771096208908997,0.0,50,6.328712539820968,8.620879613198335,14.949592153019305,,,,,,,,0,False,False,False
OPRX,cognate,boltz,11.807572968996693,11.767093837110188,11.90891251352361,54.0,90.9292751312256,4.955509879451007,17.58792542524158,1.0,50,6.360879749319272,8.94724922686297,15.308128976182244,27.0,15.0,36.0,"{""-5"": [""2.37"", ""2.39"", ""34.57"", ""8.47"", ""8.49""], ""-4"": [""2.39"", ""3.49"", ""3.50"", ""3.53"", ""34.57"", ""8.47"", ""8.49""], ""-3"": [""6.36"", ""7.56"", ""8.47"", ""8.48"", ""8.49""], ""-2"": [""3.50"", ""5.61"", ""6.33"", ""6.36"", ""6.37""], ""-1"": [""6.29"", ""6.33"", ""8.48""]}",2773.2470703125,0.7272727272727273,B,354,True,True,False
OPRX,cognate,chai,12.143452288710737,12.094149103627265,12.235174418400804,51.0,88.58499864075951,4.692500118863938,17.348331056942264,1.0,50,7.162946390976272,9.001610633658846,16.164557024635116,28.0,14.0,23.0,"{""-5"": [""2.37"", ""2.39"", ""34.57"", ""8.47"", ""8.49""], ""-4"": [""2.39"", ""3.49"", ""3.50"", ""3.53"", ""34.57"", ""8.47""], ""-3"": [""6.36"", ""7.56"", ""8.47""], ""-2"": [""3.50"", ""5.61"", ""6.32"", ""6.33"", ""6.36"", ""6.37"", ""8.47""], ""-1"": [""6.29"", ""6.32"", ""6.33"", ""8.48""]}",1211.556640625,0.7272727272727273,B,354,True,True,False
OPRX,cognate,of3,11.9697410601586,11.933832552345242,12.01572531245652,59.0,80.54000189735088,4.887386842283995,17.383010586935715,1.0,50,6.393410615897532,8.840892096036681,15.234302711934212,27.0,14.0,24.0,"{""-5"": [""2.37"", ""2.39"", ""2.40"", ""34.57"", ""8.47""], ""-4"": [""2.39"", ""3.49"", ""3.50"", ""3.53"", ""34.57"", ""8.47""], ""-3"": [""6.36"", ""8.47""], ""-2"": [""3.50"", ""5.61"", ""6.33"", ""6.36"", ""6.37""], ""-1"": [""6.29"", ""6.33"", ""8.48""]}",1609.8603515625,0.7272727272727273,B,354,True,True,False
OPRX,cognate,protenix,12.020271760669793,11.965570527795066,12.120288915646785,54.5,86.71881358228549,4.6479268288808555,17.13221769716153,1.0,50,6.579645074213579,8.935296208929467,15.514941283143044,28.0,12.0,29.0,"{""-5"": [""2.37"", ""2.39"", ""34.57"", ""8.47""], ""-4"": [""2.39"", ""3.49"", ""3.50"", ""3.53"", ""34.57"", ""8.47""], ""-3"": [""6.36"", ""7.56"", ""8.47""], ""-2"": [""3.50"", ""5.61"", ""6.33"", ""6.36"", ""6.37""], ""-1"": [""6.29"", ""6.33"", ""8.48""]}",1325.5498046875,0.7272727272727273,B,354,True,True,False
OPRX,decoy,boltz,27.412867351707824,21.792074222621526,34.12857518947363,36.5,73.02582502365112,12.175271696138005,11.930266632769163,0.0,50,6.134810915121998,8.490289168438258,14.625100083560255,6.0,10.0,33.0,"{""-5"": [""3.53"", ""34.50"", ""6.26"", ""6.27"", ""6.29"", ""6.30"", ""6.33""], ""-4"": [""2.37"", ""6.26"", ""6.29""], ""-3"": [""2.37""], ""-2"": [""2.37"", ""2.38"", ""34.54"", ""34.57""], ""-1"": [""2.37"", ""2.38"", ""2.39"", ""2.40"", ""3.49"", ""3.50"", ""34.57"", ""6.29"", ""6.30"", ""6.33""]}",1839.287109375,0.2727272727272727,B,354,False,False,False
OPRX,decoy,chai,15.595663361135733,14.800200159036518,17.366295655027706,35.0,65.54215760074138,4.619547369370181,16.557589924650195,0.86,50,6.789201794025569,8.869598074321068,15.658799868346636,10.0,15.0,19.0,"{""-5"": [""3.53"", ""34.57""], ""-4"": [""6.32"", ""6.33"", ""8.47"", ""8.49""], ""-3"": [""2.37"", ""2.39"", ""2.40"", ""2.43"", ""3.50"", ""7.53"", ""7.54"", ""8.47"", ""8.49"", ""8.50""], ""-2"": [""12.50"", ""2.40"", ""8.49""], ""-1"": [""12.48"", ""12.49"", ""12.50"", ""8.49"", ""8.53""]}",1226.7314453125,0.2727272727272727,B,354,True,True,False
OPRX,decoy,of3,32.36521246825884,25.386752725917603,36.83657038791827,31.0,66.11274621755359,11.55060821296674,11.832204406332234,0.16,50,6.563637227608447,8.614303135374309,15.177940362982756,7.0,20.0,20.0,"{""-5"": [""8.56"", ""8.59""], ""-4"": [""8.55"", ""8.56""], ""-3"": [], ""-2"": [""8.59""], ""-1"": [""8.55"", ""8.59""]}",1902.9912109375,0.9090909090909092,B,354,False,False,False
OPRX,decoy,protenix,29.616993609527636,28.3834246956268,31.75371932166179,29.0,68.9511398190991,11.198561336461413,11.901598653354974,0.02,50,6.394149158225765,8.571312321567284,14.96546147979305,7.0,21.0,4.0,"{""-5"": [], ""-4"": [], ""-3"": [], ""-2"": [], ""-1"": [""2.42"", ""34.56"", ""4.45""]}",884.6181640625,0.9090909090909092,B,354,False,False,False
OPRX,shuffled,boltz,13.470590203735721,13.259117204236805,13.828677815935503,51.5,87.66765003204347,4.994019954265964,18.349080287488846,1.0,50,6.312272992171678,8.873350962860647,15.185623955032325,25.0,9.0,16.0,"{""-5"": [""2.39"", ""34.57"", ""8.47"", ""8.48"", ""8.49""], ""-4"": [""2.39"", ""3.49"", ""3.50"", ""3.53"", ""34.57"", ""6.36"", ""8.47""], ""-3"": [""6.36"", ""7.56"", ""8.48"", ""8.51""], ""-2"": [""3.54"", ""5.61"", ""5.65"", ""6.29"", ""6.33"", ""6.36""], ""-1"": [""6.29"", ""6.33""]}",2295.61328125,0.7272727272727273,B,394,True,True,False
OPRX,shuffled,chai,14.599829473658772,14.209033887521642,14.925123753942446,53.0,79.3416330272398,4.941464083463154,17.906877499272085,1.0,50,6.994115312174943,8.990510664027935,15.984625976202878,26.0,22.0,17.0,"{""-5"": [""34.57"", ""8.47"", ""8.49""], ""-4"": [""2.39"", ""3.49"", ""3.50"", ""3.53"", ""3.54"", ""34.57"", ""8.47""], ""-3"": [""6.32"", ""8.47"", ""8.48"", ""8.49""], ""-2"": [""6.29"", ""6.32"", ""6.33"", ""6.36""], ""-1"": [""6.25"", ""6.29""]}",1545.3916015625,0.7272727272727273,B,394,True,True,False
OPRX,shuffled,of3,13.567887547594182,10.593056445134321,13.837244855032358,48.0,68.21769445649818,5.737700995546391,18.023365631746127,0.76,50,6.387473094682651,9.042658281004298,15.43013137568695,22.0,16.0,12.0,"{""-5"": [""34.57"", ""8.47"", ""8.49""], ""-4"": [""2.39"", ""3.49"", ""3.50"", ""3.53"", ""3.54"", ""34.57""], ""-3"": [""6.32"", ""7.56"", ""8.47"", ""8.48"", ""8.49""], ""-2"": [""3.54"", ""5.61"", ""6.29"", ""6.33"", ""6.36""], ""-1"": [""6.29"", ""6.32"", ""6.33""]}",1045.330078125,0.7272727272727273,B,394,True,True,False
OPRX,shuffled,protenix,13.355788714525065,13.253663503641299,13.528981036959335,45.0,76.76722933526335,4.758746098624847,17.537887652683146,1.0,50,6.52216620214669,9.103173446275711,15.6253396484224,24.0,17.0,18.0,"{""-5"": [""34.57"", ""8.47""], ""-4"": [""2.39"", ""3.49"", ""3.50"", ""3.53"", ""34.57""], ""-3"": [""6.32"", ""6.36"", ""7.54"", ""7.55"", ""7.56"", ""8.47"", ""8.48"", ""8.49"", ""8.50""], ""-2"": [""3.54"", ""5.61"", ""6.29"", ""6.32"", ""6.33"", ""6.36"", ""6.37""], ""-1"": [""6.29"", ""6.32"", ""6.33""]}",1242.3427734375,0.7272727272727273,B,394,True,True,False
OPSD,apo,boltz,,,,,,13.739464091177517,13.833421861625842,0.3,50,7.569472498463813,7.727148960748719,15.296621459212531,,,,,,,,0,False,False,False
OPSD,apo,chai,,,,,,4.619876621518639,17.44907830787443,0.94,50,7.826672409140426,8.852447006336721,16.679119415477146,,,,,,,,0,True,False,False
OPSD,apo,of3,,,,,,14.12523367805408,12.50386093228076,0.04,50,7.297505994833529,7.725688730042471,15.023194724876,,,,,,,,0,False,False,False
OPSD,apo,protenix,,,,,,14.105842934920698,12.247412292126917,0.0,50,7.374182816632008,7.83704424522402,15.211227061856029,,,,,,,,0,False,False,False
OPSD,cognate,boltz,12.206166822713133,12.146151175259483,12.244706183213715,68.0,90.08782463073732,4.590313067581046,17.53910858014349,1.0,50,8.103870225182533,8.280840654269348,16.38471087945188,25.0,23.0,34.0,"{""-5"": [""2.39"", ""2.40"", ""8.49""], ""-4"": [""2.39"", ""3.50"", ""3.53"", ""3.54"", ""8.47""], ""-3"": [""7.56"", ""8.47"", ""8.48""], ""-2"": [""3.50"", ""5.61"", ""6.32"", ""6.33"", ""6.36"", ""6.40""], ""-1"": [""6.25"", ""6.28"", ""6.29"", ""6.32"", ""6.33""]}",1263.3857421875,0.7272727272727273,B,350,True,True,False
OPSD,cognate,chai,12.104207629236797,12.029963547437315,12.1806191088478,74.0,84.74548249884602,4.677354805705411,17.69816650155207,1.0,50,7.776671653091699,8.814863470298336,16.591535123390035,25.0,20.0,48.0,"{""-5"": [""2.39"", ""2.40"", ""8.49""], ""-4"": [""2.39"", ""3.50"", ""3.53"", ""3.54"", ""8.47""], ""-3"": [""7.56"", ""8.47"", ""8.48""], ""-2"": [""3.50"", ""5.61"", ""6.32"", ""6.33"", ""6.36"", ""6.40""], ""-1"": [""6.25"", ""6.28"", ""6.29"", ""6.32"", ""6.33"", ""8.48""]}",2047.986328125,0.7272727272727273,B,350,True,True,False
OPSD,cognate,of3,12.028623869594256,12.0030723745442,12.085737042985402,77.5,84.45966693526566,4.336099539492744,17.568255861142156,1.0,50,7.76469198163256,8.348938079966995,16.113630061599554,28.0,25.0,50.0,"{""-5"": [""2.37"", ""2.39"", ""2.40"", ""8.49""], ""-4"": [""2.39"", ""3.50"", ""3.53"", ""3.54"", ""8.47""], ""-3"": [""3.50"", ""6.36"", ""7.56"", ""8.47""], ""-2"": [""3.50"", ""5.61"", ""6.32"", ""6.33"", ""6.36"", ""6.40""], ""-1"": [""6.25"", ""6.28"", ""6.29"", ""6.32"", ""6.33"", ""8.48""]}",1289.369140625,0.7272727272727273,B,350,True,True,False
OPSD,cognate,protenix,11.982557212888782,11.932167110572445,12.024915919143801,78.5,86.97849378521825,4.301624374095873,17.46154489844337,1.0,50,8.059434150308025,8.301947574870345,16.36138172517837,24.0,22.0,46.0,"{""-5"": [""2.39"", ""2.40"", ""8.49""], ""-4"": [""2.39"", ""3.50"", ""3.53"", ""3.54"", ""8.47""], ""-3"": [""3.50"", ""6.36"", ""7.56"", ""8.47"", ""8.48""], ""-2"": [""3.50"", ""3.54"", ""5.61"", ""6.32"", ""6.33"", ""6.36"", ""6.37"", ""6.40""], ""-1"": [""6.25"", ""6.28"", ""6.29"", ""6.32"", ""6.33"", ""8.48""]}",1677.5693359375,0.7272727272727273,B,350,True,True,False
OPSD,decoy,boltz,54.17489619420526,46.78083167955289,61.51609351124144,32.5,78.49214973449708,4.560794464034681,17.403517655491207,1.0,50,7.937048422134011,8.255398723798868,16.192447145932878,1.0,17.0,3.0,"{""-5"": [], ""-4"": [], ""-3"": [], ""-2"": [], ""-1"": []}",533.5625,0.9090909090909092,B,350,True,False,False
OPSD,decoy,chai,9.245866225932303,7.9050361193501155,25.956549603432528,51.5,66.52793807634544,4.511302168873685,17.55521291758254,1.0,50,7.717401894420165,8.62923148374176,16.346633378161926,0.0,0.0,4.0,"{""-5"": [], ""-4"": [], ""-3"": [], ""-2"": [""1.59""], ""-1"": [""1.59"", ""1.60"", ""8.56"", ""8.57""]}",1334.65234375,0.8181818181818182,B,350,True,True,False
OPSD,decoy,of3,54.146279601047524,53.58293754973675,54.76545915683469,53.0,69.2092504516859,5.6612524454247435,17.460807415137218,0.8,50,7.90760551806916,7.894811554485509,15.802417072554668,31.0,21.0,11.0,"{""-5"": [], ""-4"": [], ""-3"": [], ""-2"": [], ""-1"": []}",1728.4228515625,0.9090909090909092,B,350,True,False,False
OPSD,decoy,protenix,53.932509452674694,48.34321821825036,56.09666010395129,65.0,71.73518758644101,12.377702903283945,14.997767213164277,0.46,50,7.70710641913684,8.859387141331617,16.566493560468455,16.0,15.0,25.0,"{""-5"": [], ""-4"": [], ""-3"": [], ""-2"": [], ""-1"": []}",1648.9677734375,0.9090909090909092,B,350,False,False,False
OPSD,shuffled,boltz,11.626046475757743,10.523279898510665,13.072077962313763,70.5,69.71427516937256,4.239115329578902,17.51936389069457,1.0,50,8.055128758250858,8.323961774317564,16.37909053256842,39.0,25.0,35.0,"{""-5"": [""2.39"", ""8.47"", ""8.49""], ""-4"": [""2.39"", ""3.46"", ""3.49"", ""3.50"", ""3.53"", ""3.54"", ""8.47""], ""-3"": [""6.32"", ""8.48"", ""8.49""], ""-2"": [""6.32"", ""6.36"", ""7.55"", ""7.56"", ""8.47"", ""8.48"", ""8.51""], ""-1"": [""3.50"", ""5.61"", ""6.32"", ""6.33"", ""6.34"", ""6.35"", ""6.36"", ""6.37"", ""6.40""]}",1457.8173828125,0.6363636363636364,B,394,True,True,False
OPSD,shuffled,chai,13.271441556450776,13.099727737772064,13.364271463144817,64.0,84.72633797376531,4.301351187934307,18.23360581344963,1.0,50,7.7566906603267345,8.751756452278594,16.508447112605328,41.0,17.0,30.0,"{""-5"": [""2.39"", ""8.47""], ""-4"": [""2.39"", ""3.49"", ""3.50"", ""3.53"", ""3.54"", ""8.47""], ""-3"": [""6.36"", ""7.56"", ""8.47"", ""8.48"", ""8.49"", ""8.51""], ""-2"": [""3.50"", ""5.61"", ""6.29"", ""6.32"", ""6.33"", ""6.36"", ""6.37"", ""6.40""], ""-1"": [""6.29"", ""6.32"", ""6.33""]}",1277.583984375,0.7272727272727273,B,394,True,True,False
OPSD,shuffled,of3,12.60455328618919,12.512658909344326,12.659052396403219,76.0,79.85125488959349,4.385624321125629,17.96652560957949,1.0,50,7.890474722074576,8.22343884242581,16.113913564500386,34.0,21.0,27.0,"{""-5"": [""2.39"", ""8.47""], ""-4"": [""2.39"", ""3.46"", ""3.49"", ""3.50"", ""3.53"", ""3.54"", ""34.56""], ""-3"": [""6.36"", ""7.56"", ""8.47"", ""8.48"", ""8.49""], ""-2"": [""3.50"", ""3.54"", ""5.61"", ""6.32"", ""6.33"", ""6.36"", ""6.37"", ""6.40""], ""-1"": [""6.29"", ""6.32"", ""6.33"", ""8.48""]}",1481.5947265625,0.7272727272727273,B,394,True,True,False
OPSD,shuffled,protenix,12.627579465105716,12.526954763132956,12.729528492324711,67.0,79.87344686647171,4.125179671363859,17.666716551619196,1.0,50,7.976284006214738,8.329586792734995,16.305870798949734,35.0,20.0,31.0,"{""-5"": [""2.39"", ""8.47""], ""-4"": [""2.39"", ""3.46"", ""3.49"", ""3.50"", ""3.53"", ""3.54"", ""34.56"", ""8.47""], ""-3"": [""6.36"", ""7.56"", ""8.47"", ""8.48"", ""8.49"", ""8.50""], ""-2"": [""3.50"", ""5.61"", ""6.32"", ""6.33"", ""6.36"", ""6.37"", ""6.40""], ""-1"": [""6.28"", ""6.29"", ""6.30"", ""6.32"", ""6.33"", ""8.48""]}",1568.5634765625,0.7272727272727273,B,394,True,True,False
OX2R,apo,boltz,,,,,,9.734497312390591,12.157814271040568,0.0,50,6.895400304304313,8.696675384542072,15.592075688846386,,,,,,,,0,False,False,False
OX2R,apo,chai,,,,,,9.65560902990525,12.243869642884125,0.0,50,7.043999574105609,8.830800246863248,15.874799820968857,,,,,,,,0,False,False,False
OX2R,apo,of3,,,,,,9.32103099991961,12.151756219098024,0.0,50,6.800322537674543,8.950335120641077,15.75065765831562,,,,,,,,0,False,False,False
OX2R,apo,protenix,,,,,,9.560998752490198,12.031350199533605,0.0,50,7.0767633734510085,8.810024505792642,15.88678787924365,,,,,,,,0,False,False,False
OX2R,cognate,boltz,13.05637705676006,12.974786649575307,13.197317049319567,82.0,86.37379989624023,6.5436604702189625,15.71117169733903,1.0,50,6.723907474118006,8.432323136674732,15.156230610792738,25.0,32.0,47.0,"{""-5"": [""2.37""], ""-4"": [""2.37"", ""2.38"", ""2.39"", ""3.49"", ""3.50"", ""3.53""], ""-3"": [""12.49"", ""2.37"", ""2.40"", ""8.47"", ""8.49"", ""8.50"", ""8.53""], ""-2"": [""3.50"", ""3.54"", ""6.29"", ""6.33"", ""6.36"", ""6.37"", ""8.49""], ""-1"": [""6.29"", ""6.30"", ""6.33"", ""8.49""]}",1487.29296875,0.7272727272727273,B,359,True,True,False
OX2R,cognate,chai,13.140844804575888,12.771466011605957,13.578773240412534,88.0,75.73109586908703,8.559677906700614,15.165181481775639,0.7,50,6.917809190777091,9.321472469518964,16.239281660296054,22.0,34.0,53.0,"{""-5"": [""2.37""], ""-4"": [""2.37"", ""2.39"", ""2.40"", ""3.49"", ""3.50"", ""3.53"", ""3.54"", ""6.33""], ""-3"": [""12.49"", ""12.50"", ""12.51"", ""2.37"", ""2.40"", ""8.47"", ""8.49"", ""8.50""], ""-2"": [""2.39"", ""2.40"", ""2.43"", ""3.50"", ""6.36"", ""7.53"", ""7.56"", ""8.47"", ""8.48"", ""8.50""], ""-1"": [""6.29"", ""6.32"", ""6.33"", ""6.36"", ""7.56"", ""8.47"", ""8.48"", ""8.49""]}",3314.1318359375,0.6363636363636364,B,359,True,True,False
OX2R,cognate,of3,12.869601209113224,12.797334701901873,12.940366006113196,92.5,77.89219024658891,5.998240325794112,16.47489781927223,0.88,50,6.8689350353715675,8.958060192753395,15.826995228124964,23.0,43.0,46.0,"{""-5"": [""2.37"", ""2.39""], ""-4"": [""2.38"", ""2.39"", ""3.49"", ""3.50"", ""3.53""], ""-3"": [""2.37"", ""2.40"", ""7.56"", ""8.47"", ""8.49"", ""8.50""], ""-2"": [""3.50"", ""3.54"", ""6.33"", ""6.37"", ""7.56""], ""-1"": [""6.29"", ""6.33""]}",2840.0166015625,0.7272727272727273,B,359,True,True,False
OX2R,cognate,protenix,12.761236602202437,12.707098072704605,12.85022582260337,89.0,82.56589538898646,3.864660909101339,16.383233606940536,1.0,50,7.067137584464907,8.908856273807094,15.975993858272002,21.0,40.0,50.0,"{""-5"": [""2.37""], ""-4"": [""2.39"", ""3.49"", ""3.50"", ""3.53"", ""34.53""], ""-3"": [""2.40"", ""6.36"", ""7.56"", ""8.47"", ""8.49"", ""8.50""], ""-2"": [""3.50"", ""3.54"", ""6.29"", ""6.33"", ""6.36"", ""6.37""], ""-1"": [""6.29"", ""6.33""]}",1923.259765625,0.7272727272727273,B,359,True,True,False
OX2R,decoy,boltz,14.570754330311798,12.565434389218723,15.638567136429455,93.0,73.08080005645752,7.389002101143955,15.138779718069674,0.8,50,6.658146465240908,8.515490966914356,15.173637432155264,24.0,26.0,60.0,"{""-5"": [""12.49"", ""2.37"", ""8.49""], ""-4"": [""2.37"", ""2.38"", ""2.39"", ""3.49"", ""3.50"", ""34.53"", ""8.49""], ""-3"": [""2.39"", ""2.40"", ""2.43"", ""6.36"", ""7.53"", ""8.47"", ""8.48"", ""8.49"", ""8.50""], ""-2"": [""2.39"", ""3.50"", ""6.33"", ""6.36"", ""6.37"", ""8.47""], ""-1"": [""6.29"", ""6.32"", ""6.33"", ""7.56"", ""8.47"", ""8.48"", ""8.49""]}",4466.8291015625,0.6363636363636364,B,359,True,True,False
OX2R,decoy,chai,42.34556626650722,41.24527435032694,43.0854674579417,7.0,65.04851993388428,9.583386347297505,12.338841148382482,0.0,50,7.009497414223077,8.600380747385548,15.609878161608624,12.0,5.0,23.0,"{""-5"": [""45.51"", ""6.58"", ""7.28"", ""7.31"", ""7.32"", ""7.35""], ""-4"": [""2.64"", ""3.29"", ""4.64"", ""45.50"", ""45.51"", ""6.58"", ""7.39""], ""-3"": [""4.64"", ""45.50"", ""6.58"", ""6.59"", ""7.35"", ""7.39""], ""-2"": [""2.61"", ""23.50"", ""3.28"", ""3.29"", ""3.32"", ""4.64"", ""6.51"", ""7.39"", ""7.43""], ""-1"": [""3.32"", ""3.33"", ""3.36"", ""5.42"", ""6.51"", ""6.52"", ""6.55""]}",2868.330078125,0.2727272727272727,B,359,False,False,False
OX2R,decoy,of3,27.912482279771943,11.68238792515054,62.81210097757557,44.0,54.07426642264295,9.554106592868706,12.103655912232643,0.06,50,6.891409914914117,8.974585147012755,15.865995061926872,0.0,12.0,14.0,"{""-5"": [], ""-4"": [], ""-3"": [], ""-2"": [""6.22"", ""6.25""], ""-1"": []}",1439.564453125,0.3636363636363636,B,359,False,False,False
OX2R,decoy,protenix,13.980802140531058,13.343171644849727,16.435864959228724,87.5,66.86460164023339,7.971422593388704,15.702253291874452,0.88,50,6.943490057654943,9.00334685597756,15.946836913632502,22.0,43.0,44.0,"{""-5"": [""6.29""], ""-4"": [""8.49""], ""-3"": [""2.40"", ""7.56"", ""8.47"", ""8.48"", ""8.49"", ""8.50""], ""-2"": [""6.29"", ""6.32"", ""6.33"", ""6.36"", ""7.56"", ""8.47"", ""8.48""], ""-1"": [""6.25"", ""8.48"", ""8.49""]}",1801.927734375,0.4545454545454545,B,359,True,True,False
OX2R,shuffled,boltz,12.722339861953524,12.528974003273182,13.024844611847419,78.5,87.39542446136474,6.929266116187229,15.345521082859474,0.9,50,6.912805956802201,8.550902118542812,15.463708075345012,29.0,30.0,56.0,"{""-5"": [""12.49"", ""2.37""], ""-4"": [""2.37"", ""2.38"", ""2.39"", ""2.40"", ""3.49"", ""3.50"", ""3.53""], ""-3"": [""12.49"", ""12.50"", ""2.37"", ""2.40"", ""6.36"", ""8.47"", ""8.48"", ""8.49"", ""8.50""], ""-2"": [""3.50"", ""3.54"", ""6.29"", ""6.33"", ""6.36"", ""6.37""], ""-1"": [""6.29"", ""6.30"", ""6.33"", ""8.49""]}",3645.701171875,0.7272727272727273,B,394,True,True,False
OX2R,shuffled,chai,12.716146467005998,12.506373291561447,12.943791483801816,75.0,71.30131622051263,9.339314367188242,12.918381911535562,0.0,50,6.995819537409467,8.901458813026098,15.897278350435563,32.0,21.0,41.0,"{""-5"": [""2.37"", ""3.50""], ""-4"": [""3.50"", ""3.54"", ""6.29"", ""6.30"", ""6.33"", ""6.34"", ""6.37""], ""-3"": [""6.26"", ""6.29"", ""6.33"", ""8.49""], ""-2"": [""12.49"", ""12.50"", ""2.37"", ""2.40"", ""8.49""], ""-1"": [""12.50"", ""2.37"", ""2.39"", ""2.40"", ""2.43"", ""6.33"", ""6.36"", ""8.47"", ""8.48"", ""8.49"", ""8.50""]}",2888.80859375,0.9090909090909092,B,394,False,True,True
OX2R,shuffled,of3,12.924757826667136,11.778123978055497,13.119489963948833,74.0,72.34987640127648,8.411884781201817,16.337779449415876,0.68,50,6.808349460899191,8.903362396541612,15.711711857440802,21.0,42.0,31.0,"{""-5"": [""2.37""], ""-4"": [""2.39"", ""3.49"", ""3.50"", ""3.53"", ""34.53""], ""-3"": [""7.56"", ""8.47"", ""8.48"", ""8.49"", ""8.50""], ""-2"": [""3.50"", ""3.54"", ""6.29"", ""6.33"", ""6.37"", ""7.56""], ""-1"": [""6.26"", ""6.29"", ""6.30"", ""6.33""]}",2128.4697265625,0.7272727272727273,B,394,True,True,False
OX2R,shuffled,protenix,13.06955295780186,12.990881224391295,13.171736445789648,66.0,77.85335089071145,3.9788668012430497,16.35825760868149,1.0,50,6.878015002882245,8.880786183337616,15.75880118621986,23.0,35.0,35.0,"{""-5"": [""2.37""], ""-4"": [""2.39"", ""3.49"", ""3.50"", ""3.53"", ""34.53""], ""-3"": [""7.56"", ""8.47"", ""8.48"", ""8.49"", ""8.50""], ""-2"": [""3.50"", ""3.54"", ""6.29"", ""6.33"", ""6.36"", ""6.37""], ""-1"": [""6.26"", ""6.29"", ""6.30"", ""6.33""]}",2075.392578125,0.7272727272727273,B,394,True,True,False
