citekey,fig_no,form,plot_type,has_defect,"hand-picked or k-of-N example, rule unstated",n or counts not shown,"axis broken, truncated or pinned",axes not comparable across panels,bar or mean standing in for a distribution,"no dispersion, error bar, CI or test",pooled where per-system was needed,two measures on one axis,claim with no quantitative panel,oracle-selected model displayed,failures not shown beside successes,other / uncategorised,hides
abramson2024af3,1A-B,RENDER,structure render,1,1,0,0,0,1,0,0,0,0,0,0,0,"Sample count behind each render not given; accuracy quoted in the caption (LDDT/GDT) has no distribution behind it — these are 2 hand-picked systems standing in front of a 8,856-complex evaluation set"
abramson2024af3,1C,PLOT,bar,1,0,0,0,0,0,0,0,1,0,0,0,0,"**Four different measures share one ""Success (%)"" axis** — % r.m.s.d. < 2 Å, interface LDDT, LDDT and % DockQ > 0.23 are plotted at the same scale, so bar heights are not comparable across sub-panels even though the eye reads them that way. The single ""AF3 2019 cut-off"" ligand bar silently comes fro"
abramson2024af3,1D,SCHEMATIC,schematic,0,0,0,0,0,0,0,0,0,0,0,0,0,—
abramson2024af3,2A-C,SCHEMATIC,schematic,0,0,0,0,0,0,0,0,0,0,0,0,0,—
abramson2024af3,2D,PLOT,line + scatter,1,0,1,1,0,0,0,0,0,0,1,0,0,"**The y-axis starts at 30, not 0**, which magnifies the fine-tuning gains; the curve is on **the evaluation set that also supplies the reported accuracies** (see `oracle_leakage` route 4) and the figure does not say so; no n behind any curve"
abramson2024af3,3A-F,RENDER,structure render,1,0,0,0,0,0,0,0,0,0,0,1,0,Examples were selected with training-set similarity in hand (p4) and the selection rule lives in the unheld Supp. Methods 8.1; no failure examples appear here (they are quarantined to Fig. 5)
abramson2024af3,4A,PLOT,box,1,0,0,0,0,0,0,0,0,0,0,0,1,"Boxes show 5–95% whiskers, so the worst 5% of each band — the cases a confidence-based decision would actually get wrong — are cut off; **no homology filtering** on this set (p5) and the caption does not say so"
abramson2024af3,4B,PLOT,bar (stacked),1,0,0,0,0,0,1,0,0,0,0,0,0,"**The lowest-confidence bar rests on n = 7 clusters** and is drawn at the same visual weight as the n = 481 bar, with no CI; the stacked-to-100% form makes every bar the same height regardless of n"
abramson2024af3,4C,PLOT,box,1,0,0,0,0,0,0,0,0,0,0,0,1,"The measure is **LDDT_to_polymer, chosen because it is ""closely related to how the confidence prediction is trained""** (p9) — a self-consistent pairing the panel does not flag; no homology filtering"
abramson2024af3,4D,RENDER,structure render,1,0,0,0,0,0,0,0,0,0,0,0,1,"No ground-truth overlay, so the reader cannot check the pLDDT colouring against actual error on this example"
abramson2024af3,4E,MATRIX,heatmap,0,0,0,0,0,0,0,0,0,0,0,0,0,—
abramson2024af3,4F,MATRIX,heatmap,1,0,0,0,0,0,0,0,0,0,0,0,1,"Colour scale saturates at 30 Å, so all badly-placed pairs render identically"
abramson2024af3,5A,PLOT,line,1,0,0,0,1,0,0,0,0,0,0,0,0,"Both panels' y-axes start above 0 and **the two panels use different y-ranges** (≈15–65 and 0–40), so the AF3/AF-M gap looks similar in both when it is not; the x-axis stops at 1,000 with the curve still rising, which the text concedes (""keep improving … even at as many as 1,000"")"
abramson2024af3,5B,RENDER,structure render,1,1,0,0,0,0,0,0,0,0,0,0,0,"**The paper's only evidence for three of its four stated limitations is one hand-picked render each**, with no rate attached except the 4.4% chirality figure in the text; 7PEU is shown without a ground-truth overlay"
abramson2024af3,5C,RENDER,structure render,1,0,1,0,0,0,0,0,0,1,0,0,0,"**This is the paper's entire quantitative case for its conformational limitation and it carries no quantitative panel at all** — no inter-domain distance value, no threshold, no count of how many of the 10 apo samples were closed, no confidence values, and n = 1 system. Split from row 5B because `ov"
abramson2024af3,ED1A,RENDER,structure render,1,0,0,0,0,0,0,0,0,1,0,0,0,"No ground truth shown (there is none for a disordered protein), so ""hallucination"" is judged by compactness by eye; 1 protein of 151"
abramson2024af3,ED1B,PLOT,line (ROC),1,0,0,0,0,0,1,0,0,0,0,0,0,"Five of the six curves are near-superimposed in the top-left corner, so only the ablated RASA curve is visually separable; no CI on any AUC"
abramson2024af3,ED2,PLOT,line + scatter,1,0,0,0,0,0,0,0,0,0,0,0,1,Same evaluation-set-as-training-monitor issue as Fig. 2D
abramson2024af3,ED3,RENDER,structure render,1,0,0,0,0,0,0,0,0,0,0,0,1,**Cases selected by the baseline's failure** (route 7 design-level selection); no matching panel of cases where AF3 failed and the baselines did not
abramson2024af3,ED4A-E,PLOT,bar,1,0,0,0,0,0,0,0,0,0,0,0,1,"Panel **c is the anti-memorization control and its bar values are not printed** (only e and d print numbers), so the most reusable result in the figure must be read off pixel heights; the n = 38 low-homology bin has a visibly wide CI that the text never quantifies"
abramson2024af3,ED4F,PLOT,bar,1,0,0,0,0,0,0,0,0,0,0,0,1,"**~12 of 18 checks sit at or near 100% for both methods** (numeric saturation — cross-reference `metric_saturation`), so most of the panel's width carries no information; no CIs drawn on the bars"
abramson2024af3,ED5A,PLOT,bar,1,0,0,0,0,0,0,0,0,0,0,0,1,"Missing bars are annotated as ""No results from AIchemy_RNA"" / ""No results from RoseTTAFold2NA"" for 4 of 10 targets, so **the per-method means are over different target sets**; R1136's score is against ""the closest state"" of multiple ground truths (p10) and the panel does not mark this"
abramson2024af3,ED5B,PLOT,box,1,0,0,0,0,0,0,0,0,0,0,0,1,"Medians are not printed; the caption warns that ""some DNA structures in this set may not be duplexes"" while RF2NA ""was only trained and evaluated on duplexes"" — an acknowledged out-of-regime comparison shown at equal weight"
abramson2024af3,ED5C-D,RENDER,structure render + heatmap,1,0,0,0,0,0,0,0,0,0,0,0,1,"""Note the disordered N-terminus not entirely shown"" — part of the prediction is cropped out of the render"
abramson2024af3,ED6A,PLOT,bar,1,0,1,0,0,0,1,0,0,0,0,0,0,The measure's units are not stated in the caption (the y-axis label is not extractable); the effect is reported as a P value with no effect size in the text
abramson2024af3,ED6B-D,RENDER,structure render,1,1,0,0,0,1,0,0,0,0,0,0,0,Two hand-picked pairs carry the qualitative claim that pLDDT drops when the modification is omitted; no distribution
abramson2024af3,ED7A,PLOT,scatter + line,1,0,1,0,0,0,0,0,0,1,0,0,0,"The two smoothed curves are near-indistinguishable across the whole range, which **is** the result (""very similar dependence"", p5), but the point cloud is drawn in one colour family so the two models' raw points cannot be separated by eye; n never stated"
abramson2024af3,ED7B,PLOT,line,1,0,0,1,0,0,0,0,0,0,0,0,0,"**Two different measures (LDDT and iLDDT) share one y-axis** with the label ""LDDT or iLDDT"", so intra-chain and interface curves are not comparable despite being drawn together; the axis starts at 0 but the curves occupy only the 28–85 band, compressing the one curve that actually moves (antibody, n"
abramson2024af3,ED8,PLOT,bar (stacked),1,0,0,0,0,0,1,0,0,0,0,0,0,"**Full-height bars are drawn on n = 1 and n = 2 clusters** in the bonded-ligand and glycan panels, and empty bands on n = 0, with no CI anywhere — a 100% bar on one cluster reads identically to a 100% bar on 377. This set is also unfiltered for homology (p5)"
abramson2024af3,ED9,PLOT,scatter,1,0,0,0,0,0,0,0,0,0,0,0,1,"Heavy overplotting at 4,182 points with no density encoding; the derived equivalences (0.23 → 23.6, 0.8 → 77.6) are quoted in the caption without a residual or R²"
abramson2024af3,EDT1,SCHEMATIC,table (not a plot),1,0,0,0,0,0,0,0,0,0,0,0,1,"The table is **an image in the PDF and does not extract as text** — it had to be rendered to be read, which is why a corpus quoting AF3's numbers so often quotes Fig. 1c instead. The privilege class (""Holo protein struct. given"", ""Pocket residues specified"") is a `Notes` column that is easy to miss "
aureli2026epath,1,SCHEMATIC,schematic,0,0,0,0,0,0,0,0,0,0,0,0,0,—
aureli2026epath,2–4,PLOT,free-energy surface + line,0,0,0,0,0,0,0,0,0,0,0,0,0,—
aureli2026epath,"S5, S8",unclassified,NOT EXTRACTED,0,0,0,0,0,0,0,0,0,0,0,0,0,—
bret2025boltz2docking,(unnumbered in retrieved text),PLOT,NOT EXTRACTED,0,0,0,0,0,0,0,0,0,0,0,0,0,—
bret2025boltz2docking,(unnumbered),PLOT,NOT EXTRACTED,0,0,0,0,0,0,0,0,0,0,0,0,0,—
bret2025boltz2docking,S6,unclassified,NOT EXTRACTED,0,0,0,0,0,0,0,0,0,0,0,0,0,—
bryant2024cfold,1A,SCHEMATIC,schematic,0,0,0,0,0,0,0,0,0,0,0,0,0,
bryant2024cfold,1B,PLOT,violin with inner box,1,0,0,0,0,0,0,0,0,0,1,0,0,"Shows only the **best** sample per target — ""The best TM-score was selected for each method out of approximately 100 samples"" (caption, p.2) — so the violin is an oracle-selected upper envelope, not the sampling distribution"
bryant2024cfold,1C,MATRIX,heatmap / 2D kernel density,1,0,0,1,0,0,0,0,0,0,0,0,0,"Restricted to the 52 targets that succeeded on **both** states (""Only structures that could be predicted with a TM-score >0.8 for both train and test conformations among the samples taken are displayed"", caption p.2), so the panel cannot show failures; both axes are truncated to 0.6–1.0"
bryant2024cfold,2,RENDER,structure render,1,0,0,0,0,0,0,0,0,1,0,0,0,"Caption carries the class counts (n = 180, m = 62, n = 3) but no quantitative panel; the counts also disagree with the body text on p.3 (63 hinge)"
bryant2024cfold,3A-B,PLOT,scatter,1,0,0,0,0,0,0,0,0,0,0,0,1,"Both panels sit on a near-degenerate independent axis — cosine similarity spans only 0.99825–0.99975, a range of 0.0015, which makes ""no relationship"" hard to distinguish from ""no dynamic range""; the correlation is annotated as R = −0.02 in both legends while the text (p.4) says Spearman R = 0.02"
bryant2024cfold,3C,RENDER,structure render,0,0,0,0,0,0,0,0,0,0,0,0,0,
bryant2024cfold,4A,PLOT,scatter + line,1,0,0,1,0,0,0,0,0,0,0,0,0,"Independent axis starts at 0.2 (the dataset inclusion cutoff) and dependent axis at 0.4 — the truncation is by construction but not labelled as such; the running-average line is drawn with no band or per-bin n, and thins to very few points above 0.45"
bryant2024cfold,4B,PLOT,strip plot,1,0,0,0,0,0,1,0,0,0,0,0,0,"The fold-switch column contains a **single point** and no summary statistic, n or error is drawn on any column, yet the caption asserts ""The hinge motions are less accurately predicted than the rearrangements and fold switches"" — a three-group claim resting on n = 1 in one group"
bryant2024cfold,5A,PLOT,scatter,1,0,1,0,0,0,0,0,0,0,0,0,0,Per-panel n never stated in caption or legend
bryant2024cfold,5B,PLOT,scatter,1,0,0,1,0,0,0,0,0,0,0,0,0,Same 52-structure survivor restriction and 0.6–1.0 axis truncation as 1C; failures are outside the plotted range by construction
bryant2024cfold,5C,RENDER,structure render,1,1,0,0,0,0,0,0,0,0,0,0,0,"Systems are hand-picked exemplars out of 52; no criterion for their selection is given. Panel labels 1L5T/1BKA and 1IGV/4ICB do not both match the body text, which cites 1L5T/2BKA (p.5)"
bryant2024cfold,6,SCHEMATIC,schematic,1,0,0,0,0,0,0,0,0,0,0,0,1,"Caption states ""In total, 245 such sequences were found"" where the abstract, body and Methods partition counts all say 244"
bryant2024cfold,7A-B,PLOT,histogram (bar),1,0,1,1,0,0,0,0,0,0,0,0,0,"Panel b's independent axis terminates exactly at the 0.8 inclusion cutoff with the modal bin adjacent to it — the truncation is the dataset criterion, so the figure cannot show how far the distribution would extend if the cutoff were relaxed; per-panel n not printed"
bryant2024cfold,7C,PLOT,strip plot,1,0,0,0,0,0,1,0,0,0,0,0,0,Fold-switch column holds 3 points; no summary statistic drawn on any column
bryant2024cfold,8,PLOT,line,1,0,0,0,0,0,0,0,0,0,0,0,1,"Curves are EMA-smoothed with no raw trace or band shown; no validation curve is overlaid, so the divergence between falling loss and the degrading structures reported in Fig. 9d is not visible here"
bryant2024cfold,9A-B,PLOT,box,1,0,0,0,0,0,0,0,0,0,0,0,1,"Boxes show quartiles and whiskers only — the caption itself concedes the panels cannot see the failure they discuss: ""Visually, one can see that the network starts to make worse predictions >10,000 training steps, although this is not apparent from the metrics in (a, b, c)"""
bryant2024cfold,9C,PLOT,line + point,1,0,0,0,0,0,1,0,0,0,0,0,0,"Only the point estimate of R is drawn, no confidence interval"
bryant2024cfold,9D,RENDER,structure render,1,1,0,0,0,0,0,0,0,1,0,0,0,Single hand-picked target (3BDL) used to support a claim about overfitting that the aggregate panels (a–c) explicitly do not show; no quantitative panel supports the visual claim
bugrova2026representation,1,PLOT,line (histogram outline),1,0,1,1,0,0,0,0,0,0,0,0,0,"**x-axis truncated at both ends.** The Chai-1 panel carries an in-panel note ""Not shown: 1.59"" — a real prediction excluded from the visible range. Protenix-v1's 0–1 Å tail (65/1000 samples, the paper's most striking single number) is invisible in the main panel and only appears in the appended expa"
bugrova2026representation,2A,PLOT,line (histogram outline),1,0,1,1,0,0,0,0,0,0,0,0,0,"**x-axis truncated.** Boltz-2 panel carries an in-panel note ""Not shown: 0.97 / 0.86"" — two excluded predictions. y-axis capped at 80 counts. No n annotated"
bugrova2026representation,2B,PLOT,scatter (grid of small multiples),1,0,1,0,0,0,0,0,0,0,0,0,0,"Reference bands are drawn as small grey rectangles that in several panels fall entirely outside the plotted point cloud, so the magnitude of the miss is compressed to the panel edge rather than shown. No n annotated"
bugrova2026representation,3A,RENDER,structure render,1,0,1,0,0,0,0,1,0,0,0,0,0,"**All 14 arms are pooled into one undifferentiated yellow point cloud.** The paper's entire result is the difference *between* arms, and this panel shows none of it. No count of overlaid points is given"
bugrova2026representation,3B,MATRIX,heatmap,1,0,1,0,0,0,1,0,0,0,0,0,0,"The three blank Chai-1 cells are left white and unlabelled, indistinguishable from a missing measurement rather than an unrunnable condition. **No significance test, no CI and no n on any cell**, so 0.018 and 0.244 are visually equated as ""green"". Colour-bar tick spacing on the legend is not uniform"
bugrova2026representation,3C,PLOT,scatter (grid of small multiples),1,0,1,0,0,0,0,0,0,0,0,0,0,"PC2 range (−20 to 20 Å) is far narrower than PC1 (−20 to 60 Å) and the aspect ratio is not equal, so spatial spread is visually distorted. The expected D103 amino-group position is **not marked** on this panel (unlike Fig. 4C, which does carry a star), so ""at the expected position"" cannot be checked"
bugrova2026representation,4A,RENDER,structure render,1,0,1,0,0,0,0,1,0,0,0,0,0,"All 14 arms pooled into one point cloud, as in 3A. Many points sit outside the protein entirely, but per-arm attribution is impossible. No count of overlaid points"
bugrova2026representation,4B,MATRIX,heatmap,1,0,1,0,0,0,1,0,0,0,0,0,0,"Same defects as 3B: blank Chai-1 cells unlabelled, no significance test, no CI, no n, non-uniform colour-bar tick spacing"
bugrova2026representation,4C,PLOT,scatter (grid of small multiples),1,0,0,0,0,0,0,0,0,0,0,0,1,"PC2 range (−10 to 20 Å) far narrower than PC1 (−40 to 40 Å) with unequal aspect ratio, so the distance from each cloud to the starred pocket is visually compressed along PC1 and stretched along PC2. The paper's claim that ""none of the algorithms recapitulate this putative binding site"" is left to th"
bugrova2026representation,Table 1,MATRIX,table (not a figure),1,0,0,0,0,1,0,0,0,0,0,0,0,"Chai-1 CCD cells are simply empty with no marker. SDs are given but no distribution shape, so the bimodality the text notes for Protenix-v1 C–O (p7) is invisible here. One value is typeset with a comma decimal separator (""1.469±0,007""), a copy-editing slip"
chai2024chai1,1,SCHEMATIC,schematic,1,0,0,0,0,0,0,0,0,0,0,0,1,"Caption asserts a ""wide variety of optional input features"" but the figure is the only architecture description in the paper — no layer counts, no dimensions, no parameter count anywhere in text or figure"
chai2024chai1,2,PLOT,bar,1,0,0,0,0,1,1,0,0,0,0,0,0,"**Three different metrics are stacked on one ""Success (percent)"" axis** — RMSD < 2 Å, DockQ > 0.23 and Cα-LDDT are not the same quantity and are only comparable by being 0–100. The left panel's series are exclusive (each method appears once, so the ""series"" is really the x-axis there) while the righ"
chai2024chai1,3,RENDER,structure render,1,1,1,0,0,0,0,0,0,1,0,0,0,"The argument is that a benchmark failure is a benchmark artefact, and it is made entirely from three hand-picked renders with **no quantitative panel at all** — no count of how many PoseBusters targets contain crystallization aids, no re-scored success rate with such cases excluded. One RMSD (1.73 Å"
chai2024chai1,4A,PLOT,bar,1,0,1,0,0,1,0,0,0,0,0,0,0,"**n is never given** for the antibody–antigen set, in the caption or the text — the one evaluation set in the paper whose size is unstated. Bars hide distributions; error bars not described in the caption. The three tiers are nested subsets of the same predictions, so the three groups are not indepe"
chai2024chai1,4B,RENDER,structure render,1,1,0,0,0,0,0,0,0,0,0,0,0,"Caption states these are **""Cherry-picked example predictions""** — the authors' own word — and quotes a 0.10 → 0.81 DockQ jump that is by construction the most favourable case available"
chai2024chai1,5A-B,PLOT,box,1,0,1,0,0,0,0,0,0,0,0,0,0,"**No n per bin**, so a bin containing three interfaces looks like one containing three hundred. **No calibration statistic** accompanies the ""well calibrated"" and ""strong discriminator"" claims (p6). The caption also contains a self-contradiction about homology filtering: ""we show results for all int"
chai2024chai1,5C,PLOT,scatter (swarm),1,0,0,0,0,0,0,0,0,0,0,0,1,"**The plotted cloud is a 5% subsample and the caption says so**, so visual density carries no information about how many points sit in each bin; combined with the absent per-bin n this makes the panel unquantified. Ions and bonded ligands are excluded without a count of how many that removed"
chai2024chai1,6,RENDER,structure render,1,1,1,0,0,1,0,0,0,0,0,0,0,"Examples were ""chosen to emphasize potentially therapeutically relevant structures"" (p7) with no stated selection protocol; RMSD values are printed under each panel but there is no distribution, no n, and no comparator — a showcase, not a result"
chai2024chai1,S1A,PLOT,bar,1,0,0,0,0,0,1,0,0,0,0,0,0,"**The whole panel is at ceiling** — every criterion sits at or just below 1.0 for both methods, so 16 of 18 criteria carry no information and the two that do (tetrahedral chirality, volume overlap with proteins) are compressed into the top 12% of the axis. No error bars. Cross-reference `metric_satu"
chai2024chai1,S1B,PLOT,line,1,0,0,0,0,0,0,0,0,0,1,0,0,"Nothing hidden — this is the most honest panel in the paper: it shows the oracle ceiling and the random floor alongside the reported number, and makes the 2 Å threshold's arbitrariness visible. No confidence bands on the curves"
chai2024chai1,S1C,PLOT,box (with outlier points),1,0,1,1,0,0,0,0,0,0,0,0,0,"**No n per bin.** The y-axis is clipped at 20 Å, so any prediction worse than that is silently pulled to the edge or dropped — the caption does not say which"
chai2024chai1,S2,PLOT,bar,1,0,0,0,0,1,1,0,0,0,0,0,0,"**Each panel has its own unlabelled y-scale** (the high-quality panel tops out near 0.35 while the acceptable panel reaches 0.8), so the visual impression of the lead is not comparable across panels. Bars hide distributions; significance shown as unlabelled horizontal bars with no p-values"
chai2024chai1,S3,PLOT,box,1,0,0,0,0,0,1,0,0,0,0,0,0,"**The boxes are bootstrap distributions of the mean, not distributions over targets** (""Boxes indicate the inter-quartile range across 10,000 bootstrap samples""), so the visible spread is sampling error and looks far tighter than the per-target variation. Two different metrics (iLDDT and C1′-LDDT) s"
chakravarty2026statespace,1,SCHEMATIC,schematic,0,0,0,0,0,0,0,0,0,0,0,0,0,*(blank)*
chakravarty2026statespace,2A,SCHEMATIC,schematic,1,0,0,0,0,0,0,0,0,1,0,0,0,"Axes are labelled only ""High energy (low probability)"" / ""Low energy (high probability)"" with **no numeric scale on either axis** — appropriate for a schematic, but it means the depicted population shift is illustrative and carries no magnitude"
chakravarty2026statespace,2B,RENDER,structure render,0,0,0,0,0,0,0,0,0,0,0,0,0,*(blank — the figure is illustrative by design and does not claim a quantitative result)*
chakravarty2026statespace,3,SCHEMATIC,schematic,1,0,0,0,0,0,0,0,0,0,0,0,1,"The stage-3 box displays population labels ""40%"" and ""60%"" on a two-basin cartoon. **These are illustrative numbers with no source, no system and no citation**, drawn in the same visual register as the method lists beside them, which are real. A reader skimming the figure could take them for a repor"
chakravarty2026statespace,4,SCHEMATIC,schematic,0,0,0,0,0,0,0,0,0,0,0,0,0,*(blank)*
chen2026medchem,1A–B,SCHEMATIC,schematic,0,0,0,0,0,0,0,0,0,0,0,0,0,
chen2026medchem,2A,SCHEMATIC,schematic,0,0,0,0,0,0,0,0,0,0,0,0,0,
chen2026medchem,2B,RENDER,structure render,1,0,0,0,0,0,0,0,0,0,0,0,1,"Presented as a mechanistic reference but it is itself an AF3 *prediction*, and no experimental sEH–EET structure is shown alongside it"
chen2026medchem,2C,SCHEMATIC,schematic,0,0,0,0,0,0,0,0,0,0,0,0,0,
chen2026medchem,2D,PLOT,violin,1,0,1,0,0,0,0,0,0,0,0,0,0,"**Dual y-axis in a single panel**: O and P read against the left 0–20 Å axis, V against the right 0–100% axis, so the V violins are drawn in the same visual space as RMSD violins and invite a comparison that is meaningless. **No n stated in the caption** (10 is recoverable only from p44). **AF3 only"
chen2026medchem,3A–F,RENDER,structure render,1,0,0,0,0,0,0,0,0,0,0,0,1,**One of ten models shown with no stated selection rule.** The paired 2D deviation maps use a fixed 0–10 Å colour scale (p46) that saturates for the failed case
chen2026medchem,4A–C,PLOT,violin,1,0,1,0,0,0,0,0,0,0,0,0,0,"**Y-axis of panel A runs 0–~50 Å**, which compresses the 2 Å threshold line and every successful entry onto the baseline — the discriminating region is unreadable. **n not shown.** AF3 only; Boltz-2 in Figure S2 (absent)"
chen2026medchem,4D–G,RENDER,structure render,1,0,1,0,0,0,0,0,0,1,0,0,0,"**This is the paper's entire conformational-state evidence and it carries no quantitative panel at all** — the DFG-in/out and αC-in/out calls are made from coloured helices and hand-drawn arrows, with no dihedral, distance, RMSD or threshold anywhere. One unlabelled model of ten per system. No n"
chen2026medchem,5A,PLOT,violin,1,0,0,0,0,0,0,0,0,1,0,0,0,"Mixed Å and % measures on one panel. Only entry 22 is plotted although the text claims a result ""across both complexes"" (22 and 23) — entry 23 has no panel"
chen2026medchem,5B,RENDER,structure render,1,0,0,0,0,0,0,0,0,0,0,0,1,Single unlabelled model
chen2026medchem,6A,PLOT,violin,0,0,0,0,0,0,0,0,0,0,0,0,0,
chen2026medchem,6B,SCHEMATIC,schematic,1,1,0,0,0,0,0,0,0,0,0,0,0,Ambiguity regions circled by hand; no criterion given for what counts as ambiguous
chen2026medchem,6C,RENDER,structure render,1,0,0,0,0,0,0,0,0,0,0,0,1,Single contour level (1.0σ) shown; no second level to test how the conclusion depends on it
chen2026medchem,7A–C,PLOT,violin,1,0,1,0,0,0,0,0,0,0,0,0,0,"**n = 6 entries carries a whole-modality verdict.** Panels A and B run 0–40 Å and 0–50 Å, flattening the 2 Å and 1.5 Å threshold lines onto the axis. In panel C entries 26, 29, 30 and 31 sit at or near 0% and are hard to separate. **n not shown.** AF3 only; Boltz-2 in Figure S3 (absent)"
chen2026medchem,7D–I,RENDER,structure render,1,0,0,0,0,0,0,0,0,0,0,0,1,Single unlabelled model per system
chen2026medchem,8A–C,PLOT,violin,1,0,1,0,0,0,0,0,0,0,0,0,0,"**n not shown.** The ""6 of 9"" success count in the text (p19) is not marked on the figure. AF3 only; Boltz-2 in Figure S4 (absent)"
chen2026medchem,8D–G,RENDER,structure render,1,0,0,0,0,0,0,0,0,0,0,0,1,Single unlabelled model per system
chen2026medchem,9A–C,PLOT,violin,1,0,1,0,0,0,0,0,0,0,0,0,0,"**The entire PROTAC verdict rests on 2 ternary complexes**, which the figure does not make visible. **n not shown.** AF3 only; Boltz-2 in Figure S5 (absent)"
chen2026medchem,9D–G,RENDER,structure render,1,0,0,0,0,0,0,0,0,0,0,0,1,This dual-alignment device is the paper's cleanest figure idea — it separates binary-pocket recovery from ternary-geometry recovery without needing a new metric
chen2026medchem,10A–C,PLOT,violin,1,0,1,0,0,0,0,0,0,0,0,0,0,"**n = 5 systems (8 scored entities) carries a whole-modality verdict.** Panels A and B run to ~50 Å and ~60 Å, compressing the threshold lines onto the axis. **n not shown.** AF3 only; Boltz-2 in Figure S6 (absent)"
chen2026medchem,10D–K,RENDER,structure render,1,0,0,0,0,0,0,0,0,0,0,0,1,"Predicted and experimental shown **side by side rather than superimposed**, which makes the ternary-geometry deviation — the actual result of this section — impossible to judge from the figure"
chen2026medchem,11A–C,PLOT,violin,1,0,1,0,0,0,0,0,0,1,0,0,0,**The covalent bond-angle result — the section's most specific finding — has no quantitative panel here**; the 130.8°/162.2°/125.8° comparison exists only as text (p26–27) and as a single annotated render in Fig 19E. **n not shown.** AF3 only; Boltz-2 in Figure S7 (absent)
chen2026medchem,11D–I,RENDER,structure render,1,0,0,0,0,0,0,0,0,0,0,0,1,Single unlabelled model per system
chen2026medchem,12A–C,PLOT,violin,1,0,1,0,0,0,0,0,0,1,0,0,0,"**Three violins carry a modality verdict** — one severe failure, one partial, one success, i.e. one case per outcome. **No structural render is shown for the MCT8 fold failure**, although ""the predicted protein architecture was substantially incorrect"" (p28) is the section's main claim, so its centr"
chen2026medchem,13A–C,PLOT,violin,1,0,1,0,0,0,0,0,0,0,0,0,0,"Range spans 1.73–16.73 Å (p31), so panel A's axis must accommodate ~17 Å and the 2 Å line is again near the baseline. **n not shown.** AF3 only; Boltz-2 in Figure S9 (absent)"
chen2026medchem,13D–E,RENDER,structure render,1,0,0,0,0,0,0,0,0,0,0,1,0,"Only the best RNA case (60) gets a render; **no render is shown for the two failures (59 at 16.73 Å, 61 at 10.88 Å)**"
chen2026medchem,13F,SCHEMATIC,schematic,1,0,0,0,0,0,0,0,0,0,0,0,1,Colour scale fixed 0–10 Å (p46)
chen2026medchem,14A–C,PLOT,violin,1,0,1,0,0,0,0,0,0,0,0,0,0,"**Entries 36–40 are plotted in both this figure and Figure 8, so the fragment and PPI classes share five entries** and the two class-level verdicts are not independent. **n not shown.** AF3 only; Boltz-2 in Figure S10 (absent)"
chen2026medchem,14D,RENDER,structure render,1,0,0,0,0,0,0,0,0,0,0,0,1,Three references and one prediction in one image with arrow labels; which of the 10 models is shown is not stated
chen2026medchem,15A–C,PLOT,scatter,1,0,0,0,0,0,1,0,0,0,0,0,0,"**The independent axis is labelled ""PDB ID"" but carries no information** — points are sorted by their own colour bin and then by measure, so the x-position is a rank, not a variable; the plot is a sorted strip chart dressed as a scatter, and the actual predictor (the confidence value) is shown only "
chen2026medchem,16A,PLOT,scatter,1,0,1,0,0,0,0,0,0,0,0,0,0,"**n = 6, and the x-range spans only ~1.1 log units** — the paper says so itself (p36). Every point gets its own marker shape and colour, which reads as six series rather than six observations. The reported correlation is negative (r = −0.4770), i.e. the wrong direction, and this is not stated in the"
chen2026medchem,16B,SCHEMATIC,table,1,0,0,0,0,0,0,0,0,0,0,0,1,The only per-entry numeric table in the entire main text; every other modality's equivalent is in the absent SI
chen2026medchem,17,PLOT,scatter,1,0,0,0,0,0,0,0,0,0,0,0,1,The best-powered arm in the paper. Residual SD 0.63 log units is reported in text (p38) but the caption does not state whether an identity line or a regression line is drawn
chen2026medchem,"18A, 18C–D",RENDER,structure render,1,0,1,0,0,0,0,0,0,1,0,0,0,"**The paper's entire activity-cliff structural evidence.** No RMSD, no distance distribution across the 10 models, no quantitative panel — the single number on the figure is a hand-annotated ""2.0 Å Steric clash"" arrow, and it is not stated whether 2.0 Å is the mean, minimum or a single model's value"
chen2026medchem,18B,SCHEMATIC,schematic,1,0,0,0,0,0,1,0,0,0,0,0,0,"**The affinity result — the one positive finding of the arm — is printed as text on a chemical-structure panel with no error bar, no spread across the 10 predictions, and no experimental value to compare against**"
chen2026medchem,19A–F,RENDER,structure render,1,0,0,0,0,0,0,0,0,0,0,0,1,"**A qualitative catalogue standing in for a frequency measurement**: the paper never reports how often chirality inversion, E/Z error or clash occurs across the 83 complexes, only that each can happen. Three of the six exemplars (1W6K, 4AV4, 7X1T) are **pre-cutoff structures**, used without comment "
chib2025gpcrstates,1,SCHEMATIC,schematic,0,0,0,0,0,0,0,0,0,0,0,0,0,
chib2025gpcrstates,2A-B,PLOT,scatter,1,0,1,0,0,0,0,0,0,1,0,0,0,"**y-axes are not shared and neither starts at zero** — panel a runs 0.25–2.00 Å, panel b runs ~1–6 Å, so the AF3 point cloud *looks* comparable to AF2's when its values are up to three-fold larger; the paper's central AF2-vs-AF3 comparison is exactly what this rescaling obscures. n is not printed on"
chib2025gpcrstates,2C-D,PLOT,scatter,1,0,0,0,0,0,0,0,0,0,0,0,1,"same absent-n and unbalanced-class problems as 2A-B; additionally the points pile up against the hard 0.0 nm floor of an absolute difference at low activity (see `metric_saturation`), and the sign of the H3-H6 error — the direction the inactive-collapse claim depends on — is discarded before plottin"
chib2025gpcrstates,3A-B,PLOT,scatter,1,0,1,0,0,0,0,0,0,1,0,0,0,"**the two colourbars use different, non-overlapping ranges** (AF2 tops out near where AF3 begins), so the same colour means a different deformation in a vs b and the panels cannot be compared by eye — again on the paper's headline comparison. The caption says ""Clusters represent distinct GPCR classe"
chib2025gpcrstates,S1,RENDER,structure render,1,1,0,0,0,0,0,0,0,0,0,0,0,"a single hand-picked receptor, and it is the **best-performing** one in the whole study (p9: ""the adenosine A2A receptor exhibited the lowest deformation values for both AF2 and AF3""), presented as the illustration of the metric with no statement that it is the best case. TM3 and TM6 are not labelle"
chib2025gpcrstates,S2,PLOT,scatter,1,0,0,0,0,0,0,0,0,0,0,0,1,"caption again says ""Clusters correspond to GPCR classes"" while the legend is 16 individual receptors, all Class A. The 16-colour sequential-hue legend is not discriminable — several adjacent entries (drd1/adrb1/opsd/gpr52, cnr1/5ht2b/ntr1) are near-identical greens, so points cannot reliably be assi"
chiesa2025templatebias,1,SCHEMATIC,schematic,0,0,0,0,0,0,0,0,0,0,0,0,0,—
chiesa2025templatebias,3,unclassified,NOT EXTRACTED,0,0,0,0,0,0,0,0,0,0,0,0,0,—
chiesa2025templatebias,(A–D),PLOT,box or bar with error bars,1,0,0,0,0,0,0,1,0,0,0,0,0,Error bars are s.d.; per-protocol distributions pooled across 31 families
chiesa2025templatebias,7,unclassified,NOT EXTRACTED,0,0,0,0,0,0,0,0,0,0,0,0,0,—
chiesa2025templatebias,S1–S2,unclassified,NOT EXTRACTED,0,0,0,0,0,0,0,0,0,0,0,0,0,—
chitsazi2025gpcrdock4,1A,RENDER,structure render,0,0,0,0,0,0,0,0,0,0,0,0,0,
chitsazi2025gpcrdock4,1B,PLOT,bar,1,0,1,0,0,0,0,0,0,0,0,0,0,"The GPR139 and NMUR2 facets have **no filled self-identity bar** because no structure existed — the absence is the panel's key information but is encoded only as a missing bar with no annotation; no n, and the identity values quoted in text (27%, ~35%, ~31%) are readable only approximately off the a"
chitsazi2025gpcrdock4,1C-I,RENDER,structure render,1,0,0,0,0,0,0,0,0,1,0,0,0,No quantitative panel accompanies the induced-fit claim — the magnitude of the rearrangement is asserted visually and never given as an RMSD anywhere in the paper
chitsazi2025gpcrdock4,1J,MATRIX,heatmap,1,0,0,0,0,0,0,0,0,0,0,0,1,"Dot area encodes contact strength on an unlabelled scale — no legend maps dot size to a value, and the underlying continuous strengths (p22) are discretised invisibly; total column count is not stated"
chitsazi2025gpcrdock4,2A-B,PLOT,scatter,1,0,0,0,0,0,0,0,0,0,0,0,1,"The shaded ""experimental"" background is the **2013** high-resolution X-ray pair distribution (p13/p22) plotted behind **2021–2024 cryo-EM** answers, and nothing in the panel says so; the isolines are labelled only in the caption; per-point group identity is not encoded, so a group's five models cann"
chitsazi2025gpcrdock4,2C-D,RENDER,structure render,1,0,0,0,0,0,0,0,0,0,0,0,1,"**1 of 206 and 1 of 198 models shown**, selected by the assessors' own correctness ranking; no second-best or median model is rendered, so the reader sees the ceiling and not the distribution the scatter above actually reports"
chitsazi2025gpcrdock4,3A/C/E,PLOT,scatter,1,0,0,0,0,0,0,0,0,0,1,0,0,"Each panel scores a **different, post-hoc-chosen residue window** (aa 1–8, 21–36, 18–25) yet the three are drawn on visually identical axes and compared directly in the text; the aa 1–5 dynorphin re-analysis that quadruples the OPRK result has no main-text panel at all (Supp. Fig. 6B-C, not held)"
chitsazi2025gpcrdock4,3B/D/F,RENDER,structure render,1,1,0,0,0,0,0,0,0,0,1,0,0,"1 of 175, 1 of 155 and 1 of 152 shown, oracle-selected as in 2C-D"
chitsazi2025gpcrdock4,4A-E,PLOT,line (radar / polar polygon),1,0,0,0,0,0,0,0,0,0,0,0,1,"**Radial rings at 1, 4, 9, 16 Å are a quadratic (r ∝ √RMSD) scale**, unstated anywhere, which visually compresses large loop errors — the 16 Å ECL2 outliers mentioned on p10 sit only ~4× further from centre than the 1 Å ring; ~200 overlaid translucent polygons per panel make the density unreadable a"
chitsazi2025gpcrdock4,"5A,C",PLOT,violin,1,0,1,0,0,0,0,0,0,0,0,0,0,"Per-method n is not printed anywhere on the figure although it varies by more than an order of magnitude (11 APJ homology models vs 106 GPR139 AF-apo models, p11), so a violin built on 11 points is drawn the same width as one built on 106; **""N/A"" text is placed in the PDB column for GPR139 and NMUR"
chitsazi2025gpcrdock4,"5B,D",PLOT,violin,1,0,0,0,0,0,0,0,0,0,0,0,1,"The 2010/2013 model counts are never given, so the historical violins cannot be weighted against the 2021 ones; the rounds used different targets and different numbers of groups, and the only thing held constant is the metric (p22) — the panel invites a like-for-like reading it cannot support; same "
ekstromkelvinius2024discriminator,1,SCHEMATIC,schematic,0,0,0,0,0,0,0,0,0,0,0,0,0,—
ekstromkelvinius2024discriminator,Table 1,unclassified,table,1,0,0,0,0,0,0,0,0,0,0,0,1,"QM9 metrics near ceiling, so differences are small"
ekstromkelvinius2024discriminator,Table 2,unclassified,table,0,0,0,0,0,0,0,0,0,0,0,0,0,—
ekstromkelvinius2024discriminator,Tables 3–8,unclassified,table,0,0,0,0,0,0,0,0,0,0,0,0,0,—
feldman2026alphainterp,1A,PLOT,line,1,0,0,1,0,0,0,0,0,0,0,0,0,"y-axis starts at ~20%, not 0, which visually exaggerates the early gap between the two curves; the two curves are within ~5 points of each other over most of the range yet the difference is called ""saturates faster"" without a number"
feldman2026alphainterp,1B,PLOT,bar,1,0,1,0,0,0,1,0,0,0,0,0,0,No error bars and no resampling estimate for a quantity (a 95%-variance cutoff) that is highly sensitive to sample size and to the stratified split; n per bar not printed
feldman2026alphainterp,1C-D,PLOT,scatter,1,0,0,0,1,0,0,0,0,0,0,0,0,"Panels use **different y-ranges** (A ≈ −20…+20, C_N ≈ −20…+10), so the visual ""weakening"" of the trend is partly an axis effect on top of the real r change (−0.917 → −0.77); pTM colour scales are not shared between panels"
feldman2026alphainterp,1E,PLOT,bar,1,0,1,0,0,0,1,0,1,0,0,0,0,"Plots a **derived difference as a third bar in the same series as the two quantities it is derived from**, which triples the apparent number of independent measurements; only the difference bars carry printed values (0.93 / 1.32 / 1.26 / 0.73), the MSA and no-MSA bars do not; no error bars, no n pri"
feldman2026alphainterp,1F-G,MATRIX,heatmap,1,0,0,0,0,0,1,0,0,0,0,0,0,"**No significance marking or multiple-comparison correction on 60 printed correlations**; p-values are covered only by the blanket statement at p37, verbatim: ""Unless otherwise noted, all statistical tests, correlations, and regression analyses reported are significant at p < 0.05"". Sequence length "
feldman2026alphainterp,1H,MATRIX,heatmap,1,0,1,0,0,0,1,1,0,0,0,0,0,**The paper's only causal result and it hides its own controls.** (i) **The random-unit-vector noise baseline specified in Methods (p31) appears nowhere in this panel or anywhere else** — there is no null row. (ii) The accurate-vs-poor stratification that carries the headline three-fold amplificatio
feldman2026alphainterp,1I-K,MATRIX,heatmap,1,0,1,0,1,0,0,0,0,0,0,0,0,"**The three panels use wildly different colour scales** (shared ~0–0.9, unique-pair ~0–0.2, unique-single ~0–0.03) with no shared reference, so the visual impression that ""pair carries more unique information"" is delivered by the colour maps as much as by the numbers — the actual unique-pair values "
feldman2026alphainterp,1L,PLOT,line,1,0,0,0,0,0,1,0,0,0,0,0,0,"The two live series are within ~0.03 R² of each other at every checkpoint and are plotted with markers large enough to overlap, so the ""context adds little"" conclusion (stated only in Methods, p26) is hard to read off the panel; no error bars; y-axis 0–1 makes all three lines sit in the lower half"
feldman2026alphainterp,1M,MATRIX,heatmap,1,1,0,0,0,0,0,0,0,0,0,0,0,"**A single hand-picked protein (7QR2, ΔTM = 0.76) with no statement of how representative it is** of the 400; the caption reports the ΔTM of this one case as if it were a result. No aggregate version of this panel exists anywhere in the paper"
feldman2026alphainterp,2A-B,MATRIX,heatmap,1,0,1,0,1,0,1,0,0,0,0,0,0,"**Floored metric presented as a finding:** 5 of the 7 columns (A_pair, B_pair and all three single columns) read 0.000–0.036 in every cell of both panels, which is the sole evidence for ""No meaningful drift is observed at Checkpoints A or B"" (p11) — a saturation floor and an absence of signal are no"
feldman2026alphainterp,2C-D,PLOT,scatter,1,0,0,0,0,0,0,0,0,0,0,0,1,"**x-ranges differ between the two panels** (0–0.9 vs 0–0.8) and **y-ranges differ** (~0.1–1.0 vs ~0.1–1.0 but with all no-MSA mass below 0.4), so the two fits are not visually comparable even though the panels are placed side by side to be compared. Heavy overplotting with no transparency or density"
feldman2026alphainterp,2E-F,PLOT,line,1,0,0,0,0,0,0,0,0,0,0,0,1,"**Dual axes with different scalings in each panel** (right axis 0–0.8 in E, ~−0.3–0.4 in F), which is exactly the construction that manufactures apparent ""tracking"" between two unrelated quantities — the crossing point of the two curves in E has no meaning. The no-MSA right axis extends **below zero"
feldman2026alphainterp,2G,PLOT,line,1,0,0,0,0,0,1,0,0,0,0,0,0,"The MSA-condition SD band is ~±0.4 bits wide at 80% while the separation between the two means is ~0.6 bits, so the bands nearly overlap at every point and no test is reported"
feldman2026alphainterp,2H,PLOT,scatter,1,0,1,0,0,0,0,0,0,0,0,0,0,"The headline quantity for this panel — the mean resultant drift-vector length R̄ = 0.901 (p11) — **is not shown**: no drift vectors, no arrows, no directional summary are drawn. The reader is shown a colour gradient and told it means directional convergence. Axis percentages are printed but no n"
feldman2026alphainterp,3A,PLOT,bar,1,0,1,0,0,0,1,0,0,0,0,0,0,"**Ceiling-saturated over half the panel:** at checkpoints A and B all three bars sit at ≈0.95–1.00 in both conditions, so the ""A and B remain comparatively invariant"" reading (p14) is indistinguishable from the metric having no room to move. **y-axis 0–1.0 with all data above 0.7**, compressing ever"
feldman2026alphainterp,3B,MATRIX,heatmap,1,0,1,0,0,0,1,0,0,0,0,0,0,"**The chance level is never stated or drawn** — with 5 groups of 20 in a leave-one-out scheme, chance is ≈19/99 ≈ 0.19, which would make 0.46 (the worst cell) already well above chance and would substantially change how the MSA/no-MSA gap reads. Colour scale runs 0.40–0.70, i.e. **starts far above c"
feldman2026alphainterp,3C,MATRIX,heatmap,1,0,1,0,0,1,1,0,0,0,0,0,0,"Means only — **no distribution, no dispersion, no n behind any cell** (560 pairs, and the two null columns are themselves resample means), for the comparison that carries the paper's central SABmark claim. A 3.13 → 12.80 Å shift is reported without knowing whether it is a uniform shift or a bimodal "
feldman2026alphainterp,3D,PLOT,scatter,1,0,0,1,0,0,0,0,0,0,0,0,0,"Colouring points by **which side of the diagonal they fall on** is tautological — the legend categories are defined by the geometry being displayed, so the colour carries no independent information while looking like a classification result. Both axes truncate at 30 Å with no indication whether any "
feldman2026alphainterp,3E,PLOT,bar,1,0,1,0,0,0,1,0,0,0,0,0,0,"Four bars, no error bars, no n printed, no test — the entire fold-switch ""the model knows something is unusual"" claim rests on this panel plus a single pLDDT pair (77.4 vs 82.3) that has **no panel at all**"
feldman2026alphainterp,3F,PLOT,bar (horizontal waterfall),1,0,0,0,0,0,0,0,0,0,0,0,1,"92 domain labels are printed at a size that is illegible at any normal reproduction scale, so the identity of the 27 domains where removing the MSA *helped* — the most interesting subset in the panel — cannot be recovered. Same data as 3D in a second encoding, which double-counts one comparison acro"
feldman2026alphainterp,4A,PLOT,bar,1,0,1,0,0,0,1,0,0,0,0,0,0,"**The in-panel legend box physically occludes the tops of the Sub 95% and Sub 99% bars**, i.e. two of the fifteen values cannot be read off the figure at all. **No unperturbed full-MSA control bar is drawn**, so the reference the y-values are measured against is absent from its own panel. No error b"
feldman2026alphainterp,4B,PLOT,bar,1,0,1,0,0,0,1,0,0,0,0,0,0,"No error bars, no printed values, no n. Uses a **different condition set from 4A** (this panel has a Control bar, 4A does not), so the two panels immediately above and below one another cannot be read against a common x-axis"
feldman2026alphainterp,4C-D,MATRIX,heatmap,1,0,0,0,1,0,0,0,0,0,0,0,0,"**The two panels use different colour maxima (0.10 for subsampling, 0.25 for shuffling)** while being placed side by side for comparison, so the shuffling panel's larger drift is visually flattened relative to its true 2.5× advantage. Both panels are dominated by 0.000 cells (columns A, B and CN_sin"
feldman2026alphainterp,4E-F,PLOT,bar,1,0,0,0,0,0,1,0,0,0,0,0,0,"45 bars per panel in a 9-colour sequential ramp where adjacent levels are indistinguishable; **the only bar that matters (no-MSA, red) is legible but the other eight are not**, so the claimed invariance across perturbation levels is asserted by an unreadable ramp. No values printed, no error bars. T"
feldman2026alphainterp,5A,PLOT,line,1,0,1,1,0,0,0,0,0,0,0,0,0,"**Both y-axes are truncated** — the TM-score panel starts at ≈0.48 and the pTM panel at ≈0.35, neither at 0 — which magnifies the tier separation that is the panel's entire message. Only **three** depth points (1, 5, 10) are joined by straight lines that imply a continuous trend. The shaded bands ar"
feldman2026alphainterp,5B,PLOT,radar / spider,1,0,0,0,0,0,0,0,0,0,0,0,1,"**A radar chart of five metrics, two of which are monotone transforms of the others' inputs** (`1 − entropy increase` and `1 − C_N cosine distance` alongside pTM and TM-score), so the ""larger enclosed area = better"" heuristic the caption invites double-counts correlated axes. **Enclosed area depends"
feldman2026alphainterp,5C,MATRIX,heatmap,1,0,1,0,0,0,0,0,0,0,0,0,0,"Four metrics with **incompatible directions and units share one colour scale** (0.4–0.9): higher is better for TM-score and pTM, lower is better for cosine distance, and ""entropy delta"" is a normalised uncertainty whose polarity is never stated — so the darkest row (entropy delta, 0.857–0.979) reads"
feldman2026alphainterp,5D,PLOT,bar,1,0,0,0,0,1,1,0,0,0,0,0,0,"**Recall is computed against the full-MSA control prediction, not against experiment** (p37), so every bar measures agreement with AF3's own output; the axis label ""Delta Contact Recall vs No-MSA"" does not say this. x-tick labels are printed at ~4 pt and are illegible at reproduction size. No error "
ferguson2026deorphann,1A,SCHEMATIC,schematic,0,0,0,0,0,0,0,0,0,0,0,0,0,
ferguson2026deorphann,1B,PLOT,bar,1,0,0,1,0,0,0,0,0,0,0,0,0,**x-axis broken twice** (20→40 and 45→60) to accommodate the promiscuous tail; the break makes the 61-agonist outlier look adjacent to the mode
ferguson2026deorphann,1C,RENDER,structure render,1,1,0,0,0,0,0,0,0,1,0,0,0,Two hand-picked complexes stand for 22 035; no quantitative panel accompanies them and no selection criterion is given
ferguson2026deorphann,1D,PLOT,scatter (dot plot),0,0,0,0,0,0,0,0,0,0,0,0,0,
ferguson2026deorphann,1E,PLOT,bar (100% stacked),1,0,1,1,0,0,0,0,0,0,0,0,0,"**y-axis broken and truncated** (jumps from 0 to ~86%, then 86–100), which visually magnifies a 99.8% vs 96.6% difference the text correctly calls non-discriminative; **n not shown on the panel**"
ferguson2026deorphann,1F,PLOT,"scatter (dot plot, log x)",0,0,0,0,0,0,0,0,0,0,0,0,0,
ferguson2026deorphann,2A,SCHEMATIC,schematic,0,0,0,0,0,0,0,0,0,0,0,0,0,
ferguson2026deorphann,2B-C,RENDER,structure render,1,1,0,0,0,0,0,0,0,0,0,0,0,"Two exemplars stand for 22 035 complexes; **B and C have opposite left/right template ordering** (B: ""without (left) and with (right)""; C: ""with (left) and without (right)""), which invites misreading"
ferguson2026deorphann,2D,PLOT,"scatter (dot plot, log x)",0,0,0,0,0,0,0,0,0,0,0,0,0,
ferguson2026deorphann,2E,PLOT,scatter with paired connecting lines,1,0,0,0,1,0,0,0,0,0,0,0,0,The difference sub-panel uses a **second right-hand y-axis on a different scale** in the same frame
ferguson2026deorphann,2F,PLOT,bar,1,0,1,0,0,1,0,0,0,0,0,0,0,"**Two bars hide two distributions of ~457 and ~21 578 paired values**; only mean ± SEM is drawn, so the overlap between the classes — which is what ""preferentially improves agonists"" needs — is invisible; **n not shown**"
ferguson2026deorphann,3A,SCHEMATIC,schematic,0,0,0,0,0,0,0,0,0,0,0,0,0,
ferguson2026deorphann,3B-C,PLOT,scatter (dot plot),1,0,0,0,1,0,0,0,0,0,0,0,0,"y-axes do not share a range between B (0.2–1.0) and C (0.0–0.4), which is correct but makes the two panels look more similar than they are"
ferguson2026deorphann,3D,PLOT,"scatter (dot plot, log x)",0,0,0,0,0,0,0,0,0,0,0,0,0,
ferguson2026deorphann,3E,PLOT,"scatter (dot plot, log x)",0,0,0,0,0,0,0,0,0,0,0,0,0,
ferguson2026deorphann,3F,MATRIX,heatmap,1,0,0,0,0,0,0,0,0,1,0,0,0,"Values readable only as colour; **no numeric table anywhere in the paper**, and the SI holding per-pair data is not bound in"
ferguson2026deorphann,4A,SCHEMATIC,schematic,0,0,0,0,0,0,0,0,0,0,0,0,0,
ferguson2026deorphann,4B,RENDER,structure render,0,0,0,0,0,0,0,0,0,0,0,0,0,
ferguson2026deorphann,4C,SCHEMATIC,schematic,0,0,0,0,0,0,0,0,0,0,0,0,0,
ferguson2026deorphann,4D,PLOT,scatter (dot plot),1,0,0,1,0,0,0,0,0,0,0,0,0,"**y-axis truncated to 0.36–0.46 and does not include zero or the random baseline (0.035)**, which visually inflates a ~0.05 mAP spread into the full panel height"
ferguson2026deorphann,4E,PLOT,"scatter (dot plot, log x)",0,0,0,0,0,0,0,0,0,0,0,0,0,
ferguson2026deorphann,4F,MATRIX,heatmap,1,0,0,0,0,0,0,0,0,1,0,0,0,Column labels are rotated and set at a size that is unreadable at print scale; values are colour-only with no numeric table
ferguson2026deorphann,5A-C,PLOT,"scatter (dot plot, log x)",1,0,0,0,0,0,0,0,0,0,0,0,1,"Panel C's negatives are **synthetic** (ESM-2 dissimilarity, threshold 3.9 fixed on this dataset) and the panel does not say so; the caption calls it an ""augmented"" dataset only"
ferguson2026deorphann,5D,MATRIX,heatmap,1,0,0,0,0,0,0,0,0,1,0,0,0,"82 rotated column labels, unreadable at print scale; colour-only values with no numeric table"
ferguson2026deorphann,6A-C,PLOT,line (sigmoid fit) + point,0,0,0,0,0,0,0,0,0,0,0,0,0,
ferguson2026deorphann,S1A-B,PLOT,bar (histogram),1,0,0,1,0,0,0,0,0,0,0,0,0,"Panel A's **x-axis is broken** between 10 and 20 and again at 25, hiding how isolated the promiscuous tail is"
ferguson2026deorphann,S1C-D,PLOT,line,1,0,0,0,0,0,0,1,0,0,0,0,0,"**These panels carry the paper's most damaging number and it is only in the legend:** PR-AUC 0.09/0.07/0.06 against ROC-AUC 0.77/0.76/0.71. Neither AUC set appears in the main text. Curves are **pooled across all 65 GPCRs**, not per receptor, so they weight promiscuous receptors heavily — the exact "
ferguson2026deorphann,S2A,PLOT,box,1,0,0,0,0,0,0,0,0,0,0,0,1,Colour encodes the same variable as the x-axis and carries no information; a single ~25 outlier stretches the y-axis so ~50 of the ~57 boxes are compressed into a flat band at 0
ferguson2026deorphann,S2B,PLOT,scatter (dot plot),1,0,0,1,0,0,0,0,0,0,0,0,0,"**y-axis truncated to 0.6–0.9**, excluding the 0.5 chance line, which magnifies a ~0.04 AUC difference"
ferguson2026deorphann,S2C-D,PLOT,bar,1,0,1,0,0,0,0,0,0,0,0,0,0,"**n is not reported for any bar** in either panel, in the two panels that carry the specificity controls for the paper's only new wet-lab claim"
georgiou2025heterogeneity,1,RENDER,structure render,1,0,0,0,0,0,0,0,0,0,0,0,1,"The overlay is qualitative only: **no distance, angle or RMSD is annotated on any panel**, although the body text (pp.7, 24) supplies exactly those numbers. A reader taking the state criteria from the figure alone gets no values. Hydrogens omitted (stated)"
georgiou2025heterogeneity,2,SCHEMATIC,schematic,0,0,0,0,0,0,0,0,0,0,0,0,0,
georgiou2025heterogeneity,3,SCHEMATIC,line (drawn energy profile),1,0,0,0,0,0,0,0,0,0,0,0,1,"**Yes, and this is the important one.** The figure is drawn *as if* quantitative — it has a ""Free Energy"" ordinate and an ""Activation (TM6)"" abscissa — but **neither axis carries units, ticks, or a single number**, and no curve is derived from data. The relative well depths, which are what a reader "
georgiou2025heterogeneity,4,SCHEMATIC,schematic,1,0,0,0,0,0,0,0,0,0,0,0,1,"The ionic lock is drawn as a **binary on/off glyph**, which is exactly the simplification the body text (p.3) says is wrong — the same lock state occurs on both sides of the S1/S2 boundary and does not separate inactive from active. The figure and the text disagree in emphasis; the caption is where "
georgiou2025heterogeneity,5,SCHEMATIC,schematic,1,0,0,0,0,0,0,0,0,0,0,0,1,"The caption discloses the key weakness itself and it should be quoted whenever the figure is used: *""the low-FRET β2AR−Gs(GTP) complex was **deduced rather than seen experimentally**""* — one of the seven states shown is an inference, not an observation, and the figure does not distinguish it visuall"
georgiou2025heterogeneity,6,SCHEMATIC,schematic,0,0,0,0,0,0,0,0,0,0,0,0,0,
gilson2025casp16,1,RENDER,structure render,0,0,0,0,0,0,0,0,0,0,0,0,0,
gilson2025casp16,2A-C,PLOT,bar (histogram),1,0,0,0,0,0,0,0,0,0,0,0,1,"n never printed; ""five arbitrarily selected groups"" in C are not named, so the per-group bimodality claim cannot be traced to a group"
gilson2025casp16,"3A, 3C",PLOT,bar,1,0,0,0,0,0,1,0,0,0,0,0,0,"no error bars or bootstrap CIs on any bar, so the 0.69 vs 0.69 tie and the 0.69 vs 0.60 gap cannot be assessed for significance — and the paper's own caveat (p14, ""a challenge based on different targets would undoubtedly have led to a somewhat different ranking"") is not represented anywhere in the f"
gilson2025casp16,3B,PLOT,bar,1,0,0,1,0,0,0,0,0,0,0,0,0,"ten bars pinned at zero are visually indistinguishable, so the bottom third of the field carries no information in this panel; no CIs"
gilson2025casp16,4,PLOT,box,1,0,0,1,0,0,0,0,0,0,0,0,0,"**axis truncation, stated in the caption:** ""The vertical axis limit is set to 14 to focus on the lower-RMSD results and for comparison with prior challenges [14, 15] which used similar axis limits."" RMSD has no upper bound (p5), so every gross failure is clipped and the upper whisker is uninterpret"
gilson2025casp16,5,PLOT,bar (stacked),1,0,0,0,0,0,0,0,1,0,0,0,0,"only the red segment is a central tendency; the blue and black segments are maxima across 34 groups, so total bar height is a best-case envelope and the two are read off the same axis. The across-group distribution behind each red bar — the quantity that would show whether a target is *reliably* pre"
gilson2025casp16,6A-D,PLOT,scatter,1,0,0,0,0,0,0,0,0,0,0,0,1,"R² values (0.1, ~0.1, 0.25, 0.07) are given in the text (p10) but not on the panels; panel D silently changes population from all targets to autotaxin only, which the caption states but the axis does not"
gilson2025casp16,7A-D,PLOT,scatter,1,0,0,0,0,0,0,0,0,1,0,0,0,"**the figure carries the paper's most load-bearing negative — ""this is not the case"" (p10) — with no regression line, no R², and no correlation coefficient of any kind**, in a paper that reports R² for the four weaker correlations in Figure 6. A null asserted from a point cloud by eye. Also, the sim"
gilson2025casp16,8A,PLOT,bar,1,0,0,0,0,0,0,0,0,0,0,0,1,"five bars are labelled with **0 affinities ranked** yet still carry a plotted τ near zero, and what those bars represent is never explained; the bar count (26) does not match the 28 Stage-1 affinity groups stated on p6 and p12; no CIs, on a statistic whose noise floor the paper itself computes elsew"
gilson2025casp16,8B-C,PLOT,line (normalized histogram drawn as a polyline),1,0,0,0,0,0,1,0,0,1,0,0,0,"~6 bins holding 21–28 observations each, so the curve shape is strongly binning-dependent, and the two curves are compared **by eye with no test statistic** for what is one of the paper's two headline conclusions (""knowledge of the structures did not lead to a shift toward greater accuracy"", p14). T"
gilson2025casp16,9,PLOT,bar,1,0,0,0,0,0,0,0,0,0,0,0,1,"mixes a CASP participant result with six assessor-run baselines on one axis without visual distinction, so the striking comparison (MolW 0.37 vs the best participant 0.39) reads as a like-for-like contest between a blind and a non-blind arm; no CIs"
gilson2025casp16,10,PLOT,bar,1,0,0,0,0,0,0,0,1,0,0,0,0,"the bar for GrominhaLab (272) rests on **22** predictions while the rest rest on ~1000–1300, and the axis gives them identical visual weight; the AF3 bar is a non-blind assessor computation placed on the same axis as ten blind participant submissions with no marking; no CIs"
gilson2025casp16,"Table 2 *(a table, not a figure — included because it is the paper's most reusable value matrix)*",MATRIX,heatmap-shaped table (rendered as plain text),1,0,1,0,0,0,0,0,0,0,0,0,0,"the ""All"" column is dominated by autotaxin (189/229), which the footnote states — ""Autotaxin, with 189 targets, dominates the overall averages"" — but the table gives every column equal width, so cathepsin G (n = 2) and autotaxin (n = 189) look equally weighty; **per-column n is not printed in the ta"
heo2022multistate,1A,PLOT,violin,1,0,1,1,0,0,0,0,0,0,0,0,0,"y-axis pinned to 0–4 Å; TBM and AF2-active distributions plainly extend past 4 Å (TBM median is 2.71 Å) and their upper tails are cut, so the worst arm is visually compressed. n is never shown on or under the panels. Medians quoted in the text are not printed on the figure"
heo2022multistate,1B-C,RENDER,structure render,0,0,0,0,0,0,0,0,0,0,0,0,0,
heo2022multistate,2,RENDER,structure render,1,0,0,0,0,0,0,0,0,1,0,0,0,"no quantitative panel at all — the claim ""captured very accurately up to atomistic detail"" (p4) is supported only by superposition and red arrows; no per-atom deviation is reported"
heo2022multistate,3 (density row of each pair),PLOT,bar (histogram),1,0,0,0,0,0,0,0,0,0,0,0,1,"n per histogram not shown; the panels have no letters, so no caption-level way to reference them"
heo2022multistate,3 (scatter row of each pair),PLOT,scatter,1,1,1,0,0,0,0,0,0,0,0,0,0,"the criterion thresholds (pLDDT 90, identity 20%) are drawn on the same data they were chosen from, so the shaded success rate is not an out-of-sample estimate; n per panel not printed"
heo2022multistate,4A,PLOT,bar,1,0,1,0,0,1,0,0,0,0,0,0,0,"bars over a per-complex distribution — the underlying per-target success/failure pattern is never shown; the number of complexes behind each bar is nowhere in the held PDF, so the SE bars cannot be interpreted; the top-3 segment is stacked on top-1 rather than plotted separately"
heo2022multistate,4B-C,RENDER,structure render,1,1,0,0,0,0,0,0,0,0,0,0,0,single hand-picked example; the caption does not say how it was selected from the docking set
heo2022multistate,5A,RENDER,structure render,0,0,0,0,0,0,0,0,0,0,0,0,0,
heo2022multistate,5B-C,RENDER,structure render,0,0,0,0,0,0,0,0,0,0,0,0,0,
hilger2020gcgr,GA,SCHEMATIC,schematic,1,0,0,0,0,0,0,0,0,1,0,0,0,"The barrier symbol is the paper's central *inference*, drawn with the same visual weight as the two measured structures flanking it. No number, no energy scale, no measurement anywhere in the panel"
hilger2020gcgr,1A,RENDER,structure render,1,0,0,0,0,0,0,0,0,0,0,0,1,"No contour level, no scale bar, no local-resolution colouring — the map is shown at one unstated threshold and the resolution claim (3.1 Å) has no visual support in the main text (fig. S2, not held)"
hilger2020gcgr,1B-D,RENDER,structure render,1,0,0,0,0,0,0,0,0,0,0,0,1,"**Yes.** The two headline geometric numbers — 18 Å and 105° — are drawn as arrow annotations with **no statement of which atoms were measured** in the caption. The atom definitions are in the body text (T351<sup>6.42</sup> Cα, p.5; V368–G359–K344, p.3), eight column-inches away, and Fig. 3A then ann"
hilger2020gcgr,2A-C,RENDER,structure render,1,0,0,0,0,0,0,0,0,0,0,0,1,"H-bonds are drawn as dotted lines with **no distance labels and no cut-off criterion stated anywhere** in the caption, the text or the methods"
hilger2020gcgr,2D,PLOT,line (with points),1,0,0,1,0,0,0,0,0,0,0,0,0,"**Yes, mildly.** The x-axis is **broken** — a detached ""0"" tick sits left of a gap before the −12 decade — so the basal point is not on the log scale with the rest. Normalising to ""% of WT"" also means the E<sub>max</sub> deficits of L242A/L395A visible in Fig. 3C are expressed relative to a control "
hilger2020gcgr,3A-B,RENDER,structure render,1,0,0,0,0,0,0,0,0,0,0,0,1,"**Yes.** The **17.4 Å** in panel A and the **18 Å** in Fig. 1B are the same physical displacement measured at two different residues, and neither caption says so; the discrepancy reads as imprecision rather than as two markers. Panel B's ""T351<sup>6.42</sup> Cα as a sphere"" device gives a position b"
hilger2020gcgr,3C,PLOT,line (with points),1,0,0,0,0,0,0,0,0,0,0,0,1,"Same ""% of WT"" normalisation as 2D. Unlike 2D there is no zero-dose point, so the two mutant panels are not directly stackable"
hilger2020gcgr,4A-C,RENDER,structure render,1,0,0,0,0,0,0,0,0,0,0,0,1,"**Yes, and it is the one place a structural claim carries no quantification.** The whole GDP-release explanation rests on A256<sup>ICL2</sup> engaging the hydrophobic pocket ""less efficiently"" than F139<sup>ICL2</sup> — **no buried surface area, no contact count, no distance, and no mutational test "
hilger2020gcgr,5A,RENDER,structure render,1,0,0,0,0,0,0,0,0,0,0,0,1,"The kink-vs-bend contrast — quotes 25 and 27 in `necessity_claims` — is asserted purely visually; no kink angle is given for β<sub>2</sub>AR anywhere, so the 105.5° for GCGR has no printed comparator"
hilger2020gcgr,5B,PLOT,line (with points),1,0,0,0,0,0,1,0,0,0,0,0,0,The GCGR trace is nearly superimposed on the G<sub>s</sub>-only trace over the whole 120 min — which is the result — but no statistic distinguishes them
hilger2020gcgr,5B (inset),PLOT,line (with points),1,0,0,0,1,0,0,0,0,0,0,0,0,"**Yes — the clearest figure defect in the paper.** The two series are plotted on **two different y-axes**: left axis 0–10 GTP min⁻¹ G<sub>s</sub>⁻¹ for β<sub>2</sub>AR, right axis 0.00–0.20 for GCGR. A ~73-fold difference in GEF activity is rendered as two curves of similar height. The real numbers "
hilger2020gcgr,5C + 5E,PLOT,line,1,0,0,0,0,0,0,0,0,0,0,0,1,Neither panel shows error bands despite the caption promising SEM; the traces are dense enough that SEM is invisible at print size
hilger2020gcgr,5D,PLOT,line (with points),1,0,0,1,0,0,0,0,0,0,0,0,0,"The x-axis is **broken/compressed** — dense early points to ~600 s, then a single point at 1800 s plotted on the same linear axis, so the plateau is carried by one measurement per series"
hilger2020gcgr,5F,PLOT,line (with points),1,0,0,0,0,0,0,0,0,0,0,0,1,"**Yes.** Two different ligands on two different concentration axes in one panel: the curves' horizontal positions relative to each other are meaningless, and only the plateau heights (2.0 vs 3.24) carry information. The axes span different decades (glucagon 10⁻¹⁰–10⁻⁶, isoproterenol 10⁻¹⁰–10⁻⁴)"
hilger2020gcgr,6A-B,PLOT,line (density),1,0,1,0,0,0,0,0,0,0,0,0,0,"**Yes, three ways, and one matters for how strongly the null can be read.** (i) **No n and no uncertainty**: unlike every other panel in the paper, the DEER distributions carry no SEM, no confidence band from the Tikhonov/model-free fit, and no replicate count — for a *null* result, the absence of a"
hilger2020gcgr,6C-F,PLOT,line,1,0,0,0,1,0,0,0,0,0,0,0,0,"**Yes, two ways.** (i) **Every panel has a different x-range** (440–500 / 440–500 / 510–580 / 430–500 nm) and different y-ranges, so a 4–5 nm shift in one panel cannot be visually compared with a shift in another — and the whole family A vs family B argument is a comparison of shift magnitudes. (ii)"
hilger2020gcgr,7A,PLOT,scatter (dot plot / strip plot),1,0,1,0,0,0,1,1,0,1,0,0,0,"**Yes.** (i) **n is not stated** — ""Each dot represents data from individual independent experiments"" with no number in the caption or the text. (ii) The reported statistic **pools receptors within a family** and tests family A vs family B by a two-tailed *t* test (P = 0.019) with **n = 5 vs 4 recep"
hilger2020gcgr,7B,PLOT,scatter (dot plot / strip plot),1,0,0,0,0,0,0,0,0,0,0,0,1,"Same missing-n issue as 7A. The Mock column, correctly included, is the only true negative control in the panel and is not commented on in the text"
hilger2020gcgr,8A-B,SCHEMATIC,schematic,1,0,0,0,0,0,0,0,0,0,0,0,1,"The single most-copied image from this paper, and it depicts an **inference** — the closed TM6 in the GCGR intermediate is supported by a *null* DEER result, not by a structure of that state. The cartoon draws it with the same confidence as the two experimentally determined endpoints. Reverse arrows"
hilger2020gcgr,8C,SCHEMATIC,schematic (drawn with axes),1,0,0,0,0,0,0,0,0,1,0,0,0,"**Yes, and this is the panel that carries the paper's headline claim.** It looks like a PLOT — labelled axes, a y-scale marked 0 and 1, four legend entries — but **no energy is measured anywhere in the paper**. The barrier heights, the well depths, and the family A vs family B difference in barrier "
jedryszek2026probing,1A,PLOT,"bar (horizontal, grouped, with 95% CI)",1,0,1,0,0,0,0,0,0,0,0,0,0,Bars carry CIs but no n per concept on the face of the figure; the reader must go to Table S3 (p.17) to learn that signal peptide rests on 22 positive domains in 99 proteins while ss:coil rests on 6561 — a ~300× difference in support drawn at the same visual weight. Fig. S11 (p.14) is the honest ver
jedryszek2026probing,1B-C,MATRIX,heatmap,0,0,0,0,0,0,0,0,0,0,0,0,0,
jedryszek2026probing,2A,PLOT,scatter / strip (categorical),0,0,0,0,0,0,0,0,0,0,0,0,0,
jedryszek2026probing,2B,RENDER,structure render,1,1,0,0,0,0,0,0,0,0,0,0,0,"A single protein stands in for a population effect of +0.039 to +0.061 mean ΔDSSP fraction; the render shows a swing of roughly 0.24 helix fraction, i.e. an unrepresentative and far larger change than the mean. n=1 of 97, and the selection rule is not stated"
jedryszek2026probing,S1,PLOT,bar (grouped),1,0,0,0,0,0,1,0,0,0,0,0,0,"No error bars on any bar, despite a cluster bootstrap being available (A.7, p.9) and used for Fig. S11"
jedryszek2026probing,S2,PLOT,line,0,0,0,0,0,0,0,0,0,0,0,0,0,
jedryszek2026probing,S3,MATRIX,heatmap,0,0,0,0,0,0,0,0,0,0,0,0,0,
jedryszek2026probing,S4,MATRIX,heatmap,1,0,0,0,0,0,0,0,0,0,0,0,1,"Panel 4 encodes a similarity, not an F1, on a colour bar visually identical to the F1 panels; the caption (""(Left) held-out probe-raw F1 ..."") does not mention panel 4 at all"
jedryszek2026probing,S5,MATRIX,heatmap,0,0,0,0,0,0,0,0,0,0,0,0,0,
jedryszek2026probing,S6,PLOT,line,1,0,0,0,0,0,1,1,0,0,0,0,0,"Two means pool concepts with 300×-different label support (Table S3, p.17) into a single curve with no spread shown"
jedryszek2026probing,S7,PLOT,scatter,0,0,0,0,0,0,0,0,0,0,0,0,0,
jedryszek2026probing,S8A,PLOT,scatter,1,0,0,0,0,0,0,0,0,0,0,0,1,"Compares an in-sample statistic against a held-out one on the same axes — which is the figure's point, but the axis labels are the only place it is said"
jedryszek2026probing,S8B,PLOT,"bar (horizontal, ranked)",1,0,0,0,0,0,0,0,0,0,0,0,1,"The rule that turns a bar red (""rare / hard"") is never defined numerically in the caption or text"
jedryszek2026probing,S9,PLOT,scatter,1,0,0,0,0,0,0,0,0,0,0,0,1,The ≈0.98 vs ≈0.82 faithfulness ratios quoted in the caption are not drawn or annotated on the panels
jedryszek2026probing,S10,PLOT,"bar (grouped, hatched, ± sd)",0,0,0,0,0,0,0,0,0,0,0,0,0,
jedryszek2026probing,S11,PLOT,"scatter (Cleveland dot-and-interval, horizontal)",0,0,0,0,0,0,0,0,0,0,0,0,0,
jedryszek2026probing,S12,PLOT,line (with error bars),1,0,0,0,0,0,0,0,0,0,0,0,1,"Caption claims ""pLDDT stays stable"" but no pLDDT is plotted anywhere in the panel; that check exists only as a single number in the text (p.9) and Table S2 (p.17)"
jedryszek2026probing,S13,PLOT,bar (with error bars),1,0,0,0,0,0,0,0,0,0,0,0,1,"**n = 24**, against n = 97 for the additive arm on the facing page and in Table S2 (p.17). The discrepancy appears only as a small annotation on the bars and is never mentioned in the main text (p.3) or the caption, where the null is reported as if on equal footing with the positive result. A null o"
jedryszek2026probing,S14,MATRIX,"heatmap (annotated, diverging)",1,0,0,0,0,0,0,0,0,0,0,0,1,No CIs or n on any cell; the strand-probe row's off-target −0.022 / +0.021 is the paper's sharpest negative finding and carries no uncertainty
jedryszek2026probing,S15A,PLOT,"bar (grouped, with error bars)",1,0,0,0,0,0,0,0,0,0,0,0,1,Binning a continuous covariate at a single cut (75) when the right-hand panel shows the underlying continuum; the bar panel makes the effect look like two regimes
jedryszek2026probing,S15B,PLOT,scatter (with fitted lines),1,0,1,0,0,0,0,0,0,0,0,0,0,"Y-axis runs to +0.6 here while the population means in Table S2 (p.17) are ≤ +0.061, so the per-protein spread is ~10× the reported effect — visible only in this appendix panel and never stated in the main text"
jung2026boltzperturb,1,SCHEMATIC,schematic,0,0,0,0,0,0,0,0,0,0,0,0,0,
jung2026boltzperturb,2,RENDER,structure render,1,0,0,0,0,0,0,0,0,0,1,0,0,"**Shows only the single lowest-RMSD pose out of 60 (perturbed) or 180 (vanilla)** — a best-of-N oracle selection presented as the visual result, with no accompanying distribution panel. RMSD is printed per render, so the number is honest; the *selection* is not shown."
jung2026boltzperturb,3,PLOT,bar (stacked),1,0,0,0,0,0,0,1,0,0,1,0,0,The two rightmost bars pool separately-tuned methods (and vanilla) into a best-of-methods oracle with **no matched-budget baseline** — a 3-method union is compared against a 1-method column. No uncertainty on integer counts where one target = 1.75 pp.
jung2026boltzperturb,4,PLOT,bar (grouped),1,0,0,0,0,0,1,0,0,0,0,0,0,"**No error bars or CI on percentages computed over n=57**, where a single target moves a bar by 1.75 pp and the headline TBP-vs-V_hT tie (22.81 vs 22.81) is exactly zero targets apart. The differing sampling budgets are labelled, which is good practice, but bar heights are still read side by side ac"
jung2026boltzperturb,5,PLOT,box,1,0,0,1,0,0,0,0,0,0,0,0,0,"Boxes are of **means of means** — pose-level spread is collapsed twice, and the caption defers the real distribution to Figures S4/S5. y-axis truncated to 0.800–0.975."
jung2026boltzperturb,S1,PLOT,line/point with error bars,1,0,1,0,0,0,0,0,0,0,0,0,0,"**The figure the central claim rests on, and it reports no n.** Caption is one line (""Diagnostic five set true coordinate injection outputs"") and never defines ""Variance (run condition)"", never maps a variance threshold to a denoising step, and never states how many runs are behind each point or err"
jung2026boltzperturb,S2A,PLOT,box,0,0,0,0,0,0,0,0,0,0,0,0,0,
jung2026boltzperturb,S2B,PLOT,line/point,1,0,0,0,0,0,1,0,0,0,0,0,0,Dual y-axis overlay of a **fluctuation** measure on an **accuracy** measure with no dispersion shown on the RMSF line; the two axes have different units and the red line reads as a trend across five unordered categorical targets.
jung2026boltzperturb,S3A,PLOT,bar,1,0,0,0,0,0,0,0,0,0,0,0,1,"n=5 per bar, which the caption states; dots overlaid, which is good practice."
jung2026boltzperturb,S3B-D,PLOT,line,1,0,0,0,0,0,0,0,0,0,0,0,1,"σ axis is drawn as **evenly spaced categorical ticks** (0.1…1.0 then 1…8 in (b); 0…10 then 15, 20, 25 in (c)), so a tenfold change in σ occupies the same width as a unit step and the shape of the validity fall-off is not readable. Three panels use three different σ ranges, so curves cannot be compar"
jung2026boltzperturb,S4A,PLOT,bar,1,0,0,0,0,0,0,0,0,0,0,0,1,"**y-axis spans 0.4–1.0 while all five bars sit at 0.925–0.927** — the axis range is chosen so five identical values render as five tall, indistinguishable bars. The genuine finding (confidence is flat across baselines) is legible only from the printed numbers, not the geometry."
jung2026boltzperturb,S4B-D,PLOT,line,1,0,0,0,0,0,0,0,0,0,0,0,1,"y-axis is 0.7–1.0 in (b)–(d) but 0.4–1.0 in (a) of the same figure, so panel (a) and panels (b)–(d) cannot be read against each other. Same irregular σ tick spacing as S3B-D. Computed on valid structures only, so the arms that lose validity (TBP with LL) are silently conditioned."
jung2026boltzperturb,S5,PLOT,box,1,0,0,1,0,0,0,0,0,0,0,0,0,y-axis truncated to 0.775–0.975. Box widths do not encode that some per-target means average 60 poses and others 270.
jung2026boltzperturb,S6,PLOT,scatter,1,0,0,0,0,0,0,0,0,0,1,0,0,"Caption states **""Axes are autoscaled""** — every panel has a different x and y range (RMSD ceilings from 2.4 Å to 30 Å), so no cross-panel comparison of confidence or accuracy is possible and the 2 Å dashed line sits at a different height in every panel. Panel set is **conditioned on oracle success*"
jung2026boltzperturb,S7,PLOT,scatter,1,0,0,0,0,0,0,0,0,0,1,0,0,"Same autoscaled-axis and oracle-success conditioning as S6 (n = 23 of 57, stated in caption)."
jung2026boltzperturb,S8,PLOT,line,1,0,0,0,0,0,0,0,0,0,1,0,0,"The mean is taken over **only the 23/57 targets that already have at least one oracle-successful pose** — the 34 excluded targets are precisely those where no method helps. The caption is explicit (""Since most targets have zero predictions below 2 Å, the mean flattens""), which makes it honest rather"
jung2026boltzperturb,S9,PLOT,scatter,1,0,0,0,0,0,0,0,0,0,0,0,1,Autoscaled per-panel axes again; at this panel density the axis labels are near-illegible at print size and no per-target numeric table backs it. This is the only place per-target RnP results appear.
jung2026boltzperturb,S10,PLOT,scatter,1,0,0,0,0,0,0,0,0,0,0,0,1,As S9.
junker2026peptidedesign,**1**,SCHEMATIC,schematic,0,0,0,0,0,0,0,0,0,0,0,0,0,
junker2026peptidedesign,**2A**,PLOT,bar,0,0,0,0,0,0,0,0,0,0,0,0,0,
junker2026peptidedesign,**2B**,PLOT,bar (histogram),1,0,0,0,0,0,0,0,0,0,0,0,1,"x-axis tick labels are non-uniformly spaced (1, 5, 10, 20, 30, 40, 50, 60, 70, 99, 112, 125, 129, 137) so the long-ligand tail is visually compressed relative to the short-peptide mode"
junker2026peptidedesign,**3A-C**,PLOT,violin,1,0,0,0,0,0,0,1,0,0,0,0,0,"pools all 113 systems into one violin per predictor, so per-system behaviour — which the paper's own Fig 5 shows is the dominant variance — is invisible here; the training-cutoff split is also pooled away"
junker2026peptidedesign,**4**,PLOT,bar,1,0,1,0,0,1,1,0,0,0,0,0,0,"**bars hide distributions** — each bar collapses 1,250–4,400 predictions to one percentage; **n is not shown on any bar** (it is only in the caption, and only as dimer counts); **no error bars, no CIs and no significance markers** although the accompanying text claims all three methods ""perform sign"
junker2026peptidedesign,**5**,PLOT,box,1,0,0,0,0,0,0,0,0,0,0,0,1,"**the caption's colour key is wrong**: it states ""blue: AF2IG, orange: Boltz2, green: RF3"" but the plotted AF2IG marks and the figure's own legend are red/salmon, not blue (verified by rendering p8 at 150 dpi). Also: 339 boxes at this density make individual medians unreadable without magnification,"
junker2026peptidedesign,**6**,PLOT,scatter,0,0,0,0,0,0,0,0,0,0,0,0,0,
junker2026peptidedesign,**7A-left**,RENDER,structure render,0,0,0,0,0,0,0,0,0,0,0,0,0,
junker2026peptidedesign,**7A-right**,SCHEMATIC,schematic,0,0,0,0,0,0,0,0,0,0,0,0,0,
junker2026peptidedesign,**7B**,PLOT,box,1,0,0,0,0,0,0,0,0,0,0,0,1,"**all three peptides shown are pre-training-cutoff for all three predictors** (stated at p10: ""structures of all three peptide-receptor complexes were included in training of AF2, Boltz-2 and RF3""), so the panel cannot separate confidence miscalibration from memorization; **only 3 of the 4–5 ETB com"
junker2026peptidedesign,**8**,PLOT,scatter,1,0,0,1,0,0,0,0,0,0,0,0,0,"**both axes are truncated and the removed points are exactly the failure mode under study**: ""Outliers beyond 40 Å RMSD and 20 Å hotspot distance not shown for visual clarity"" (caption, p12), and the number of designs removed per panel is not given — so the worst-misplaced designs, which the text ch"
junker2026peptidedesign,**9**,PLOT,violin (split),1,0,0,0,0,0,0,1,0,0,0,0,0,"**the three target receptors are pooled into every violin** although the paper's own Fig 8 shows strongly target-dependent behaviour (RFdiffusion3: 85.8% out-of-pocket on AT2 vs 15.02% on NOP, p11) — no per-receptor split is shown anywhere; **n per violin is not printed** on the figure; the measure "
kalakoti2025afsample2,1,SCHEMATIC,schematic,0,0,0,0,0,0,0,0,0,0,0,0,0,
kalakoti2025afsample2,2A-left,PLOT,line (means ± SE) over a jittered point cloud,1,0,0,1,0,0,0,0,0,0,0,0,0,"**y-axis truncated to 0.6–1.0** on a bounded [0,1] metric, which inflates the visual size of a 0.08 TM change; the 45% masking level is silently absent from the axis; error bars are SE not SD, so the spread of the underlying 23 targets is visible only as faint background points"
kalakoti2025afsample2,2A-right,PLOT,line (mean ± SE) over a jittered point cloud,1,0,0,1,0,0,0,0,0,0,0,0,0,**y-axis truncated to 40–95**; no zero baseline
kalakoti2025afsample2,2B,MATRIX,heatmap,1,0,0,1,0,0,0,0,0,0,0,0,0,"Colour scale is clipped at 0.5, so all failures below TM 0.5 are rendered identically; cell values are not printed (unlike Fig 4c), so the per-target optima the text argues from must be read off colour"
kalakoti2025afsample2,2C,PLOT,line,1,0,0,1,0,0,1,0,0,0,0,0,0,"**Severe y-axis truncation** — left panel spans only 0.78–0.91 and the right panel only ~0.86–0.905 on a bounded [0,1] metric, so differences of 0.01–0.02 TM occupy most of the plot height; no error bars or spread of any kind, despite each point being a mean over 23 heterogeneous targets"
kalakoti2025afsample2,3A,PLOT,"scatter, grid of small multiples",1,0,0,1,0,0,0,0,0,0,0,0,0,"**Both axes truncated at 0.5** (x) and ~0.55 (y), cropping the failures; targets are unlabelled so the same protein cannot be tracked across the six panels; the 0.8 threshold is drawn but never justified"
kalakoti2025afsample2,3B,PLOT,box with overlaid points,1,0,0,0,0,0,0,0,0,1,0,0,0,"y-axis extends above 1.2 for a metric bounded at 1.0, wasting a third of the panel and compressing the data; the closed-state panel's near-ceiling distributions are where the ""no degradation"" claim is read, and at that compression the differences are not resolvable by eye"
kalakoti2025afsample2,3C,PLOT,line (step),1,0,0,0,0,0,0,0,0,0,0,0,1,"The curves are flat at 1.0 for all thresholds below ~0.5, so roughly half the x-range carries no information and inflates every AUC toward each other — a 0.85 vs 0.76 AUC gap is smaller than it looks; no confidence band on a step function built from 23 targets"
kalakoti2025afsample2,3D,PLOT,"scatter, grid of small multiples",1,0,0,1,0,0,0,0,0,0,0,0,0,"**Both axes truncated at 0.4**; targets unlabelled, so the same protein cannot be followed across comparators; the panel title for SPEACH_AF reads ""3/23 improved"" while the body text on p6 says 4 — see `unresolved`"
kalakoti2025afsample2,3E,PLOT,bar,1,0,0,0,0,1,1,0,0,0,1,0,0,"Each bar is a single number with no error bar, no distribution and no repeat — a difference between two oracle-selected extreme-value statistics, which is the noisiest thing a 1,000-model ensemble can produce, and the 1/23 preferred-state loss is therefore unresolvable from sampling noise; the close"
kalakoti2025afsample2,3F,RENDER,structure render,1,1,0,0,0,0,0,0,0,0,0,0,0,"The reference structures are not drawn, so the reader cannot see *where* the models deviate; three hand-picked successes with no counter-example (the failures live in Fig S3, not held)"
kalakoti2025afsample2,4A,PLOT,"scatter, grid of small multiples",1,0,0,0,0,0,0,0,0,0,0,0,1,"One target, chosen; the all-target version is Fig S3, not held. Point overplotting is heavy in the AFcluster and MSAsubsample panels, so density is not readable"
kalakoti2025afsample2,4A-strip,PLOT,bar / rug (1-D bin occupancy),1,0,0,0,0,0,0,0,0,0,0,0,1,"Binary occupancy discards how many models are in a bin, so one stray model and a dense cluster ink identically; the parabolic end-weighting used in the printed fill ratio is not visible in the strip"
kalakoti2025afsample2,4B-left,PLOT,box with overlaid points,1,0,0,0,0,0,0,0,0,0,0,0,1,"Boxes sit on a floored metric (many targets are exactly 0.00), so the lower quartile is degenerate for several methods and the box hides that"
kalakoti2025afsample2,4B-right,PLOT,"scatter, grid of small multiples",1,0,0,0,0,0,0,0,0,0,0,0,1,"Points pile up at the origin where both methods score 0.00 and are indistinguishable; the two non-significant panels (MSAsubsample p<0.51, SPEACH_AF p<0.063) are drawn at the same visual weight as the significant ones"
kalakoti2025afsample2,4C,MATRIX,heatmap,0,0,0,0,0,0,0,0,0,0,0,0,0,
kalakoti2025afsample2,5,PLOT,"scatter, grid of small multiples",1,0,0,0,0,0,0,0,0,0,0,0,1,"Only the *closest* model to each PDB entry is coloured, so the reader cannot see how many ensemble members are near a deposited intermediate nor how tight the match is; the count of PDB entries retrieved per target is never given, so a ""found"" panel with one hit and one with ten look the same"
kalakoti2025afsample2,6A,PLOT,line,1,0,0,0,1,0,0,0,1,0,0,0,0,"**Twin y-axes with different scales for the two quantities being compared**, so the visual agreement between ΔCα and RMSF is set by the chosen axis ratio, not by the data; one target only"
kalakoti2025afsample2,6B-C,PLOT,scatter,1,0,0,0,1,0,0,0,0,0,0,0,0,"**The two panels do not share an x-axis range** (AFsample2 runs to 7 Å, AFvanilla to 3.2 Å), so the very effect being claimed — that AFsample2 fluctuates further — is normalised away by the axis choice and the two clouds look similar; only 1 of 23 targets is shown (the rest are Fig S4, not held)"
kalakoti2025afsample2,6D,PLOT,box (notched),1,0,0,0,0,0,0,0,0,0,0,0,1,"No p value or paired test is shown for the difference the text calls out (""the correlations are slightly higher for AFsample2""); the medians overlap the other box's notch region, i.e. the claim is visually unsupported"
kalakoti2025afsample2,6E,PLOT,box,1,0,1,0,0,0,0,1,0,0,0,0,0,"**Residues are pooled across 23 targets with no per-target breakdown and no n printed per box**, so a single large flexible protein could carry the trend; the thresholds are nested (>0 contains >2 contains >4 …), so the six boxes are not independent samples and are drawn as though they were"
kalakoti2025afsample2,7A,SCHEMATIC,schematic,0,0,0,0,0,0,0,0,0,0,0,0,0,
kalakoti2025afsample2,7B-E,PLOT,line,1,0,0,0,1,0,0,0,0,1,0,0,0,"**The two panels use wildly different y-ranges** — AFsample2 spans 0.055–0.095, AFcluster spans 0.05–0.35 — so the AFsample2 curve's flatness (the paper's actual finding, that no threshold is needed) is rendered as a near-vertical spike at 95%, and the two methods cannot be compared by eye; the capt"
kalakoti2025afsample2,7C-D-F-G,PLOT,scatter,1,0,0,0,0,0,0,0,0,0,0,0,1,"AFsample2 panels are drawn at an 85% threshold and AFcluster at 90%, i.e. the two generators are shown at different operating points without that being marked on the panels themselves; targets unlabelled, so the B7IE18 failure the text names cannot be located"
kalakoti2025afsample2,7H-J,PLOT,scatter,1,0,0,0,1,0,0,0,0,0,0,0,0,"**The two panels use different colour-scale ranges and different axis ranges**, which is exactly the comparison the figure is making (AFsample2 ensembles are tighter and more confident) and the rescaling erases it"
kalakoti2025afsample2,7I-K,PLOT,scatter,1,0,0,0,1,0,0,0,0,0,0,0,0,"Different y-ranges between the two panels again; the arrows mark the *optimal* selections rather than the ones the algorithm actually returned, so the figure shows what should be found, not what was found"
kalakoti2025afsample2,7L,PLOT,scatter,1,0,0,0,0,0,1,0,0,0,0,0,0,No summary statistic or test accompanies the panel although the text draws a conclusion from it; targets unlabelled
kalakoti2025afsample2,8A,PLOT,"scatter, grid of small multiples",1,0,0,1,0,0,0,0,0,0,0,0,0,**Both axes truncated at 0.4**; n = 16 per panel with several points below the crop; targets unlabelled across panels
kalakoti2025afsample2,8B,PLOT,box with overlaid points,1,0,0,0,0,0,0,0,0,0,0,0,1,n = 16 boxes with visible bimodality (a solved cluster near 0.9 and a failed cluster near 0.2–0.5) summarised by a median that falls between the two modes; y-axis again runs past 1.0 for a bounded metric
kalakoti2025afsample2,8C,PLOT,line (step),1,0,0,0,0,0,0,0,0,0,0,0,1,"With n = 16 each step is 1/16 = 0.0625 of the y-range, so the curves are coarse and their crossings are single-target events; no uncertainty shown; flat at 1.0 below ~0.4"
kalakoti2025afsample2,8D,PLOT,"scatter, grid of small multiples",1,0,0,1,0,0,0,0,0,0,0,0,0,"**Both axes truncated at 0.4**; n = 16, so each panel's headline count rests on a handful of points; targets unlabelled"
kalakoti2025afsample2,9A-B,PLOT,scatter,1,0,0,0,1,0,0,0,0,1,0,0,0,"**The two panels have different axis ranges**, so the AFcluster ensemble's collapse and the AFsample2 ensemble's spread cannot be compared by eye; the FS2 cluster is delimited by a **hand-drawn ellipse rather than by the stated TM > 0.8 criterion**; the ""handful"" of FS2 models is never counted anywh"
kalakoti2025afsample2,9C-D,RENDER,structure render,1,0,0,0,0,0,0,0,0,0,0,0,1,"No superposition of prediction on reference, so the quality of the FS2 model is visible only as the TM value quoted in the text"
kalakoti2025afsample2,9E-F,PLOT,scatter,1,0,0,0,1,0,0,0,0,0,0,0,0,"Alternate state identified by a **drawn ellipse, not by running the paper's own selection algorithm and marking its output**; different y-ranges between panels; n = 1 target"
kalakoti2025afsample2,10,SCHEMATIC,schematic,1,0,0,0,0,0,0,0,0,0,0,0,1,"The parabolic end-weighting w(k) that the formula on p12 actually applies is not depicted, so the schematic implies uniform bin weighting; models outside Q1 are discarded and the schematic shows this but does not say what fraction is typically lost"
kalakoti2026afsample3,1,SCHEMATIC,schematic,1,0,0,0,0,1,0,0,0,1,0,0,0,"The body text says ""Figure 1 summarizes the overall distribution of reference structure similarities as well as sequence lengths"" (p2), but Figure 1 carries no distribution panel at all — a claimed quantitative result with no quantitative panel"
kalakoti2026afsample3,2A,PLOT,scatter,0,0,0,0,0,0,0,0,0,0,0,0,0,
kalakoti2026afsample3,2B,PLOT,box,0,0,0,0,0,0,0,0,0,0,0,0,0,
kalakoti2026afsample3,2C,PLOT,line,1,0,0,0,0,0,0,0,0,0,0,0,1,"Per-bin n is shown only as an unlabelled gray bar, never as a number; the leftmost bins are visibly sparse"
kalakoti2026afsample3,2D-E,PLOT,line,0,0,0,0,0,0,0,0,0,0,0,0,0,
kalakoti2026afsample3,3A-C,PLOT,line,1,0,0,1,0,0,0,0,0,0,0,0,0,"**Truncated y-axes on all three:** (a) 0.55–0.75, (b) 0.70–0.90, (c) ~55–90. The AF3 curve's total variation across the whole 0–50% sweep is ≈0.04 TM in (a) and ≈0.01 in (b); on a 0–1 axis the ""small steady improvement up to around 40%"" that fixes the method's headline hyperparameter would be nearly"
kalakoti2026afsample3,3D-E,PLOT,box,0,0,0,0,0,0,0,0,0,0,0,0,0,
kalakoti2026afsample3,3F,PLOT,line,1,0,0,0,0,0,0,0,0,0,1,0,0,"The ""best alternate state generated from any setting"" reference is itself an oracle over all 24 arms, so the y-axis is defined against the full sweep"
kalakoti2026afsample3,4A,PLOT,line,1,0,0,1,0,0,0,0,0,0,0,0,0,"**Truncated y-axis** on the upper panel (0.575–0.725), which magnifies a ~0.03 TM gap between the two methods"
kalakoti2026afsample3,4B,PLOT,scatter,1,0,0,0,0,0,0,0,0,0,0,0,1,Only one method is shown; the caption does not say which (text implies AFsample3)
kalakoti2026afsample3,5A-B,PLOT,box,1,0,0,0,0,0,0,0,0,0,0,0,1,"Only the brackets against AFsample3 are drawn; the remaining 27 pairwise comparisons are pushed into panels (c,d)"
kalakoti2026afsample3,5C-D,MATRIX,heatmap,1,0,0,0,0,0,1,0,0,0,0,0,0,"Encodes significance class only — no effect size anywhere in the cell, so a p<0.0001 cell and a p<0.0001 cell of ten-fold different magnitude look identical"
kalakoti2026afsample3,6A,SCHEMATIC,schematic,0,0,0,0,0,0,0,0,0,0,0,0,0,
kalakoti2026afsample3,6B,PLOT,line,0,0,0,0,0,0,0,0,0,0,0,0,0,
kalakoti2026afsample3,6C,PLOT,box,0,0,0,0,0,0,0,0,0,0,0,0,0,
kalakoti2026afsample3,6D-F,PLOT,scatter,1,0,0,0,0,0,0,0,0,0,0,0,1,"Each of the 12 panels carries its **own** confidence colour scale (e.g. 88–96 in row e, 92–96 in row f), so colour is not comparable across panels; axis ranges also differ per row"
kalakoti2026afsample3,7A,PLOT,scatter,1,0,0,0,0,0,0,0,0,0,0,0,1,"The y-axis label reads ""Targets with fill ratio > 0.27 (median), n=114"" while the text on p7 and p8 says 118 ensembles (77 + 41). Unresolved discrepancy"
kalakoti2026afsample3,7B-C,PLOT,scatter,1,0,0,0,0,0,0,0,0,0,0,0,1,"Twelve of 118 ensembles are shown, six from each outcome class, so the display is balanced 1:1 while the underlying split is 77:41"
kalakoti2026afsample3,8A,SCHEMATIC,schematic,0,0,0,0,0,0,0,0,0,0,0,0,0,
kalakoti2026afsample3,8B,PLOT,line,1,0,0,1,0,0,0,0,0,0,0,0,0,"**Truncated y-axis (0.70–0.84)**, which inflates the DiSco-over-confidence gap (0.78 vs 0.74 at N=5) visually; the CI bands of DiSco and confidence overlap at large N and the paper does not report a significance test for this comparison"
kalakoti2026afsample3,"8C,E",PLOT,line,0,0,0,0,0,0,0,0,0,0,0,0,0,
kalakoti2026afsample3,"8D,F",PLOT,bar,1,0,0,0,0,1,0,0,0,0,0,0,0,"Bars over a per-target distribution that is fully shown in 8c,e; acceptable here because the counts (c = 183, 203, 212, 217, 225 / 73, 107, 120, 130, 154) are printed on every bar"
kalakoti2026afsample3,8G,RENDER,structure render,1,1,0,0,0,0,0,0,0,0,0,1,0,"Three successes shown, chosen from 238; the caption itself says ""Selected successful examples"", and no failure render is given (the sFRP failure is deferred to Fig 9)"
kalakoti2026afsample3,9A,PLOT,scatter,1,0,1,0,0,0,0,0,0,0,0,0,0,Single target; n for the panel is never stated
kalakoti2026afsample3,9B-C,RENDER,structure render,1,0,0,0,0,0,0,0,0,0,0,0,1,"The number of ensemble models drawn in (c) is not stated, so the visual spread cannot be read as a population"
kalakoti2026afsample3,S1,PLOT,scatter,1,0,0,0,0,0,1,0,0,0,0,0,0,"The caption points to ""Table S1"" for method definitions rather than labelling the panels; no significance is attached to the corner counts"
kalakoti2026afsample3,S2,PLOT,bar (histogram),0,0,0,0,0,0,0,0,0,0,0,0,0,
kalakoti2026afsample3,S1 (table),MATRIX,table,1,0,1,0,0,1,1,0,0,0,0,0,0,"Means only — no dispersion, no n per cell, no confidence intervals for any of the 24 performance numbers"
khaleq2026hyaline,1,RENDER,structure render,0,0,0,0,0,0,0,0,0,0,0,0,0,—
khaleq2026hyaline,2,SCHEMATIC,schematic,1,0,0,0,0,0,0,0,0,0,0,0,1,Caption promises three lettered panels the figure does not visually separate
khaleq2026hyaline,3,SCHEMATIC,schematic,0,0,0,0,0,0,0,0,0,0,0,0,0,—
khaleq2026hyaline,4A,PLOT,bar,1,0,0,1,0,0,1,0,0,0,0,0,0,"**y-axis truncated at 40%**, inflating the HYALINE/ESM3 gap. Only the Class C bars are value-labelled (87.2 / 63.5 / 50.0); the Overall bars carry no numbers. Caption claims ""Error bars denote 95% confidence intervals computed via bootstrap resampling (n = 1,000)"" but **no error bars are drawn**. Cl"
khaleq2026hyaline,4B,PLOT,scatter,1,0,0,1,0,0,1,0,0,0,0,0,0,"y-axis truncated at 0.5; the correct-prediction cloud is pinned along confidence = 1.0, so the bulk of the data is an unresolvable line at the ceiling (the numeric saturation recorded in `metric_saturation`). The r = −0.119 in the panel title has no p-value or CI."
khaleq2026hyaline,5A,PLOT,bar,1,0,0,0,0,1,0,0,0,0,0,0,0,"Bars over distributions — mitigated only because 5B shows the same data as violins. Caption says weights are ""mapped to Ballesteros-Weinstein residue positions"", but the panel's axis is three motif categories, not positions. Caption reports ""Additional peaks at the intracellular end of TM5 (2.1×) an"
khaleq2026hyaline,5B,PLOT,violin,1,0,0,0,0,0,0,0,0,0,0,0,1,"Caption claims a comparison ""at conserved motifs compared to variable regions (p < 0.001, permutation test with n = 10,000 resamples)"" — **the variable-region reference distribution is not plotted**, so the stated comparison cannot be read off the figure. n behind each violin never given."
khaleq2026hyaline,6A-B,PLOT,scatter,1,0,0,0,0,0,0,0,0,0,0,0,1,"Axes unlabelled beyond ""t-SNE Dimension 1/2"" with no tick values; t-SNE inter-cluster distances are not interpretable yet the caption reads separation as evidence (""The clear separation between clusters explains the high classification performance""). Perplexity 30, 1,000 iterations given; random see"
khaleq2026hyaline,7,PLOT,bar (horizontal),1,0,0,1,0,0,1,0,0,0,0,0,0,"**x-axis truncated at 0.4**, compressing the four architectural ablations (0.971–0.987) into visually indistinguishable bars. No error bars or CIs on any bar despite 5-fold CV being available. **Figure values contradict the body text** for three of the ablations (motif bias −0.008 vs ""−2.7%""; RBF −0"
khaleq2026hyaline,8A-B,RENDER,structure render,1,0,0,0,0,0,0,0,0,0,0,0,1,"**The body text cites Fig. 8 for a result the figure does not contain**: ""We analyzed the distribution of prediction confidence scores to identify patterns in model certainty and characterize the sources of misclassification (Fig. 8)"" (p8) — there is no confidence-distribution panel anywhere in the "
khaleq2026hyaline,9A,PLOT,scatter,1,0,0,0,0,0,0,0,0,0,0,0,1,"Legend n values (179 / 94 / 1263 / 54, sum 1,590) are the **full dataset**, while the parallel t-SNE in Fig. 6 uses only the 278-structure test set — the two embedding figures are on different populations without saying so. The group sizes 1263 and 94 are exactly Table 2's Class A and Class C counts"
khaleq2026hyaline,9B,PLOT,scatter + fitted line,1,0,1,0,0,0,0,0,0,0,0,0,0,"The panel's headline numbers (""Mean: 16.9 ms/structure"", ""Throughput: 59/sec"") are internally inconsistent — 16.9 ms/structure implies ~59 **per second only if** the two are read together, yet Methods p13 states ""0.5 seconds per structure"" and ""approximately 7,200 structures per hour"" (≈2/sec), a ~3"
khaleq2026hyaline,10A,PLOT,scatter,1,0,1,0,0,0,0,0,0,0,0,0,0,Axes unlabelled and unticked; n behind the cloud never stated; no quantification of the separation the caption implies.
khaleq2026hyaline,10B,PLOT,bar,1,0,0,0,0,0,1,0,0,0,0,0,0,"Bars come from a single trained model with no error bars or seed replicates. **A fifth category, PIF (0.99, the largest learned weight of all), appears here and nowhere else** — the Methods motif-detection section (p12) describes only DRY, NPxxY and CWxP, and no text discusses PIF. Caption text desc"
khaleq2026hyaline,11,SCHEMATIC,schematic,0,0,0,0,0,0,0,0,0,0,0,0,0,—
kim2023refining,1,SCHEMATIC,schematic,0,0,0,0,0,0,0,0,0,0,0,0,0,—
kim2023refining,3,PLOT,line,0,0,0,0,0,0,0,0,0,0,0,0,0,—
kim2023refining,5,PLOT,scatter or line,0,0,0,0,0,0,0,0,0,0,0,0,0,—
kim2023refining,8,unclassified,NOT EXTRACTED (panel not viewed),0,0,0,0,0,0,0,0,0,0,0,0,0,—
kim2023refining,10,unclassified,NOT EXTRACTED (panel not viewed),0,0,0,0,0,0,0,0,0,0,0,0,0,—
kim2023refining,11,unclassified,NOT EXTRACTED (panel not viewed),1,0,0,0,0,0,0,0,0,0,0,0,1,"**Directly analogous to a readability-vs-noise-level curve**, which is why this row is kept"
kim2023refining,15–16,unclassified,NOT EXTRACTED (panel not viewed),0,0,0,0,0,0,0,0,0,0,0,0,0,—
kim2023refining,20,unclassified,NOT EXTRACTED (panel not viewed),0,0,0,0,0,0,0,0,0,0,0,0,0,—
kim2023refining,32–51,RENDER,image grid,1,0,0,0,0,0,0,0,0,0,0,0,1,Qualitative only
kim2023refining,Tables 1–10,unclassified,table,0,0,0,0,0,0,0,0,0,0,0,0,0,—
kim2026mac1,1A,RENDER,structure render,0,0,0,0,0,0,0,0,0,0,0,0,0,
kim2026mac1,1B,PLOT,bar,1,0,0,1,0,1,0,0,0,0,0,0,0,"Bars over a distribution: the underlying IC₅₀ values are binned into 5 coarse bins, so the sub-µM tail is one bar. Also the 355 ligands **without** dose–response are simply absent, and the caption does not say the set is truncated at the potent end (that is only in the p3 text)"
kim2026mac1,1C,PLOT,scatter,1,0,0,0,0,0,0,0,0,0,0,0,1,"Cluster ellipses are drawn only on the MCS panel; the Tc panel shows visually more structure than 4 clusters and is left unannotated, which understates the disagreement between the two metrics"
kim2026mac1,1D,PLOT,scatter,1,0,0,0,0,0,0,0,0,0,0,0,1,"The panel makes visible — but the text never says — that at least one of the 557 has an **MCS of 100% and Tc 0.92** to a training ligand, i.e. a near-identical compound was in training. The holdout is by *deposition*, not by chemistry"
kim2026mac1,1D-inset,SCHEMATIC,schematic,0,0,0,0,0,0,0,0,0,0,0,0,0,
kim2026mac1,2A,PLOT,line (kernel density) + tabulated counts,1,0,1,0,0,0,0,0,0,0,0,0,0,"The **headline success rates live only in the table image** and are absent from the extracted text (the running text on p4 rounds them to ""~70%"", ""52%"", ""41%""). The density curves carry no confidence band and no n annotation on the panel itself"
kim2026mac1,2B,RENDER,structure render + tabulated counts,1,0,0,0,0,0,0,0,0,0,0,0,1,"**The AF3 prediction itself is not shown in either render** — the two colours are crystal-alternate vs 5SQW reference, so the figure that carries the conformational-failure claim contains no predicted structure. The quantitative result exists only as the table"
kim2026mac1,2C,PLOT,scatter,1,0,0,1,1,0,1,0,0,0,0,0,0,The y-axis is truncated at ~18 Å while the density plot in 2A runs to 10 Å — different ranges for the same quantity in one figure. Pearson r is printed but no CI and no p-value
kim2026mac1,2C-inset,RENDER,structure render + schematic,1,0,0,0,0,0,0,0,0,0,0,0,1,"Exemplars are chosen after the RMSDs are known and are all successes (1.00, 0.37, 0.75 Å); no low-similarity failure is shown alongside"
kim2026mac1,3A,PLOT,line,1,0,1,0,0,0,0,0,0,0,0,0,0,"No confidence bands on any curve and no n printed on the panel; AUROC and norm_logAUC are given without CIs, so the 75.72 / 73.49 / 72.65 ordering is presented as a ranking without any evidence it is separable"
kim2026mac1,3B,SCHEMATIC,schematic,0,0,0,0,0,0,0,0,0,0,0,0,0,
kim2026mac1,3C,RENDER,structure render,0,0,0,0,0,0,0,0,0,0,0,0,0,
kim2026mac1,4A,PLOT,scatter,1,0,0,0,0,0,0,0,0,1,0,0,0,"**The panel labelled ""a)"" is printed TWICE and panel b) is missing entirely.** The caption and the p9 text both describe a panel b (""Lower co-folded ligand RMSDs associate with higher affinity, while docked pose RMSDs do not""; r = −0.297 AF3, r = −0.387 Boltz-2, no correlation for DOCK) and the two "
kim2026mac1,5A-C-violin,PLOT,violin (split),1,0,0,0,0,0,1,0,0,0,0,0,0,"Each violin's y-axis is scaled independently per panel, so the AF3 column (a 30-point pLDDT range) looks as separated as the DOCK column (a 60 kcal/mol range) until the AUROC is read. Medians are drawn as thin lines with no IQR box and no CI"
kim2026mac1,5A-C-roc,PLOT,line,1,0,0,0,0,0,0,0,0,0,0,0,1,No confidence bands; the AF3 D4 curve sits below the diagonal (AUROC 46.42) and this is not annotated on the panel
kim2026mac1,S1A-B,PLOT,histogram (bar),0,0,0,0,0,0,0,0,0,0,0,0,0,
kim2026mac1,S1C-D,PLOT,scatter,1,0,0,0,0,0,0,0,0,0,0,0,1,"n for the ""all ligands deposited in PDB"" background is never given"
kim2026mac1,S2,PLOT,scatter + tabulated counts,0,0,0,0,0,0,0,0,0,0,0,0,0,
kim2026mac1,S3A,PLOT,line (density),1,0,0,0,0,0,0,0,0,0,0,0,1,The 1.5 Å and 3 Å state-defining thresholds are stated in the caption but never justified
kim2026mac1,S3B,MATRIX,heatmap (2×2 confusion matrices),0,0,0,0,0,0,0,0,0,0,0,0,0,
kim2026mac1,S4,PLOT,scatter,0,0,0,0,0,0,0,0,0,0,0,0,0,
kim2026mac1,S5A/S5C,PLOT,box or violin (mark not stated in caption),1,0,1,0,0,0,0,0,0,0,0,0,0,Per-bin n is not given in the caption; the >0.6 Tc and >80 MCS bins are likely very small (Fig 1d shows few such ligands) and any bin-wise claim rests on them
kim2026mac1,S5B/S5D,PLOT,box or violin (mark not stated),1,0,0,0,0,0,0,0,0,0,0,0,1,The four series have four incommensurate score units on one measure axis
kim2026mac1,S6,PLOT,scatter,0,0,0,0,0,0,0,0,0,0,0,0,0,
kim2026mac1,S7,PLOT,scatter,0,0,0,0,0,0,0,0,0,0,0,0,0,
kim2026mac1,S8,PLOT,histogram or density (mark not stated),1,0,0,0,0,0,0,0,0,0,0,0,1,"This is the panel that would show whether the σ₂/D4/AmpC molecules are pre- or post-cutoff, and the caption discusses only chemical similarity, never deposition date"
kim2026mac1,S9,PLOT,scatter,1,0,0,0,0,0,0,0,0,0,0,0,1,"Actives only; the false positives that make the task hard are excluded from every panel, which is the flattering case the authors themselves flag on p12"
kim2026mac1,S10,PLOT,scatter,1,0,0,0,0,0,0,0,0,0,0,0,1,"Under the fixed-2× assumption the caption itself warns the baseline is uninterpretable (""Baseline MAE is only quoted for b), since the error could be misinterpreted when all non-binders' pKi values are fixed"") — yet the 2× number is the one quoted first in the p12–13 text"
kim2026mac1,S11,PLOT,line,0,0,0,0,0,0,0,0,0,0,0,0,0,
kim2026mac1,S12,PLOT,line with band,0,0,0,0,0,0,0,0,0,0,0,0,0,
kim2026mac1,S13,PLOT,scatter,1,0,0,0,0,0,0,0,0,0,0,0,1,"The Mac1 panel has only one series (""Note that Mac1 dataset comprises only actives"") and so is not comparable to the other three, but is drawn in the same grid"
kohlhoff2014gpcr,1B-D,PLOT,line / trajectory projection,0,0,0,0,0,0,0,0,0,0,0,0,0,—
kohlhoff2014gpcr,S1–S22,unclassified,NOT EXTRACTED,0,0,0,0,0,0,0,0,0,0,0,0,0,—
krishna2024rfaa,1A-B,SCHEMATIC,schematic,0,0,0,0,0,0,0,0,0,0,0,0,0,
krishna2024rfaa,2A,SCHEMATIC,schematic,0,0,0,0,0,0,0,0,0,0,0,0,0,
krishna2024rfaa,2B,PLOT,box,1,0,1,1,0,0,0,0,0,0,0,0,0,"**y-axis truncated at 20 Å** — stated in the caption (""All boxplots cut off at 20Å for clarity""), so the upper tail and the true worst-case magnitude are invisible; **per-box n not shown**, and the bins are plainly unequal in size"
krishna2024rfaa,2C,PLOT,scatter,1,0,0,1,0,0,0,0,0,0,0,0,0,"**Both axes clipped at 20 Å** with no break marker, so any target where either method failed badly is either dropped or piled on the frame; the 32%/8% summary is stated only in the text, not on the panel"
krishna2024rfaa,2D,RENDER,structure render,1,0,1,0,0,1,0,0,0,1,0,0,0,"**Selected successes** — ""Three examples of successful predictions""; no distribution, no n, and no failure counterpart for the multi-component claim, which is the paper's strongest novelty claim (p5, p11) and has **no quantitative panel anywhere**"
krishna2024rfaa,2E,PLOT,bar,1,0,1,0,0,1,0,0,0,0,0,0,0,"**Bar over a distribution** — six single bars stand in for six full RMSD distributions; **n is never given** for this set in the whole PDF; **the input regimes differ across bars** (RFAA gets sequence only, DiffDock gets the bound crystal structure) and that is disclosed only in the caption, not on "
krishna2024rfaa,2F-G,PLOT,box,1,1,1,1,0,0,0,0,0,0,0,0,0,"**y-axis truncated at 20 Å**; **per-box n not shown** and the strata are certainly unequal; and critically, **each point is the lowest-RMSD cluster representative**, not a target — ""the lowest Ligand RMSD cluster representative is chosen for each (to answer the question of what is the best the netwo"
krishna2024rfaa,2H,RENDER,structure render,1,0,0,0,0,0,0,0,0,0,0,0,1,"**Selected successes**, chosen after scoring against the reference"
krishna2024rfaa,3A,SCHEMATIC,schematic,0,0,0,0,0,0,0,0,0,0,0,0,0,
krishna2024rfaa,3B-D,PLOT,box,1,0,1,1,0,0,0,0,0,0,0,0,0,"**B truncated at 15 Å** (""Boxplot cut off at 15Å for clarity""), C and D at 10 Å with no caption acknowledgement at all; **per-box n not shown** anywhere, which matters most in C where the 100%-identity bin is the memorisation control"
krishna2024rfaa,3E-G,RENDER,structure render,1,0,0,0,0,0,0,0,0,1,0,0,0,"**Selected successes**; the cryo-EM density fit is asserted visually (""fits well in the density"", p7) with **no correlation coefficient, no real-space R, no quantitative fit metric at all**"
krishna2024rfaa,4A,SCHEMATIC,schematic,0,0,0,0,0,0,0,0,0,0,0,0,0,
krishna2024rfaa,4B (top row),SCHEMATIC,schematic,0,0,0,0,0,0,0,0,0,0,0,0,0,
krishna2024rfaa,4B (rows 2-3),RENDER,structure render,1,1,0,0,0,0,0,0,0,0,0,0,0,"**2 of 100 shown**, chosen to ""illustrate design diversity"" — the diversity itself is only quantified in Fig S6"
krishna2024rfaa,4C (top),PLOT,box,1,0,0,0,0,0,0,0,0,0,0,0,1,"**The RFdiffusion box runs off the top of the frame in the FAD and SAM panels** — its median and upper quartile are outside the plotted range, so the size of the baseline's failure is unreadable; **per-box n never given**; each observation is already a **best-of-eight** over LigandMPNN sequences"
krishna2024rfaa,4C (bottom),PLOT,line,1,0,1,0,0,0,0,0,0,0,0,0,0,**Per-panel n not shown**; again best-of-eight per design
krishna2024rfaa,5A-C (renders),RENDER,structure render,1,0,0,0,0,0,0,0,0,0,0,0,1,"**No experimental structure of any design is reported** — every structural claim about the designed pockets is a model, and the paper says so implicitly by showing only designs"
krishna2024rfaa,5A (FP curve),PLOT,scatter + line,1,0,0,0,0,0,1,0,0,0,0,0,0,"**No error bars and no replicate count**; a single Kd is quoted from a single fitted curve, and **the other two characterised hits are not shown**"
krishna2024rfaa,5A (CD),PLOT,line,1,0,0,0,0,0,0,0,0,0,0,0,1,"**Inset y-axis is unlabelled** apart from a bare numeric scale, and the melt is a single trace with no replicate"
krishna2024rfaa,5B (UV/Vis),PLOT,line,1,1,0,0,0,0,0,0,0,0,0,0,0,"**1 of 38 shown** — the panel shows one representative design out of 38 that passed SEC, and the distribution of Soret maxima across the 96 spectroscopically positive designs is never plotted"
krishna2024rfaa,5C (absorption),PLOT,line,1,0,0,0,0,0,0,0,0,0,0,0,1,"**Normalisation to 1 removes all information about extinction coefficient and about how much bilin each design actually incorporated**, which is the property the CpcA comparison turns on; the CpcA-PEB control trace (573 nm) is in Fig S8B, **not on this panel**, so the shift being claimed is not visi"
krishna2024rfaa,S1,SCHEMATIC,schematic,0,0,0,0,0,0,0,0,0,0,0,0,0,
krishna2024rfaa,S2A-B,PLOT,scatter,1,0,1,1,0,0,0,0,0,0,0,0,0,"**Per-panel n not given**, and it is not stated whether these are the same 149 targets as Fig 2C; **both axes clipped at 30 Å**"
krishna2024rfaa,S2C,PLOT,bar,1,0,1,0,0,1,0,0,0,0,0,0,0,"**Bar over a distribution**, **no n**, and the x-axis runs 0–1 with all three bars near 0.9–1.0, which compresses exactly the differences the panel exists to show"
krishna2024rfaa,S2D,RENDER,structure render,0,0,0,0,0,0,0,0,0,0,0,0,0,
krishna2024rfaa,S3A,PLOT,box,1,0,0,1,0,0,0,0,0,0,0,0,0,"**n never given for either box** in text or caption, despite a paired t-test being reported; **both panels clipped at 5 Å**; and both arms are **pre-filtered on confidence** (PAE<10, pLDDT>0.8), so the panel compares the two models only where both were already confident"
krishna2024rfaa,"S3B-D, S3F-G",RENDER,structure render,1,0,1,0,0,0,0,0,0,1,0,0,0,"**The paper's only conformational-change claims live here and are entirely visual** — β3a loop shift and helix repositioning are asserted from renders with **no RMSD, no per-residue metric, no n**; and the caption concedes the FKBP51 shift is ""represented in the PDB and our training set"""
krishna2024rfaa,S3E,PLOT,scatter,1,1,1,0,0,0,1,0,0,0,0,0,0,"**Per-panel n not reported** for the one panel in the paper that measures a conformational effect; no summary statistic, no test, and no statement of how many points lie off the diagonal in each direction; the two illustrated cases are **selected off this scatter after the fact**"
krishna2024rfaa,S4A,PLOT,bar,1,0,1,0,0,1,0,0,0,0,0,0,0,"**Bar over a distribution**; **no n anywhere in the PDF for this set**; and the decisive fact that Vina and Gold receive the bound crystal structure plus a pocket bounding box while RFAA receives only sequence is in the caption, not on the chart"
krishna2024rfaa,S4B,PLOT,bar,1,0,1,0,0,0,0,0,0,0,0,0,0,**No n**; the incremental deltas are annotated (−0.01 … −0.39) but the absolute base count is never stated
krishna2024rfaa,S4C,PLOT,histogram + line,0,0,0,0,0,0,0,0,0,0,0,0,0,
krishna2024rfaa,S4D,PLOT,box,1,0,1,1,0,0,0,0,0,0,0,0,0,"**Truncated at 20 Å**; **per-box n not given**, which is the whole point of a split-by-subgroup panel — the ""has cofactor(s)"" subgroup could be small"
krishna2024rfaa,S5A,PLOT,bar,1,0,0,0,0,0,0,0,0,0,0,0,1,"Binning is **uneven in width** (2.5, 2.5, 3, 2, open) which distorts the visual shape of the distribution; the open top bin hides how bad the failures are"
krishna2024rfaa,S5B,RENDER,structure render,1,0,0,0,0,0,0,0,0,0,0,0,1,Selected success
krishna2024rfaa,S5C,PLOT,box,1,0,1,0,0,0,0,0,0,0,0,0,0,"**Per-box n not shown**, and the monosaccharide-count panel plainly has very unequal bins (chains of 7–8 monosaccharides must be rare), so the ""longer glycans can still be successfully modeled"" claim rests on invisible counts"
krishna2024rfaa,S6,PLOT,line,1,0,0,0,0,0,0,0,0,0,0,0,1,"**The measure ceilings at 100 by construction** (100 designs), and four of six curves reach it before TM 0.8, so the right-hand third of the panel carries no information; this is a real numeric ceiling and is the one place in the paper where a metric saturates"
krishna2024rfaa,S7A-C,PLOT,histogram,1,0,1,0,0,0,0,0,0,0,0,0,0,"**Panel C's n is never given** — it is the self-consistent subset of the 400, and the whole force of C is that filtering does not change the picture, which cannot be judged without the count; **A and C share no common y-scale with B**"
krishna2024rfaa,S7D,RENDER,structure render,0,0,0,0,0,0,0,0,0,0,0,0,0,
krishna2024rfaa,S8A,RENDER,structure render,1,0,0,0,0,0,0,0,0,1,0,0,0,"Electrostatic surfaces are shown on a **blue–red scale with no numeric legend or units**, yet a quantitative charge–wavelength correlation is claimed from them in Fig S9"
krishna2024rfaa,S8B,PLOT,line,1,0,0,0,0,0,0,0,0,0,0,0,1,"**Normalisation hides incorporation efficiency**, the property the CpcA comparison is about"
krishna2024rfaa,S8C,PLOT,line,1,0,0,0,0,0,0,0,0,0,0,0,1,"The relative quantum yields (100 / 57.6 / 17.1 / 38.4%) are given as caption text, **not as a plotted quantity with error**"
krishna2024rfaa,S9,PLOT,scatter,1,0,1,0,0,0,1,0,0,0,0,0,0,"**Almost certainly n ≈ 3–9** — the paper only ever characterises three purified and nine screened bilin binders — yet a correlation is asserted in the text (""The degree of red shifting largely correlates with the strength of negative coulombic potential within 5 Å of the chromophore"", p10) with **no"
krishna2024rfaa,S10,RENDER,structure render,1,0,0,0,0,0,0,0,0,0,0,0,1,"The claim being supported (""the closest entry with a similar ligand in the training set by TM score is below 0.62"") is **quantitative but is shown only as renders**; the TM-score distribution behind ""below 0.62"" is not plotted here"
krishna2024rfaa,S11A,PLOT,scatter,1,0,1,0,0,0,0,0,0,0,0,0,0,"The headline ""median GDT of 85 vs. 86"" (p11) is **not shown on the panel** and cannot be read off a scatter; per-difficulty-class counts are not given"
krishna2024rfaa,S11B,PLOT,scatter,1,0,0,0,0,0,0,0,0,0,0,0,1,"The headline ""median allatom-LDDT of 0.74 vs. 0.78"" (p11) is **not marked on the panel**; the points sit visibly above the diagonal (RFNA better) and no summary or test quantifies the gap"
ku2026promise,1,SCHEMATIC,schematic,1,0,1,0,0,0,0,0,0,0,0,0,0,"The TM matrix shown is illustrative, not real data; no counts for how many pairs survive each filter step (1,333,459 → 577 is given only in text)"
ku2026promise,2A,PLOT,bar,1,0,0,0,0,0,1,0,0,0,0,0,0,"Bars with no error bars, no CI and no per-cluster distribution behind them; BioEmu's two absent bars are not marked ""not run"" and read as zero; the y-axis is 0–1 while all values sit below 0.51"
ku2026promise,2B,PLOT,"bar (stacked, 100%)",1,0,0,0,0,0,0,0,0,0,0,0,1,"Denominator differs per bar (only failed clusters), so bar heights are not comparable to 2A; BioEmu's 71-cluster denominator is unexplained"
ku2026promise,2C,PLOT,box,1,0,1,0,0,0,0,0,0,0,0,0,0,"n not printed on the figure; the intrinsic set is absent from this panel with no placeholder (its labels are arbitrary, explained only in text)"
ku2026promise,2D,RENDER,structure render,1,0,0,0,0,0,0,0,0,0,1,0,0,"**The displayed prediction is chosen against the answer**: ""the prediction closest to state 1 was selected"" / ""the prediction closest to the apo state was selected"" — a best-of-100 render standing in for a distribution"
ku2026promise,3A,PLOT,scatter,1,0,0,0,0,0,0,0,0,0,0,0,1,Per-panel n never given; two aesthetics (colour and size) encode two further variables with the size legend absent
ku2026promise,3B,PLOT,box (with overlaid strip),1,0,0,0,0,0,0,0,0,0,0,0,1,"The BioEmu dot is constructed differently from the others (subsampled and averaged over 50 trials vs raw per-seed SD), so the compared quantities are not identically defined — stated in the caption, invisible in the plot"
ku2026promise,3C,PLOT,line,1,0,1,0,0,0,0,0,0,0,0,0,0,"No per-bin n, so the BioEmu peaks at the extreme bins rest on unknown denominators; the extreme bins fall to 0 for all models with no indication whether that is emptiness or failure"
ku2026promise,S1,PLOT,donut / pie (see `unresolved` — not in the v3 `plot_type` list),1,0,1,0,0,0,0,0,0,0,0,0,0,"Percentages only, no counts, so a 3.81% wedge could be 3 clusters; the ""Other"" wedge is the largest or second largest in all three panels (20.3%, 19%, 31.4%), which undercuts the caption's breadth claim"
ku2026promise,S2,PLOT,bar,1,0,0,0,0,0,1,0,0,0,0,0,0,12 series in one panel with no faceting makes the confidence-vs-random comparison hard to read pairwise; no error bars on the random arms despite n = 50 draws being available
ku2026promise,S3A,PLOT,bar,1,0,0,0,0,0,0,0,0,0,0,0,1,Two different success criteria (DockQ and ligand RMSD) plotted on one axis as if commensurable
ku2026promise,S3B,PLOT,scatter,1,0,1,0,0,0,0,0,1,0,0,0,0,Two different measures share a row; per-panel n not given
ku2026promise,S3C,PLOT,bar,1,0,0,0,0,0,0,0,0,0,0,0,1,"Per-bin n absent, so the <1 Å and >10 Å extremes could rest on very few pairs"
ku2026promise,S4,PLOT,box,1,0,1,0,0,0,0,0,0,0,0,0,0,Chai-1 and BioEmu absent (no pair representations / not run) without an in-figure note; n not printed
ku2026promise,S5A-B,PLOT,"bar (stacked, 100%)",1,0,0,0,0,0,0,0,0,0,0,0,1,"Denominator is failed entries only and varies enormously across bars (15 to 287), so segment percentages compare unlike samples; annotated as counts above the bars, which mitigates it"
ku2026promise,S5C,PLOT,"bar (stacked, 100%)",1,0,0,0,0,0,0,0,0,0,0,0,1,"Smallest segments are unlabelled, so ""both fail"" must be recovered by subtraction"
ku2026promise,S6A,PLOT,scatter,1,0,1,0,0,0,0,0,0,0,0,0,0,Per-panel n not printed
ku2026promise,S6B,PLOT,point (with 95% CI error bars),1,0,0,0,0,0,0,0,0,0,0,0,1,*(none — per-bin n is annotated and CIs are shown)*
ku2026promise,S7A,RENDER,structure render,1,0,1,0,0,0,0,0,0,0,0,0,0,Whether any prediction is shown at all is not stated in the caption
ku2026promise,S7B,PLOT,bar,1,0,0,0,0,0,0,0,0,0,0,0,1,The entire memorization-resolution argument rests on one cluster; the panel does not show that n = 1
ku2026promise,S8,PLOT,scatter (grid of small multiples),1,0,0,0,0,0,0,0,0,0,0,0,1,The neutrality restriction \|MSA_holo\| < 0.3 removes an unreported fraction of the data from every panel; no panel states how many points survive it
ku2026promise,S9,PLOT,scatter (grid of small multiples),1,0,1,0,0,0,0,0,0,0,0,0,0,As S8: the \|Train_holo\| < 0.3 restriction silently changes n per panel; correlations near zero are reported without n
lam2026metadiffusion,**1A–D**,SCHEMATIC,schematic,0,0,0,0,0,0,0,0,0,0,0,0,0,
lam2026metadiffusion,**2A + 2B(left) + 2C(left)**,RENDER,structure render,1,1,1,0,0,1,1,0,0,0,0,0,0,"**2A carries the SASA claim on n = 1 structure per condition with no distribution** — three numbers (7,541 / 7,948 / 10,179 Å²) with no spread, no repeat and no n stated. **2C's angle labels are 3 hand-picked conformers out of an ensemble**, with no indication of how they were selected."
lam2026metadiffusion,**2B**,PLOT,scatter,1,0,1,0,0,0,1,0,0,0,0,0,0,"**n behind each point is never stated** — each is presumably a mean over an ensemble but no error bar is drawn. The x-axis extends to 70 Å while the achieved values plateau at ~45 Å from ~45 Å onward, so **the last third of the panel is a flat, unlabelled saturation** that the caption does not menti"
lam2026metadiffusion,**2C**,PLOT,line (filled KDE),1,0,0,0,0,0,0,0,0,0,0,0,1,**n behind each KDE is never given** — neither in the caption nor the text. A density estimate whose sample size is unstated cannot be assessed.
lam2026metadiffusion,**3A**,PLOT,scatter + contour,1,0,0,0,0,0,0,0,0,0,0,0,1,"**Three KDEs with wildly unequal n (4,000 vs 128 vs 128) are overlaid as if comparable** — contour density is n-dependent and the visual impression of BioEmu's tightness is partly a sample-size artefact. **The two dashed guides at 7.5 Å are unlabelled and unexplained** in caption and text. The panel"
lam2026metadiffusion,**3B**,PLOT,box,1,0,0,0,0,0,0,0,1,1,0,0,0,"**Log y-axis with only two decade ticks (10⁻¹, 10¹) and no numeric labels on any box** — the monotone-scaling claim (p4) can be read as a trend but no value can be extracted. **The NMR arm (n = 14 deposited models) is placed on the same axis as generated ensembles** without noting that experimental "
lam2026metadiffusion,**3C**,PLOT,scatter + contour,1,0,1,0,0,0,0,0,0,1,0,0,0,"**n per panel is never stated** anywhere. All three panels share fixed axes (good), but **no quantitative summary of the spread is given** — the ""more diverse"" claim is left to the eye. **The apo/holo markers are drawn but never used**: no distance to either is reported, so the reader cannot tell wh"
lam2026metadiffusion,**3D**,PLOT,line (+ accompanying renders),1,1,0,0,0,0,0,0,0,0,0,0,0,"**The two RMSF traces are drawn on the same 0–20 Å axis, and the metadiffusion trace visibly fills it while the MD trace hugs zero — a ~5.8× magnitude gap (6.18 Å vs 1.06 Å, printed in-panel) that the caption and the running text never mention.** The figure is honest; the text is silent. Also **a si"
lam2026metadiffusion,**3E**,PLOT,box,1,0,0,0,0,0,0,0,0,0,0,0,1,"**Only outlier points are drawn, not the full distribution** — the body of 256 values is represented by the box alone, so the shape of the distribution (and any bimodality) is invisible. Means are printed in the axis labels, which is good practice; **n = 256 is stated in the caption but not on the p"
lam2026metadiffusion,**4A–D**,RENDER,structure render,1,0,1,0,0,0,0,0,0,1,0,0,0,"**This is the paper's clearest figure-level defect: an entire results section — ""different poses … can be resolved"", ""can be mapped to different binding conformations"", ""different pockets"" (all p5) — is supported by renders and nothing else.** No pose RMSD, no pocket identification or naming, no cou"
lam2026metadiffusion,**5A + 5B(right)**,PLOT,line (filled),1,0,0,0,0,0,0,0,0,0,0,0,1,"**The generated curves are ensemble averages presented as a single line, with no band showing the spread across the 8 or 16 members** — a broad ensemble and a tight one that happen to share a mean are indistinguishable here, which matters because the paper's own claim is that these ensembles are sim"
lam2026metadiffusion,**5B(left)**,PLOT,scatter,1,0,0,0,0,0,0,0,0,0,0,0,1,"**No unbiased-Boltz-2 comparison points are plotted**, although the text gives the unbiased R values (0.66 and 0.97, p5) — so the improvement the text claims is not visible in the figure. **The error bars are undefined** (SD? SEM? range?) in caption and Methods."
lam2026metadiffusion,**5B(bottom)**,PLOT,line,1,0,0,0,0,0,0,0,0,0,0,0,1,"**Traces are drawn as connected lines across residue index**, which implies continuity between non-adjacent assigned residues and visually inflates agreement; a per-residue difference plot would show the actual errors. Gaps from unassigned residues are not marked."
lam2026metadiffusion,**S1**,PLOT,scatter (strip),1,0,0,0,0,0,0,0,0,0,0,0,1,"**Linear y-axis with a long upper tail compresses the entire body of the distribution into the bottom decade** — the visible difference between ""before"" and ""after"" is carried by a handful of outliers while the bulk is an unreadable black band at zero. A log axis or a violin would show the actual sh"
lam2026metadiffusion,**S2**,PLOT,bar,1,0,0,0,0,0,1,0,0,0,0,0,0,"**Single timing run per bar with no error bars and no stated repeats.** The log y-axis compresses the O(N²) blow-up (265 s → 1,915 s at n = 128) so it reads as a modest gap; every bar is numerically labelled, which rescues it. **Benchmarked on one 76-residue protein only**, so the cost claim does no"
lazou2026cryptic,1,PLOT,bar (stacked),1,0,1,1,0,0,0,0,0,0,0,0,0,"**Yes.** (1) y-axis maximum is set per panel — AF3 panels are pinned 0–500 while PDB panels run 0–7 (Group 1c bound), 0–10 (Group 2 bound), 0–700 (Group 1b unbound) — so the ""distributions agree"" claim is read across non-comparable, unnormalised axes; nothing is expressed as a fraction. (2) counts a"
lazou2026cryptic,2A-D (upper),PLOT,bar,1,0,1,1,0,0,0,0,0,0,0,0,0,"**Yes** — same per-panel y-axis rescaling as Fig 1 (RNase A PDB-bound panel tops out at 7, GluR2 PDB-unbound at 340), and no n totals shown."
lazou2026cryptic,2A-D (lower),PLOT,scatter,1,0,0,0,0,0,0,0,0,0,0,0,1,"**Yes** — the classification cutoff (half the open–closed reference RMSD) is the whole basis of the state calls and is not drawn on these axes, so a reader cannot check any assignment against the plotted points; axis ranges differ panel to panel; dense overplotting of 500 points with no density enco"
lazou2026cryptic,3A-B,RENDER,structure render,1,0,0,0,0,0,0,0,0,0,0,0,1,Shows one pLDDT-top-ranked model out of 500 with no indication of ensemble spread; the quantitative counterpart lives in Table 2 and Fig 4A.
lazou2026cryptic,4A,PLOT,scatter (strip / transposed dot plot),1,0,0,0,0,0,0,0,0,0,0,0,1,"Heavy overplotting: 500 points per row collapse to a few visible clusters with no jitter or density encoding, so the *fraction* correct (the number the paper actually reports) is unreadable from the panel and must be taken from Table 2."
lazou2026cryptic,4B,PLOT,scatter,1,0,0,1,0,0,0,0,0,0,0,0,0,"**Yes.** (1) The measure axis is log-scaled while the fit is labelled ""Linear (R² = 0.36)"" and drawn as a curve — the R² is therefore not the R² of the line as drawn, and the text quotes 0.35 rather than 0.36 (p7). (2) The pLDDT axis is truncated at 45 rather than 0. (3) ~8,000 points at high opacit"
lazou2026cryptic,4C,PLOT,bar,1,0,0,0,0,0,0,0,0,0,1,0,0,"**Yes** — panels are selected post hoc (""shown only for cases where clashes were detected"", caption p6), so the denominator, the thirteen clash-free systems, is invisible; and each panel has its own y-axis (PDK's runs 0–2, Hsp90's 0–400), which flattens the ~200-fold difference in severity that the "
lazou2026cryptic,5A,PLOT,scatter (strip),1,0,0,0,0,0,0,0,0,1,0,0,0,Cluster membership is labelled by hand on the plot rather than counted; the ~half-the-ensemble figure quoted in the text (p5) has no numeric encoding in the panel.
lazou2026cryptic,5B,RENDER,structure render,0,0,0,0,0,0,0,0,0,0,0,0,0,—
lazou2026cryptic,6A,PLOT,bar (stacked),1,0,1,1,0,0,0,0,0,0,0,0,0,"**Yes** — the AF3 panels are pinned 0–500 while the PDB-bound panel tops at 7 and PDB-unbound at ~50, so an 8-protein held-out result with single-digit reference counts is displayed at the same visual weight as the 500-model ensembles; no n totals or fractions shown."
lazou2026cryptic,6B-D (upper),PLOT,bar,1,0,0,0,0,0,0,0,0,0,0,0,1,"**Yes** — several PDB panels have a y-axis maximum of 1–4 structures, and the panel gives no visual signal that the reference distribution is a single structure."
lazou2026cryptic,6B-D (lower),PLOT,scatter,1,0,0,0,0,0,0,0,0,0,0,0,1,**Yes** — classification cutoff not drawn; PDB panels frequently contain one or two points; ARHGEF2's diagonal streak is the misfolded C-terminus and is not marked as such in the panel.
lee2025seqassoc,1,SCHEMATIC,schematic,1,0,0,0,0,0,0,0,0,1,0,0,0,"Carries a plDDT colour bar with no numeric range printed, on structures that are decorative rather than measured"
lee2025seqassoc,2A,PLOT,scatter,1,0,0,0,0,0,1,1,0,0,0,0,0,"**Yes.** (i) One of the four points is a *pooled union of three methods*, so the headline comparison is CF-random against a merged competitor rather than against any single method; (ii) n = 1 per mark, no error bars, no seed-to-seed variability although 5 seeds × 5 models were run; (iii) the y-axis "
lee2025seqassoc,2B,PLOT,bar,1,0,1,0,0,0,0,0,0,0,1,0,0,"The dashed line defining the quoted ""72%"" is placed post hoc at the point that maximises the claim; no n printed on the bars"
lee2025seqassoc,2C,RENDER,structure render,1,0,0,0,0,0,0,0,0,0,1,0,0,"The number of models superposed is never given, so a single best-of-200 render stands in for the ensemble; no TM-score or RMSD is printed on any render"
lee2025seqassoc,3,RENDER,structure render,1,0,0,0,1,0,0,0,0,1,0,0,0,"**Yes.** The paper's claim that ""AF3 predicted some assemblies incorrectly but with high confidence"" (caption p4) has **no quantitative panel at all** — no TM-score, no RMSD, no plDDT number is printed; the two predictors are also rendered in different colour schemes (flat pink vs plDDT-coloured), w"
lee2025seqassoc,4A-E,RENDER,structure render,1,0,0,0,0,0,0,0,0,0,0,0,1,"No reference structure is drawn even though the quoted TM-scores (0.98/0.90, 0.97/0.99) are measured against one"
lee2025seqassoc,4B-F,PLOT,scatter,1,0,1,0,0,0,0,0,0,0,0,0,0,Per-panel n is not printed on the figure (200 is inferable only from Methods p9)
lee2025seqassoc,4C-G,MATRIX,heatmap,1,0,1,1,0,0,1,0,0,0,0,0,0,"**Yes.** (i) The cell value is explicitly the **best of the ensemble** (""The highest TM-scores that CF-random produced are reported in these tables"", caption p5), so a distribution is reduced to a maximum with no spread shown; (ii) the colour scale is truncated at 0.4 (panel c) and 0.5 (panel g) rat"
lee2025seqassoc,4D-H,MATRIX,heatmap,1,0,0,0,0,0,0,0,0,0,0,0,1,"**Yes.** The CF-random column is constant by construction (200, or 800 where extra sampling was run) while the comparator column counts a *different quantity* — ""the number of good quality structures produced by SPEACH-AF (by MolProbity score) was reported because the total number of structures gene"
lee2025seqassoc,5A,PLOT,box (with overlaid points),0,0,0,0,0,0,0,0,0,0,0,0,0,"Blank — points are overlaid on the boxes, n is stated in the caption, and the whisker rule is defined (""boxes representing interquartile ranges and the middle line representing the median. Whiskers extend to 1.5 times the interquartile range"", p6). No statistical test is reported for the 11% vs 8% d"
lee2025seqassoc,5B-D (structures),RENDER,structure render,1,0,1,0,0,0,0,0,0,0,0,0,0,"Accuracy appears as a printed Å label rather than a plotted quantity; how many of the 20 models each render represents is not stated on the figure (the text gives 40–100% frequency, p6)"
lee2025seqassoc,5B-D (MSA diagrams),SCHEMATIC,schematic,1,0,0,0,0,0,0,0,0,0,0,0,1,"Sequence counts per colour band are not printed; the text (""hundreds of 3-α-helix bundle homologs but only 3 sequences homologous to the α/β-plait"", p6) is not recoverable from the diagram"
lee2025seqassoc,6 (workflow),SCHEMATIC,schematic,1,0,0,0,0,0,0,0,0,0,0,0,1,The matrix is illustrative but is drawn in the position and style of a result; a reader could mistake the placeholder values for measured similarities
lee2025seqassoc,6 (PCA scatter),PLOT,scatter,1,0,0,0,0,0,0,0,0,0,0,0,1,"No axis units and no explained-variance fraction for either principal component; the number of points is not printed; two of the four clusters (purple, blue) are stated to be poorly folded (p6) but are not marked as such in the panel"
lee2025seqassoc,7A (proteome funnel),PLOT,bar (radial),1,0,0,0,0,0,1,0,0,0,0,0,0,"**Yes.** No radial axis, no length scale and no tick labels, so the measure is not readable off the figure; the two rings are not separately labelled in the graphic (only in the caption); a 3237-element display carries no summary statistic"
lee2025seqassoc,7A (contact map),MATRIX,heatmap / contact map,1,0,1,0,0,0,0,0,0,1,0,0,0,"Axis tick labels are present but tiny and the residue range is not stated in the caption; the decision rule that turns this map into a ""putative switcher"" (green tick) vs ""Ignore"" (red cross) is not quantified anywhere on the figure"
lee2025seqassoc,7B,PLOT,bar (horizontal),1,0,0,0,0,0,0,0,0,0,0,0,1,"**Yes.** The largest category is ""unknown"" — precisely the group the authors say is most likely to be wrong (""some predictions presented here may be incorrect, particularly those of proteins with unknown function"", p9) — and the panel carries no uncertainty, no tier-1/tier-2 split (the confidence ra"
lee2025seqassoc,7C,RENDER,structure render,1,0,0,0,0,0,0,0,0,1,0,0,0,"**Yes.** These are the paper's prospective results and there is **no quantitative panel** for them: no TM-score (none is possible), no coevolution score, no Rosetta energy value; plDDT appears only as inequalities in the caption ("">70"", "">80"", "">66 excluding disordered ends"") and the models are not "
lee2026confornets,1,SCHEMATIC,schematic,0,0,0,0,0,0,0,0,0,0,0,0,0,
lee2026confornets,2A,PLOT,line,1,0,0,1,0,0,0,0,0,0,0,0,0,"x-axis truncated at 4 Å, so the curves are cut before they converge; only Ours-**dist** is drawn, Ours-coord is omitted without saying so"
lee2026confornets,2B,MATRIX,heatmap (2D density),1,0,0,0,0,0,0,0,0,0,0,0,1,landscape is explicitly not calibrated (stated p6) yet is drawn with free-energy units and a colourbar; n of samples behind the density not shown on the panel
lee2026confornets,2C,RENDER,structure render,1,0,0,0,0,0,0,0,0,0,0,0,1,"shows only the **best** of 800 samples per state (RMSD 1.54 Å, 0.91 Å), against a benchmark success rate of ~51%"
lee2026confornets,3A,PLOT,line,1,0,0,0,0,0,0,0,0,0,0,0,1,only Ours-**coord** shown here while 2A shows only Ours-dist — the better arm is silently selected per figure
lee2026confornets,3B,MATRIX,heatmap (2D density),1,0,1,0,0,0,0,0,0,0,0,0,0,uncalibrated landscape drawn in energy units; sample n not shown
lee2026confornets,3B-render,RENDER,structure render,1,0,0,0,0,0,0,0,0,0,0,0,1,the ligand is drawn into both panels although **no ligand was given to the model** in the main protocol (p13) — the reader can mistake this for ligand-conditioned prediction
lee2026confornets,4A-B,MATRIX,heatmap (2D density),1,1,0,0,0,0,0,0,0,0,0,0,0,"n = 2 receptors chosen to illustrate two narratives (""never samples"" and ""arbitrary probability""); no aggregate landscape over the 51-receptor benchmark is shown, so the reader cannot tell how typical these are"
lee2026confornets,4A-B-render,RENDER,structure render,0,0,0,0,0,0,0,0,0,0,0,0,0,
lee2026confornets,5A-B,RENDER,structure render,1,1,0,0,0,0,0,0,0,1,0,0,0,"two hand-picked successes (TM6 RMSD 0.9 Å, global 0.8 Å) illustrating a claim whose benchmark values are 79% and 57% success@5; no quantitative panel accompanies the ""generalizes to structurally dissimilar proteins"" title claim — that evidence is in Fig. A5b, p20"
lee2026confornets,6A-B,PLOT,bar,1,0,0,0,0,1,1,1,0,0,0,0,0,"bars carry no error bars although success@5 is bootstrapped elsewhere; several bars sit at the 1.0 ceiling in both panels; the ""Avg"" bar pools 19 heterogeneous targets into one bar with no distribution shown; the 9 kinases without resolved A-loop flips are not distinguished from the 11 that have the"
lee2026confornets,6-render,RENDER,structure render,0,0,0,0,0,0,0,0,0,0,0,0,0,
lee2026confornets,A1,PLOT,line,1,0,0,0,0,0,0,0,0,0,0,0,1,"AF3 curve carries no uncertainty band at all (single seed) while OF3p does — the two are visually comparable but statistically are not; the caption discloses this, the panels do not"
lee2026confornets,A2,PLOT,line,0,0,0,0,0,0,0,0,0,0,0,0,0,
lee2026confornets,A3,PLOT,line,0,0,0,0,0,0,0,0,0,0,0,0,0,
lee2026confornets,A4,PLOT,line,0,0,0,0,0,0,0,0,0,0,0,0,0,
lee2026confornets,A5A,PLOT,scatter,1,0,0,0,0,0,1,0,0,0,0,0,0,ρ = 0.19 for kinases is reported without a p-value while the companion panel marks non-significance explicitly — significance is stated inconsistently between A5a and A5b
lee2026confornets,A5B,PLOT,scatter,0,0,0,0,0,0,0,0,0,0,0,0,0,
lee2026confornets,A6A,PLOT,box,1,0,1,0,0,0,0,0,0,0,0,0,0,n behind each box is never stated
lee2026confornets,A6B,PLOT,scatter,0,0,0,0,0,0,0,0,0,0,0,0,0,
lee2026confornets,A7A-B,MATRIX,heatmap,1,0,0,0,1,0,0,0,0,1,0,0,0,"the W and W−I rows use different colour ranges per regime (±1.0 / ±0.04 vs ±1.0 / ±0.1), so diversity and transfer panels cannot be compared by eye"
lee2026confornets,A7C,PLOT,line,1,0,0,0,0,0,0,0,0,0,0,0,1,y-scales differ between the diversity (±0.025) and transfer (±0.05) panels
lee2026confornets,A8,PLOT,line,1,0,0,0,0,0,0,0,0,0,0,0,1,transfer is drawn as a flat dashed line with no step axis of its own — a 300-step run compared to a 20-step run on a 20-step axis
lee2026confornets,A9,RENDER,structure render,1,1,0,0,0,0,0,0,0,0,0,0,0,"single hand-picked interpretable example, selected because it is easy to interpret (stated p25)"
lee2026confornets,A10,MATRIX,heatmap,1,0,0,0,0,0,0,0,0,1,0,0,0,"no colour scale shared across stages is stated; the ""pattern... gradually emerges and sharpens with depth"" claim (p25) is made by eye with no quantitative panel"
lee2026confornets,A11,MATRIX,heatmap,1,1,0,0,0,0,0,0,0,0,0,0,0,as A10; 2 of 128 channels are shown with no statement of how they were chosen
lee2026foldswitch,1A-D,RENDER,structure render,1,0,1,0,0,0,0,0,0,0,0,0,0,"Caption does not say whether the rendered coordinates are experimental or predicted, yet the colour key asserts a prediction status. No PDB IDs. No n."
lee2026foldswitch,2A-B (renders),RENDER,structure render,1,0,0,0,0,0,0,0,0,0,0,0,1,No PDB IDs given
lee2026foldswitch,2A-B (contact maps),MATRIX,heatmap / contact map,1,0,0,0,0,0,0,0,0,1,0,0,0,"Sequence length and residue-number ticks not legible/stated; no quantitative summary (e.g. fraction of contacts shared) accompanies the visual claim that the maps are ""largely similar"" vs ""very different"""
lee2026foldswitch,3A-B,RENDER,structure render,1,1,0,0,0,0,0,0,0,0,0,0,0,"**Representative-selection is unstated.** Each B sub-image is 1 of 100 structures from its cluster, and neither caption nor text says how that one was chosen (best TM? median? illustrative?). This is the one-of-many case exactly."
lee2026foldswitch,3C-F,PLOT,box (with overlaid strip of points),0,0,0,0,0,0,0,0,0,0,0,0,0,"*(blank — this figure does not hide its result; n is stated, points are shown, the threshold is drawn.)* Note only that the threshold values themselves are never given numerically in text, and the y-axis stops at 0.8 rather than 1.0."
lee2026foldswitch,4A-B (renders),RENDER,structure render,1,1,1,0,0,1,0,0,0,1,0,0,0,"**A success/failure claim with no quantitative panel at all.** The figure asserts a predictive taxonomy (""AlphaFold sometimes succeeds"" / ""AlphaFold likely fails"") using five hand-picked exemplars, with no rates, no n, no distribution, and no criterion for assigning a new case to a category."
lee2026foldswitch,4A-B (contact maps),MATRIX,heatmap / contact map,1,0,0,0,0,0,0,0,0,1,0,0,0,"No residue-number tick values; no quantitative contact-overlap statistic to back ""essentially the same residue-residue contacts"" (p. 12) vs ""very different contact patterns"" (p. 11)"
lewis2025bioemu,1A-F,SCHEMATIC,schematic,0,0,0,0,0,0,0,0,0,0,0,0,0,—
lewis2025bioemu,2A-C(cov),PLOT,line,1,0,1,0,0,0,0,0,0,0,0,0,0,"**Curves ceiling at 1.0 within every panel's plotted range** for domain motion, cryptic holo and both local-unfolding arms, so pretrained and fine-tuned are indistinguishable over the right half of each axis — cross-reference `metric_saturation`. No confidence band and no n printed on the panels."
lewis2025bioemu,"2A,C(fes)",MATRIX,heatmap,1,0,0,1,0,0,0,0,0,0,0,0,0,"Colour scale is truncated at the top (contour outline marks the 4 kcal/mol = 0.1% boundary), so the tail beyond the resolution floor is not shown; no colourbar units on several panels"
lewis2025bioemu,2B(fes),PLOT,line,1,0,0,1,0,0,0,0,0,0,0,0,0,"Free energy is visually clipped at the shaded 4 kcal/mol ceiling (the 0.1%-of-10k resolution floor), which hides how badly an unsampled state is missed"
lewis2025bioemu,2A-C(rend),RENDER,structure render,1,0,0,0,0,0,0,0,0,0,0,0,1,"**Number of overlaid samples is never given** — the caption says only that examples are ""using BioEmu"", so a render showing a close match could be 1 of 10,000. This is the classic best-sample-render case; the quantitative answer is in the coverage panels, not here"
lewis2025bioemu,3A-B(rend),RENDER,structure render,1,1,0,0,0,0,0,0,0,0,0,0,0,"Representative-structure selection rule is not stated (which of 10,000 samples is drawn)"
lewis2025bioemu,3A-B(fes),MATRIX,heatmap,1,0,0,1,0,0,0,0,0,0,0,0,0,"Colour scale is capped at 6.0 kcal/mol on every panel, and the clamp at pi = 10⁻⁴ (p32) means an entirely unsampled macrostate renders identically to a merely rare one"
lewis2025bioemu,3A-B(ss),PLOT,line,1,0,0,0,0,0,0,0,0,0,0,0,1,"No error band on either the MD or model propensity, so agreement cannot be judged against sampling noise"
lewis2025bioemu,3A(ii),PLOT,scatter,1,0,0,0,0,0,0,0,0,0,0,0,1,"Log axis spans ~5 decades, which is the honest scale for the claim but visually compresses the 30× spread *within* the BioEmu series"
lewis2025bioemu,3A(iii)+3B(ii),PLOT,scatter (Cleveland-style),1,0,0,0,0,0,0,1,0,0,0,0,0,"The per-protein numeric values exist only as plotted points — the SI carries no table for them (see `si_in_scope`); the ""mean"" column pools proteins of very different difficulty"
lewis2025bioemu,3B(iii),PLOT,line,1,0,0,0,0,0,0,0,0,0,0,0,1,"**Three points define each trend line** and no uncertainty is shown, yet the monotonic-improvement claim on p8 and the ""path forward at genomic scale"" claim on p2 both lean on it"
lewis2025bioemu,3C,PLOT,line + structure render,1,0,1,0,0,0,0,0,0,0,0,0,0,"The MD arms are explicitly non-converged (""most likely not converged"", p8) but are plotted with the same visual weight as the model, and no n or error band is shown for any arm"
lewis2025bioemu,3D,PLOT,scatter + histogram + structure render,1,0,0,0,0,0,1,0,0,0,0,0,0,"The BioEmu cloud is visibly narrower than the MD cloud — the under-dispersion the text concedes (""similar albeit less flexible"", p8) — but no dispersion statistic is given, so the gap can only be eyeballed"
lewis2025bioemu,4A,PLOT,scatter,1,0,1,0,0,0,0,0,0,0,0,0,0,**n is not stated for either split** — the single most reusable comparator table in the paper rests on an unreported sample size; heavy overplotting in the dense central region
lewis2025bioemu,4B,PLOT,box/interval,1,1,0,0,0,0,0,0,0,0,0,0,0,"**9 of 26 benchmark proteins are shown and the selection rule is not stated** — the claim ""Our model consistently samples these proteins in their folded states with a fraction of native contacts always exceeding the 0.65 threshold"" (p9) covers all 26, the figure evidences 9"
lewis2025bioemu,4C,PLOT,scatter,1,0,0,0,0,0,0,0,0,0,0,0,1,The two mis-called IDPs conceded in the text (p9) are not marked or identified in the panel
lewis2025bioemu,4D(rend),RENDER,structure render,1,0,0,0,0,0,0,0,0,0,0,0,1,Number of samples behind each render not stated
lewis2025bioemu,4D(prop),PLOT,line,1,0,0,0,0,0,0,0,0,0,0,0,1,"Shaded band shown without a stated definition (SD, SEM or percentile is not given in the caption)"
lewis2025bioemu,"S1,S2,S4",MATRIX,heatmap + structure render,1,0,0,0,0,0,0,0,0,1,0,0,0,"Dashed success thresholds (3 Å in S1/S2, 1.5 Å in S4) are drawn but colour scales are per-panel and unlabelled, so panels are not comparable to each other by eye"
lewis2025bioemu,S3,PLOT,line,1,0,0,1,0,0,0,0,0,0,0,0,0,"Free energy clipped at the resolution ceiling as in Fig. 2B; the unfolded-state reference is by construction absent, so only the folded endpoint is anchored"
lewis2025bioemu,"S5A,S6A",PLOT,line,1,0,0,0,0,0,0,0,0,0,0,0,1,"**AFCluster is sampled at a different and much smaller budget than the other methods** (p31) while sharing an axis with them, and the panels carry no confidence bands; the caption, to its credit, states the generalisation caveat explicitly"
lewis2025bioemu,"S5B-C,S6B-C",PLOT,scatter,1,0,0,0,0,0,0,0,0,0,1,0,0,"The independent axis is the **pretrained** model, not BioEmu proper, while the coverage column beside it plots both — so the head-to-head panels understate the released model; the measure itself is k-recall, the mean of the best 0.1% of samples chosen against the held reference (`oracle_leakage` rou"
lewis2025bioemu,"S7,S8",MATRIX,heatmap + line + structure render,1,0,0,0,0,0,0,0,0,0,0,0,1,"Pretrained column is present in S7 but dropped in S8, so the ablation is not carried through both datasets; per-panel colour scales again differ"
li2026embedding,1A,PLOT,line,1,0,0,0,0,0,0,0,0,1,0,0,0,"**No numeric scale on either axis** in any strip — no density tick values, no x tick values beyond the annotated points. Legitimate for an illustration, but the ""ill-conditioned sampling landscape"" claim it is cited for (p1, p2) has no quantitative panel anywhere in the paper"
li2026embedding,1B,SCHEMATIC,schematic,0,0,0,0,0,0,0,0,0,0,0,0,0,*(blank)*
li2026embedding,2A,PLOT,line,1,1,0,0,0,0,0,0,0,1,0,0,0,"**y-axis carries no numeric scale and no tick values**, so the amplitude of DPS's oscillation relative to the total reward range cannot be read. **n = 1 system of 24** and the caption says only ""Representative""; the generalisation ""We observe this stability across test systems"" (p7) has no panel. No"
li2026embedding,2B,PLOT,box,1,0,1,0,0,0,0,0,0,0,0,0,0,"**n is not printed anywhere on the figure**; it has to be reconstructed from ""3 random seeds"" (p6) and the benchmark size (p6). The left panel's measure **ceilings at 20** (see `metric_saturation`), which the box rendering makes look like a tight distribution rather than a saturated one"
li2026embedding,3A,RENDER,structure render,0,0,0,0,0,0,0,0,0,0,0,0,0,"*(blank — cc is printed on every panel, so the render is quantified)*"
li2026embedding,3B (left),PLOT,scatter,1,0,1,0,0,0,0,0,0,0,0,0,0,"Every dot is a **best-over-sweep** value (p8), so the panel shows an upper envelope, not typical behaviour; the sweep width is not indicated per point. Bin membership counts are not shown"
li2026embedding,3B (right),PLOT,scatter,1,0,1,0,0,0,0,0,0,0,0,0,0,"**The y-axis is asymmetric (−0.4 to +0.2)**, which enlarges the region favouring EmbedOpt relative to the region favouring DPS; the zero line is therefore not centred. No count of systems on each side of zero is given, though ""the majority of systems"" is claimed in the caption"
li2026embedding,3C,PLOT,box,1,0,1,0,0,0,0,0,0,0,0,0,0,"n not printed on the figure. The α axis is log-spaced but the eight levels are unevenly sampled (a gap between 0.020 and 0.10), which flattens the shape of DPS's efficacy window"
li2026embedding,4,PLOT,scatter (strip/dot),1,0,0,0,1,0,0,0,0,0,0,0,0,"**DPS is absent from the main-text figure** despite being the paper's primary conceptual comparator — it appears only in Fig 10 (p24), i.e. the panel that carries the headline ""5/6"" claim omits the same-model baseline. Each panel uses its own y-range and none starts at a shared origin (CC mask start"
li2026embedding,5,RENDER,structure render,0,0,0,0,0,0,0,0,0,0,0,0,0,"*(blank — cc printed on all 12 prediction panels, and the gallery deliberately includes the two adverse cases)*"
li2026embedding,6,RENDER,structure render,1,0,0,0,0,0,0,0,0,1,0,0,0,"**No cc or MolProbity value is printed on any panel**, so the most visually decisive figure in the paper about DPS's failure carries no number; the quantitative version lives in Tables 1–2 (p19) and Fig 7 (p23)"
li2026embedding,7,PLOT,box,1,0,1,0,0,0,0,0,0,0,0,0,0,Structures that Phenix **cannot validate at all** are necessarily absent from the boxes — 61.3% of the DPS high-LR arm before relaxation (p19) — so the DPS boxes at α ≥ 0.5 are computed on the surviving minority and **understate** the failure. That exclusion is stated in the appendix text but not on
li2026embedding,8A,PLOT,scatter,1,0,0,1,0,0,0,0,0,0,0,0,0,"The measure is **at its ceiling of 20 for most points in both panels** (the paper says so, p23), so the panel cannot separate the methods — it exists to show that it cannot. Both panels' y-axes are truncated to the top of the range (~17–20 visible), which magnifies the few sub-ceiling points"
li2026embedding,8B,PLOT,box,1,0,1,0,0,0,0,0,0,0,0,0,0,n not printed. The constraints-passed panel is again **ceiling-limited at 20**; the total-distance-violation panel is the only unsaturated view of the same data and is the middle panel rather than the lead
li2026embedding,9,PLOT,line,1,0,0,1,1,0,0,0,0,1,0,0,0,"**Each panel sets its own y-range** (CC mask tops out at 0.8, 0.6, 0.6, 0.5, 0.5 and 0.5 across the six columns; MolProbity at 5, 5, 4, 3, 5, 5), so the six targets cannot be compared by eye and the apparent size of each method's advantage varies with the column. The prior is a flat line with no ban"
li2026embedding,10,PLOT,scatter (strip/dot),1,0,0,0,0,0,0,0,0,0,0,0,1,"This is the complete version of Fig 4 and is relegated to the appendix, so the **main-text figure is the one missing the same-model DPS baseline**, not this one. Panels again use independent y-ranges. Five overlapping series in one x-slot makes per-method medians hard to separate at this size"
li2026embedding,11,PLOT,line,1,0,0,0,0,0,0,0,0,0,0,0,1,"**The x-axis runs from 1.0 down to 0.0**, i.e. reversed relative to the usual reading, so the collapse appears on the right where a reader expects the full-information end. Per-panel y-ranges differ (MolProbity tops at 3.0, 4.5 and 3.5 across the three rows). n = 3 at the two endpoint depths vs 9 el"
li2026embedding,12,RENDER,structure render,1,0,0,0,0,0,0,0,0,0,0,0,1,"The displayed model is the **median-CC seed** of 5 (a selection rule, stated in the caption), and **DPS is shown at its best per-system learning rate while EmbedOpt is fixed at α = 0.1** (caption, p28) — a defensible handicap on the authors' own method, but it makes the panels non-matched"
li2026embedding,13,RENDER,structure render,1,0,0,0,0,0,0,0,0,0,0,0,1,"as Fig 12 (median-CC seed selection; DPS at per-system best α, EmbedOpt fixed)"
liu2026ensembletests,1A,RENDER,structure render,0,0,0,0,0,0,0,0,0,0,0,0,0,
liu2026ensembletests,1B-C,PLOT,scatter on density,1,0,0,0,0,0,0,0,0,0,0,0,1,"Panel c has no colour series (order destroyed), so the two panels are not colour-comparable; density scale unlabelled"
liu2026ensembletests,1D,PLOT,line,1,0,0,0,0,0,0,0,0,0,0,0,1,"The fourth layer's invariance — arguably as important as L2's, since it shows geometric admissibility is also order-blind — is given only as legend text with no line"
liu2026ensembletests,2,SCHEMATIC,schematic,0,0,0,0,0,0,0,0,0,0,0,0,0,
liu2026ensembletests,T1,MATRIX,table,0,0,0,0,0,0,0,0,0,0,0,0,0,
liu2026ensembletests,3A,PLOT,scatter,1,0,0,0,0,0,0,0,0,0,0,0,1,"The four unordered models are placed on a rail *outside* the plotting plane with no vertical position, which is honest (their post-gate is NA) but makes them visually incomparable; the legend has to state ""distances in this plane are descriptive and do not define a composite performance metric"""
liu2026ensembletests,3B,PLOT,bar,1,0,0,1,0,0,0,0,0,0,0,0,0,"Three of five models show ""NR"" in place of a bar, so the panel is 40% populated; y-axis is truncated at 0.6 in each sub-panel, cutting off nothing observed but making the printed values do the work"
liu2026ensembletests,4A,PLOT,line + point,1,0,0,0,0,0,1,0,0,0,0,0,0,"Only two x-positions, so the connecting lines imply a trend across a nominal 2-level variable; the two anchors are dashed lines without error bars"
liu2026ensembletests,4B,PLOT,dot plot with range,0,0,0,0,0,0,0,0,0,0,0,0,0,
liu2026ensembletests,4C,PLOT,slope plot,1,0,0,0,0,0,0,0,0,0,0,0,1,"Lines join three non-ordinal categories, implying a progression that does not exist"
liu2026ensembletests,4D,PLOT,paired dot / dumbbell,1,0,0,0,0,0,0,0,1,0,0,0,0,"Four different units share one horizontal layout with no axis at all; the ""verdict"" row is categorical (NR → reportable) plotted in the same visual grammar as counts"
liu2026ensembletests,5A-B,PLOT,bar,1,0,0,0,0,0,0,0,0,0,0,0,1,"Panel b's L4 column is text beside the bars rather than a second encoded measure, so the reader cannot compare it visually; peptide and protein panels use different observables (heavy-atom distances vs Cα) on a shared axis label"
liu2026ensembletests,5C,PLOT,bar,1,0,0,0,0,0,0,0,0,0,0,0,1,"The i.i.d.-temporal bars are replaced by the words ""fails diagnostic"", so the single most important comparison in the paper's specificity control has no drawn quantity — the zero is a label, not a mark"
liu2026ensembletests,ED1A+D,PLOT,stacked bar / bar,1,0,0,0,0,0,0,0,0,0,0,0,1,"BioKinema's auxiliary distributions were never recorded, leaving a hole labelled ""not recorded"" in b–d"
liu2026ensembletests,ED1B,PLOT,strip + summary,1,0,0,0,0,0,0,0,0,0,0,0,1,Log x-axis without gridlines; BioKinema row empty
liu2026ensembletests,ED1C,PLOT,strip + summary,1,0,0,0,0,0,0,0,0,0,0,0,1,BioKinema row empty
liu2026ensembletests,ED2,PLOT,strip / point cloud,1,0,0,0,0,0,0,0,0,0,0,0,1,"Native output intervals differ between columns, so the columns are not on a common temporal resolution — stated in the legend but not encoded"
liu2026ensembletests,ED3A,PLOT,slope plot,1,0,0,0,0,0,0,0,0,0,0,0,1,Paired CIs are printed as text next to the lines rather than drawn
liu2026ensembletests,ED3B,PLOT,dot plot with CI,0,0,0,0,0,0,0,0,0,0,0,0,0,
liu2026ensembletests,ED3C,PLOT,stacked bar,0,0,0,0,0,0,0,0,0,0,0,0,0,
liu2026ensembletests,ED4A,PLOT,line,1,0,0,0,0,0,0,0,0,0,0,0,1,Nine overplotted lines with five legend entries; individual model traces are not separable in the middle of the range
liu2026ensembletests,ED4B+D,PLOT,bar,1,0,0,1,0,0,0,0,0,0,0,0,0,"Panel d's axis is zoomed to 0.94–1.00, which magnifies a Δ of 0.012 into a visually large difference — the truncation is labelled ""zoomed"" but not broken-axis marked"
liu2026ensembletests,ED4C,PLOT,dot plot with CI,0,0,0,0,0,0,0,0,0,0,0,0,0,
liu2026ensembletests,ED5A,PLOT,dot plot with range,1,0,0,0,0,0,0,0,0,0,0,0,1,"Layer 2 is drawn as a single square because it is exactly invariant — correct, but a reader cannot tell an exact invariance from an unreported range"
liu2026ensembletests,ED5B,PLOT,scatter with error bars,0,0,0,0,0,0,0,0,0,0,0,0,0,
liu2026ensembletests,ED6,PLOT,stacked bar,1,0,0,0,0,0,0,0,0,0,0,0,1,"Per-cell n behind each bar is not shown, so a 36% SATURATED share on one row and another are not weight-comparable; percentages ""rounded and may sum to 100 ± 1"""
liu2026ensembletests,ED7A,PLOT,line,0,0,0,0,0,0,0,0,0,0,0,0,0,
liu2026ensembletests,ED7B-C,PLOT,line,1,0,0,1,0,0,0,0,0,0,0,0,0,"**Panel b's y-axis runs 0.96–1.00 while panel c's runs 0.4–0.9** — the invariance and the response are shown on incomparable, truncated scales, which visually equalises a flat 0.990 line with a 0.2-wide swing"
liu2026ensembletests,EDT1,MATRIX,table,1,0,0,0,0,0,0,0,0,0,0,0,1,"Every cell is the authors' own reading of someone else's paper, justified only in Supplementary Note 1, which is not in the held PDF — the priority claim rests on an unverifiable table"
lu2026twostages,1A,SCHEMATIC,schematic,0,0,0,0,0,0,0,0,0,0,0,0,0,
lu2026twostages,1B,PLOT,line (filled area),1,0,0,1,0,0,0,0,0,0,0,0,0,n per block never shown; no error band on any curve despite these being proportions over a few thousand cases; y-axis top is clipped just above the peak so the ESMFold sequence peak is at the frame edge
lu2026twostages,2,SCHEMATIC,schematic,0,0,0,0,0,0,0,0,0,0,0,0,0,
lu2026twostages,3,SCHEMATIC,schematic,0,0,0,0,0,0,0,0,0,0,0,0,0,
lu2026twostages,4A,PLOT,line,1,0,0,0,0,0,0,0,0,0,0,0,1,n per curve not annotated on the figure
lu2026twostages,4B,PLOT,line,1,0,0,0,0,0,0,0,0,0,0,0,1,"Each pathway is normalized *within itself* across the trunk (p5), so the two curves are not on a comparable scale and their crossing point carries no meaning — the normalization is stated in the text but not on the axis"
lu2026twostages,4C,PLOT,line,0,0,0,0,0,0,0,0,0,0,0,0,0,
lu2026twostages,5A,SCHEMATIC,schematic,0,0,0,0,0,0,0,0,0,0,0,0,0,
lu2026twostages,5B,PLOT,line (filled area),1,0,1,0,0,0,0,0,0,0,0,0,0,"No error band, despite p31 claiming 95% CIs for Fig 5c only; per-block n not shown"
lu2026twostages,5C,PLOT,line,0,0,0,0,0,0,0,0,0,0,0,0,0,
lu2026twostages,6A,PLOT,line,1,0,0,1,0,0,0,0,0,0,0,0,0,"y-axis starts at 0.4, not at the 0.5 chance line, so blocks performing at chance are not visually identifiable as such"
lu2026twostages,6B,MATRIX,heatmap,1,1,0,0,0,0,0,0,0,0,0,0,0,Single hand-picked protein at a single hand-picked block; no quantification of how typical it is (6A carries that)
lu2026twostages,6C,PLOT,line,0,0,0,0,0,0,0,0,0,0,0,0,0,
lu2026twostages,6D,RENDER,structure render,1,0,0,0,0,0,0,0,0,0,0,0,1,Which protein is shown is not stated; no reference structure for comparison
lu2026twostages,7A,PLOT,line (points+line),0,0,0,0,0,0,0,0,0,0,0,0,0,
lu2026twostages,7B,PLOT,line (filled area),1,0,1,0,0,0,0,0,0,0,0,0,0,"No n, no error band"
lu2026twostages,7C,SCHEMATIC,schematic,1,0,0,0,0,0,0,0,0,0,0,0,1,"The distance sub-matrices are illustrative, not measured data, but are drawn with a quantitative Å colourbar"
lu2026twostages,8A,MATRIX,heatmap,0,0,0,0,0,0,0,0,0,0,0,0,0,
lu2026twostages,8B,PLOT,line,1,0,0,1,0,0,0,0,0,0,0,0,0,y-axis floored at 0 while the shuffled whitened-Procrustes R² is reported in App M.1 as ≈ −1 (p26) — the control curve is therefore clipped to the axis bottom and its true depth is invisible here
lu2026twostages,8C,PLOT,line (filled area),1,0,1,0,0,0,0,0,0,0,0,0,0,No n or error band on rates that peak at only 10–22%
lu2026twostages,9,SCHEMATIC,schematic,0,0,0,0,0,0,0,0,0,0,0,0,0,
lu2026twostages,10,RENDER,structure render,0,0,0,0,0,0,0,0,0,0,0,0,0,
lu2026twostages,11,PLOT,line,1,0,1,0,0,0,1,0,0,0,0,0,0,"Subset size never stated; no error bars. The panel shows medium and long proteins still refining at 4 recycles, yet recycling is disabled for targets up to 400 residues"
lu2026twostages,12,PLOT,bar,1,0,1,0,0,1,1,0,0,0,0,0,0,"Bars over what are certainly heterogeneous per-case distributions, with no n, no CI, and no distribution shown — the single clearest example in this paper of a bar hiding a distribution"
lu2026twostages,13,PLOT,line (filled area),1,0,1,0,0,0,0,0,0,0,0,0,0,No n or error band
lu2026twostages,14A,PLOT,line (filled area),0,0,0,0,0,0,0,0,0,0,0,0,0,
lu2026twostages,14B,PLOT,line,0,0,0,0,0,0,0,0,0,0,0,0,0,
lu2026twostages,14C,PLOT,line,1,0,0,0,0,0,0,0,0,0,0,0,1,Same within-pathway normalization issue as 4B
lu2026twostages,14D,PLOT,line,0,0,0,0,0,0,0,0,0,0,0,0,0,
lu2026twostages,15,PLOT,line,1,0,0,0,0,0,0,0,0,0,0,0,1,AUC near 1.0 for most of every trunk — the curve is at ceiling and carries no block-resolved information after block ~10
lu2026twostages,16A-B,PLOT,line,1,0,0,0,0,0,0,0,0,0,0,0,1,Chance level for a balanced-accuracy probe is 0.5 but no chance line is drawn
lu2026twostages,17,PLOT,line,1,0,0,0,0,0,0,0,0,0,0,0,1,n per condition never given; the saturating plateau means the reported α = 3σ operating point is off the right-hand end of this axis and cannot be located on it
lu2026twostages,18,RENDER,structure render,1,1,0,0,0,0,0,0,0,0,0,0,0,"One hand-picked protein; no reference or unsteered overlay, so the reader cannot judge how much of the change is the intervention"
lu2026twostages,19A,PLOT,line,1,0,0,0,0,0,0,0,0,0,0,0,1,y-axes start at 0.4/0.5 and differ between panels; the 0.5 chance line is not marked
lu2026twostages,19B,MATRIX,heatmap,1,1,0,0,0,0,0,0,0,0,0,0,0,"One hand-picked protein and block per model; colourbar ranges differ across panels, so the three maps are not directly comparable"
lu2026twostages,19C,PLOT,line,1,0,0,0,0,0,0,0,0,0,0,0,1,"y-axis ranges differ per panel (ESMFold ~−15→+5, OpenFold ~−15→+5, Boltz-1 ~−15→+2.5), so the ""OpenFold largest, Boltz-1 smallest"" claim cannot be read off the panels without checking axes"
lu2026twostages,21,MATRIX,heatmap,1,0,0,0,0,0,0,0,0,1,0,0,0,Purely qualitative; head specialisation is asserted from these maps with no quantitative summary
lu2026twostages,22,MATRIX,heatmap,1,0,0,0,0,0,0,0,0,0,0,0,1,as above
lu2026twostages,23,RENDER,structure render,0,0,0,0,0,0,0,0,0,0,0,0,0,
lu2026twostages,24A,MATRIX,heatmap,0,0,0,0,0,0,0,0,0,0,0,0,0,
lu2026twostages,24B,PLOT,line,1,0,0,1,0,0,0,0,0,0,0,0,0,Same clipped-floor problem as 8B: shuffled whitened-Procrustes R² is ≈ −1 (p26) but the panels bottom out near 0
lu2026twostages,24C,PLOT,line (filled area),1,0,1,0,0,0,1,0,0,0,0,0,0,"No n, no CI, on rates of 5–17%; the direction asymmetry the text flags as unexplained (p26) is presented without any uncertainty estimate that would say whether it is real"
lu2026twostages,25,PLOT,line,0,0,0,0,0,0,0,0,0,0,0,0,0,
masters2025physics,1,RENDER,structure render / grid of small multiples,1,0,0,0,0,0,0,0,0,1,0,0,0,"**Yes.** The central claim of the paper's first result has **no quantitative panel at all** — pose displacement, steric clashes and ""unphysical overlapping atoms"" are called by eye. Only two RMSD values (0.2, 2.2 Å) appear anywhere, in prose. Number of predictions generated per cell, and how the dis"
masters2025physics,2,RENDER,structure render / grid of small multiples,1,0,0,0,0,0,0,0,0,1,0,0,0,"**Yes.** Same defect as Fig. 1, and it lands harder here: this is the *entire* anti-memorisation control (n = 1), reported with zero numbers — no RMSD is given for any of the 16 cells, so the arm cannot be quantitatively compared to Fig. 1"
masters2025physics,3,PLOT,bar,1,0,1,1,0,1,1,0,0,0,0,0,0,"**Yes, four ways.** (i) Bars hide the underlying continuous RMSD distribution — a system at 1.9 Å and one at 0.1 Å are the same bar. (ii) **Per-bin n is not shown**, so the three pLDDT groups may be wildly unequal and no bar carries a denominator. (iii) **No error bars or CIs anywhere.** (iv) **The "
masters2025physics,4 (left column),SCHEMATIC,schematic,0,0,0,0,0,0,0,0,0,0,0,0,0,
masters2025physics,4 (model columns),RENDER,structure render / grid of small multiples,1,0,1,0,0,0,0,0,0,1,0,0,0,"**Yes.** No quantitative panel for the methylation series at all — RMSD is never plotted, and the qualitative claims (""Several steric clashes and stretched bonds were observed"", p.5) carry no count or distance. Also a **figure/table inconsistency**: 6 methylation rows are drawn here, while Table 1 ("
masters2025physics,5A,RENDER,structure render,0,0,0,0,0,0,0,0,0,0,0,0,0,
masters2025physics,5B-C (left columns),SCHEMATIC,schematic,0,0,0,0,0,0,0,0,0,0,0,0,0,
masters2025physics,5B-C (model columns),RENDER,structure render / grid of small multiples,1,0,0,0,0,0,0,0,0,1,0,0,0,"**Yes.** The strongest perturbation in the paper — charge inverted from −3 to +3 in a positively charged pocket — is reported with **no measured displacement of any kind**. ""AlphaFold3 and Boltz-1 both partially displaced the ligand"" and ""RosettaFold All-Atom and Chai-1 showed little to no repositio"
matic2023gpcrome,1A,SCHEMATIC,schematic,0,0,0,0,0,0,0,0,0,0,0,0,0,
matic2023gpcrome,1B-C,PLOT,bar (drawn as nested sunburst / donut wedges),0,0,0,0,0,0,0,0,0,0,0,0,0,
matic2023gpcrome,2A,RENDER,structure render,0,0,0,0,0,0,0,0,0,0,0,0,0,
matic2023gpcrome,2B-C,MATRIX,"heatmap (adjacency, drawn node-link)",1,0,1,0,0,0,0,0,0,0,0,0,0,"Contact *counts* per edge are shown only as line width against a 3-step size key; per-edge n is not printed. Dashed edges encode ""contact absent in this group but present in the other"", which is a second value channel with no scale."
matic2023gpcrome,2D-E,PLOT,bar,1,0,1,0,0,0,1,0,0,0,0,0,0,"Diverging mirrored layout makes the two series share a zero line and read as one bar; no error bars and no per-SSE n, so nothing indicates how many complexes support each degree."
matic2023gpcrome,2F,PLOT,bar,1,0,0,0,0,0,0,0,0,0,0,0,1,Same diverging-bar issue as 2D-E; the x-axis tick labels are dense and unreadable at print size.
matic2023gpcrome,3A,MATRIX,heatmap,1,0,0,0,0,0,0,0,0,0,0,0,1,"**Yes.** The rows shown are pre-selected using experimentally known coupling labels — ""Only contacts present in at least 10% of the structures and having an absolute LOR value greater than 2 are considered."" The two-cluster Gs/Gi separation the figure displays is therefore partly built in by the fil"
matic2023gpcrome,3 (right marginal),PLOT,bar,1,0,0,0,0,0,0,0,0,0,0,0,1,"Axis label is printed at ~3 pt and is illegible; no axis scale is readable, so the absolute-LOR > 2 cutoff cannot be checked from the figure."
matic2023gpcrome,4A,PLOT,bar,1,0,0,0,0,0,0,0,0,0,0,0,1,"Cluster sizes (n per cluster) are not printed, so the fractions (e.g. 35% vs 15% for G12/13) rest on unstated denominators."
matic2023gpcrome,4B-C,PLOT,violin,1,0,0,0,0,0,0,0,0,0,0,0,1,Panel C's violins are drawn beside a B-factor-coloured structure render sharing the same letter; n per violin is not printed.
matic2023gpcrome,4C (structure),RENDER,structure render,1,0,0,0,0,0,0,1,0,0,0,0,0,"A statistic pooled over 125 complexes is painted onto a single structure, which reads as a property of that structure."
matic2023gpcrome,4D-E,MATRIX,heatmap,1,0,0,0,0,0,0,0,0,0,0,0,1,Thresholding at >20% frequency removes the tail without showing it; the number of complexes behind each cell is not given.
matic2023gpcrome,4F-G,RENDER,structure render,1,1,0,0,0,0,0,0,0,0,0,0,0,Inter-atomic distances are annotated on the render with no scale bar and no statement of how they were measured.
matic2023gpcrome,5A,SCHEMATIC,schematic,0,0,0,0,0,0,0,0,0,0,0,0,0,
matic2023gpcrome,5B-C,PLOT,bar,1,0,0,0,0,1,0,0,0,0,0,0,0,"**Yes, twice.** (i) 12 Rosetta binding weights are captioned as ""n = 12 independent experiments"", which they are not — they are 12 settings of one deterministic protocol. (ii) The caption reports SEM of **±0.00** for four of the six bars (""Gi/o −17.625 ± 0.00, Gs −102.715 ± 0.00""), i.e. all 12 ""inde"
matic2023gpcrome,5D,SCHEMATIC,schematic,0,0,0,0,0,0,0,0,0,0,0,0,0,
matic2023gpcrome,5E-G,PLOT,bar with overlaid points,1,0,0,0,0,1,1,0,0,0,0,0,0,"Bars over n = 3–5, but the replicate points are plotted, which is the right mitigation. Significance is shown only as ns/*/*** with no effect sizes on the figure."
matic2023gpcrome,5H,RENDER,structure render,1,0,0,0,0,0,0,0,0,0,0,1,0,Only the mutations that worked are rendered; the five that had no effect are not shown. Distances are annotated with no uncertainty.
matic2023gpcrome,6,MATRIX,heatmap,1,0,0,0,0,0,0,0,0,0,0,0,1,Cluster memberships are described in prose (p.6) but n per cluster is not printed on the figure; the RMSD colour scale is not legible at print size.
matic2023gpcrome,7A,PLOT,bar,1,0,0,0,0,0,0,0,0,0,0,0,1,Cluster denominators not printed.
matic2023gpcrome,7B,PLOT,box,1,0,0,0,0,0,0,0,0,0,0,0,1,"n differs ~3-fold between the two boxes, which the box widths do not encode; the p-value shown (2.512E-14) is driven partly by that imbalance."
matic2023gpcrome,7C,PLOT,line/point with error bars,0,0,0,0,0,0,0,0,0,0,0,0,0,
matic2023gpcrome,7D-E,RENDER,structure render,1,0,0,0,0,0,0,0,0,1,0,0,0,D shows terminal spread as a visual impression with no quantitative scale; the RMSF panel (7C) is the quantitative version and sits in a different panel.
matic2023gpcrome,8A-C,PLOT,box,0,0,0,0,0,0,0,0,0,0,0,0,0,
matic2023gpcrome,8D-F (plots),PLOT,box,1,0,1,0,0,0,0,0,0,0,0,0,0,"Per-receptor n is not given anywhere, and for receptors with a single structure per coupling group a box would be drawn over very few points."
matic2023gpcrome,8D-F (renders),RENDER,structure render,0,0,0,0,0,0,0,0,0,0,0,0,0,
matic2023gpcrome,9A-B,PLOT,violin,1,0,0,0,0,0,0,0,0,0,0,0,1,"**Yes.** The comparison is paired (two-sided Wilcoxon signed-rank, P = 0.021 and 0.004) but is plotted as two unpaired marginal violins, so the paired shift — a mean DockQ difference of ~0.019 — is invisible and the two distributions look identical. This is the panel the paper's ""even without templa"
matic2023gpcrome,9C-D,PLOT,scatter,1,0,0,1,0,0,0,0,0,0,0,0,0,Panel C's x-axis starts at 0.60 rather than 0 — a truncated axis that visually stretches a narrow score range and steepens the apparent slope.
matic2023gpcrome,9E,MATRIX,heatmap,1,0,0,1,0,0,0,0,0,0,0,0,0,"**Yes.** Four families are packed into each cell as coloured sub-triangles with wildly unequal support (87 Gs, 265 Gq/11, 430 Gi/o, 43 G12/13 models), so a G12/13 triangle at frequency 1.0 may rest on a handful of models while a Gi/o one rests on hundreds; the per-family n appears only in the captio"
matic2023gpcrome,9F-H,PLOT,violin,1,0,1,0,0,0,0,0,0,0,0,0,0,"Violin widths are area-normalised, so the 43-model G12/13 violin is drawn as wide as the 430-model Gi/o one; n appears only in the caption. Panel H gives no n per receptor class at all."
mattsson2026leakage,1A,PLOT,scatter (pairs-plot lower triangle),1,0,1,0,0,0,0,0,0,0,0,0,0,n never stated — the caption and text give r values but never the number of compounds in the series
mattsson2026leakage,1B,PLOT,histogram,1,0,0,0,0,0,0,0,0,0,0,0,1,"y-axis of the top-left histogram is labelled ""M1"" and scaled 0–1.00 rather than as a count, so the histogram measure is ambiguous"
mattsson2026leakage,1C,MATRIX,"heatmap-style annotated matrix (text in cells, colour-encoded)",1,0,0,0,0,0,0,0,0,0,0,0,1,binary blue/red colouring discards the magnitude it encodes — 0.51 and 0.76 render identically; only the printed number recovers it
mattsson2026leakage,2A,RENDER,structure render,1,0,0,0,0,0,0,0,0,1,0,0,0,"the claim ""virtually indistinguishable"" is supported by no quantitative panel — no RMSD between the two poses is given, and no experimental structure is overlaid"
mattsson2026leakage,2B,PLOT,scatter with regression band,1,0,0,0,0,0,0,0,0,0,0,0,1,n of the series is not printed; the regression band implies a fit whose parameters are not given
mattsson2026leakage,3,PLOT,bar,1,0,1,0,0,1,0,0,0,0,0,0,0,"**bars hide the per-target distributions** they average — no per-target points are shown for any method; **error bars are present only on the ligand-only bars**, so the published methods appear as point estimates with no uncertainty, which is exactly the comparison at issue; n per bar is not printed"
mattsson2026leakage,4A,PLOT,line with CI band,0,0,0,0,0,0,0,0,0,0,0,0,0,
mattsson2026leakage,4B,PLOT,line with CI band,1,0,0,1,0,0,0,0,0,0,0,0,0,"MAE axis starts at ~0.55 rather than 0 — a truncation, though it does not cross a meaningful zero for an error metric"
mattsson2026leakage,5,PLOT,scatter,1,0,1,0,0,0,0,0,0,0,0,0,0,"no uncertainty shown on a count derived from a filtering cascade; the cumulative-vs-binned reading of ""cutoff"" is not stated in the panel"
mattsson2026leakage,6,PLOT,scatter with regression band,1,0,0,0,0,0,0,0,0,0,0,0,1,"axis units differ between the two panels' x-axes (−ΔG scales differ) with no shared scale, so the two cases are not visually comparable"
mattsson2026leakage,7,PLOT,scatter with mean and CI,0,0,0,0,0,0,0,0,0,0,0,0,0,
mattsson2026leakage,8A,PLOT,line with CI band,1,0,0,0,0,0,0,0,0,0,0,0,1,the leftmost bin rests on **n_a = 5 assays** and its CI band spans roughly 0.0–0.4; the line is drawn through it at equal visual weight to bins with 546 and 374 assays
mattsson2026leakage,8B,PLOT,line with CI band,1,0,0,1,0,0,0,0,0,0,0,0,0,"same n_a = 5 leftmost bin, here with a CI band spanning ~1.0–2.1; MAE axis starts at ~0.6"
miglionico2026atlas,1A,SCHEMATIC,schematic,0,0,0,0,0,0,0,0,0,0,0,0,0,
miglionico2026atlas,1B,PLOT,line (filled KDE),1,0,1,0,0,0,0,1,0,0,0,0,0,"**Pooled where it should be per-system**: the text claims quality ""across GPCR classes"" (p9) and the Discussion cites this panel for the same claim (p14), but the panel is a single pooled curve with no class split. **n not shown on the panel.** No per-pair points; the best-of-references selection (p"
miglionico2026atlas,1C-D,PLOT,violin (with box inside),1,0,0,0,0,0,0,0,0,0,0,0,1,n not annotated; interaction probability saturates at the 1.0 bound for both classes so the violins overlap heavily where it matters (see `metric_saturation`)
miglionico2026atlas,1E,PLOT,scatter (2D KDE contours + marginals),1,0,0,1,0,0,0,0,0,0,0,0,0,"**Both axes truncated**: pLDDT starts at 70 — which is also the residue-filtering threshold (p20), so the panel cannot show what the filter removed — and interaction probability starts at 0.5, cutting the low-confidence tail visible in 1C. Individual points are replaced by contours, so n and outlier"
miglionico2026atlas,2A,PLOT,bar,1,0,1,0,0,0,1,0,0,0,0,0,0,"No confidence intervals or error bars on any AUC; per-family n not shown, so the small-family bars carry unknown uncertainty"
miglionico2026atlas,2B,PLOT,box,1,0,1,0,0,0,0,0,0,0,0,0,0,n per class not shown — B1 (median 0.64) is the weakest class and its box could rest on very few receptors
miglionico2026atlas,2C,PLOT,bar,1,0,1,0,0,0,1,0,0,0,0,0,0,"No error bars or CIs; per-Gα n not shown, and Gi/o is acknowledged in the text as ""positive prone"" (p15) without that imbalance appearing in the panel"
miglionico2026atlas,2D,PLOT,scatter (beeswarm),0,0,0,0,0,0,0,0,0,0,0,0,0,
miglionico2026atlas,2E,MATRIX,heatmap,1,0,0,0,0,0,0,0,0,0,0,0,1,"Features are pre-filtered at mean\|SHAP\| > 0.05, so the panel cannot show how many features were dropped"
miglionico2026atlas,2F,RENDER,structure render,1,1,0,0,0,0,0,0,0,0,0,0,0,"Single representative complex out of 10,413, chosen without a stated criterion"
miglionico2026atlas,3,TREE,tree with annotation rings,1,0,0,0,0,0,0,0,0,0,0,0,1,"Annotation mixes experimental and predicted couplings in one colour scale — ""annotated with the experimental (when available) or predicted coupling information"" (p30) — so the panel cannot be read to separate the two, which is the paper's own claim of novelty"
miglionico2026atlas,4A,PLOT,bar (UpSet),1,0,0,0,0,0,0,0,0,0,0,0,1,"Only the 13 largest intersections are drawn; the tail (and the receptors with no coupling) is not shown, so the bars do not sum to the receptor total"
miglionico2026atlas,4B,PLOT,bar (100% stacked),1,0,0,0,0,0,0,0,0,0,0,0,1,"**Percentages with no denominators on the panel** — the text notes the predicted set covers many more receptors than the experimental one (p8), which is exactly what a percentage-only axis hides"
miglionico2026atlas,4C,PLOT,bar (with SD and points),0,0,0,0,0,0,0,0,0,0,0,0,0,
miglionico2026atlas,4D,PLOT,bar,1,0,0,0,0,0,1,0,0,0,0,0,0,"**n = 1 per bar with no spread shown** — the 5 generated models are collapsed before this panel, so bar height carries no uncertainty at all"
miglionico2026atlas,4E,PLOT,bar (with SEM and points),1,0,0,0,0,0,0,0,0,0,0,0,1,"Positive-control bars are plotted but ""excluded from the statistical analysis"" (p26, p32), so the significance asterisks are on a different set than the drawn bars"
miglionico2026atlas,4F,PLOT,scatter,1,0,0,0,0,0,0,1,0,0,0,0,0,Quadrant shading encodes the discrimination threshold on both axes but the thresholds themselves are not labelled with values; the four reporters are pooled into one correlation
miglionico2026atlas,4G-K,RENDER,structure render,1,0,0,0,0,1,0,0,0,1,0,0,0,"**A claimed quantitative result with no quantitative panel**: the non-coupling calls rest on ipTM values printed as text on two panels (0.31 vs 0.7) and on visual judgement of docking topology, with no distribution or threshold shown. No experimental reference is overlaid on any panel."
miglionico2026atlas,4L,MATRIX,heatmap,1,0,0,0,0,0,0,0,0,0,0,0,1,Experimental and predicted values share one colour scale with no marking of which cell is which
miglionico2026atlas,5A,PLOT,bar (UpSet),1,0,0,1,0,0,0,0,0,0,0,0,0,Truncated intersection list as in 4A; the 20 ORs with no predicted coupling are not represented
miglionico2026atlas,5B-C,MATRIX,node-link network,1,0,1,0,0,0,0,0,0,0,0,0,0,No axis or scale bar for node size or edge thickness; no n of complexes behind either network; a difference between the two panels cannot be read quantitatively
miglionico2026atlas,5D,RENDER,structure render,1,0,0,0,0,0,0,0,0,0,0,0,1,"**This panel contains no prediction at all** — it is two deposited structures used to corroborate a predicted difference, but is captioned and cited alongside the predicted networks (p11)"
miglionico2026atlas,5E,PLOT,box (with points),1,0,1,0,0,0,0,0,0,0,0,0,0,"n not shown on the panel; with n in the hundreds the Mann–Whitney p-values (down to 4.3E-90) are driven partly by n, which the panel does not let a reader judge"
miglionico2026atlas,5F,PLOT,violin (with box inside),1,0,1,1,0,0,0,0,0,0,0,0,0,n not shown; measure axis is inverted and truncated at −50/−130 with no indication of clipped tails
miglionico2026atlas,6A,SCHEMATIC,schematic,0,0,0,0,0,0,0,0,0,0,0,0,0,
miglionico2026atlas,6B,PLOT,bar,1,0,0,0,0,0,0,0,0,0,0,0,1,"Percentages with no denominators drawn; ORs (96%, 27/28 per p12) sit on a very small n that the bar does not reveal"
miglionico2026atlas,6C,PLOT,"bar (100% stacked, horizontal)",1,0,0,0,0,0,0,0,0,0,0,0,1,"Composition-only axis removes all absolute counts, so a tissue with 4 coupled receptors looks like one with 200; families with <4 members are silently dropped (p27)"
miglionico2026atlas,6D,PLOT,bar,1,1,0,0,0,0,0,0,0,0,0,0,0,Only the most restricted families are shown; the selection rule for how many to draw is not stated
miglionico2026atlas,6E-F,PLOT,bar,1,0,0,0,0,1,0,0,0,0,0,0,0,"**Two bars each, no distribution, no uncertainty** — GTEx and TCGA differ in sample count and tissue composition and neither panel shows it"
miglionico2026atlas,6G,PLOT,"bar (diverging, horizontal)",1,0,1,0,0,0,0,0,0,0,0,0,0,"Presence/absence metric built on ""at least one edge"" (p27), so a family present in one tissue by a single pair scores the same as one present by hundreds; n not shown"
miglionico2026atlas,6H,PLOT,violin (with box inside),1,0,1,0,0,0,0,0,0,0,0,0,0,"n not shown; each receptor contributes once per tissue so observations are not independent, which the panel and the P = 7.6E-20 Mann–Whitney do not reflect"
miglionico2026atlas,6I-J,PLOT,bar,1,0,0,0,0,0,0,0,0,0,0,0,1,"Top-10 selection by the quantity being plotted, so the panels are selected on the effect they display"
miglionico2026atlas,6K,MATRIX,Sankey,1,0,0,0,0,0,0,0,0,0,0,0,1,"No axis and no printed counts, so no transition magnitude can be read off the panel"
migliorini2026pairsae,1A,RENDER,structure render,1,0,0,0,0,0,0,0,0,0,0,0,1,"Three features shown out of 16,384 with **no stated selection rule**; no indication how many were inspected. No colour scale on the render itself (the scale lives in the 1B strips below)."
migliorini2026pairsae,1B,MATRIX,heatmap,1,0,0,0,0,0,0,0,0,0,0,0,1,"Ground-truth positives (blue) and activations (red) are on the **same glyphs**, so a residue that is both a true positive and highly activated is hard to read; per-strip colourbars have **different maxima** (1.562 / 2.440 / 6.648), so activation intensity is not comparable across the three panels."
migliorini2026pairsae,2,PLOT,bar,1,0,0,0,0,0,1,0,0,0,0,0,0,"**Reports a thresholded count, not the F1 distribution** — the underlying per-concept F1s are never shown, so a category could sit at 0.49 throughout and score zero. **Counts are not normalised to the wildly unequal category denominators** (3 to 314 concepts), so ""Regions"" and ""Secondary structure"" "
migliorini2026pairsae,3A,PLOT,scatter,1,0,1,0,0,0,0,0,0,0,0,0,0,n per series not printed in the panel (recoverable only from §B.3 and other figures); train and test heavily overplotted with no transparency ordering stated.
migliorini2026pairsae,3B,PLOT,histogram (overlaid density),1,0,0,0,0,0,0,0,0,0,0,0,1,"Densities are normalised per group, so the 5.4× group-size imbalance (47 vs 252) is invisible in the bar heights; the n's are given in the legend, which mitigates this."
migliorini2026pairsae,3C,RENDER,structure render,1,1,0,0,0,0,0,0,0,0,0,0,0,"One example, no colour scale, no indication of how representative it is of the 252 activating complexes."
migliorini2026pairsae,B.4,PLOT,histogram (overlaid),1,0,1,0,0,0,0,0,0,0,0,0,0,n's not printed in the panel.
migliorini2026pairsae,B.5,PLOT,scatter,1,0,1,0,0,0,0,0,0,0,0,0,0,"Same shape as 3A but plotted separately rather than as a two-panel facet, so the L33/L64 comparison the reader wants must be made across pages 5 and 10. n not printed."
migliorini2026pairsae,B.6,PLOT,histogram (overlaid),1,0,1,0,0,0,1,0,0,1,0,0,0,"**The text calls the difference ""substantial"" (p10) but no test statistic, effect size or CI is given for any of the six panels** — a claimed result with no quantitative panel. Counts (not densities) are used with no n stated, and the y-axis maximum differs per panel. The six output heads are never "
migliorini2026pairsae,C.7,PLOT,line,1,0,0,0,0,0,0,0,0,0,0,0,1,"The λ axis runs **decreasing** left to right (−0.5 → −3.5), which inverts the usual reading direction for a regularisation path. y-ranges differ between panels (−0.2…0.6 left, −0.15…0.20 right), so the apparently larger coefficients in the left panel are partly an axis artefact."
migliorini2026pairsae,C.8,RENDER,structure render,1,0,0,0,0,0,0,0,0,0,0,0,1,"One example per feature; no colour scale; **feature ids conflict with the body text** (p11 says ""feature 1744 and 1770"", the caption says ""feature 1770 (left) and feature 1774 (right)"")."
migliorini2026pairsae,C.9,PLOT,histogram (overlaid density),1,0,0,0,0,0,0,0,0,0,0,0,1,"Asymmetric coverage: f2299 gets train here and test in Fig 3, f3888 gets both here — so the two features are not presented on the same footing, and a reader comparing them must cross figures. Per-group density normalisation again hides the group-size imbalance (n's are in the legends)."
migliorini2026pairsae,C.10,RENDER,structure render,1,0,0,0,0,0,0,0,0,1,0,0,0,"**A claimed result with no quantitative panel at all.** The text asserts (p11) ""the predicted complexes do not appear to present a plausible docked pose: the small molecule is displaced from the protein interface and does not form stable contacts"" — a purely visual judgement over 4 hand-chosen examp"
mitjavila2026afsample2t,1A,SCHEMATIC,schematic,0,0,0,0,0,0,0,0,0,0,0,0,0,
mitjavila2026afsample2t,1B,RENDER,structure render,1,0,1,0,0,0,0,0,0,1,0,0,0,"**Carries the paper's core design decision as a coloured cartoon with no residue labels and no residue list** — the actual masked positions are only in Table S9 (not held); k in each overlay is never stated, so ""higher structural variability"" is asserted visually with no n; the visual spread compari"
mitjavila2026afsample2t,2A,PLOT,line,1,0,0,1,0,0,0,1,0,0,0,0,0,"**x-axis is reversed (2.0 Å at left, 1.0 Å at right) and truncated to 1.0–2.0 Å with no break marks or caption note**, so the curve reads backwards against every other RMSD plot in the literature; four arms converge on ~1.0 at the left edge and on ~0.0 at the right, so the AUC integrates a doubly sa"
mitjavila2026afsample2t,2B-C,PLOT,box,1,0,0,0,0,0,0,1,0,0,0,0,0,"Boxes pool all 10 receptors, so per-receptor confidence spread is invisible; n behind each box not printed; the acceptability lines (PAE 5, pLDDT 80) are asserted in the caption with no citation or derivation; the 50% arm's pLDDT whisker runs below 40 while the box is drawn at the same visual weight"
mitjavila2026afsample2t,2D,RENDER,structure render,1,0,0,0,0,0,0,0,0,1,0,0,0,"One receptor (H1) of 10 and one model per accuracy level, chosen by an unstated criterion out of 1,000; used to make the qualitative claim ""improved models exhibited more accurate predictions of both the backbone and side-chain conformations"" (p.4) with no quantitative panel supporting it"
mitjavila2026afsample2t,3A-B,PLOT,box (raincloud: box + jittered points + half violin),1,0,1,0,0,0,0,1,0,0,0,0,0,"**Pooled across all 10 GPCRs where per-receptor is what matters** (per-receptor versions are Figs S2/S3, not held); the three boxes are drawn at equal weight but rest on wildly different sample counts (1,000 models/receptor vs 119 total structures) and no n is printed; the visual ""AFsample2T matches"
mitjavila2026afsample2t,4,RENDER,structure render,1,0,0,0,0,0,0,0,0,0,0,0,1,"**13 of 1,000 models shown per predicted ensemble, ""randomly selected"" with no seed and no reproducibility statement** (caption, p.5); one receptor of 10 and one loop region, used to carry a general plasticity claim; a render substitutes for a quantitative panel — no RMSF or spread number for TAAR1 "
mitjavila2026afsample2t,5A-B,PLOT,box (box + overlaid points),1,0,0,0,0,0,0,0,0,0,1,0,0,"**This is the paper's headline figure and it shows only the ligand-selected arm.** Both model boxes are best-of-1,000 selections made using the same actives the metric is computed on, and the experimental box is a best-of-4-to-35 selection; the median arm — where AFsample2T (4.2) is indistinguishabl"
mitjavila2026afsample2t,5C,PLOT,pie (**not a `plot_type` in the v3 list — see `unresolved`**),1,0,0,0,0,0,0,0,0,0,0,0,1,"A pie is used for four ordered proportions that a bar chart would rank directly; the underlying count is never given; **it is not per-receptor**, so it cannot be told whether 30% masking dominates everywhere or only in a few receptors; the equal-input design (250 models per level) makes this a devia"
mitjavila2026afsample2t,6,SCHEMATIC,schematic,1,0,0,0,0,0,0,0,0,0,0,0,1,"Presented as a prospective protocol though no prospective screen was run in this paper; the recommended thresholds (250 models, 10 ligands, 50 decoys per active) are stated without the supporting analysis, which lives in Tables S6/S7 (not held)"
obendorf2026statespecific,"1A,D,G",RENDER,structure render,1,0,1,0,0,0,0,0,0,1,1,0,0,"Number of overlaid predictions not stated in the caption or text; best/worst are chosen against the reference, so the visual spread is post-hoc labelled; no quantitative panel accompanies the Y2018 recovery claim (""recovered only in a subset of predictions"", p5 — the subset is never counted)"
obendorf2026statespecific,"1B-C,E-F,H",RENDER,structure render,1,0,1,0,0,0,0,0,0,0,0,0,0,"The paper's kinase state conclusions rest entirely on these eye-judged close-ups; no threshold, no count, no per-condition tabulation of which of the 21 conditions recovered each marker"
obendorf2026statespecific,2A-B,RENDER,structure render,1,0,1,0,0,0,0,1,0,0,0,0,0,"Predictions are pooled into an undifferentiated grey cloud — model and input condition are not distinguishable, so the ""none of the predicted structures"" claim (p8) cannot be checked per condition; no n on the panel"
obendorf2026statespecific,3A-C,RENDER,structure render,1,0,1,0,0,0,0,1,0,0,1,0,0,Best/worst assigned by RMSD to the reference; the remaining predictions are pooled grey with no n
obendorf2026statespecific,3D-F,RENDER,structure render,1,0,1,0,0,0,0,0,0,1,0,0,0,"**The paper's central GPCR claim has no quantitative panel anywhere** — ""nearly all models failed to recover the correct active-state conformation"" (p12) is supported only by these renders. No ICL3 RMSD, no per-condition table, no count; GPCR systems are absent from the Fig 4A bar panels entirely; n"
obendorf2026statespecific,4A,PLOT,bar + overlaid point,1,0,0,1,0,0,1,0,0,0,0,0,0,"**Broken y-axis in every panel** (0.5/1.0/1.5, then a break to 10/20), which visually compresses the >17 Å global-misfold arms onto the same bar as sub-Ångström results; one bar per condition hides the 5-sample distribution entirely (no error bars, no strip); the three GPCR systems are missing from "
obendorf2026statespecific,4B-C,PLOT,scatter,1,0,1,0,0,0,0,1,0,0,0,0,0,"n not stated on either panel; RosettaFold3 appears in the shared colour legend although the text says the ligand-pLDDT analysis ""could not be performed for RF3"" (p15); a single pooled trend line across four backbones and seven systems, so system and backbone effects are pooled away; confidence is te"
obendorf2026statespecific,TOC,SCHEMATIC,schematic,0,0,0,0,0,0,0,0,0,0,0,0,0,(blank — carries no result)
paajanen2026activation,Graphical abstract,SCHEMATIC,schematic,0,0,0,0,0,0,0,0,0,0,0,0,0,
paajanen2026activation,1a (line),PLOT,line,0,0,0,0,0,0,0,0,0,0,0,0,0,
paajanen2026activation,1a (bars) + 1b-d,PLOT,bar,1,0,0,0,0,0,0,0,0,1,0,0,0,"**Yes, three ways.** (i) The **rightmost bar is a partial year** — this version was posted 27 March 2026, so the final bar covers ~3 months and is plotted next to full years with no annotation and no shading; the ""relative number of inactive structures is decreasing"" claim in the caption is read par"
paajanen2026activation,2a-b,PLOT,line (KDE),1,0,0,0,0,0,0,0,0,0,0,0,1,"**Yes, four ways, and one of them is load-bearing.** (i) **39 of 1351 structures are simply not plotted** — panel b shows only agonist and none, so **antagonist-, inverse-agonist- and partial-agonist-bound structures *with* G protein are absent from the figure entirely**, with no explanation. That i"
paajanen2026activation,2c,SCHEMATIC,schematic,1,0,0,0,0,0,0,0,0,0,0,0,1,"The arrows assert the temporal sequence the distributions cannot establish — the paper concedes as much on p.5 (""the structural distributions do not reveal whether the ligand initially binds to the inactive or active receptor conformation""), but the cartoon shows a single left-to-right pathway with "
paajanen2026activation,3,RENDER,structure render / grid of small multiples,1,0,0,0,0,0,0,0,0,1,0,0,0,"**Yes.** The anomaly result — the paper's most concrete falsifiable claim — has **no quantitative panel at all**: no G_CA value is given for any of the seven structures, no TM6 displacement, no kink angle, no measure of the ""clockwise"" Gα rotation. **Only 4 of the 7 flagged structures are shown** (8"
paajanen2026activation,4a,SCHEMATIC,schematic,1,0,0,0,0,0,0,0,0,0,0,0,1,"The panel shows the *procedure* on three examples but never states the **size of the resulting feature set** — the number of generic positions retained across all 1010 structures appears nowhere in the paper, which is what makes the index unreimplementable"
paajanen2026activation,4b,RENDER,structure render,1,0,0,0,0,0,0,0,0,0,0,0,1,Same defect as 4a: the selection is shown but never counted or listed
paajanen2026activation,S1,RENDER,structure render,0,0,0,0,0,0,0,0,0,0,0,0,0,
paajanen2026activation,S2,PLOT,scatter,1,0,1,0,0,0,0,0,0,0,0,0,0,"**Yes.** Panel b **drops every species category with fewer than 5 datapoints** (caption, p.17) — and the species argument against Wingert et al. (p.6) is exactly an argument about small species groups. Per-series n is not printed in either panel, unlike Fig. 2"
paajanen2026activation,S3,PLOT,NOT REPORTED (caption does not name the mark),1,0,0,0,0,0,0,0,0,0,0,0,1,"The caption gives neither the number of components plotted nor PC1's own variance fraction — the single number a reader would want, since the whole index is PC1, is stated nowhere in the paper"
paajanen2026activation,S4 (off-diagonal),PLOT,scatter / grid of small multiples,1,0,0,0,0,0,0,1,0,0,0,0,0,"Per-series n never given; the ""other"" grey series pools every remaining ligand/transducer combination into one colour"
paajanen2026activation,S4 (diagonal),PLOT,bar (histogram),1,0,0,0,0,0,0,0,0,0,0,0,1,Bin width not stated
paajanen2026activation,S5a-b,PLOT,line (KDE),1,0,0,0,0,0,1,0,0,0,0,0,0,"**Yes, and it costs the paper its strongest control.** (i) **The training distributions are not overlaid**, so train/held-out agreement can only be eyeballed across eight pages. (ii) **No statistic accompanies the panel** — no KS test against the training distributions, no agreement rate with the GP"
paajanen2026activation,S5c,PLOT,scatter,1,0,0,0,0,0,0,0,0,0,0,0,1,"Per-subfamily n is in a table eight pages away rather than in the legend, unlike panels a–b of the same figure"
paajanen2026activation,S6,PLOT,bar (histogram),1,0,0,0,0,0,0,0,0,0,0,0,1,"This is the honest version of Fig. 2 and it is in the SI. The bimodality claim (p.7) is never restated against these histograms, and the bin width is not given"
pandyszekeres2024gproteindb,GA,SCHEMATIC,schematic,0,0,0,0,0,0,0,0,0,0,0,0,0,
pandyszekeres2024gproteindb,1,SCHEMATIC,schematic,0,0,0,0,0,0,0,0,0,0,0,0,0,
pandyszekeres2024gproteindb,2,RENDER,grid of small multiples (structure renders),1,1,0,0,0,0,0,0,0,0,0,0,0,"**Yes.** The figure is the paper's only visual account of 5,595 models and shows **one hand-picked representative per cell with no quality score attached** — no pTM, ipTM, PAE or pLDDT is displayed anywhere on it, so a cell whose model barely cleared ipTM ≥0.2 is drawn identically to one at ipTM 0.9"
pandyszekeres2024gproteindb,3A,MATRIX,schematic-circular interaction diagram (chord/bipartite),1,0,0,0,0,0,0,0,0,0,0,0,1,"Interaction *strength* is discarded — every contact is one line, and the strict/loose toggle changes the number of lines shown with no indication of which definition the printed panel uses. n = 1 complex."
pandyszekeres2024gproteindb,3B,RENDER,structure render,0,0,0,0,0,0,0,0,0,0,0,0,0,
pandyszekeres2024gproteindb,3C,SCHEMATIC,schematic (UI screenshot of a table),0,0,0,0,0,0,0,0,0,0,0,0,0,
pandyszekeres2024gproteindb,3D,MATRIX,heatmap (categorical matrix),1,0,0,0,0,0,0,0,0,0,0,0,1,"**Yes.** The headline ""increasing number of interface interactions; 14, 20 and 26"" is presented as a gain in completeness with **n = 1 complex and no reference showing which interactions are real**. Added interactions from modelled-in atoms are drawn identically to interactions from resolved density"
pandyszekeres2024gproteindb,"4A, 4B-right, 4C, 4D",PLOT,Venn / set-intersection diagram,1,0,0,0,0,0,0,0,0,0,0,0,1,"**Yes, twice.** (i) Fig. 4A's agreement is the direct product of the log(Emax/EC50) ≥ 7.0 threshold that was *chosen to maximise it* (p.2), and neither the caption nor the panel says so — the caption says only ""The large agreement was achieved by filtering (only) Inoue couplings"", which reads as a c"
pandyszekeres2024gproteindb,4B-left,PLOT,pie,1,0,0,0,0,0,0,0,0,0,0,0,1,A two-category pie encodes one number; the denominator 27 is not printed on the panel and must be recovered from the two counts.
parikh2026allosteric,1A-C,SCHEMATIC,schematic,1,0,0,0,0,0,0,0,0,0,0,0,1,"Panel C draws the paper's *conclusion* as a picture — a single steep funnel vs a degenerate landscape — with no data behind it; the funnels are illustration, not fitted or computed surfaces. Panel B's metric list includes **LDDT-PLI**, for which no result is reported anywhere. Panel A names only fou"
parikh2026allosteric,2A-B,PLOT,bar,1,0,1,0,0,1,1,0,0,0,1,0,0,"**Bars over distributions, with no n, no error bar, no CI and no significance marker**, despite a Methods section declaring paired t-tests with FDR correction (p37). Each bar is a mean of best-of-25-by-RMSD values, so the bar hides both the within-complex sampling spread and the oracle selection. Th"
parikh2026allosteric,2C,PLOT,bar,1,0,1,0,0,1,1,0,0,0,0,0,0,"**The panel contradicts its own caption and text.** Caption and text state orthosteric ""QS-scores exceeding 0.90 across all models"" (p9, p11, p17); the panel shows orthosteric Boltz-2 ≈ 0.79 and Chai-1 ≈ 0.83. Text states allosteric QS of 0.70–0.85; the panel shows allosteric Chai-1 ≈ 0.57 (below th"
parikh2026allosteric,2D,PLOT,line,1,0,0,0,0,0,0,0,0,1,0,0,0,"**The most serious figure defect in the paper.** (i) The caption describes something that is not there: ""Success rate matrix. Fraction of predictions achieving ligand pose RMSD < 2.0 Å across models and datasets, illustrating the dramatic drop in success rates from orthosteric to allosteric targets"""
parikh2026allosteric,2E-I,PLOT,bar (histogram),1,0,0,0,0,0,0,0,0,1,0,0,0,"**Counts, not fractions, with unequal and unstated stratum sizes** — the orange and blue bars are not comparable by eye, yet the text reads them comparatively ("">70% of predictions cluster within ligand pose RMSD ~ 0–2 Å"", p9). **The totals do not reconcile with the reported dataset sizes** by a fac"
parikh2026allosteric,"3A,C-E",PLOT,scatter (jittered point swarm),1,0,0,0,0,0,0,0,0,0,0,0,1,"**The caption misdescribes the mark:** ""Violin plots summarize prediction performance for five AI co-folding models"" (p15). Fourteen of the fifteen panels are point swarms with no density envelope, no box, and — except in panel B — **no median or quartile line drawn at all**, so the ""medians exceedi"
parikh2026allosteric,3B,PLOT,violin,1,0,0,0,0,0,0,0,0,0,0,0,1,"The inconsistency is itself the defect: one panel of fifteen carries a distributional envelope and summary lines, so the reader's impression of spread is set by a different graphical grammar for Boltz-2 than for the other four models."
parikh2026allosteric,3F-J,PLOT,scatter (jittered point swarm),1,0,1,0,0,0,0,0,0,0,0,0,0,"Y-axis maxima differ per panel for the same measure (F: 0–15, G: 0–15, H: 0–20, I: 0–15, J: 0–8), so DynamicBind's ortho/allo separation is visually magnified relative to the others — and DynamicBind is the model the text singles out as resilient (p13). No medians, no n."
parikh2026allosteric,3K-O,PLOT,scatter (jittered point swarm),1,0,0,1,1,0,0,0,0,1,0,0,0,"**Every y-axis is truncated, and each to a different range** — K: 0.7–1.1, L: 0.6–0.9, M: 0.85–1.05, N: 0.5–1.0, O: 0.7–1.1 — none starting at 0 and none shared. Cross-model comparison of the QS drop, which is the point of the row, is therefore not possible by eye, and the size of each drop is set b"
parikh2026allosteric,4A-P,PLOT,"bar (histogram), grid of small multiples",1,0,1,0,0,0,1,0,0,0,0,0,0,"Every percentage quoted in the text and caption (28 %, 64 %, 8 %, 71 %, 68 %, 79 %, 58 %, 34 %) is a summary of these histograms that **the histograms themselves do not display** — no annotation, no summary bar, no overlaid mean. Y-axes are unlabelled beyond ""Distribution frequency"" (no units, no no"
parikh2026allosteric,5A-L,RENDER,structure render,1,0,0,0,0,0,0,0,0,0,0,0,1,"**The colour legend is incomplete.** The caption defines only two classes — ""minimally frustrated regions are shown as green surfaces, neutrally frustrated regions as red surfaces"" — but a third colour, cyan, covers a large fraction of every panel and is never defined (presumably highly frustrated)."
parikh2026allosteric,6A-L,RENDER,structure render,1,0,0,0,0,0,0,0,0,0,0,0,1,"Same undefined cyan class as Figure 5, and here it is the dominant colour in every panel, so the reader cannot tell neutral from highly frustrated in the very figure that argues neutral frustration dominates. The caption claims ""only isolated, disconnected patches of minimal frustration (green)"" — *"
passaro2025boltz2,1,PLOT,scatter,1,0,0,1,0,0,1,0,0,0,0,0,0,"**Y axis broken** — `//` break glyphs top and bottom of the y axis, so 0.0 and 0.8 are not true endpoints; **x axis broken** at the low end; a shaded ""Low performance"" band clips BACPI and Boltz-2-iptm out of readable range; **n = 4 targets is not shown on the figure** and appears only in the captio"
passaro2025boltz2,2,SCHEMATIC,schematic,0,0,0,0,0,0,0,0,0,0,0,0,0,
passaro2025boltz2,3,PLOT,bar,1,0,0,0,0,0,0,0,0,0,0,0,1,"**n per bar is nowhere given** — the caption states only ""Error bars indicate 95% confidence intervals"", and the per-modality subset sizes of the 2315-target set are never printed; bars conceal the per-target distribution; y axes differ between the two rows (0–1.0 top, 0–0.8 bottom) making cross-row"
passaro2025boltz2,4A,PLOT,bar,1,0,1,0,0,1,0,0,0,0,0,0,0,**The benchmark size is never stated anywhere in the paper**; bars over an unstated n with 95% CI only
passaro2025boltz2,4B,PLOT,bar,1,0,0,1,0,0,0,0,0,0,0,0,0,"**y axis truncated, starting at 30% not 0**, which roughly triples the apparent gap between Boltz-2 (84.8) and the weakest entrant (48.1); **n of the pose set is not given**; two entrants exceed Boltz-2 (86.4, 85.4) yet the text says Boltz-2 ""shows a clear improvement over … the top performers in th"
passaro2025boltz2,5,PLOT,bar,1,0,0,1,0,1,0,0,0,0,0,0,0,"**Bars hide the per-target distribution** for a metric the paper elsewhere reports per target; **y axis starts at 0.50 for the four left metric groups and at 0.00 for the diversity group** on one shared plot, so heights are not comparable across the figure; AlphaFlow is silently absent from the ATLA"
passaro2025boltz2,6,PLOT,bar,1,0,0,0,0,1,0,0,0,0,0,0,0,"**Bars over 4 assays** in the leftmost panel — the panel carrying the headline ""approaches FEP"" claim — with the per-assay spread (0.732 to 0.056 in the validation set, 0.165–0.634 in private assays) visible only in Figs 12/14; the middle panel is labelled ""FEP+ OpenFE 8 internal targets"" whereas th"
passaro2025boltz2,7A,PLOT,bar,1,0,0,0,0,1,0,0,0,0,0,0,0,"Bars over 10 assays whose individual AP ranges 0.0018–0.0781 (Fig 13, p45) — the spread is 40× and is not visible here"
passaro2025boltz2,7B,PLOT,bar,1,0,0,0,0,0,1,1,0,0,0,0,0,No error bars on the right panel although the left panel carries them; per-assay spread again pooled
passaro2025boltz2,8A,PLOT,scatter,1,0,0,0,0,0,0,0,0,0,0,0,1,"**&#124;R&#124; = 0.74 is computed across streams that were selected to differ**, so between-group separation inflates a within-stream correlation claim; n = 10 per stream; a single ABFE repeat per compound (p10, ""a single repeat"") with no simulation error bars"
passaro2025boltz2,8B,PLOT,violin,1,0,0,0,0,1,0,0,0,0,0,0,0,"**Violins over n = 10** — kernel density on ten points; the −5.45 kcal/mol binding threshold that defines every ""predicted to bind"" count on p11 is given only in the legend and **its derivation is not reported anywhere**"
passaro2025boltz2,9,SCHEMATIC,schematic,0,0,0,0,0,0,0,0,0,0,0,0,0,
passaro2025boltz2,10,PLOT,violin,1,0,0,0,0,0,0,0,0,0,0,0,1,"Bin n is printed (good), but the **number of assays per violin — the actual unit of the plotted distribution — is not**; violins reach below −0.5 R, so some assays are anti-correlated, a fact the ""no strong dependence"" caption does not engage"
passaro2025boltz2,11,PLOT,scatter,1,0,1,0,0,0,0,0,0,0,0,0,0,"**Free x-axis ranges across panels** (0–17.5, 0–20, 0–14, 0–50, 0–30 …), so identical point clouds look differently shaped and the visual comparison the figure invites is not valid; overplotting with no density encoding; the number of residues behind each panel is never stated"
passaro2025boltz2,12,PLOT,scatter,1,0,1,0,0,0,0,0,0,0,0,0,0,"**Per-panel n is never given** — only percentages, so the 0.056-R panel cannot be weighted against the 0.732-R panel; shared axes are stated only on the bottom row"
passaro2025boltz2,13A,PLOT,line,1,0,0,0,0,0,0,0,0,0,0,0,1,"Active/inactive counts per assay not given, though AP values (0.0018–0.0781) imply a 40× swing in prevalence"
passaro2025boltz2,13B,PLOT,density,1,0,0,0,0,0,0,0,0,0,0,0,1,"**Densities are normalised per class**, so the ~1:1000 class imbalance the AP values imply is invisible — the actives curve looks comparable in mass to the inactives curve"
passaro2025boltz2,14,PLOT,scatter,1,0,1,0,0,0,0,0,0,0,0,0,0,"**Targets are not identified at all** and per-panel n is not given, so the R = 0.165–0.634 spread cannot be attributed to protein class or to assay size — which is precisely the open question the authors raise at p12"
passaro2025boltz2,15,PLOT,violin,1,0,0,1,0,0,0,0,0,0,0,0,0,"**Violins over n = 10**; the streams were filtered to a score threshold of 0.5 and an ensemble-MPO threshold of 0.9 before plotting (Table 17, p46), so three of the five distributions are truncated by construction and the figure shows selection, not discrimination"
passaro2025boltz2,16,RENDER,structure render,1,0,0,0,0,0,0,0,0,0,0,0,1,"**No reference structure is overlaid and no pose-quality number is attached to any render** — the poses are Boltz-2's own co-folds, so the figure shows what the model believes, not what is true; the caption's own warning is about optimisation objective, not pose validity"
passaro2025boltz2,17-21,SCHEMATIC,schematic,1,0,0,0,0,0,0,0,0,0,0,0,1,"No score or ABFE value is printed on any structure, so the panels cannot be read against Figs 8 and 15"
passaro2025boltz2,22,MATRIX,heatmap,1,0,0,0,0,0,0,0,0,0,0,0,1,"Colour scale runs 0.0–1.0 while the observed maximum is 0.396, so the entire matrix renders as low-similarity blue — visually persuasive but it compresses all the real variation into the bottom 40% of the scale"
passaro2025boltz2,23,SCHEMATIC,schematic,1,0,0,0,0,0,0,0,0,0,0,0,1,"Per-pair Tanimoto values are not printed on the pairs, so the reader cannot tell which pair is the 0.396 maximum"
protenix2025,**1A-B**,PLOT,bar,1,0,0,1,0,0,1,0,0,0,1,0,0,"**Y-axes truncated in every panel** — A starts at 0.60, B-left at 0.55, B-right at 0.10, so bar-length ratios badly overstate differences that are 1–3 points. **No error bars anywhere in Figure 1**, although Figure 2A shows the same PoseBusters comparison *with* CIs that overlap heavily — so Fig 1A "
protenix2025,**1C-D**,PLOT,bar,1,0,0,1,0,0,1,0,0,0,0,0,0,"**Y-axes truncated** — C starts at 0.10, D at 0.40. **No error bars, and n = 8 in D**, where a mean over eight targets is presented as a bar without a spread. **Two different RF2NA values are plotted side by side** (""RF2NA"" rerun ≈0.235 vs ""RF2NA in AF3"" ≈0.29 on dsDNA) with the discrepancy acknowle"
protenix2025,**2A**,PLOT,bar,1,0,1,1,0,0,0,0,0,0,0,0,0,"**Y-axis truncated, starts at 0.65.** The error bars are the honest content here — they **overlap substantially** between Protenix and AF3 on both metrics, which is not reflected in the p4 text's ""Protenix outperforms AF3-2019"" or in Fig 1A. Error-bar definition (CI? bootstrap? level?) is **never st"
protenix2025,**2B**,PLOT,line,1,0,0,0,0,0,0,0,0,0,1,0,0,"The most informative panel in the paper and it hides little. Note only that **the four curves are indistinguishable above ~5 Å** (see `metric_saturation`) so the right two-thirds of the x-range carries no signal, and that the **oracle curve is an upper bound plotted in the same style as deployable c"
protenix2025,**2C**,PLOT,bar,1,0,1,1,0,1,0,0,0,0,0,0,0,"**Y-axis truncated, starts at 0.40. n is not shown for any bar** — the panel carrying the paper's generalisation conclusion (""our model generalizes as well as AF3-2019"", p6) does not say how many structures that conclusion rests on. Error bars overlap in all three bins, so the conclusion of *equalit"
protenix2025,**2D**,PLOT,bar,1,0,0,1,0,0,0,0,0,0,0,0,0,"**Y-axes truncated, start at 0.40.** **The 0–30 bin under the 2021 cutoff has n = 15** and its error bar spans roughly 0.67–0.99 — the single most important cell for the memorisation question is unpowered, and the AF3 bar in it reads ≈1.00 with a barely visible interval. n is printed, to the figure'"
protenix2025,**2E**,PLOT,bar,1,0,0,1,0,0,1,0,0,0,0,0,0,"**Y-axis truncated to 0.80–1.00, and even so most bars are pinned at the 1.0 ceiling** — see `metric_saturation`. **No error bars.** Criterion labels are printed *inside* the bars vertically, so the panel is near-unreadable at print size. Only 3 of 18 criteria carry any signal."
protenix2025,"**3, 4, 5, 7**",RENDER,structure render,1,1,0,0,0,0,0,0,0,1,1,0,0,"**Every case is selected post hoc with the reference in hand** (route 7, see `oracle_leakage`). **No quantitative panel accompanies any of them** — no RMSD, LDDT or DockQ value is given for a single case study, including the Fig 4 ""failure"" cases whose whole point is that the RMSD exceeds 2 Å but th"
protenix2025,**6A-B**,PLOT,bar,1,0,0,1,0,0,1,0,0,0,0,0,0,"**The x-axis has no target labels at all** — eight groups of four bars and the reader cannot tell which CASP15 target any group is. **Y-axes truncated** (A starts at 0.2, B at 0.2). **No mean, no error bars, no summary statistic** in the panel, although the text's claim (""the average LDDT and TM-sco"
protenix2025,**8A-C**,MATRIX,box,1,0,0,0,0,0,0,0,0,0,0,0,1,"Nothing serious. Minor: the Pearson ρ printed in each panel is computed on the **unbinned** data while the boxes are binned, so the reader cannot recover ρ from what is drawn; and the bins are unequal in width (0.4, 0.4, 0.1, 0.05, 0.05), which compresses the high-confidence region where selection a"
protenix2025,**9A-B**,RENDER,structure render,1,1,1,0,0,1,0,0,0,1,0,0,0,"**The paper's most consequential claim — ""the accuracy of both Protenix and AF3 may partially result from memorization"" (p10) — is supported by exactly two hand-picked pairs and no quantitative panel.** No similarity score, no TM/RMSD between target and training neighbour, no distribution over the b"
protenix2026v2,1,RENDER,structure render (with numeric badges),1,0,1,0,0,0,0,0,0,0,0,0,0,"**Yes.** The only quantities shown are percentages with **no denominators** — hit rates of 2%–88% are badged with no n, and the denominators live in a different figure on a different page (Fig 4A, p4), and not at all for Chai-2/BoltzGen. Comparator badges appear only for 5 of 15 campaigns, with no m"
protenix2026v2,2,PLOT,bar (stacked),1,0,0,0,0,0,1,1,0,0,0,0,0,"**Yes.** Each bar pools every entry in the collection into one rate with **no dispersion shown at all** — no error bars, no per-cluster spread, no confidence interval, despite Figure 3 on the same page showing that bootstrap SD is available. Only the total (DockQ > 0.23) is labelled numerically; the"
protenix2026v2,3,PLOT,line,1,0,0,1,0,0,0,0,0,1,0,0,0,"**Yes.** All three y-axes are truncated and each is truncated **differently** (≈20–60, ≈30–70+, ≈10–70), so the three panels cannot be compared by eye and none starts at zero; the apparent separation between curves is set by the axis choice. Shaded bands are labelled ""bootstrap standard deviation"" w"
protenix2026v2,4A,PLOT,bar (grouped),1,0,0,0,0,0,0,0,0,0,0,0,1,"**Yes (mild).** The quantity the paper argues about — the **hit rate** — is never plotted; the reader must divide the green bar by the blue bar for each of 15 campaigns. Counts are integers with no uncertainty and none is expected, but the derived rate has binomial uncertainty that is nowhere shown,"
protenix2026v2,4B,RENDER,structure render,1,1,0,0,0,0,0,0,0,1,0,0,0,"**Yes.** Three representatives are shown out of a per-campaign cluster count of up to 11 (Fig 4A), and the caption says only ""representative"" — no selection rule is stated, and the diversity claim (""not confined to a single repeated pose family"", p6) has no quantitative panel of its own anywhere in "
protenix2026v2,4C,PLOT,line,1,1,0,0,0,0,0,0,0,0,0,0,0,"**Yes.** One exemplar binder per antigen out of 9–16 hits, with no statement of how the exemplar was chosen; y-axis maxima differ by an order of magnitude across panels (0.4 / 0.5 / 0.14 nm); the GPRC5D K_D is starred as an avidity measurement, correctly, but is the number quoted as ""112 pM"" in the "
protenix2026v2,5,PLOT,scatter (strip/jitter),1,0,1,1,0,0,0,0,0,0,0,0,0,"**Yes.** The per-panel **n is never printed** — only a pass rate (100.0%, 97.5%, 93.3%), so 97.5% could be 39/40 or 390/400 and the reader cannot tell. The thermostability panel's y-axis is truncated at 60 °C, which is exactly the pass threshold, so **every failing candidate is invisible by construc"
protenix2026v2,5-marg,PLOT,"bar (histogram, horizontal)",1,0,0,0,0,0,0,1,0,0,0,0,0,"**Yes.** The histogram count axes differ across panels (0–25, 0–25, 0–50) with no shared scale, and the histograms are not separated by molecule class, so the designs and the reference antibodies are pooled into one distribution"
protenix2026v2,6A,PLOT,scatter (strip),1,0,0,0,0,0,1,0,0,0,0,0,0,"**Yes.** n = 7, 9 and 10 — the entire ""rankers beat human intuition"" claim rests on 26 points from a **single target**, and no test, interval or effect size is reported. The 30-selections-each denominator is stated in text but not on the figure. There is no statement that the human expert was blinde"
protenix2026v2,6B,PLOT,bar (stacked),1,0,0,0,0,0,0,0,0,0,0,0,1,"**Yes.** Stacked counts of 7–10 across 11 cluster levels means most segments are a single molecule; the ""human selections span a broader set of clusters"" conclusion (p6) is a comparison of 7 items spread over 7 clusters against 10 items spread over 4, with no diversity statistic computed"
protenix2026v2,7,PLOT,bar (grouped),1,0,1,1,0,0,1,0,0,0,0,0,0,"**Yes, badly.** The y-axis is **truncated at ≈91.5%** with a top of 100.0, so a 92.5–100 window is stretched across the full panel height and every difference is visually inflated ≈12×. Worse, bars whose value falls below the axis floor **do not render at all**: the ""Internal steric clash"" group sho"
protenix2026v2,8,RENDER,structure render,1,1,0,0,0,0,0,0,0,0,0,0,0,"**Yes.** Three hand-picked cases out of 623 test entries, with no selection rule stated and, by the caption's own framing, chosen because ""the TFG variants pass the check successfully while Protenix-v2 or other baseline model fail"" — i.e. selected on the outcome being illustrated. Only the top row c"
protenix2026v2,9,RENDER,structure render,1,0,0,0,0,0,0,0,0,1,0,0,0,"**Yes.** These are **predicted** complexes with no experimental structure of either complex, and every mechanistic statement drawn from them is hedged in the text (""may form"", ""likely participate"", ""potential compensatory mechanisms"", p9). There is no distance table, no measured contact geometry, an"
protenix2026v2,10,PLOT,"scatter (paired, with y = x)",0,0,0,0,0,0,0,0,0,0,0,0,0,"Blank — this is a well-made figure: it shows every point, both thresholds, the identity line, the n, and both summary success rates in-panel"
purnomo2026cafe,1,SCHEMATIC,schematic,1,0,0,0,0,0,0,0,0,0,0,0,1,"Its caption is **word-for-word identical** to Figure 6's caption (""The CAFE prospective screening workflow and pocket-selective fragment recovery""), including the ""pocket-selective fragment recovery"" clause which Figure 1 does not depict. A copy-paste defect, recorded in `unresolved`."
purnomo2026cafe,2A,PLOT,bar,1,0,0,0,0,0,0,0,0,0,0,0,1,"Bar + SEM over a **strongly bimodal** underlying distribution — the paper's own thesis is that individual fragments go 10/10 orthosteric or 0/10 (p7, p16), which a mean and an SEM erase completely. The distributions exist only in Supplementary Figure S2, which is not held. n is in the legend, not on"
purnomo2026cafe,2B.i,SCHEMATIC,schematic,0,0,0,0,0,0,0,0,0,0,0,0,0,
purnomo2026cafe,2B.ii–C,RENDER,structure render,1,1,1,0,0,0,0,0,0,0,0,0,0,"A single representative pose is shown where 10 diffusion samples exist, and **the selection rule is never stated** — `1 of 10 (selection rule NOT REPORTED)`. The visual impression of clean redirection is therefore not the ensemble's behaviour (MAPK14 under ADP is only 69.7% non-orthosteric, Table 1 "
purnomo2026cafe,3A,PLOT,bar,1,0,0,0,0,1,0,0,0,0,0,0,0,"Error-bar definition is not given in the caption (Fig 2A and 5B say SEM; this one says nothing). CSNK2A1's with-ADP bar sits exactly at the 100.0% ceiling — cross-ref `metric_saturation`. The CDK2 panel (0.0% → 1.3%), which is the paper's most informative negative, is rendered as two invisible bars "
purnomo2026cafe,3B,PLOT,histogram,1,0,1,0,0,0,0,1,0,0,0,0,0,"**n behind each histogram is never stated**, so the two series cannot be weighted against each other — and the No-ADP series is drawn from a much smaller pool (allosteric localization without ADP is near-zero for 3 of 5 kinases). Pooled across all five kinases, so the CDK2 anomaly is invisible here."
purnomo2026cafe,3C,PLOT,box,1,0,1,0,0,0,0,0,0,0,0,0,0,"n per box never stated. Otherwise this is the best-constructed panel in the paper: it shows the overlap rather than asserting it, which is exactly what the claim needs."
purnomo2026cafe,4,PLOT,bar,1,0,0,0,0,0,0,0,0,0,0,0,1,"**The crystal-pose diamonds carry no uncertainty at all** while the Boltz bars carry error bars, so the headline ""equal or better for 21 of 30"" is a comparison of error-barred bars against unquantified point estimates. Per-kinase n is recoverable only by counting bars (CDK2 is a single bar). Fragmen"
purnomo2026cafe,5A.i–A.iii,RENDER,structure render,1,1,0,0,0,0,1,0,0,1,0,0,0,"One representative pose per condition out of 10 samples, **selection rule NOT REPORTED**. The three ΔG values that carry the panel's whole claim (−3.42 / +1.42 / −0.36 kcal/mol) are printed as caption text with no error bars and no quantitative panel."
purnomo2026cafe,5B,PLOT,bar,1,0,0,0,0,0,1,0,0,0,0,0,0,"MAPK14's 24.5% → 37.6% is claimed in the text as a substantial increase (p14) with **visibly overlapping SEM bars and no statistical test reported anywhere**. CDK2's 97.9% / 96.3% pair sits at the ceiling, so the double-blocker comparison is uninformative there by construction — cross-ref `metric_sa"
purnomo2026cafe,6A,SCHEMATIC,schematic,1,0,0,0,0,0,0,0,0,0,0,0,1,The ΔG ≤ −1 kcal/mol hit threshold appears here as a box in a flowchart and is **never justified in the text**.
purnomo2026cafe,6B-top,PLOT,bar,1,0,1,0,0,0,0,0,0,0,0,0,0,"**No n on any bar and none in the caption** — the reader cannot tell whether a bar rests on 300 fragments, on the 107 retained, or on the 33 hits. Error-bar definition unstated."
purnomo2026cafe,6B-bottom,PLOT,box,1,0,1,0,0,0,0,0,0,0,0,0,0,"n per box never stated. The panel is used to justify the PLIP-based ranking that drives down-selection, but no threshold or decision rule is shown on it."
purnomo2026cafe,6C,RENDER,structure render,1,0,0,0,0,0,0,0,0,0,0,0,1,"Six fragments are shown simultaneously on one receptor, which reads as a co-occupancy that was never predicted — each was co-folded separately. Which of the 10 samples per fragment is drawn is not stated."
richman2025conformix,1A-B,SCHEMATIC,schematic,0,0,0,0,0,0,0,0,0,0,0,0,0,—
richman2025conformix,2A-B,PLOT,density plot + scatter,1,0,0,0,0,0,0,0,0,0,0,0,1,Shows one exemplar per category; the per-target spread lives in Figs S7–S10
richman2025conformix,2 (right),RENDER,structure render,1,0,0,0,0,0,0,0,0,0,1,0,0,"**Oracle display: shows ""the closest structure generated by each sampling approach (lowest RMSD)""**, so it cannot show typical output"
richman2025conformix,3A-B,PLOT,scatter + summary,0,0,0,0,0,0,0,0,0,0,0,0,0,—
richman2025conformix,4A,RENDER,structure render + density,1,1,0,0,0,0,0,0,0,0,0,0,0,Single case study
richman2025conformix,5,PLOT,line,0,0,0,0,0,0,0,0,0,0,0,0,0,—
richman2025conformix,S1,unclassified,NOT EXTRACTED (panel not viewed),0,0,0,0,0,0,0,0,0,0,0,0,0,—
richman2025conformix,S2,unclassified,NOT EXTRACTED (panel not viewed),1,0,0,0,0,0,0,0,0,0,0,0,1,Confounded by the training-overlap admission on p6
richman2025conformix,S3,unclassified,NOT EXTRACTED (panel not viewed),0,0,0,0,0,0,0,0,0,0,0,0,0,—
richman2025conformix,S4,unclassified,NOT EXTRACTED (panel not viewed),0,0,0,0,0,0,0,0,0,0,0,0,0,—
richman2025conformix,S5,unclassified,NOT EXTRACTED (panel not viewed),0,0,0,0,0,0,0,0,0,0,0,0,0,—
richman2025conformix,S6,unclassified,NOT EXTRACTED (panel not viewed),1,0,0,0,0,0,0,0,0,0,0,0,1,**The most reusable negative panel in the paper**: it quantifies the confidence cost of steering
richman2025conformix,S7,unclassified,NOT EXTRACTED (panel not viewed),0,0,0,0,0,0,0,0,0,0,0,0,0,—
richman2025conformix,S8,unclassified,NOT EXTRACTED (panel not viewed),0,0,0,0,0,0,0,0,0,0,0,0,0,—
richman2025conformix,S9,unclassified,NOT EXTRACTED (panel not viewed),0,0,0,0,0,0,0,0,0,0,0,0,0,—
richman2025conformix,S10,unclassified,NOT EXTRACTED (panel not viewed),0,0,0,0,0,0,0,0,0,0,0,0,0,—
richman2025conformix,S11,unclassified,NOT EXTRACTED (panel not viewed),0,0,0,0,0,0,0,0,0,0,0,0,0,—
roehrig2026docking,1,PLOT,violin with overlaid strip of individual points,1,0,0,0,0,0,1,0,0,1,0,0,0,"Only medians and means are annotated numerically; **no dispersion statistic, no test, no CI** for any of the 36 distributions, so ""RNP has larger and more flexible ligands"" is asserted from two black markers. n differs *between panels for the same set* (RNP is 2812, 2679, 2611, 2610, 2604, 2603 depe"
roehrig2026docking,2,RENDER,structure render with electron density mesh,1,1,0,0,0,0,0,0,0,1,0,0,0,"The argument that 19% of RNP is unusable rests quantitatively on the EDIA_m distribution (Fig 1E), not on this figure; **these six are chosen exemplars with no indication of how representative they are**, and panel B's claim (""displays as good a density fit as the ligand conformation in the PDB mode"
roehrig2026docking,3,MATRIX,heatmap grid,1,0,1,1,0,0,0,0,0,0,0,0,0,"**""Bins with less than 5 cases are omitted for clarity in the other plots""** (caption) — the omitted cells are simply blank and indistinguishable from cells that were never possible, and **no per-cell n is shown in any of the eight property panels**, so a cell median may rest on 5 observations or 1,"
roehrig2026docking,4A-B,PLOT,grouped bar,1,0,0,0,0,0,1,0,0,1,1,0,0,"**No error bars or confidence intervals on any of the 48 bars**, while Fig 5 computes bootstrap CIs for the same quantity — so the 54–59% vs 33–43% gap is presented without uncertainty. **No numeric labels**; every value in the text (""54–59%"", ""33–43%"") must be read off bar heights. The ""All Poses 2"
roehrig2026docking,4C-F,PLOT,violin with overlaid points and annotated medians,1,0,0,0,0,0,1,0,0,0,0,0,0,"Only RNP-F is shown, so the reader cannot check whether the same property dependence holds on unfiltered RNP. Medians are annotated but **no dispersion, no test, no CI**; the lowest-n bins (charge (1,4] n=16, dihedrals (10,12] n=56) carry annotated medians with the same visual authority as n=457 bin"
roehrig2026docking,5A-B,PLOT,line with shaded 95% bootstrap CI ribbon,1,0,0,0,0,0,0,0,0,0,0,0,1,"The bins are **unequal by more than an order of magnitude (n = 63 to n = 738) but evenly spaced on a categorical axis**, so the eye weights the 63-case bin as heavily as the 738-case one; n is printed but small. The first bin is 20 units wide and the last 20 units wide while the middle six are 10 un"
roehrig2026docking,5C-D,MATRIX,heatmap grid,1,0,1,1,0,0,0,0,0,0,0,0,0,"**No per-cell n in any success-rate panel.** Cells reading exactly 0.0 and 100.0 appear in all three methods' panels — these are necessarily tiny-n cells, and they are coloured at full saturation, giving single-observation cells the same visual weight as the 41.4%-of-cases cell. The cases-per-bin pa"
schafer2025confounds,1A,RENDER,structure render,1,0,0,1,0,0,0,0,0,0,0,0,0,"RfaH is shown truncated relative to the others: ""the C-terminal b-sheet domain of RfaH is shown without its gray N-terminal domain to fit in the figure"" (p3). Oligomeric state is dropped without a panel: ""Though monomeric units are shown, KaiB ground often folds into a tetramer and Mad2 forms a dime"
schafer2025confounds,1B-C,RENDER,structure render,1,1,1,0,0,0,1,0,0,0,0,0,0,"**One model of hundreds is shown per panel with no stated selection rule** — the ensembles behind these panels are 250–330 predictions (p2, p4), and how the displayed representative was chosen is never said. This is the bar-hiding-a-distribution case in render form. Also: RMSD/plDDT for CF-random an"
schafer2025confounds,2A,PLOT,scatter,1,0,0,1,0,0,0,0,0,0,0,0,0,"**The plDDT colour scale is clipped at 50 and 90** on a 0–100 metric, so every prediction below 50 and above 90 renders identically to the endpoint and confidence differences in exactly the two tails that matter are invisible. The dashed state boxes are drawn without stated coordinates, so the succe"
schafer2025confounds,2B,PLOT,bar,1,0,0,0,0,1,1,0,0,0,0,0,0,"**Bars with no distribution and no error bars**, over ensembles of hundreds of predictions — MCC and %Success are point estimates from binary labels whose n is given only for KaiB. **MCC ceilings at 1 for CF-random on KaiB** (cross-reference `metric_saturation`), so that comparison has no headroom. "
singh2026moredata,1,SCHEMATIC,schematic,0,0,0,0,0,0,0,0,0,0,0,0,0,
singh2026moredata,2,PLOT,line (2 series) with a dated vertical-annotation layer,1,0,1,0,0,0,0,0,0,0,0,0,0,"The two curves share a linear 0–250,000 axis, so the protein–ligand curve (the paper's actual subject, <20% of entries) is compressed into the bottom fifth and its shape is unreadable; a second axis or a ratio panel would carry the claim the figure is drawn to support. The marker labels above the pl"
singh2026moredata,3,SCHEMATIC,schematic,1,0,0,0,0,0,0,0,0,1,0,0,0,"**The paper's central framework is presented with no quantitative panel of any kind.** The three maturity levels are assigned by author judgement; no criterion, no benchmark score and no threshold separates solid from dashed from dotted, and no citation is attached to individual placements in the ca"
singh2026moredata,4A-top,PLOT,bar,1,0,1,0,0,0,0,0,0,0,0,0,0,"**Error bars are drawn on every bar and never defined** — not in the caption (p22), not in the body (p7 says only ""with high error bars""). Whether they are CIs, SD, or bootstrap replicates is unrecoverable from this document, so the Picornavirus-vs-Flavivirus distinction cannot be assessed. **No n p"
singh2026moredata,4A-bottom,PLOT,bar,1,0,0,1,0,0,0,0,0,0,0,0,0,"The 1323 and 1373 labels are printed **inside** bars that are clipped by the sub-panel's 1500 ceiling, so the two largest values are read from text rather than from the bar length; the y-axis label overlaps the sub-panel above it in the rendered page"
singh2026moredata,4B,PLOT,bar (stacked),1,0,0,0,0,0,0,0,0,0,0,0,1,"**The MERS-CoV bar (40 + 19 = 59) is visually nil against SARS-CoV-2 (1787) on a shared linear axis** — and MERS is precisely the target the argument turns on (""demonstrating the ability of Boltz-2 to generalize"", p7). The comparison the text makes is legible only from the printed numbers, not from "
singh2026moredata,4C,RENDER,structure render,1,0,0,0,0,0,0,0,0,1,0,0,0,"**The paper's sharpest empirical claim — ""fails to recover the ligand pose, altering key interactions in ZIKV and misidentifying the binding pocket entirely in WNV"" (p8) — is supported by a render alone: no RMSD, no LDDT-PLI, no threshold, no second pose, no confidence value.** Two different targets"
singhal2025fksteering,1,SCHEMATIC,schematic,0,0,0,0,0,0,0,0,0,0,0,0,0,—
singhal2025fksteering,2,unclassified,NOT EXTRACTED (panel not viewed),0,0,0,0,0,0,0,0,0,0,0,0,0,—
singhal2025fksteering,3,RENDER,image grid,1,0,0,0,0,1,0,0,0,0,0,0,0,"Curated image examples, no distribution shown"
singhal2025fksteering,4,unclassified,NOT EXTRACTED (panel not viewed),0,0,0,0,0,0,0,0,0,0,0,0,0,—
singhal2025fksteering,5,PLOT,scatter,0,0,0,0,0,0,0,0,0,0,0,0,0,—
singhal2025fksteering,6,unclassified,NOT EXTRACTED (panel not viewed),0,0,0,0,0,0,0,0,0,0,0,0,0,—
singhal2025fksteering,7,unclassified,NOT EXTRACTED (panel not viewed),0,0,0,0,0,0,0,0,0,0,0,0,0,—
singhal2025fksteering,8,unclassified,NOT EXTRACTED (panel not viewed),0,0,0,0,0,0,0,0,0,0,0,0,0,—
singhal2025fksteering,9,unclassified,NOT EXTRACTED (panel not viewed),0,0,0,0,0,0,0,0,0,0,0,0,0,—
singhal2025fksteering,Tables 1–11,unclassified,table,0,0,0,0,0,0,0,0,0,0,0,0,0,—
skrinjar2026generalization,1A-B,PLOT,line,1,0,1,0,0,0,0,1,0,0,1,0,0,"Per-method n is not shown — the printed bin n is the pooled common-subset count and each method's own count differs (Table 1, p18); the gray ""Best"" line is an oracle selection and is drawn identically to the four achievable curves with no visual marking"
skrinjar2026generalization,1C-D,PLOT,violin,1,0,0,0,0,0,0,1,0,0,0,0,0,"The violin is pooled across all four methods while the scatter is coloured per method, so the shape shown is not any method's distribution; median/mean glyphs are drawn for the pooled violin only"
skrinjar2026generalization,1E,PLOT,bar,1,0,0,0,0,0,1,0,0,0,0,0,0,"Bars carry **no confidence interval** although panel A of the same figure shows 1,000-sample bootstrap CIs for the identical quantity; nested striped/solid bars encode a subset relationship that reads as two independent series"
skrinjar2026generalization,2A,PLOT,line,1,0,0,0,0,0,0,0,0,0,0,0,1,"The two curves are computed against **different similarity annotations** (2021 cutoff for Boltz-1, 2023 for Boltz-2), so the shared x-axis is not the same variable for both series; the caption says so but the plot does not"
skrinjar2026generalization,2B,PLOT,stacked area,0,0,0,0,0,0,0,0,0,0,0,0,0,
skrinjar2026generalization,3A,PLOT,line,1,0,0,0,0,0,0,0,0,0,0,0,1,"The six levels are unequal, roughly logarithmic bins plotted at equal spacing, which linearises a log relationship; the 0–2 level holds 60% of the data and is drawn the same width as the 84-ligand level"
skrinjar2026generalization,3B-C,PLOT,line,1,0,0,0,0,0,0,0,0,0,0,0,1,"Panel C's lowest bins (n=37, and n=50 in 70–80) carry visibly wide bootstrap bands that overlap most of the y-range, so the monotone reading of C rests on the mid bins"
skrinjar2026generalization,4A-B,PLOT,violin,1,0,1,0,0,0,0,0,0,0,0,0,0,"The top bin is labelled n=674 here and n=673 in Fig 1 for what should be the same set; the two AF3 validation thresholds are drawn as dashed lines with no count of how many systems fall on the wrong side of them, which is the panel's actual claim"
skrinjar2026generalization,4C-D,RENDER,structure render,1,1,0,0,0,0,0,0,0,0,0,0,0,"Two hand-picked examples support a distributional claim; the selection criterion beyond ""low X, high SuCOS-pocket"" is not stated"
skrinjar2026generalization,4E-F,PLOT,violin,1,0,0,0,0,0,0,1,0,0,0,0,0,"Same pooled-violin/per-method-scatter mismatch as 1C-D; both metrics sit at ceiling from the mid bins on, so the panels cannot discriminate there"
skrinjar2026generalization,5,RENDER,structure render,1,1,0,0,0,0,0,0,0,0,0,0,0,"One AF3 model out of 25 is shown per cell with the selection rule unstated — `1 of 25 (selection criterion NOT REPORTED)`; the other three methods are never rendered although the chirality claim on p10 is made for ""all the methods"""
skrinjar2026generalization,6A-D,PLOT,line,1,0,0,0,0,0,0,0,0,0,0,0,1,"The 1-seed series carry standard-deviation whiskers while the 5-seed series carry none, so the two cannot be compared for spread; four of the seven series overlap almost exactly, which is the panel's finding but is hard to read at this line density"
skrinjar2026generalization,6E-F,PLOT,line,1,0,0,1,0,0,0,0,0,0,0,0,0,"**Y-axis truncated at 50%, not 0** in both panels, which triples the apparent separation between Boltz-1 and the rest; 50% is also chance for a balanced two-class problem, so the truncation happens to hide how close three of the four methods sit to chance"
skrinjar2026generalization,7A,PLOT,scatter,1,0,0,0,0,0,0,0,0,0,0,0,1,"Massive overplotting with no density encoding or colour bar, so the 1.6% and 8.3% corner populations quoted in the text cannot be read off the plot; the four method colours are indistinguishable in the dense band"
skrinjar2026generalization,7B-C,RENDER,structure render,0,0,0,0,0,0,0,0,0,0,0,0,0,
skrinjar2026generalization,S1A-B,PLOT,line,1,0,1,0,0,0,0,0,0,0,0,0,0,"Per-bin n is not given for any of the eight series, so the arms with the fewest predictions (RFAA, 1,946 proper ligands) are indistinguishable in weight from AF3's 2,710"
skrinjar2026generalization,S1C-D,PLOT,violin,1,0,0,0,0,0,0,1,0,0,0,0,0,"Pooled violin over eight heterogeneous arms including RFAA, which produced 1 model not 25"
skrinjar2026generalization,S1E,PLOT,bar,1,0,1,0,0,0,0,0,0,0,0,0,0,"No CIs, as in Fig 1E; no per-bin n"
skrinjar2026generalization,S2-plot,PLOT,bar,0,0,0,0,0,0,0,0,0,0,0,0,0,
skrinjar2026generalization,S2-mols,SCHEMATIC,schematic,0,0,0,0,0,0,0,0,0,0,0,0,0,
skrinjar2026generalization,S3A-L,PLOT,line,1,0,1,0,0,0,0,0,0,0,0,0,0,Twelve panels share one caption with no per-panel n; panels A-C put a different variable on the independent axis from D-L without visual separation
skrinjar2026generalization,S4,SCHEMATIC,schematic,1,0,0,0,0,0,0,0,0,0,0,0,1,Ten of 64–673 shown per bin with the sampling rule unstated
stein2022speachaf,1,SCHEMATIC,schematic,1,0,0,0,0,0,0,0,0,0,0,0,1,"The single illustrated example uses **3** mutated residues, whereas the actual protocol mutates an 11-residue window's full 4 Å contact set (p14) — the figure understates the size of the intervention. No target is named."
stein2022speachaf,"2A-B, 2G",RENDER,structure render,1,1,0,0,0,0,0,0,0,1,0,0,0,"2B encodes rmsf 0–3 Å as chain thickness with a legend but **no quantitative rmsf panel** — a continuous per-residue measure shown only as line width, unreadable to a number. 2G shows one hand-picked representative of an unstated number of outliers."
stein2022speachaf,"2C, 2E",PLOT,scatter,1,0,1,1,0,0,0,0,0,0,0,0,0,"**Both axes truncated** — x starts at 0.70, y at ~0.58; neither reaches 0, so the visual spread is exaggerated relative to the true metric range. Parsed-panel n is not given, so the reader cannot tell how many models the filter removed."
stein2022speachaf,2D,PLOT,bar (histogram),1,0,1,0,0,0,0,0,0,0,0,0,0,"Bin width not stated. The rejection threshold (median + 1 SDM) is **not drawn on the axis**, so the reader cannot see where the cut fell. Parsed-series n not given."
stein2022speachaf,"2F, 2H",PLOT,scatter,1,0,0,0,0,0,0,0,0,1,0,0,0,"**Variance explained by PC1 and PC2 is never reported**, for this or any other PCA panel in the paper — a reader cannot tell whether PC1 carries the transition or noise. Units are arbitrary and unstated. The number of models removed between F and H is not given, and the removal was by eye (p14)."
stein2022speachaf,3A-B,RENDER,structure render,1,0,0,0,0,0,0,0,0,1,0,0,0,"3B collapses 15 models into a thickness scale with no quantitative panel, same defect as 2B."
stein2022speachaf,"3C, 3E",PLOT,scatter,1,0,0,1,0,0,0,0,0,0,0,0,0,"Axes truncated as in Fig 2 (neither reaches 0). This is the one figure where the parsed n **is** recoverable, from the text on p6 rather than the caption."
stein2022speachaf,3D,PLOT,bar (histogram),1,0,0,0,0,0,0,0,0,0,0,0,1,"Rejection threshold not drawn on the axis; bin width not stated. **Caption inconsistency with Fig 2D:** here the criterion is worded ""one standard deviation from the median"" (p7) where Fig 2D says ""one standard deviation above the median"" (p6) — the Methods (p14) say ""greater than one SDM from the m"
stein2022speachaf,3F,PLOT,scatter,1,0,0,0,0,0,0,0,0,0,0,0,1,"Variance explained not reported. The ""scattered region with higher PC2 values"" the text discusses (p6) is not marked or delimited on the plot."
stein2022speachaf,4A,RENDER,structure render,1,0,1,0,0,0,0,0,0,1,0,0,0,"rmsf shown only as chain thickness against a 0–3 Å legend; no quantitative rmsf panel anywhere in the paper. GPCR panels show **only the transmembrane region** (p6), which is not stated in the caption."
stein2022speachaf,4B-C,PLOT,scatter,1,0,1,1,0,0,0,0,0,1,0,0,0,"**Per-panel n is absent throughout row C** — the number of models surviving filtering is never given for any membrane protein, so the reader cannot compare density between panels or between proteins. **Both axes truncated at 0.5**, not 0. **The headline claim (""both conformations for all targets exc"
stein2022speachaf,4D,PLOT,scatter,1,0,0,0,0,0,1,0,0,0,0,0,0,"Variance explained never reported for any panel. **Additional models were removed by hand before these plots and neither the criterion nor the count is given** — p9: ""In some cases, additional sets or individual models were removed from the initial PCA"", p14: ""manual inspection for outliers... repea"
stein2022speachaf,5A,RENDER,structure render,1,0,0,0,0,0,0,0,0,0,0,0,1,Same rmsf-as-thickness defect as 4A. PfMATE's TM1 is excluded from analysis (p9) but the exclusion is not marked on the render.
stein2022speachaf,5B-C,PLOT,scatter,1,0,0,1,0,0,1,0,0,0,0,0,0,"Per-panel n absent in row C. Axes truncated. **n = 4 proteins carries the claim that training-set membership does not matter (p11, p13), and the figure offers no summary statistic, no aggregate and no comparison panel against the n = 8 stratum in Fig 4** — the two strata are never plotted together, "
stein2022speachaf,5D,PLOT,scatter,1,0,0,0,0,0,0,0,0,0,0,0,1,"Variance explained never reported. Manual outlier removal uncounted (p9, p14). The MurJ panel's ""square shape"" and its V-shaped TM13–14-excluded counterpart are discussed together in the text (p11) but the counterpart is in the unheld SI (Fig G), so the comparison cannot be checked."
sun2026kinconfbench,1A,SCHEMATIC,schematic,0,0,0,0,0,0,0,0,0,0,0,0,0,
sun2026kinconfbench,1B-D,PLOT,bar,0,0,0,0,0,0,0,0,0,0,0,0,0,
sun2026kinconfbench,2A,PLOT,box,1,0,1,1,0,0,1,0,0,1,0,0,0,"**Every axis is pinned at the geometric filter threshold** (ligand RMSD top at 2.0 Å, lDDT-Cα bottom at 0.7, lDDT-PLI bottom at 0.8), which is the same cut that selected the data, so the plotted distribution is the censored one and the outlier mass piles into an unresolvable solid band against the 2"
sun2026kinconfbench,2B,PLOT,line,1,0,0,1,0,0,1,0,0,0,0,0,0,"**y-axis truncated**, starting near 63% rather than 0, which visually magnifies the 11–13 pp Top-1→Top-20 gain the text reports. No error bars or confidence bands on any curve; n = 950 appears only in the Figure 2c caption text, not on this panel"
sun2026kinconfbench,2C,PLOT,bar (histogram),0,0,0,0,0,0,0,0,0,0,0,0,0,
sun2026kinconfbench,3,RENDER,structure render,1,1,0,0,0,0,0,0,0,1,0,0,0,"**A claimed failure mode with no quantitative panel.** The joint-failure claim covers 110 systems (Supplementary Table S4, not held) but only one is shown, chosen as ""a representative hard case"" after the failures were known. The selection rule for the single ""representative"" prediction out of 20 pe"
sun2026kinconfbench,4,PLOT,box,1,0,1,0,0,0,0,0,0,0,0,0,0,"**Every panel carries its own free y-axis range** (0.04–0.16 Å, 0–0.3 Å, 0–18°, 0–4.5° and so on), so panels showing ∼0.1 Å dispersion look as tall as panels showing 18°, and the reader cannot see across panels that the values are uniformly tiny — which is the figure's whole claim. **No reference ba"
sun2026kinconfbench,5,PLOT,bar (stacked),1,0,0,0,0,0,1,0,0,0,0,0,0,"**Percentages plotted over very unequal and, in the test panel, very small n** — Boltz-2's test bar rests on 22 systems, so a single system moves a segment by ~4.5 pp, and that is the model on which the text calls the shift ""most clearly"" visible. The n values appear only in the caption, never on th"
suzuki2026conforflux,1A-B,SCHEMATIC,schematic,0,0,0,0,0,0,0,0,0,0,0,0,0,
suzuki2026conforflux,1C,RENDER,structure render,1,0,0,0,0,0,0,0,0,1,1,0,0,"The displayed sample is chosen by proximity to the reference it is overlaid on — an oracle pick, stated in the caption but not flagged as a selection. The claim carried by the panel (""Default concentrates near the closed reference and reaches only that state"") has no quantitative panel of its own he"
suzuki2026conforflux,2A-B (top),PLOT,scatter (density),1,0,0,0,0,0,0,0,0,0,0,0,1,"PC1 explains 92% and 81% but PC2 only 5% and 12%, so the vertical spread is near-noise while the panel is drawn square — the two axes are not comparable and the aspect ratio implies they are. Sample n is in the panel title only for Fig. 4, not here."
suzuki2026conforflux,2A-B (middle),RENDER,structure render,1,0,0,0,0,0,0,0,0,0,1,0,0,"Only ConforFlux is rendered; the default arm — whose failure is the point — has no render, so the visual comparison is one-sided. Which of 500 is shown is an oracle pick against the reference."
suzuki2026conforflux,2A-B (bottom),PLOT,line,1,0,0,0,0,0,1,0,0,0,0,0,0,"Pearson r is printed in the legend with no CI and no null model; a residue-index correlation between two smooth profiles is inflated by autocorrelation along the chain, which is not addressed."
suzuki2026conforflux,3A-B (top),PLOT,scatter (density),1,0,1,0,0,0,0,0,0,0,0,0,0,"Axis ranges differ between the default and ConforFlux panels of the VMAT2 pair, so the two densities are not drawn on a shared scale. n is not printed on the panels."
suzuki2026conforflux,3A-B (bottom),RENDER,structure render,1,0,0,0,0,0,0,0,0,0,1,0,0,"Only ConforFlux is rendered; NaS1's default failure (7.04 Å, Table 9) appears only as a density blob in the panel above. Best-of-500 pick against the reference."
suzuki2026conforflux,4A,PLOT,scatter (density),1,0,0,0,0,0,0,0,0,0,0,0,1,"PCA is fitted jointly on the 5 reference vectors and the 1000 prediction vectors (p24), so the coordinate system is partly defined by the predictions it is used to judge. Only 3 of the 5 references are labelled (inward is collapsed to ""8Y2C/E/F"")."
suzuki2026conforflux,4B,RENDER,structure render,1,0,0,0,0,0,0,0,0,0,0,0,1,"The inward render is 1 sample drawn from the 35 that classified inward out of 500, and it is the closest of them to the reference; confidence 0.84–0.85 is printed beside all three, which reads as validation but by the paper's own Appendix C confidence does not discriminate."
suzuki2026conforflux,4C,PLOT,bar (+ overlaid line),1,0,0,0,0,0,0,0,0,0,0,0,1,"The headline comparison is a 35-sample ConforFlux bar against a **zero-sample** default bar — the default ""Inward"" column is empty by construction, and the counts appear only as 5-pt text under the axis rather than on the bars. The 122-sample Inward/Occluded boundary class, which is close to inward "
suzuki2026conforflux,4D,SCHEMATIC,schematic,1,0,1,0,0,0,0,0,0,0,0,0,0,"Presented beside quantitative panels with no scale, no n and no measurement; the visual agreement it conveys is asserted."
suzuki2026conforflux,5,PLOT,violin,1,0,1,1,0,0,0,1,0,0,0,0,0,"y-axis truncated to 0.40–1.00, which visually widens differences the text puts at ≤0.01 in median. No n on any violin, and the violins pool all targets in a category so a per-target confidence collapse would be invisible."
suzuki2026conforflux,6A-B,PLOT,line + point,0,0,0,0,0,0,0,0,0,0,0,0,0,
suzuki2026conforflux,6C-D,PLOT,bar,1,0,0,0,0,0,1,0,0,0,0,0,0,"Bars with no dispersion over a quantity that panels A–B show spanning an order of magnitude with sequence length; n behind each mean is not printed, and the two OOM targets are silently absent from the ConforFlux mean."
suzuki2026conforflux,7,PLOT,scatter,1,1,0,0,0,0,0,0,0,0,0,0,0,"A single target, chosen as ""the example target from the official repository"" — a selection rule external to the paper. ConforFlux itself is absent, so the reproduction cannot be compared against the method it is a control for; the reader must cross-reference Table 3."
suzuki2026conforflux,8,PLOT,line,1,0,0,0,0,0,0,0,0,0,0,0,1,"Step functions over 15–38 targets drawn as continuous curves with no confidence band; ten series in one legend; the x-axis is normalised per target by the inter-reference RMSD, so a target-difficulty confound is folded into the axis rather than shown."
suzuki2026conforflux,9,PLOT,bar (+ overlaid line),1,0,0,0,0,0,0,0,0,0,0,0,1,"Same structure as 4C and the same defect: the ConforFlux inward bar (n=35) is compared to an empty default inward bar (n=0), with error bars nearly as large as the effect (the TM1b inward bar spans roughly 30–55°)."
suzuki2026conforflux,10,PLOT,grid of small multiples (scatter),1,0,0,1,0,0,0,0,0,1,0,0,0,"Per-target numbers exist only as this grid; Tables 1 and 2 are never broken out per target for the four main categories, so the distribution behind every headline percentage is readable only by eye."
suzuki2026conforflux,11,PLOT,grid of small multiples (scatter),1,0,0,0,0,0,0,0,0,0,0,0,1,As Fig. 10; the 20 added within-cutoff EGF pairs are not visually distinguished from the 15 original ConforMix transporters.
suzuki2026conforflux,12,PLOT,grid of small multiples (scatter),1,0,0,0,0,0,0,0,0,0,0,0,1,"As Fig. 10; these panels use full-structure RMSD while the Table 1 cryptic-pocket success column uses pocket-region RMSD (p6), so the grid does not show the quantity the headline number is computed on."
suzuki2026conforflux,13,PLOT,grid of small multiples (scatter),1,0,0,0,0,0,0,0,0,0,0,0,1,"As Fig. 10. This is the only per-target view of the category where the method's headline gain is 3.3 pp — one (target, state) pair — and no panel is marked as the one that flipped."
suzuki2026conforflux,14,PLOT,grid of small multiples (scatter),1,0,0,0,0,0,0,0,0,0,0,0,1,"Only default and ConforFlux are drawn; the two EGF columns of Table 4 (Boltz-2 port and cited AF2) have no per-target scatter, so the arm's key head-to-head is available only as Table 9 numbers."
suzuki2026pairscaling,1A,SCHEMATIC,schematic,0,0,0,0,0,0,0,0,0,0,0,0,0,
suzuki2026pairscaling,1B,PLOT,heatmap,1,0,0,0,0,0,0,0,0,1,0,0,0,"Colour scale appears only beside the rightmost matrix; the three left matrices are visually near-identical blue fields, so the magnitude change the whole method rests on is asserted rather than quantified. No units, no matrix dimension given."
suzuki2026pairscaling,1C,PLOT,scatter,1,0,1,1,0,0,0,0,0,0,0,0,0,"Both axes truncated (~0.51–0.97); β<0 and β>0 regions are drawn as annotated boxes rather than derived, and n is not printed."
suzuki2026pairscaling,1D,RENDER,structure render,1,0,0,0,0,0,0,0,0,0,0,0,1,"Which of the ~500 models is shown, and on what criterion, is not stated."
suzuki2026pairscaling,2A,PLOT,box,1,0,1,0,0,0,0,0,0,0,0,0,0,"Best-min TM-score y-axis does not start at 0 (OC23 panel ~0.7–1.0), which flattens the OC23 ceiling; computation-time panel drops 2 of the 6 methods and uses a log axis; n per box is not printed on any panel; the six arms have unequal budgets (50 / 500 / 5 models) and the panel does not say so."
suzuki2026pairscaling,2B,PLOT,bar,1,0,1,0,0,1,1,0,0,0,0,0,0,"Bars over a binary predicate on 20–23 targets: no CI, no error bar, no n on the panel, and a single target flipping moves the bar 4.3–5.0 points. The underlying per-target distribution is entirely hidden."
suzuki2026pairscaling,2C,PLOT,scatter,1,0,0,1,0,0,0,0,0,0,0,0,0,"Axes truncated to ~0.4–1.0 on both sides; vanilla is drawn with 50 points against 500 for every other panel with no annotation, so the visual density difference partly encodes budget rather than behaviour; AF3 Server is absent from this row despite appearing in 2A/2B."
suzuki2026pairscaling,3A,PLOT,box,1,0,0,1,0,0,0,0,0,0,0,0,0,n = 15 per box not printed; y-axis truncated on the accuracy panel; unequal per-arm budgets not annotated.
suzuki2026pairscaling,3B,PLOT,bar,1,0,1,0,0,0,1,0,0,0,0,0,0,"A bar chart over 15 binary outcomes: each target is 6.7 percentage points, so the 80% vs 93% gap the text discusses is 2 targets. No n, no CI, no per-target dots."
suzuki2026pairscaling,3C,PLOT,heatmap / contour + scatter,1,0,0,1,0,0,0,1,0,0,1,0,0,"Contours pool all 15 targets into one density, so a per-target failure such as MAD2 is invisible; axes truncated ~0.4–1.0; ""best model per target"" is an oracle mark (max min-TM to the references) drawn on the same panel as the raw ensemble without being labelled as such."
suzuki2026pairscaling,4A,PLOT,scatter,1,1,0,1,0,0,0,0,0,1,0,0,0,"Only 8 of 15 MS15 targets are shown and the selection rule is not stated; the MAD2 failure discussed in the text (p5) has no panel here. Each panel is truncated to its own narrow window (e.g. 0.66–0.98), so panels are not visually comparable and small shifts read as large ones."
suzuki2026pairscaling,4B,RENDER,structure render,1,1,0,0,0,0,0,0,0,0,0,0,0,"""Representative"" models are picked against reference-defined regimes with no stated criterion; the Cα RMSD colour scale has no printed range."
suzuki2026pairscaling,5A,PLOT,line (Cleveland dot),1,0,1,1,0,0,0,0,0,0,0,0,0,"Means ± s.e.m. only: the per-target distributions and the paired structure of the comparison are hidden, and s.e.m. (not s.d. or CI) visually shrinks the spread. Best-min TM-score axis starts at 0.4. n per point not printed on the panel."
suzuki2026pairscaling,5B,PLOT,line (Cleveland dot),1,0,0,0,0,0,1,0,0,0,0,0,0,"The claim carried by this panel is a null (""no detectable differences under our statistical tests"", p6) but no test statistic, p-value or equivalence bound is shown on or beside the figure — a negative result presented with overlapping s.e.m. bars only."
suzuki2026pairscaling,6A,PLOT,heatmap,1,0,0,0,0,0,1,0,0,0,0,0,0,"Cell values aggregate ~50 models with no dispersion shown, so a cell driven by one outlier looks identical to a consistent shift; target labels are rotated and too small to read at print size; no significance or n annotation."
suzuki2026pairscaling,6B,PLOT,line,1,0,0,1,0,0,1,0,0,0,0,0,0,"x-axis truncated to 0.5–1.0, which crops the region where the strategies are indistinguishable; step curves over 15–23 targets are drawn as smooth lines with no CI band, and the ""significant"" AUC gap claimed at p7 has no test shown."
suzuki2026pairscaling,7,PLOT,bar,0,0,0,0,0,0,0,0,0,0,0,0,0,
suzuki2026pairscaling,8,PLOT,scatter,1,0,0,0,0,0,0,0,0,0,0,0,1,"One protein only, chosen without a stated criterion, illustrating a baseline method rather than the paper's own; UMAP axes are unlabelled in value terms and carry no distance meaning."
swapna2025memorization,1A–C,SCHEMATIC,schematic,1,0,1,0,0,0,0,0,0,0,0,0,0,"Panel A's blue/purple blocks are hand-drawn abstractions, not structures, so the ""flip"" is asserted graphically rather than shown; the inset contact map in B has no legend, no n and no scale"
swapna2025memorization,2A–B,RENDER,structure render,1,0,0,0,0,0,1,0,0,0,0,0,0,"Shows **1 of 5** top-scoring models (p11 states all 5 were assessed) with no indication of which, and no spread across the 5; the RMSD lives only in the caption"
swapna2025memorization,2C–D,MATRIX,"heatmap (contact map, drawn as an overlaid point matrix)",1,0,1,0,0,0,0,0,0,1,0,0,0,"**The two triangles carry different data** — predicted model above the diagonal, experimental below — so prediction and experiment are never superimposed and a per-contact difference cannot be read off. Agreement is asserted from hand-drawn circles with **no overlap statistic, no contact count, no n"
swapna2025memorization,2E–F,RENDER,structure render,1,0,0,0,0,0,0,0,0,0,0,0,1,"This is the *de facto* state-calling evidence and it is purely visual: **no cavity volume, no aperture measure, no threshold** — the criterion behind every inward/outward assignment in the paper appears only as a picture"
swapna2025memorization,3A–B,RENDER,structure render,1,0,0,0,0,0,0,0,0,1,0,0,0,"No superposition and no RMSD, because no inward-open reference exists; the state call rests entirely on the cavity colour. n of models behind the shown structure NOT REPORTED"
swapna2025memorization,3C,MATRIX,heatmap (contact map),1,0,1,0,0,0,0,0,0,0,0,0,0,"Unexplained ECs are conceded in words but never counted — caption: ""At the thresholds chosen for ECs several predicted contacts are not explained by the combination of the two conformational states."" No fraction-explained statistic, no n"
swapna2025memorization,4A–B,RENDER,structure render,1,0,0,0,0,0,0,0,0,0,0,0,1,"**Caption contradicts the text on provenance**: the figure title says ESM-MODELLER, but panel B is captioned ""The inward-open structure modeled using ESM-AF2"", while p9 states ESM-AF2 failed for this protein and ESM-MODELLER was used. See `unresolved`. Same visual-only state call as Fig 3"
swapna2025memorization,4C,MATRIX,heatmap (contact map),1,0,1,0,0,0,0,0,0,0,0,0,0,"Same as 3C: ""several predicted contacts are not explained by the combination of two conformational states"", unquantified; no n"
swapna2025memorization,5A–C,RENDER,structure render,1,0,0,0,0,0,0,0,0,1,0,0,0,"The paper's only fully prospective target and there is **no reference and no quantitative panel at all** — the two inward-open models (B, C) are never superposed on each other or given a mutual RMSD. Caption omits panel C from the membrane-boundary note. The 0-of-6,480 enhanced-sampling result for t"
swapna2025memorization,5D–E,MATRIX,heatmap (contact map),1,0,1,0,0,0,0,0,0,0,0,0,0,"The comparison the paper draws from these two panels — ""The ESM-AF2 inward-open structure explains a few more EC-based contacts than the ESM-Modeller protocol, particularly for predicted contacts between helices H6 and H9"" (p11) — is a **counting claim with no count**; ""a few more"" is the entire eff"
tang2026steeraf,1A,SCHEMATIC,schematic,0,0,0,0,0,0,0,0,0,0,0,0,0,
tang2026steeraf,1B,PLOT,bar,1,0,1,1,0,1,0,1,0,0,0,0,0,"**bars pool 15–23 systems each and hide the per-system distribution** — the per-system data exists (Fig S1) but the headline figure is bars; **TM-score y-axis pinned at 0.5–1.0**, compressing an already saturating metric into the top half; error bars are undefined (SD? SEM? CI? — not stated in the c"
tang2026steeraf,2A,PLOT,scatter,1,0,0,1,0,0,0,0,0,0,0,0,0,"**y-axis truncated at 0.4** on a 0–1 metric; the x-axis uses the *first* near-best definition, which the paper itself says is defective (p21) — a poorly-predicted target can score high on it"
tang2026steeraf,2B,PLOT,line,1,0,0,0,0,0,0,0,0,0,0,0,1,"fitted lines are drawn without the underlying per-target points visible, so scatter around the fit is invisible; runtimes were measured on heterogeneous GPUs and converted by empirically estimated factors (p22) whose uncertainty is not shown"
tang2026steeraf,2C,PLOT,line,1,1,0,1,0,0,0,0,0,0,0,0,0,"**TM-score axis truncated at 0.8**; the two panels' independent variables differ but share axes, inviting direct comparison of a 10-step sweep with a 40-run sweep; **this is the panel the T = 6 stopping rule was chosen from, and it is measured against the held references**"
tang2026steeraf,3A-i,SCHEMATIC,schematic,0,0,0,0,0,0,0,0,0,0,0,0,0,
tang2026steeraf,"3A-ii, 3C-left",PLOT,scatter,1,0,0,0,0,0,0,0,0,1,0,0,0,one system (AAC3_OUT) is shown to illustrate a pipeline claimed for 46; the 39/46 aggregate has **no quantitative panel anywhere** — the success rate appears only as a sentence on p9
tang2026steeraf,3B,PLOT,scatter,1,0,0,0,0,0,0,0,0,1,0,0,0,"the threshold pair is set **by eye on one system** and then applied to all 69; the ""Acceptable region"" shading is a visual justification with no stated criterion for where its edges sit"
tang2026steeraf,3C-right,RENDER,structure render,0,0,0,0,0,0,0,0,0,0,0,0,0,
tang2026steeraf,3D-i,PLOT,bar (histogram),1,0,0,0,0,0,0,0,0,0,0,0,1,"y-axis counts differ by an order of magnitude between the three panels with no shared scale, so the ConfA panel (n=13) reads as visually comparable to the ConfB panel (n=334)"
tang2026steeraf,3D-ii,PLOT,"bar (stacked, normalised)",1,0,0,0,0,0,0,0,0,0,0,0,1,"**normalising to fractions makes an n=13 cluster and an n=334 cluster the same height**; the n is printed above each bar, which partly mitigates it"
tang2026steeraf,4A,RENDER,structure render,1,0,0,0,0,0,0,0,0,0,0,0,1,the site–structure correspondence is shown only as a render; the quantitative content is entirely in 4B
tang2026steeraf,4B,PLOT,line,1,0,0,0,0,0,1,0,0,0,0,0,0,the two panels use **different right-axis ranges** (400 vs 300) so the site-count curves are not visually comparable; the 3.4% random baseline quoted in the text is **not drawn on the panel**; no confidence interval on either curve
tang2026steeraf,5A,PLOT,scatter,0,0,0,0,0,0,0,0,0,0,0,0,0,
tang2026steeraf,"5B, S5B",MATRIX,heatmap (2D KDE contour),1,0,0,0,0,0,0,0,0,0,0,0,1,"the paper states the estimate is ""rough"" and ""has not fully converged"" (p12) but the surface is drawn with quantitative kT contours and named basins anyway; **the axes are continuous PCA coordinates, not indices, which strains the v3 MATRIX form** — see `unresolved`"
tang2026steeraf,"5C, S5C",RENDER,structure render,1,1,0,0,0,0,0,0,0,0,0,0,0,"one frame per basin out of 25,050; how representative it is of the basin is given only as ""all < 0.1 PC units"" from the basin centre (p12)"
tang2026steeraf,S1,MATRIX,heatmap (grid of small multiples),1,0,0,1,0,0,0,0,0,0,0,0,0,the cell values are colour-only — **this is the paper's only per-system result and it is not readable as numbers**; the RMSD colour scale tops out at 6 Å so all larger failures render identically
tang2026steeraf,S2,PLOT,line,1,0,1,1,0,0,1,0,0,0,0,0,0,**the aggregation statistic behind each point is never stated** (mean? median?) and no dispersion is drawn on any of the 10 panels; TM-score panels truncated at 0.5
tang2026steeraf,S3,MATRIX,heatmap,1,0,0,0,0,0,0,0,0,0,0,0,1,"a 20 × 416 heatmap stitched across a landscape page — individually unreadable at print size; the difference block's threshold (0.4) is the same one whose sensitivity Fig 4B sweeps, so the headline render is one arbitrary point on that sweep"
tang2026steeraf,S4,PLOT,box,1,0,0,1,0,0,1,0,0,0,0,0,0,"**y-axis truncated at 0.65**, magnifying a small effect; the claimed result is only that ""the median and 75th percentile of TM-score after curated-site restoration were both lower"" (p11) — **no statistical test, no effect size, and the two box bodies overlap heavily**; the control set has *twice* as"
tang2026steeraf,S6,PLOT,scatter,1,0,0,0,0,0,0,0,0,0,0,0,1,"only outliers are labelled, so which systems sit in the dense diagonal cloud cannot be recovered; no marginal distribution or paired test statistic on any panel"
tang2026steeraf,S7,PLOT,line,1,0,0,0,0,0,1,0,0,1,0,0,0,"as S2: aggregation statistic unstated, no dispersion drawn; TM panels here run 0.0–1.0 while S2's run 0.5–1.0, so the two figures cannot be overlaid by eye"
tang2026steeraf,S8,PLOT,violin,1,0,0,1,1,0,0,0,0,0,0,0,0,"**both axes truncated** (TM at 0.5, RMSD at 10 Å inverted) and the two violins are overlaid on different scales, so their apparent overlap is an artefact of axis choice; all 12 panels look near-identical, which is the paper's own conclusion (""no strong monotonic trend"") but is also what an axis-comp"
tejero2024opsin,1A,SCHEMATIC,schematic,0,0,0,0,0,0,0,0,0,0,0,0,0,—
tejero2024opsin,1B,PLOT,box,1,0,1,1,0,0,0,0,0,0,0,0,0,"**Caption says ""mean values +/− standard deviation"" but the drawn glyph is a box-and-whisker, so the stated statistic and the plotted statistic do not match.** Methods state incubations of ""30, 60, or 120 minutes"" (p11) but the panel is a **single unlabelled time point** — which one is never stated,"
tejero2024opsin,1C-E,RENDER,structure render,1,0,0,0,0,0,0,0,0,1,0,0,0,Panel e asserts the outward movement of TM5/TM6 with arrows and **no distance annotation** — the paper's central activation claim has no number in any main-text panel
tejero2024opsin,2A-D,RENDER,structure render,1,0,0,0,0,0,0,0,0,0,0,0,1,"Panels c and d print 8 and 7 distance labels respectively, but **only two of those distances are assigned to named atom pairs in the running text** (PSB–Tyr126³·²⁸, PSB–Ser199⁴⁵·⁴⁹); the rest cannot be attributed from the figure alone. The active-state ligand shown is the **non-natural ATR6.11**, an"
tejero2024opsin,3A-F,RENDER,structure render,1,0,0,0,0,0,0,0,0,0,0,0,1,"No distances or angles are annotated on any panel — every microswitch change is shown, none is measured. Structures compared are named in the caption (6I9K, this work, 1GZM, 5EN0)"
tejero2024opsin,4A-B,RENDER,structure render,1,0,0,0,0,0,0,0,0,0,0,0,1,"The panel is a labelled cartoon of the mechanism: **""Outward movement of TM5 and TM6"" is a text callout with no magnitude**, and ""Open Ionic Lock"" / ""Closed Ionic Lock"" are categorical labels with no distance behind them"
tejero2024opsin,5A-D,RENDER,structure render,1,0,0,0,0,0,0,0,0,0,0,0,1,"Carries the paper's comparative claims — ""the outward movement of TM5 and TM6 is larger than in the hGi complex"" (p6), ""a shallower binding pose"" (p9) — with **only one number on the whole figure (17°) and no per-helix displacement anywhere**. The quantitative version is Supplementary Fig. 14, which"
tejero2024opsin,6,SCHEMATIC,schematic,1,0,0,0,0,0,0,0,0,0,0,0,1,"This is explicitly a **proposal**, not an observation — ""We propose that Ser199⁴⁵·⁴⁹ does not participate in this network in the active state"" (caption, p8) and ""possibly Tyr293⁶·⁵¹"" — and the waters drawn were not resolved (""This density may be attributed to one or two ordered water molecule(s) ..."
tran2026nanogs,1A-B,RENDER,structure render,0,0,0,0,0,0,0,0,0,0,0,0,0,
tran2026nanogs,1C,PLOT,scatter,1,0,1,0,0,0,1,0,0,0,0,0,0,n per condition not shown; no error bars; data are re-used from ref [33] and the number of trajectories behind each point is never stated
tran2026nanogs,1D-E,RENDER,structure render,0,0,0,0,0,0,0,0,0,0,0,0,0,
tran2026nanogs,"1 (right, unlettered)",SCHEMATIC,schematic,0,0,0,0,0,0,0,0,0,0,0,0,0,
tran2026nanogs,Scheme 1A-C,SCHEMATIC,schematic,0,0,0,0,0,0,0,0,0,0,0,0,0,
tran2026nanogs,2A-upper,RENDER,structure render,0,0,0,0,0,0,0,0,0,0,0,0,0,
tran2026nanogs,2A-lower,SCHEMATIC,schematic,1,0,0,0,0,0,0,0,0,0,0,0,1,"contact assignment is binary/coloured with no underlying quantity, so the strength of each contact is not recoverable"
tran2026nanogs,2B,SCHEMATIC,schematic,0,0,0,0,0,0,0,0,0,0,0,0,0,
tran2026nanogs,2C,PLOT,line,1,1,1,1,0,0,0,0,0,0,0,0,0,"**Yes.** Representative traces only — no n, no error bands, no quantified λmax shift in the main figure; the ranking claim rests on eyeballing overlaid curves. y-axis truncated (starts ~0.3–0.4, not 0), which visually amplifies the intensity drop"
tran2026nanogs,3 (structures),SCHEMATIC,schematic,0,0,0,0,0,0,0,0,0,0,0,0,0,
tran2026nanogs,3 (spectra),PLOT,line,1,1,1,0,0,0,1,0,0,0,0,0,0,"**Yes.** The paper's core SAR conclusion is delivered entirely by visual comparison of representative traces — no bar chart, no error bars, no n, and no statistic anywhere in the figure. Also note the caption reverses the staple positions relative to the body text and Table 1"
tran2026nanogs,4A-F,PLOT,line,1,1,1,1,0,0,0,0,0,1,0,0,0,"**Yes.** The load-bearing negative result (""unable to stabilize an active receptor conformation alone"") is shown as three panels of near-superimposed representative traces with no n, no error, and no quantified λmax — a null claim with no quantitative panel. Normalisation to peak 1.0 plus a truncate"
tran2026nanogs,4G-I,PLOT,line (dose-response),0,0,0,0,0,0,0,0,0,0,0,0,0,
tran2026nanogs,5A-left,PLOT,box,1,0,0,0,0,0,0,0,0,0,0,0,1,"n (frames or trajectories) per box not shown; boxes are drawn over MD frames, which are autocorrelated, so the whisker spread is not an independent-sample spread"
tran2026nanogs,5A-right,PLOT,bar,1,0,0,0,0,0,1,0,0,0,0,0,0,no error bars on any bar; number of trajectories behind each bar not stated
tran2026nanogs,5B-C,RENDER,structure render,1,1,0,0,0,0,0,0,0,0,0,0,0,"the MD pose is shown as **one representative frame from one metadynamics walker and one cluster**; no ensemble spread, no cluster population, no alternative low-energy poses shown, so the reader cannot judge how representative it is"
vo2026fiducials,1A,SCHEMATIC,schematic,0,0,0,0,0,0,0,0,0,0,0,0,0,—
vo2026fiducials,1B,RENDER,structure render (grid of small multiples),1,0,1,0,0,1,0,0,0,0,0,0,0,"**The whole rigidity argument rests on eyeballed spread.** Motion amplitudes are hand-annotated as ""~2Å"", ""~21Å"" etc. on the renders with no distribution, no error, no n per cell, and no stated measurement definition; the underlying quantitative version is deferred to Extended Data Fig. 2 (not in PD"
vo2026fiducials,2,RENDER,structure render (radial arrangement),1,0,0,0,0,0,0,0,0,0,0,0,1,"No resolution, FSC or map-model statistic is printed on any panel; all deferred to Extended Data Tables 1–2 (not in PDF). Map contour levels not given, so the visual weight of each density is uncalibrated."
vo2026fiducials,3A-I,RENDER,structure render,1,0,0,0,0,0,0,0,0,1,0,0,0,"**The figure titled ""…Yet are Poorly Predicted by Co-Folding Models"" contains no quantitative panel at all.** Only one co-folding model is shown (Boltz-2); Chai-1 and OF3 results, and any RMSD distribution across models or seeds, are deferred to Extended Data Fig. 4b,c (not in PDF). ""The top"" predic"
vo2026fiducials,"4A,C-E",RENDER,structure render,1,0,0,0,0,0,1,0,0,0,0,0,0,"Panel a is the sole evidence that BB3 was ""predicted rigid"" and BB5 ""predicted flexible"", shown as pLDDT-coloured spaghetti with no spread metric and no threshold — the prospective filter's decision rule is never made numeric anywhere in the paper."
vo2026fiducials,4B,RENDER,grid of small multiples (2D class averages),1,0,0,0,0,0,0,0,0,0,0,0,1,"Number of classes shown vs computed is not given, nor particle counts per class, so ""sufficiently rigid for alignment"" vs ""not"" is a visual judgement on a curated selection of class averages."
vo2026fiducials,"5A,C-G",RENDER,structure render,1,0,0,0,0,0,0,0,0,1,0,0,0,"**The paper's central conformational claim has no quantitative panel.** ""Almost complete outward movement of TM6 even in the absence of G-protein"" and ""less than 1 Å further outward at most positions"" (p8) are supported only by coloured overlays; no per-residue displacement plot, no RMSD, no error. "
vo2026fiducials,5B,PLOT,line (density/histogram trace),1,0,1,0,0,0,0,1,0,0,0,0,0,"**The measure axis is labelled only ""Population"" with no tick values and no units**, so the two distributions cannot be compared in magnitude, only in shape; no n per bin, no replicate spread, no error band, and no indication whether replicates were pooled. The dashed ""fully open""/""fully closed"" ref"
wallner2023afsample,1A,PLOT,line,1,0,0,0,0,0,1,0,0,0,0,0,0,"**Group tick labels are printed at a size that is illegible in the published figure**, so only the two starred groups can be identified and the reader cannot see who else is near the top or how close they are; **the number of targets behind each average is never given, on the panel or in the text**;"
wallner2023afsample,1B,PLOT,scatter,1,0,1,0,0,0,0,0,0,0,0,0,0,"**n is not stated anywhere**, so the reader must count labelled dots to learn the size of the benchmark; the ""eight targets showing considerable improvements with >0.4 DockQ units"" claimed on p2 is **not marked on the panel** — no threshold band, no highlighting, no count annotation; overlapping ID "
wallner2023afsample,1C+1E,PLOT,scatter,1,0,0,1,0,0,0,0,0,0,0,0,0,"**Severe overplotting: ~6000 opaque points per panel in a panel roughly a quarter the area of 1B, with no transparency, no density encoding and no marginal distribution** — the 3 points (H1144) and 38 points (T1187o) that the entire ""you need 6000 samples"" argument rests on are visually indistinguis"
wallner2023afsample,1D+1F,RENDER,structure render,1,0,0,0,0,0,0,0,0,0,0,1,0,"**One model of ~6000 shown per target, selected by `ranking_confidence`** — the ensemble spread that is the paper's subject is invisible; no scale bar, no per-interface DockQ breakdown for the multi-interface case, and the wrong-domain-orientation failure mode described in the text (p3) is never ren"
waymentsteele2024cluster,1A-C,RENDER,structure render,0,0,0,0,0,0,0,0,0,0,0,0,0,
waymentsteele2024cluster,1D,SCHEMATIC,schematic,1,0,1,0,0,0,0,0,0,0,0,0,0,"t-SNE panel carries real cluster data but is presented decoratively — no axis labels, no cluster count, no n"
waymentsteele2024cluster,1E,RENDER,structure render,1,0,0,0,0,0,0,0,0,0,0,0,1,"**Yes** — the five shown are pre-filtered to be within 3 Å of the crystal structures and only then ranked by plDDT (p3), so the render displays the successes and hides the rest of the distribution; the reference structures are not overlaid"
waymentsteele2024cluster,1F,PLOT,scatter,1,0,1,1,0,0,0,0,0,0,0,0,0,"n not printed on the panels (only in the Extended Data Fig. 2e caption, p14); both axes truncated at 15 Å; plDDT colour bar clipped at 50 and 90"
waymentsteele2024cluster,2A,PLOT,tree (see `unresolved` — no matching v2 form),1,0,1,0,0,0,0,0,0,1,0,0,0,"**Yes** — the claim that both states are ""distributed in clusters across the KaiB family"" (p1) has no quantitative panel: no counts per clade, no confidence distribution, no accuracy anywhere except the 4 variants in 2B"
waymentsteele2024cluster,2B-C,RENDER,structure render,1,0,0,0,0,0,0,0,0,1,0,0,0,"Literature state is given as a text label, not as a structural comparison; no RMSD to the L. pneumophila FS crystal structure is shown"
waymentsteele2024cluster,2D,PLOT,bar/line,0,0,0,0,0,0,0,0,0,0,0,0,0,
waymentsteele2024cluster,2E-F,RENDER,structure render,0,0,0,0,0,0,0,0,0,0,0,0,0,
waymentsteele2024cluster,3A,PLOT,bar,1,0,0,0,0,0,0,0,0,0,0,0,1,Number of clusters behind each enrichment value is not reported anywhere
waymentsteele2024cluster,3B,RENDER,structure render,0,0,0,0,0,0,0,0,0,0,0,0,0,
waymentsteele2024cluster,3C-D,PLOT,2D spectrum (contour scatter),0,0,0,0,0,0,0,0,0,0,0,0,0,
waymentsteele2024cluster,3E,PLOT,bar,0,0,0,0,0,0,0,0,0,0,0,0,0,
waymentsteele2024cluster,3F,PLOT,bar,1,0,0,0,0,1,0,0,0,0,0,0,0,"n = 5 is stated in the caption, so not hidden — but the bar does hide the per-residue spread behind a single s.e.m."
waymentsteele2024cluster,"4A,4C",RENDER,structure render,0,0,0,0,0,0,0,0,0,0,0,0,0,
waymentsteele2024cluster,"4B,4D",PLOT,scatter,1,0,1,1,0,0,0,0,0,1,0,0,0,"**Yes** — the claim ""with high confidence"" (p6) has no quantitative axis: plDDT appears only as a clipped colour, no RMSD-to-reference axis, no n, no axis units on the PCs"
waymentsteele2024cluster,5A,SCHEMATIC,schematic,0,0,0,0,0,0,0,0,0,0,0,0,0,
waymentsteele2024cluster,5B,PLOT,scatter,1,0,1,0,0,0,0,0,0,0,0,0,0,"**Yes** — 2 of 628 screened families are plotted; the screen-wide distribution that justifies ""For most of the protein families screened, an increase in r.m.s.d. corresponded to a decrease in plDDT"" (p6) is never shown; no n, no selection threshold drawn"
waymentsteele2024cluster,5C,PLOT,scatter,1,0,0,0,0,0,0,0,0,1,0,0,0,"State boundaries are drawn by eye; no cluster assignment, no separation statistic on this panel"
waymentsteele2024cluster,5D-E,RENDER,structure render,1,0,0,0,0,0,0,0,0,1,0,0,0,Top five by plDDT only; no RMSD spread within each state shown
waymentsteele2024cluster,ED1A,RENDER,structure render,0,0,0,0,0,0,0,0,0,0,0,0,0,
waymentsteele2024cluster,ED1B-C,PLOT,heatmap,0,0,0,0,0,0,0,0,0,0,0,0,0,
waymentsteele2024cluster,ED2A-B,PLOT,line,1,0,0,0,0,0,0,0,0,0,0,0,1,X-axis shown only to ~9 in both panels although the sweep ran to 20 (p9) — the reader cannot see the large-epsilon regime the text argues about
waymentsteele2024cluster,ED2C,PLOT,scatter,0,0,0,0,0,0,0,0,0,0,0,0,0,
waymentsteele2024cluster,ED2D,PLOT,scatter,1,0,0,1,0,0,0,0,0,0,0,0,0,Axes truncated to 2–10 Å; the number of models per epsilon is not given
waymentsteele2024cluster,ED2E,PLOT,box,1,0,0,1,0,0,0,0,0,0,0,0,0,"y-axis starts at 30, not 0 (defensible for plDDT); per-class n not broken out, only per-method totals"
waymentsteele2024cluster,ED3A,PLOT,heatmap,0,0,0,0,0,0,0,0,0,0,0,0,0,
waymentsteele2024cluster,ED3B,PLOT,scatter + marginal density,0,0,0,0,0,0,0,0,0,0,0,0,0,
waymentsteele2024cluster,ED3C,PLOT,heatmap,0,0,0,0,0,0,0,0,0,0,0,0,0,
waymentsteele2024cluster,ED3D,PLOT,scatter + trend,0,0,0,0,0,0,0,0,0,0,0,0,0,
waymentsteele2024cluster,ED4A,PLOT,2D spectrum,0,0,0,0,0,0,0,0,0,0,0,0,0,
waymentsteele2024cluster,ED4B,PLOT,grid of small multiples,0,0,0,0,0,0,0,0,0,0,0,0,0,
waymentsteele2024cluster,ED4C,SCHEMATIC,schematic,0,0,0,0,0,0,0,0,0,0,0,0,0,
waymentsteele2024cluster,ED4D-E,PLOT,line,0,0,0,0,0,0,0,0,0,0,0,0,0,
waymentsteele2024cluster,ED5A,PLOT,scatter,1,0,0,0,0,0,0,0,0,0,0,0,1,"Quadruple mutants and above are unlabelled by construction (""Quadruple-mutants and greater are not labelled by residue mutation"", p17), so the reader cannot identify which higher-order combinations also switched"
waymentsteele2024cluster,ED5B,RENDER,structure render,0,0,0,0,0,0,0,0,0,0,0,0,0,
waymentsteele2024cluster,ED6A-B,RENDER,structure render,0,0,0,0,0,0,0,0,0,0,0,0,0,
waymentsteele2024cluster,ED6C,RENDER,structure render,1,0,1,0,0,0,0,0,0,1,0,0,0,"**Yes** — the negative result (""AF-Cluster was unable to predict the oligomeric state"", p5) is shown only as renders; no RMSD landscape, no plDDT distribution, no n for these three proteins anywhere"
waymentsteele2024cluster,ED7A,PLOT,scatter,1,0,0,1,0,0,0,0,0,0,0,0,0,x-axis truncated to 1.5 units — the alternative state (the point of the figure) cannot be on this axis; the caption does not state the RMSD units
waymentsteele2024cluster,ED7B,PLOT,box,1,0,1,0,0,0,0,0,0,0,0,0,0,"Per-class n not given, only the total"
waymentsteele2024cluster,ED7C,RENDER,structure render,0,0,0,0,0,0,0,0,0,0,0,0,0,
waymentsteele2024cluster,ED7D,SCHEMATIC,schematic,0,0,0,0,0,0,0,0,0,0,0,0,0,
waymentsteele2024cluster,ED7E,PLOT,scatter + marginal histogram,0,0,0,0,0,0,0,0,0,0,0,0,0,
waymentsteele2024cluster,ED7F,RENDER,structure render,0,0,0,0,0,0,0,0,0,0,0,0,0,
waymentsteele2024cluster,"ED8A,8C",PLOT,grid of small multiples,1,0,0,1,0,0,0,0,0,1,0,0,0,"n per homologue never reported; axes truncated at 15 Å; the 6-vs-4 split is asserted from these panels with no threshold stated for ""sampled an analogous alternative fold"" (p6)"
waymentsteele2024cluster,"ED8A,8B",RENDER,structure render,0,0,0,0,0,0,0,0,0,0,0,0,0,
waymentsteele2024cluster,ED9,PLOT,tree (see `unresolved`),1,0,0,0,0,0,1,0,0,1,0,0,0,"The claim ""the closest homologues to the alternative state are dispersed across the tree"" (p11) has no dispersion statistic; the reader must judge by eye"
waymentsteele2024cluster,ED10A,SCHEMATIC,schematic (alignment listing + render),0,0,0,0,0,0,0,0,0,0,0,0,0,
waymentsteele2024cluster,ED10B,PLOT,heatmap,0,0,0,0,0,0,0,0,0,0,0,0,0,
waymentsteele2024cluster,ED10C,PLOT,grid of small multiples,1,0,0,0,0,0,0,0,0,0,0,0,1,"Correct/incorrect is a single X glyph per sub-panel; no summary bar or count panel anywhere, so the 10/12 vs 8/12 headline (p7) has to be counted off the grid by hand"
waymentsteele2025reply,1A,PLOT,bar,1,0,1,0,0,0,0,0,0,0,0,0,0,"**Stacked bar with no printed n or percentage**: the load-bearing ""roughly only 50% are predicted in the FS state using single sequences"" (caption, p3) must be eyeballed as a segment ratio. No uncertainty shown"
waymentsteele2025reply,1B-C,PLOT,line,1,0,0,0,0,0,0,0,0,0,0,0,1,A black leader line from panel C to the boxed Model-3 render crosses the plotting area and obscures the model-3 and model-4 traces between recycles 4 and 7
waymentsteele2025reply,1D-E,RENDER,structure render,1,0,0,0,0,0,0,0,0,1,1,0,0,"**The displayed recycle is chosen by the oracle**: ""Models were selected at the recycle at which any model from single-sequence mode obtains the lowest RMSD to our solved NMR structure"" (caption, p4) — the frame most favourable to the arm being criticised, but reference-selected all the same. **No R"
waymentsteele2025reply,"2A,2C-D",PLOT,scatter,1,0,0,1,1,0,0,0,0,0,0,0,0,"**The three panels the argument compares are on different axis ranges** — A runs 0–15 Å on both axes, C runs 0–12, D runs 0–10 — so the eye cannot compare cloud positions across the comparison the figure exists to make. **pLDDT colour scale clipped at 50 and 90** on a 0–100 metric, hiding the tails."
waymentsteele2025reply,2B,TREE,tree,1,0,1,0,0,0,0,0,0,0,0,0,0,"Leaf count never stated; the two trees are drawn at a size where individual leaves are unresolvable, so the ""clusters across the family"" claim (p5) rests on colour texture rather than countable leaves"
waymentsteele2025reply,3,PLOT,box + point,1,0,0,1,0,0,0,0,1,0,0,0,0,"**n = 1 points plotted on the same axis as n = 25 distributions**, which is the very asymmetry the figure is criticising — the figure reproduces the defect in order to name it, and does not mark the single points as n = 1 in the axis labels. **The y-axis is truncated to ~53–75 pLDDT**, expanding dif"
waymentsteele2025reply,4A,SCHEMATIC,schematic,0,0,0,0,0,0,0,0,0,0,0,0,0,—
waymentsteele2025reply,4B,PLOT,line,1,0,1,0,0,0,0,0,0,0,0,0,0,"**The two panels carry 5 and 50 lines respectively with no per-panel n stated in the caption**, so the shuffled panel looks noisier partly because it is ten times more densely drawn. The replicate count is recoverable only from the Methods command line on p12"
waymentsteele2025reply,4C,RENDER,structure render,1,1,1,0,0,0,0,0,0,1,0,0,0,"**A qualitative claim with no quantitative panel of its own**: ""after shuffling no meaningful structures are obtained"" (caption, p10) is a visual judgement; the quantitative version of this comparison lives in D–E and is restricted to the same 2 of 49 clusters. The overlay count is not stated in the"
waymentsteele2025reply,4D-E,PLOT,scatter,1,1,1,0,0,0,0,0,0,0,0,0,0,"**2 of 49 RfaH and 2 of 32 Mad2 clusters are shown**, chosen as clusters that had already predicted a known state (p9); the other 77 are relegated to Figs D1–D2 at unreadable size. **The grey background layer's n is never given** anywhere in the paper, and it is the denominator that makes the colour"
waymentsteele2025reply,5,PLOT,box + point,1,1,0,0,0,0,0,0,0,0,0,0,0,"**13 of 81 clusters are plotted, selected by having already returned one state in >50% of samples** — the 68 clusters that did not meet that criterion are absent, so the ""all but one suffered"" headline is conditional on a selection made after the sampling. The selection is inspectable only via Figs "
waymentsteele2025reply,A1-A,RENDER,structure render,0,0,0,0,0,0,0,0,0,0,0,0,0,—
waymentsteele2025reply,A1-B,MATRIX,heatmap,1,0,0,0,0,0,0,0,0,0,0,0,1,"The overlaid coverage line has no axis of its own, so its values cannot be read; the argument (""Sequence coverage of the alternatively spliced sequence in BCCIP-alpha is minimal"", caption p13) rests on the visual sparsity of the right-hand region rather than a printed depth"
waymentsteele2025reply,B1,RENDER,structure render,1,0,0,0,0,0,0,0,0,1,0,0,0,"Identity is asserted visually — ""The outputs are identical and superimpose, without need to align"" (caption, p14) — with **no RMSD or pLDDT number**, and the protein is unnamed (""a random protein with low MSA coverage"", p14), so the check cannot be repeated"
waymentsteele2025reply,B2,PLOT,box + point,1,0,0,1,0,0,0,0,0,0,0,0,0,"y-axis truncated to ~0.645–0.855, which magnifies a ~0.05 pLDDT-fraction difference into most of the panel height. Seed count is in the Methods (p14), not the caption"
waymentsteele2025reply,B3,PLOT,box + point,1,0,0,1,0,0,0,0,0,0,0,0,0,"**Unequal and unstated n between the two compared series**, which is the same sampling-asymmetry objection this paper raises against the comment. y-axis truncated to ~0.57–0.82"
waymentsteele2025reply,"C1A-B,E-F",MATRIX,heatmap,1,0,0,0,0,0,0,0,0,0,0,0,1,"Panel A carries **grey bands marking residues unresolved in 5OND** — which is the paper's actual argument (p16), and is correctly annotated; noted here as a *good* practice, not a defect. No contact-definition distance cutoff is stated anywhere for these maps"
waymentsteele2025reply,C1C-D,MATRIX,heatmap,1,0,0,0,0,0,0,0,0,1,0,0,0,"**No colourbar and no numeric scale** on either panel, so ""weak contacts"" (the disputed phrase, p16) cannot be quantified from the figure; the rebuttal is made by pointing at boxes"
waymentsteele2025reply,C1G-H,RENDER,structure render,0,0,0,0,0,0,0,0,0,0,0,0,0,—
waymentsteele2025reply,C2A,MATRIX,heatmap,1,0,0,0,0,0,0,0,0,0,0,0,1,"White = unresolved is stated in the caption but is visually identical to white = no contact, so absence of data and absence of contact are indistinguishable within a panel"
waymentsteele2025reply,C2B,MATRIX,heatmap,1,0,1,0,0,0,0,0,0,0,0,0,0,"**No n on either panel**: the number of clusters averaged into each state group is never stated (only that the baseline is 5 clusters × 100 bootstrap draws, p17). This is the panel that carries the paper's systematic coevolution claim, and its group sizes are missing"
waymentsteele2025reply,C2C,MATRIX,heatmap,1,0,0,0,0,0,0,0,0,0,0,0,1,"No colourbar for the raw panels (the ±0.5 bar belongs to C2B), so the three raw maps cannot be compared numerically"
waymentsteele2025reply,D1,PLOT,scatter,1,0,0,0,0,0,1,0,0,0,0,0,0,"At 98 panels on one page each panel is ~2 cm wide with 4 axis ticks; the individual clusters are not readable as data, only as texture. No summary statistic accompanies the grid — the quantitative summary is Fig D3"
waymentsteele2025reply,D2,PLOT,scatter,1,0,0,0,0,0,0,0,0,0,0,0,1,as D1: unreadable at printed size; grey-layer n unstated
waymentsteele2025reply,D3,PLOT,bar,1,0,0,0,0,1,0,0,0,0,0,0,0,"Bars only, no distribution or interval; the shuffled series is absent from two panels (Mad2 closed shows no orange bars at all), which reads as zero but is not labelled as such"
waymentsteele2025reply,D4A,SCHEMATIC,schematic,0,0,0,0,0,0,0,0,0,0,0,0,0,—
waymentsteele2025reply,D4B,RENDER,structure render,1,0,0,0,0,1,0,0,0,1,0,0,0,"**The paper's entire answer to the memorization hypothesis, with no quantitative panel at all**: no RMSD, no TM-score, no pLDDT value, no distribution, and 1 of an unstated number of models shown per fold (""top-ranked ... by pLDDT"", p12). The TM-score predicates built for the rest of the paper are n"
wohlwend2024boltz1,1,RENDER,structure render,1,0,0,0,0,1,0,0,0,0,0,0,0,"**Selection is not disclosed in the caption.** The caption reads only ""Example predictions of Boltz-1 on targets from the test set""; only at p17, sixteen pages later, is it admitted these are ""two examples of hard targets from the test set where Boltz-1 performed remarkably well"". Two best-case targ"
wohlwend2024boltz1,2,SCHEMATIC,schematic,0,0,0,0,0,0,0,0,0,0,0,0,0,"*(blank — declared as an explanatory cartoon; ""Colors indicate correspondence between different points"")*"
wohlwend2024boltz1,3,SCHEMATIC,schematic,0,0,0,0,0,0,0,0,0,0,0,0,0,*(blank)*
wohlwend2024boltz1,4,PLOT,line,1,0,0,0,0,0,1,0,0,0,0,0,0,"**No error bars and no repeat count** — every point is a single unreplicated timing. **The PyTorch line simply stops at n≈780 with no explanation** (presumably OOM), which is the most consequential fact in the plot and is not annotated. Backward-pass runtime and peak memory — the quantity the surrou"
wohlwend2024boltz1,5,PLOT,bar,1,0,1,0,1,1,0,0,0,1,0,0,0,"**Bars hide distributions.** Every bar is a mean or a pass-rate over 541 structures with only a bootstrap CI; no violin, box, per-complex scatter or paired comparison is shown anywhere in the paper, so nothing reveals whether the models fail on the *same* targets. **No numeric labels**, and no compa"
wohlwend2024boltz1,6,PLOT,bar,1,0,0,0,0,0,0,0,0,0,0,0,1,"All of Fig 5's defects, plus one specific to n=66: **the confidence intervals are enormous and overlap almost everything** — DockQ CIs span roughly 0.17–0.82, so the apparent Boltz-1 advantage over AlphaFold3 on DockQ (~0.70 vs ~0.60) is not separable from noise, and the Boltz-1x physical-validity C"
wohlwend2024boltz1,7,RENDER,structure render,1,1,0,0,0,0,0,0,0,1,0,0,0,"**The verdicts are visual, with no quantitative panel.** Two hand-picked cases stand in for the 43% → 97% physical-validity claim, and the figure shows no reference structure, so the reader cannot see whether the fixed pose is also the *correct* pose — only that it is physical. Selection criteria fo"
wu2023tds,1,PLOT,line or point with error bars,0,0,0,0,0,0,0,0,0,0,0,0,0,—
wu2023tds,2,unclassified,NOT EXTRACTED (panel not viewed),0,0,0,0,0,0,0,0,0,0,0,0,0,—
wu2023tds,3A-B,PLOT,line (a) + bar or count (b),1,0,0,0,0,0,0,0,0,0,0,0,1,Panel (a) is a single test case (5IUS); the per-problem spread is only summarised in (b)
wu2023tds,Table 1,unclassified,table,0,0,0,0,0,0,0,0,0,0,0,0,0,—
yang2025statespecific,1,SCHEMATIC,schematic,1,0,0,0,0,0,0,0,0,0,0,0,1,The panel that carries the paper's central mechanism (b) shows the state as an already-chosen input box; no panel depicts where the state label comes from
yang2025statespecific,2A-E,PLOT,bar,1,0,0,0,0,1,1,0,0,0,0,0,0,"Bars over a binomial with n=45 (n=30 in d–e) with **no error bars, no CI and no per-bar distribution**; the authors themselves switch to box plots for class B because the binary metric stops discriminating (p4), which is an admission the bars hide the distribution. Numeric bar values never printed a"
yang2025statespecific,2F-H,PLOT,box,1,0,0,1,0,0,0,0,0,0,0,0,0,"**y-axis truncated at ≈7 Å** while panel i shows TM6-RMSD values reaching ≈30 Å, so the worst failures fall outside these axes. Box hinge and whisker conventions not stated; n=15 per box shown only in the panel title"
yang2025statespecific,2I-J (scatters),PLOT,scatter,1,0,1,1,0,0,1,0,0,0,0,0,0,"**Both axes are broken** (0–1–2 then a jump to 10–20–30 / 10–20–30–40), which compresses the large-deviation region where the models actually differ. No summary statistic, no count of points above vs below the diagonal, no paired test"
yang2025statespecific,2I-K (renders),RENDER,structure render,1,1,0,0,0,0,0,0,0,1,0,0,0,"**Cases selected by their agreement with the reference** — ""we selected cases based on TM6 RMSD"" (p4) — so these are best cases, not representative ones. The state call in k is made **by eye with no number attached**; k has no quantitative counterpart anywhere. Which of the 5 seeds is shown is not s"
yang2025statespecific,3A-B,PLOT,scatter,1,0,1,0,0,0,1,0,0,0,0,0,0,"Confident-looking fitted trend lines drawn through correlations of Rp = −0.23 and 0.20 that the text itself calls ""weak"" (p5); **no p-values, no confidence bands, no n printed on the panel**"
yang2025statespecific,3C-D,PLOT,bar (stacked),1,0,1,0,0,0,0,0,0,0,0,0,0,"**The thresholds that separate ""significantly higher"", ""similar"" and ""higher for the incorrect state"" are never stated** (p5), so the three-way split is unreproducible. The ""correct"" state is asserted a priori, not measured. Counts printed nowhere; only bar heights"
yang2025statespecific,3E-F,PLOT,scatter,1,0,0,0,1,0,0,0,0,0,0,0,0,"**The two panels use different axis ranges on both axes** (pLDDT 0–80 vs 0–60; pAE 22–12 vs 30–15) and different Filter-1 boxes, so the side-by-side comparison the figure invites is not like-for-like. Hit-rate denominators differ (48 vs 26), which the shaded regions do not convey. The Filter-1 bound"
yang2025statespecific,4A,PLOT,scatter,1,0,0,0,0,0,0,0,0,0,0,0,1,"The figure carrying the design claim **has no potency axis at all** — 2398 grey points with unknown affinity and 2 orange points; the reader cannot see whether confidence separates potent from weak. Overplotting in the dense grey cloud is not addressed (no density, no jitter, no alpha stated)"
yang2025statespecific,4B-C,PLOT,line,1,0,0,0,0,0,0,0,0,0,0,0,1,"c shows only 2 curves and one of them (A14, red) is essentially flat — the antagonist claim for APJR rests on a single responding peptide with IC50 20.3 μM, plotted without a positive-control antagonist. Concentration axes differ in unit between b (nM) and c (μM), inviting misreading"
yang2025statespecific,4D,SCHEMATIC,schematic,1,0,0,0,0,0,0,0,0,0,0,0,1,"No percent-identity numbers accompany the claim that ""their sequences differ significantly from Apelin-13"" (p7) — the novelty claim is made from an eyeballed alignment"
yang2025statespecific,4E (top),RENDER,structure render,1,0,0,0,0,0,0,0,0,0,0,0,1,"A single predicted pose is shown with **no indication of which of the seeds it is, no seed-to-seed spread, and no experimental structure to superpose** — the complex was never solved"
yang2025statespecific,4E (bottom),MATRIX,heatmap,1,0,0,0,0,0,0,0,0,0,0,0,1,"Compares a **deposited** structure row against a **predicted** structure row in the same matrix with no visual marking of that asymmetry, so predicted contacts read with the same authority as observed ones. No contact-distance cutoff or detection tool is stated"
yang2025statespecific,5A,PLOT,scatter,1,0,0,0,0,0,0,0,0,0,1,0,0,"Same defect as 4A: no potency dimension. The panel labels 5111 and 1471 while the text says ""approximately 5000"" and ""around 1400"" (p9), so the figure and text disagree in precision. The success threshold in the legend (IC50 < 1.9 μM) is **Avexitide's own measured IC50 rounded**, i.e. a post hoc cut"
yang2025statespecific,5B,PLOT,line,1,0,0,0,0,0,0,0,0,0,0,0,1,Peptide-I1 (red) is flat across the whole range yet is drawn with the same weight as the responders; the two curves that beat Avexitide overlap it closely and the separation carrying the headline claim (874 nM vs 1913 nM) is not resolvable from the plot
yang2025statespecific,5C,SCHEMATIC,schematic,1,0,0,0,0,0,0,0,0,0,0,0,1,"Percent identities are never given, although the claim being supported — designs resemble agonists yet behave as antagonists (p9) — is a quantitative one"
yang2025statespecific,5D-H,RENDER,structure render,1,0,0,0,0,0,0,0,0,0,0,0,1,"The inward TM6 displacement that defines the inactive state is shown **only as a render with no measured distance or angle** (p9); the ""inactive conformation"" is the state the model was *told* to produce, so the panel illustrates the conditioning rather than testing it. Which of the seeds is display"
yang2025statespecific,5I,MATRIX,heatmap,1,0,0,0,0,0,0,0,0,0,0,0,1,"Same deposited-vs-predicted asymmetry as 4E (bottom), unmarked. No contact cutoff or tool stated"
yang2025statespecific,6A,PLOT,scatter,1,0,0,0,0,0,0,0,0,0,0,0,1,"Same lack of a potency axis as 4A and 5A. With n=200 the ""funnel"" is 200 points of which 10 are coloured, so the filtering claim rests on a 5% selection with no visible separation"
yang2025statespecific,6B-C,PLOT,line,1,0,0,0,0,0,0,0,0,0,0,0,1,"The five agonist curves in b are **essentially superimposed**, which is the visual signature of the mode collapse the authors admit on p10 (sequences G1–G5 differ by 1–3 residues, Table 3) — the panel shows five near-identical peptides presented as five designs. No ghrelin curve is drawn in b, only "
yang2025statespecific,6D,SCHEMATIC,schematic,1,0,0,0,0,0,0,0,0,0,0,0,1,The panel makes the diversity failure visible (G1–G7 are near-identical rows) but no identity percentage is given; the reader must count columns
ye2026multistatebias,TOC,SCHEMATIC,schematic,0,0,0,0,0,0,0,0,0,0,0,0,0,
ye2026multistatebias,1A,RENDER,structure render,0,0,0,0,0,0,0,0,0,0,0,0,0,
ye2026multistatebias,1B,PLOT,scatter,1,0,0,0,0,0,0,0,0,0,0,0,1,n per panel never printed; BioEmu panel visibly carries far fewer points than the others with no explanation
ye2026multistatebias,2A,RENDER,structure render,0,0,0,0,0,0,0,0,0,0,0,0,0,
ye2026multistatebias,2B,PLOT,scatter,1,0,1,0,0,0,0,0,0,0,0,0,0,"n per panel not printed; the two successful Boltz-2 apo points are single markers indistinguishable in size from the 48 failures, so the 2/50 success rate is not readable off the plot"
ye2026multistatebias,3A,RENDER,structure render,1,0,0,0,0,0,0,0,0,0,0,0,1,"Three reference states are named in the caption (1M74/1TF2/8YAS) but the render shows one composite per representation, so the three states are not individually visible"
ye2026multistatebias,3B,PLOT,scatter,1,0,1,1,0,0,0,0,0,0,0,0,0,"**Both axes truncated** (x from ~20 Å, y from ~70°) with no break marks and no caption note; n per panel not printed; the BioEmu panel carries only the apo series while the other three carry all three conditions, and neither caption nor legend says BioEmu cannot take ligand/partner input"
ye2026multistatebias,4A,RENDER,structure render,1,0,0,0,0,0,0,0,0,0,0,0,1,The ~14 Å TM6 displacement quoted in text (p.13) is shown only as an arrow; no scale bar or measured distance on the figure
ye2026multistatebias,4B,PLOT,scatter,1,0,1,0,0,0,0,0,0,0,0,0,0,"n per condition per panel not printed; **caption/text colour mismatch** — caption calls Gαβγ-agonist-GTP ""green"" (p.12) while the rendered legend and the text (p.13, ""blue, purple"") show purple, and the text calls the apo series ""yellow dots"" (p.13) where the caption says ""orange""; the AlphaFold3 pa"
ye2026multistatebias,"5A-B,D",PLOT,scatter,1,0,0,1,0,0,0,0,0,0,0,0,0,"n per strategy not printed; LAO panel y-axis capped at 6 Å where the same quantity was plotted to 7 Å in Fig 2B, so the two LAO figures cannot be visually compared"
ye2026multistatebias,5C,PLOT,scatter,1,0,0,1,0,0,0,0,0,0,0,0,0,"**Both axes truncated** (x from ~30 Å, y from ~75°) with no break marks and no caption note; n per strategy not printed"
yu2026domainmotion,1,PLOT,scatter + histogram,0,0,0,0,0,0,0,0,0,0,0,0,0,—
yu2026domainmotion,2,unclassified,scatter + histogram,0,0,0,0,0,0,0,0,0,0,0,0,0,—
yu2026domainmotion,3,unclassified,scatter + histogram,1,0,0,0,0,0,0,0,0,0,0,0,1,"Caption/text mismatch, recorded in `unresolved`"
yu2026domainmotion,4,PLOT,stacked or grouped bar,1,0,0,0,0,0,1,1,0,0,0,0,0,"**Pools proteins within a group**, so per-protein spread is only in SI Table S3; no error bars described in the caption"
yu2026domainmotion,5,PLOT,scatter + density,1,0,0,0,0,0,0,0,0,0,0,0,1,**The single most reusable panel design in the corpus for a decoy-arm figure**
zhang2026generalization,1A+1E,PLOT,scatter,1,0,1,0,0,0,0,0,0,0,0,0,0,"Caption gives no n for any panel. R² is printed in the *text* for e (0.046) but not on the panel, and no trend line or fit is drawn on either panel, so the reader cannot see the fit that the R² summarises. Allosteric cases are **not** highlighted in a or e although they are in b–d, so the same point"
zhang2026generalization,1B-D,PLOT,scatter,1,0,1,0,0,0,1,0,0,0,0,0,0,"No n, no fit line, no reported correlation coefficient for any of the three despite the text asserting ""no clear trend"" (p2) — the null is claimed from visual inspection of these panels with no statistic attached. Allosteric n is never stated, so the reader cannot tell how much of the top of the y-r"
zhang2026generalization,1F,PLOT,bar (100% stacked),1,0,0,0,0,0,0,0,0,1,0,0,0,"**The caption misdescribes this panel.** It reads ""f Ligand RMSD vs. receptor–ligand ipTM"", which describes a scatter; the rendered panel is a 100%-stacked bar of binned outcomes. Consequently **the R² = 0.49 asserted in the text (p3) has no panel showing the point cloud it was computed from** — the"
zhang2026generalization,2A,SCHEMATIC,schematic (Sankey flow),1,0,0,0,0,0,0,0,0,0,0,0,1,"Flow widths are the only encoding and no axis or scale is given, so the counts must be read from the node labels rather than seen. The Sankey shows the **top-5** numbers only; the top-10 variant (36, 52 of 84) is in the text on p3 with no visual counterpart"
zhang2026generalization,2B-E,RENDER,structure render,1,1,0,0,0,0,0,0,0,0,0,0,0,"Two hand-picked successes out of 45 rescues and 84 attempts, with **no render of any of the 39 unrescued cases** — the failure mode the paper diagnoses quantitatively (severe clashes, 94.90% / 75.12%) is never shown. No scale bar, no resolution or map context, no indication of how these two were cho"
zhang2026generalization,3A,PLOT,bar (grouped),1,0,0,0,0,0,1,0,0,0,0,0,0,"No error bars anywhere — FEP+ R² carries cycle-closure and statistical uncertainty that is not drawn, so bar-height differences of 0.05 (the hatching threshold) are shown as if exact. Ligand count per series is not shown, so each bar's weight is invisible. The 13 series that failed the retrospective"
zhang2026generalization,3B,PLOT,bar (grouped),1,0,1,0,0,0,1,0,0,0,1,0,0,"Same defects as 3A: no error bars on a quantity whose statistical error is routinely ~0.2–0.3 kcal/mol — the same order as the hatching threshold — no per-series n, no receptor labels, best-of-N selection invisible. Additionally, the 2.0 kcal/mol pass criterion used to define an FEP+ signal (p4) is "
