citekey,metric,value,units,measured_against,page
abramson2024af3,"PoseBusters V1 success, AF3 (2019 cutoff), blind",**76.4** (95% CI 72.1–80.3),% of targets with pocket-aligned ligand r.m.s.d. < 2 Å,"PoseBusters V1 (Aug 2023 release), n = 428 targets; vs RoseTTAFold All-Atom 42.0 (n = 427) and AutoDock Vina 52.3; Fisher's exact P = 2.27 × 10⁻¹³ vs Vina, P = 4.45 × 10⁻²⁵ vs RFAA","p2, p4, p5, p21"
abramson2024af3,"PoseBusters V1 success, AF3 pocket-specified (privileged)",**90.2** (87.0–92.8),% r.m.s.d. < 2 Å,"PoseBusters V1, n = 428; vs Uni-Mol Docking V2 77.6, Vina 52.3, Gold 51.2","p10, p15, p21"
abramson2024af3,"PoseBusters V2 success, AF3 (2019 cutoff), blind",**80.5** (75.6–84.8),% r.m.s.d. < 2 Å,"PoseBusters V2 (Nov 2023, crystal contacts removed), n = 308 targets; vs Vina 59.7; Fisher's exact P = 2.3 × 10⁻⁸","p15, p21"
abramson2024af3,"PoseBusters V2 success, AF3 pocket-specified (privileged)",**93.2** (89.8–95.7),% r.m.s.d. < 2 Å,"PoseBusters V2, n = 308; vs Vina 59.7, Gold 58.1","p15, p21"
abramson2024af3,"PoseBusters V2 success **and** PB-valid, AF3 2019",**73.1**,% r.m.s.d. < 2 Å and passing all PoseBusters validity checks,"PoseBusters V2, n = 308; vs DiffDock 12.7, Vina 58.1",p15
abramson2024af3,"PoseBusters V2, homology-stratified success, AF3 2019",**≈89 / ≈82 / ≈78** (bar heights; exact values not printed),% r.m.s.d. < 2 Å,"Max sequence identity to training proteins (0,30] n = 38 / (30,95] n = 83 / (95,100] n = 187",p15 (ED Fig. 4c)
abramson2024af3,"PoseBusters V2, ligand-familiarity split, AF3 2019",**92.0** (82.0 PB-valid) vs **78.3** (71.3 PB-valid),% r.m.s.d. < 2 Å,"""Common natural"" ligands (>100 PDB occurrences) n = 50 vs others n = 258",p15 (ED Fig. 4d)
abramson2024af3,"Chirality violation rate, AF3 on PoseBusters",**4.4**,"% of benchmark predictions, after the ranking chirality penalty",PoseBusters set,p5
abramson2024af3,"Protein–RNA interface accuracy, AF3",**39.4** (28.5–51.9),iLDDT,"Recent PDB eval set, <1,000 residues, n = 25 structures; vs RoseTTAFold2NA 19.0 (15.6–23.2); Wilcoxon P = 2.57 × 10⁻³","p2, p5, p21"
abramson2024af3,"Protein–dsDNA interface accuracy, AF3",**64.8** (56.4–71.7),iLDDT,"Recent PDB eval set, <1,000 residues, n = 38 structures; vs RoseTTAFold2NA 28.3 (20.7–37.5); Wilcoxon P = 2.78 × 10⁻³","p2, p5, p21"
abramson2024af3,"RNA-only structures, AF3",(AF3 > RF2NA),LDDT,"Low-homology recent PDB set, n = 29 structures; paired Wilcoxon P = 1.6 × 10⁻⁷; medians ≈ 75 (AF3) vs ≈ 68 (RF2NA), read from ED Fig. 5b — **numeric values not printed**",p16 (ED Fig. 5b)
abramson2024af3,"DNA-only structures, AF3",(AF3 > RF2NA),LDDT,"Low-homology recent PDB set, n = 63 structures; paired two-sided Wilcoxon P = 5.2 × 10⁻¹²; medians ≈ 86 vs ≈ 64, read from ED Fig. 5b — **numeric values not printed**",p16 (ED Fig. 5b)
abramson2024af3,"CASP15 RNA, AF3",**47.3** (41.7–55.2),RNA LDDT,"CASP15 RNA, n = 8 targets; vs RoseTTAFold2NA 35.5, AIchemy_RNA 40.9–ish (see table), **AIchemy_RNA2 (human input) 54.5** — AF3 loses to the human-aided entrant","p5, p21"
abramson2024af3,"Bonded ligands, AF3",**78.5** (68.3–86.2),% pocket r.m.s.d. < 2 Å,"Recent PDB eval, high-quality experimental filter, **not homology-filtered**, n = 66 clusters","p5, p21"
abramson2024af3,"Glycosylation, AF3, high-quality single-residue",**72.1** (53.1–85.7),% pocket r.m.s.d. < 2 Å,"Recent PDB eval, ranking_model_fit > 0.5, **not homology-filtered**, n = 28 clusters","p5, p21"
abramson2024af3,"Glycosylation, AF3, all-quality single-residue",**46.0** (40.0–52.1),% pocket r.m.s.d. < 2 Å,"Recent PDB eval, n = 167 clusters","p5, p21"
abramson2024af3,"Glycosylation, AF3, all-quality multi-residue glycans",**42.4** (35.4–49.3),% pocket r.m.s.d. < 2 Å,"Recent PDB eval, n = 131 clusters (p5 quotes 42.1 for the same quantity — see `unresolved`)","p5, p21"
abramson2024af3,"Modified residues, AF3 (all)",**59.9** (52.4–67.0),% pocket r.m.s.d. < 2 Å,"Low-homology recent PDB eval, n = 154 clusters",p21
abramson2024af3,"Modified protein residues, AF3",**51.0** (36.0–65.6),% pocket r.m.s.d. < 2 Å,"Low-homology recent PDB eval, n = 40 clusters","p2, p21"
abramson2024af3,"Modified DNA residues, AF3",**68.6** (59.0–76.9),% pocket r.m.s.d. < 2 Å,"Low-homology recent PDB eval, n = 91 clusters","p2, p21"
abramson2024af3,"Modified RNA residues, AF3",**40.9** (23.4–59.9),% pocket r.m.s.d. < 2 Å,"Low-homology recent PDB eval, n = 23 clusters","p2, p21"
abramson2024af3,"**All protein–protein interfaces, AF3**",**76.6** (74.0–78.9),% of interface clusters with DockQ > 0.23,"Low-homology recent PDB eval, <20 chains, <2,560 tokens, n = 1,064 clusters; vs AlphaFold-Multimer v.2.3 **67.5** (64.7–70.1); paired Wilcoxon P = 1.8 × 10⁻¹⁸","p2, p5, p21"
abramson2024af3,"**Protein–antibody interfaces, AF3**",**62.9** (51.4–73.5),% of interface clusters with DockQ > 0.23,"Low-homology recent PDB eval, n = 65 interface clusters (71 complexes, 166 interfaces); vs AF-M 2.3 **29.6** (19.6–40.4); paired Wilcoxon P = 6.5 × 10⁻⁵; **top-ranked across 1,000 seeds for both models**, not the standard 5","p2, p5, p21"
abramson2024af3,"**Protein monomers, AF3**",**86.9** (86.2–87.6),LDDT,"Low-homology recent PDB eval, n = 338 clusters; vs AF-M 2.3 **85.5** (84.7–86.1); paired Wilcoxon P = 1.7 × 10⁻³⁴","p2, p5, p21"
abramson2024af3,"Antibody accuracy vs seeds, AF3","5 → 1,000 seeds improves top-ranked quality",% DockQ > 0.23 and % DockQ > 0.8,"n = 65 clusters, 1,200 seeds sampled 1,000× with replacement; Wilcoxon P = 2.0 × 10⁻⁵ (correct) and P = 0.009 (very high accuracy)",p7
abramson2024af3,"Disorder detection on CAID 2, AF3","**AUC 0.95** (RASA), **0.91** (pLDDT)",ROC AUC,"CAID 2, n = 151 proteins / 46,093 residues, low homology to training; vs AF-M 2.3 0.94 / 0.93 and **AF3 without cross-distillation 0.67 / 0.89**",p12 (ED Fig. 1b)
abramson2024af3,"Phosphorylation modelled vs not, AF3",modelled is better (P = 1.6 × 10⁻⁴),pocket-aligned backbone accuracy,"Recent PDB eval, SEP/TPO/PTR/NEP/HIP, n = 76 clusters, paired two-sided Wilcoxon",p17 (ED Fig. 6a)
abramson2024af3,DockQ ↔ iLDDT correspondence,DockQ 0.23 ≡ iLDDT **23.6**; DockQ 0.8 ≡ iLDDT **77.6**,"threshold translation, Huber fit","4,182 protein–protein interface clusters","p9, p20 (ED Fig. 9)"
abramson2024af3,Training-speed landmark,"intrachain metrics reach 97% of maximum by **20,000** steps; protein–protein interface LDDT only after **60,000** steps",optimizer steps,AF3 evaluation set during initial training,"p4, p3 (Fig. 2d)"
abramson2024af3,"Example full-complex accuracies (showcase, not benchmark)",7PZB LDDT 82.8 / GDT 90.1; 7PNM LDDT 83.0 / GDT 83.1; 7TQL LDDT 87.7 / GDT 86.9; 7AU2 r.m.s.d. 1.10 Å; 7U8C DockQ 0.85; 7URD 1.00 Å; 7WUX 1.92 Å; 7QIE 0.37 Å,LDDT / GDT / DockQ / ligand r.m.s.d. (Å),Single hand-picked complexes — **not a sample**; see `oracle_leakage` route 7,"p2, p4"
aureli2026epath,apo-MOR-Euclidean ΔG (activation free-energy difference),~18 (value as printed; units and sign to be confirmed against the figure),kcal/mol,independent-replica convergence,
aureli2026epath,"Convergence time, one arm",~800 ns,simulation time,ΔG plateau,
aureli2026epath,Replica scheme,1 unbiased (replica 0) + 7 exploratory (replicas 1–7),count,—,
aureli2026epath,Microswitch CVs,"4 motifs: PIF, DRY, NPxxY, YY",count,—,
bret2025boltz2docking,Hit set,943 ultra-large-virtual-screening hits across 10 targets,count,experimental in vitro binding/activity,
bret2025boltz2docking,GPCR targets among the ten,"8 (CASR, CNR1, CNR2, DRD3, DRD4, MTR1A, SC6A4*, SGMR2*, + ADRA2B in the mutation arm)",count,UniProt,
bret2025boltz2docking,Primary metric,"ROC AUC, and ΔROC AUC = ROC AUC(wt) − ROC AUC(mutant)",—,true actives vs true inactives,
bret2025boltz2docking,Decoy construction,"one synthetic decoy per active, by shuffling binders across targets",ratio,—,
bryant2024cfold,"Test-conformation success, MSA clustering",81 / 155 (52%),count / % of evaluated targets,"TM-score >0.8 to the held-out (test) deposited conformation, best of ~104 samples","p.3, Table 1 p.3, p.5"
bryant2024cfold,"Test-conformation success, dropout",76 / 155,count,"TM-score >0.8 to held-out conformation, best of 100 samples",Table 1 p.3
bryant2024cfold,"Train-conformation success, MSA clustering",81 / 155,count,TM-score >0.8 to the *seen* (train) conformation,Table 1 p.3
bryant2024cfold,"Train-conformation success, dropout",72 / 155,count,TM-score >0.8 to the seen conformation,Table 1 p.3
bryant2024cfold,"Both train and test recovered, MSA clustering",52 / 155,count,TM >0.8 to both deposited states,"Table 1 p.3, p.4"
bryant2024cfold,"Both train and test recovered, dropout",45 / 155,count,TM >0.8 to both deposited states,Table 1 p.3
bryant2024cfold,Targets producing any prediction,154 (MSA clustering) / 145 (dropout) of 155,count,"completion, remainder failed on 40 GB GPU RAM","Table 1 p.3, p.10"
bryant2024cfold,Sample-level state assignment,37% test / 33% train / 30% neither,% of all sampled predictions,TM >0.8 to each deposited state,p.3
bryant2024cfold,Success within the 0.2–0.4 TM-change band,57% (78 / 138),% of targets,TM >0.8 to held-out conformation,p.5
bryant2024cfold,Accuracy vs magnitude of conformational change,Pearson R = −0.62,correlation,test-conformation TM vs inter-conformation TM difference (n = 155),"p.5, Fig. 4a p.5"
bryant2024cfold,plDDT as conformation discriminator,Pearson R = 0.52,correlation,plDDT vs TM-score to a given conformation,"p.5, Fig. 5a p.6"
bryant2024cfold,plDDT as ordinary accuracy predictor (contrast),Pearson R > 0.9,correlation,"plDDT vs lDDT on the validation set, all training steps","p.5, Fig. 9c p.10"
bryant2024cfold,Embedding difference vs structural outcome,Spearman R = 0.02 (figure legends show R = −0.02),correlation,"single-embedding cosine similarity / pair-embedding L2 vs ΔTM-score, n = 52","p.4, Fig. 3 p.4"
bryant2024cfold,Target admission rate into the generation set,155 / 234 (66%),count / %,Cfold TM ≥0.6 to the train conformation with one prediction,p.10
bryant2024cfold,Structural clusters in the PDB (TM ≥0.8),"6696 clusters from 64,208 / 68,953 structures (93%)",count,TM-align pairwise ≥0.8 within 30%-identity sequence clusters,"p.1, p.7"
bryant2024cfold,Sequence clusters at 30% identity,"10,116 total, 5452 with more than one entry",count,MMseqs2 `--min-seq-id 0.3 -c 0.8 --cov-mode 1`,p.7
bryant2024cfold,Sequence clusters at 90% identity,"14,662 from 64,208 sequences; 7806 with >1 member; 627 spanning ≥2 structural clusters",count,MMseqs2 `--min-seq-id 0.9`,p.7
bryant2024cfold,Alternative conformations found,311 candidate → 245 sequence clusters / 244 alternative conformations across 458 structural clusters,count,>0.2 TM difference over aligned regions + manual check,"p.7 (Fig. 6), p.8"
bryant2024cfold,Coverage of the PDB by known alternative conformations,"244 / 10,116 sequence clusters (2.4%)",%,—,p.6
bryant2024cfold,Coverage of the AF-non-homologous subset,"38 proteins, ""only 0.6% of possible structures would be evaluated""",count / %,date cutoff 30 April 2018 + non-homology to AF training set,"p.1, p.7"
bryant2024cfold,Conformational-change type counts (full set),"62 hinge / 180 rearrangement / 3 fold switch (p.8, Figs 2 and 7c); text on p.3 states 63 hinge",count,manual categorisation,"p.3, p.8"
bryant2024cfold,Conformational-change type counts (evaluated set),40 hinge / 114 rearrangement / 1 fold switch,count,subset with TM ≥0.6 predictable (155),p.3
bryant2024cfold,Inter-conformation structural change,mostly 0.2–0.3 TM-score; distribution censored at 0.8,TM-score,TM-align between deposited states,"p.8, Fig. 7b p.8"
bryant2024cfold,Validation-set evaluability,307 / 315 (97%),count,TM-align / lDDT computable,p.9
bryant2024cfold,Embedding rerun completion,"10,774 / 10,816 (99.6%)",count,sampling completed,p.10
bryant2024cfold,Training cost,"74,000 steps (best weights at 10,000), 19.7 s/step, 17 days total, ~3 days to best checkpoint, 8× A100, effective batch 24, crop 256",—,—,p.9
bryant2024cfold,**AlphaFold2 baseline**,"**NOT RUN — no AF2 number appears anywhere in this paper.** The stated reason: ""As AF (and other structure prediction methods) can't be evaluated on this set due to having seen most of these conformations during training"" (p.1). The only comparison to prior work is evaluation-set size: ""n = 155 vs n = 8 previously"" (p.5).",—,—,"p.1, p.5"
bugrova2026representation,"KS (PC1), Boltz-2, methylammonium SMILES vs CCD",0.996,"dimensionless, 0–1",its own predictions under the other input format (n = 500 vs 500),9 (Fig. 3B)
bugrova2026representation,"KS (PC1), AlphaFold 3, acetate SMILES vs CCD",0.988,"dimensionless, 0–1","same-ligand, other format (500 vs 500)",10 (Fig. 4B)
bugrova2026representation,"KS (PC1), Boltz-2, methylamine SMILES vs CCD",0.890,"dimensionless, 0–1","same-ligand, other format",9 (Fig. 3B)
bugrova2026representation,"KS (PC1), AlphaFold 3, methylamine SMILES vs CCD",0.442,"dimensionless, 0–1","same-ligand, other format",9 (Fig. 3B)
bugrova2026representation,"KS (PC1), Protenix-v1, methylamine SMILES vs CCD",0.276,"dimensionless, 0–1","same-ligand, other format",9 (Fig. 3B)
bugrova2026representation,"KS (PC1), AlphaFold 3, methylammonium SMILES vs CCD",0.018,"dimensionless, 0–1","same-ligand, other format",9 (Fig. 3B)
bugrova2026representation,"KS (PC1), Protenix-v1, methylammonium SMILES vs CCD",0.054,"dimensionless, 0–1","same-ligand, other format",9 (Fig. 3B)
bugrova2026representation,"KS (PC1), AlphaFold 3, acetic acid SMILES vs CCD",0.172,"dimensionless, 0–1","same-ligand, other format",10 (Fig. 4B)
bugrova2026representation,"KS (PC1), Boltz-2, acetate / acetic acid SMILES vs CCD",0.262 / 0.230,"dimensionless, 0–1","same-ligand, other format",10 (Fig. 4B)
bugrova2026representation,"KS (PC1), Protenix-v1, acetate / acetic acid SMILES vs CCD",0.258 / 0.244,"dimensionless, 0–1","same-ligand, other format",10 (Fig. 4B)
bugrova2026representation,"KS (PC1), AlphaFold 3, methylamine vs methylammonium, CCD / SMILES",0.244 / 0.240,"dimensionless, 0–1",its own predictions for the other protonation state (500 vs 500),9 (Fig. 3B)
bugrova2026representation,"KS (PC1), Boltz-2, methylamine vs methylammonium, CCD / SMILES",0.630 / 0.482,"dimensionless, 0–1",other protonation state,9 (Fig. 3B)
bugrova2026representation,"KS (PC1), Chai-1, methylamine vs methylammonium, SMILES",0.166,"dimensionless, 0–1",other protonation state (CCD arm not runnable),9 (Fig. 3B)
bugrova2026representation,"KS (PC1), Protenix-v1, methylamine vs methylammonium, CCD / SMILES",0.350 / 0.096,"dimensionless, 0–1",other protonation state,9 (Fig. 3B)
bugrova2026representation,"KS (PC1), AlphaFold 3, acetate vs acetic acid, CCD / SMILES",0.844 / 0.160,"dimensionless, 0–1",other protonation state,10 (Fig. 4B)
bugrova2026representation,"KS (PC1), Boltz-2, acetate vs acetic acid, CCD / SMILES",0.082 / 0.070,"dimensionless, 0–1",other protonation state,10 (Fig. 4B)
bugrova2026representation,"KS (PC1), Chai-1, acetate vs acetic acid, SMILES",0.154,"dimensionless, 0–1",other protonation state,10 (Fig. 4B)
bugrova2026representation,"KS (PC1), Protenix-v1, acetate vs acetic acid, CCD / SMILES",0.124 / 0.048,"dimensionless, 0–1",other protonation state,10 (Fig. 4B)
bugrova2026representation,"N–C distance, methylamine, AF3 CCD / SMILES",1.319±0.015 / 1.306±0.017,Å,QC reference 1.45–1.48 Å,6 (Table 1)
bugrova2026representation,"N–C distance, methylammonium, AF3 CCD / SMILES",1.273±0.023 / 1.273±0.023,Å,QC reference 1.48–1.51 Å,6 (Table 1)
bugrova2026representation,"N–C distance, methylamine → methylammonium, Boltz-2 SMILES",1.258±0.005 → 1.281±0.005,Å,QC reference (expected to lengthen); **the only case in the paper with the correct sign of the charge effect**,"6 (Table 1), 4"
bugrova2026representation,"N–C distance, methylamine → methylammonium, Protenix-v1 SMILES",1.293±0.049 → 1.193±0.183,Å,QC reference (expected to lengthen; observed to shorten),6 (Table 1)
bugrova2026representation,"N–C distance, methylamine, Chai-1 SMILES",1.433±0.042,Å,QC reference 1.45–1.48 Å (closest of all tools),6 (Table 1)
bugrova2026representation,"Shortest N–C bond generated, Protenix-v1",0.075,Å,"physically impossible; ""65 values for methylammonium out of 1000 analyzed being relatively evenly distributed in the completely unnatural range from 0 to 1 Å"" (6.5% of samples)",4
bugrova2026representation,"C–C distance, acetate → acetic acid, AF3 CCD",1.469±0.007 → 1.491±0.008,Å,QC references 1.52–1.534 / 1.495–1.502 Å (expected to shorten; observed to lengthen — wrong sign),"6 (Table 1), 7"
bugrova2026representation,"C–C distance, acetate → acetic acid, Boltz-2 SMILES",1.453±0.004 → 1.448±0.005,Å,QC references (correct sign; the one correct case for C–C),"6 (Table 1), 7"
bugrova2026representation,"C–C distance, acetate, Boltz-2 CCD vs SMILES",1.416±0.027 vs 1.453±0.004,Å,"same ligand, other format — a 0.037 Å format-induced shift, ~9σ of the SMILES SD",6 (Table 1)
bugrova2026representation,"C–C distance, acetic acid, AF3 CCD vs SMILES",1.491±0.008 vs 1.464±0.004,Å,"same ligand, other format — a 0.027 Å format-induced shift",6 (Table 1)
bugrova2026representation,"C–O vs C–OXT split, acetic acid, all four tools",≤0.017 Å (e.g. AF3 CCD 1.237 vs 1.254; Protenix CCD 1.212 vs 1.211),Å,"expected split 1.189–1.22 vs 1.331–1.35 Å, i.e. ~0.13 Å; **none of the tools reproduce it**","6 (Table 1), 11"
bugrova2026representation,"C–O split, acetate (expected to be *equal*), AF3 CCD",1.224±0.006 vs 1.258±0.008,Å,expected identical (1.26–1.28 Å both) — the split appears where it should not,"6 (Table 1), 7"
chai2024chai1,"Ligand RMSD success (pocket-aligned RMSD < 2 Å), Chai-1 blind",77.05,% of targets,"PoseBusters V1, n = 427 structures","Table 1, p12; text 77%, p3"
chai2024chai1,"Ligand RMSD success, AF3 (published predictions, not re-run)",76.34,% of targets,"PoseBusters V1, n = 427","Table 1, p12; footnote 3, p3"
chai2024chai1,"Ligand RMSD success, RoseTTAFold All-Atom (published)",42,% of targets,"PoseBusters V1, n = 427","Table 1, p12"
chai2024chai1,"Ligand RMSD success, Chai-1 with apo receptor supplied (docking task)",81.20,% of targets,"PoseBusters V1, n = 427","Table 1, p12; text 81%, p3"
chai2024chai1,"DockQ success rate (> 0.23), Chai-1 with MSA",0.751 (95% CI 0.723–0.778),fraction of clusters,"Low-homology protein–protein, n = 929 interface clusters (2362 interfaces, 1054 PDB structures)","Table 2, p12; text p4"
chai2024chai1,"DockQ success rate (> 0.23), Chai-1 single-sequence",0.698 (0.668–0.728),fraction of clusters,"same, n = 929","Table 2, p12"
chai2024chai1,"DockQ success rate (> 0.23), Chai-1 with MSA, no templates",0.743,fraction of clusters,"same, n = 929; ""reduction is not statistically significant""",p4
chai2024chai1,"DockQ success rate (> 0.23), AlphaFold-Multimer 2.3",0.677 (0.646–0.706),fraction of clusters,"same, n = 929; Chai-1 vs AF2.3 two-sided Wilcoxon p = 6.24 × 10⁻¹⁰","Table 2, p12; text p4"
chai2024chai1,"DockQ success rate (> 0.23), Chai-1 with MSA",0.529 (0.438–0.620),fraction of clusters,"Antibody–protein subset, n = 121 clusters (268 interfaces, 129 structures)","Table 2, p12"
chai2024chai1,"DockQ success rate (> 0.23), Chai-1 single-sequence",0.479 (0.388–0.570),fraction of clusters,"same, n = 121; beats AF2.3 at p = 4.04 × 10⁻⁴","Table 2, p12; text p4"
chai2024chai1,"DockQ success rate (> 0.23), AlphaFold-Multimer 2.3",0.380 (0.298–0.463),fraction of clusters,"same, n = 121; Chai-1 vs AF2.3 p = 3.25 × 10⁻⁵","Table 2, p12; text p4"
chai2024chai1,"Cα-LDDT, Chai-1 with MSA",0.915 (0.907–0.922),LDDT (0–1),"Low-homology protein monomers, n = 271 clusters (447 monomers)","Table 2, p12"
chai2024chai1,"Cα-LDDT, Chai-1 single-sequence",0.852 (0.834–0.867),LDDT (0–1),"same, n = 271; worse than AF2.3, p = 4.46 × 10⁻¹⁶","Table 2, p12; text p6"
chai2024chai1,"Cα-LDDT, AlphaFold-Multimer 2.3",0.903 (0.895–0.911),LDDT (0–1),"same, n = 271; Chai-1 > AF2.3, p = 7.21 × 10⁻¹⁰","Table 2, p12; text p6"
chai2024chai1,"LDDT, Chai-1",0.849,LDDT (0–1),"CASP15 monomers, n = 69 (T1169 excluded)",p6
chai2024chai1,"LDDT, AF2.3",0.843,LDDT (0–1),"CASP15 monomers, n = 69",p6
chai2024chai1,"LDDT, AF2.3 (all targets, authors' reproduction)",0.842,LDDT (0–1),"CASP15 monomers, n = 70; vs 0.826 reported by Hayes et al. [21]",p10
chai2024chai1,"LDDT, ESM3 98B (cited, not run)",0.801,LDDT (0–1),"CASP15 monomers, n = 70",p6
chai2024chai1,"LDDT, Chai-1 on AF2.3-hard subset",0.643,LDDT (0–1),"CASP15 targets with AF2.3 LDDT < 0.75, n = 14; p = 3.66 × 10⁻⁴",p6
chai2024chai1,"LDDT, AF2.3 on the same hard subset",0.552,LDDT (0–1),"same, n = 14",p6
chai2024chai1,"LDDT, AF3 on CASP15 RNA (cited, not run)",0.473,LDDT (0–1),8 of the CASP15 RNA targets,p6
chai2024chai1,"Antibody–antigen DockQ acceptable, Blind (no constraints)",35,% of interfaces,"Antibody–antigen subset, **n NOT REPORTED**","p5, Figure 4A"
chai2024chai1,"Antibody–antigen DockQ acceptable, one contact restraint θ ≤ 15 Å",57,% of interfaces,"same, **n NOT REPORTED**","p5, Figure 4A"
chai2024chai1,"Antibody–antigen DockQ high-quality, all constraint settings",4–8,% of interfaces,"same, **n NOT REPORTED**",p5
chai2024chai1,"Example: DockQ improvement from epitope conditioning, PDB 7SYV",0.10 → 0.81,DockQ,single cherry-picked example,"Figure 4B caption, p5"
chai2024chai1,Server-vs-internal-pipeline agreement,"µ = 0.345, σ = 0.150, all < 1",Å RMSD,spot check on PoseBusters examples; server run without templates,p6–7
chai2024chai1,"Interface LDDT / C1′-LDDT, Chai-1 vs RoseTTAFold2NA","**values NOT REPORTED numerically** — box medians only, roughly 0.57 / 0.66 / 0.37 for Chai-1",LDDT (0–1),"protein–RNA n = 18, protein–DNA n = 26, CASP15 RNA n = 9","Figure S3, p14; text p6"
chai2024chai1,"Runtime / wall-clock inference cost, either mode",**NOT REPORTED**,—,—,—
chai2024chai1,"Confidence calibration statistic (ρ, AUROC, ECE)",**NOT REPORTED**,—,—,—
chakravarty2026statespace,"TM-score, EAAT transport domain, outward vs inward",0.608,TM-score,"deposited EAAT structures, cited [27, 28]; **possibly computed by these authors**",p4
chakravarty2026statespace,"TM-score, EAAT scaffold domain",0.834,TM-score,as above,p4
chakravarty2026statespace,"TM-score, EAAT core structure",0.897,TM-score,as above,p4
chakravarty2026statespace,EAAT transport-domain rigid-body displacement on substrate binding,~15,Å,"cited [27, 28]",p4
chakravarty2026statespace,F7 pyocin fold-switching segment length,163,residues,cited [40],p6
chakravarty2026statespace,"BCCIP isoform pair, sequence identity",~80,%,"cited [59, 60]",p8
chakravarty2026statespace,"BCCIP isoform pair, structural difference",>10,Å,"cited [59, 60]",p8
chakravarty2026statespace,Fraction of AFDB/ESMAtlas structures representing genuinely novel folds,~4,%,cited [66],p8
chakravarty2026statespace,MSA deletion that still fails to induce expected structural change (AF3),~40,% of MSA,cited [67],p8
chakravarty2026statespace,"E. coli proteome estimated to undergo fold switching (CF-random, large-scale)",up to 5,% of proteins,cited [77],p9
chakravarty2026statespace,AF2 / AF3 / BioEmu starting-structure error vs experimental pro-IL-18,>20,Å,"cited [9, 62]",p10
chakravarty2026statespace,BioEmu training data volume,~100,ms of all-atom MD,cited [83],p14
chakravarty2026statespace,PDB size,">250,000",structures,"cited [12, 13]",p2
chakravarty2026statespace,10E8 proline cis–trans isomerisation timescale,minutes to hours,—,cited [47],p7
chakravarty2026statespace,Fold-switching transition timescales,milliseconds to hours,—,cited [48–51],p7
chakravarty2026statespace,"Longest DESRES unbiased MD trajectory, slow events captured for kinases","""one or two""",conformational events,cited [118],p14
chakravarty2026statespace,Type-II inhibitor / kinome study scale referenced,50 inhibitors × 348 kinases,—,cited [122],"p18, ref list p29"
chen2026medchem,Chemically-useful-pose predicate — overall ligand RMSD,≤ 2,Å,"Definition (heavy atoms, after protein alignment)","p4, p13"
chen2026medchem,Chemically-useful-pose predicate — pharmacophore RMSD,≤ 1.5,Å,Definition (reference-selected atoms),"p4, p13"
chen2026medchem,Chemically-useful-pose predicate — volume overlap,≥ 70,%,Definition (RDKit shape Tanimoto → V_intersection/V_ref),"p4, p13, p45–46"
chen2026medchem,"AF3 pose recovery, new sEH co-crystals",4 of 6,count,6 in-house sEH co-crystals (entries 1–6),p8
chen2026medchem,"Boltz-2 pose recovery, new sEH co-crystals","""comparable overall performance"" — **no number given**",—,same 6,p8
chen2026medchem,"sEH ligand 1 (HP-2), Boltz-2",IC50 0.01011 μM; overall RMSD 1.88 Å; pharmacophore RMSD 0.30 Å; volume overlap 78.93%; predicted affinity 0.060 μM; AF3 minPAE 1.09 Å,mixed,reference co-crystal,p37 (Fig 16B)
chen2026medchem,"sEH ligand 2 (FP-11), Boltz-2",IC50 0.115 μM; RMSD 2.00 Å; pharm 0.49 Å; overlap 72.13%; pred. affinity 0.021 μM; minPAE 1.27 Å,mixed,reference co-crystal,p37
chen2026medchem,"sEH ligand 3 (FP-17), Boltz-2",IC50 0.01244 μM; RMSD 2.47 Å; pharm 0.84 Å; overlap 73.95%; pred. affinity 0.049 μM; minPAE 1.03 Å,mixed,reference co-crystal,p37
chen2026medchem,"sEH ligand 4 (FP-22), Boltz-2",IC50 0.009106 μM; RMSD 4.81 Å; pharm 0.93 Å; overlap 63.7%; pred. affinity 0.39 μM; minPAE 1.09 Å,mixed,reference co-crystal,p37
chen2026medchem,"sEH ligand 5 (HP-1), Boltz-2",IC50 0.009021 μM; RMSD 10.36 Å; pharm 3.13 Å; overlap 65.79%; pred. affinity 0.21 μM; minPAE 3.21 Å,mixed,reference co-crystal (the arm-swap failure),p37
chen2026medchem,"sEH ligand 6 (HP-3), Boltz-2",IC50 0.02072 μM; RMSD 2.83 Å; pharm 4.42 Å; overlap 71.42%; pred. affinity 0.94 μM; minPAE 2.95 Å,mixed,reference co-crystal,p37
chen2026medchem,"AF3 pose recovery, canonical orthosteric","all 15 ""kinase"" complexes + both PPARα complexes = 17 of 19; PLpro entries 24 and 25 the only exceptions",count,entries 7–25,p10
chen2026medchem,"Median overall RMSD, successful canonical orthosteric cases","""generally within 2, and often below 1.5""",Å,median across 10 poses per complex,p10
chen2026medchem,Pharmacophore RMSD in canonical orthosteric,"""remained below ~1"" even where overall RMSD exceeded 2 Å",Å,entries 7–25,p10
chen2026medchem,AF3 recovery of ligand-associated kinase states,"**4 of 4 selected cases** (7 JAK2 DFG-in/αC-in; 14 BRAF DFG-out/αC-in; 19 Hck DFG-in/αC-out; 21 p38α activation-loop) — **called visually, no metric, no threshold, no number**",count,Fig 4D–G overlays,"p12, p13"
chen2026medchem,"AF3 pose recovery, PPI",**6 of 9**,count,entries 32–40,p19
chen2026medchem,"AF3/Boltz-2 pose recovery, allosteric","""generally failed to reproduce the correct allosteric binding modes""; **exactly one exception (31, SHP2 fragment)** — **no success count given**",—,entries 26–31,p17
chen2026medchem,"Covalent C–S–C bond angle, experimental (8UVM)",130.8,degrees,X-ray reference,p26
chen2026medchem,"Covalent C–S–C bond angle, AF3",162.2 (mean of 10 models),degrees,vs 130.8° experimental,p26
chen2026medchem,"Covalent C–S–C bond angle, AF3 (restated in §14)",**161.7** — **inconsistent with the 162.2° on p26; the paper never reconciles the two**,degrees,vs 130.8° experimental,p41
chen2026medchem,"Covalent C–S–C bond angle, Boltz-2",125.8 (mean),degrees,vs 130.8° experimental,p27
chen2026medchem,Typical C–S–C reference range cited,~101–109,degrees,chemical expectation,p26
chen2026medchem,"RNA pose recovery, best cases",entry 58 (risdiplam) 1.73; entry 60 (SMN-CX) 2.35,Å overall RMSD,RNA–ligand references,p31
chen2026medchem,"RNA pose recovery, failed cases",entry 59 (ANP77/G2C4) 16.73; entry 61 (8ZNQ) 10.88,Å overall RMSD,RNA–ligand references,p31
chen2026medchem,AF3 minPAE vs overall ligand RMSD (pooled),Pearson r = 0.665; Spearman r = 0.758,correlation,83 complexes,p33
chen2026medchem,AF3 ipTM and Boltz-2 ipTM vs overall RMSD,"""negatively correlated … with stronger correlations by Spearman than by Pearson"" — **no r values given for either**",—,83 complexes,p33
chen2026medchem,Within-modality confidence vs RMSD,"""no subclass showed a consistently strong relationship"" — **no r values given**",—,Figs S12–S21 (**not in this PDF**),p33
chen2026medchem,AF3 minPAE bins → fraction with pharmacophore RMSD < 1.5 Å,100% (22/22) <0.85 Å; 72.7% (8/11) 0.85–1.0; 61.5% (8/13) 1.0–1.5; 42.9% (3/7) 1.5–2.0; 3.3% (1/30) >2.0,% (n/N),83 complexes,"p33, p35"
chen2026medchem,AF3 minPAE bins → fraction with overall RMSD accurate,81.8% (18/22); 45.5% (5/11); 30.8% (4/13); 14.3% (1/7); 6.7% (2/30) across the same bins,% (n/N),83 complexes,p33
chen2026medchem,AF3 ipTM bins → fraction with pharmacophore RMSD < 1.5 Å,88.9% (24/27) >0.95; 45.5% (10/22) 0.90–0.95; 50.0% (4/8) 0.80–0.90; 20.0% (2/10) 0.70–0.80; 12.5% (2/16) <0.70,% (n/N),83 complexes,"p36, p35"
chen2026medchem,Boltz-2 ipTM bins → fraction with pharmacophore RMSD < 1.5 Å,68.6% (24/35) >0.95; **6.7% (1/15) 0.90–0.95**; 33.3% (4/12) 0.80–0.90; 28.6% (2/7) 0.70–0.80; 7.1% (1/14) <0.70 — **non-monotonic**,% (n/N),83 complexes,"p36, p35"
chen2026medchem,"Fraction of predictions with minPAE < 0.85 Å, per modality",sEH **0%**; canonical orthosteric 73.7%; allosteric 28.6%; PPI 11.1%; PROTAC 10.0%; molecular glue **0%**; covalent 62.5%; membrane protein **0%**; RNA **0%**; fragment **0%**; E3 ligase ligand **0%**,%,Fig S22 (**not in this PDF**),p34
chen2026medchem,"Boltz-2 predicted affinity vs experimental IC50, sEH series","Pearson r = **−0.4770**, P = 0.3387; Spearman r = **−0.3714**, P = 0.4972; residual SD = 0.6101 — **wrong sign and non-significant**",correlation,"n = 6 sEH inhibitors, IC50 range 0.009–0.115 μM",p37 (Fig 16A)
chen2026medchem,"Boltz-2 predicted affinity vs experimental activity, Mpro series","Pearson r = 0.742, P = 0.0002; Spearman r = 0.695, P = 0.0007; residual SD = 0.63 log units",correlation,"n = 20 Mpro complexes, single study",p38
chen2026medchem,"Experimental activity range, Mpro set",log10[IC50 (μM)] from −1.70 to 1.98 (≈3.7 log units),log10 μM,20 Mpro complexes,p38
chen2026medchem,AF3 minPAE vs experimental activity,"""no clear correlation was observed"" — **no r value given**",—,Fig S27 (**not in this PDF**),p38
chen2026medchem,"**Activity cliff — Boltz-2 predicted affinity, S-thalidomide**",**1.7**,μM (predicted),vs the N-methyl analog,"p40, p39 (Fig 18B)"
chen2026medchem,"**Activity cliff — Boltz-2 predicted affinity, N-methyl-S-thalidomide**",**37.2**,μM (predicted),"vs S-thalidomide; ≈22-fold separation, correct direction","p40, p39 (Fig 18B)"
chen2026medchem,**Activity cliff — AF3 minPAE**,**0.91 → 1.64** (active → inactive),Å,within-pair change,p39
chen2026medchem,**Activity cliff — Boltz-2 ipTM**,**0.99 vs 0.98** — essentially unchanged,dimensionless,within-pair change,p39
chen2026medchem,**Activity cliff — steric clash in the inactive analog pose**,"~**2.0** interatomic contact, shorter than the summed van der Waals radii, generated by **both** models",Å,"Fig 18C (AF3), 18D (Boltz-2)",p39
chen2026medchem,**Activity cliff — experimental activity of either compound**,"**NOT REPORTED.** No IC50, Kd, degradation or binding value is given for S-thalidomide or for N-methyl-S-thalidomide; inactivity is asserted from refs 80–81 as ""expected""",—,—,p38–39
chen2026medchem,Sampling depth,"10 predictions per complex per model; AF3 = 2 seeds (10, 42) × 5 predictions",count,protocol,p44
chen2026medchem,Hardware,NVIDIA RTX 4090 (24 GB) and RTX PRO 6000 (96 GB),—,protocol,p44
chib2025gpcrstates,"Average deformation, AF2, full range over the set",0.25 – 2,Å,"75 deposited PDB reference structures, 7-TM CA mean after PyMOL `align`","p8 (text), Fig 2a"
chib2025gpcrstates,"Average deformation, AF3, full range over the set",~0.8 – 6,Å,"same references, same metric","p8 (text: ""extending from approximately 0.8Å to 6Å""), Fig 2b"
chib2025gpcrstates,"∆H3-H6, AF2, observed range",~0.0 – 1.1,nm,\|d_ref − d_pred\| of the TM3/TM6 third-to-last CA pair,"Fig 2c, p8 (read from render; not stated in text)"
chib2025gpcrstates,"∆H3-H6, AF3, observed range",~0.0 – 1.15,nm,same,"Fig 2d, p8 (read from render; not stated in text)"
chib2025gpcrstates,"H3-H6 distance, A2A reference",1.51,nm,"the deposited A2A structure itself (raw, not a difference)","Fig S1, p22"
chib2025gpcrstates,"H3-H6 distance, A2A, AF2 prediction",1.48,nm,∆ = 0.03 nm vs reference,"Fig S1, p22"
chib2025gpcrstates,"H3-H6 distance, A2A, AF3 prediction",1.36,nm,∆ = 0.15 nm vs reference,"Fig S1, p22"
chib2025gpcrstates,"Sequence overlap ratio, AF2 (AFDB) models vs references",> 96,%,"`Length of Overlapping Sequence / Length of Reference Sequence`, Biopython global alignment","p6; SI §1, p20–21"
chib2025gpcrstates,"Sequence identity, AF3 models vs references",100 (identical),—,"stated, not measured","SI §1, p21"
chib2025gpcrstates,Activity level axis span of the reference set,0 – 100,%,GPCRdb annotation of each reference,"p5, p6; Fig 2 x-axis"
chib2025gpcrstates,"Deformation colourbar span, AF2 t-SNE (16-receptor subset)",0.50 – ~1.85,Å,"as Metric 1, on the 16-receptor GPCR-BERT subset","Fig 3a, p9 (read from render)"
chib2025gpcrstates,"Deformation colourbar span, AF3 t-SNE (16-receptor subset)",~1.4 – ~3.7,Å,as above,"Fig 3b, p9 (read from render)"
chib2025gpcrstates,Receptor set composition,63 A / 6 B1 / 4 C / 2 F = 75,receptors,PDB + GPCRdb,p6
chib2025gpcrstates,t-SNE subset size,16,receptors (~90 plotted points),GPCR-BERT embedding set,"SI §4, p23; Fig S2, p24"
chib2025gpcrstates,"Best / worst receptor, AF2",best A2A / worst dopamine D1,—,lowest / highest average deformation,"p9, p11"
chib2025gpcrstates,"Best / worst receptor, AF3",best A2A / worst serotonin 2A,—,lowest / highest average deformation,"p9, p11"
chiesa2025templatebias,Benchmark size,63 unique GPCR–Gα pairs / 145 experimental structures,count,post-01 Jan 2023 release,p6302
chiesa2025templatebias,Receptors / families covered,55 receptors / 31 families,count,GPCRdb classification,p6302
chiesa2025templatebias,Structures with no template and not in training,94 of 145,count,AF2 and AFM cutoffs,p6302
chiesa2025templatebias,Receptor families absent from templates and all training,6,count,—,p6302
chiesa2025templatebias,Structures with receptor bound to G protein only (no ligand),16 of 145,count,—,p6302
chiesa2025templatebias,DockQ quality distribution,107 medium / 34 acceptable / 2 high,count,receptor–Gα interface,p6302
chiesa2025templatebias,Binding-site side-chain criterion,all heavy-atom RMSD < 2 Å,Å,per-residue vs reference,p6303
chiesa2025templatebias,Class A structures in GPCRdb at study time,1022 structures / 161 receptors / 49 families,count,GPCRdb 16 Jul 2024,p6302
chitsazi2025gpcrdock4,Participating groups,"45 (49 registered; 1 withdrew, 3 pairs merged)",groups,—,"p6, p21"
chitsazi2025gpcrdock4,Countries represented,14,countries,Supp. Fig. 2A (not held),p6
chitsazi2025gpcrdock4,Models submitted,904,models,—,p6
chitsazi2025gpcrdock4,Models uninterpretable and removed,18,models,"no ligand / no receptor / clash penalty sum > 3,000","p6, p21–p22"
chitsazi2025gpcrdock4,"Models assessed, per target",206 / 198 / 175 / 155 / 152 (APJ / GPR139 / OPRK / NPY1R / NMUR2); total 886,models,—,"p6, p21"
chitsazi2025gpcrdock4,"**Best correctness, APJ/Cmpd6**","**0.61%** (SDU-Yang, APJ-1912-0005)",percentile of high-res X-ray pair distribution,"unpublished ShanghaiTech APJ/Cmpd6 X-ray, 2.40 Å",p7
chitsazi2025gpcrdock4,Best APJ ligand RMSD / contacts,3.47 Å / 31.3%,Å / % correct contacts,same,p7
chitsazi2025gpcrdock4,"Best correctness, APJ vs CMF-019 MCS","**5%** (KIST-Park, APJ-8824-0001); ≥5 more models above 1%",percentile,"PDB 8XZI (CMF-019, 2.70 Å cryo-EM)",p7
chitsazi2025gpcrdock4,Best APJ MCS RMSD / contacts vs 8XZI,1.18 Å / 51.2%,Å / %,PDB 8XZI,p7
chitsazi2025gpcrdock4,"**Best correctness, GPR139/JNJ-63533054**","**2.50%** (UW-DiMiao, GPR139-2717-0003)",percentile,"PDB 7VUG, 3.20 Å",p7
chitsazi2025gpcrdock4,Best GPR139 ligand RMSD / contacts,2.05 Å / 47.80%,Å / %,PDB 7VUG,p7
chitsazi2025gpcrdock4,"Best correctness, GPR139 vs alternative","1.45% (1.41% for GPR139-8824-0005, KIST-Park, 2.08 Å / 34.74%)",percentile,"PDB 7VUH, 3.22 Å","p13, p7"
chitsazi2025gpcrdock4,"**Best correctness, OPRK/dynorphin (aa 1–8)**","**0.7%** (SIAT-Yuan, OPRK-8407-0003); 0.59% (Uppsala-Carlsson, OPRK-2736-0004)",percentile,"PDB 8F7W, 3.19 Å",p8
chitsazi2025gpcrdock4,Best OPRK RMSD / contacts (aa 1–8),2.96 Å / 28.55%; second 3.40 Å / 29.45%,Å / %,PDB 8F7W,p8
chitsazi2025gpcrdock4,"Best correctness, OPRK vs 7Y1F","0.24% (model 8321-0003), 4.03 Å, 14.4%",percentile / Å / %,"PDB 7Y1F, 3.20 Å",p8
chitsazi2025gpcrdock4,"**Best correctness, OPRK restricted to aa 1–5 (Leu-enkephalin)**","**2.88%** (OPRK-8407-0003, 1.79 Å, 47.3%) vs 8F7W; 1.06% (OPRK-8669-0003, 2.08 Å, 28.34%) vs 7Y1F",percentile,PDB 8F7W / 7Y1F,p8
chitsazi2025gpcrdock4,"**Best correctness, NPY1R/NPY (aa 21–36)**","**1.32%** (MSU-Feig, NPY1R-3601-0005)",percentile,"PDB 7X9A, 3.20 Å",p8
chitsazi2025gpcrdock4,Best NPY1R RMSD / contacts,1.99 Å / 32.12%,Å / %,PDB 7X9A,p8
chitsazi2025gpcrdock4,"Best correctness, NPY1R vs 7VGX",1.44%; **11 models ≥1%**,percentile,"PDB 7VGX, 3.20 Å","p13, p8"
chitsazi2025gpcrdock4,"Distribution, NPY1R models",~half of submitted models at 2–4 Å ligand-core RMSD; bimodal correctness distribution,Å,PDB 7X9A,"p8, p10"
chitsazi2025gpcrdock4,"**Best correctness, NMUR2/NMU25 (aa 18–25)**","**3.91%** (ShanghaiTech-Bai, NMUR2-7750-0004) — the highest of any target",percentile,"PDB 7W55, 2.80 Å",p9
chitsazi2025gpcrdock4,Best NMUR2 RMSD / contacts,1.5 Å / 50.21%,Å / %,PDB 7W55,p9
chitsazi2025gpcrdock4,"Best correctness, NMUR2 vs 7XK8 / pre-7XK8",0.42%–0.48% only,percentile,"PDB 7XK8, 3.30 Å","p9, p13"
chitsazi2025gpcrdock4,"**AF2 use, % of models with methods**",40.7 / 68.4 / 54.7 / 82.4 / 84.3 (APJ / GPR139 / OPRK / NPY1R / NMUR2),%,Table 3,"p11, p20"
chitsazi2025gpcrdock4,"**AF2 use, % of all submitted models**",30.3 / 53.5 / 41.2 / 63.2 / 63.8,%,Table 3,p20
chitsazi2025gpcrdock4,AF apo vs AF complex (co-folding) split,"APJ 61/0, GPR139 106/0, OPRK 61/9, NPY1R 36/62, NMUR2 31/66",models,Table 3,p20
chitsazi2025gpcrdock4,Models with methods reported,"150/201, 155/198, 128/170, 119/155, 115/152",models,Table 3,"p11, p20"
chitsazi2025gpcrdock4,**APJ by method — docking into an existing PDB structure**,best correctness **0.22%** (86 models) vs X-ray; 1.3% vs 8XZI,percentile,Fig 5A / Supp. Fig. 9,p11
chitsazi2025gpcrdock4,**APJ by method — GEnSeMBLE (physics/systematic conformational search)**,best **0.35%** vs X-ray; **0.02%** vs 8XZI,percentile,Fig 5A / Supp. Fig. 9,p11
chitsazi2025gpcrdock4,**APJ by method — conventional homology**,best **0.04%** (11 models) vs X-ray; 0.2% vs 8XZI,percentile,Fig 5A / Supp. Fig. 9,p11
chitsazi2025gpcrdock4,**GPR139 by method — conventional homology**,best **0.82%** (44 models),percentile,Fig 5A,p11
chitsazi2025gpcrdock4,"**Head-to-head verdict, small molecules**","""AlphaFold2-generated models seem to have performed best for both small-molecule targets (Fig. 5A)""",—,Fig 5A,p11
chitsazi2025gpcrdock4,"**Head-to-head verdict, peptides**","docking to homology model / apo AF2 model / experimental structure all ""well below 1%""; co-folding with AF-Multimer is ""the real improvement"" for NPY1R and NMUR2, but failed for OPRK",percentile,Fig 5C,p11
chitsazi2025gpcrdock4,TM domain backbone RMSD < 1 Å,APJ 70%; GPR139 ~3%; OPRK ~33%; NPY1R 17.42%; NMUR2 12.5%,% of models,gold-standard answers,p10–p11
chitsazi2025gpcrdock4,ECL1 backbone RMSD < 1 Å,APJ 16.5% (21.4% vs 8XZI); GPR139 0%; OPRK 2 models; NPY1R 26.45%; NMUR2 4.6%,% of models,gold-standard answers,p10–p11
chitsazi2025gpcrdock4,ECL2 backbone RMSD < 1 Å,APJ 4.85%; GPR139 0%; OPRK 0%; NPY1R 0% (also 0% at <2 Å); NMUR2 0% at <2 Å,% of models,gold-standard answers,p10–p11
chitsazi2025gpcrdock4,ECL3 backbone RMSD < 1 Å,APJ **0% of 206**; GPR139 0%; OPRK 0%; NPY1R 0% (also 0% at <2 Å); NMUR2 15.79% at <2 Å,% of models,gold-standard answers,p10–p11
chitsazi2025gpcrdock4,"ECL RMSD < 2 Å, OPRK","ECL1 56.57%, ECL2 38.29%, ECL3 47.43%",% of models,PDB 8F7W,p10
chitsazi2025gpcrdock4,"ECL RMSD < 3 Å, NPY1R","ECL2 46.45%, ECL3 59.35%",% of models,PDB 7X9A,p10
chitsazi2025gpcrdock4,Overall ECL2 spread across models,0.5–16 Å,Å backbone RMSD,all targets,p10
chitsazi2025gpcrdock4,"**Experimental-vs-experimental disagreement, APJ**",**9.9 Å** MCS RMSD between Cmpd6 (X-ray 2.40 Å) and CMF-019 (8XZI 2.70 Å) after TM superposition; complete pose flip,Å,structure vs structure,p4–p5
chitsazi2025gpcrdock4,"Experimental disagreement, GPR139",pairwise ligand RMSD 0.4–2.8 Å across 4 structures + 2 alternate conformers; W170(ECL2) lowered >3 Å in 7VUG; vertical shifts up to 1.8 Å,Å,structure vs structure,p5
chitsazi2025gpcrdock4,"Experimental disagreement, OPRK",2.87 Å backbone RMSD between dynorphin N-termini in 7Y1F and 8F7W,Å,structure vs structure,p5
chitsazi2025gpcrdock4,"Experimental disagreement, NPY1R",2.0 Å heavy-atom peptide RMSD; TM helices systematically 1–1.5 Å shorter in 7X9A (44.08 vs 45.58 Å R254(6.26)–T284(6.56)),Å,structure vs structure,p5
chitsazi2025gpcrdock4,"Experimental disagreement, NMUR2",2.65 Å backbone / **4.03 Å** all-heavy-atom peptide RMSD; Phe19 and Leu20 point in opposite directions,Å,structure vs structure,p5
chitsazi2025gpcrdock4,Scoring background set,"34,317 pairs of PDB complexes representing 1,390 proteins, frozen at the 2013 PDB",pairs / proteins,—,"p22, p13"
chitsazi2025gpcrdock4,Contact-strength thresholds,"dmin = 3.23 Å (strength 1), dmax = 4.63 Å (strength 0), linear between; clash penalty Σ(dmin/d − 1) > 3,000 ⇒ sterically impossible",Å / unitless,—,p22
chitsazi2025gpcrdock4,"AF3-era arm, APJ/Cmpd6","""none of the four methods predicted the CMF-019-like geometry (similar to PDB 8xzi) and **only Boltz-1** predicted the geometry similar to our X-ray structure of APJ/Cmpd6""",qualitative,APJ21 X-ray and PDB 8XZI,p12
chitsazi2025gpcrdock4,"AF3-era arm, GPR139","""only Boltz-1 predictions reached the accuracy of the best models in this assessment""",qualitative,PDB 7VUG,p12
chitsazi2025gpcrdock4,"Cross-round, small molecules",no 2021 small-molecule prediction reached the best 2010 DRD3/eticlopride accuracy; best 2021 approaches best 2013 5HT1B/5HT2B-ergotamine,percentile,GPCR Dock 2010 / 2013,"p12, Fig 5B"
chitsazi2025gpcrdock4,"Cross-round, peptides","all three 2021 peptide targets ""greatly exceeded"" the 2010 CXCR4/CVX15 result",percentile,GPCR Dock 2010,"p12, Fig 5D"
chitsazi2025gpcrdock4,Prior rounds' scale,"1, 3 and 4 complexes of 1, 2 and 3 receptors in 2008, 2010, 2013",complexes / receptors,—,p12
ekstromkelvinius2024discriminator,"MOSES validity, ARDM (no guidance)",82.2,%,dataset,"p8, Table 2"
ekstromkelvinius2024discriminator,"MOSES validity, ARDM\* (matched training time)",82.6,%,dataset,"p8, Table 2"
ekstromkelvinius2024discriminator,"MOSES validity, ARDG",80.5,%,dataset,"p8, Table 2"
ekstromkelvinius2024discriminator,"MOSES validity, BSDG",85.9,%,dataset,"p8, Table 2"
ekstromkelvinius2024discriminator,"MOSES validity, FADG",90.1,%,dataset,"p8, Table 2"
ekstromkelvinius2024discriminator,MOSES metrics on novel molecules only,reported separately,mixed,dataset,"p16, Table 5"
ekstromkelvinius2024discriminator,QM9 metrics,"near ceiling; authors call them ""very good""",mixed,dataset,"p7 Table 1, p15 Table 3"
feldman2026alphainterp,"pTM self-prediction R², **pair** rep, ridge",0.34 (A) → **0.86** (C_N),R²,"AF3's own pTM, 80/20 protein-level split, MSA condition",p5
feldman2026alphainterp,"pTM self-prediction R², **no-MSA** embeddings",0.822,R²,AF3's own pTM,p8
feldman2026alphainterp,"TM-score self-prediction R², **no-MSA** embeddings",0.845,R²,TM-score to PDB,p8
feldman2026alphainterp,"Mean TM-score, **full MSA**, 400 monomers",**0.9363** (std 0.0987),TM-score,experimental PDB,p8
feldman2026alphainterp,"Mean TM-score, **no MSA**, 400 monomers",**0.5388** (std 0.2333),TM-score,experimental PDB,p8
feldman2026alphainterp,"Effective dimensionality (PCs for 95% var), pair, **MSA**",A **16** → B **32** → C₁ **19** → C_N **17**,count,—,"p6, Fig 1B"
feldman2026alphainterp,"Effective dimensionality, pair, **no MSA**",A **17** → B **18** → C₁ **26** → C_N **25**,count,—,"Fig 1B, p4"
feldman2026alphainterp,"Effective **rank** (entropy-based), C_N pair, SABmark",**15.2** (MSA) → **24.2** (no MSA),rank,—,p15
feldman2026alphainterp,"PC1 vs sequence length, checkpoint A","Pearson **−0.917**, Spearman **−0.943**",r / ρ,—,"p6, Fig 1F"
feldman2026alphainterp,"PC1 vs sequence length, checkpoint C_N","Pearson **−0.77**, Spearman **−0.80**",r / ρ,—,"p6, Fig 1G"
feldman2026alphainterp,"PC1 vs pTM, checkpoint C_N",Spearman **−0.71**,ρ,—,"p6, Fig 1G"
feldman2026alphainterp,"**Patching:** ΔH from +1σ shift along PC1, accurate targets",**+0.0044**,bits (distogram entropy),unpatched same protein,p6
feldman2026alphainterp,"**Patching:** ΔH from +1σ shift along PC1, poor targets",**+0.0133**,bits,unpatched same protein,p6
feldman2026alphainterp,"**Patching:** ΔH from +1σ shift along PC1, overall mean",**+0.0088**,bits,unpatched,"p6, Fig 1H"
feldman2026alphainterp,**Patching:** ΔH vs original predicted confidence,Spearman **ρ = −0.757**,ρ,—,p6
feldman2026alphainterp,**Patching:** PC1 full response row (Fig 1H),"−2σ **−0.0133**, −1σ **−0.0074**, +1σ **+0.0088**, +2σ **+0.0192**",bits,unpatched,"Fig 1H, p4"
feldman2026alphainterp,**Patching:** PC2 response row (Fig 1H),"−2σ **+0.0198**, −1σ **+0.0097**, +1σ **−0.0094**, +2σ **−0.0184**",bits,unpatched,"Fig 1H, p4"
feldman2026alphainterp,**Patching:** text's PC2 summary,"""**uniformly reduces distogram entropy by −0.0198**""",bits,unpatched,p6 — **does not match Fig 1H; see `unresolved`**
feldman2026alphainterp,**Patching:** cross-protein transplant (source TM = 0.999),mean ΔH̄ = **−0.268**,bits,unpatched low-accuracy targets,p6
feldman2026alphainterp,"Cα–Cα distance decodability R², **pair only**",0.311 (A) → **0.474** (C_N),R²,PDB Cα–Cα distance,"p7, Fig 1L"
feldman2026alphainterp,"Cα–Cα distance decodability R², **pair + local context**",→ **0.504** (C_N),R²,PDB Cα–Cα distance,"p7, Fig 1L"
feldman2026alphainterp,"Cα–Cα distance decodability R², **sequence-separation baseline**",**0.239**,R²,PDB Cα–Cα distance,"Fig 1L, p4"
feldman2026alphainterp,"Cα–Cα contact prediction, balanced accuracy",0.642 → **0.703**,balanced accuracy,8 Å PDB contacts,p7
feldman2026alphainterp,Secondary structure probe accuracy,0.43 (B) → **0.57** (C_N),accuracy,mmCIF/DSSP labels,p7
feldman2026alphainterp,SASA probe R²,0.02 → **0.09**,R²,Shrake–Rupley SASA,p7
feldman2026alphainterp,Burial depth probe R²,0.05 → **0.15**,R²,9-NN packing score,p7
feldman2026alphainterp,"Amino-acid re-identification, single rep","""near-perfect"" at **all** checkpoints",accuracy,input sequence,p7 — **no number given**
feldman2026alphainterp,KL(MSA ‖ no-MSA) vs ΔTM-score,Pearson **r ≈ 0.72** across all separation bins,r,TM-score to PDB,p9
feldman2026alphainterp,"Distogram entropy gain from MSA, by separation bin (Fig 1E, difference bars)","seq-local(1–5) **0.93**, secondary(6–11) **1.32**, medium(12–23) **1.26**, long-range(≥24) **0.73**",bits,no-MSA − MSA,"Fig 1E, p4"
feldman2026alphainterp,"Mean MSA depth, **Similar** vs **Novel**","**9,513** vs **4,587**",sequences,—,p9
feldman2026alphainterp,Novel-vs-Similar probe difference,"""**negligible at every checkpoint**""",—,—,"p9 — **no number, no test, no panel**"
feldman2026alphainterp,"Mutation: cosine distance at C_N pair, 70% load, MSA",≈ **0.731**,cosine distance,unmutated same protein,p9
feldman2026alphainterp,"Mutation: cosine distance vs TM divergence, MSA","Pearson **−0.948**, Spearman **−0.899**",r / ρ,—,"p11, Fig 2C"
feldman2026alphainterp,"Mutation: same correlation, **no MSA**",Pearson **−0.338**,r,—,"Fig 2D, p10"
feldman2026alphainterp,Mutation: drift-vector directional coherence,mean resultant length **R̄ = 0.901** (max 1.0),—,—,p11
feldman2026alphainterp,Mutation: drift loading on PCs,"PC1 **0.767**, PC2 **0.325**, PC3 **0.239** (mean abs component)",—,—,p11
feldman2026alphainterp,"Mutation: cosine shift at 80%, initial TM < 0.5 vs ≥ 0.9",**0.548** vs **0.763**,cosine distance,unmutated,p11
feldman2026alphainterp,Mutation resistance correlates,length ρ = **−0.516**; mean SASA ρ = **0.338**; contact density ρ = **0.501**,ρ,collapse onset,p12
feldman2026alphainterp,"Mutation, **no MSA**: cosine distance at C_N, 10% load",**0.271**,cosine distance,unmutated no-MSA,p12
feldman2026alphainterp,"Mutation, **MSA**: TM-score at 40% load",≈ **0.70**,TM-score,unmutated MSA prediction,p12
feldman2026alphainterp,"SABmark RMSD, **MSA**: aligned / non-aligned / unrelated",**3.13** / **21.66** / **23.15**,Å (Kabsch Cα),between the two predicted structures at matched indices,"p14, Fig 3C"
feldman2026alphainterp,"SABmark RMSD, **no MSA**: aligned / non-aligned / unrelated",**12.80** / **23.18** / **24.45**,Å,as above,"p15, Fig 3C"
feldman2026alphainterp,"SABmark nearest-neighbour fold classification, **MSA**","A **0.500**, B **0.670**, C₁ **0.600**, C_N **0.630**",accuracy,SCOP fold group,"Fig 3B, p13"
feldman2026alphainterp,"SABmark nearest-neighbour fold classification, **no MSA**","A **0.460**, B **0.530**, C₁ **0.590**, C_N **0.570**",accuracy,SCOP fold group,"Fig 3B, p13"
feldman2026alphainterp,"Fold-switch: RMSD between the two **predicted** switching regions, MSA",**2.02**,Å,prediction vs prediction,p15
feldman2026alphainterp,Fold-switch: within-pair control / random-monomer control,**9.25** / **10.3**,Å,—,p15
feldman2026alphainterp,Fold-switch: RMSD of prediction to **experimental** structure,**7.35** (MSA) → **10.0** (no MSA),Å,experimental PDB,p16
feldman2026alphainterp,Fold-switch: per-domain winner count,"MSA closer **63**, no-MSA closer **27**, tied **2** (n = **92** domains); mean Δ = **+2.869 Å**",count / Å,experimental PDB,"Fig 3D/F, p13"
feldman2026alphainterp,"Fold-switch: distogram entropy, switching vs non-switching (MSA)",**2.245** vs **1.385**,bits,—,"p16, Fig 3E"
feldman2026alphainterp,"Fold-switch: distogram entropy, switching vs non-switching (no MSA)",**3.242** vs **2.390**,bits,—,"Fig 3E, p13"
feldman2026alphainterp,"Fold-switch: pLDDT, switching vs non-switching",**77.4** vs **82.3**,pLDDT,—,p16
feldman2026alphainterp,"MSA perturbation: mean TM-score, **column shuffling** 10→99%","0.955, 0.943, 0.910, 0.818, 0.756, 0.752, 0.758",TM-score **vs full-MSA control prediction**,"Fig 4A, p17",
feldman2026alphainterp,"MSA perturbation: mean TM-score, **row subsampling** 10→99%","0.982, 0.981, 0.976, 0.962, 0.947, ~0.93, ~0.92 (last two occluded by the legend box)",TM-score **vs control prediction**,"Fig 4A, p17",
feldman2026alphainterp,MSA perturbation: **no-MSA baseline** on the 200 Novel,**0.564**,TM-score,Fig 4A dashed line,"Fig 4A, p17"
feldman2026alphainterp,MSA perturbation: breakpoints,intact until **>99% removed** (≈ **47 sequences** left on average) and until **>40% of columns** shuffled; worst case still **>0.5**,—,—,p16
feldman2026alphainterp,"MSA perturbation: representational drift, C₁",column shuffling up to **0.253**; row subsampling up to **0.099**,cosine distance from unperturbed,"Fig 4C–D, p17",
feldman2026alphainterp,"MSA perturbation: representational drift, C_N",column shuffling up to **0.121**; row subsampling up to **0.053**,cosine distance,"Fig 4C–D, p17",
feldman2026alphainterp,Phylogenetic tiers: random-tier mean aligned identity,≈ **0.42** (sd **0.14**),fractional identity,query,p18
feldman2026alphainterp,Phylogenetic tiers: qualifying proteins,"**61** of 200 (tiers: similar ≥80%, medium 50–70%, dissimilar ≤30%, random) at depths 1, 5, 10",count,—,"p18, p36"
feldman2026alphainterp,"**Fake MSA (Fig 5C), n = 1/10/20/50/100 vs no-MSA reference** — TM-score",0.491 / 0.512 / 0.514 / 0.512 / 0.502 vs **no-MSA 0.517**,TM-score vs control prediction,"Fig 5C, p20",
feldman2026alphainterp,Fake MSA — pTM,0.384 / 0.434 / 0.433 / 0.430 / 0.418 vs **no-MSA 0.425**,pTM,"Fig 5C, p20",
feldman2026alphainterp,Fake MSA — cosine distance,0.537 / 0.520 / 0.519 / 0.524 / 0.542 vs **no-MSA 0.539**,cosine distance from full-MSA C_N,"Fig 5C, p20",
feldman2026alphainterp,Fake MSA — entropy delta,0.857 / 0.946 / 0.942 / 0.959 / 0.979 vs **no-MSA 0.817**,bits,"Fig 5C, p20",
feldman2026alphainterp,n = 1 alignment composition: % variable residues,"similar **27.6%**, dissimilar **86.2%**, random **73.3%**",%,—,p21
feldman2026alphainterp,n = 1 long-range **CC** contact recall,"similar **0.315**, dissimilar **0.675**, random **0.671**",recall,full-MSA control contact map,p21
feldman2026alphainterp,n = 1 CC share of long-range control contacts,"dissimilar **3.6%**, similar **65.4%**",%,—,p21
feldman2026alphainterp,"n = 1 recall ordering, dissimilar tier",CC **0.675** > CV **0.601** > VV **0.514**,recall,control contact map,p21
feldman2026alphainterp,"n = 1 recall ordering, random tier",CC **0.671** > CV **0.627** > VV **0.454**,recall,control contact map,p21
feldman2026alphainterp,"Nested 30–60% identity subsampling (183 proteins), n = 5","mean TM **0.88**, median **0.94**",TM-score **vs full-MSA control prediction**,p22,
feldman2026alphainterp,"Nested 30–60% identity subsampling, n = 10","mean TM **0.92**, median **0.97**",TM-score **vs control prediction**,p22,
ferguson2026deorphann,"mAP, peptide pLDDT, no template",0.32,mAP (0–1),"Experimentally confirmed agonist/non-agonist labels, 65 *C. elegans* GPCRs",p19 (Fig 1F)
ferguson2026deorphann,"mAP, ipTM, no template",0.26,mAP,same,p19 (Fig 1F)
ferguson2026deorphann,"mAP, pocket PAE, no template",0.24,mAP,same,p19 (Fig 1F)
ferguson2026deorphann,"mAP, random ranking (*C. elegans*)",0.035,mAP,100 randomisations per GPCR,"p19 (Fig 1F), p14"
ferguson2026deorphann,"ROC-AUC, peptide pLDDT / ipTM / pocket PAE",0.77 / 0.76 / 0.71,AUC,"same labels, pooled pairs","p27 (Supp Fig 1C legend, from render)"
ferguson2026deorphann,"PR-AUC, peptide pLDDT / ipTM / pocket PAE",0.09 / 0.07 / 0.06,AUC,"same labels, pooled pairs","p27 (Supp Fig 1D legend, from render)"
ferguson2026deorphann,"**mAP, peptide pLDDT, ACTIVE-STATE TEMPLATE**",**0.36** (vs 0.32 no template; Wilcoxon signed-rank p < 0.05),mAP,same,p20 (Fig 2D)
ferguson2026deorphann,"% peptides modelled outside pocket, no template",3.4 ± 0.6 (SEM); per-GPCR range 0–24.5,%,"12.5 Å pocket cutoff, per GPCR","p18 (Fig 1D), p5"
ferguson2026deorphann,"% peptides modelled outside pocket, active template",5.5 ± 0.6 (SEM); paired t-test p < 0.0001,%,same,p20 (Fig 2E)
ferguson2026deorphann,Agonists modelled inside pocket,99.8,%,12.5 Å cutoff,p18–19 (Fig 1E)
ferguson2026deorphann,Non-agonists modelled inside pocket,96.6,%,12.5 Å cutoff,p18–19 (Fig 1E)
ferguson2026deorphann,"Peptide pLDDT gain from template, agonists vs non-agonists",≈3.9 vs ≈0.4 (from p20 render); Welch's t-test p < 0.0001,ΔpLDDT,paired same-complex comparison,p20 (Fig 2F)
ferguson2026deorphann,"ROC-AUC / PR-AUC, RF on pair vs single representations, 3 subregions","pair > single for GPCR and GPCR-bp subregions; peptide subregion best overall; 2-way RM ANOVA F(1,56)=21.72 p<0.0001 (ROC), F(1,56)=8.602 p<0.01 (PR)",AUC,stratified group 10-fold CV,p21 (Fig 3B–3C)
ferguson2026deorphann,"mAP, RF peptide subregion: single vs pair (leave-one-group-out)",single 0.18; **pair 0.28**,mAP per GPCR family,leave-one-group-out CV by gene family,p22 (Fig 3D)
ferguson2026deorphann,"mAP, RF by pair subregion","peptide 0.28; bp/peptide intersection **0.31**; GPCR bp 0.23 (Friedman + FDR, q<0.01)",mAP per family,leave-one-group-out CV,p22 (Fig 3E)
ferguson2026deorphann,GNN ablation: Arpeggio + edge features vs ablations,"complete graph highest; 2-way RM ANOVA F(1,10)=28.75, p=0.0003; all ablations significantly lower (q<0.05). Absolute mAP range in Fig 4D render ≈0.36–0.44",mAP,"shuffle-groups-out CV, 11 splits",p24 (Fig 4D)
ferguson2026deorphann,"**mAP, DeorphaNN (*C. elegans*)**",**0.41** (vs peptide pLDDT 0.32; Wilcoxon signed-rank p < 0.001),mAP,held-out GPCR families,p24 (Fig 4E)
ferguson2026deorphann,"**mAP, DeorphaNN on *Platynereis dumerilii***","**0.35**, significantly > random (Wilcoxon matched-pairs signed rank, p < 0.01)",mAP,"17–18 annelid GPCRs, 23 agonist interactions",p25 (Fig 5A)
ferguson2026deorphann,"mAP, human-trained model → *C. elegans*","0.32, significantly > random (Wilcoxon, p < 0.0001)",mAP,"*C. elegans* set, no synthetic data",p25 (Fig 5B)
ferguson2026deorphann,"**mAP, DeorphaNN on augmented human dataset**",**0.72**,mAP,"82 human GPCRs, 345 real agonist + 3370 **synthetic** non-agonist pairs","p9, p25 (Fig 5C)"
ferguson2026deorphann,"mAP, SpatialPPIv2 on the same human dataset","0.33 — ""not significantly different from random ranking""",mAP,same,"p9, p25 (Fig 5C)"
ferguson2026deorphann,"mAP, random baseline (human)",0.30,mAP,same,"p9, p25 (Fig 5C)"
ferguson2026deorphann,"RF ROC-AUC, 5-model-averaged vs single-model representations","5-model average > 0.80, best of three; rank-001 ≈0.765, highest-pLDDT ≈0.775 (render)",ROC-AUC,CV folds,"p13, p28 (Supp Fig 2B)"
ferguson2026deorphann,"**Prospective rank, NLP-69-1 on orphan H23L24.4**",**5 / 364**,rank,DeorphaNN ranking of 364 candidate peptides,"p10, p26 (Table 1)"
ferguson2026deorphann,"**Prospective EC₅₀, H23L24.4 + NLP-69-1**","**231.7 nM**, n = 6",nM,CHO Gα16 aequorin calcium assay,"p10, p26 (Fig 6A)"
ferguson2026deorphann,"**Prospective rank, NLP-70-2 on orphan NPR-33**",**1 / 364**,rank,same ranking,"p10, p26 (Table 1)"
ferguson2026deorphann,"**Prospective EC₅₀, NPR-33 + NLP-70-2**","**76.3 nM**, n = 6",nM,CHO Gα16 aequorin calcium assay,"p10, p26 (Fig 6B)"
ferguson2026deorphann,"Rank and EC₅₀, NPR-33 + NLP-70-1 (same-gene follow-up)","rank **156 / 364**; EC₅₀ **1.16 µM**, n = 6",rank; µM,same assay,"p10, p26 (Fig 6C, Table 1)"
ferguson2026deorphann,"Retrospective rank, SNET-1-1 on NPR-34 (agonist already known, Beets et al.)",1 / 364,rank,same ranking,p26 (Table 1)
ferguson2026deorphann,"Retrospective rank, NLP-73-3 on SEB-2 (agonist already known, Beets et al.)",1 / 364,rank,same ranking,p26 (Table 1)
ferguson2026deorphann,Median agonists per GPCR (*C. elegans*),3 (range 1–61),count,training dataset,"p4, p18 (Fig 1B)"
ferguson2026deorphann,Median peptide length,11 (range 3–37),residues,training dataset,"p4, p27 (Supp Fig 1B)"
georgiou2025heterogeneity,"TM6 outward swing, cytoplasmic end, generic class A",∼7−14,Å,"inactive vs active, crystallographic/biophysical/biochemical studies",24
georgiou2025heterogeneity,"TM6 displacement at Thr224^6.26 Cα, rhodopsin",∼6,Å,inactive vs agonist+G-protein-bound,7
georgiou2025heterogeneity,"TM6 displacement at Thr224^6.26 Cα, β2AR and A2AR",∼14−18,Å,inactive vs agonist+G-protein-bound,7
georgiou2025heterogeneity,"A2AR TM6 rotation about F282^6.44, inactive→intermediate→active",∼40,°,3EML → 2YDV → 5G53,7
georgiou2025heterogeneity,"A2AR Thr224^6.26 Cα shift, inactive→intermediate active",∼4,Å,3EML → 2YDV,7
georgiou2025heterogeneity,"A2AR Thr224^6.26 Cα further shift, intermediate→fully active",∼14 (additional),Å,2YDV → 5G53,7
georgiou2025heterogeneity,"A2AR T224^6.26 outward movement, agonist-only vs mini-Gs-bound",∼14,Å,agonist-only A2AR vs agonist−A2AR−mini-Gs,22
georgiou2025heterogeneity,β2AR TM6 outward displacement from TM3 on Gs-α5 insertion (metadynamics),∼5,Å,inactive agonist-bound β2AR + Gs^empty,18
georgiou2025heterogeneity,TM5 central/EC segment inward shift on activation,∼2.5,Å,inactive vs active,24
georgiou2025heterogeneity,"RMSD(Cα), A2AR−mini-Gs (5G53) vs β2AR−Gs (3SN6)",**1.7**,Å over **1239** Cα,two fully activated complexes of different receptors,6
georgiou2025heterogeneity,"β2AR inactive, A271^6.33−I135^3.54 Cα distance",∼11,Å,apo-β2AR inactive conformation,15
georgiou2025heterogeneity,Bimane−Trp quenching window,5−15,Å,probe-pair interaction detection,15
georgiou2025heterogeneity,"Distance, nucleotide-binding pocket ↔ GPCR/G interface",∼30,Å,the allosteric span GDP release must cross,21
georgiou2025heterogeneity,"β2AR active-like population, apo (enhanced-sampling MD, AWH)",38,%,basal activity of β2AR,16
georgiou2025heterogeneity,"β2AR active-like population, ¹⁹F NMR MNG-3 micelles, **even with inverse agonist**",40,%,same,16
georgiou2025heterogeneity,β2AR inactive S1+S2 population with ultrahigh-affinity full agonist BI-167107 (DEER),40−50,%,reduction from apo,16
georgiou2025heterogeneity,β2AR S2^TM6 population with low-affinity full agonist isoproterenol,15−20,%,"¹⁹F NMR / DEER, MNG-3(/CHS)",16
georgiou2025heterogeneity,β2AR inactive population with balanced agonist formoterol,∼35,%,"¹⁹F NMR, DDM/CHS",15
georgiou2025heterogeneity,"β2AR active-region population, ¹⁹F NMR in **lipid nanodiscs**",>40,%,flagged by the authors as anomalously high vs low constitutive activity,25
georgiou2025heterogeneity,"A2AR active-state population, ¹⁹F NMR POPC/POPG nanodiscs",50,%,apo/ligand conditions,11
georgiou2025heterogeneity,"A2AR TM7 (SMF/TIRF, nanodiscs): apo and antagonist",63 inactive / 37 active,%,three-state fit,13
georgiou2025heterogeneity,"A2AR TM7, agonist NECA-bound",49 inactive / 37 I2^TM7 / 14 A^TM7,%,same,13
georgiou2025heterogeneity,"A2AR A^TM7 population change on mini-Gs addition, apo/antagonist",<1 → 8,%,± mini-Gs,13
georgiou2025heterogeneity,"A2AR A^TM7 population change on mini-Gs addition, NECA-bound",14 → 21,%,± mini-Gs,13
georgiou2025heterogeneity,A2AR I2^TM7 population change with ZM241385,−13,%,"¹⁹F NMR, DDM/CHS",13
georgiou2025heterogeneity,A2AR I2^TM7 population change with NAM amiloride,+5,%,same,13
georgiou2025heterogeneity,A2AR I2^TM7 population change with NAM Fg754,+8,%,same,13
georgiou2025heterogeneity,"A2AR I2^TM7 line width, +ZM241385 / +HMA or Fg754",−30 / +70,Hz,same,13
georgiou2025heterogeneity,β1AR I2^TM6 population with isoprenaline,20,%,¹⁹F NMR micelles; rises with agonist efficacy,20
georgiou2025heterogeneity,μOR population shift to active (A^TM6 + I2^TM6) with DAMGO,25,%,DEER TM4−TM6; noted as **not** reflecting DAMGO's 100% efficacy,21
georgiou2025heterogeneity,β1AR selectivity: drop in receptor−mini-Gi complex vs mini-Gs (nMS),30,%,equimolar mini-Gs vs mini-Gi,23
georgiou2025heterogeneity,Receptor activation time,several,ms,"time-resolved MS, β2AR",3
georgiou2025heterogeneity,"A2AR inactive↔active exchange, micelles (¹⁹F NMR)",low-ms,—,S1/S2 ↔ active region,12
georgiou2025heterogeneity,"A2AR inactive↔active exchange, POPC/POPG nanodiscs (smFRET)",∼3,ms,apo and antagonist-bound,12
georgiou2025heterogeneity,"A2AR S1^TM6↔S2^TM6 exchange, nanodiscs",∼2,ms,vs faster in LMNG micelles,12
georgiou2025heterogeneity,"A2AR inactive↔active exchange, ¹³C NMR micelles",slower than ∼20,ms,Met signal intensity,12
georgiou2025heterogeneity,A2AR exchange between the ≥2 active species (different NPxxY conformations),faster than 20,ms,¹³C NMR,12
georgiou2025heterogeneity,A2AR cytosolic TM6 rearrangements (FCS/PET),150 ns − 300 μs,—,apo and antagonist-bound,12
georgiou2025heterogeneity,"A2AR I2^TM6↔A^TM6, agonist-bound (smFRET)",300−500,μs,sub-ms,12
georgiou2025heterogeneity,"A2AR I2^TM6↔A^TM6 (smFRET, micelles)",≥3,ms,"apo, partial and full agonist",12
georgiou2025heterogeneity,A2AR agonist-bound dynamics (SMF/TIRF),390 ± 80,μs,vs slower apo,14
georgiou2025heterogeneity,A2AR SMF/TIRF exchange,>100,ms,longer-timescale processes,14
georgiou2025heterogeneity,"A2AR inactive-state occupancy time (SMF/TIRF), A2AR and D52^2.50N",∼2.9,s,vs CAM receptors,14
georgiou2025heterogeneity,"A2AR inactive-state occupancy time, CAM receptors",∼1.5,s,vs wild type,14
georgiou2025heterogeneity,"A2AR inactive-state occupancy time, agonist-bound + mini-Gs",∼1.8,s,± mini-Gs,14
georgiou2025heterogeneity,β2AR S1^TM6↔S2^TM6 exchange,hundreds of,μs,"¹⁹F NMR, MNG-3",19
georgiou2025heterogeneity,β2AR I2^TM6 lifetime,∼600,ms,"¹⁹F NMR, MNG-3",19
georgiou2025heterogeneity,β2AR TM6 end movements on full-agonist binding (SMF),hundreds of,ms,DDM micelles,19
georgiou2025heterogeneity,"β2AR inactive↔active switching (SMF/TIRF, nanodiscs)",0.2−2,s,"apo, agonist, inverse agonist",20
georgiou2025heterogeneity,"β2AR TM6 movements, single-liposome assay",long ms − min,—,truncated β2AR at C365,20
georgiou2025heterogeneity,β2AR inactive↔active exchange enthalpy difference,∼40,kJ/mol,"¹⁹F NMR, DDM/CHS",18
georgiou2025heterogeneity,"β1AR exchange, inactive↔I2^TM6 and I1^TM6↔A^TM6",sub-s,—,¹⁹F NMR micelles,20
georgiou2025heterogeneity,μOR S1^TM6↔S2^TM6 exchange,sub-ms,—,"smFRET, antagonist and low-efficacy agonists",21
georgiou2025heterogeneity,μOR inactive↔I2^TM6 exchange,>100,ms,smFRET Cy3/Cy7,21
georgiou2025heterogeneity,Agonist−β2AR−Gs^empty complex lifetime,5−10,min,"smFRET, nucleotide-free",20
georgiou2025heterogeneity,"Same, with 30 μM GDP or 100 μM GTP",6−12 s (a 20−100-fold reduction),—,physiological nucleotide,20
georgiou2025heterogeneity,"β2AR−mini-Gs complex dissociation after ICI 118,551",>15,min,BRET in live cells,20
georgiou2025heterogeneity,Isoproterenol−β2AR−Gs^GDP ternary complex formation,a few,s,time-resolved MS / crystallography,21
georgiou2025heterogeneity,GDP release and formation of agonist−β2AR−Gs^empty,**2−3**,h,HDX-MS / HRF-MS,"21, 24"
georgiou2025heterogeneity,"apo-A2AR barrier separating pseudo-active from inactive, TM6 **rotation**",∼15,kcal/mol,"metadynamics, POPC/cholesterol",12
georgiou2025heterogeneity,"apo-A2AR barrier, TM6 **translation**",∼7,kcal/mol,same,12
georgiou2025heterogeneity,"NECA-bound A2AR barrier, TM6 rotation / translation",∼13 / ∼12,kcal/mol,same,12
georgiou2025heterogeneity,"Metadynamics convergence time, apo-A2AR / NECA-A2AR",2.4 / 3.5,μs,same,12
georgiou2025heterogeneity,β2AR free-energy barrier for structural-segment motions (AFM-SMF),∼52−72 kJ/mol (∼12−17 kcal/mol),—,unliganded β2AR in DOPC/cholesterol liposomes,16
georgiou2025heterogeneity,Deposited GPCR cryo-EM structures,623,structures,GPCRdb,4
georgiou2025heterogeneity,Deposited GPCR X-ray structures,477,structures,GPCRdb,4
georgiou2025heterogeneity,Structures / receptors in the activation-pathway analysis,∼230 structures of 45 class A GPCRs → 34 residue pairs,—,Zhou et al. eLife 2019,3
georgiou2025heterogeneity,GPCR structures covered by the large MD dataset,60,% of currently available,Selent and collaborators 2025,6
georgiou2025heterogeneity,Distinct human GPCRs expressed,826,receptors,—,2
georgiou2025heterogeneity,Class A GPCRs as drug targets,∼36,% of commercial drugs,—,"1, 2"
georgiou2025heterogeneity,Human Gα genes / arrestin subtypes / GRKs,16 / 4 / 7,—,—,"2, 3"
georgiou2025heterogeneity,Deposited GPCR−GRK complexes,**2**,structures,—,5
georgiou2025heterogeneity,F6.44 conservation in class A,82,%,—,3
gilson2025casp16,"LDDT-PLI, skip-penalized mean, Model 1 — **best CASP group (ClusPro, group 494)**",**0.69**,"0–1, 1 best","crystallographic ligand–binding-site contacts, 229 pose targets","p1 (abstract), Fig 3A p8, Table 2 p11"
gilson2025casp16,"LDDT-PLI, skip-penalized mean, Model 1 — 2nd (kozakovvajda, 274)",0.69,0–1,same,Fig 3A p8
gilson2025casp16,"LDDT-PLI, skip-penalized mean, Model 1 — 3rd–10th (CoDock 262 / Huang-HUST 91 / MULTICOM_ligand 207 / DIMAIO 432 / Zou_af2 420 / LCDD-team 55 / Zou 204 / SNU-CHEM-lig 408)",0.60 / 0.59 / 0.59 / 0.56 / 0.54 / 0.52 / 0.51 / 0.46,0–1,same,Fig 3A p8
gilson2025casp16,"LDDT-PLI, skip-penalized mean, Model 1 — worst groups",0.02 … 0.00,0–1,same,Fig 3A p8
gilson2025casp16,"LDDT-PLI, mean across all groups — Model 1 → best of Models 1–5",**0.30 → 0.37**,0–1,same,p9
gilson2025casp16,"LDDT-PLI, skip-penalized mean, best model — best group (kozakovvajda 274, then ClusPro 494)",0.73 / 0.73,0–1,same,Fig 3C p8
gilson2025casp16,"Skip-penalized RMSD success rate (RMSD ≤ 2.5 Å), Model 1 — best group (ClusPro 494)",**0.62**,fraction of 229,BiSyRMSD to crystal ligand,Fig 3B p8
gilson2025casp16,Skip-penalized RMSD success rate — 2nd–4th (kozakovvajda 274 / Huang-HUST 91 / CoDock 262),0.61 / 0.56 / 0.52,fraction,same,Fig 3B p8
gilson2025casp16,"**AF3 baseline, skip-penalized mean LDDT-PLI, all supertargets**",**0.80**,0–1,"same targets, non-blind","p1, p10, Table 2 p11"
gilson2025casp16,Boltz-1 baseline,**0.53** (Table 2) / **0.52** (text p10) — see `unresolved` 8,0–1,same,"p10, Table 2 p11"
gilson2025casp16,RFAA baseline,0.37,0–1,same,"p10, Table 2 p11"
gilson2025casp16,AD Vina baseline,0.38,0–1,same,"p10, Table 2 p11"
gilson2025casp16,AF3 per supertarget (chymase / cathepsin G / autotaxin / Mpro),0.88 / 0.87 / 0.81 / 0.63,0–1,same,Table 2 p11
gilson2025casp16,Boltz-1 per supertarget,0.87 / 0.84 / 0.48 / 0.60,0–1,same,Table 2 p11
gilson2025casp16,RFAA per supertarget,0.37 / 0.19 / 0.38 / 0.31,0–1,same,Table 2 p11
gilson2025casp16,AD Vina per supertarget,0.57 / **0.85** / 0.36 / 0.38,0–1,"same; the cathepsin G value is the paper's docking outlier, n = 2 targets","p10, Table 2 p11"
gilson2025casp16,ClusPro (494) per supertarget,0.72 / 0.76 / 0.68 / 0.72,0–1,same; the most *consistent* profile in Table 2,Table 2 p11
gilson2025casp16,"AF3 on WDR55 (L5001), the zero-PDB-similarity target","LDDT-PLI **0.93**, RMSD **0.48**",0–1; Å,crystal structure; n = 1 target,p10
gilson2025casp16,Baseline omitted/failed predictions (AF3 / Boltz-1 / RFAA / AD Vina),5 / 9 / 7 / 5,"targets, scored as LDDT-PLI 0",of 228 (L5001 excluded); includes all 4 covalent Mpro ligands for every method,p10
gilson2025casp16,Per-supertarget mean best LDDT-PLI across groups (chymase / cathepsin G / Mpro),0.62 / 0.49 / 0.57,0–1,red bars of Fig 5; autotaxin and WDR55 values not given in text,p10
gilson2025casp16,"Covalent Mpro ligands, mean scores","0.48, 0.51, 0.51, 0.58",LDDT-PLI,"""their mean scores are unremarkable""",p10
gilson2025casp16,Targets where the *average* group exceeded LDDT-PLI 0.6,**17% (28/229)**,fraction of targets,mean across groups,p10
gilson2025casp16,Targets where the *best submitted* model exceeded LDDT-PLI 0.6 / 0.7,**98% (224/229)** / 94%,fraction of targets,best of all models of all groups,p10
gilson2025casp16,"Incidental-ligand pose accuracy, best group (skip-penalized mean LDDT-PLI, Model 1)",**0.39** vs 0.69 for drug-like,0–1,18 Model-1 submissions; Figure S8 not held,p11
gilson2025casp16,"**Affinity: best N-weighted Kendall's τ (κ_N), Stage 1 — Haiping (group 16)**",**0.39**,−1 to 1,"experimental IC50 ranking, 122 targets (108 autotaxin + 14 chymase)","p12, Fig 8A p13"
gilson2025casp16,Affinity: abstract's stated maximum Kendall's τ,**0.42** — does not match the 0.39 in text/Fig 8A; see `unresolved` 8,−1 to 1,—,p1
gilson2025casp16,Affinity: groups with κ_N > 0.25 (LCDD-team 55 / MULTICOM_ligand 207 / VnsDock 82 / Zou 204 / HADDOCK 8),0.33 / 0.29 / 0.29 / 0.29 / 0.25,−1 to 1,same,"p12, Fig 8A p13"
gilson2025casp16,Affinity: worst group (DIMAIO 432),−0.23,−1 to 1,same,Fig 8A p13
gilson2025casp16,**Theoretical maximum Kendall's τ given 3× IC50 error** — chymase / autotaxin / N-weighted,**0.54 (SD 0.11) / 0.76 (SD 0.02) / 0.73**,−1 to 1,1000 resamples at σ = 0.66 kcal/mol,p13
gilson2025casp16,Theoretical maximum τ given 30× IC50 error (autotaxin),0.43,−1 to 1,1000 resamples at σ = 2 kcal/mol,p13
gilson2025casp16,Implied effective uncertainty of the best affinity method,**~2**,kcal/mol,inverting the resampling analysis,p14
gilson2025casp16,"Baseline affinity predictors, N-weighted Kendall's τ (MolWeight S1 / GPR S1 / GNINA score S2 / AD Vina S1 / AD Vina score S2 / cLogP S1)",0.37 / 0.27 / 0.13 / 0.13 / 0.04 / **−0.07**,−1 to 1,same experimental IC50 ranking,Fig 9 p14
gilson2025casp16,D3R comparator: best Stage 1 result across Grand Challenges,"mean 0.48 (min 0.21, max 0.71)",Kendall's τ,prior blinded challenges,p15
gilson2025casp16,D3R comparator: participating labs in GC2 / GC3 / GC4,49 / 28 / 51,labs,—,p15
gilson2025casp16,LScore↔LDDT-PLI Kendall's τ: AF3 (ligand pLDDT) / HADDOCK 8 / McGuffin 164 / Bryant 32 / MULTICOM 207 / haiping 16 / Zou 204 / Zou_af2 420 / Koes 309 / CoDock 262 / GrominhaLab 272,**0.53** / 0.43 / 0.29 / 0.24 / 0.19 / 0.11 / 0.11 / 0.11 / 0.06 / 0.04 / −0.16,−1 to 1,"all models, no skip penalty","p14, Fig 10 p14"
gilson2025casp16,"Correlates of pose accuracy, R²: ligand heavy-atom count / rotatable bonds / SuCOS PDB similarity / log IC50",~0.1 / ~0.1 / **0.25** / 0.07,R²,mean best LDDT-PLI per target across groups,"p10, Fig 6 p11"
gilson2025casp16,"Cross-supertarget consistency of group accuracy, R²","0.46, 0.53, 0.61",R²,"pairs of supertargets, Figure S5",p7
gilson2025casp16,Target prior-similarity to the PDB,0.3–0.9 for the four main supertargets; **0.0** for WDR55,0–1 similarity,SuCOS × pocket coverage vs PDB at the relevant cutoff date,"p4, p6"
gilson2025casp16,Crystallographic resolution of the answers,1.1–2.7,Å,X-ray; per-supertarget means 1.7 / 1.2 / 1.9 / 1.7 / 1.2,Table 1 p2
gilson2025casp16,Experimental affinity ranges,chymase 1–400 nM (400×); autotaxin 1 nM–10 μM (8700×),IC50,Table 1; dynamic range restated p13,"p2, p13"
gilson2025casp16,ChEMBL training data for the GPR affinity baseline,1110 chymase IC50s (0.3 nM–570 μM); 450 autotaxin IC50s (10 pM–1.25 mM),assay values,ChEMBL accessed 2024-12-05,p6
heo2022multistate,"Median TM-RMSD, multi-state protocol, **active** state",**1.12**,"Å (Cα, TM helices)","closest active-state experimental structure, 49 post-cutoff GPCRs",p3
heo2022multistate,"Median TM-RMSD, multi-state protocol, **inactive** state",**1.41**,Å,"closest inactive-state experimental structure, 30 GPCRs",p3
heo2022multistate,"High-accuracy fraction, multi-state active",35/49 = **71%**,fraction <1.5 Å TM-RMSD,active references,p3
heo2022multistate,"High-accuracy fraction, multi-state inactive",17/30 = 57%,fraction <1.5 Å,inactive references,p3
heo2022multistate,"Median TM-RMSD, original AF2 vs **any** state",1.49,Å,any experimental structure of the 68,p3
heo2022multistate,"High-accuracy fraction, original AF2 vs any state",34/68 = 50%,fraction <1.5 Å,any state,p3
heo2022multistate,"Median TM-RMSD, original AF2 vs **inactive**",1.33,Å,inactive references,p3
heo2022multistate,"High-accuracy fraction, original AF2 inactive",19/30 = 63%,fraction <1.5 Å,inactive references,p3
heo2022multistate,"Median TM-RMSD, original AF2 vs **active**",1.86,Å,active references,p3
heo2022multistate,"Median TM-RMSD, TBM (MODELLER, same templates)",2.71,Å,any state,p3
heo2022multistate,"High-accuracy fraction, TBM",3/68 = 4%,fraction <1.5 Å,any state,p3
heo2022multistate,"Median TM-RMSD, AF2 **without templates** (MSA only)",1.55,Å,any state,p3
heo2022multistate,"Median TM-RMSD, AF2 **without MSA** (PDB70 templates only)",1.84,Å,any state,p3
heo2022multistate,"Median TM-RMSD, RoseTTAFold multi-state, active",2.16,Å,"active references, 49 targets",p5
heo2022multistate,"High-accuracy count, RoseTTAFold active",2/49,models <1.5 Å,active references,p5
heo2022multistate,"**Correct-state discrimination, multi-state protocol**",**10/15**,GPCRs,receptors solved in both states; predicate RMSD_own-state < RMSD_other-state,p3–p4
heo2022multistate,Baseline AF2 state bias,11/15 closer to inactive,GPCRs,both-state receptors,p3
heo2022multistate,Median TM-RMSD **between** active and inactive experimental structures,2.26,Å,experiment vs experiment (the scale the 1.12/1.41 must be read against),p3
heo2022multistate,"Paired t-test, multi-state vs AF2, active",p = 8.2 × 10⁻⁸,—,null of identical performance,p3
heo2022multistate,"Paired t-test, multi-state vs AF2, inactive",p = 0.37,—,null of identical performance,p3
heo2022multistate,"pLDDT > 90 → accurate, active",29/35 = 83%,fraction <1.5 Å,benchmark GPCRs,p5
heo2022multistate,"pLDDT > 90 → accurate, inactive",14/19 = 74%,fraction <1.5 Å,benchmark GPCRs,p5
heo2022multistate,"Template seq. identity > 20% → accurate, active",30/36 = 83%,fraction <1.5 Å,benchmark GPCRs,p6
heo2022multistate,"Pearson r, TM-RMSD vs pLDDT (active / inactive)",−0.61 / −0.29,—,benchmark GPCRs,"p6 (Figure 3, read from render)"
heo2022multistate,"Pearson r, TM-RMSD vs max template identity (active / inactive)",−0.58 / −0.27,—,benchmark GPCRs,"p6 (Figure 3, read from render)"
heo2022multistate,"Proteome-wide expected accuracy, pLDDT > 90",209/289 = 72% active; 189/289 = 64% inactive,fraction,human GPCRs with no structure for that state,p5
heo2022multistate,"Docking success, multi-state active models","""around one third"" ≈ 34% top-1 (read from Figure 4A)",% within 3 Å ligand heavy-atom RMSD,experimental ligand pose,"p7, p8"
heo2022multistate,"Docking success, other computational models, active",<10%,% within 3 Å,experimental ligand pose,p7
heo2022multistate,"Docking success ceiling, experimental active structures","""less than half"" ≈ 45% top-1 / 69% top-3 (Figure 4A)",% within 3 Å,self-docking,"p7, p8"
heo2022multistate,"Docking success, inactive/antagonist, multi-state ≈ AF2",~30,% within 3 Å,experimental ligand pose,p8
heo2022multistate,"Docking success ceiling, experimental inactive structures","<80 (≈80% top-1, 100% top-3 in Figure 4A)",% within 3 Å,self-docking,p8
heo2022multistate,"5-HT1A worked example: ligand RMSD, multi-state vs AF2 model",0.55 vs 4.38,Å heavy-atom,experimental complex 7E2Y,p7–p8
heo2022multistate,"5-HT1A binding-site accuracy, multi-state model",1.05,Å heavy-atom (site residues),experimental complex,p7
heo2022multistate,GPCR Dock 2021 T04 (NPY1R): multi-state active model,1.14,Å TM-RMSD,7vgx_R (active),p8
heo2022multistate,GPCR Dock 2021 T04: AF2 model,0.93 vs inactive 5zbh_A; 2.17 vs active,Å TM-RMSD,both references,p8
heo2022multistate,GPCR Dock 2021 T04: bound NPY peptide placement,2.00,Å Cα-RMSD,7vgx_L,p8
heo2022multistate,GPCR Dock 2021 T04: NPY C-terminal residues 32–36,1.88,Å heavy-atom RMSD,7vgx_L,p8
heo2022multistate,CXCR2 worked example (Figure 1 labels),active 1.09; inactive 1.31; AF2 2.03 (A) / 1.44 (I),Å TM-RMSD,6lfo_R / 6lfl_A,"p4 (figure labels, render)"
heo2022multistate,State-annotated database size,224 active / 309 inactive structures → 161 / 206 unique entries,structures,GPCRdb as of 2021-07-29,p10
hilger2020gcgr,Cryo-EM global resolution,3.1,Å (FSC 0.143),—,"p.2, p.12"
hilger2020gcgr,Local resolution criterion,FSC 0.5,—,Bsoft,p.12
hilger2020gcgr,PDB accession,6WPW,—,—,p.17
hilger2020gcgr,EMDB accession,EMD-21866,—,—,p.17
hilger2020gcgr,Movie stacks collected,"3,724",micrograph movies,—,p.12
hilger2020gcgr,Particles auto-picked,"2,039,910",particles,—,p.12
hilger2020gcgr,Particles after 2D/3D classification,"296,516",particles,—,p.12
hilger2020gcgr,Particles in final reconstruction,"266,267",particles,—,p.12
hilger2020gcgr,Pixel size / total dose / defocus range,1.06 Å; 50 e⁻/Å²; 1.2–2.2 µm,—,"Titan Krios 300 kV, K2 Summit counted, GIF Quantum LS",p.12
hilger2020gcgr,**TM6 outward movement**,**18**,Å,ZP3780–G<sub>s</sub> vs NNC1702-bound GCGR (5YQZ); marker T351<sup>6.42</sup> Cα,"p.3, p.5"
hilger2020gcgr,"TM6 outward movement, second marker",17.4,Å,"same pair, marker F345<sup>6.36</sup> (Fig. 3A annotation)",p.5
hilger2020gcgr,**TM6 kink angle**,**105.5**,°,pseudo-angle V368–G359–K344,p.3
hilger2020gcgr,"TM6 kink angle (caption, rounded)",105,°,as above,p.3
hilger2020gcgr,P356<sup>6.47</sup> rotation,~90,°,active vs NNC1702-bound,p.5
hilger2020gcgr,"TM5 → TM6 movement, intracellular",6.5,Å,active vs NNC1702-bound,p.3
hilger2020gcgr,"TM7 → TM6 bend, extracellular",6.5,Å (Cα–Cα),at L377<sup>7.34</sup>,p.3
hilger2020gcgr,"**Maximal GTP turnover, GCGR**",**0.11**,GTP min⁻¹ G<sub>s</sub>⁻¹,"HDL-reconstituted, +ZP3780, purified G<sub>s</sub>","p.6, p.7"
hilger2020gcgr,"**Maximal GTP turnover, β<sub>2</sub>AR**",**~8**,GTP min⁻¹ G<sub>s</sub>⁻¹,"HDL-reconstituted, +epinephrine","p.6, p.7"
hilger2020gcgr,⇒ GEF activity ratio β<sub>2</sub>AR : GCGR,**~73-fold**,—,derived from the two rows above; **the paper never states the ratio**,(derived)
hilger2020gcgr,"G-protein association k<sub>on</sub>, GCGR",0.0044,s⁻¹,"Cy3B-receptor / Sulfo-Cy5-G<sub>s</sub> FRET, bulk detergent",p.6
hilger2020gcgr,"G-protein association k<sub>on</sub>, β<sub>2</sub>AR",0.0077,s⁻¹,as above,p.6
hilger2020gcgr,"**[³H]-GDP release k<sub>off</sub>, GCGR**",**0.002** (text) / **0.0022** (Fig. 5D caption),s⁻¹,"single-turnover, HDL particles. **The paper gives both values; both confirmed on the render**","p.6 (text), p.7 (caption)"
hilger2020gcgr,"**[³H]-GDP release k<sub>off</sub>, β<sub>2</sub>AR**",**0.042**,s⁻¹,as above,"p.6, p.7"
hilger2020gcgr,"Bodipy-GTPγS binding k<sub>on</sub>, GCGR–G<sub>s</sub>",0.001,s⁻¹,nucleotide-free complex,p.7
hilger2020gcgr,"Bodipy-GTPγS binding k<sub>on</sub>, β<sub>2</sub>AR–G<sub>s</sub>",0.003,s⁻¹,nucleotide-free complex,p.7
hilger2020gcgr,"Max G<sub>s</sub> dissociation rate in cells, GCGR",2.0,% RLU change s⁻¹,"NanoBiT, HEK293, glucagon CRC",p.7
hilger2020gcgr,"Max G<sub>s</sub> dissociation rate in cells, β<sub>2</sub>AR",3.24,% RLU change s⁻¹,"NanoBiT, HEK293, isoproterenol CRC",p.7
hilger2020gcgr,**Family A vs family B G<sub>s</sub> dissociation rate**,**P = 0.019 (\*)**,—,two-tailed Student's *t* test with Welch's correction; 5 family A vs 4 family B receptors,"p.9, p.10"
hilger2020gcgr,Family A vs family B surface expression,P = 0.67 (ns),—,"same test, flow cytometry, ~20,000 cells/sample","p.10, p.17"
hilger2020gcgr,WT glucagon potency at GCGR,0.14,"nM (EC₅₀, cAMP)","HEK293 transient, HTRF","pp. 4, 5"
hilger2020gcgr,Q232<sup>3.37</sup>A potency,51,nM,vs WT 0.14 nM (≈360×),p.4
hilger2020gcgr,D370<sup>ECL3</sup>A and D385<sup>7.42</sup>A potency,> 100,nM,vs WT (≈>700×),p.4
hilger2020gcgr,R378<sup>7.35</sup>A,signalling completely inhibited,—,vs WT,p.4
hilger2020gcgr,F322<sup>5.54</sup>A potency,110,nM,vs WT (≈790×),p.5
hilger2020gcgr,L242<sup>3.47</sup>A potency,3,nM,"vs WT (≈21×), plus reduced E<sub>max</sub>",p.5
hilger2020gcgr,L395<sup>7.52</sup>A potency,0.82,nM,"vs WT (≈6×), plus reduced E<sub>max</sub>",p.5
hilger2020gcgr,"Bimane λ<sub>max</sub> redshift, GCGR +agonist +G<sub>s</sub>",5 (text) / 4 (caption),nm,vs agonist-bound GCGR,p.9 / p.8
hilger2020gcgr,"TM6 active-state persistence after G-protein dissociation, GCGR","> 10 min, < 60 min (""minutes"")",—,NBD fluorescence after GDP or GTPγS,p.9
hilger2020gcgr,"TM6 active-state persistence, β<sub>2</sub>AR (prior work)",90,s,"ref. 47, cited for contrast",p.9
hilger2020gcgr,MD sampling,5 replicas × 300 ns per system; 2 systems,ns,"NAMD 2.12, CHARMM36m, TIP3P, 310 K, ~90×90×130 Å",pp. 15–16
hilger2020gcgr,DEER conditions,"Q-band ~33.5 GHz, 50 K, ~36 ns pump, −70 MHz offset, 8-step phase cycle",—,Bruker ELEXSYS E580,p.15
hilger2020gcgr,Assay replication,"""mean ± SEM from at least three independent experiments, performed in triplicates"" (Figs. 2D, 3C, 5B, 5D); ""triplicate measurements"" (Figs. 5C, 5E, 6C–F); ""three to seven independent experiments"" (Fig. 5F)",—,—,"pp. 4, 5, 7, 8"
ingraham2023chroma,Designed proteins experimentally characterised,310,count,"expression, folding, biophysics",
ingraham2023chroma,Crystal structures solved,2,count,—,
ingraham2023chroma,"Backbone RMSD, design vs solved structure",~1.0,Å,crystal structure of the design,
ingraham2023chroma,Largest systems generated,"> 3,000",residues,—,
ingraham2023chroma,Generation time for those,"""a few minutes"" on one NVIDIA V100",wall clock,—,
jedryszek2026probing,"probe-raw F1, helix, trunk L47",0.85,F1 (0–1),"dense DSSP (AlphaFold DB), held-out",Table S1 p.17; p.4
jedryszek2026probing,"probe-raw F1, helix, diffusion L22",0.83,F1,"same, depth-matched (Δ −0.02)",Table S1 p.17
jedryszek2026probing,"probe-raw F1, strand, trunk L47 / diffusion L22",0.82 / 0.82,F1,dense DSSP (Δ 0.00),Table S1 p.17
jedryszek2026probing,"probe-raw F1, coil, trunk L47 / diffusion L22",0.90 / 0.90,F1,dense DSSP (Δ 0.00),Table S1 p.17
jedryszek2026probing,"probe-raw F1, disordered, trunk / diffusion",0.86 / 0.70,F1,SwissProt disorder (Δ −0.16),Table S1 p.17; p.3
jedryszek2026probing,"probe-raw F1, signal peptide, trunk / diffusion",0.76 / 0.35,F1,SwissProt (Δ −0.40),Table S1 p.17; p.3
jedryszek2026probing,"probe-raw F1, disulfide bond, trunk / diffusion",0.43 / 0.10,F1,SwissProt (Δ −0.34),Table S1 p.17; p.3
jedryszek2026probing,"probe-raw F1, amino-acid identity, trunk / diffusion",1.00 / 0.66,F1,"residue identity, positive control (Δ −0.34)",Table S1 p.17; p.3
jedryszek2026probing,"SAE-1feat F1, amino-acid identity, trunk / diffusion",0.85 / 0.30,F1,residue identity (Δ −0.55),Table S1 p.17
jedryszek2026probing,"probe-raw F1, amino-acid identity at trunk output",0.996,F1,"residue identity, mean ± sd over 20 AA",p.3; Fig. S2 p.10
jedryszek2026probing,"probe-raw F1 range, secondary structure across trunk depth",0.79–0.90,F1,dense DSSP,p.3; Fig. S6 p.12
jedryszek2026probing,"helix F1: dense DSSP vs sparse SwissProt, identical activations",0.85 vs 0.42 (gap −0.44),F1,label source contrast,p.4; Fig. S1 p.10
jedryszek2026probing,"strand F1: dense DSSP vs sparse SwissProt, identical activations",0.83 vs 0.33 (gap −0.50),F1,label source contrast,p.4; Fig. S1 p.10
jedryszek2026probing,"Boltz-own vs AlphaFold DSSP labels, helix",≈ 0.06–0.08,ΔF1,self-consistency control,"p.4, p.8; Fig. S10 p.14"
jedryszek2026probing,"probe-raw precision / recall, trunk",0.40 / 0.74,precision (per-residue) / recall (per-domain),"all readouts, both stacks",Fig. S7 p.12
jedryszek2026probing,"probe-raw precision / recall, diffusion",0.32 / 0.69,precision / recall,same,Fig. S7 p.12
jedryszek2026probing,SAE-1feat advantage over best single neuron,≈ +0.03 (trunk) / ≈ −0.01 (diffusion),ΔF1,best-single-feature comparison,Fig. S7 p.12
jedryszek2026probing,"probe-raw minus SAE-1feat, trunk secondary structure",0.13–0.35 (helix 0.85 vs 0.72; strand 0.82 vs 0.47),ΔF1,probe vs best single SAE latent,p.5
jedryszek2026probing,SAE faithfulness (probe-SAE / probe-raw),"≈ 0.98 trunk, ≈ 0.82 diffusion",ratio,reconstruction fidelity,Fig. S9 p.13
jedryszek2026probing,"**Steering, coil (probe), k=16**","**+0.061 [+0.045, +0.079], z = +11.5, verdict ""steers""**",ΔDSSP coil fraction,"paired (concept-add − random-add), n=97 held-out",Table S2 p.17
jedryszek2026probing,"**Steering, helix (probe), k=16**","**+0.039 [+0.025, +0.056], z = +6.2, verdict ""steers""**",ΔDSSP helix fraction,same,Table S2 p.17
jedryszek2026probing,"**Steering, helix (SAE-1feat), k=16**","**+0.029 [+0.020, +0.038], z = +5.0, verdict ""steers""**",ΔDSSP helix fraction,same,Table S2 p.17
jedryszek2026probing,"**Steering, strand (probe), k=16**","**−0.001 [−0.003, +0.001], z = +0.3, verdict ""null""**",ΔDSSP strand fraction,same,Table S2 p.17
jedryszek2026probing,"**Steering, strand (SAE-1feat), k=16**","**+0.001 [−0.001, +0.003], z = +1.0, verdict ""null""**",ΔDSSP strand fraction,same,Table S2 p.17
jedryszek2026probing,"**Steering, coil (SAE-1feat), k=16**","**+0.001 [−0.005, +0.007], z = −0.1, verdict ""null""**",ΔDSSP coil fraction,same,Table S2 p.17
jedryszek2026probing,"Off-target specificity, strand (probe) steered","Δhelix −0.022, Δstrand +0.001, Δcoil +0.021","ΔDSSP fraction, k=16",measured state × steered direction,Fig. S14 p.16
jedryszek2026probing,"Specificity, helix (probe) / coil (probe) steered",helix: +0.033 / −0.000 / −0.033; coil: −0.065 / −0.000 / +0.066,"ΔDSSP fraction (helix/strand/coil), k=16",same,Fig. S14 p.16
jedryszek2026probing,"Ablation (necessity), helix, trunk / diffusion / both",+0.0031 / −0.0007 / +0.0010 (n=24),ΔDSSP helix fraction,ablative arm,Fig. S13 p.15
jedryszek2026probing,"Dose-response at k=16, paired (helix − random)","probe +0.018, SAE +0.012",ΔDSSP helix fraction,matched-norm random control,Fig. S12 p.15
jedryszek2026probing,"Steering effect by confidence, coil / helix","coil +0.094 (low pLDDT, n=51) vs +0.025 (high, n=46); helix +0.062 vs +0.013",ΔDSSP fraction,pLDDT bin at 75,Fig. S15 p.16
jedryszek2026probing,Correlation of per-protein steering effect with pLDDT,"r ≈ −0.57 (coil), −0.35 (helix), −0.43 (helix SAE)",Pearson r,baseline pLDDT,Fig. S15 p.16
jedryszek2026probing,Steering-direction validity on the 97 steered proteins,"helix 0.83, strand 0.78, coil 0.88; all precision ≥ 0.93",F1 / precision,re-scored held-out,p.9
jedryszek2026probing,SAE latent F1 used as steering directions,"helix 0.72, coil 0.71, strand 0.47",F1,best single latent,p.9
jedryszek2026probing,mean pLDDT under steering at k=16,"≈ 79, stable across conditions",pLDDT,baseline vs steered,"p.3, p.9; Table S2 p.17"
jedryszek2026probing,Sequence-identity leakage,"3.3% of held-out proteins have any >30%-identity training neighbour; 9 of ~117,000 pairs",% / count,BLOSUM62 all-vs-all,p.9
jedryszek2026probing,Held-out helix-content range of the steering set,0.06–0.95,DSSP helix fraction,97 held-out proteins,p.9
jung2026boltzperturb,"Oracle success rate (SR_O), vanilla Boltz-2 (V), 180 poses/target",19.30,% of 57 targets with ≥1 pose <2 Å,"deposited ligand pose, RnP subset n=57","p7 (Table 2), p8 (Fig 4)"
jung2026boltzperturb,"SR_O, Boltz-2x steering (V_x), 180 poses",15.79,% of 57,same,"p7, p8"
jung2026boltzperturb,"SR_O, high diffusion temperature (V_hT), 270 poses",22.81,% of 57,same,"p7, p8"
jung2026boltzperturb,"SR_O, MSA masking (V_mask), 60 poses",10.53,% of 57,same,"p7, p8"
jung2026boltzperturb,"SR_O, MSA subsampling (V_sub), 60 poses",12.28,% of 57,same,"p7, p8"
jung2026boltzperturb,"SR_O, TBP-C5 (s=12.0), 60 poses",22.81,% of 57,same — matches V_hT with 78% fewer poses,"p7, p8"
jung2026boltzperturb,"**SR_O, TCP-C11 (s=0.9), 60 poses**",**26.32**,% of 57,"same — best arm; +7.02 pp over V, +3.51 pp over V_hT","p7, p8"
jung2026boltzperturb,"Top-20 confidence-ranked success (SR20), V",5.26,% of 57,"deposited pose, top-20 of 180 ranked by Boltz-2 confidence","p7, p8"
jung2026boltzperturb,"SR20, V_x",5.26,% of 57,same,"p7, p8"
jung2026boltzperturb,"SR20, V_hT",3.51,% of 57,same,"p7, p8"
jung2026boltzperturb,"SR20, V_mask",1.75,% of 57,same,"p7, p8"
jung2026boltzperturb,"SR20, V_sub",3.51,% of 57,same,"p7, p8"
jung2026boltzperturb,"SR20, TBP-C1 (s=3.0) and TBP-C4 (s=3.0)",10.53,% of 57,same,p7
jung2026boltzperturb,"SR20, TBP-C5 (s=12.0)",7.02,% of 57,same,"p7, p8"
jung2026boltzperturb,"**SR20, TCP-C11 (s=0.9)**",**14.04**,% of 57,"same — ""more than doubled the success rate of the best baselines (5.26% to 14.04%)""","p7, p8"
jung2026boltzperturb,"Headline abstract fold-change, top-20",**2.6 to 7.8**,fold,"TCP-C11 SR20 vs the range of baselines; 14.0/5.3 = 2.6 (vs V) and 14.0/1.8 = 7.8 (vs V_mask), reading Figure 4's rounded values — **the paper never states which baselines bound the range**","p1, p8 (Fig 4)"
jung2026boltzperturb,"Combined-set oracle success, vanilla → TCP",**17.7 → 30.6**,% of 62 targets,"""Across the combined 62-target evaluation, TCP nearly doubled the oracle success rate from 17.7% to 30.6%"" (= 11/62 → 19/62); p2 calls the same pair ""the fraction of predictions with ligand RMSD lower than 2Å"", which is a mislabel","p7, p2"
jung2026boltzperturb,"Success count, V → TBP-C5 (s=12) → TCP-C11 (s=0.9) → TBP∪TCP → TBP∪TCP∪V",11 → 13 → 15 → 21 → 22,targets out of 57,"deposited pose, <2 Å",p7 (Fig 3)
jung2026boltzperturb,"Win count W_all, TCP-C11 vs V",20 vs 3,targets out of 57 with lowest min-RMSD across all 14 methods,deposited pose,p7
jung2026boltzperturb,"Mean per-target minimum ligand RMSD, V",9.604 ± 7.025,Å,"deposited ligand pose, n=57",p7
jung2026boltzperturb,"Mean per-target minimum ligand RMSD, TCP-C11",10.457 ± 6.575,Å,same — **worse than vanilla on the mean while better on oracle SR**,p7
jung2026boltzperturb,"Ligand RMSF with protein context (F_p), V → TCP-C11",2.382 ± 2.613 → 7.666 ± 4.241,Å,"across the poses generated per target, n=57 targets",p7
jung2026boltzperturb,"Ligand RMSF without protein context (F_l), V → TCP-C11",0.825 ± 0.419 → 1.126 ± 0.485,Å,same,p7
jung2026boltzperturb,"Vanilla ligand RMSF, diagnostic five",< 2.3 (all 5); < 0.5 (2 of 5),Å,across 180 samples/target,p5
jung2026boltzperturb,"PoseBusters+OpenStructure validity, V → TCP-C11 → TBP-C1",98.79 → 97.16 → 90.80,% of poses valid,"all generated poses, n=57",p7
jung2026boltzperturb,"Diagnostic-five min ligand RMSD, 9PY4: V → TBP-C2",8.958 → 1.674,Å,deposited pose,"p6 (Table 1), p18"
jung2026boltzperturb,"Diagnostic-five min ligand RMSD, 9Z1L: V → TCP-C10",7.212 → 0.968,Å,deposited pose,"p6 (Table 1), p18 (0.97)"
jung2026boltzperturb,"Diagnostic-five min ligand RMSD, 9RAY: V → TBP-C4",2.089 → 1.055,Å,deposited pose,"p6, p18"
jung2026boltzperturb,"Spread of all five baselines on 9Z1L (V, V_x, V_hT, V_mask, V_sub)",7.195 – 7.214,Å,deposited pose — 0.019 Å total spread across 180–270 poses and 5 sampling strategies,p6 (Table 1)
jung2026boltzperturb,"Sampling-budget reduction, perturbation vs V / vs V_hT",3-fold (60 vs 180) / 78% (60 vs 270),—,pose count per target,"p5, p8, p9"
jung2026boltzperturb,Relative oracle gain of TCP-C11 over V_hT at 78% less compute,15,% relative (26.32 vs 22.81),"""TCP achieves 15% higher oracle success compared to the best vanilla Boltz variant, V_hT, with 78% less sampling, which translates to approximately 78% less compute""",p8
jung2026boltzperturb,Poses baselines need to match TCP-C11's k=60 count of correct poses,V ≈120 (≈3×); V_x ≈90 (≈2.5×),poses per target,"confidence-ranked top-k, n=23 oracle-successful targets only",p23 (Fig S8)
jung2026boltzperturb,Targets with ≥1 correct pose when all methods are pooled,23 of 57,targets,"deposited pose, <2 Å",p23
jung2026boltzperturb,"GPU-dependent RMSD spread, 9PY4 under TBP, identical seed/CUDA/precision",1.674 (V100) vs 9.007–9.167 (A100/H100),Å,deposited pose,p21 (Table S3)
jung2026boltzperturb,"Mean Boltz-2 confidence, diagnostic five, all baselines",0.925 – 0.927,confidence score (0–1),model self-assessment,p20 (Fig S4a)
junker2026peptidedesign,"median DockQ, AF2IG",0.03,DockQ (0–1),"crystal reference peptide, all 5,650 preds",p5
junker2026peptidedesign,"median DockQ, Boltz-2",**0.56**,DockQ,same,p5
junker2026peptidedesign,"median DockQ, RF3",0.41,DockQ,same,p5
junker2026peptidedesign,"% 'incorrect' (DockQ<0.23), AF2IG",70.65,% of preds,same,p5
junker2026peptidedesign,"% 'incorrect', RF3",36.31,% of preds,same,p5
junker2026peptidedesign,"% 'high quality' (DockQ≥0.8), AF2IG",7.15,% of preds,same,p5
junker2026peptidedesign,"% 'high quality', RF3",24.22,% of preds,same,p5
junker2026peptidedesign,"% 'acceptable'+'medium' (0.23–0.8), RF3",39.46,% of preds,same,p5
junker2026peptidedesign,"% 'medium quality' or better, Boltz-2",62.16,% of preds,same,p5
junker2026peptidedesign,"median iRMSD, AF2IG",12.2,Å,crystal reference interface,p5
junker2026peptidedesign,"median iRMSD, Boltz-2",2.2,Å,same,p5
junker2026peptidedesign,"worst iRMSD, Boltz-2",**66.26**,Å,same,p5
junker2026peptidedesign,"% preds with fnat ≤ 0.1, AF2IG",68,% of preds,native contacts of reference,p5
junker2026peptidedesign,% protein-ligand complexes with DockQ<0.23,AF2IG 100 / RF3 82.1 / Boltz-2 35.5,%,22 GPCR–protein complexes,"p5, S2 Fig"
junker2026peptidedesign,cyclic vs non-cyclic DockQ,"""no difference""",—,crystal reference,"p5, S4 Fig"
junker2026peptidedesign,"'high quality' pre→post training cutoff, AF2IG",15.8 → 3.2,% of subset,36 pre / 77 post dimers,"p6, Fig 4 p7"
junker2026peptidedesign,"'high quality' pre→post, Boltz-2",20.8 → 6.4,% of subset,68 pre / 45 post dimers,"p6, Fig 4 p7"
junker2026peptidedesign,"'high quality' pre→post, RF3",27.2 → 15.2,% of subset,88 pre / 25 post dimers,"p6, Fig 4 p7"
junker2026peptidedesign,'medium quality' pre→post,AF2IG 6.0→10.8 / Boltz-2 50.3→47.0 / RF3 17.8→29.2,% of subset,same subsets,Fig 4 p7
junker2026peptidedesign,'acceptable quality' pre→post,AF2IG 10.4→16.0 / Boltz-2 12.2→30.4 / RF3 20.4→23.1,% of subset,same subsets,Fig 4 p7
junker2026peptidedesign,'incorrect' pre→post,AF2IG 67.8→70.1 / Boltz-2 16.7→16.2 / RF3 34.5→32.4,% of subset,same subsets,Fig 4 p7
junker2026peptidedesign,pre-cutoff subset sizes,36 / 68 / 88 of 113,dimers,AF2 / Boltz-2 / RF3,Fig 4 caption p7
junker2026peptidedesign,training cutoff dates,2021/10/30 / 2023/01/06 / 2024/01/01,date,AF2 / Boltz-2 / RF3,p6
junker2026peptidedesign,"Spearman ρ, inter-chain PAE vs DockQ",AF2IG −0.829 / Boltz-2 −0.56 / RF3 −0.894 (text); −0.84 / −0.50 / −0.89 (Fig 6 panels),ρ,"5,650 preds per predictor",p7; Fig 6 p9
junker2026peptidedesign,"Spearman ρ, PAE peptide vs DockQ",AF2IG −0.50 / Boltz-2 −0.56 / RF3 −0.77,ρ,same,Fig 6 p9
junker2026peptidedesign,"Spearman ρ, ipSAEmin vs DockQ",AF2IG 0.66 / Boltz-2 0.65 / RF3 0.79,ρ,same,Fig 6 p9
junker2026peptidedesign,"Spearman ρ, ipSAEmax vs DockQ (all seeds)",Boltz-2 0.63 / RF3 0.74,ρ,same,p9
junker2026peptidedesign,"Spearman ρ, peptide pLDDT vs DockQ",AF2IG **0.02** / Boltz-2 0.76 / RF3 0.71,ρ,same,"p7, S6 Fig"
junker2026peptidedesign,"best-seed ρ, peptide pLDDT",Boltz-2 0.81 / RF3 0.81,ρ,113 best-seed preds per predictor,p9
junker2026peptidedesign,"best-seed ρ, ipSAEmin",Boltz-2 0.65→0.52 / RF3 0.79→0.71,ρ,same,p9
junker2026peptidedesign,"best-seed ρ, ipSAEmax",Boltz-2 0.63→0.79 / RF3 0.74→0.84,ρ,same,p9
junker2026peptidedesign,"best-seed ρ, inter-chain PAE, Boltz-2",−0.50 → −0.27,ρ,same,p10
junker2026peptidedesign,"best-seed ρ, PAE peptide, Boltz-2",−0.56 → −0.34,ρ,same,p10
junker2026peptidedesign,distance-restricted PAE (≤10 Å),"""entirely unsuitable""",—,same,"p9, S5 Fig"
junker2026peptidedesign,"seed-driven DockQ range, single dimer (8flu, 6b3j; AF2IG)",0.03 – 0.85,DockQ,50 seeds on one dimer,"p6, S1 Fig"
junker2026peptidedesign,"per-target divergence, 7w53",RF3 0.81 / Boltz-2 0.24 / AF2IG 0.12,median DockQ,"50 seeds, 7-aa peptide",p6
junker2026peptidedesign,"per-target divergence, 8f7w",Boltz-2 0.83 / AF2IG 0.24 / RF3 0.43,median DockQ,"50 seeds, 8-aa peptide",p6
junker2026peptidedesign,designs generated,"10,000 × 3 methods × 3 receptors = 90,000",designs,—,"p11, Fig 8 p12"
junker2026peptidedesign,BoltzGen designs placed inside the pocket,"**100** (all 30,000)",%,OPM membrane plane + contact analysis,p11
junker2026peptidedesign,RFdiffusion3 designs placed outside the pocket / membrane-contacting,85.8 (AT2) / 15.02 (NOP),"% of 10,000",same,"p11, S7B Fig"
junker2026peptidedesign,BoltzGen ETB designs with RMSD ≤ 5 Å to reference,79.8,"% of 10,000",native sarafotoxin S6b (6lry),p11
junker2026peptidedesign,BoltzGen AT2 designs with RMSD < 5 Å,100,"% of 10,000",native Ang II (6jod),p11–p12
junker2026peptidedesign,BoltzGen AT2 designs with RMSD ≤ 1.5 Å,**97.9**,"% of 10,000",same,p12
junker2026peptidedesign,BoltzGen AT2 sequence recovery,**0.25** for every design,fraction,native Ang II sequence,"p12, S8A Fig"
junker2026peptidedesign,"sequence recovery, all other method–target combinations","""rarely exceeded 0.1""",fraction,native peptide sequence,"p12, S8A Fig"
junker2026peptidedesign,"clashing designs, BindCraft",AT2 23.1 / ETB 51.7 / NOP 43.6,"% of 10,000","Rosetta PerResidueClashMetric, no relax",Fig 8 p12
junker2026peptidedesign,"clashing designs, BoltzGen",AT2 60.3 / ETB 62.0 / NOP 36.6,"% of 10,000",same,Fig 8 p12
junker2026peptidedesign,"clashing designs, RFdiffusion3",AT2 14.6 / ETB **87.4** / NOP 66.5,"% of 10,000",same,"Fig 8 p12, p12 text"
junker2026peptidedesign,"reprediction 'high quality', initial design sequences",BindCraft+AF2IG **60.9** / BoltzGen+RF3 39.2 / BoltzGen+Boltz-2 32.1 / RFdiffusion3+RF3 12.2,%,DockQ vs the initially designed peptide,p13
junker2026peptidedesign,"ProteinMPNN gain, 'medium quality', RFdiffusion3 designs",AF2IG 23.1→34.2 / Boltz-2 16.9→39.2 / RF3 22.3→48.1,%,same,p14
junker2026peptidedesign,ProteinMPNN effect on 'high quality',"""a reduction in the DockQ high quality category"" (no number given)",—,same,p14
junker2026peptidedesign,ProteinMPNN sequence recovery,"""remained on the same level as with the initially produced sequences for all designs, apart from BindCraft designs targeting AT2""",—,native peptide sequence,p14
junker2026peptidedesign,BindCraft design attempts before downsampling,"15,304 (6jod) / 13,520 (6lry) / 16,810 (8f7x) = **45,634**",trajectories,—,p16
junker2026peptidedesign,GPCRdb protein/peptide entries retrieved,414,complexes,GPCRdb ligand-type filter,"p3, Fig 2A p5"
junker2026peptidedesign,"after filtering (non-redundant, gapless, canonical AAs, dimers only, best resolution)",**113**,dimers,—,"p3, p16, Fig 2A p5"
junker2026peptidedesign,class A receptors / ligands,58 / 74,count,—,"p3, Fig 2A p5"
junker2026peptidedesign,class B1 receptors / ligands,14 / 26,count,—,"p3, Fig 2A p5"
junker2026peptidedesign,GPCR–peptide vs GPCR–protein split,91 / 22 (incl. 4 nAbs),complexes,—,p1 abstract
junker2026peptidedesign,peptide length range,3 – 137,amino acids,—,"p3, Fig 2B p5"
junker2026peptidedesign,shortest peptide,"3 aa (substance P fragment, MRGPRX2, PDB 7vdm)",aa,—,p3
junker2026peptidedesign,most-represented receptors,"GLP1R (5 complexes), ETB (4 complexes per p3; ""five times"" per p10 — see `unresolved` item 3)",complexes,—,"p3, p10"
kalakoti2025afsample2,"**Benchmark 1 — OC23**, size","23 proteins, open vs closed, admitted at TM(open,closed) < 0.85",proteins,dataset definition,p11 (Table S1 not held)
kalakoti2025afsample2,"**Benchmark 2 — TP16**, size","16 membrane transporters, inward- vs outward-facing",proteins,"dataset definition, curated in ref 28","p9, p11 (Table S3 not held)"
kalakoti2025afsample2,"**Benchmark 3 — OC>85** (negative control), size","22 proteins, TM(open,closed) ≥ 0.85",proteins,dataset definition,p11 (Table S2 not held)
kalakoti2025afsample2,"**Benchmark 4 — fold-switch case study**, size",1 engineered S6 ribosomal protein (FS1 8e6y_A α/β-plait ↔ FS2 2f1s_A 3α-bundle),protein,dataset definition,"p9, Fig 9 p11"
kalakoti2025afsample2,"Sampling budget, all methods, all sets","1,000",models per target per method,matched budget for fair comparison,"p3, p5, p9"
kalakoti2025afsample2,"**Targets gaining a high-quality alternate state, OC23** — AFsample2 vs AFvanilla",**9 / 23** (39.1%),targets improved at ΔTM > 0.05,"min-of-two-states TM to deposited references, Wilcoxon signed-rank p < 1.2e-06","p1, p6, Fig 3d p5"
kalakoti2025afsample2,…vs MSAsubsample,5 / 23,targets,"same, p < 1.9e-02","p6, Fig 3d p5"
kalakoti2025afsample2,…vs AFcluster,17 / 23,targets,"same, p < 3.7e-05","p6, Fig 3d p5"
kalakoti2025afsample2,…vs SPEACH_AF,"**4 / 23 (text) but ""3/23 improved"" printed on Fig 3d** — discrepancy, see `unresolved`",targets,"same, p < 1.4e-02",p6 vs Fig 3d p5
kalakoti2025afsample2,…vs AFsample,8 / 23,targets,"same, p < 2.3e-06","p6, Fig 3d p5"
kalakoti2025afsample2,"**Targets gaining a high-quality alternate state, TP16** — vs AFvanilla / MSAsubsample / AFcluster / SPEACH_AF / AFsample","**11 / 16**, 7/16, 12/16, 7/16, 9/16 (all ΔTM > 0.05; figure panel titles agree with the text here)",targets improved,"min-of-two-states TM to deposited references; p < 4.6e-05, 2.2e-02, 2.9e-04, 1.7e-02, 2.9e-04","p1, p9, Fig 8d p10"
kalakoti2025afsample2,"**Both states recovered at TM > 0.8, OC23**",AFsample2 **78.3%**; SPEACH_AF 73.9%; MSAsubsample 69.6%; AFsample 56.5%; AFvanilla 47.8%; AFcluster 47.8%,% of 23 targets,"TM to both deposited references, best-of-1000 each",p5
kalakoti2025afsample2,"**Both states recovered at TM > 0.8, TP16**","AFsample2 **8/16 (50%)**; ""the best of the other methods predict at most 4 targets"" (25%)",targets,TM to both deposited references,p9
kalakoti2025afsample2,"**AUC of success-fraction vs TM threshold, OC23**",AFsample2 **0.85**; SPEACH_AF 0.84; MSAsubsample 0.83; AFsample 0.78; AFvanilla 0.76; AFcluster 0.70,AUC (dimensionless),fraction of targets with both states above a swept TM threshold,Fig 3c p5
kalakoti2025afsample2,"**AUC of success-fraction vs TM threshold, TP16**",AFsample2 **0.77**; MSAsubsample 0.72; SPEACH_AF 0.67; AFsample 0.64; AFvanilla 0.60; AFcluster 0.59,AUC,same,Fig 8c p10
kalakoti2025afsample2,**Aggregate best-ALTERNATE (open) TM vs masking level**,0.80 at 0% masking → **0.88 at 15%**; degrades beyond 30%; ~0.83 at 50%,"TM-score, mean over 23 targets ± SE",deposited open structures,"p3, Fig 2a p4"
kalakoti2025afsample2,**Aggregate best-PREFERRED (closed) TM vs masking level**,"0.89 at 0% → **0.90 at 15%** (a +0.01 *gain*, not a loss); flat to ~30%; ~0.87 at 50%","TM-score, mean over 23 targets ± SE",deposited closed structures,"p3, Fig 2a p4"
kalakoti2025afsample2,"**Preferred-state degradation, per target (the trade-off question)**","**1 / 23 targets loses more than 0.05 TM on the preferred state** — A0A075Q0W3, ≈ −0.06. All other closed-state deltas lie within ±0.05, several are positive (P00558 ≈ +0.07). On the alternate state, 1/23 loses ≈ −0.03 (A6UVT1) while the best gain is ≈ +0.36 (P31133)","ΔTM (AFsample2 − AFvanilla), best-of-1000 each","deposited open and closed structures, both panels on a shared y-scale","p6, Fig 3e p5"
kalakoti2025afsample2,Largest single-target end-state gain,"""improvements over 50%, basically going from mediocre TM-scores of 0.58 to almost perfect 0.98""",TM-score,deposited reference,"p1, p3"
kalakoti2025afsample2,**Ensemble diversity gain**,**+70%** more conformations generated between the end states vs AFvanilla,% increase in distinct intermediate conformations,"AFvanilla ensemble at matched 1,000-model budget","p1, p3"
kalakoti2025afsample2,"Fill ratio, AFsample2 vs comparators (OC23)","Significantly higher than AFvanilla (p < 5.1e-04), AFcluster (p < 5.2e-05), AFsample (p < 1.9e-03); **not** significant vs MSAsubsample (p < 5.1e-01) or SPEACH_AF (p < 6.3e-02)","Wilcoxon signed-rank p, n = 23",per-target paired fill ratio,"p6, Fig 4b p7"
kalakoti2025afsample2,"Fill ratio, worked example (target P31133)",AFsample2 0.82; SPEACH_AF 0.78; MSAsubsample 0.54; AFcluster 0.37; AFsample 0.21; AFvanilla 0.01,"fill ratio ∈ [0,1]",100-bin occupancy of the open→closed diagonal,Fig 4a p7
kalakoti2025afsample2,Targets generating both states **and** models between them,15 / 23,targets,visual read of diversity plots,p6
kalakoti2025afsample2,Model confidence cost of masking,"−2 confidence points per +5 percentage points of masking, linear 0–35%; rapid collapse beyond 35% (≈ 89 at 0% → ≈ 63 at 50%)",AF2 model confidence,AFvanilla at 0% masking,"p3, Fig 2a-right p4"
kalakoti2025afsample2,Intermediates matched to deposited structures,"4 targets (P31133, Q7DAU8, P71447, P33284) with PDB intermediates at TM > 0.9 to an ensemble member; 4 shown with none found",targets,PDB entries at > 90% sequence identity,"p6, Fig 5 p8"
kalakoti2025afsample2,Ensemble RMSF vs experimental ΔCα (target B3EYN2),R = 0.82 (AFsample2) vs R = 0.81 (AFvanilla); fill ratio 0.25 vs 0.22,Pearson R (caption says correlation; Fig 6d axis says Spearman),per-residue Cα displacement between deposited open and closed,"p6, Fig 6a–c p8"
kalakoti2025afsample2,Reference-free selection accuracy,"MAE ≈ **0.06** TM units for both AFsample2 and AFcluster at their optimal thresholds (85% and 90% of highest confidence) — ""the MAEs are not comparable since the ensembles are different""",TM-score units,oracle best-possible selection from the same ensemble,"p7, Fig 7b,e p9"
kalakoti2025afsample2,Worst selection failure,B7IE18 closed state: selected 0.55 vs best available 0.92 (MSE > 0.27),TM-score,oracle best-possible selection,p7
kalakoti2025afsample2,Fold-switch case study,"Alternate fold FS2 reached at TM > 0.8 by AFsample2 (a ""handful"" of models; count not given) but not by AFcluster; confidence 0.75 (FS2) vs 0.88 (FS1)",TM-score / confidence,deposited 2f1s_A and 8e6y_A,"pp9–10, Fig 9 p11"
kalakoti2026afsample3,Benchmark size,238,"proteins, each with 2 deposited states","Cfold dataset (Bryant & Noé, ref 7)","p1, p2"
kalakoti2026afsample3,Inter-state similarity range of benchmark pairs,~0.3 to 0.8,TM-score between the two reference states,TM-align between deposited states,p2
kalakoti2026afsample3,Targets with high-quality alternate state (TM > 0.8),AFsample3 **83**; MSAsubsampling 67; AFsample2 63; AF3vanilla 54; AF2vanilla 32,count of targets (of 238),"TM-align, best-of-1000 vs deposited alternate reference","p1, p4 (Fig 2d, p3)"
kalakoti2026afsample3,"Increase in TM>0.8 alternate-state targets, AFsample3 vs AF3vanilla","+54% (54 → 83), p < 0.0001",% / counts,AF3vanilla baseline,p1
kalakoti2026afsample3,"Improvement : deterioration ratio, alternate state (ΔTMscore ≥ 0.05)",vs AF2vanilla **96:14**; vs AF3vanilla **67:8**; vs AFsample2 **72:20**,targets improved : targets degraded,per-target ΔTM of best alternate state,"p3 (Fig 2a, p3; Fig S1, p12)"
kalakoti2026afsample3,"Improvement : deterioration, AF3vanilla vs AF2vanilla (alternate)","56:23, with 159 marginal (ΔTM < 0.05)",targets,per-target ΔTM,p3
kalakoti2026afsample3,"Improvement : deterioration, AF3vanilla vs AFsample2 (alternate)",47:52,targets,per-target ΔTM,p3
kalakoti2026afsample3,"Improvement : deterioration, AFsample3+subsampling vs AFsample3","36:49 (subsampled arm better for 36, worse for 49)",targets,per-target ΔTM,"p10 (Fig S1, p12)"
kalakoti2026afsample3,"Mean TM, best alternate state",af2vanilla 0.665; af3vanilla 0.691; afsample2 0.704; afsample2_m 0.725; **afsample3 0.733**; afsample3_m 0.729; af2_conformations 0.714; af3_m 0.715,"TM-score, mean over 238","min(maxTM1, maxTM2), best-of-1000 vs references","Table S1, p13"
kalakoti2026afsample3,"Mean TM, best preferred state",af2vanilla 0.847; af3vanilla 0.862; afsample2 0.843; afsample2_m 0.854; **afsample3 0.874**; afsample3_m 0.870; af2_conformations 0.860; af3_m 0.869,"TM-score, mean over 238","max(maxTM1, maxTM2) vs references","Table S1, p13"
kalakoti2026afsample3,Mean fill-ratio (ensemble diversity),"af2vanilla 0.195; af3vanilla 0.215; afsample2 0.279; **afsample3 0.313**; afsample2_m 0.339; afsample3_m 0.323; af2_conformations 0.307; af3_m 0.262. AFsample3 > all others, p < 0.0001","fill-ratio, bounded [0,1], mean over n=238","diversity-plot diagonal occupancy, parabolic reweighting","p6, Table S1 p13"
kalakoti2026afsample3,Fill-ratio AUC (inverse CDF),af2vanilla 0.189; af3vanilla 0.205; afsample2 0.264; afsample3 0.302,AUC,Fig 6b legend,"Fig 6b, p6"
kalakoti2026afsample3,Optimal MSA masking level,**AF3: 40%; AF2: 20%**,fraction of MSA columns masked,"""best overall performance for generating both states"" on the 238-target Cfold set","p4, Table S1 p13"
kalakoti2026afsample3,Masking levels swept,"0.0, 0.1, 0.2, 0.3, 0.4, 0.5",fraction,Table 1,p2
kalakoti2026afsample3,Mean ensemble confidence at 50% masking,AF3 > 80; AF2 drops to ~58,AF3 confidence score,Fig 3c,"p4 (Fig 3c, p4)"
kalakoti2026afsample3,Median sampling needed to reach the alternate state,~300 models (both AFsample2 and AFsample3); range 10–750,models,"99% of best achievable minTM, bootstrapped 100×","p5, p10, Fig 4b p5"
kalakoti2026afsample3,"**DiSco vs confidence, at 5 selected models**",DiSco **0.78** vs confidence 0.74 vs cluster size 0.74,average minTM of the alternate state,reference-free selection scored post hoc against both references,"p9 (Fig 8b, p8)"
kalakoti2026afsample3,"**Reference-free recovery, 1 conformation, minTM > 0.8**",rank 1: **77% (183/238)**; top 5: 85% (203); top 10: **89% (212/238)**; top 20: 91% (217); best possible: **95% (225/238)**,% of targets (counts of 238),minTM > 0.8 vs the closer reference,"p9 (Fig 8d, p8)"
kalakoti2026afsample3,"**Reference-free recovery, 2 conformations, minTM > 0.8**",2 models: **31% (73/238)** (text says 33%); 5 models: 45% (107); 10 models: **50% (120/238)**; 20 models: 55% (130); best possible: **65% (154/238)**,% of targets (counts of 238),minTM > 0.8 for **both** references,"p9 (Fig 8f, p8)"
kalakoti2026afsample3,Default cluster count k,"20 (""larger values did not affect performance"")",clusters,k-means on PCA of pairwise-TM matrix,p9
kalakoti2026afsample3,Intermediate-state PDB mapping,118 ensembles with fill-ratio > 0.27; **77** contained intermediates mappable to PDB structures; **41** had no structural correspondence,ensembles,Foldseek/PDB structural match,p7–8 (Fig 7a axis reads n=114 — see `unresolved`)
kalakoti2026afsample3,"Fill-ratio median used as the ""diverse"" cut",0.27,fill-ratio,dataset median over 238 AFsample3 ensembles,"p7, Fig S2 p12"
kalakoti2026afsample3,Worked reference-free examples (rank 1 / rank 2),4LH6/1TAE TM 0.93 / 0.93 (conf 93.1 / 87.8); 2YLN/3ZSF TM 0.99 / 0.97 (conf 95.6 / 93.5); 5AYN/5AYO TM 0.97 / 0.95 (conf 85.1 / 78.8),"TM-score, AF3 confidence",selected models vs the two references,"Fig 8g, p8"
kalakoti2026afsample3,Per-target fill-ratio examples,"1RLM/2HF2: af2v 0.21, af3v 0.41, afsample2 0.56, afsample3 0.64. 1DPP/1DPE: af2v 0.47, af3v 0.62, afsample2 0.56, afsample3 0.96. 1URP/2DRI: af2v 0.18, af3v 0.12, afsample2 0.90, afsample3 0.89",fill-ratio,Fig 6d–f,"p6, p7"
kalakoti2026afsample3,sFRP failure case,best 7EL5 model TM = 0.88 (low confidence); highest-confidence model TM ≈ 0.55 to either state,TM-score,5XGP / 7EL5 references,p9
khaleq2026hyaline,"AuROC, HYALINE full",0.995 ± 0.003,AuROC,"5-fold CV, pre-2023 training set (n = 1,312), 30% seq-id cluster split",p5 (Table 1)
khaleq2026hyaline,"AuROC, HYALINE full",0.991 (95% CI 0.984–0.997),AuROC,"Temporal test set, 2023–2024 deposits (n = 278)","p4, p5 (Table 1)"
khaleq2026hyaline,Accuracy,0.976 ± 0.011 / 0.964,fraction,CV / temporal test,p5 (Table 1)
khaleq2026hyaline,"Sensitivity (recall, active)",0.990 ± 0.008 / 0.978,fraction,CV / temporal test,p5 (Table 1)
khaleq2026hyaline,Specificity (inactive),0.938 ± 0.021 / 0.921,fraction,CV / temporal test,p5 (Table 1)
khaleq2026hyaline,Precision,0.977 ± 0.010 / 0.962,fraction,CV / temporal test,p5 (Table 1)
khaleq2026hyaline,F1,0.983 ± 0.007 / 0.970,score,CV / temporal test,p5 (Table 1)
khaleq2026hyaline,Matthews Correlation Coefficient,0.936 ± 0.018 / 0.912,MCC,CV / temporal test,p5 (Table 1)
khaleq2026hyaline,"**AuROC, Class A**",**0.997 (95% CI 0.995–0.999)**,AuROC,"n = 1,263 Class A structures (79.4% of corpus)",p7 (Table 2)
khaleq2026hyaline,"**AuROC, Class B1 (Secretin)**",**0.988 (95% CI 0.971–0.998)**,AuROC,n = 145,p7 (Table 2)
khaleq2026hyaline,"**AuROC, Class C (Glutamate)**",**0.971 (95% CI 0.943–0.991)**,AuROC,n = 94,p7 (Table 2)
khaleq2026hyaline,"**AuROC, Class F (Frizzled)**",**0.956 (95% CI 0.901–0.989)**,AuROC,n = 34,p7 (Table 2)
khaleq2026hyaline,"AuROC, Overall (Table 2 row)",0.995,AuROC,"n = 1,590",p7 (Table 2)
khaleq2026hyaline,Accuracy by class,A 98.3% / B1 95.9% / C 91.5% / F 88.2% / Overall 97.6%,%,as above,p7 (Table 2)
khaleq2026hyaline,Sensitivity by class,A 99.2% / B1 97.1% / C 93.2% / F 90.0% / Overall 98.9%,%,as above,p7 (Table 2)
khaleq2026hyaline,F1 by class,A 0.988 / B1 0.968 / C 0.938 / F 0.900 / Overall 0.983,score,as above,p7 (Table 2)
khaleq2026hyaline,"Accuracy, Class C, Fig. 4a bar",87.2% (HYALINE) vs 63.5% (ESM3 seq-only) vs 50.0% (random),%,"Class C subset, n = 94",p5 (Fig. 4a) — **conflicts with Table 2's 91.5% Class C accuracy**
khaleq2026hyaline,"AuROC, ESM3 + linear classifier (sequence-only)",0.852,AuROC,Temporal test set,"p2, p5"
khaleq2026hyaline,"AuROC, ESM3 + MLP (sequence-only)","0.867 (text/caption, p5) vs 0.807 (Fig. 7, p8)",AuROC,Temporal test / CV — **figures conflict**,"p5, p8"
khaleq2026hyaline,"AuROC, random forest on 42 hand-crafted inter-residue distances",0.891,AuROC,Temporal test set,p5
khaleq2026hyaline,"AuROC, random baseline",0.500,AuROC,—,p8 (Fig. 7)
khaleq2026hyaline,"Δ AuROC, HYALINE − ESM3-only",13.9 percentage points,pp,Temporal test set,"p2, p5"
khaleq2026hyaline,Ablation: ESM3 → one-hot AA,"0.823 (text, p7) / 0.807 (Fig. 7, p8); Δ = −17.2 pp (text) / −0.188 (Fig. 7)",AuROC,"5-fold CV, 30% seq-id cluster split — **text and figure conflict**","p7, p8"
khaleq2026hyaline,Ablation: − motif attention bias,"0.987, Δ = −0.008 (Fig. 7) vs ""Δ = −2.7%, p < 0.01"" (text) — **conflict**",AuROC,5-fold CV,"p7, p8"
khaleq2026hyaline,Ablation: − RBF edge features,"0.982, Δ = −0.013 (Fig. 7) vs ""reduced AuROC to 0.971 (Δ = −2.4%)"" (text) — **conflict**",AuROC,5-fold CV,"p7, p8"
khaleq2026hyaline,Ablation: − attention pooling,"0.978, Δ = −0.017",AuROC,5-fold CV,p8 (Fig. 7)
khaleq2026hyaline,Ablation: − multi-scale edges,"0.971, Δ = −0.024",AuROC,5-fold CV,p8 (Fig. 7)
khaleq2026hyaline,Ablation: 3 vs 5 message-passing layers,"0.981, Δ = −1.4%",AuROC,5-fold CV,p8
khaleq2026hyaline,Attention fold-enrichment at biased motifs,"DRY 3.2×, NPxxY 2.8×, CWxP 2.4×; all p < 0.001 (10,000-permutation test)",fold enrichment vs non-motif residues,Correctly classified temporal-test structures,p6
khaleq2026hyaline,Attention fold-enrichment at *unbiased* regions (autonomous discovery),"TM5 intracellular end 2.1×, helix 8 1.9×",fold enrichment,as above,p6
khaleq2026hyaline,Attention enrichment in the *no-bias* ablated model,DRY 2.4× (vs 3.2× with bias),fold enrichment,5-fold CV,p7
khaleq2026hyaline,"Correlation, attention weight vs TM6 outward displacement","r = 0.78, p < 0.001",Pearson r,All structures,p6
khaleq2026hyaline,"Correlation, prediction confidence vs resolution",r = −0.119,Pearson r,Temporal test set,p5 (Fig. 4b)
khaleq2026hyaline,Accuracy by resolution band,<2.5 Å: 97.7%; ≥3.0 Å: 97.2%,%,Temporal test set,p5 (Fig. 4b)
khaleq2026hyaline,Confidence distribution,94.3% of predictions >0.9 or <0.1; 2.8% in 0.3–0.7,% of predictions,Test predictions,p8
khaleq2026hyaline,"Misclassifications, total and by cause","39 total: 15 partially activated intermediates (38%), 11 Class C (28%), 8 experimental artifacts (21%), 5 unexplained (13%)",count / % of errors,Misclassified structures,p9
khaleq2026hyaline,Ionic-lock distance in misclassified intermediates,"mean 6.2 Å (vs <4 Å fully inactive, >10 Å fully active)","Å, R3.50–E6.30",15 intermediate-category errors,p9
khaleq2026hyaline,"Mean confidence, Class C errors",0.58,probability,11 Class C errors,p9
khaleq2026hyaline,Inference runtime,"16.9 ms/structure mean; throughput 59/sec; ""Full GPCRome: 7.6 s""; linear fit r² = 0.887","ms, structures/s","Sequence length 150–500 residues, single GPU",p10 (Fig. 9b)
khaleq2026hyaline,"Inference runtime (Methods, conflicting)","""0.5 seconds per structure ... throughput of approximately 7,200 structures per hour""","s, structures/h","Single A100 40 GB, ~8 GB inference memory",p13 — **conflicts with Fig. 9b's 16.9 ms / 59 per second**
khaleq2026hyaline,Training cost,~4 hours for full 5-fold CV,hours,Single NVIDIA A100 (40 GB),p13
khaleq2026hyaline,Corpus composition,72.7% active; Class A 79.4%,% of structures,"Full dataset (n = 1,590)",p11
kim2023refining,"ImageNet 256×256, FID",1.83,FID,validation data FID 1.68,"p1, p7"
kim2023refining,"ImageNet 256×256, recall",0.64,fraction,validation data recall 0.66,"p1, p7"
kim2023refining,"CIFAR-10, unconditional FID (EDM-G++)",1.77,FID,dataset,"p6, Table 3; Fig 47 p44"
kim2023refining,"CIFAR-10, conditional FID (EDM-G++)",1.64,FID,dataset,"Fig 48, p45"
kim2023refining,"CIFAR-10, LSGM-G++ FID",1.94,FID,dataset,"Fig 46, p43"
kim2023refining,"CelebA, Soft-Truncation-G++ FID",1.34,FID,dataset,"Fig 49, p46"
kim2023refining,"FFHQ, EDM-G++ FID",1.98,FID,dataset,"Fig 50, p47"
kim2026mac1,"AF3 pose success, L-RMSD < 2 Å",**72.2% (402/557)**,% of ligands,"crystal pose, n = 557","Fig 2a table, p7 (read from render); text says ""~70%"", p4"
kim2026mac1,"Chai-1 pose success, L-RMSD < 2 Å",**66.6% (371/557)**,% of ligands,"crystal pose, n = 557","Fig 2a table, p7 (read from render); text ""~70%"", p4"
kim2026mac1,"Boltz-2 pose success, L-RMSD < 2 Å",**52.1% (290/557)**,% of ligands,"crystal pose, n = 557","Fig 2a table, p7; text ""52%"", p4"
kim2026mac1,"DOCK3.7 pose success, L-RMSD < 2 Å",**40.9% (228/557)**,% of ligands,"crystal pose, n = 557","Fig 2a table, p7; text ""41%"", p4"
kim2026mac1,"AF3 in-pocket, COM < 2.5 Å",94% (519/550),% of sanitised poses,"crystal ligand COM, n = 550",p4; Fig 2a table p7
kim2026mac1,"Chai-1 in-pocket, COM < 2.5 Å",92% (509/551),% of sanitised poses,"crystal ligand COM, n = 551",p4; Fig 2a table p7
kim2026mac1,"Boltz-2 in-pocket, COM < 2.5 Å",93% (511/548),% of sanitised poses,"crystal ligand COM, n = 548",p4; Fig 2a table p7
kim2026mac1,"DOCK3.7 in-pocket, COM < 2.5 Å",83% (450/544),% of sanitised poses,"crystal ligand COM, n = 544",p4; Fig 2a table p7
kim2026mac1,Molecules failing RDKit sanitisation,~1.5% of 557,%,—,p4
kim2026mac1,"RMSD distribution modes (AF3, Chai-1)","~1, 2, 4 (trimodal)",Å,crystal pose,"p4; Fig 2a density, p7"
kim2026mac1,"Global receptor Cα RMSD, prediction vs crystal",0.1 – 0.4 (range),Å,557 crystal structures,"p6 (STable 3, not held)"
kim2026mac1,AF3 twisted-state (F156 flip) recovery,**4/19 = 21%**,fraction,crystal alternate conformations,"Fig 2b table, p7; text p6"
kim2026mac1,"AF3 open-state (A129/G130, ~8 Å loop) recovery",**0/20 = 0%**,fraction,crystal alternate conformations,"Fig 2b table, p7; text p6"
kim2026mac1,AF3 twisted-state false positives,8/538 = 1.5%,fraction,ground-state complexes,"Fig 2b table, p7; text p6 (""8 false positive twisted states"")"
kim2026mac1,AF3 open-state false positives,0/537 = 0%,fraction,ground-state complexes,"Fig 2b table, p7"
kim2026mac1,AF3 L-RMSD vs Tc to nearest training ligand,**r = 0.065**,Pearson r,n ≈ 550,"Fig 2c, p7; ""no meaningful signal"", p6"
kim2026mac1,AF3 L-RMSD vs MCS% to nearest training ligand,**r = −0.078**,Pearson r,n ≈ 550,"Fig 2c, p7"
kim2026mac1,AF3 L-pLDDT,AUROC **75.72**; norm_logAUC 15.52,%,"RMSD < 2 Å label, n ≈ 550","Fig 3a, p10; text ""AUC=75.7"", p8"
kim2026mac1,Boltz-2 Ligand ipTM,"AUROC **73.49**; norm_logAUC **20.50** (best early enrichment, ""20.5% above random"")",%,"RMSD < 2 Å label, n ≈ 548","Fig 3a, p10; text p8"
kim2026mac1,Chai-1 ipTM,AUROC **72.65**; norm_logAUC 14.91,%,"RMSD < 2 Å label, n ≈ 551","Fig 3a, p10; text ""AUC=72.7"", p8"
kim2026mac1,DOCK3.7 energy,AUROC **67.07**; norm_logAUC 13.94,%,"RMSD < 2 Å label, n ≈ 544","Fig 3a, p10; text ""AUC=67.1"", p8"
kim2026mac1,Boltz-2 pIC₅₀,AUROC **54.52**; norm_logAUC 19.16,%,RMSD < 2 Å label,"Fig 3a, p10; text ""AUC=54.5"", p8"
kim2026mac1,DOCK3.7 energy vs L-RMSD,"r = 0.35, p < 0.001",Pearson r,n ≈ 544,p8
kim2026mac1,Boltz-2 pIC₅₀ vs L-RMSD,"r = −0.03, p = 0.49 (null)",Pearson r,n ≈ 548,p8
kim2026mac1,AF3 vs Chai-1 pose agreement,r = 0.72,Pearson r,"RMSD-to-experiment, n = 557","p9, SFig 7"
kim2026mac1,AF3 vs Boltz-2 pose agreement,r = 0.52,Pearson r,same,p9
kim2026mac1,AF3 vs DOCK3.7 pose agreement,r = 0.45,Pearson r,same,p9
kim2026mac1,Boltz-2 pIC₅₀ vs measured pIC₅₀,**r = 0.600**,Pearson r,"HTRF IC₅₀, n = 202","Fig 4a, p11; text ""r = 0.6"", p9"
kim2026mac1,"Boltz-2 MAE, **uncalibrated**","1.190 pIC (~1.6 kcal), ""most affinities predicted as too potent""",pIC / kcal mol⁻¹,"measured pIC₅₀, n = 202",Fig 4a p11; p9
kim2026mac1,"Boltz-2 MAE, **after in-sample linear correction**",**0.538 pIC (~0.7 kcal)** — *calibration fitted on this same set; not held out*,pIC / kcal mol⁻¹,"measured pIC₅₀, n = 202",Fig 4a p11; p9
kim2026mac1,Baseline: predict the dataset mean pIC₅₀ (4.95) for every compound,0.68 pIC (0.93 kcal),pIC / kcal mol⁻¹,"measured pIC₅₀, n = 202",Fig 4 caption p11; p9
kim2026mac1,AF3 L-pLDDT vs measured pIC₅₀,r = 0.314; MAE 0.639 pIC,Pearson r / pIC,"HTRF IC₅₀, n = 202","Fig 4a, p11; p9"
kim2026mac1,DOCK3.7 energy vs measured pIC₅₀,r = −0.225; MAE 0.680 pIC,Pearson r / pIC,"HTRF IC₅₀, n = 202","Fig 4a, p11; p9"
kim2026mac1,Friedman global test across the three scores,"χ² = 16.68, p = 2.39 × 10⁻⁴",—,"MAE, n = 202","Fig 4a, p11"
kim2026mac1,"Conover post-hoc, Boltz-2 pIC₅₀ vs DOCK score",**p = 0.0057** (only significant pair),Bonferroni-corrected p,MAE,Fig 4a p11; p9
kim2026mac1,"Conover post-hoc, AF3 L-pLDDT vs Boltz-2 pIC₅₀",p = 0.089 (n.s.),Bonferroni-corrected p,MAE,"Fig 4a, p11"
kim2026mac1,"Conover post-hoc, AF3 L-pLDDT vs DOCK score",p = 1.000 (n.s.),Bonferroni-corrected p,MAE,"Fig 4a, p11"
kim2026mac1,AF3 L-RMSD vs measured potency,r = −0.297,Pearson r,n = 202,"p9 (**cited as Fig 4b, which is not printed — see `hides`**)"
kim2026mac1,Boltz-2 pIC₅₀ vs pose accuracy,r = −0.387,Pearson r,n = 202,p9 (same missing panel)
kim2026mac1,DOCK3.7 accuracy vs potency,"""no correlation""",—,n = 202,p9 (same missing panel)
kim2026mac1,Boltz-2 pIC₅₀ AUROC,**83.78** (text 83.8),,,Fig 5a p14; p12
kim2026mac1,DOCK3.7 AUROC,**78.77** (text 78.8),,,Fig 5a p14; p12
kim2026mac1,AF3 L-pLDDT AUROC,**56.10** (text 56.1),,,Fig 5a p14; p12
kim2026mac1,"KS statistic: Boltz-2 0.55*, DOCK 0.49*, AF3 0.16 (p = 0.004)",—,,,"Fig 5a, p14"
kim2026mac1,median active vs inactive: DOCK −55.0 vs −42.5 kcal/mol; AF3 75.9 vs 74.1; Boltz-2 6.70 vs 5.38,—,,,p12
kim2026mac1,"r vs pKᵢ: Boltz-2 **0.486**, AF3 0.183, DOCK −0.211",Pearson r,,,p12
kim2026mac1,Boltz-2 MAE 0.7 kcal → **0.54 after in-sample calibration**,kcal mol⁻¹,,,"p12, SFig 9"
kim2026mac1,MAE 0.92 kcal (0.56 calibrated),kcal mol⁻¹,,,p13
kim2026mac1,MAE **1.66 kcal (1.55 calibrated)** vs dataset-mean baseline **1.84 kcal**,kcal mol⁻¹,,,"p13, SFig 10"
kim2026mac1,DOCK3.7 AUROC,"**70.54** (text ""~71"")",,,Fig 5b p14; p13
kim2026mac1,Boltz-2 pIC₅₀ AUROC,"**71.34** (text ""~71"")",,,"Fig 5b, p14"
kim2026mac1,AF3 L-pLDDT AUROC,"**46.42** — ""slightly worse than random""",,,Fig 5b p14; p13
kim2026mac1,"KS: Boltz-2 0.36*, DOCK 0.37*, AF3 0.11 (p = 0.07, n.s.)",—,,,"Fig 5b, p14"
kim2026mac1,median active vs inactive: DOCK −63.9 vs −52.0 kcal/mol; Boltz-2 6.15 vs 5.72; AF3 65.4 vs 66.2 (**inverted**),—,,,p13
kim2026mac1,"r vs pKᵢ: DOCK −0.247, Boltz-2 0.284, AF3 **−0.109** (""notably a positive correlation is expected"")",Pearson r,,,p13
kim2026mac1,Boltz-2 MAE 0.89 kcal (0.55 calibrated); with FP optimistic 1.15 (0.57); random 1.97 (1.4); baseline **1.46**,kcal mol⁻¹,,,"p13, SFig 10"
kim2026mac1,DOCK3.7 AUROC,**76.47** (text 76.5),,,Fig 5c p14; p12
kim2026mac1,Boltz-2 pIC₅₀ AUROC,**68.13** (text 68.1),,,"Fig 5c, p14"
kim2026mac1,AF3 L-pLDDT AUROC,**60.51** (text 60.5),,,"Fig 5c, p14"
kim2026mac1,"KS: DOCK 0.41*, Boltz-2 0.28*, AF3 0.17*",—,,,"Fig 5c, p14"
kim2026mac1,median active vs inactive: DOCK −85.6 vs −82.8 kcal/mol; Boltz-2 5.16 vs 4.87; AF3 76.6 vs 72.0,—,,,p12
kim2026mac1,Boltz-2 MAE 1.81 kcal → 0.42 calibrated; with FP optimistic 2.33 (0.32); random 3.29 (1.04); baseline **1.07**,kcal mol⁻¹,,,"p12–13, SFig 10"
kim2026mac1,"""no clear evidence of early ligand enrichment with co-folding methods over docking methods from semi-logarithmic ROC plots""",—,,,"p13, SFig 11"
kim2026mac1,"DOCK3.7 and Boltz-2 plateau at **40–50%** hit rate for top-ranked compounds; AF3 L-pLDDT enriches only on AmpC, ""no enrichment signal for σ₂ and D4""",% hit rate,,,"p13, SFig 12"
kohlhoff2014gpcr,Aggregate simulation time,2,milliseconds,β2AR,
kohlhoff2014gpcr,Generated activation trajectories from the MSM,150,μs,β2AR,
kohlhoff2014gpcr,Independent simulations,"""tens of thousands""",count,—,
kohlhoff2014gpcr,Prior state of the art cited for comparison,"""several hundred μs"" on special-purpose hardware",simulation time,—,
kohlhoff2014gpcr,Ligand conditions,"3 (agonist BI-167107, inverse agonist carazolol, apo)",count,—,
kohlhoff2014gpcr,Structural criteria used for projection,4,count,—,
krishna2024rfaa,CAMEO high-confidence fraction,43,% of targets with PAE Interaction < 10,"CAMEO blind, 05/20/23–7/29/23, n=261 protein–small molecule interfaces",p5; Fig 2B caption p16
krishna2024rfaa,CAMEO accuracy among high-confidence,77,% with < 2 Å ligand RMSD,same 43% subset of n=261,p5; Fig 2B p15–p16
krishna2024rfaa,"CAMEO head-to-head success, RFAA",32,% with < 2 Å ligand RMSD,"CAMEO blind, 8/12/23–09/02/23, n=149 interfaces, RMSD computed by CAMEO organizers",p5; Fig 2C caption p16
krishna2024rfaa,"CAMEO head-to-head success, AutoDock Vina server",8,% with < 2 Å ligand RMSD,"same n=149, CAMEO-run Vina server (homology model + AutoDock + Vina scoring)",p5; Fig 2C p15–p16
krishna2024rfaa,"PoseBusters-set success, RFAA (sequence + ligand graph only)",42,% with < 2 Å ligand RMSD,recent-PDB set curated in ref 30; **n NOT REPORTED in this PDF**,p6; Fig 2E p15–p16; Fig S4A p27
krishna2024rfaa,"PoseBusters-set success, DiffDock (given the bound crystal structure)",38,% with < 2 Å ligand RMSD,"same set, privileged input",p6; Fig 2E p15–p16
krishna2024rfaa,"PoseBusters-set success, AutoDock Vina (bound structure + pocket bounding box)",52,% with < 2 Å ligand RMSD,"same set, privileged input",p6; Fig S4A p27
krishna2024rfaa,"PoseBusters-set success, Gold / Uni-Mol / DeepDock / TankBind / EquiBind","rank order only; Gold ≈ Vina, then RFAA ≈ DiffDock, then Uni-Mol, DeepDock, TankBind, EquiBind (**exact values not printed**)",fraction < 2 Å RMSD,same set,Fig S4A p27; Fig 2E p15
krishna2024rfaa,"Recent-PDB generalisation, clusters overlapping training",41,"% success (< 2 Å ligand RMSD), **lowest-RMSD cluster representative**","5,421 complexes / 1,681 sequence clusters at 30% ID, deposited after the (unstated) cutoff",p6; Fig 2F p15–p16
krishna2024rfaa,"Recent-PDB generalisation, novel clusters",23,"% success, best-of-cluster",same,p6; Fig 2F p15–p16
krishna2024rfaa,"Ligand generalisation, ligands seen in training",20,"% success, best-of-cluster","3,261 ligand clusters",p6; Fig 2F p15–p16
krishna2024rfaa,"Ligand generalisation, ligands with < 0.5 Tanimoto to training",16,"% success, best-of-cluster",same,p6; Fig 2F p15–p16
krishna2024rfaa,Rosetta ΔG stratification of native complex (< −30 / −30–0 / > 0 REU),50 / 25 / 22,% success (< 2 Å),n=940 recent-PDB cases successfully processed by Rosetta,p6; Fig 2G caption p16
krishna2024rfaa,Covalent modification accuracy,46,% with modification RMSD < 2.5 Å,931 PDB entries post-May 2020 (938 in Fig 3B caption),p7; Fig 3B p17–p18
krishna2024rfaa,Covalent modification high-confidence fraction,60,% with PAE Interaction < 10,same set,p7
krishna2024rfaa,Covalent accuracy among high-confidence,63,% with < 2.5 Å modification RMSD,the 60% subset,p7
krishna2024rfaa,"Covalent accuracy, no sequence overlap with training",27.5,% predicted with high accuracy,subset of the same set with no >25% identity match,p7; Fig 3C p17–p18
krishna2024rfaa,"Enzyme-cofactor modification, median RMSD",0.99,Å,"same covalent test set, cofactor subset",p7; Fig 3D p17–p18
krishna2024rfaa,"Covalent drug modification, median RMSD",2.8,Å,"same set, covalent-drug subset",p7; Fig 3D p17–p18
krishna2024rfaa,"Glycosylation, median RMSD",3.2,Å,"same set, glycan subset; chains up to seven monosaccharides",p7; Fig 3D p17–p18; Fig S5 p28
krishna2024rfaa,"Protein monomer accuracy, RFAA vs AF2",median GDT 85 vs 86,GDT,"126 CASP14 structures (TBM-hard, FM/TBM, FM)",p11; Fig S11A p35
krishna2024rfaa,"Protein–nucleic acid complex accuracy, RFAA vs RFNA",median all-atom lDDT 0.74 vs 0.78,all-atom lDDT,89 recently solved structures not in either training set,p11; Fig S11B p35
krishna2024rfaa,"RFAA vs RF2 on ligand-binding proteins, ligand-pocket RMSD",RFAA lower; p = 6.7e-10,Å (paired t-test on medians ≈ 1.0 vs 0.9),"held-out ligand-binding proteins, both filtered PAE<10 / pLDDT>0.8; **n NOT REPORTED**",p6; Fig S3A p25–p26
krishna2024rfaa,"RFAA vs RF2, global protein RMSD",RFAA lower; p = 2.9e-5,Å (medians ≈ 1.7 vs 1.5),same,Fig S3A p25–p26
krishna2024rfaa,"PoseBusters validity, worst check",0.39,"fraction of < 2 Å docks failing ""minimum distance to protein""",RFAA's own < 2 Å poses,Fig S4B p27
krishna2024rfaa,"PoseBusters validity, other checks",≥ 0.92 (violations 0.01–0.08),fraction of < 2 Å docks passing,same,Fig S4B p27
krishna2024rfaa,"Designs with negative Rosetta interface ΔG, protein-only RFdiffusion + attractive/repulsive potential","0 (""produces no interfaces with negative Rosetta ΔG"")",%,"4 ligands: FAD, SAM, IAI, OQO",p8–p9; Fig 4C p19–p20
krishna2024rfaa,"Same, RFdiffusionAA",52,%,same 4 ligands,p9; Fig 4C p19–p20
krishna2024rfaa,"Same, RFdiffusionAA + auxiliary contact potential",72,%,same 4 ligands,p9; Fig 4C p19–p20
krishna2024rfaa,Significance of ΔG improvement over RFdiffusion,p < 1.56E-12 (text); per-ligand p < 1.6e-12 / 4.2e-22 / 1.8e-29 / 1.3e-28 (figure),p-value,FAD / SAM / IAI / OQO,p8–p9; Fig 4C p19
krishna2024rfaa,"AF2 self-consistency (single sequence), RFdiffusionAA","≥ 45 (per-ligand 0.46, 0.45, 0.52, 0.52)","% of designs with AF2 backbone RMSD < 2 Å, min of 8 LigandMPNN sequences",4 ligands,p9; Fig 4C p19–p20
krishna2024rfaa,"AF2 self-consistency, RFdiffusion + potential","0.34, 0.34, 0.32(?), 0.20 (per-ligand, figure labels)",same,4 ligands,Fig 4C p19
krishna2024rfaa,Design ligand novelty,IAI 0.50; OQO 0.46,Tanimoto similarity to nearest training ligand,training set,p9
krishna2024rfaa,Designs whose most structurally similar training protein does not bind the same ligand,99,% of cases,400 designs,p9; Fig S7 p30
krishna2024rfaa,"**Digoxigenin, wet lab**: designs screened → hits → affinity","4,416 designs cloned and FACS-screened → 3 characterised hits → tightest **Kd = 10 nM**",count; nM,"yeast display + FACS, then FP on purified protein",p9; Fig 5A p21–p22
krishna2024rfaa,Digoxigenin binder thermostability,stable to 95,°C,CD melt at 220 nm,p9; Fig 5A p21–p22
krishna2024rfaa,"**Heme, wet lab**: cascade",168 designs → 135 well expressed → 96 with Cys-bound-heme UV/Vis → 45 purified → **38 monomeric and heme-retaining by SEC**,count,"E. coli expression, UV/Vis Soret maximum, SEC",p10; Fig 5B p21–p22
krishna2024rfaa,Heme binder thermostability,heme binding retained > 85; no unfolding to 95,°C,UV/Vis at 22/73/90 °C,p10; Fig 5B p21–p22
krishna2024rfaa,"**Bilin (PEB), wet lab**: hit rate",9 hits from 94 designs = **9.6%**,%,whole-cell pigmentation/fluorescence screen,p10; Fig S8 p31
krishna2024rfaa,"Bilin designs, absorption maxima","C11 557, H4 605, F9 607 vs CpcA-PEB control 573",nm,purified protein absorption spectra,p10; Fig 5C p21–p22; Fig S8B p31
krishna2024rfaa,"Bilin designs, relative fluorescence quantum yield","C11 57.6, H4 17.1, F9 38.4 (text gives 17 / 38 / 57) vs CpcA-PEB = 100",% relative to CpcA-PEB,spectroscopy,p10; Fig S8C p31
krishna2024rfaa,Prior art comparator: expert-designed maquette + CARD motif,2–3,% FΦ,literature (ref 58),p10
krishna2024rfaa,Spectral range covered in one design round,50 absorption / 46 emission,nm,"three designs, one chromophore",p10
krishna2024rfaa,"**Design novelty vs PDB**, digoxigenin",TM 0.59 (0.71 to nearest training protein overall),TM-score to closest PDB protein binding a related ligand (Tanimoto > 0.5),training set,p11; Fig 5A p21–p22; Fig S10 p34
krishna2024rfaa,"Design novelty, heme",< 0.62 (HEM_3.B10: 0.54 overall / 0.51 similar-ligand),TM-score,same,p11; Fig 5B p21–p22; Fig S10 p34
krishna2024rfaa,"Design novelty, bilin",< 0.52 (C11 0.58/0.46; H4 0.67/0.53; F9 0.67/0.51),TM-score,same,p11; Fig 5C p21–p22; Fig S10 p34
krishna2024rfaa,Design sequence novelty,"""no detectable sequence similarity to any known protein""",—,all characterised designs,p11
ku2026promise,"Cluster-level success, intrinsic — AF3",0.18,fraction of 72 clusters,"≥1 state-level success (TM > 0.8, nearest) for *every* known state, among 100 samples",p6 Fig 2A
ku2026promise,"Cluster-level success, intrinsic — Boltz-1",0.08,fraction of 72,same,p6 Fig 2A
ku2026promise,"Cluster-level success, intrinsic — Boltz-2",0.18,fraction of 72,same,p6 Fig 2A
ku2026promise,"Cluster-level success, intrinsic — Chai-1",0.24,fraction of 72,same,p6 Fig 2A
ku2026promise,"Cluster-level success, intrinsic — BioEmu",0.29,fraction of 71,same,p6 Fig 2A/2B
ku2026promise,"Cluster-level success, ligand-induced — AF3 / Boltz-1 / Boltz-2 / Chai-1",0.50 / 0.35 / 0.42 / 0.40,fraction of 87 clusters,pair-level success = apo success ∧ holo success,"p6 Fig 2A, p17 Fig S5C"
ku2026promise,"Cluster-level success, protein-induced — AF3 / Boltz-1 / Boltz-2 / Chai-1",0.27 / 0.19 / 0.34 / 0.17,fraction of 75 clusters,same,"p6 Fig 2A, p17 Fig S5C"
ku2026promise,Headline summary of intrinsic performance,"""∼20% cluster-level success""",% of clusters,all models pooled,"p1, p9"
ku2026promise,"Intrinsic failure decomposition (one-state collapse / complete failure), AF3 → BioEmu","66%,27% / 64%,33% / 59%,34% / 55%,40% / 64%,28%",% of failed clusters,"failed clusters N = 59/72, 66/72, 59/72, 55/72, 50/71",p6 Fig 2B
ku2026promise,"Apo-task failure rate, ligand-induced (AF3/B1/B2/Chai)",47% / 82% / 66% / 67%,% of 350 pairs,apo-conditioned prediction fails apo success,p17 Fig S5A
ku2026promise,"Apo-task failure rate, protein-induced",43% / 48% / 48% / 47%,% of 118 pairs,same,p17 Fig S5A
ku2026promise,"Directional Apo→Holo share of apo failures, ligand",96% / 80% / 98% / 98%,% of failures,TM_holo ≥ 0.8 and TM_holo > TM_apo,"p7, p17 Fig S5A"
ku2026promise,"Directional Apo→Holo share of apo failures, protein",61% / 44% / 53% / 47%,% of failures,same,p17 Fig S5A
ku2026promise,"Holo-task failure rate, ligand-induced",5% / 17% / 5% / 4%,% of 350 pairs,holo-conditioned prediction fails holo success,p17 Fig S5B
ku2026promise,"Holo-task failure rate, protein-induced",42% / 50% / 34% / 57%,% of 118 pairs,same,p17 Fig S5B
ku2026promise,Hit rate within successful intrinsic clusters (mean fraction),"AF3 0.818, Boltz-1 0.840, Boltz-2 0.617, Chai-1 0.804, BioEmu 0.767",fraction of 100 samples,"TM ≥ 0.8 to ≥1 ground-truth state, over clusters with ≥1 state recovered",p15 Table S1
ku2026promise,…its SD / #clusters,"0.320/19, 0.302/13, 0.371/16, 0.290/19, 0.234/24",— / clusters,across clusters,p15 Table S1
ku2026promise,Fraction of entries spanning both states,"""below ∼30% across all DynDisto_holo bins"" for AF3/Boltz-1/Boltz-2; BioEmu peaks ≈48% and ≈59%",% of entries,≥1 sample with Struct_holo < −0.5 and ≥1 with > +0.5,p8 Fig 3C
ku2026promise,"σ(Struct_holo) within distogram, BioEmu vs others","p = 1.3e-08 (vs AF3), 1.4e-12, 4.2e-13; text reports p < 1e-4 for all",paired Wilcoxon p,BioEmu vs AF3 / Boltz-1 / Boltz-2,p8 Fig 3B
ku2026promise,"Struct_holo − DynDisto_holo positive shift, ligand-induced","AF3 57.0%, Boltz-1 71.7%, Boltz-2 86.0% of points above y = x",% of points,one-sided paired t-test / Wilcoxon: AF3 p = 3.24e-2 / 1.32e-3; Boltz-1 p = 1.28e-24 / 1.87e-33; Boltz-2 p = 7.30e-74 / 1.08e-80,p18 Fig S6
ku2026promise,"Struct_holo vs DynDisto_holo Pearson r, ligand-induced","AF3 0.93, Boltz-1 0.90, Boltz-2 0.50",Pearson r,per-model scatter,p18 Fig S6
ku2026promise,"Correlation of (Struct_holo − DynDisto_holo) with Train_holo, \|MSA_holo\| < 0.3","intrinsic: 0.211/0.160/0.312 (Pearson, AF3/B1/B2); ligand apo-cond: 0.209/0.190/0.237; ligand holo-cond: 0.117/−0.057/−0.100; protein apo-cond: 0.269/0.291/0.356; protein holo-cond: 0.354/0.350/0.329",Pearson r,Train_holo,p20 Fig S8
ku2026promise,"Correlation of (Struct_holo − DynDisto_holo) with MSA_holo, \|Train_holo\| < 0.3",intrinsic: −0.185/−0.103/−0.141; ligand apo-cond: −0.201/0.059/−0.028; ligand holo-cond: −0.154/−0.137/−0.205; protein apo-cond: −0.155/0.031/0.022; protein holo-cond: −0.319/0.137/0.112,Pearson r,MSA_holo,p21 Fig S9
ku2026promise,"Complex-accuracy coupling, AF3, protein-induced","Pearson r = −0.425, Spearman ρ = −0.426, p ≈ 0",correlation,monomer Cα-RMSD vs DockQ,p16 Fig S3
ku2026promise,"Complex-accuracy coupling, AF3, ligand-induced","Pearson r = 0.342, Spearman ρ = 0.435, p ≈ 0",correlation,monomer Cα-RMSD vs ligand RMSD,p16 Fig S3
ku2026promise,"Complex success vs monomer error, protein-induced",70.5% (<1 Å) → 32.1% (>10 Å),% success (DockQ ≥ 0.23),binned by monomer Cα-RMSD,p16 Fig S3
ku2026promise,"Complex success vs monomer error, ligand-induced",80.4% (<1 Å) → 10.7% (>10 Å),% success (ligand RMSD ≤ 2 Å),binned by monomer Cα-RMSD,p16 Fig S3
ku2026promise,Confidence Top-10 vs Random Top-10 cluster-avg success,"e.g. AF3 0.15 vs 0.17 (intrinsic), 0.49 vs 0.48 (ligand), 0.23 vs — (protein); BioEmu 0.18 vs 0.18 (intrinsic)",success rate,matched-budget confidence ranking vs uniform random,p15 Fig S2
ku2026promise,"Domain-level training skew, outlier cluster 6crf/7xhq",Train^domain_holo = −0.1148,dimensionless (−1…1),"domain-restricted Foldseek/MMseqs2 search (N-SH2, PTP)",p7
lam2026metadiffusion,"Mean Pearson R, per-residue Cα RMSF, metadiffusion vs MD",**0.81**,correlation,"ATLAS 100 ns MD, n = 256 proteins × 16 structures","4, 19 (Fig 3e)"
lam2026metadiffusion,"Mean Pearson R, MD replicate vs MD replicate (**reproducibility ceiling**)",**0.88**,correlation,"ATLAS triplicate MD, n = 256","4, 19 (Fig 3e)"
lam2026metadiffusion,"Mean Spearman ρ, per-residue RMSF, metadiffusion vs MD",**0.77**,correlation,"ATLAS MD, n = 256","19 (Fig 3e, in-panel)"
lam2026metadiffusion,"Mean Spearman ρ, MD vs MD (ceiling)",**0.87**,correlation,"ATLAS triplicate MD, n = 256","19 (Fig 3e, in-panel)"
lam2026metadiffusion,"Pearson R, **mean RMSF per protein** (magnitude, not pattern)",**0.65**,correlation,"ATLAS MD, n = 256",4
lam2026metadiffusion,"Worked example (dacB, 3A3D), Pearson r with MD",**0.815**,correlation,ATLAS MD of same protein,"19 (Fig 3d, in-panel)"
lam2026metadiffusion,"Worked example (dacB), Pearson r **within** MD replicates",**0.882 ± 0.118**,correlation,ATLAS MD replicates,"19 (Fig 3d, in-panel)"
lam2026metadiffusion,"Worked example (dacB), mean RMSF — **metadiffusion**",**6.18**,Å,—,"19 (Fig 3d, in-panel)"
lam2026metadiffusion,"Worked example (dacB), mean RMSF — **MD**",**1.06**,Å,—,"19 (Fig 3d, in-panel)"
lam2026metadiffusion,"**RMSF magnitude ratio, metadiffusion : MD** (derived from the two rows above)",**≈5.8×**,ratio,"ATLAS MD, same protein",19
lam2026metadiffusion,"SAXS Wasserstein-1 distance, **unbiased Boltz-2**, class V GTP aptamer + GTP",**7.67**,Å,"experimental P(r), SASBDB SASDWJ4","21 (Fig 5a, in-panel)"
lam2026metadiffusion,"SAXS Wasserstein-1 distance, **metadiffusion**, class V GTP aptamer + GTP",**0.11**,Å,"experimental P(r), SASBDB SASDWJ4","21 (Fig 5a, in-panel)"
lam2026metadiffusion,"SAXS Wasserstein-1 distance, **unbiased Boltz-2**, calmodulin",**9.64**,Å,"experimental P(r), SASBDB SASDJ64","21 (Fig 5b, in-panel)"
lam2026metadiffusion,"SAXS Wasserstein-1 distance, **metadiffusion**, calmodulin",**0.26**,Å,"experimental P(r), SASBDB SASDJ64","21 (Fig 5b, in-panel)"
lam2026metadiffusion,"¹³Cα chemical-shift Pearson R, unbiased → steered",**0.66 → 0.97**,correlation,"BMRB 51289, n = 16",5
lam2026metadiffusion,"¹³Cβ chemical-shift Pearson R, unbiased → steered",**0.97 → 0.99**,correlation,"BMRB 51289, n = 16",5
lam2026metadiffusion,"¹³Cα chemical shift, steered: RMSD / MAE / R",**1.15 / 0.91 / 0.971**,ppm / ppm / correlation,"BMRB 51289, n = 16","21 (Fig 5b, in-panel)"
lam2026metadiffusion,"¹³Cβ chemical shift, steered: RMSD / MAE / R",**1.04 / 0.80 / 0.997**,ppm / ppm / correlation,"BMRB 51289, n = 16","21 (Fig 5b, in-panel)"
lam2026metadiffusion,Applied chemical-shift offset (CheShift-2 DFT frame → DSS) Cα / Cβ,**+2.25 / +1.28**,ppm,mean experimental − mean calculated,"21 (Fig 5b, in-panel)"
lam2026metadiffusion,"Steric-clash reduction after energy minimisation, ATLAS set",**89.9%**,reduction,"256 × 16 structures, pre- vs post-minimisation",5
lam2026metadiffusion,"Peptide bond breaks, ATLAS set, before → after minimisation",**3.5 ± 4.8 → 0.0 ± 0.1**,count per structure,ff14SB / GB-Neck2 minimisation,"23 (Supp Fig 1, in-panel)"
lam2026metadiffusion,"Steric clashes, ATLAS set, before → after minimisation",**52.3 ± 81.9 → 5.3 ± 6.0**,count per structure,ff14SB / GB-Neck2 minimisation,"23 (Supp Fig 1, in-panel)"
lam2026metadiffusion,"Rg rebound after minimisation, over-compact T4 lysozyme arm",**9.55 ± 0.03 → 14.1 ± 0.1** (n = 8),Å,native Rg ≈ 16 Å,4
lam2026metadiffusion,"Rg after minimisation, over-extended T4 lysozyme arm",**43.9 ± 1.5 → 42.6 ± 1.5** (n = 8),Å,native Rg ≈ 16 Å,4
lam2026metadiffusion,Rg steering ceiling at conservative strengths,**≈45**,Å,target Rg up to ~70 Å on the axis,"3, 18 (Fig 2b)"
lam2026metadiffusion,"Steric clashes vs target Rg (10 → 45 Å), before minimisation","**4,602.0 ± 119.0 → 0.0 ± 0.0**",count,11-level target-Rg sweep,22 (Supp Table 1)
lam2026metadiffusion,"Peptide bond breaks vs target Rg (10 → 45 Å), before minimisation",**0.0 ± 0.0 → 21.0 ± 7.7**,count,11-level target-Rg sweep,22 (Supp Table 1)
lam2026metadiffusion,Myoglobin SASA: minimised / default / maximised,"**7,541 / 7,948 / 10,179**",Å²,BioPython `PDB.SASA` (orthogonal to the LCPO CV),"18 (Fig 2a, in-panel)"
lam2026metadiffusion,"MfnG hinge angles, unbiased Boltz-2 (3 shown)",**116.25 / 117.77 / 118.02**,degrees,centroid-defined hinge CV,"18 (Fig 2c, in-panel)"
lam2026metadiffusion,"MfnG hinge angles, metadiffusion exploration (3 shown)",**87.99 / 110.09 / 145.31**,degrees,centroid-defined hinge CV,"18 (Fig 2c, in-panel)"
lam2026metadiffusion,"Runtime, ubiquitin (76 aa), **Boltz-2** at n = 2/4/8/16/32/64/128 samples",**32 / 32 / 37 / 48 / 69 / 122 / 265**,s,Nvidia RTX 3090,"24 (Supp Fig 2, in-panel)"
lam2026metadiffusion,"Runtime, ubiquitin (76 aa), **metadiffusion (max pairwise RMSD)** at the same n","**32 / 34 / 43 / 72 / 168 / 515 / 1,915**",s,Nvidia RTX 3090,"24 (Supp Fig 2, in-panel)"
lam2026metadiffusion,Runtime ratio at n = 128 (derived),**≈7.2×**,ratio,metadiffusion : unbiased Boltz-2,24
lam2026metadiffusion,"Computational complexity, pairwise-RMSD CV",**O(N²)**,—,N = number of samples,5
lam2026metadiffusion,"Computational complexity, Rg / distance CVs",**O(N)**,—,N = number of samples,5
lam2026metadiffusion,"Pairwise RMSD vs bias strength, risdiplam–RNA (7 conditions + NMR + Boltz-2)",**~0.2 → ~11** (read from a log axis; no numeric labels),Å,NMR ensemble 8R62 (n = 14) and unbiased Boltz-2 (n = 16),19 (Fig 3b)
lam2026metadiffusion,Bias application window,**first 70–90%** of denoising steps,% of trajectory,—,7
lam2026metadiffusion,Peptide-bond-break threshold,**> 1.7**,Å (C–N),—,8
lam2026metadiffusion,Steric-clash threshold,**sum of vdW radii − 0.4**,Å,"heavy-atom pairs, excluding same/adjacent residues",8–9
lam2026metadiffusion,SAXS P(r) binning,**32**,bins,—,9
lazou2026cryptic,Proteins in main test set (all in AF3 training set),16,proteins,CryptoSite (15) + K-Ras,"p2, p7"
lazou2026cryptic,Proteins in post-cutoff test set,8,proteins,"CryptoBench, filtered to post-30-Sep-2021",p8
lazou2026cryptic,**AF3 + ligand distribution agrees with PDB bound distribution**,**13 / 16 (81%)**,proteins,PDB bound distribution per protein,p2
lazou2026cryptic,**AF3 without ligand agrees with PDB unbound distribution**,**12 / 16 (75%)**,proteins,PDB unbound distribution per protein,p2
lazou2026cryptic,**Both arms agree simultaneously**,**9 / 16 (56%)**,proteins,both PDB distributions,p2
lazou2026cryptic,"Group 1a — both arms correct (bound open with ligand, unbound closed without)","7 / 16 (BLG, Myosin II, TEM, MAPK, Ricin, ALDBP, PDK)",proteins,PDB reference states,"p2, Table 1 p2"
lazou2026cryptic,"Group 1b — bound arm correct, unbound arm not","3 / 16 (GluR2, Hsp90, K-Ras)",proteins,PDB reference states,p2
lazou2026cryptic,"Group 1c — unbound arm correct, bound arm not",1 / 16 (RNase A),proteins,PDB reference states,p3
lazou2026cryptic,"Group 2 — ligand placed in active site, closed predicted","2 / 16 (AR, AmpC)",proteins,PDB reference states,p4
lazou2026cryptic,Group 3 — pocket open regardless of ligand,"3 / 16 (PKA, Thrombin, BACE)",proteins,PDB reference states,p4
lazou2026cryptic,"**Detrimental memorization, AF3**","**4 / 16 (25%)** — RNase A, AmpC, AR, BACE",proteins,correct (open) reference conformation,"pp3, 4"
lazou2026cryptic,"**Detrimental memorization, AF2 on the identical test set (prior work, ref 22)**","**8 / 16 (50%)** — 25% dominant-conformation-only + 25% ""other""-only",proteins,same test set,p4
lazou2026cryptic,At least one cryptic-site-competent conformation generated when run with ligand,14 / 16,proteins,reference open pocket,p5
lazou2026cryptic,At least a few models with the ligand correctly positioned,"14 / 16 (fails only for AR, AmpC)",proteins,X-ray ligand position,p7
lazou2026cryptic,Reference ligand predominantly positioned correctly,10 / 16,proteins,ligand pose RMSD ≤2 Å to X-ray,"p4, Table 2 p5"
lazou2026cryptic,Correct pocket identified but pose mostly wrong,"4 / 16 (PKA, TEM, K-Ras partly correct; RNase A very few correct)",proteins,correct pocket,p4
lazou2026cryptic,Ligand placed in orthosteric site instead of cryptic pocket,"2 / 16 (AR, AmpC)",proteins,cryptic pocket,"pp4, 7"
lazou2026cryptic,"Pose accuracy, % of ensemble ≤2 Å (per protein)",BLG 94.2; Myosin II 100; TEM 7.6; MAPK 95.8; Ricin 99.8; ALDBP 99.8; PDK 99.4; GluR2 100; Hsp90 100; K-Ras 9.6; RNase A 3.4; AR 0; AmpC 0; PKA 19.4; Thrombin 94.4; BACE 99.8,% of 500 models,X-ray ligand position,"Table 2, p5"
lazou2026cryptic,"Pose accuracy, % of ensemble ≤2.5 Å (per protein)",BLG 99.8; Myosin II 100; TEM 34.8; MAPK 98; Ricin 100; ALDBP 99.8; PDK 99.4; GluR2 100; Hsp90 100; K-Ras 11.4; RNase A 5.6; AR 0; AmpC 0; PKA 19.4; Thrombin 99.8; BACE 99.8,% of 500 models,X-ray ligand position,"Table 2, p5"
lazou2026cryptic,"Top-ranked BLG model, ligand RMSD to X-ray pose",1.17,Å,X-ray bound reference,p2
lazou2026cryptic,Ligand pLDDT vs pose RMSD correlation,R² = 0.35 (text) / R² = 0.36 (Fig 4B legend),—,pose RMSD across all ensembles,p7 / Fig 4B p6
lazou2026cryptic,Models with steric clashes despite correct pose — PDK,2 of 500 (<1%),models,residue–ligand vdW overlap <0.63× sum of radii,p5
lazou2026cryptic,Models with steric clashes despite correct pose — MAPK,>35 of 500 (<10%),models,same,p5
lazou2026cryptic,Models with steric clashes despite correct pose — Hsp90,>400 of 500 (~80%),models,same,p5
lazou2026cryptic,Hsp90 ligand pLDDT despite clashing poses,>95 (all models),pLDDT,AF2-defined pLDDT>70 threshold (ref 19),p5
lazou2026cryptic,**Post-cutoff set: AF3 + ligand correctly predicts the open pocket**,"**5 / 8** (FTHFS, DHFR, DDL, UGT, 12-LOX)",proteins,reference open pocket,p6
lazou2026cryptic,Post-cutoff set: correct closed prediction without ligand (Group 1c),"2 / 8 (pepA, DhbA)",proteins,reference closed pocket,p6
lazou2026cryptic,Post-cutoff set: cryptic site misfolded (Group 4),1 / 8 (ARHGEF2),proteins,PDB loop+short-helix C-terminus,p6
lazou2026cryptic,Post-cutoff set: ligand incorrectly placed,"3 / 8 (pepA, DhbA, ARHGEF2)",proteins,X-ray ligand position,p6
lazou2026cryptic,Post-cutoff proteins with zero pre-cutoff PDB structures,6 / 8,proteins,PDB release dates,"p6, Table 3 p8"
lazou2026cryptic,Post-cutoff proteins with one closed pre-cutoff structure and none open,2 / 8,proteins,PDB release dates,"p6, Table 3 p8"
lazou2026cryptic,Seed convergence,minimal change beyond ~80 seeds (of 100),seeds,"bootstrapped ensemble observables, 100 resamples per subsample size","pp5, 10"
lazou2026cryptic,"GluR2 ""unbound"" PDB structures that actually have glutamate in the cryptic pocket",210 / 340,structures,own bound/unbound criteria,p3
lazou2026cryptic,GluR2 closed conformations produced without ligand,2 / 500,models,closed reference,p2
lazou2026cryptic,"AR: fraction of ensemble placing RB1 in a third, off-target surface pocket when co-folded with DHT","~half, including the top-ranked model",models,cryptic pocket,p5
lazou2026cryptic,AR ligand sizes (RB1 vs DHT),22 vs 21,heavy atoms,—,p5
lazou2026cryptic,Cryptic-pocket ligand size range across the test set,4 – 23,heavy atoms,—,p5
lazou2026cryptic,PDB bound/unbound assignment thresholds,ligand-centre distance <5.0 Å; or any-atom overlap <2.0 Å,Å,reference ligand,p8
lazou2026cryptic,Clash definition,interatomic distance < 0.63 × sum of vdW radii,—,—,p8
lazou2026cryptic,State classification cutoff,half the RMSD between the open and closed reference structures (per protein; absolute value not tabulated),Å,open and closed references,p9
lazou2026cryptic,AF3 training cutoff used,30 September 2021,date,—,p8
lee2025seqassoc,"CF-random success rate, 92 fold switchers, default mode",32/92 = 35%,% of targets,"both conformations recovered with TM ≥ 0.6 to two deposited references, cross-dominant","p2, p9"
lee2025seqassoc,"Other individual AF2-based methods, same 92 set",7–20%,% of targets,"same predicate; numbers imported from ref 19, not re-measured here",p2
lee2025seqassoc,SPEACH-AF + AF-cluster + AF2(no templates) pooled,25 fold switchers,count of targets,same predicate; pooled union of three methods,"p2, Fig 2a p3"
lee2025seqassoc,AF-cluster alone (Fig 2a render),≈18,count of successes,same predicate; imported from ref 19,Fig 2a p3
lee2025seqassoc,SPEACH-AF alone (Fig 2a render),≈8,count of successes,same predicate; imported from ref 19,Fig 2a p3
lee2025seqassoc,Sampling efficiency vs other AF2-based methods,6× fewer structures,ratio,total structures generated per ensemble,p2
lee2025seqassoc,Successes reached at depth ≤ 4:8,23/32 = 72%,% of successful predictions,sampling depth at which the alternative first appeared,"p2, Fig 2b p3"
lee2025seqassoc,"Success rate on the ""37 other proteins"" (14 SPEACH-AF + 23 OC23)",95%,% of targets,both conformations recovered,p2 (**see `unresolved` — the per-set numbers on p4 give 36/37 = 97%**)
lee2025seqassoc,"SPEACH-AF set, both folds captured","all 14, TM ≥ 0.81",TM-score floor,deposited Fold1 and Fold2,"p4, Fig 4c p5"
lee2025seqassoc,"OC23 set, both folds captured","all 23 except Q9ERE7, TM ≥ 0.7",TM-score floor,deposited open and closed,"p4, Fig 4g p5"
lee2025seqassoc,Adenylate kinase (E. coli) accuracy,0.98 / 0.90,TM-score (dominant / alternative),1ake / 4ake,"p4, Fig 4a–b p5"
lee2025seqassoc,β-phosphoglucomutase accuracy,0.97 / 0.99,TM-score (dominant / alternative),2wfa_A / 2w1f5_A (as labelled in Fig 4f),"p4, Fig 4e–f p5"
lee2025seqassoc,Structures per CF-random ensemble,200,structures,fixed by protocol (deep pass + 7 shallow depths × 5 models × 5 seeds),"p9, Fig 6 p7"
lee2025seqassoc,Structures per SPEACH-AF ensemble,300–811,structures,"*good-quality* structures by MolProbity, not total (caveat p10)","p4, Fig 4d p5"
lee2025seqassoc,Structures per AFSample2 ensemble,1000,structures,"Fig 4h render, all 23 targets",Fig 4h p5
lee2025seqassoc,CF-random ≤ 5× fewer models than AFSample2,16/23 cases,count of targets,model counts per target,"p4, Fig 4h p5"
lee2025seqassoc,Remaining OC23 cases requiring extra sampling,6/7 solved with +600 structures = 20% less than AFSample2,structures / %,AFSample2's 1000,p4
lee2025seqassoc,FraC pore-form prediction accuracy (AF2-multimer arm),1.4,Å,PDB 4TSY,"p3, Fig 3a p4"
lee2025seqassoc,New alternative conformations found by running multimer weights across all 92,"1 (DAN, PDB 4jph) — excluded from the success count",count,monomer-chain requirement,p3
lee2025seqassoc,Blind mode recovery of default-mode successes,26/32 = 81%,%,conformations identified in default mode,p6
lee2025seqassoc,Blind mode success rate over all 92,28%,% of targets,both conformations recovered without references,p6
lee2025seqassoc,Sa1 3-α-helix bundle produced by sequence association,40–100% of 20 models (depends on input homolog),% of models,fold identity of the output,p6
lee2025seqassoc,"Same, by prior dropout + MSA-masking method",<2% of 1000 models,% of models,imported from ref 13,p6
lee2025seqassoc,Sa1 rebalanced-MSA accuracy,"3.1 Å (α/β-plait, full MSA) and 1.6 Å (3-α-helix, 2:4)",Å,NMR structure 8E6Y and the 3-α reference,Fig 5d p6
lee2025seqassoc,"Sa1 PDB BLAST hits, sequence identity",42–70%,% identity,Sa1 V90T vs 2FS1 / 2MH8 / 1GJS,"p4, p10"
lee2025seqassoc,Coevolutionary couplings unique to *dominant unpredicted* conformations,11% (mean),% of total couplings,MSA Transformer couplings on the MSAs that produced the alternative,"p4, Fig 5a p6"
lee2025seqassoc,Coevolutionary couplings unique to *alternative predicted* conformations,8% (mean),% of total couplings,same,"p4, Fig 5a p6"
lee2025seqassoc,E. coli sequences attempted,3237,proteins ≤300 aa,RefSeq E. coli genome (5386 proteins total),"p8, p10, Fig 7a p8"
lee2025seqassoc,E. coli sequences rejected for insufficient MSA depth,1111,proteins,could not build an MSA deep enough for ACE,"p8, p10, Fig 7a p8"
lee2025seqassoc,E. coli proteins actually run through CF-random blind mode,2126 (= 65% of proteins ≤300 aa),proteins,—,"p7, p10"
lee2025seqassoc,**E. coli proteins predicted to switch folds**,**52**,proteins,ACE dual-fold coevolution + Foldseek oligomer check + tiered judgement,"p7, Supp Table 4"
lee2025seqassoc,E. coli hit rate,2.4%,% of 2126,52/2126,p8
lee2025seqassoc,Extrapolated fold-switching fraction of the E. coli proteome,up to 5% (5.2% quoted),%,corrected for a 22/47 recall on known ≤300-residue switchers,p8
lee2025seqassoc,CF-random recall on known fold switchers ≤300 residues,22/47 = 47%,% of targets,deposited fold switchers within the length cut,p8
lee2025seqassoc,Known fold switchers excluded by the ≤300-residue cut,45/92,count,length,p8
lee2025seqassoc,**Experimentally confirmed new fold switchers from this work**,**0**,count,"none — ""Future experimental work will test whether these predictions… are correct""",p8
lee2025seqassoc,Known switchers recovered inside the blind screen (positive control),"RfaH, MinE, plus fimbrial-protein homologs — count NOT REPORTED",count,prior experimental characterisation,p7
lee2025seqassoc,"Total structures generated, fold-switching arm","34,100",structures,200×154 + 2500 + 200 + 600,p9
lee2025seqassoc,AF3 success rate on fold switchers,8%,% of targets,"imported from ref 19, not measured here",p9
lee2025seqassoc,"Human extrapolation (illustrative, not measured)","~1000 of ~20,000 genes",count,5% applied to the human gene count,p9
lee2026confornets,"success@100, Cryptic pockets (apo), N=34, τ=1Å on pocket",BioEmu 30.5±2.8; OF3p 30.8±1.7; Shallow 34.6±2.8; AFsample3 44.7±1.7; ConforMix 37.0±1.5; **Ours-coord 48.2±1.8; Ours-dist 48.8±2.9**,%,"backbone RMSD ≤ τ to deposited apo reference, 100 bootstrap trials",p6
lee2026confornets,"success@100, Cryptic pockets (holo), N=34, τ=1Å on pocket",BioEmu 60.6±3.2; OF3p 63.7±2.6; Shallow 53.4±2.6; AFsample3 73.6±2.3; ConforMix 62.7±2.0; **Ours-coord 83.0±2.5; Ours-dist 78.9±2.8**,%,deposited holo reference,p6
lee2026confornets,"success@100, Domain motions, N=42 states (21 proteins), τ=3Å full",BioEmu 73.1±3.1; OF3p 69.5±2.5; Shallow 72.8±2.6; AFsample3 80.6±2.4; ConforMix 80.3±1.6; **Ours-coord 81.7±1.3; Ours-dist 81.9±1.4**,%,deposited references,p6
lee2026confornets,"success@100, OOD60, N=38 states (19 proteins), τ=3Å local",BioEmu 43.1±2.5; OF3p 45.3±1.9; Shallow 44.9±3.6; AFsample3 54.0±3.0; ConforMix 57.7±3.3; Ours-coord 53.7±3.2; **Ours-dist 60.7±2.8**,%,deposited references,p6
lee2026confornets,"success@100, Membrane transporters, N=30 states (15 proteins), τ=2Å full",BioEmu 34.3±3.2; OF3p 24.3±2.1; Shallow 28.7±2.8; AFsample3 46.9±3.4; ConforMix 34.9±2.5; Ours-coord 47.2±3.3; **Ours-dist 51.1±3.7**,%,deposited inward/outward references,p6
lee2026confornets,"success@100, Fold switchers, N=30 states (15 proteins), τ=3Å full",BioEmu 43.1±0.8; OF3p 52.7±2.6; Shallow 47.3±2.6; AFsample3 48.7±1.8; **ConforMix 54.3±2.6**; Ours-coord 52.5±2.2; **Ours-dist 54.4±2.4**,%,deposited references,p6
lee2026confornets,"success@5 ""at-will induction"", GPCR active (N=51 pairs), τ=2Å on TM6",OF3p 24.3±2.6; ConforMix 16.9±3.7; AFsample3 27.4±4.1; Template 14.9±3.0; **ConforNets 79.1±2.3**,%,RMSD of TM6 to deposited fully-active (GPCRdb 100% activation) reference,p8
lee2026confornets,"success@5, Kinase DFG-out (N=20 pairs), τ=2Å on A-loop+DFG",OF3p 5.9±2.3; ConforMix 3.7±3.6; AFsample3 4.4±3.7; Template 6.4±2.6; **ConforNets 22.8±3.8**,%,RMSD of A-loop + DFG motif to deposited DFG-out (KLIFS) reference,p8
lee2026confornets,"success@5, Transporter outward-open (N=15), τ=2Å global",OF3p 16.1±5.8; ConforMix 23.1±7.0; AFsample3 20.2±5.7; Template 15.7±6.6; **ConforNets 56.7±6.5**,%,global backbone RMSD to deposited outward-open reference,p8
lee2026confornets,"success@100 ""reachability"", GPCR active",OF3p 37.3; ConforMix 43.1; AFsample3 60.8; Template 32; **ConforNets 86.0**,% (no bootstrap SD; only 100 samples generated),as above,p8
lee2026confornets,"success@100, Kinase DFG-out",OF3p 10.0; ConforMix 15.1; AFsample3 20.0; Template 10.5; **ConforNets 26.3**,%,as above,p8
lee2026confornets,"success@100, Transporter outward-open",OF3p 33.3; ConforMix 40.0; AFsample3 33.3; Template 35.7; **ConforNets 73.3**,%,as above,p8
lee2026confornets,"success@5, Kinase DFG-out under **relaxed** A-loop-flip criterion",OF3p 30 → **ConforNets 58**,%,"""closer to the DFG-out than the DFG-in state, and its RMSD to the DFG-out state is less than max[2, ½RMSD(DFG-in, DFG-out)]""",p9
lee2026confornets,"success@5, Kinase DFG-out, strict, quoted in text",OF3p 6 → **ConforNets 23**,%,rounded restatement of the 5.9 → 22.8 Table 2 row,"p9, p2"
lee2026confornets,"Adenosine receptor A1 (AA1R), active-state sampling frequency",OF3p 0% → **ConforNets 88%**,% of samples,"empirical landscape, RMSD to active vs inactive reference",p7
lee2026confornets,"AA1R, inactive-state sampling frequency",OF3p 100% → ConforNets 1%,% of samples,as above,p7
lee2026confornets,"Cannabinoid receptor 1 (CNR1), active",OF3p 35% → **ConforNets 80%**,% of samples,as above,p7
lee2026confornets,"CNR1, inactive",OF3p 27% → ConforNets 0%,% of samples,as above,p7
lee2026confornets,"Best transporter prediction, outward (3VVS;A)",1.54,Å RMSD,deposited outward reference,p6
lee2026confornets,"Best transporter prediction, inward (6FHZ;A)",0.91,Å RMSD,deposited inward reference,p6
lee2026confornets,Separation of the two transporter references,4.7,Å RMSD,inward vs outward ground truths,p6
lee2026confornets,"GPCR transfer example, source 8YN2;R → target 8HCQ;R",TM6 RMSD **0.9**; source–target TM-score 0.75,Å / TM,target GT active state,p8
lee2026confornets,"Transporter transfer example, source 6QV1;B → target 6GV1;A",global RMSD **0.8**; source–target TM-score **0.28**,Å / TM,target GT outward state,p8
lee2026confornets,"Same transporter target, fraction of successful predictions","OF3p 7% → **ConforNets 35%** (""quintuple"")",%,2Å global cutoff,p8
lee2026confornets,"Same GPCR target, OF3p best sample",minimum TM6 RMSD **3.34** (no sample close to active),Å,active reference,p8
lee2026confornets,"PaaI thioesterase, ConforNet φ_H",1.38,Å RMSD,4ZRB;H (N-terminal helix),p25
lee2026confornets,"PaaI thioesterase, ConforNet φ_C",1.29,Å RMSD,4ZRB;C (N-terminal coil),p25
lee2026confornets,Kinase failure modes shown,"3.8 (""A-loop flipped but low atomistic precision""), 6.0 (""A-loop flipped but has wrong angle""); success 0.7",Å RMSD,DFG-out reference,p8
lee2026confornets,Smallest apo/holo separation in cryptic-pocket set,1.02,Å,apo vs holo references,p14
lee2026confornets,Typical transporter inter-state separation,4–5,Å,inward vs outward references,p14
lee2026confornets,"Perturbation location, RMSD after direct optimisation to GT, K=1 (Table 3)",z_post 1.79±1.19 mini / **3.40±2.37 full**; **z_pre 1.90±2.05 mini / 1.93±1.55 full**; s_post 2.31±2.99 / **9.84±26.33**; s_pre 4.14±3.78 / 4.41±3.85,Å RMSD,"OOD60 ground truths, 38 entries × 4 replicates",p9
lee2026confornets,"Same, full K sweep (Table A8), best z_pre setting","K=2: 1.72±1.13 mini, **1.81±1.11 full**",Å RMSD,as above,p22
lee2026confornets,"Diversity-objective ablation, membrane transporters, success@100, R=1 (Table A6)",Distogram CDF MSE 50.4±3.9; Coordinate MSE 47.0±3.4; Pair-rep MSE 48.0±4.1; **Entropy max 38.3±3.5**,%,deposited references,p19
lee2026confornets,"Diversity-objective ablation, all six benchmarks (Table A6)",entropy loses on all 6; the three diversity objectives within ~3 pts of each other on all 6,%,deposited references,p19
lee2026confornets,"Affine ablation, membrane transporters, success@100 (Table A11)",Default (rerun) 47.5±3.7; Disable **b** 48.5±3.7; **Disable W 41.2±1.8**; Scaling channels only 43.3±3.2,%,deposited references,p23
lee2026confornets,"Ligand input on cryptic pockets, OF3p R=1, success@100 (Table A5)",Holo: with ligand 63.7±3.1 vs without **47.9±2.5**; Apo: 25.4±2.0 vs 26.0±1.1,%,deposited references,p19
lee2026confornets,"AF3-server sanity check, success@5 (Table A2)",AF3 vs OF3p — cryptic apo 29.4 / 30.8±1.7; cryptic holo 52.9 / 63.7±2.6; domain 56.8 / 69.5±2.5; OOD60 36.8 / 45.3±1.9; transporters 30.0 / 24.3±2.1; fold switchers 40.0 / 52.7±2.6,%,"deposited references; AF3 is one seed, no SD",p16
lee2026confornets,"Transfer baselines at R=11 vs R=1 (Table A7), success@5 GPCR",OF3p R=1 24.2±2.4 vs **R=11 9.1±2.1**; AFsample3 R=1 27.7±4.2 vs R=11 26.1±4.5,%,as above,p21
lee2026confornets,"Source-selection correlation (Fig. A5a), success@5 vs mean sequence similarity","Spearman ρ = 0.62 (GPCR), 0.19 (kinase), 0.51 (transporter); vs mean TM-score ρ = 0.57, 0.29, 0.49",Spearman ρ,all-source sweep,p20
lee2026confornets,Source–target similarity vs min RMSD (Fig. A5b),ρ = −0.21 / −0.19 / n.s. (sequence) and −0.20 / −0.34 / n.s. (TM); **ρ_C = n.s. in all six**,Spearman ρ,centroid vs other sources,p20
lee2026confornets,"Wall-clock, 5 diffusion samples, 40GB A100, R=11 (Table A9)","length 300: ConforNets **37** s, OF3p 19 s, ConforMix 42 s; length 400: 64 / 26 / 54 s",s,includes amortized ConforNet training,p22
lee2026confornets,"Wall-clock, R=1 (Table A9)",length 300: 31 / 13 / 35 s; length 400: 51 / 16 / 40 s,s,as above,p22
lee2026confornets,"ConforNet training cost, 20 Pairformer backprop steps, 80GB A100 (Table A10)",100 res 25.89 s / 2.66 GB; 200 res 38.63 s / 5.21 GB; 300 res 90.04 s / 9.84 GB; 400 res 190.01 s / 17.04 GB; 500 res 366.11 s / 26.85 GB,s / GB,—,p23
lee2026confornets,Headline speed claim,"""**less than 40 GPU seconds for a 200-residue protein**""",GPU s,ConforNets optimisation,p2
lee2026confornets,Relative overhead,"""ConforNets cost roughly 2–3× default OF3p sampling, comparable to ConforMix""",×,OF3p,"p9, p22"
lee2026confornets,task,samples per target,how composed,targets,total
lee2026confornets,"Multi-state, OF3p / Shallow / AFsample3",800,160 seeds × 5 diffusion rollouts,104 proteins,"83,200 per method"
lee2026confornets,"Multi-state, ConforNets",800,20 seeds × k=2 × 4 checkpoints (5/10/15/20 steps) × 5 rollouts,104,"83,200"
lee2026confornets,"Multi-state, ConforMix",800,8 seeds × 20 target RMSDs × 5 rollouts,104,"83,200"
lee2026confornets,"Multi-state, BioEmu","4,000","""We generated 4,000 structures per test case without any generation-time filtering"" (p13)",104,"416,000"
lee2026confornets,"Transfer, ConforNets",100,10 ConforNets × 10 diffusion samples,83 scored targets (50+19+14),"8,300"
lee2026confornets,"Transfer, OF3p / Template / AFsample3",100,20 random seeds × 5 rollouts,83,"8,300 each"
lee2026confornets,"Transfer, ConforMix",100,1 seed,83,"8,300"
lee2026confornets,Source-selection sweep (App. F.1),10 per transfer,"N ConforNets per source × 10 samples; N=10 GPCR, N=8 transporter, N=4 kinase; sources = 8 GPCR, all 20 kinase, all 15 transporter",all pairs,NOT REPORTED as a total
lee2026confornets,Perturbation-location study,—,"4 ConforNets per latent, 4 latents, K ∈ {1,2,5,10}",38 OOD60 entries × 4 replicates,NOT REPORTED as a total
lee2026foldswitch,CFold predictions from 13 sequence clusters consistent with experiment (**this document's own result**),0 of 1200,structures,"Visual + TM-score to 5OND-A, 6C6S-D, 1S2H, 1DUJ","p. 8, Fig. 3 pp. 9–10"
lee2026foldswitch,"TM-score to autoinhibited RfaH, best cluster (RfaH_000)","≈0.68 median (box ≈0.66–0.72), above the imported threshold ≈0.645 but ""never yielded an experimentally consistent helical hairpin""",TM-score,5OND chain A,"Fig. 3C, pp. 9–10"
lee2026foldswitch,"TM-score to autoinhibited RfaH, all other clusters",≈0.30–0.38 median,TM-score,5OND chain A,"Fig. 3C, p. 9"
lee2026foldswitch,"TM-score to active RfaH, best cluster (RfaH_000)",≈0.44 median; all others ≈0.31–0.36,TM-score,6C6S chain D,"Fig. 3D, p. 9"
lee2026foldswitch,"TM-score to open Mad2, best cluster (Mad2_000)",≈0.42 median; others ≈0.32,TM-score,1S2H,"Fig. 3E, p. 9"
lee2026foldswitch,"TM-score to closed Mad2, best cluster (Mad2_000)",≈0.39 median; others ≈0.32–0.34,TM-score,1DUJ,"Fig. 3F, p. 9"
lee2026foldswitch,"Wayment-Steele et al. accuracy threshold, RfaH panels",≈0.645 (**value NOT REPORTED in text — read off the axis**),TM-score,—,"Fig. 3C–D, pp. 9–10"
lee2026foldswitch,"Wayment-Steele et al. accuracy threshold, Mad2 panels",≈0.72 (**value NOT REPORTED in text — read off the axis**),TM-score,—,"Fig. 3E–F, pp. 9–10"
lee2026foldswitch,"*Cited (ref 30):* AF-based success rate, fold switchers with alternative conformations **in** AF's training set",35%,% of 92 targets,"~300,000 sampled structures",p. 6
lee2026foldswitch,"*Cited (ref 30):* AF-based success rate, targets **outside** AF's training set",1/7,targets,—,p. 6
lee2026foldswitch,*Cited (ref 47):* CFold accuracy on alternative conformations,57%,% correct,Bryant & Noé conformational split of the PDB,p. 6
lee2026foldswitch,*Cited (ref 61):* AF-cluster productive clusters,"12/345 (4%), each predicting an experimentally consistent conformation ""at least 50% of the time""",fraction of clusters,RfaH and Mad2,p. 7
lee2026foldswitch,*Cited:* fold switchers as a fraction of the protein universe,4–5%,%,"refs 20, 24, 25",p. 3
lee2026foldswitch,*Cited (ref 23):* fold switching among the NusG family,up to 25%,% of family,—,p. 3
lee2026foldswitch,*Cited (ref 59):* evolutionarily coupled amino acids close in space,~98%,%,—,p. 7
lee2026foldswitch,*Cited (ref 106):* PopP2 α-helix→β-hairpin barrier (metadynamics),~3,kcal/mol,Two experimentally characterised conformations,p. 16
lee2026foldswitch,*Cited (ref 85):* α-synuclein 35–97 REMD,18,"μs, explicit solvent all-atom",Two energy-landscape minima,p. 14
lee2026foldswitch,*Cited (ref 72):* sparse sequence patterns sufficient to switch AF2/AF3 conformation,1–3,amino acid positions,—,p. 13
lee2026foldswitch,Contact-map distance cutoff used in Figures 2 and 4,8,"Å, heavy atom",—,"pp. 5, 11"
lee2026foldswitch,Fold-switching timescale,seconds or slower,s,"refs 8, 63, 76","pp. 13, 16"
lee2026foldswitch,Sequence-space scale,>350 million (UniProt) + >3.1 billion (metagenomic),sequences,—,p. 2
lewis2025bioemu,Relative free energy error (headline abstract claim),"~1 (stated as ""around 1"")",kcal/mol,millisecond-timescale MD and experimental protein stabilities,p1
lewis2025bioemu,"Macrostate free-energy MAE, DESRES fast folders (leave-one-out)",0.74 mean; 0.30 (BBA) – 1.63 (λ-repressor) range,kcal/mol,DESRES Anton MD 2-D TICA free energy surfaces,p6
lewis2025bioemu,"Macrostate free-energy MAE, CATH test set (17 domains >100 µs)",0.91,kcal/mol,in-house Amber MD free energy surfaces,p8
lewis2025bioemu,"Folding ΔG MAE, MEGAscale (headline)",< 0.8,kcal/mol,MEGAscale cDNA-display-proteolysis ΔG,p9
lewis2025bioemu,"Folding ΔG MAE, MEGAscale train split",0.73,kcal/mol,MEGAscale experimental ΔG,p9 (Fig. 4a annotation)
lewis2025bioemu,"Folding ΔG MAE, MEGAscale test split",0.76,kcal/mol,MEGAscale experimental ΔG,p9 (Fig. 4a annotation)
lewis2025bioemu,"Spearman correlation, ΔG (headline)",> 0.65,—,MEGAscale experimental ΔG,p9
lewis2025bioemu,"Correlation, ΔG train / test split",0.67 / 0.66,—,MEGAscale experimental ΔG,p9 (Fig. 4a annotation)
lewis2025bioemu,Domain-motion coverage at ≤3 Å global backbone RMSD,85,% of reference structures,22 curated domain-motion PDB pairs,p4
lewis2025bioemu,"Local unfolding coverage, folded state (FNC ≥ 0.7)",72,% of references,20–21 local-unfolding examples,p6
lewis2025bioemu,"Local unfolding coverage, unfolded state (FNC ≤ 0.3)",74,% of references,20–21 local-unfolding examples,p6
lewis2025bioemu,"Cryptic pocket coverage, holo, at ≤1.5 Å local RMSD",85,% of references,34 curated apo/holo pairs,p6
lewis2025bioemu,"Cryptic pocket coverage, apo, at ≤1.5 Å local RMSD",49,% of references,34 curated apo/holo pairs,p6
lewis2025bioemu,"Multi-conformation success rate, references **pre**-AF2 cutoff",0.744 (90.01 successes / 121 refs),fraction,pooled domain motion + local unfolding + cryptic,p33 (Table S4)
lewis2025bioemu,"Multi-conformation success rate, references **post**-AF2 cutoff",0.740 (22.94 / 31),fraction,pooled; cryptic-apo cell is N=0,p33 (Table S4)
lewis2025bioemu,ACE2 HEXXH+E active-site backbone RMSD,"< 1.5, for all samples",Å,crystal structure of the HEXXH+E motif,p8
lewis2025bioemu,"ΔΔG, HHH_rd1_0335 I7P (predicted vs experimental)",1.3 vs 2.1,kcal/mol,MEGAscale experiment,p10
lewis2025bioemu,"ΔΔG, 2JWS I24D (predicted vs experimental)",1.5 vs 2.9,kcal/mol,MEGAscale experiment,p10
lewis2025bioemu,"ΔΔG, 2ZW1_Y34A → E57H (predicted vs experimental)",1.9 vs 1.2,kcal/mol,MEGAscale experiment,p10
lewis2025bioemu,"Inference cost, 10k samples","< 1 GPU-minute (Chignolin) to ~1 GPU-hour (λ-repressor); ""on the order of one GPU-hour per computational experiment""",GPU-hours (NVIDIA Titan V),—,"p6, p10"
lewis2025bioemu,MD cost for the equivalent DESRES trajectories,"2,000 (Chignolin) to > 100,000 (NTL9)",GPU-hours,DESRES Anton datasets sized for ~10 folding-unfolding round trips,p6
lewis2025bioemu,Speed advantage of emulator over MD,4–5,orders of magnitude,as above,p6
lewis2025bioemu,Denoising steps at inference,100 (second-order/Heun sampler),steps,—,"p3, p23"
lewis2025bioemu,Denoising steps inside PPFT training,"35 total, foldedness read after 8",steps,—,"p9, p28"
lewis2025bioemu,ProThermDB hyper-stable check,FNC always > 0.65 threshold; 26 proteins,—,ProThermDB ΔG < −8 kcal/mol proteins,"p9, p31"
lewis2025bioemu,CALVADOS IDP check,"63 of 65 predicted unfolded (2 exceptions); Rg correlates with experiment, overestimated at long length",—,IDRome/CALVADOS experimental Rg and Flory scaling,"p9, p31"
lewis2025bioemu,Total MD training data,172.2 raw / 216.0 effective (chains counted separately); 207.8 effective excluding DESRES,ms,—,"p18 (Table S1), p20"
lewis2025bioemu,CATH share of MD training data,"46 (41.0 CATH2 + 5.2 CATH1), over ~1100 domains",ms,—,"p8, p18"
lewis2025bioemu,Experimental stability measurements used,"~776,000 (main text: ""over 750,000"")",ΔG/ΔΔG entries,MEGAscale Dataset2+Dataset3,"p8, p21"
lewis2025bioemu,Training compute,~5 days × 32 A100 (pretrain); ~5 days × 4 A100 (fine-tune); ~3 days × 4 A100 (DESRES),—,—,p24 (Table S2)
lewis2025bioemu,"Data-scaling trend, CATH-only models at 1/10/100%",free-energy MAE decreases and state coverage increases monotonically (exact values only in figure),"kcal/mol, fraction",CATH test set,"p8, p7 (Fig. 3b,iii)"
li2026embedding,"Real-target win rate, EmbedOpt vs CryoBoltz, median over 5 seeds, all three metrics",5 of 6,systems,"published CryoBoltz baseline (Boltz-1), matched inputs + relaxation + Phenix pipeline","p3, p9, p8 (Fig 4)"
li2026embedding,"Real-target win rate, EmbedOpt vs DPS, CC mask at matched α = 0.1, 100 steps",6 of 6,systems,DPS inside the same Protenix prior,p9
li2026embedding,Diffusion-step reduction at preserved constraint satisfaction,4× (200 → 50 steps),—,"EmbedOpt's own 200-step baseline; DPS ""collapses below 100 steps""","p3, p7"
li2026embedding,"Median constraints passed at 50 steps, EmbedOpt",≈ 20 of 20,restraints,"K = 20 target restraints, δ = 2.0 Å, 24 systems (**ceiling**)",p7
li2026embedding,"Median constraint satisfaction rate maintained, EmbedOpt",> 75,%,as above,p6 (Fig 2 caption)
li2026embedding,MolProbity maintained by EmbedOpt in the step-reduction regime,< 2.0,MolProbity score,phenix.molprobity,p7
li2026embedding,"Learning-rate plateau width, EmbedOpt, synthetic maps","0.01 – 1.0 (100×, ""two orders of magnitude"")",base learning rate α,map correlation over 77 systems,"p1, p8"
li2026embedding,Learning rate above which DPS geometry degrades severely,α > 0.1,base learning rate α,MolProbity over 77 systems,p23 (Fig 7 caption)
li2026embedding,8H1I map correlation — unguided prior,0.42,cc,synthetic 5.0 Å map rendered from deposited 8H1I,"p7, p8"
li2026embedding,"8H1I map correlation — DPS, best hyperparameters",0.58,cc,as above (stagnates at local optimum),"p7, p8"
li2026embedding,8H1I map correlation — EmbedOpt,0.93,cc,as above,"p7, p8"
li2026embedding,"Gallery cc, 8CAW_A (easy): prior / DPS / EmbedOpt",0.81 / 0.92 / 0.95,cc,"synthetic map, best sample after sweep",p21
li2026embedding,"Gallery cc, 8W2Q_A (large rearrangement): prior / DPS / EmbedOpt",0.46 / 0.68 / 0.82,cc,as above,p21
li2026embedding,"Gallery cc, 8F2R_E (**EmbedOpt loses**): prior / DPS / EmbedOpt",0.43 / 0.86 / 0.66,cc,as above,p21
li2026embedding,"Gallery cc, 8K23_B (**both fail**): prior / DPS / EmbedOpt",0.08 / 0.28 / 0.33,cc,as above,p21
li2026embedding,"Synthetic map cc, unrelaxed → relaxed, unguided prior","0.68 [0.47, 0.82] → 0.64 [0.44, 0.79]; paired −0.03 [−0.04, −0.02]","cc, median [IQR]",77 synthetic maps,p19 (Table 1)
li2026embedding,"Synthetic map cc, DPS at 0.01 ≤ LR < 0.5","0.84 [0.69, 0.92] → 0.80 [0.66, 0.89]","cc, median [IQR]",as above,p19 (Table 1)
li2026embedding,"Synthetic map cc, EmbedOpt at 0.01 ≤ LR < 0.5","0.95 [0.86, 0.98] → 0.89 [0.79, 0.94]","cc, median [IQR]",as above,p19 (Table 1)
li2026embedding,"Synthetic map cc, DPS at LR ≥ 0.5 (**collapse**)","0.30 [0.00, 0.49] → 0.01 [−0.01, 0.05]; paired −0.20","cc, median [IQR]",as above; worse than the unguided prior even unrelaxed,p19 (Table 1)
li2026embedding,"Synthetic map cc, EmbedOpt at LR ≥ 0.5","0.98 [0.93, 0.99] → 0.89 [0.73, 0.94]; paired −0.09","cc, median [IQR]",as above (**near ceiling unrelaxed**),p19 (Table 1)
li2026embedding,"MolProbity, DPS at LR ≥ 0.5","4.48 [4.34, 4.66] → 3.27 [2.72, 3.97]","MolProbity, median [IQR]",77 synthetic maps,p19 (Table 2)
li2026embedding,"MolProbity, EmbedOpt at LR ≥ 0.5","3.60 [2.77, 4.35] → 1.37 [0.89, 2.26]","MolProbity, median [IQR]",as above,p19 (Table 2)
li2026embedding,"MolProbity, EmbedOpt at 0.01 ≤ LR < 0.5","1.92 [1.60, 2.43] → 0.77 [0.64, 0.90]","MolProbity, median [IQR]",as above,p19 (Table 2)
li2026embedding,"Degenerate structures unvalidatable by Phenix, DPS at high LR","61.3 before relaxation, 5.6 after",% of samples,77 synthetic maps,p19
li2026embedding,"Degenerate structures unvalidatable by Phenix, EmbedOpt at high LR",0.2 (1 sample),% of samples,as above,p19
li2026embedding,"Real-map cc, median-CC seed, 9UGC_A: prior / EmbedOpt / DPS / CryoBoltz",0.04 / 0.64 / 0.62 / 0.60,cc,"EMD-64136, experimental",p28
li2026embedding,"Real-map cc, 9UGB_A: prior / EmbedOpt / DPS / CryoBoltz",0.38 / 0.66 / 0.65 / 0.42,cc,EMD-64135,p28
li2026embedding,"Real-map cc, 8GMG_A: prior / EmbedOpt / DPS / CryoBoltz",0.43 / 0.62 / 0.60 / 0.59,cc,EMD-40026,p28
li2026embedding,"Real-map cc, 8GMJ_A: prior / EmbedOpt / DPS / CryoBoltz",0.07 / 0.54 / 0.53 / 0.54,cc,EMD-40027,p29
li2026embedding,"Real-map cc, 8SA0_A (**the one loss**): prior / EmbedOpt / DPS / CryoBoltz",0.18 / 0.49 / 0.47 / 0.50,cc,EMD-40258,p29
li2026embedding,"Real-map cc, 8SA1_A: prior / EmbedOpt / DPS / CryoBoltz",0.43 / 0.57 / 0.55 / 0.56,cc,EMD-40259,p29
li2026embedding,Real-target map resolutions (9UGC / 9UGB / 8GMG / 8SA1 / 8SA0 / 8GMJ),3.52 / 3.25 / 4.3 / 4.4 / 4.1 / 4.4,Å,experimental EMDB maps,p24 (Fig 9 headers)
li2026embedding,"Compute overhead, EmbedOpt vs DPS, per diffusion step",1.4–1.8× (predicted 1.33×),relative runtime,"matched Protenix runs, H100 PCIe","p6, p25"
li2026embedding,"Compute overhead, EmbedOpt vs unguided prior",4.0–4.4× on large targets (6.0× at 177 res),relative runtime,as above,p25
li2026embedding,"Diffusion-loop runtime, 8GMG_A (1280 res): prior / DPS / EmbedOpt / CryoBoltz",22.1 ± 0.0 / 53.2 ± 0.4 / 97.1 ± 0.2 / 98.7 ± 0.5,s per trajectory,"H100 PCIe, 100 steps (CryoBoltz 200)",p25 (Table 3)
li2026embedding,"Peak GPU memory, 8GMG_A: prior / DPS / EmbedOpt / CryoBoltz",10.10 / 23.90 / 30.16 / 27.12,GB,as above,p25 (Table 3)
li2026embedding,"End-to-end wall-clock, 8GMG_A: prior / DPS / EmbedOpt / CryoBoltz",188 ± 4 / 205 ± 7 / 244 ± 1 / 649 ± 84,s per job,as above; CryoBoltz ~2.7× EmbedOpt,p26 (Table 4)
li2026embedding,"Fixed per-job overhead, largest system",≈ 150 (≈ 60–88% of wall-clock),s,as above,p26
li2026embedding,MSA-depth ablation: prior cc of the three ablation targets (8AHU_A / 8GXU_A / 8K9Z_A),≈ 0.87 / ≈ 0.65 / ≈ 0.37,cc,synthetic maps at 100% MSA,p25
li2026embedding,MSA depth below which all methods collapse,0 (25% still works),% of full MSA,3 targets × 9 runs per depth,"p26, p27"
li2026embedding,Synthetic map generation resolution,5.0,Å,SFC_Torch electron-scattering forward model,"p7–8, p20"
li2026embedding,Uniform atomic B-factor in the synthetic forward model,50,Å²,as above,"p8, p20"
li2026embedding,"Benchmark inclusion filters, synthetic cryo-EM","< 4.5 Å resolution, < 25% sequence similarity",—,PDB,p7
li2026embedding,Restraint sparsity and tolerance,"K = 20 pairs, δ = 2.0","pairs, Å",24 multi-domain systems,p6
li2026embedding,Sampler constants held fixed (Protenix/AF3 default),"γ = 0.8, γ₀ = 1.0, ρ = 1.003, η = 1.5, N_cycle = 10",—,Algorithm 2 / Algorithm 4,"p13, p17, p26"
liu2026ensembletests,"Layer-2 ensemble fidelity, intact vs fully permuted MD",0.888 → 0.888 (max within-protein change 0),pass fraction,reference ATLAS ensemble; 82 proteins,"p3, p4"
liu2026ensembletests,"Temporal Layer 3, intact vs fully permuted MD",0.841 (0.804–0.876) → 0.068 (0.049–0.088),pooled informative-pass fraction,"reference; 82 proteins, 3 permutation seeds","p3, p4"
liu2026ensembletests,"Post-gate kinetic pass, intact vs fully permuted MD",0.963 (0.927–1.000) → 0.004 (0.000–0.012),per-protein binary rate,reference; 82 proteins,"p3, p4"
liu2026ensembletests,Layer-4 admissibility under permutation,0.992–1.000,per-protein fraction,reference; 82 proteins,p3
liu2026ensembletests,"Held-out MD replicate (oracle), ATLAS-82",L2 0.88 (0.85–0.91); L3 0.82 (0.78–0.86); L4 1.00 (1.00–1.00); post-gate 0.95 (0.89–0.99),pass fractions,"reference MD, n = 82",p6 (Table 1)
liu2026ensembletests,Near-harmonic OU temporal surrogate,L2 0.85 (0.81–0.88); L3 0.85 (0.81–0.88); L4 0.38 (0.28–0.49); post-gate 0.38 (0.28–0.49),pass fractions,"reference MD, n = 82",p6
liu2026ensembletests,Markov-state generator,L2 0.81 (0.76–0.86); L3 0.29 (0.23–0.36); L4 1.00; post-gate 0.32 (0.22–0.43),pass fractions,"reference MD, n = 82",p6
liu2026ensembletests,Independent equilibrium samples (i.i.d. floor),L2 0.99 (0.98–1.00); L3 0.00; L4 1.00; post-gate 0.00 (0.00–0.00),pass fractions,"reference MD, n = 82",p6
liu2026ensembletests,"ConfRover, ATLAS-82 (1 ns, resolved)",L2 0.49 (0.45–0.54); L3 0.30 (0.26–0.35); L4 0.78 (0.67–0.88); post-gate 0.25 (0.15–0.36),pass fractions,"reference MD, n = 73","p6, p8"
liu2026ensembletests,"MDGen, ATLAS-82 (1 ns, resolved)",L2 0.21 (0.17–0.24); L3 0.64 (0.60–0.69); L4 0.15 (0.07–0.22); post-gate 0.13 (0.06–0.21),pass fractions,"reference MD, n = 82","p6, p8"
liu2026ensembletests,"BioKinema, ATLAS-82 (10 ns, range-limited)",L2 0.64 (0.60–0.68); L3 0.13 (0.08–0.18)‡; L4 1.00; post-gate **NR** (raw 0.06),pass fractions,"reference MD, n = 81; 29/82 training overlap","p6, p24"
liu2026ensembletests,"ProTDyn, ATLAS-82 (10 ns, range-limited)",L2 0.15 (0.12–0.18); L3 0.24 (0.17–0.31)‡; L4 0.04 (0.00–0.10); post-gate **NR** (raw 0.01),pass fractions,"reference MD, n = 74","p6, p16, p24"
liu2026ensembletests,"MarS-FM, ATLAS-82 (~50 ns, support-limited)",L2 0.09 (0.07–0.11); L3 0.29 (0.22–0.37)‡; L4 0.00 (0.00–0.00); post-gate **NR** (raw 0.00),pass fractions,"reference MD, n = 82","p6, p24"
liu2026ensembletests,AlphaFlow (unordered),L2 0.64 (0.57–0.69); L3 NA; L4 NR; post-gate NA,pass fraction,"reference MD, n = 82",p6
liu2026ensembletests,P2DFlow (unordered),L2 0.68 (0.61–0.75); L4 0.92 (0.85–0.99); post-gate NA,pass fractions,"reference MD, n = 65","p6, p7"
liu2026ensembletests,BioEmu (unordered),L2 0.48 (0.42–0.54); L4 0.71 (0.61–0.82); post-gate NA,pass fractions,"reference MD, n = 82",p6
liu2026ensembletests,Str2Str (unordered),L2 0.22 (0.19–0.25); L4 0.16 (0.09–0.24); post-gate NA,pass fractions,"reference MD, n = 82",p6
liu2026ensembletests,Learned ensembles under 10 synthetic orders,L2 exactly invariant; L3 0.065–0.158,pass fractions,"BioEmu n=81, P2DFlow n=65, Str2Str n=82; 50 frames each","p4, p27"
liu2026ensembletests,"Transition-rate perturbation, 0.25× arm",L3 +0.067 (0.046–0.090); post-gate +0.085 (0.046–0.129),change in pass fraction,"fitted 1× chain; 82 proteins, 5 seeds","p5, p29"
liu2026ensembletests,"Transition-rate perturbation, 4× arm",L3 −0.136 (0.107–0.164); post-gate −0.183 (0.239–0.124),change in pass fraction,"fitted 1× chain; 82 proteins, 5 seeds","p5, p29"
liu2026ensembletests,Ensemble/geometry stability under rate perturbation,L2 fixed 0.990; L4 0.998–1.000,pass fractions,same coordinate multiset,"p5, p29"
liu2026ensembletests,"Lockbox-36 (Broad, 200 ns)",held-out MD 1.00; i.i.d. floor 0.00; MDGen 0.58; ConfRover 0.11; paired difference −0.47 (−0.67 to −0.25),post-gate kinetic pass rate,"own CHARMM36m references, n = 36","p9, p10"
liu2026ensembletests,"Lockbox-36, unflagged subset",MDGen 0.59; ConfRover 0.15,post-gate kinetic pass rate,n = 27,p10 (Fig. 4a)
liu2026ensembletests,Lockbox-36 component split,"temporal majority: MDGen 0.78, ConfRover 0.31; geometric valid: 0.69 / 0.36; post-gate 0.58 / 0.11",fraction of proteins,n = 36,p10 (Fig. 4c)
liu2026ensembletests,Lockbox Deep-8 (1 µs references),"MDGen 48%, ConfRover 8%",fraction of reference-to-floor gap closed,"n = 8, 10 windows each","p9, p10"
liu2026ensembletests,BioEmu on Lockbox-36,"0.813, no temporal result",ensemble fidelity,n = 36,p9
liu2026ensembletests,BioKinema with 1-µs references,reference frames 21 → 101; informative metrics 2.0 → 5.5; resolved grid 5/15 → 15/15; passes 1 of 7 proteins,mixed,Deep-8,"p9, p10"
liu2026ensembletests,mdCATH-82 external arm,held-out MD 1.00; ConfRover 0.07 (exceeds floor by 0.07 [0.02–0.13]); floor 0.00,post-gate kinetic pass rate,"82 CATH domains, 320 K, 4-ns contract",p10
liu2026ensembletests,PTM-85 external arm,replicate 0.87; floor 0.00,temporal Layer-3 pass fraction,85 phosphoproteins,"p10, p11"
liu2026ensembletests,Peptide positive controls,Timewarp AD replicate oracle 0.67; MDshare AD 1.00; WLALL 1.00; all i.i.d. floors 0.00,Layer-3 pass fraction / post-gate 1.00,held-out peptide trajectories,"p10, p11, p14"
liu2026ensembletests,Alternative-ruler sensitivity (all 7 temporal metrics → held-out replicate),"reference 1.00, floor 0.00; ConfRover 0.25 → 0.40; MDGen ≈ 0.13",post-gate kinetic pass rate,n = 73 / 82,p7
liu2026ensembletests,Oracle replicate rotation,0.951 / 0.976 / 0.976; floor 0.00,post-gate kinetic pass rate,82 proteins,"p4, p21, p26"
liu2026ensembletests,Selection decoupling,0.963 decoupled vs 0.951 coupled (Δ +0.012),post-gate kinetic pass rate,82 proteins,"p17, p26"
liu2026ensembletests,72-protein shared-ID recomputation,oracle 0.972; MSM 0.361; OU 0.319; ConfRover 0.250; MDGen 0.083; floor 0.000,post-gate kinetic pass rate,n = 72,p19
liu2026ensembletests,Threshold sweep {0.3–0.7},oracle 0.79–0.99; floor 0.00; ConfRover 0.40 → 0.03; MDGen 0.13 → 0.06,post-gate kinetic pass rate,82 proteins,"p20, p26"
liu2026ensembletests,Leave-one-protein-out jackknife,"max swing 0.014 (oracle 0.012, ConfRover 0.014, MDGen 0.012)",post-gate kinetic pass rate,82 proteins,"p20, p26"
liu2026ensembletests,Alignment-screen effect,oracle-to-floor separation change −0.004 (−0.013 to 0.000); all paired CIs include zero,post-gate kinetic pass rate,"72 shared, 62 unflagged","p11, p20"
liu2026ensembletests,S1c calibration attainment gain,ConfRover +0.093 (0.031–0.166); MDGen +0.244 (0.148–0.347); interaction +0.181 (0.062–0.303),fraction of N1–N2 gap closed,n = 73 shared,"p8, p25"
liu2026ensembletests,S1c rescue mechanism,4/5 ConfRover and 17/19 MDGen rescues are Layer-4-only,count,n = 73 / 82,"p8, p25"
liu2026ensembletests,DATA-LIMITED exclusion sensitivity,oracle 0.951 → 0.976; ConfRover 0.247 → 0.288; MSM 0.317 → 0.341; MDGen 0.134 unchanged; floor 0.00,post-gate kinetic pass rate,82 proteins,p18
liu2026ensembletests,Verdict census,"13,791 scored cells (+528 NA = 14,319 grid); SATURATED 3,762 of 12,760 (29.5%); DATA-LIMITED 267 (1.9% scored, 3.0% non-saturated); MODEL-LIMITED 1,227 (8.9%)",metric-by-protein cells,whole scorecard,p17
liu2026ensembletests,Contract-audit separations,"ConfRover 0.956 (0.903–0.996), MDGen 0.921 (0.859–0.971) at 1 ns; BioKinema 0.053 (0.032–0.076), ProTDyn 0.058 (0.036–0.085) at 10 ns; MarS-FM 0.034 (0.018–0.056) at ~50 ns",oracle-minus-floor separation,criterion ≥ 0.30,p18
liu2026ensembletests,Layer-4 validity by model,ConfRover 78%; BioKinema 100%; MDGen 15%; MarS-FM 0%; ProTDyn 4% (3 of 74),fraction of scored proteins,reference envelope + absolute ceiling,"p9, p16, p23"
liu2026ensembletests,MarS-FM global expansion,expands on 74 of 82 proteins; median Rg ratio 5.42,ratio,reference MD,p9
liu2026ensembletests,Clash-ceiling calibration,"absolute ceiling 0.000758 = 2 × max over 246 reference replicates; per-protein reference max +50%, larger bound used",non-adjacent Cα pairs < 4 Å per eligible frame-pair,ATLAS reference replicates,p15
liu2026ensembletests,RMSF guardrail,fails below 0.5× min or above 2.0× max reference,ratio,reference replicates,p15
liu2026ensembletests,Load-bearing constant,RMSF too-cold fraction 0.3 → 0.7 drops ConfRover Layer-4 validity 0.849 → 0.452; BioKinema stays > 0.92,fraction,guardrail sweep,p21
liu2026ensembletests,Clash-ceiling rescale 0.25×–4×,MDGen 0.000–0.171; ConfRover 0.658–0.836; no reordering of the five ordered rows,post-gate kinetic pass rate,82 proteins,p21
liu2026ensembletests,Verdict-constant sweep (27 combos),oracle-to-floor separation 0.80–1.00; floor 0.00,post-gate kinetic pass rate,82 proteins,p21
lu2026twostages,"Full-trunk patching success (seq+pair, all 48 blocks, ESMFold, standard intra mask)","≈40% (≈4,000 of ≈10,000); exact bar value 38.3%",% of donor–target pairs,DSSP donor-motif presence in target region,"p3, p17 (Fig 12), p18"
lu2026twostages,"Full-trunk patching success, touch mask",62.5%,%,same,p17 (Fig 12)
lu2026twostages,Structure-module (IPA) patching success,4.6%,%,same,p17 (Fig 12)
lu2026twostages,Input-intervention baseline (literal donor sequence substitution),2.6%,%,same,p17 (Fig 12)
lu2026twostages,ESM-2 encoder patching success,0.6%,%,same,p17 (Fig 12)
lu2026twostages,"Single-block **sequence** patching, peak","≈40% at block 0 (ESMFold); 40–45% across the three models; effective window k ∈ {0,…,7} (0–8 in Fig 13)",%,same,"p4, p19"
lu2026twostages,"Single-block **pairwise** patching, effective window","onset ≈block 25, peak ≈block 35 (ESMFold, OpenFold); Boltz-1 broad across nearly the whole trunk; touch-mask window 25–47",block index,same,"p4, p18, p19"
lu2026twostages,"Charge-direction ROC-AUC, ESMFold / OpenFold","≈0.85–0.90 at block 0 → near 1.0 by blocks 5–10, held throughout",ROC-AUC,"{K,R,H} vs {D,E} residue classes",p20–21
lu2026twostages,"Charge-direction ROC-AUC, Boltz-1",≈0.75 at earliest MSA block → ≈0.95 by Pairformer block 0,ROC-AUC,same,p20–21
lu2026twostages,Charge probes on `z` — rise window,"blocks 0–15 (ESMFold, OpenFold); blocks 0–3 (Boltz-1); decline in blocks 35–47 in all three",block index; balanced accuracy,"positive/negative charge class of residue *i* from `z_ij`, \|i−j\| ≥ 4",p21–22
lu2026twostages,Same-charge steering effect on cross-strand distance,≈+10 Å (increase) in early blocks,Å,unsteered baseline,p6
lu2026twostages,Charge steering dose–response threshold / saturation,onset ≈0.4; saturating above,std-DoM units,unsteered baseline,p22
lu2026twostages,Charge steering effect-size ordering across models,OpenFold largest > ESMFold intermediate > Boltz-1 smallest,Å,unsteered baseline,p22
lu2026twostages,Charge steering operating strength,"α = 3σ, window size 15",σ of the charge projection,—,p6
lu2026twostages,"Distance probe R², late blocks",≈0.9 (all three models); low at block 0,R²,"true Cα–Cα distance, 200 held-out proteins",p7
lu2026twostages,Distance steering target / strength / window,5.5 Å; α = 20σ; window size 10,Å; σ; blocks,textbook antiparallel β-sheet Cα spacing,p8
lu2026twostages,"`pair2seq` bias contact ROC-AUC, ESMFold",approaching 1.0 in late blocks,ROC-AUC,Cα < 8 Å contacts vs non-contacts,"p7, p23"
lu2026twostages,"`pair2seq` bias contact ROC-AUC, OpenFold / Boltz-1",≈0.9 over a similar block range,ROC-AUC,same,p23
lu2026twostages,Structure-module `z`-scaling effect on mean pairwise Cα distance (scale 0→2),ESMFold ≈15 Å swing; OpenFold ≈20 Å; Boltz-1 ≈13 Å (most of it below scale = 1),Å,"unscaled baseline, scale = 1.0","p7, p23"
lu2026twostages,Structure-module `s`-scaling effect,"""no detectable change"" / ""virtually no effect""",Å,same,"p23, p24"
lu2026twostages,"CKA, ESMFold vs OpenFold",> 0.8 through middle and late blocks,CKA,—,"p8, p24"
lu2026twostages,"CKA, ESMFold vs Boltz-1",> 0.7,CKA,—,p8
lu2026twostages,"CKA, pairings involving Boltz-1 (all pairs)",typically 0.5–0.8,CKA,—,p24–25
lu2026twostages,"Whitened-Procrustes test R², ESMFold ↔ OpenFold",≈0.9 (both directions),R²,"true residue-pair correspondences, held-out","p8, p25"
lu2026twostages,"Whitened-Procrustes test R², OpenFold ↔ Boltz-1",≈0.8–0.9,R²,same,p25
lu2026twostages,"Whitened-Procrustes test R², ESMFold ↔ Boltz-1",≈0.7–0.8 (≈0.75 quoted in §6),R²,same,"p8, p25"
lu2026twostages,"Shuffled-correspondence R², whitened Procrustes",≈ −1 (at the random-orthogonal floor),R²,shuffled residue-pair correspondences,p26
lu2026twostages,"Shuffled-correspondence R², ridge and CCA",0.1–0.25,R²,same,p26
lu2026twostages,"Cross-model patching peak, ESMFold → ESMFold (within-model reference)",≈22%,%,DSSP target-motif presence,p9
lu2026twostages,"Cross-model patching peak, OpenFold → ESMFold","≈15% (§6, p9) / ≈17% (App M, p26) — **the paper gives two different numbers**",%,same,"p9, p26"
lu2026twostages,"Cross-model patching peak, Boltz-1 → ESMFold",≈10%,%,same,p9
lu2026twostages,"Cross-model patching peak, ESMFold → OpenFold",≈11%,%,same,p26
lu2026twostages,"Cross-model patching, pairings involving Boltz-1",5–12%,%,same,p26
lu2026twostages,Cross-model patching effective block window,"blocks 25–40 of the receiving model, all six directions",block index,same,p26
lu2026twostages,"Recycling convergence (ESMFold, App H)","short (<100 aa) proteins: sharp RMSD drop 0→1 recycle, small thereafter; medium/long continue to refine",Å Cα RMSD,highest-recycle prediction,"p16, p17"
lu2026twostages,Compute,"~1,000–1,500 GPU-hours; 2–3 weeks wall-clock on 2× RTX A6000 (48 GB); <24 GB per GPU",GPU-hours,—,p14–15 (Table 1)
lu2026twostages,Statistical reporting,95% CIs reported for Fig 5c (charge steering controls) and Fig 6c (scaling); other results are aggregate rates over hundreds of proteins with no stated interval,—,—,p31
masters2025physics,"Ligand RMSD, AF3, CDK2/ATP wild type",0.2,Å,"co-crystal pose, PDB 1B38",p.2
masters2025physics,"Ligand RMSD, RFAA, CDK2/ATP wild type",2.2,Å,"co-crystal pose, PDB 1B38",p.2
masters2025physics,"Ligand RMSD, RFAA, CDK2 binding-site removal",2.0,Å,"co-crystal pose, PDB 1B38",p.2
masters2025physics,Fraction of CASF systems keeping the same pose after disruption (among those AF3 predicted correctly),> 50,%,ligand RMSD < 2 Å to native,p.4
masters2025physics,"Fraction keeping unaltered pose, confidence > 80 bin, under disruption",42–52 (range over the 3 disruptions),%,ligand RMSD < 2 Å to native,p.4
masters2025physics,"Fraction keeping unaltered pose, confidence > 80 bin, no disruption",78,%,ligand RMSD < 2 Å to native,p.4
masters2025physics,"Funnel MD bound-state probability, CDK2 wild type",0.61 ± 0.05,"probability (mean ± SD, triplicate)",RMSD < 2 Å to native defines bound,"p.8, Table 1"
masters2025physics,"Funnel MD bound-state probability, CDK2 binding site removed",0.42 ± 0.04,probability,as above,"p.8, Table 1"
masters2025physics,"Funnel MD bound-state probability, CDK2 binding site packed",0.00 ± 0.00,probability,as above,"p.8, Table 1"
masters2025physics,"Funnel MD bound-state probability, CDK2 binding site inversion",0.00 ± 0.00,probability,as above,"p.8, Table 1"
masters2025physics,"Funnel MD bound-state probability, glucose unmodified",0.91 ± 0.06,probability,as above,"p.8, Table 1"
masters2025physics,"Funnel MD bound-state probability, glucose 1 methyl",0.81 ± 0.06,probability,as above,"p.8, Table 1"
masters2025physics,"Funnel MD bound-state probability, glucose 2 methyls",0.06 ± 0.04,probability,as above,"p.8, Table 1"
masters2025physics,"Funnel MD bound-state probability, glucose 3, 4, 5, 6 methyls",0.00 ± 0.00 (each),probability,as above,"p.8, Table 1"
masters2025physics,"Funnel MD bound-state probability, ATP charge +1, +2, +3",0.00 ± 0.00 (each),probability,as above,"p.8, Table 1"
masters2025physics,"Apo-vs-holo Cα RMSD, CASF proteins",95% below 1.5,Å,holo predicted structure,p.8
masters2025physics,MEK1 similarity to training set (sucos_shape_pocket_qcov),46.21,unitless,Runs N' Poses dataset (ref. 49),p.9
masters2025physics,Binding-site selection cutoff,3.5,Å (side-chain heavy atom to ligand heavy atom),co-crystallised ligand,p.9
masters2025physics,Pose-success threshold,2,Å ligand RMSD,native co-crystal pose,"p.4, p.10"
masters2025physics,Funnel MD simulation length,1000 ns × 3 replicates per system,ns,—,p.10
masters2025physics,"Fig. 3 bar heights, fraction RMSD < 2 Å (read off figure, approximate)","WT ≈ 0.78 / 0.76 / 0.78; removal ≈ 0.59 / 0.48 / 0.52; packing ≈ 0.53 / 0.53 / 0.49; inversion ≈ 0.35 / 0.38 / 0.42, for pLDDT bins <70 / 70–80 / >80",fraction,ligand RMSD < 2 Å to native,"Fig. 3, p.5"
masters2025physics,"**Cited, not measured here** — AF3 PoseBusters V2 blind-docking accuracy",~81,% within 2 Å RMSD,ref. 28/25,p.2
masters2025physics,"**Cited, not measured here** — DiffDock, same benchmark",38,% within 2 Å RMSD,ref. 29,p.2
masters2025physics,"**Cited, not measured here** — AutoDock Vina vs AF3, binding site given",~60 vs > 93,%,ref. 30 / ref. 25,p.2
matic2023gpcrome,Experimental complexes analysed,"362 (166 Gs, 184 Gi/o, 9 Gq/11, 3 G12/13); 376 before chimera exclusion",structures,"PDB via SIFTS/Pfam, as of March 2023","p.2, p.12"
matic2023gpcrome,Unique receptors in experimental set,"93 class A, 17 B1, 10 B2, 3 C, 2 Frizzled (125 total); 9 distinct Gα",receptors,same,p.2
matic2023gpcrome,Non-redundant representative complexes,"125 (73 Gi/o, 43 Gs, 6 Gq/11, 3 G12/13)",complexes,"one per receptor–G-protein pair, by resolution then coverage","p.2, p.3 (Fig. 1C), p.13"
matic2023gpcrome,"**AF-Multimer mean DockQ, templates ON**",**0.664**,DockQ (0–1),125 experimental complexes,"p.7, Fig. 9A"
matic2023gpcrome,"**AF-Multimer mean DockQ, templates OFF**",**0.645**,DockQ (0–1),125 experimental complexes,"p.7, Fig. 9A"
matic2023gpcrome,"Templates ON vs OFF, DockQ",P = 0.021,two-sided Wilcoxon signed-rank,"paired, n = 125","p.7, p.13 (Fig. 9 caption)"
matic2023gpcrome,"Templates ON vs OFF, fraction of native contacts",P = 0.004,two-sided Wilcoxon signed-rank,"paired, n = 125","p.7, p.13"
matic2023gpcrome,"pDockQ–DockQ correlation, full structure → filtered",r = 0.480 → 0.621,Pearson r,125 benchmark models,p.12 (Fig. 9D legend)
matic2023gpcrome,"Default-score–DockQ correlation, full structure → filtered",r = 0.485 → 0.618,Pearson r,125 benchmark models,p.12 (Fig. 9C legend)
matic2023gpcrome,GPCRome prediction funnel,996 pairs → 975 (−21 topology) → 857 (−118 pDockQ < 0.23) → **825** (−32 ΔSASA < 1500 Å²),complexes,UCM binary interactions; filters calibrated on experimental set,"p.7–8, p.13"
matic2023gpcrome,Predicted complexes by family,"87 Gs, 265 Gq/11, 430 Gi/o, 43 G12/13",models,the 825 filtered set,p.13 (Fig. 9 caption)
matic2023gpcrome,GPCRs / Gα covered by predictions,164 GPCRs × 13 Gα (transducins excluded),proteins,UCM,p.13
matic2023gpcrome,Gs vs Gi/o enriched-contact count,P = 4.69E-14,Mann–Whitney,125 representative complexes,"p.2, Fig. 4B"
matic2023gpcrome,"RF (receptor-only) fingerprint enrichment, Gs vs Gi/o",P = 4.4E-1 (ns),Mann–Whitney,same,"p.2, Fig. 4C"
matic2023gpcrome,"GF (G-protein-only) fingerprint enrichment, Gs vs Gi/o",P = 4.4E-2,Mann–Whitney,same,"p.2, Fig. 4C"
matic2023gpcrome,"Contact-graph topology, Gs vs Gi/o",PERMANOVA P = 1E-06 (10⁶ permutations),Frobenius-norm distance on adjacency matrices,125 complexes,"p.2, p.14"
matic2023gpcrome,"Gα docking-mode RMSD, Gs vs Gi/o","P = 2.512E-14 (Wilcoxon, Bonferroni); PERMANOVA P = 1E-6",pairwise Cα RMSD (Å) after 7TM-core superposition,"n = 903 Gs pairs, n = 2628 Gi/o pairs","p.6, p.10 (Fig. 7B)"
matic2023gpcrome,"Same, class A only",P = 6.7E-1 (ns) by Wilcoxon; P-permanova = 1E-6,as above,class-A subset,p.6 (Supp. Fig. 6)
matic2023gpcrome,"Same, after Rosetta relax without nanobodies",P = 1.1E-36; class A only P = 6.5E-6,as above,relaxed structures,"p.7 (Supp. Figs. 7, 8)"
matic2023gpcrome,"Gα RMSF, Gs vs Gi/o","P = 1.18E-13 (Wilcoxon, Bonferroni)","Å, about group centroid (8E3X Gs, 8F7S Gi/o)",n = 125 experimental structures,"p.7, p.10, p.15"
matic2023gpcrome,"ΔG binding, experimental Gs vs Gi/o",P = 7.2E-6,Rosetta REU,"n = 43 Gs, n = 73 Gi/o relaxed complexes","p.8, p.11 (Fig. 8A)"
matic2023gpcrome,"ΔSASA, experimental Gs vs Gi/o",P = 1.4E-3,Å²,same,"p.8, Fig. 8B"
matic2023gpcrome,"ΔG binding, class A only, Gs vs Gi/o",P = 3.4E-6,REU,class-A subset,p.8 (Supp. Fig. 9)
matic2023gpcrome,"ΔG binding, Gs with class A vs class B1",P = 2.3E-3,REU,"n = 22 class A, n = 15 class B1","p.8, p.11 (Fig. 8C)"
matic2023gpcrome,"ΔG binding, **predicted** complexes, Gs vs Gi/o",text says P = 9.8E-4; Fig. 9 caption says 3.28e-11 — **the paper is internally inconsistent**,REU,825 AF models,p.8 vs p.13
matic2023gpcrome,"ΔG binding, predicted, other pairs",Gs vs Gq/11 P = 0.67; Gq/11 vs Gi/o P = 1.55e-15; Gi/o vs G12/13 P = 1; Gq/11 vs G12/13 P = 1.30e-5; Gs vs G12/13 P = 4.06e-6,"REU, Mann–Whitney with Bonferroni",825 AF models,p.13 (Fig. 9F caption)
matic2023gpcrome,"ΔSASA, predicted",Gs vs Gq/11 P = 1; Gq/11 vs Gi/o P = 7.34e-16; Gi/o vs G12/13 P = 1; Gs vs Gi/o P = 5.52e-8; Gq/11 vs G12/13 P = 3.45e-3; Gs vs G12/13 P = 8.06e-3,Å²,825 AF models,p.13 (Fig. 9G caption)
matic2023gpcrome,"ΔG binding, predicted, by receptor class","P = 5.8E-3 (class A most stable, class C least)",REU,825 AF models,"p.8, Fig. 9H"
matic2023gpcrome,**Experimental validation: designed CCKAR mutants tested**,**8**,mutations,"NanoBiT Gs and Gi1 dissociation assay, CCK-8 agonist","p.5, p.8"
matic2023gpcrome,**Mutants that shifted the Gs-vs-Gi balance**,"**3 of 8** — 2 Gs-over-Gi biased (V311^6.33^H, R376^8.49^V/L), 1 Gi-over-Gs biased (K308^6.30^R); ""the rest of the five had no effect on the Gs-vs-Gi balance""",mutations,"WT CCKAR, normalised Emax and ΔpEC50",p.5
matic2023gpcrome,Assay replication,"n = 5 independent experiments (n = 3 for WT 1:4; n = 4 for WT 1:2 in Gi1); two-way ANOVA with Šidák for expression, paired two-sided t-test for coupling",replicates,WT CCKAR run in parallel,p.8 (Fig. 5 caption)
matic2023gpcrome,Flow-cytometry signal window,"MFI ≈ 2000 (WT CCKAR) vs ≈ 20 (mock); ~20,000 cells per sample",arbitrary fluorescence units,mock transfection,p.15
matic2023gpcrome,Rosetta multistate design scale,"12 binding weights (1–12); top 20 redocked structures per weight, best by total score",designs,7EZK (Gs) / 7EZH (Gi/o) as positive/negative states,p.14
mattsson2026leakage,"Boltz-2 mean Pearson r, FEP+ 4 (90% seq-id split)",0.66,r,"experimental affinity, 4 targets; as reported by [15]","p4, Fig 3 p7"
mattsson2026leakage,"Boltz-2 mean Pearson r, OpenFE (90% seq-id split)",0.62,r,"experimental affinity, 39 targets; as reported by [15]","p4, Fig 3 p7"
mattsson2026leakage,"IsoDDE mean Pearson r, FEP+ 4",0.85,r,as reported by [16],"p4, Fig 3 p7"
mattsson2026leakage,"IsoDDE mean Pearson r, OpenFE",0.73,r,as reported by [16],"p4, Fig 3 p7"
mattsson2026leakage,"FEP+ (physics) mean Pearson r, FEP+ 4",0.78,r,quoted from [15]/[16],"p4, Fig 3 p7"
mattsson2026leakage,"FEP+ (physics) mean Pearson r, OpenFE",0.72,r,quoted from [15]/[16],"p4, Fig 3 p7"
mattsson2026leakage,"OpenFE (physics) mean Pearson r, FEP+ 4",0.66,r,Fig 3 bar label,Fig 3 p7
mattsson2026leakage,"OpenFE (physics) mean Pearson r, OpenFE",0.63,r,Fig 3 bar label,Fig 3 p7
mattsson2026leakage,"**Ligand-only ""FP + mol desc"" mean r, FEP+ 4** — *best ligand-only, BEFORE leakage control*",**0.66**,r,"same split, no protein structural information","p6, Fig 3 p7"
mattsson2026leakage,"Ligand-only Chemprop mean r, FEP+ 4",0.62,r,same split,Fig 3 p7
mattsson2026leakage,"Ligand-only ""mol desc only"" (12 RDKit descriptors) mean r, FEP+ 4",0.49,r,same split,"p6, Fig 3 p7"
mattsson2026leakage,"**Ligand-only Chemprop mean r, OpenFE** — *best ligand-only, BEFORE leakage control*",**0.36**,r,same split,"p6, Fig 3 p7"
mattsson2026leakage,"Ligand-only ""mol desc only"" mean r, OpenFE",0.29,r,same split,Fig 3 p7
mattsson2026leakage,"Ligand-only ""FP + mol desc"" mean r, OpenFE",0.27,r,same split,Fig 3 p7
mattsson2026leakage,"**Best ligand-only mean r, NTAB tier = 1.00 (exact train match)** — *AFTER leakage control, most leaky tier*",**0.61**,r,"NTAB, n_a = 111, n_m = 4396","p8, Fig 4 p8"
mattsson2026leakage,"Best ligand-only mean r, NTAB tier [0.70, 1.00)",≈ 0.30 *(read from rendered panel)*,r,"NTAB, n_a = 112, n_m = 2114",Fig 4 p8
mattsson2026leakage,"Best ligand-only mean r, NTAB tier [0.50, 0.70)",≈ 0.21 *(read from rendered panel)*,r,"NTAB, n_a = 340, n_m = 7383",Fig 4 p8
mattsson2026leakage,"Best ligand-only mean r, NTAB tier [0.35, 0.50)",≈ 0.18 *(read from rendered panel)*,r,"NTAB, n_a = 235, n_m = 6106",Fig 4 p8
mattsson2026leakage,"**Best ligand-only mean r, NTAB tier [0.00, 0.35)** — *AFTER leakage control, strictest tier*",**0.14**,r,"NTAB, n_a = 24, n_m = 1108","p1, p8, Fig 4 p8"
mattsson2026leakage,"Ligand-only Chemprop mean r, NTAB tier [0.00, 0.35)",≈ 0.08 *(read from rendered panel)*,r,"NTAB, n_a = 24",Fig 4 p8
mattsson2026leakage,"Best ligand-only mean r, temporal-split-only benchmark (no novelty tiers)",0.32,r,ChEMBL 36 date split alone,p9
mattsson2026leakage,"Expected ligand-only performance in ""true de novo situations""",< 0.20,r,authors' framing of the leakage-free regime,p6
mattsson2026leakage,"Ligand-only mean absolute error, NTAB tier [0.00, 0.35)",≈ 1.02–1.13 *(read from rendered panel)*,log10 units,"NTAB, three baselines",Fig 4 p8
mattsson2026leakage,"Ligand-only mean absolute error, NTAB tier = 1.00",≈ 0.65 (Chemprop/FP) to ≈ 0.92 (mol desc) *(read from rendered panel)*,log10 units,NTAB,Fig 4 p8
mattsson2026leakage,"Assay pairs, ≥ 2 assays with ≥ 10 compounds in common","59,552 pairs / 8,454 papers",count,ChEMBL 36 census,"Table 1, p4"
mattsson2026leakage,…of which sequence similarity < 0.9,"59,085 pairs / 8,218 papers (**99% of cases**)",count,ChEMBL 36 census,"Table 1, p4"
mattsson2026leakage,…of which R² ≥ 0.6,"**6,115 pairs / 2,689 papers**",count,ChEMBL 36 census,"p1, Table 1, p4"
mattsson2026leakage,Correlated assay pairs surviving a 0.5 sequence-similarity cutoff,"> 4,000",count,"Fig 5 sweep, cutoffs 0.1–0.9","p7, Fig 5 p8"
mattsson2026leakage,Lowest sequence-identity threshold at which leakage still persists,0.2,fraction identity,Fig 5 sweep / Table 2,"p1, Fig 5 p8"
mattsson2026leakage,Muscarinic pairwise correlations ≥ 0.77 (= R² ≥ 0.6),5 of 10 pairs,count,"Augelli-Szafran 1998 series, M1–M5","p3, Fig 1 p3"
mattsson2026leakage,Muscarinic M1 vs M3 Pearson r,0.90,r,same series,"p3, Fig 1 p3"
mattsson2026leakage,Muscarinic M1 vs M5 Pearson r,0.96,r,same series,"p3, Fig 1 p3"
mattsson2026leakage,Muscarinic inter-subtype overall sequence similarity,40–65,%,UniProt/ChEMBL sequences,p4
mattsson2026leakage,JNK1 (test) vs JNK2 (train) series Pearson r,0.95,r,"CHEMBL860181 vs CHEMBL860184, same 2006 paper","p4, Fig 2 p6"
mattsson2026leakage,JNK1/JNK2 sequence identity,81,%,MMseqs2 / sequence alignment,"p4, Fig 2 p6"
mattsson2026leakage,"TNKS2 (test) vs TNKS1 (train, CHEMBL4322251) Pearson r",0.98,r,"merck subset, coverage 19/27 ligands","p5, Fig 6 p10"
mattsson2026leakage,TNKS2/TNKS1 sequence identity,71.4,%,Fig 6 annotation,"p5, Fig 6 p10"
mattsson2026leakage,"BTK (test) vs LCK (train, CHEMBL3588238) Pearson r",0.94,r,"miscellaneous subset, coverage 6/6 ligands","p5, Fig 6 p10"
mattsson2026leakage,BTK/LCK sequence identity,22.5,%,Fig 6 annotation,"p5, Fig 6 p10"
mattsson2026leakage,"Ligand-only r under IsoDDE-style assay-average binning, ""high"" bin",0.40,r,reproduction of IsoDDE binning,"p9, Fig 8 p13"
mattsson2026leakage,"Ligand-only r under IsoDDE-style assay-average binning, ""medium"" bin",0.27,r,reproduction; strictest bin has only 5 assays,"p9, Fig 8 p13"
mattsson2026leakage,"Boltz-2 similarity-diagnostic reproduction, Tukey-HSD",fails to reject H0 (no difference between buckets),—,"chemprop ligand-only on OpenFE, 4 buckets, n_a 10–21","p11, Fig 7 p11"
mattsson2026leakage,"Fig 8 Tukey-HSD, [0.33, 0.66) vs [0.66, 1.00)",significant for all three models,—,NTAB assay-average binning,Fig 8 p13
mattsson2026leakage,pIC50 vs molecular weight Pearson r,0.19,r,across the NTAB dataset,p9
mattsson2026leakage,pIC50 vs CLogP Pearson r,0.082,r,across the NTAB dataset,p9
miglionico2026atlas,"Median DockQ, GPCR–Gα interface only",**0.73**,DockQ (0–1),"213 predicted complexes vs post-cutoff experimental structures (deposited after 30 Sep 2021, pair unseen before that date)",p4
miglionico2026atlas,Fraction at acceptable quality or better,**98.6% (210/213)**,% of complexes with DockQ > 0.23,same 213-pair post-cutoff set; threshold 0.23 imported from ref 30,p4
miglionico2026atlas,Same quantity as restated in the Discussion (**does not reconcile**),**98% of 219**,%,"""experimental structures solved after AF3 training""",p14
miglionico2026atlas,Post-cutoff structures screened before one-per-pair collapse,583,PDB structures,"deposited after 30 Sep 2021, pair had no earlier structure",p20
miglionico2026atlas,Structurally plausible predictions (G protein at the intracellular face),"**98.4% (5,032/5,109)**; 77 mis-docked extracellularly",% of predictions,"visual/topological call, no threshold stated",p4
miglionico2026atlas,Mis-docked pairs that are experimental non-couplers,12 of 13,count,GproteinDb coupling labels,p4
miglionico2026atlas,**Receptor counts — non-olfactory**,"393 modelled (× 13 Gα = 5,109 pairs); 213 in training; **180 newly predicted**; 248 class A with ≥1 predicted coupling vs 151 experimental",receptors,GtoPDB v2025.02 catalogue,"p4, p7, p8, p28"
miglionico2026atlas,**Receptor counts — olfactory**,"**408 modelled** (× 13 Gα = 5,304 pairs); **388 with ≥1 predicted positive coupling**; 1,573 positive OR couplings",receptors / couplings,UniProt + GPCRdb OR lists,"p10, p22, p28"
miglionico2026atlas,"Total predicted positive couplings, GPCRome-wide","2,927 (1,354 non-OR + 1,573 OR)",couplings,Precog3D at threshold 4,"Fig 1A, p28"
miglionico2026atlas,**Binder vs non-binder — AF3 interaction probability**,p = 5.6E-87; Spearman ρ = 0.551 (p = 1.3E-136); **ROC AUC = 0.771**,—,"1,714 GproteinDb pairs (870 positive / 844 negative)",p4
miglionico2026atlas,**Binder vs non-binder — ipTM**,Spearman ρ = 0.440 (p = 6.2E-82); **ROC AUC = 0.706**,—,"same 1,714 pairs",p4
miglionico2026atlas,"ipTM, class A only",Spearman ρ = 0.485 (p = 7.5E-85); **ROC AUC = 0.735** (bootstrap p < 0.001),—,class A subset,pp4–5
miglionico2026atlas,**Binder vs non-binder — Rosetta interface ΔG**,p = 2.2E-43; Spearman ρ = 0.334; **ROC AUC = 0.655**,REU,"same 1,714 pairs",p5
miglionico2026atlas,**Binder vs non-binder — pLDDT of Gα position H5.11**,Spearman ρ = 0.505 (p = 1.3E-111); **ROC AUC = 0.762**,pLDDT,"same 1,714 pairs",p5
miglionico2026atlas,Precog3D overall coupling prediction,**ROC AUC = 0.82**,—,"IUPHAR/GtoPDB test set, 316 couplings / 79 unseen receptors",p6
miglionico2026atlas,Precog3D leave-one-GPCR-out median accuracy,Class A 0.82; B2 0.83; C 0.86; B1 0.64,accuracy,"held-out receptor, per class",p6
miglionico2026atlas,Post-cutoff structural pairs predicted as positive couplers,"**82/97 (85%)** — at a threshold of >1, not the pipeline's 4",%,97 interactions with structures solved after AF3 training,p8
miglionico2026atlas,Training-side comparison for the same discrepancy,13 of 117 training pairs with a new structure are annotated negative,count,GproteinDb labels,p9
miglionico2026atlas,QRFPR predicted vs TGFα-shedding,"Pearson r = 0.66, P = 0.026",—,"11 Gαq chimeras, 3 independent experiments",p9
miglionico2026atlas,Orphan GPCR predicted vs luciferase reporter,"**Pearson r = 0.78, P = 1.2E-8**",—,"CRE / NFAT / SRF-RE / CRE+GsGo reporters, N = 6–8","p9, Fig 4F"
miglionico2026atlas,Predicted coupling vs TGFα-shedding dataset (independent validation set),"Spearman ρ = 0.514, p = 1.9E-48",—,TGFα data largely absent from GproteinDb,p15
miglionico2026atlas,Predicted couplings supported by matching GO term with no binding evidence,298 interactions,count,Gene Ontology signalling-pathway terms,p8
miglionico2026atlas,"Receptors predicted to couple to no G protein (""atypical"")","87 receptors, 14 families, 3 classes",count,Precog3D at threshold 4,p9
miglionico2026atlas,OR vs class A Gs complex stability (Rosetta ΔG),P = 7.5E-13 (ORs less stable),REU,"Mann–Whitney, two-sided, Bonferroni-corrected","p11, Fig 5F"
miglionico2026atlas,OR vs class A secondary-structure lengths,TM5 P = 1.5E-56; TM6 P = 4.3E-90; TM7 P = 5.1E-5; TM4 P = 2.0E-94; H8 P = 6.4E-34,residues,"Mann–Whitney, two-sided, Bonferroni-corrected","p11, Fig 5E"
miglionico2026atlas,Coupling-profile vs phylogenetic-distance correlation,structural tree with ORs ρ = 0.49; non-OR only ρ = 0.1; sequence-based ρ = 0.22,Pearson,796-receptor trees,p11
miglionico2026atlas,Co-expressed pairs also predicted/known to couple,Class A 192/233 (82%); class B1 88%; ORs 27/28 (96%),%,GTEx healthy tissue co-expression networks,p12
miglionico2026atlas,"Coupling repertoire, healthy vs cancer","P = 7.6E-20; 201/284 (70%) receptors reduced in cancer, 15 (5%) increased",—,"GTEx vs TCGA, 16,593 samples (9,181 tumour / 7,412 normal)","p13, p26"
migliorini2026pairsae,"Concepts with complex-level F1 ≥ 0.50, PairSAE-R3-L32",53.2,% of test concepts,"UniProt/PLINDER/PLIP annotations, 5,120-complex test set",p4 (Table 1)
migliorini2026pairsae,"Concepts with complex-level F1 ≥ 0.50, PairSAE-R3-L64",49.6,% of test concepts,same,p4 (Table 1)
migliorini2026pairsae,"Concepts with complex-level F1 ≥ 0.50, ESM2-650M",19.7,% of test concepts,same,p4 (Table 1)
migliorini2026pairsae,"Concepts with token-level F1 ≥ 0.50, PairSAE-R3-L32",29.1,% of test concepts,same,p4 (Table 1)
migliorini2026pairsae,"Concepts with token-level F1 ≥ 0.50, PairSAE-R3-L64",24.0,% of test concepts,same,p4 (Table 1)
migliorini2026pairsae,"Concepts with token-level F1 ≥ 0.50, ESM2-650M",0.8,% of test concepts,same (floored — see `metric_saturation`),p4 (Table 1)
migliorini2026pairsae,Implied denominator for Table 1,"1,053",concepts,"derived: Fig 2 bar counts ÷ Table 1 percentages reconcile exactly at 1,053 (complex L32 561/1053 = 53.2%; token L32 307/1053 = 29.2%; complex L64 521/1053 = 49.5%; token L64 252/1053 = 23.9%; complex ESM2 207/1053 = 19.7%; token ESM2 8/1053 = 0.8%). **Fig 2's own parenthesised category counts sum to 1,253**",p4 (Table 1 + Fig 2); see `unresolved`
migliorini2026pairsae,"Feature 889 (R3-L33), transmembrane proteins",token F1 0.58; complex F1 0.65,F1,"UniProt transmembrane annotation, PDB 1NEK",p2 (Fig 1)
migliorini2026pairsae,"Feature 55 (R3-L33), disulfide bonds",token F1 0.79; complex F1 0.81,F1,"UniProt disulfide annotation, PDB 4K1I",p2 (Fig 1)
migliorini2026pairsae,"Feature 885 (R3-L64), protease active sites",token F1 0.93; complex F1 0.93,F1,"UniProt active-site annotation, PDB 1HPS",p2 (Fig 1)
migliorini2026pairsae,"LASSO test R², R3-L64",0.528,R²,Boltz-2 predicted affinity (nAV) on PoseBusters,"p5, p10 (Table B.2)"
migliorini2026pairsae,"LASSO test R², R3-L33",0.367,R²,same,p10 (Table B.2)
migliorini2026pairsae,"LASSO train R², R3-L64 / R3-L33",0.816 / 0.770,R²,"Boltz-2 nAV, 980 PLINDER complexes",p10 (Table B.2)
migliorini2026pairsae,"LASSO test MAE, R3-L64 / R3-L33",0.607 / 0.713,nAV units,Boltz-2 nAV on PoseBusters,p10 (Table B.2)
migliorini2026pairsae,"LASSO train MAE, R3-L64 / R3-L33",0.275 / 0.302,nAV units,"Boltz-2 nAV, train",p10 (Table B.2)
migliorini2026pairsae,"LASSO train RMSE, R3-L64 / R3-L33",0.131 / 0.164,nAV units,"Boltz-2 nAV, train",p10 (Table B.2)
migliorini2026pairsae,"Spearman ρ train, R3-L64 / R3-L33",0.913 / 0.893,ρ,"Boltz-2 nAV ranking, train",p10 (Table B.2)
migliorini2026pairsae,"Spearman ρ test, R3-L64 / R3-L33",0.805 / 0.706,ρ,"Boltz-2 nAV ranking, PoseBusters",p10 (Table B.2)
migliorini2026pairsae,"Nonzero LASSO coefficients at CV λ, R3-L64 / R3-L33",291 / 237,"features (of 16,384)",sparsity of the affinity explanation,"p5, p10 (Table B.2)"
migliorini2026pairsae,"CV-selected λ, R3-L64 / R3-L33",0.009 / 0.006,LASSO λ,cross-validation on the 980-complex train set,p10 (Table B.2)
migliorini2026pairsae,"Feature 2299 (R3-L64) affinity group difference, **test (PoseBusters)**","Welch t = 11.23, p = 2.17e-19, Δμ = 1.44, 95% CI [1.19, 1.70]; off n = 47, on n = 252",nAV,complexes where the feature activates vs not,p5 (Fig 3 centre)
migliorini2026pairsae,"Feature 2299 (R3-L64) affinity group difference, **train**","Welch t = 13.32, p = 3.71e-34, Δμ = 0.715, 95% CI [0.610, 0.821]; off n = 220, on n = 760",nAV,same,p12 (Fig C.9 left)
migliorini2026pairsae,"Feature 3888 (R3-L33) affinity group difference, **train**","Welch t = −15.27, p = 7.51e-47, Δμ = −0.75, 95% CI [−0.846, −0.654]; off n = 405, on n = 575",nAV,same (opposite sign),p12 (Fig C.9 right)
migliorini2026pairsae,"Feature 3888 (R3-L33) affinity group difference, **test (PoseBusters)**","Welch t = −7.83, p = 8.70e-14, Δμ = −1.01, 95% CI [−1.26, −0.753]; off n = 162, on n = 137",nAV,same,p12 (Fig C.9 bottom)
migliorini2026pairsae,"PLIP concept category recovery, all three methods, both recall levels",0 of 15,concepts with F1 ≥ 0.5,PLIP interaction fingerprints,p4 (Fig 2) — never discussed in text
migliorini2026pairsae,Dictionary size / expansion factor,"16,384 / 32×",features / ratio,SAE architecture (input dim 512),p9 (§B.1)
migliorini2026pairsae,SVD truncation rank r,64 (per mode; 128-dim `m_i`),singular vectors,pair-tensor compression,p9 (§B.1)
migliorini2026pairsae,Boltz-2 representation dims,"`ns` = 384 (sequence), `nz` = 128 (pair)",dimensions,Boltz-2 standard implementation,p9 (§B.1)
migliorini2026pairsae,Training budget,"250,000 steps × 2,048 tokens/minibatch; Adam, lr 2e-4",steps / tokens,SAE optimisation,p9 (§B.1)
migliorini2026pairsae,**Structural accuracy (RMSD / TM / lDDT / DockQ / PoseBusters validity)**,**NOT REPORTED — none exists anywhere in the paper**,—,—,—
migliorini2026pairsae,"**SAE reconstruction quality (sequence or pair error, explained variance, L0, dead features)**",**NOT REPORTED**,—,—,—
migliorini2026pairsae,**Experimental binding affinity**,"**NOT REPORTED — the regression target is Boltz-2's *predicted* affinity, not measured affinity**",—,—,p9 (§B.3)
mitjavila2026afsample2t,"Binding-site accuracy AUC, default AF2",0.54 (text) / **0.55** (Fig 2A legend),"AUC of fraction-captured vs RMSD-threshold curve, 1–2 Å",61 deposited structures of 10 GPCRs,p.3 (text); p.3 Fig 2A legend
mitjavila2026afsample2t,"Binding-site accuracy AUC, 0% masking + dropout",0.57,AUC,same,p.3
mitjavila2026afsample2t,"Binding-site accuracy AUC, 10% masking",0.61,AUC,same,p.3
mitjavila2026afsample2t,"Binding-site accuracy AUC, 20% masking",0.61,AUC,same,p.3
mitjavila2026afsample2t,"Binding-site accuracy AUC, 30% masking",0.59,AUC,same,p.3
mitjavila2026afsample2t,"Binding-site accuracy AUC, 50% masking",0.43,AUC,same,p.3
mitjavila2026afsample2t,"Binding-site accuracy AUC, **AFsample2 (15% global masking)**",**0.38** — lowest of all arms,AUC,same,pp.3–4
mitjavila2026afsample2t,"Binding-site accuracy AUC, **AFsample2T ensemble (0–30%)**",**0.63** — best of all arms,AUC,same,p.4
mitjavila2026afsample2t,"Captured binding sites at RMSD ≤ 1.5 Å, AF2",60.7,% of 61 experimental binding sites,same,p.4; Table 2 p.7
mitjavila2026afsample2t,"Captured binding sites at RMSD ≤ 1.5 Å, AFsample2T",73.8,%,same,p.4; Table 2 p.7
mitjavila2026afsample2t,Improvement in binding-site sampling at 1.5 Å,22,% over AF2,same,p.6
mitjavila2026afsample2t,Median pLDDT by masking level (10 / 20 / 30 / 50%),87.1 / 83.9 / 77.1 / 70.6,pLDDT,all generated models,p.4
mitjavila2026afsample2t,"Median pLDDT, AF2 vs AFsample2T",91.1 vs 84.4,pLDDT,all generated models,p.4; Table 2 p.7
mitjavila2026afsample2t,"Median PAE, AF2 vs AFsample2T",2.4 vs 3.3,Å (PAE),all generated models,Table 2 p.7
mitjavila2026afsample2t,Median binding-site **side-chain RMSF**,AF2 0.15 / AFsample2T 0.45 / experimental 0.58,Å,"119 experimental structures, 10 GPCRs",p.4; Table 2 p.7
mitjavila2026afsample2t,Median binding-site **backbone RMSF**,AF2 0.10 / AFsample2T 0.28 / experimental 0.30,Å,same,p.4; Table 2 p.7
mitjavila2026afsample2t,"Per-residue binding-site RMSF correlation, AFsample2T vs experimental","r = 0.20–0.40 (all 10 GPCRs); r = 0.41–0.86 (D1 and TAAR1, the best-sampled)",Pearson r,experimental structures per receptor,"p.4 (Figs S4, S5 — **not held**)"
mitjavila2026afsample2t,Mean binding-site volume,AF2 209 / AFsample2T 218 / experimental 256,Å³,"SiteMap, 10 receptors",pp.4–5; Table 2 p.7
mitjavila2026afsample2t,Mean **top 1%** binding-site volume,AF2 272 / AFsample2T 389,Å³,"SiteMap, 10 receptors",p.5; Table 2 p.7
mitjavila2026afsample2t,Receptors where AFsample2T volume > AF2 volume,8 of 10,count,10 receptors,p.5
mitjavila2026afsample2t,"**aLogAUC, median arm** (random model/structure selection)",AF2 4.4 / AFsample2T 4.2 / **experimental 11.2**,aLogAUC,"ChEMBL actives vs ZINC20 property-matched decoys, 10 GPCRs",p.6
mitjavila2026afsample2t,"**EF1%, median arm**",AF2 1.6 / AFsample2T 1.6 / **experimental 4.1**,fold enrichment at 1%,same,p.6
mitjavila2026afsample2t,"**aLogAUC, top-1% / max arm** (ligand-guided selection)",AF2 10.8 / **AFsample2T 12.9** / experimental max 19.6,aLogAUC,same,p.6; Table 2 p.7; Fig 5A p.5
mitjavila2026afsample2t,"**EF1%, top-1% / max arm**",AF2 7.5 / **AFsample2T 9.6** / experimental max 11.3,fold enrichment at 1%,same,p.6; Table 2 p.7; Fig 5B p.5
mitjavila2026afsample2t,"Table 1 mean row, aLogAUC (min–max, median in parentheses)",AF2 10.2–12.8 (10.9) / AFsample2T 12.1–15.6 (12.9) / experimental 4.0–19.6 (11.2),aLogAUC,"10 GPCRs; model rows are the top-1% models, experimental row is all structures","Table 1, p.6"
mitjavila2026afsample2t,"Per-receptor best case, **TAAR1**",AFsample2T 32.0 vs best experimental 27.8,aLogAUC,TAAR1 actives/decoys,p.6; Table 1 p.6
mitjavila2026afsample2t,"Per-receptor best case, **μ-opioid**",AFsample2T 16.2 vs best experimental 15.2,aLogAUC,μ-opioid actives/decoys,p.6; Table 1 p.6
mitjavila2026afsample2t,Receptors where AFsample2T median enrichment beat AF2,"7 of 10 (5-HT1A, D1, D2, H1, M4, MT1, TAAR1)",count,Table 1,p.6
mitjavila2026afsample2t,Experimental structures with **negative** aLogAUC (worse than random),"H1 −0.6, M4 −2.5, MT1 −1.0 (minimum values)",aLogAUC,Table 1,p.6
mitjavila2026afsample2t,Masking-level composition of the top-1% enriching AFsample2T models,"0%: 16, 10%: 14, 20%: 26, 30%: 44",% of top-1% models,Fig 5C,p.5
mitjavila2026afsample2t,Ensemble size needed for near-maximal enrichment,100–250,models per receptor,"vs 1,000-model result (Tables S6, S7 — **not held**)",p.5
mitjavila2026afsample2t,Docking scale,>240 trillion,receptor−ligand complexes predicted and scored,total across all structures and libraries,p.5
mitjavila2026afsample2t,Actives per receptor,52–202,compounds,"ChEMBL v33, pKi/pKd/pIC50/pEC50 ≥ 6.0, clustered at 0.5 Tanimoto",p.5; p.8
mitjavila2026afsample2t,Decoys per receptor,"2,580–10,375",compounds,ZINC20 property-matched,p.5; p.8
nittinger2025cofolding,Benchmark size,"17 proteins, 40 ligands (20 orthosteric, 20 allosteric)",count,—,p1
nittinger2025cofolding,Backbones compared,"3 (NeuralPLexer, RFAA, Boltz-1/1x)",count,—,p1
nittinger2025cofolding,PDB scale cited for context,"~230,000 structures, ~100,000 unique",count,—,p1
obendorf2026statespecific,"Ligand RMSD, LRRK2–RN277, successful predictions","""general below 0.8""",Å,"PDB 9DMI reference, post-alignment",5
obendorf2026statespecific,"Ligand RMSD, lowest for LRRK2–RN277 (Chai-1, no-msa + custom templates)",0.42,Å,PDB 9DMI,5
obendorf2026statespecific,"Ligand RMSD, ALK2–RK783, successful predictions","""below 0.8""",Å,PDB 9L04,7
obendorf2026statespecific,"Ligand RMSD, lowest for ALK2–RK783 (AF3, biased MSAs)",0.57,Å,PDB 9L04,7
obendorf2026statespecific,"Ligand RMSD, ALK2–ATP, range across successful predictions",0.58–1.40,Å,PDB 6UNQ (AMPPNP),7
obendorf2026statespecific,"Ligand RMSD, lowest for ALK2–ATP (Boltz-2, standard MSA, no templates)",0.58,Å,PDB 6UNQ,7
obendorf2026statespecific,"Protein backbone RMSD, ALK2–ATP successful predictions","""below 0.5""",Å,PDB 6UNQ,7
obendorf2026statespecific,"Protein backbone RMSD, PI3Kα–Zovegalisib","""generally below 1.5""",Å,PDB 8TSD,8
obendorf2026statespecific,"Protein backbone RMSD, AF3 and RF3 with no MSA and no templates",""">17""",Å,respective references,12
obendorf2026statespecific,"Pearson r, mean protein pLDDT vs ligand RMSD",+0.04 (n.s.),correlation,"all evaluated predictions, AF3/Boltz-2/Chai-1 (RF3 excluded)","15, 14"
obendorf2026statespecific,"Pearson r, mean ligand pLDDT vs ligand RMSD",−0.46,correlation,all evaluated predictions (RF3 excluded),"15, 14"
obendorf2026statespecific,Systems where biased AF3 input gave the closest-to-groundtruth model,4 of 7,count,ground-truth PDB structures,15
obendorf2026statespecific,Systems where cofolding recovered the allosteric pocket,0 of all models and settings,count,PDB 8TSD,8
obendorf2026statespecific,Ranking of backbones by reliability,AF3 > Boltz-2 > RF3 > Chai-1,"ordinal, qualitative",ground-truth PDB structures,15–16
obendorf2026statespecific,Boltz-2 best-model / worst-model counts,"2 best, 2 worst",count of systems,ground-truth PDB structures,15
paajanen2026activation,**Active/inactive threshold on G_CA**,**−1.72 ± 0.44** (95% CI),"G_CA index units (unlabelled; effectively Å, never stated)","1-D GMM decision boundary on PC1, bootstrapped over 10,000 resampled datasets","p.4 (value), p.11 (value + CI + method)"
paajanen2026activation,"Two-sample Kolmogorov–Smirnov test, antagonist-bound vs. inverse-agonist-bound (neither G-protein-bound)",**p = 0.018**,p-value,scipy `stats.ks_2samp`,"p.5 (result), p.10 (method)"
paajanen2026activation,Structures collected for model building,**1010**,PDB structures,all class A GPCRs in GPCRdb with a downloadable RCSB file,"p.8, p.10"
paajanen2026activation,Structures in the final analysis (train + held-out),**1351** (1006 train / 345 held-out),PDB structures,Supp. Tables 1–3 column sums,p.22
paajanen2026activation,New structures discarded for a missing residue,**8**,structures,the fixed generic-number selection list,p.10
paajanen2026activation,PCA variance carried per component beyond the fifth,**< 5 %**,fraction of total variance,scikit-learn PCA on 1010 structures,"pp.9–10, p.18 (Supp. Fig. 3)"
paajanen2026activation,Structures flagged as annotation/index disagreements,"**7** (8HIX, 8HJ0, 8HJ1, 8HJ2, 8HMP, 7XBW, 7XBX)",structures,"GPCRdb ""active"" label vs. G_CA inactive region",p.6
paajanen2026activation,"Fig. 2a series n, no G protein","agonist **198**, antagonist **248**, apo/none **28**, inverse agonist **60**, partial agonist **15** (panel total 549)",structures,GPCRdb ligand annotation,p.4 (figure legend)
paajanen2026activation,"Fig. 2b series n, with G protein","agonist **711**, apo/none **52** (panel total 763)",structures,GPCRdb ligand + G protein annotation,p.4 (figure legend)
paajanen2026activation,Supp. Fig. 5 held-out series n,"no G protein: agonist **45**, antagonist **21**, inverse agonist **13**; with G protein: agonist **236**, none **18** (333 of 345 shown)",structures,frozen model applied to post-training structures,p.20 (figure legend)
paajanen2026activation,Structures by bound Gα,"none **572**, G(i) **353**, G(s) **231**, G(q) **118**, G(o) **46**, G(t) **17**, G-13 **7**, G-11 **3**, G(z) **1**, G(olf) **1**, G **2**",structures,"GPCRdb annotation, train/test split tabulated",p.22 (Supp. Table 3)
paajanen2026activation,Structures by receptor subfamily,"peptide **356**, aminergic **390**, lipid **157**, nucleotide **100**, orphan **109**, sensory **77**, protein **82**, alicarboxylic acid **47**, melatonin **13**, other **10**, steroid **10**",structures,GPCRdb classification,p.22 (Supp. Table 1)
paajanen2026activation,Structures by species,"human **1165**, bovine **63**, mouse **38**, rat **30**, HCMV AD169 **31**, wild turkey **7**, Japanese flying squid **5**, dog **3**, *H. adansoni* **4**, strain GD1 **1**, HHV-8 **2**, guinea pig **1**, zebrafish **1**",structures,GPCRdb annotation,p.22 (Supp. Table 2)
paajanen2026activation,Bootstrap resamples for the threshold CI,"**10,000**",resampled datasets,GMM refit per resample,pp.10–11
paajanen2026activation,Sequence-alignment parameters,"match **+2**, mismatch **−1**, internal gap open **−10**, all other options **−1**; minimum contiguous segment **10** residues; gaps **< 10** ignored; segments scoring **< half the sequence length** discarded",scores / residues,"Biopython `PairwiseAligner`, structure sequence vs. UniProt sequence",p.9
paajanen2026activation,KDE bandwidth adjustment,`bw_adjust = 0.5`,dimensionless,"seaborn `kdeplot`, Fig. 2",p.10
paajanen2026activation,"**Classifier / clustering performance (accuracy, precision, recall, AUC, agreement rate with GPCRdb labels, held-out agreement)**","**NOT REPORTED — none of these appears anywhere in the paper, for the training set or for the 345 held-out structures**",—,—,—
paajanen2026activation,**Per-class breakdown of index-vs-annotation agreement**,"**NOT REPORTED.** The only per-class breakdown given is the n per ligand class (rows above); the agreement or disagreement rate per class is never tabulated. Only the seven disagreements are named, with no denominator",—,—,p.6
paajanen2026activation,"Cited comparators, not measured here: A100 index","""trained on simulation data and validated on 268 experimental structures from the PDB""; a linear combination of **five** inter-helix distances",structures / distances,"Ibrahim et al. 2019, cited",p.3
paajanen2026activation,"Cited comparators, not measured here: prior PCA analysis",PCA on **160** class A GPCR structures,structures,"Wingert et al. 2022, cited",p.6
paajanen2026activation,"Background figure, not measured here",**30–40 %** of marketed drugs target GPCRs,% of drugs,"Majumdar et al. 2024, cited",p.1
pandyszekeres2024gproteindb,AF2M complex models released (Gα–GPCR interactome),"5,595",models,"of 6,800 theoretical (16 Gα × 425 GPCR)","p.5, p.8"
pandyszekeres2024gproteindb,Interactome coverage,82,%,"6,800 theoretical complexes",p.5
pandyszekeres2024gproteindb,Complexes still failing the quality filters,"1,205",complexes,"6,800 − 5,595, arithmetic from p.8","p.5, p.8"
pandyszekeres2024gproteindb,Heterotrimeric primary-transducer models,"1,121 (Results) / 1,124 (Methods)",models,— **inconsistent between sections**,p.4 / p.3
pandyszekeres2024gproteindb,Previous release's homology models,"3,081",MODELLER models,prior GproteinDb (ref. 11),p.8
pandyszekeres2024gproteindb,pTM acceptance threshold,≥0.5,"dimensionless, 0–1",AlphaFold2 self-estimate,p.3
pandyszekeres2024gproteindb,ipTM acceptance threshold,≥0.2,"dimensionless, 0–1",AlphaFold2 self-estimate,p.3
pandyszekeres2024gproteindb,PAE mean acceptance threshold,≤26,Å (scale range 0–31.75),"AlphaFold2 self-estimate, Gα-vs-GPCR block only",p.3
pandyszekeres2024gproteindb,AF2M template date cutoff,1 January 2023,date,template availability,p.3
pandyszekeres2024gproteindb,Class A ICL3 truncation length,14,residues retained,input construct,p.3
pandyszekeres2024gproteindb,GPCR C-terminus swap-in truncation,10,residues,refined-structure construction,p.3
pandyszekeres2024gproteindb,Class B2 receptors truncated after GPS site,18,receptors,class B2 set,p.3
pandyszekeres2024gproteindb,Class B2 receptors with N-terminal truncation (no GPS),14,receptors,class B2 set,p.3
pandyszekeres2024gproteindb,G protein structures curated,690,PDB entries,RCSB/PDBe,p.4
pandyszekeres2024gproteindb,GPCR–G protein complex structures curated,544,PDB entries,of the 690,p.4
pandyszekeres2024gproteindb,Complexes analysable in the interface tool,"527 → >6,000",complexes,before vs after this release,p.6
pandyszekeres2024gproteindb,Experimental complexes with resolution worse than 3.0 Å,330 of 527 (63%),structures,the 527-structure interface set,p.6
pandyszekeres2024gproteindb,"Interface interactions, one complex, three sources",14 / 20 / 26,residue–residue interactions,PDB 5UZ7 unrefined / GproteinDb refined / AFM_CALCR_Gs model,p.6 (Fig. 3D)
pandyszekeres2024gproteindb,Gq coupling agreement after the ≥7.0 filter,"94 (couplings), 82 (non-couplings)",%,"Inoue TGFα vs GEMTA + FreeGβγ-Nluc, 50 shared GPCRs — **threshold fitted for this agreement, see route 4b**","p.6, p.7 (Fig. 4A)"
pandyszekeres2024gproteindb,All-pairs Gq three-dataset core agreement,43 of 50 (86%),GPCRs,Fig. 4A centre Venn,p.7
pandyszekeres2024gproteindb,"Same primary transducer, constitutive vs agonist-induced",17 of 18 (94%),GPCRs,Lambert RGB-GDP,"p.8, p.7 (Fig. 4B)"
pandyszekeres2024gproteindb,GPCRs with constitutive coupling in the RGB-GDP set,"18 of 27 (67%) with, 9 (33%) without",GPCRs,Fig. 4B left,p.7
pandyszekeres2024gproteindb,"Primary G protein **family** agreement, 3 datasets",54 of 79 (68%),"GPCR–transducer-family pairs, 66 shared GPCRs",GtoPdb + GEMTA + FreeGβγ-Nluc,"p.8, p.7 (Fig. 4C)"
pandyszekeres2024gproteindb,Pairwise family agreement,"85 (GtoPdb vs GEMTA), 77 and 71 (each vs FreeGβγ-Nluc)",%,same three datasets,p.8
pandyszekeres2024gproteindb,Primary G protein **subtype** agreement,24 of 108 (22%); 42 (39%) unique to each,GPCRs,GEMTA vs FreeGβγ-Nluc,"p.8, p.7 (Fig. 4C right)"
pandyszekeres2024gproteindb,Couplings absent only from GtoPdb,"26 (Gi/o), 42 (Gq/11), 39 (G12/13)",% of family couplings,GtoPdb vs the two other datasets,p.8
pandyszekeres2024gproteindb,G12/13 couplings unique to Bouvier GEMTA,54,%,Fig. 4D G12/13 panel,p.8
pandyszekeres2024gproteindb,Per-family three-dataset core agreement,"23 (64%) Gs, 38 (59%) Gi/o, 27 (46%) Gq/11, 0 (0%) G12/13",receptors (%),"Fig. 4D, 66 shared GPCRs",p.7
pandyszekeres2024gproteindb,Inoue TGFα coupling cutoff,log(Emax/EC50) ≥ 7.0,log units,fitted to maximise cross-dataset agreement,"p.2, p.6"
pandyszekeres2024gproteindb,Lambert RGB-GDP cutoff,0.009,"dataset units, at 1% FDR",outlier identification,p.2
pandyszekeres2024gproteindb,Human G proteins / GPCRs in scope,16 Gα / 425 GPCRs (of ~800 receptors),proteins,GPCRdb,"p.1, p.5"
parikh2026allosteric,"Mean ligand pose RMSD, orthosteric, AF3 / Protenix / Chai-1",2.3–2.8,Å,"Experimental reference, best-of-25 by RMSD, pooled over 2,275 complexes",p9
parikh2026allosteric,"Mean ligand pose RMSD, orthosteric, Boltz-2 / DynamicBind",3.8–4.1,Å,same,p9
parikh2026allosteric,"Mean ligand pose RMSD, orthosteric, all five models (range)",2.3–4.1,Å,same,p10 (Fig 2 caption)
parikh2026allosteric,"**Mean ligand pose RMSD, allosteric, all five models (range)**",**5.2–6.8**,Å,"Experimental reference, best-of-25 by RMSD, pooled over 1,966 complexes","p10 (Fig 2 caption), p11"
parikh2026allosteric,**Headline pose gap (orthosteric → allosteric)**,"**2.3–4.1 → 5.2–6.8 (≈ 2× ; ""effectively doubling the orthosteric error range"")**",Å,"the two strata, same protocol",p11
parikh2026allosteric,"Largest absolute pose degradation (AF3, Protenix)",≈ +4.1,Å,"ortho vs allo, same model",p13
parikh2026allosteric,"Mean ligand pose RMSD, allosteric, DynamicBind",≈ 4.5,Å,same — **contradicts the 5.2–6.8 all-model range on p10/p11**,p13
parikh2026allosteric,"Mean pocket RMSD, orthosteric, all five (range)",1.4–3.0,Å,"Backbone RMSD over residues within 8 Å of the reference ligand, after TM-align",p11 (Fig 2 caption)
parikh2026allosteric,"Mean pocket RMSD, orthosteric, DynamicBind (best)",≈ 1.0,Å,same — **below the 1.4–3.0 range quoted in the same figure's caption; Fig 2B reads ≈ 0.6**,"p9, p12"
parikh2026allosteric,"Mean pocket RMSD, orthosteric, AF3 and Protenix",< 2.0,Å,same,p9
parikh2026allosteric,"**Mean pocket RMSD, allosteric, all five (range)**",**3.5–6.3**,Å,same,p11
parikh2026allosteric,"Pocket RMSD, Protenix, ortho → allo (worst degradation)",1.5 → 6.2,Å,"same model, two strata",p12
parikh2026allosteric,"Pocket RMSD, DynamicBind, ortho → allo (best localiser)",1.0 → 3.8,Å,"same model, two strata",p12
parikh2026allosteric,"QS-score, orthosteric, all five","> 0.90 (AF3, Protenix ≈ 0.95)","dimensionless, 0–1",Fraction of native ligand–protein contacts (4.5 Å) recovered,"p9, p11, p17"
parikh2026allosteric,"QS-score, allosteric, all five",0.70–0.85,dimensionless,same,"p11, p17, p30"
parikh2026allosteric,"**Success rate at 2.0 Å pose RMSD, orthosteric**","**> 80 % (AF3 and Protenix); ""above 80%""**",% of complexes,binary predicate vs experimental reference,"p9, p30"
parikh2026allosteric,"**Success rate at 2.0 Å pose RMSD, allosteric**","**25–35 % (""below 35%"")**",% of complexes,same,"p12, p19, p30"
parikh2026allosteric,**Headline success-rate gap**,**>80 % → 25–35 %**,percentage points,"the two strata, same protocol","p19, p30"
parikh2026allosteric,"Fraction of orthosteric predictions in 0–2 Å bin, all models",> 70 %,% of predictions,binned pose RMSD histogram,"p9, p11"
parikh2026allosteric,Fraction of AF3 orthosteric complexes below 2.0 Å,72 %,% of complexes,"same — **a third value for the same quantity; cf. "">80%"" on p9 and Fig 2D, which reads ≈ 0.45 at a 2 Å threshold**",p18
parikh2026allosteric,Allosteric pose RMSD distribution mass,dominant mass in 5–20 Å bins; tails > 20 Å,Å,binned histograms Fig 2E–I,p11
parikh2026allosteric,AF3 / Protenix orthosteric pose RMSD median and IQR,"median ≈ 2.5, IQR < 1.5",Å,Fig 3 distributions,p15
parikh2026allosteric,AF3 / Protenix allosteric pose RMSD spread and median,span ≈ 2–20; median > 6,Å,"Fig 3 distributions — **Fig 3A/3C swarms top out near 6.5 Å and 16 Å respectively, not 20 Å**",p16
parikh2026allosteric,Allosteric pocket RMSD medians / tails,medians ≈ 3.5–5.0; tails > 8,Å,Fig 3F–J,p16
parikh2026allosteric,"Conformational frustration, orthosteric binding site, apo",28 % highly / 41 % neutral / 31 % minimal,% of binding-site residues,"1,000-decoy ensemble, Z-thresholds 0.78 / −1.0",p23
parikh2026allosteric,"Conformational frustration, orthosteric binding site, holo",64 % minimal / 8 % highly / 28 % neutral,% of binding-site residues,same,"p22, p23"
parikh2026allosteric,"Conformational frustration, orthosteric global fold, apo (highly)",≈ 12 %,% of all residues,same,p23
parikh2026allosteric,"Conformational frustration, allosteric binding site","neutral 71 % apo / 68 % holo; minimal 21 % apo / 24 % holo; highly ""rare""",% of binding-site residues,same,"p22, p24, p31"
parikh2026allosteric,"Mutational frustration, orthosteric binding site, holo",79 % minimal,% of binding-site residues,"1,000 computational mutations, same Z-thresholds","p22, p24, p31"
parikh2026allosteric,"Mutational frustration, allosteric binding site",58 % neutral; 34 % minimal,% of binding-site residues,same,"p22, p25, p31"
parikh2026allosteric,"Global fold frustration, both strata, both states","minimal 45–55 % (core), highly 15–20 % (loops/interfaces), neutral 30–40 % (surface)",% of all residues,same; invariant apo vs holo and ortho vs allo,p22–23
parikh2026allosteric,Spatial extent of the orthosteric minimal-frustration shell,8–12,Å beyond the pocket,"read off surface renders; **no contiguity metric, no panel**",p25
parikh2026allosteric,Statistical tests,"paired two-tailed t-test, p < 0.05, Benjamini–Hochberg FDR; Mann–Whitney U with Cliff's delta; Spearman",—,declared in Methods,p37
parikh2026allosteric,"**Reported p-values, effect sizes, confidence intervals or error bars**",**NONE ANYWHERE IN THE PAPER**,—,—,—
parikh2026allosteric,"Dataset sizes, orthosteric","412 (MDT) + 1,863 (PLOC) = 2,275 complexes; 2,325 pockets; 1,647 unique ligands; 76 Pfam families; resolution ≤ 3.0 Å",complexes,—,"p9, p33"
parikh2026allosteric,"Dataset sizes, allosteric","217 (KinCoRe Type III/IV) + 136 (curated X-ray, res ≤ 3.5 Å, MW ≥ 250 Da) = 353 kinase; + 1,613 (PLA; 1,830 pockets, 1,277 ligands, 83 Pfam families, >500 organisms, res ≤ 3.2 Å) = 1,966 complexes",complexes,—,"p11, p34"
parikh2026allosteric,External comparators the paper quotes (not measured here),AF3 76–81 % on PoseBusters ≤ 2.0 Å; AutoDock Vina 52–60 %; DiffDock ≈ 38 %; Protenix ≈ 80 % on PoseBusters V2; Boltz-2 ≈ 75–81 % blind docking,% success,"cited literature, refs 31–37",p3–4
passaro2025boltz2,Intra-protein lDDT,"0.86 (Boltz-2), 0.86 (Boltz-2x); AF3 0.87, Chai-1 0.84, ProteinX 0.85, Boltz-1 0.86",lDDT,"PDB 2024 held-out set, 2315 targets, ≥40% seq-dissimilar; top-1 of 5",p7 (Fig 3)
passaro2025boltz2,Intra-DNA lDDT,"0.78 (Boltz-2 and Boltz-2x); AF3 0.81, Chai-1 0.75, ProteinX 0.77, Boltz-1 0.78",lDDT,same,p7
passaro2025boltz2,Intra-RNA lDDT,"0.62 (Boltz-2), 0.62 (Boltz-2x); AF3 0.66, Chai-1 0.58, ProteinX 0.62, Boltz-1 0.60",lDDT,same,p7
passaro2025boltz2,Intra-ligand lDDT,"0.92 (Boltz-2/2x); AF3 0.94, Boltz-1 0.93",lDDT,same,p7
passaro2025boltz2,Ligand–protein lDDT,"0.68 (Boltz-2 and Boltz-2x); AF3 0.73, Boltz-1 0.69",lDDT,same,p7
passaro2025boltz2,Physical validity,"**0.97 (Boltz-1x), 0.94 (Boltz-2x)** vs 0.38 (Boltz-2), 0.33 (Boltz-1), AF3 0.49",fraction,same — the single largest effect of Boltz-steering in the paper,p7
passaro2025boltz2,Protein–protein DockQ > 0.23,"0.73 (Boltz-2/2x); AF3 0.76, Boltz-1 0.73",fraction,same,p7
passaro2025boltz2,Protein–protein DockQ > 0.49,"0.64 (Boltz-2), 0.63 (Boltz-2x); AF3 0.68, Boltz-1 0.65",fraction,same,p7
passaro2025boltz2,Protein–RNA DockQ > 0.49,"0.14 (Boltz-2), 0.11 (Boltz-2x); AF3 0.07",fraction,"same — floor region, all methods ≤ 0.14",p7
passaro2025boltz2,Antibody DockQ > 0.23,"0.40 (Boltz-2x), 0.38 (Boltz-2); **AF3 0.49**, Chai-1 0.37, ProteinX 0.33, Boltz-1 0.32, Boltz-1x 0.32",fraction,"antibody benchmark, n NOT REPORTED",p8 (Fig 4 left)
passaro2025boltz2,Antibody DockQ > 0.49,"0.27 (Boltz-2), 0.26 (Boltz-2x); Boltz-1 0.22, ProteinX 0.19, AF3 0.13 (as plotted)",fraction,same,p8
passaro2025boltz2,Polaris-ASAP ligand pose success (<2 Å),"**Boltz-2 84.8%**, Boltz-1 79.4%; top competition entries 48.1–86.4%",%,"Polaris-ASAP retrospective, SARS-CoV-2/MERS-CoV Mpro; no fine-tuning, no relaxation","p7, p8 (Fig 4 right)"
passaro2025boltz2,"Global RMSF Pearson r, mdCATH","**Boltz-2-MD 0.67**; Boltz-2-Xray 0.48, Boltz-1 0.46, BioEmu 0.53, AlphaFlow 0.24",r,"mdCATH held-out, 40 complexes, 100 samples vs 200 frames",p40 (T9)
passaro2025boltz2,"Per-target RMSF Pearson r, mdCATH","Boltz-2-MD 0.79; Boltz-1 0.70, AlphaFlow 0.77, BioEmu 0.77",r,same,p40
passaro2025boltz2,"Global RMSF Pearson r, ATLAS","**Boltz-2-MD 0.65**; Boltz-2-Xray 0.57, Boltz-1 0.38, BioEmu 0.56",r,"ATLAS held-out, 40 complexes (AlphaFlow excluded for train/test overlap)",p40 (T10)
passaro2025boltz2,"Per-target RMSF Pearson r, ATLAS","Boltz-2-MD 0.85; Boltz-1 0.77, BioEmu 0.83",r,same,p40
passaro2025boltz2,"Per-target RMSF RMSE, ATLAS","Boltz-2-MD 12.35; Boltz-1 19.62, BioEmu 15.04",RMSE,same,p40
passaro2025boltz2,Ensemble diversity lDDT,"Boltz-2-MD 0.32; reference 0.23, Boltz-1 0.12 (mdCATH panel)",1 − lDDT,Fig 5 — MD conditioning over-diversifies relative to reference,p8
passaro2025boltz2,**FEP+ 4-target Pearson R**,"**Boltz-2 0.66**; FEP+ 0.78, ABFE 0.75, OpenFE 0.66, FMO 0.55, GAT 0.40, Chemgauss4 0.26, MM/PBSA 0.18, BACPI 0.14, Boltz-2 ipTM 0.04","Pearson R, per-assay avg","4 targets (CDK2, TYK2, JNK1, P38), 87 neutral compounds; train filtered at ≥90% seq id","p9, p42 (T12)"
passaro2025boltz2,FEP+ 4-target Kendall τ,"Boltz-2 0.48; FEP+ 0.63, ABFE 0.54, OpenFE 0.51",τ,same,p42
passaro2025boltz2,FEP+ 4-target inference time,"**Boltz-2 20 GPU sec** vs OpenFE 6–12 GPU hours, ABFE >20 GPU hours",time/ligand,"basis of the "">1000× faster"" claim","p42 (T12), p1, p9"
passaro2025boltz2,FEP+ 4-target Perc. within 2 kcal/mol (cent.),"Boltz-2 0.98; **FEP+ 1.00, BACPI 1.00**, OpenFE 0.98",fraction,"same — metric ceiling, see `metric_saturation`",p42
passaro2025boltz2,**OpenFE-subset Pearson R**,"**Boltz-2 0.62**; FEP+ 0.72, OpenFE 0.63, BACPI 0.29, GAT 0.28, Boltz-2 ipTM −0.07","Pearson R, per-assay avg","OpenFE subset of FEP+, 876 protein–ligand complexes","p42 (T11), p9"
passaro2025boltz2,OpenFE-subset centered MAE,"Boltz-2 0.64; FEP+ 0.64, OpenFE 0.94",kcal/mol,same,p42
passaro2025boltz2,**CASP16 Pearson R**,"**Boltz-2 0.65**; best entrant LG016 0.54, LG055 0.47, LG082/LG207/LG008 0.38, GAT 0.50, BACPI 0.41, Boltz-2 ipTM 0.12","Pearson R, target avg","CASP16 affinity challenge, 140 protein–ligand pairs / 2 targets, blind, out of the box","p9, p43 (T14)"
passaro2025boltz2,CASP16 Kendall τ,Boltz-2 0.45; best entrant 0.42,τ,same,p43
passaro2025boltz2,**MF-PCBA average precision**,"**Boltz-2 0.0248**; GAT 0.0133, BACPI 0.0131, Chemgauss4 0.0051, Boltz-2 ipTM 0.0046",AP,"MF-PCBA test set, 10 HTS assays × 50k complexes","p42 (T13), p10"
passaro2025boltz2,**MF-PCBA enrichment factor @0.5%**,"**Boltz-2 18.39**; GAT 11.12, BACPI 9.48, ipTM 2.42, Chemgauss4 2.00",EF,same,"p42, p10"
passaro2025boltz2,MF-PCBA EF @1% / @2% / @5%,13.95 / 10.57 / 7.04,EF,same,p42
passaro2025boltz2,MF-PCBA AUROC (target avg / global),"Boltz-2 0.8122 / 0.8056; GAT 0.7928, BACPI 0.7575, ipTM 0.5657, Chemgauss4 0.5450",AUROC,same,p42
passaro2025boltz2,"Per-assay AUROC spread, MF-PCBA",0.64 – 0.92 across the 10 assays,AUROC,"Fig 13, per-assay ROC",p45
passaro2025boltz2,Hit-to-lead validation-set Pearson R,"Boltz-2 0.4246; GAT 0.2512, BACPI 0.1997",Pearson R,16 assays selected from the training corpus,"p43 (T15), p36"
passaro2025boltz2,"Per-assay Pearson R spread, validation set","**0.732 (P56817-adjacent max) down to 0.056** — stated in text as ""ranging from 0.732 to 0.056""",Pearson R,"16 assays, per-assay; Fig 12 gives all panels","p42, p44"
passaro2025boltz2,**Private (Recursion) Pearson R**,"**Boltz-2 0.39**; GAT 0.16, BACPI 0.11","Pearson R, target avg",8 blinded internal hit-to-lead assays,"p43 (T16), p10"
passaro2025boltz2,Private centered MAE,Boltz-2 1.36 (vs 0.86 on validation set),kcal/mol,same,p43
passaro2025boltz2,"Per-assay spread, private","Pearson R 0.165–0.634; centered MAE 0.855–1.734 kcal/mol; "">0.55 on 3 out of 8 assays, but limited performance on the other 5""",—,same,"p10, p43"
passaro2025boltz2,TYK2 screen score vs ABFE correlation,**&#124;R&#124; = 0.74**,Pearson &#124;R&#124;,50 compounds (5 streams × N = 10),p11 (Fig 8)
passaro2025boltz2,TYK2 prospective hit rate,"8/10 (Enamine HLL), 10/10 (Enamine Kinase), 10/10 (SynFlowNet), 0/10 (random) predicted to bind",count,"ABFE estimate, binding region < −5.45 kcal/mol",p11; p46
passaro2025boltz2,Boltz-ABFE on protein-ligand-benchmark,"Pearson R = 0.95, centered MAE = 0.42 kcal/mol, offset 0.92 kcal/mol",—,validation of the oracle used for the TYK2 screen,p10
passaro2025boltz2,Boltz-2 on TYK2 (protein-ligand benchmark),Pearson R = 0.83,Pearson R,"flagged by the authors as making the TYK2 result ""optimistic""",p11
passaro2025boltz2,"Max scaffold Tanimoto, generated vs KLIFS TYK2 binders",0.396,Tanimoto,"10 SynFlowNet compounds × 47 KLIFS binders, Murcko scaffolds",p49–50 (Fig 22)
passaro2025boltz2,CASP16 max compound Tanimoto to affinity training set,"0.41 (L1000), 0.59 (L3000)",Tanimoto,leakage check,p37
passaro2025boltz2,Inference cost,"~20 s per ligand; ""hundreds of thousands of compounds per day"" on parallel HPC; 60 H100 workers; ~1,000 GPU-hours for the generative screen (~400k molecules, ~16 h)",—,TYK2 generative screen,p33–34
passaro2025boltz2,Affinity training compute,"128 A100 GPUs, AdamW, lr 1e-4, weight decay 0.001; ensemble members trained on 55M and 12.5M samples",—,Tables 3 and text,p27
protenix2025,"PoseBusters V2 RMSD ≤2 Å success rate, confidence-ranked",**≈0.815** *(panel)*,fraction of 308 structures,"Protenix, top-1 by confidence, vs deposited ligand pose","p5 (Fig 2A), p4 (Fig 1A)"
protenix2025,"PoseBusters V2 RMSD ≤2 Å success rate, confidence-ranked",**≈0.803** *(panel)*,fraction of 308,"**AF3-2019**, from AF3's released predictions rescored by the authors","p5 (Fig 2A), p4 (Fig 1A)"
protenix2025,PoseBusters V2 PB-Valid success rate (all 18 criteria),**≈0.752** *(panel)*,fraction of 308,Protenix,p5 (Fig 2A)
protenix2025,PoseBusters V2 PB-Valid success rate,**≈0.730** *(panel)*,fraction of 308,AF3-2019,p5 (Fig 2A)
protenix2025,Effect of the stereochemistry penalty term on PB-Valid,"**""improved… by over 10%""**",relative improvement in PB-valid success rate,Protenix ranking with vs without the penalty,p6
protenix2025,Residual chirality failure rate,"**""roughly 5%""**",fraction of predictions,Protenix on PoseBusters V2,p6
protenix2025,"RMSD success rate at 2 Å, **oracle** (lowest-RMSD of 25)","**≈0.86** *(panel)*, highest curve at every threshold",fraction of 308,Protenix oracle vs AF3 confidence-ranked,p5 (Fig 2B)
protenix2025,"RMSD success rate at 2 Å, **all 25 samples pooled**",**≈0.79** *(panel)*,fraction,"Protenix, all samples",p5 (Fig 2B)
protenix2025,RMSD success rate plateau at 8 Å threshold,"**≈0.93–0.96** *(panel)*, all four curves converged",fraction,all arms — saturation region,p5 (Fig 2B)
protenix2025,"PoseBusters success rate, **not-common** ligands",**≈0.72 Protenix vs ≈0.72 AF3** *(panel)* — equal,fraction,"the generalisation bin; basis for ""our model generalizes as well as AF3-2019"" (p6)","p5 (Fig 2C), p6"
protenix2025,"PoseBusters success rate, **new** natural common ligands (75)",**≈0.79 Protenix vs ≈0.755 AF3** *(panel)*,fraction,ligands common in the 2021 training set,p5 (Fig 2C)
protenix2025,"PoseBusters success rate, **old** natural common ligands (50)",**≈0.83 Protenix vs ≈0.815 AF3** *(panel)*,fraction,AF3's own NCL definition,p5 (Fig 2C)
protenix2025,"PoseBusters success rate by homology, **2019 cutoff**: 0–30 / 30–95 / 95–100",**≈0.89/0.795/0.82 Protenix vs ≈0.89/0.82/0.78 AF3** *(panel)*,fraction,n = 30 / 90 / 188,p5 (Fig 2D left)
protenix2025,"PoseBusters success rate by homology, **2021 cutoff**: 0–30 / 30–95 / 95–100",**≈0.86/0.745/0.83 Protenix vs ≈1.00/0.82/0.78 AF3** *(panel)*,fraction,n = **15** / 52 / 241 — the 0–30 cell is unpowered,p5 (Fig 2D right)
protenix2025,PoseBusters tetrahedral chirality check,**≈0.95 Protenix vs ≈0.93 AF3** *(panel)* — the only clearly separating validity criterion,fraction passing,18-criterion breakdown,p5 (Fig 2E)
protenix2025,"All protein–protein interfaces, DockQ >0.23 success rate — **oracle**",**≈0.775 Protenix vs ≈0.75 AF2.3** *(panel)*,fraction of 993 interface clusters,"LowH Recent PDB; AF2.3(5×5), 20 recycles vs Protenix 10 recycles","p4 (Fig 1B), p7"
protenix2025,All protein–protein interfaces — **median**,**≈0.685 Protenix vs ≈0.65 AF2.3** *(panel)*,fraction of 993 clusters,as above,p4 (Fig 1B)
protenix2025,All protein–protein interfaces — **selected (top-1 by chain-pair ipTM)**,**≈0.71 Protenix vs ≈0.695 AF2.3** *(panel)*,fraction of 993 clusters,the deployable number,"p4 (Fig 1B), p7"
protenix2025,Protein–antibody interfaces — **oracle**,**≈0.405 Protenix vs ≈0.375 AF2.3** *(panel)*,fraction of 64 clusters,LowH Recent PDB,p4 (Fig 1B)
protenix2025,Protein–antibody interfaces — **median**,**≈0.17 Protenix vs ≈0.135 AF2.3** *(panel)*,fraction of 64 clusters,,p4 (Fig 1B)
protenix2025,Protein–antibody interfaces — **selected**,"**≈0.27 Protenix vs ≈0.27 AF2.3** *(panel)* — **parity, the paper's one stated loss**",fraction of 64 clusters,"p8: ""our top-ranked predictions are on par with those of AF2.3""","p4 (Fig 1B), p8"
protenix2025,Protein–RNA interface LDDT,"**≈0.355 Protenix, ≈0.19 RF2NA (rerun), ≈0.40 ""AF3 in AF3"", ≈0.185 ""RF2NA in AF3""** *(panel)*",interface LDDT,"25 structures; AF3 value transcribed from the AF3 paper, not rerun",p4 (Fig 1C)
protenix2025,Protein–dsDNA interface LDDT,"**≈0.73 Protenix, ≈0.235 RF2NA (rerun), ≈0.66 ""AF3 in AF3"", ≈0.29 ""RF2NA in AF3""** *(panel)*",interface LDDT,"38 structures; note RF2NA rerun ≠ RF2NA-in-AF3, unexplained (p9)",p4 (Fig 1C)
protenix2025,CASP15 RNA mean LDDT,"**≈0.575 Protenix, ≈0.57 AF3, ≈0.42 RF2NA, ≈0.655 AIchemy_RNA2** *(panel)*",LDDT (OpenStructure),"8 targets, single seed for both Protenix and AF3","p4 (Fig 1D), p9 (Fig 6A)"
protenix2025,CASP15 RNA per-target TM-score,"8 grouped bars per method, range ≈0.15–0.80 *(panel)*; no mean printed",TM-score (OpenStructure),"8 targets, 4 methods",p9 (Fig 6B)
protenix2025,"Confidence↔accuracy correlation, **all interfaces**",**ρ = 0.5774**,"Pearson r, chain-pair ipTM vs DockQ","24,650 interfaces, LowH Recent PDB",p10 (Fig 8A)
protenix2025,"Confidence↔accuracy correlation, **protein–protein**",**ρ = 0.6007**,Pearson r,"16,595 interfaces",p10 (Fig 8B)
protenix2025,"Confidence↔accuracy correlation, **protein–nucleic acid**",**ρ = 0.5300**,Pearson r,"8,055 interfaces",p10 (Fig 8C)
protenix2025,AF3 parameter count (stated of AF3; Protenix's own count never given),**≈386 million**,parameters,AF3,p13
protenix2025,Training compute,"**192 GPUs, ~2 weeks**",—,Protenix full training,p14
protenix2025,Training steps,**75K initial + 15K FT-1 + 4K FT-2**,optimiser steps,Protenix; AF3's count not stated for comparison,p14
protenix2025,Custom LayerNorm kernel speedup,**30–50%**,end-to-end training speed improvement,vs PyTorch native LayerNorm,p13
protenix2025,DS4Sci_EvoformerAttention speedup,**10–20%**,end-to-end training speed improvement,vs baseline attention,p13
protenix2025,"Alternative-conformation case, 7LOE",**42% vs 58%**,crystallographic occupancy of the two ligand conformers,"the ""failure"" Protenix predicted the minor conformer of",p7
protenix2026v2,"DockQ > 0.23 success rate, ranked top-1, 5 seeds",**49.7** (Protenix-v2); 40.2 (Protenix-v1); 27.9 (OF3p2); 19.6 (Boltz-1); AF3 N/A,% of entries,"PXMeter-AB, n = 516 entries / 376 clusters","p3, Fig 2"
protenix2026v2,"DockQ > 0.23 success rate, ranked top-1, 5 seeds",**65.0** (Protenix-v2); 52.3 (Protenix-v1); 48.8 (AF3); 34.9 (OF3p2); 34.4 (Boltz-1),% of entries,"FoldBench-AB, n = 104 / 160 as printed","p3, Fig 2"
protenix2026v2,"DockQ > 0.23 success rate, ranked top-1, 5 seeds",**53.5** (Protenix-v2); 40.4 (Protenix-v1); 47.0 (AF3); 30.9 (OF3p2); 14.9 (Boltz-1),% of entries,"AF3-AB, n = 67 / 60","p3, Fig 2"
protenix2026v2,Absolute gain over Protenix-v1 at DockQ > 0.23,**9 to 13** (author's phrasing); 9.5 / 12.7 / 13.1 by subtraction from Fig 2,percentage points,the three AB collections above,"p3 (text), p1–2 (abstract ""up to 13-point"")"
protenix2026v2,DockQ > 0.8 (high-quality) subset,"""gains at DockQ > 0.8 are comparably large"" — **no numeric value is given in text or table**; readable only as stacked-bar segments in Fig 2",% of entries,the three AB collections,p3
protenix2026v2,Seed efficiency,Protenix-v2 at **5 seeds** exceeds Protenix-v1 at **1000 seeds**,seeds,same three AB collections,"p2, p4, Fig 3"
protenix2026v2,"RMSD < 2 Å & validity joint success, Revised criterion","**60.46** (Protenix-v2-TFG); 61.11 (Protenix-v1-TFG); 49.22 (Protenix-v2); 48.14 (Protenix-v1); 53.96 (Boltz-1x); 34.38 (Boltz-1); 62.86 (Boltz-2x, train overlap); 51.25 (Boltz-2, train overlap)",%,"PXM-22to25-Ligand, n = 623 entries / 250 clusters","p7, Table 1"
protenix2026v2,"RMSD < 2 Å & validity joint success, original PoseBusters criterion",**60.53** (Protenix-v2-TFG); 61.11 (Protenix-v1-TFG); 50.42 (Protenix-v2); 48.37 (Protenix-v1); 55.59 (Boltz-1x); 35.56 (Boltz-1); 63.51 (Boltz-2x); 51.31 (Boltz-2),%,"PXM-22to25-Ligand, n = 623 / 250","p7, Table 1"
protenix2026v2,Monomer LDDT,**89.1** (Protenix-v2); 88.6 (Protenix-v1); 88.0 (AF3); 86.8 (OF3p2),LDDT ×100,"FoldBench monomer, n = 287/287","p14, Table 3"
protenix2026v2,Protein–ligand: RMSD < 2 Å & LDDT > 0.8,**64.0** (Protenix-v2); 62.5 (Protenix-v1); 62.6 (AF3); 56.6 (OF3p2),%,"FoldBench protein–ligand, n = 441/441","p14, Table 3"
protenix2026v2,Protein–protein DockQ > 0.23 success rate,**73.0** (Protenix-v2); 72.7 (Protenix-v1); 71.7 (AF3); 66.4 (OF3p2),%,"FoldBench protein–protein, n = 237/237","p14, Table 3"
protenix2026v2,Monomer LDDT,**88.0** (Protenix-v2); 87.2 (Protenix-v1); 85.4 (OF3p2); AF3 not reported,LDDT ×100,"PXMeter monomer, n = 769/500","p14, Table 3"
protenix2026v2,Protein–ligand: RMSD < 2 Å & LDDT > 0.8,**49.2** (Protenix-v2); 48.1 (Protenix-v1); 47.9 (OF3p2),%,"PXMeter protein–ligand, n = 623/250","p14, Table 3"
protenix2026v2,Protein–protein DockQ > 0.23 success rate,**73.9** (Protenix-v2); 72.9 (Protenix-v1); 63.4 (OF3p2),%,"PXMeter protein–protein, n = 2126/1806","p14, Table 3"
protenix2026v2,Target-level design success rate,**100** (at least one BLI-confirmed binder per antigen),% of targets,13-antigen VHH panel,"p1, p5"
protenix2026v2,"BLI-confirmed VHH-Fc hit rate, soluble/novelty-filtered targets",**2 to 48**,% of designs sent to BLI,soluble antigen panel,"p1, p5, Fig 4A p4"
protenix2026v2,"Per-target hit rates, soluble (Protenix-v2)",SOMA 24; UBC9 14; IL-20 38; NTM1A 4; CD226 14; TACT 2; CEAM6 20; VEGF-A 30; AMBP 4 and 48 (two epitopes); IDI2 24,%,Figure 1 badges,"p1, Fig 1"
protenix2026v2,Published comparator hit rates on overlapping targets,"Chai-2: SOMA 14, UBC9 0, NTM1A 6; BoltzGen: AMBP 0, IDI2 7",%,"same antigens, published numbers not re-run here","p1, Fig 1"
protenix2026v2,GPCR VHH-Fc hit rates,"**16, 62, 40, 88** (CCR5 16, CCR8 62, GPRC5D 40, CCR7 88 per Fig 1)",% of 16–30 tested designs,4 GPCR targets,"p5 (text); p1, Fig 1"
protenix2026v2,GPCR mAb hit rates,"**0, 17, 50, 44** per text; Figure 1 shows GPRC5D 50, CCR7 43, CCR8 17 (CCR5 not shown)",% of 16–30 tested designs,same 4 GPCR targets,"p5 (text); p1, Fig 1"
protenix2026v2,Testing budget per GPCR target,**16–30**,designs tested,GPCR campaigns,"p1, p5"
protenix2026v2,"Lowest K_D achieved, GPRC5D VHH-Fc","**112** (avidity conditions, not monovalent)",pM,BLI multi-concentration,p5; Fig 4C p4
protenix2026v2,"Representative K_D, other VHH binders",IDI2 **38**; IL-20 **23.8**,nM,BLI multi-concentration,"Fig 4C, p4"
protenix2026v2,"Developability pass rate — thermostability (DSF, Tm > 60 °C)",**100.0**,% of candidates,designed VHH/mAb hits vs 11 clinical-stage references,"p5, p6 Fig 5, p17"
protenix2026v2,"Developability pass rate — self-interaction (AC-SINS, red shift < 11 nm)",**97.5** (Fig 5 caption) / **98** (text p5),% of candidates,same,"p5, p6 Fig 5, p17"
protenix2026v2,"Developability pass rate — polyreactivity (BVP ELISA, corrected score < 5.3)",**93.3** (Fig 5 caption) / **93** (text p5),% of candidates,same,"p5, p6 Fig 5, p17"
protenix2026v2,Binding-mode diversity,multiple structural clusters per campaign; per-campaign cluster counts 1–11 from Fig 4A,clusters at 4 Å antigen-aligned framework RMSD,designed hits,"p6, Fig 4A p4"
protenix2026v2,VEGF-A ranking: binders found from 30 selections,Ranker A **9**; Ranker B **10**; human expert **7**; 5 overlapping between rankers; 4 and 5 unique respectively; all 7 human hits unique,binders,~300 designed VHH candidates,"p6, Fig 6"
protenix2026v2,Cross-variant mini-binder K_D (prototype / Omicron B.1.1.529),"Design 1: **250 / 148**; Design 2: **201 / 146**; prior PXDesign SC2RBD Binder 4: 10.1 / weak, not measured; Binder 14: 10.3 / no binding",nM,BLI,"p9, Table 2"
protenix2026v2,Cross-variant design yield,**2 of 4** tested designs dual-binding,designs,SC2RBD,p9
protenix2026v2,OF3p2 baseline setting check,"**69.29** (authors' MMseqs MSA, no templates) vs **70.79** (public FoldBench result); ≈1.5 points lower",% DockQ ≥ 0.23 SR,267 common FoldBench PPIs,p14; Fig 10 p15
protenix2026v2,Revised-validity subitem pass rates,~92.5–100 across ten checks; largest model-vs-ground-truth gaps at sp2-center flatness and sp3-center non-flatness; ground truth ≈100,%,"PXM-22to25-Ligand, ligand-containing structures","p8, Fig 7"
purnomo2026cafe,"Non-orthosteric exploration rate, native allosteric-derived fragments, **no blocker**",AKT2 6.0 (n=15); CDK2 8.2 (n=38); CHEK1 27.4 (n=19); CSNK2A1 96.4 (n=11); MAPK14 24.2 (n=33); PTP1B 55.7 (n=23); KRAS 99.3 (n=14),% of diffusion samples,d_ortho > 5.0 Å from the target's orthosteric reference ligand,"Table 1, p6"
purnomo2026cafe,"Non-orthosteric exploration rate, same fragments, **with blocker**",AKT2 100.0; CDK2 99.7; CHEK1 100.0; CSNK2A1 100.0; MAPK14 69.7; PTP1B 99.6; KRAS 100.0,% of diffusion samples,"same predicate; blockers ADP (kinases), DADEpYL (PTP1B), GDP (KRAS)","Table 1, p6"
purnomo2026cafe,"Mean cross-kinase non-orthosteric rate, no blocker",32.4 (16.5 excluding CSNK2A1),% of samples,"5 kinases, allosteric-derived fragments",p7
purnomo2026cafe,"**Full-library, allosteric-derived cohort**",17.6 → 89.6 (no blocker → ADP),% of samples,n = 116 fragments × 5 kinases × 10 samples,"p7, Fig 2A p8"
purnomo2026cafe,"**Full-library, orthosteric-derived cohort**",5.7 → 80.4 (no blocker → ADP),% of samples,n = 116 fragments × 5 kinases × 10 samples,"p7, Fig 2A p8"
purnomo2026cafe,Headline abstract figure,11.7 → 85.0,% mean non-orthosteric rate,"""Across kinome targets, CAFE increases the mean rate of fragment co-folding to non-orthosteric sites from 11.7% up to 85.0%."" The 11.7% is the mean of the two cohort rates above (5.7 and 17.6); the paper does not say so.","p2 (also p1 abstract, p7)"
purnomo2026cafe,"**Orthosteric-default fraction — the memorization number, stated as the complement of the paper's own metric** (arithmetic is 100 − the row above; the paper never prints it this way)",**orthosteric-derived cohort: 94.3% → 19.6%; allosteric-derived cohort: 82.4% → 10.4%** (no blocker → ADP),% of diffusion samples landing within 5.0 Å of the orthosteric reference ligand,n = 116 fragments per cohort × 5 kinases × 10 samples each,derived from p7
purnomo2026cafe,"CDK2, the most PDB-characterised kinase",2.2 → 80.2,% of samples non-orthosteric,"no blocker → ADP; ""the lowest non-orthosteric exploration rate""",p7
purnomo2026cafe,"MAPK14, weakest responder",52.5 (vs 85.0 cross-kinase mean),% of samples non-orthosteric under ADP,pocket partially accommodates fragment alongside ADP,p7
purnomo2026cafe,Cross-kinase mean under **type-I inhibitor** blocker,91.0,"% of samples, all fragment types",vs 85.0 under ADP,p9
purnomo2026cafe,"PTP1B, text vs table (**they disagree — see `unresolved`**)",text: 50.4 → 96.2; Table 1: 55.7 → 99.6,% of samples non-orthosteric,"same arm, same n = 23",text p7 vs Table 1 p6
purnomo2026cafe,Fragment chemistry ↔ orthosteric capture,"Spearman ρ ≥ 0.330, p < 0.0001",correlation,"aromatic ring count, HBA count, N count vs orthosteric placement, all 5 kinases","p7, Supp. Table S2 + Fig. S3 (not held)"
purnomo2026cafe,"Nitrogen-count split, unblocked",N > 2: 6.2 vs N ≤ 2: 21.9,% non-orthosteric,"""orthosteric memorization is partially encoded in the fragment chemistry""",p7
purnomo2026cafe,"**On-target allosteric localization** (d_allo ≤ 5.0 Å), no ADP → ADP",AKT2 42.7 → 93.3; CDK2 0.0 → 1.3; CHEK1 21.6 → 37.9; CSNK2A1 91.8 → 100.0; MAPK14 19.4 → 44.5,mean % of models allosteric-localized,"native allosteric-derived fragments, n = 15/38/19/11/33","Fig 3A panel labels, p10"
purnomo2026cafe,Max RMSD of non-localizing samples,15.4,Å heavy-atom RMSD,"vs crystallographic reference; ""global surface exploration""",p9
purnomo2026cafe,"Fragment–protein ipTM, allo- vs ortho-localizing",unblocked 0.945 vs 0.907; ADP-blocked 0.959 vs 0.896,median ipTM,"""distributions overlap almost entirely""","p9, Fig 3C p10"
purnomo2026cafe,ABFE agreement with crystal poses,21 of 30 equal or more favourable; Wilcoxon signed-rank p = 0.22,count; p-value,Boltz allosteric pose ΔG_bind vs crystal pose ΔG_bind,"p10, Fig 4 p11"
purnomo2026cafe,ABFE per-kinase breakdown,CSNK2A1 10/10 ΔΔG ≤ 0; CHEK1 3/4; MAPK14 7 allo-favourable / 5 crystal-favourable (n = 12); AKT2 n = 3 broad variance; CDK2 n = 1,counts,same comparison,p11
purnomo2026cafe,MAPK14 parent-structure effect,all 4 from PDB 5N63 favour crystal; all 4 from 5N64 favour Boltz,counts,ΔΔG sign vs parent PDB origin,p11
purnomo2026cafe,Trapped-fragment allo-vs-ortho ABFE,5 of 10 allosteric equal or better; Wilcoxon p = 0.92,counts; p-value,"fragments 10/10 orthosteric unblocked, zero baseline allosteric occupancy",p12
purnomo2026cafe,Cryptic clusters found,14 recurrent clusters; 10/14 (71%) matched by P2Rank or FPocket,count,"DBSCAN ϵ = 5 Å, min_samples = 5, across 5 kinases",p12–13
purnomo2026cafe,Per-target static-tool recovery,CHEK1 3/3; MAPK14 2/2; AKT2 1/1; CDK2 4/8,count,vs P2Rank/FPocket on static receptors,p13
purnomo2026cafe,CDK-A017 (PDB 8VQ3) ABFE,cryptic −3.42; orthosteric +1.42; crystal-native −0.36,kcal/mol,"same fragment, three pockets","p13 (Fig 5 caption), p14"
purnomo2026cafe,CDK-A026 (PDB 8VQ4) ABFE,cryptic −3.83; orthosteric −2.97,kcal/mol,"same fragment, two pockets; no crystal comparison possible",p14
purnomo2026cafe,**Double-blocker cryptic exploration** (no blocker → ADP → ADP+allosteric),AKT2 0.0 → 6.7 → 63.3; CDK2 1.1 → 97.9 → 96.3; CHEK1 8.9 → 66.8 → 66.8; CSNK2A1 9.1 → 9.1 → 90.0; MAPK14 4.5 → 24.5 → 37.6,% of samples in neither canonical site,n = 15/38/19/11/33 fragments × 10 samples,Fig 5B panel labels p13; text p14
purnomo2026cafe,Enamine prospective screen,"300 fragments × 5 kinases; 107 retained after filtering; 33 (31%) with ΔG ≤ −1 kcal/mol (AKT2 4, CDK2 5, CHEK1 6, CSNK2A1 7, MAPK14 11)",counts,ADP-blocked co-folding + PLIP ranking + ABFE,p14–15
purnomo2026cafe,**Blocker-removal reversion**,30 of 33 (91%) revert to orthosteric; 16 of those with 10/10 trajectories orthosteric,counts,"re-folded with no blocker, independent trajectories",p15–16
purnomo2026cafe,Enamine selectivity,23/30 orthosteric poses stable; 14/23 (61%) non-orthosteric equal or better; mean ΔG −2.10 (non-ortho) vs −0.62 (ortho),counts; kcal/mol,"paired ABFE, ΔΔG = ΔG_allo/cryptic − ΔG_ortho",p16
purnomo2026cafe,Orthosteric–allosteric pocket separation,12.8 (AKT2) to 38.0 (CDK2),Å between reference COMs,"""confirming sufficient geometric separation for unambiguous localization scoring""",p4
purnomo2026cafe,Localization cutoff,5.0,Å,d_allo / d_ortho classification threshold; **no justification given**,p5
purnomo2026cafe,Fragment library filters,"≥ 8 heavy atoms, MW ≥ 150 Da (BRICS cohorts); MW < 250 Da (Enamine)",atoms; Da,single-cut BRICS on RDKit; greedy max-min Morgan diversity for Enamine,p4–5
purnomo2026cafe,ABFE protocol,"16 λ windows; 5.0 ns complex and solvent legs, 2.5 ns restraint leg; 4 fs timestep (HMR 3.024 amu); Boresch restraints 10 kcal mol⁻¹ Å⁻²; MBAR at 298.15 K; ff14SB / GAFF2 / AM1-BCC / TIP3P / 0.15 M",simulation parameters,double-decoupling ABFE,p6
richman2025conformix,"Coverage, worst-matched, domain motion (n=38)",0.69 (±0.15),fraction,"deposited references, RMSD/TM",p6
richman2025conformix,"Coverage, worst-matched, domain motion — default Boltz",0.33 (±0.14),fraction,same,p6
richman2025conformix,"Coverage, worst-matched, domain motion — best MSA baseline (CF-random)",0.51 (±0.17),fraction,same,p6
richman2025conformix,"Coverage, worst-matched, transporters (n=15)",0.33 (±0.23),fraction,same,p6
richman2025conformix,"Coverage, worst-matched, transporters — default Boltz",0.13 (±0.17),fraction,same,p6
richman2025conformix,"Coverage, worst-matched, cryptic pockets (n=31)",0.45 (±0.18),fraction,same,p6
richman2025conformix,"Coverage, worst-matched, cryptic pockets — default Boltz",0.15 (±0.12),fraction,same,p6
richman2025conformix,"Coverage, worst-matched, fold switching (n=15)",0.13 (±0.17),fraction,same,p6
richman2025conformix,"Coverage, worst-matched, fold switching — best baseline (AFCluster)",0.27 (±0.23),fraction,same,p6
richman2025conformix,"Coverage, best-matched, domain motion",0.97 (±0.04),fraction,same,p6
richman2025conformix,"Coverage, best-matched, transporters",0.79 (±0.19),fraction,same,p6
richman2025conformix,"Coverage, best-matched, cryptic pockets",0.94 (±0.08),fraction,same,p6
richman2025conformix,"Coverage, best-matched, fold switching",**NOT REPORTED in the extracted text layer** (row truncated),—,—,p6
roehrig2026docking,"Top-pose success rate, RMSD ≤ 2.0 Å, AC (AC_norm / AC_long)",54–59,%,"deposited ligand pose; RNP common cases (2,580)","p11, Fig 4A"
roehrig2026docking,"Top-pose success rate, RMSD ≤ 2.0 Å, Vina + Smina/Vinardo + GNINA",33–43,%,"deposited ligand pose; RNP common cases (2,580)","p11, Fig 4A"
roehrig2026docking,"Top-pose success rate, RMSD ≤ 2.0 Å, AC (AC_norm / AC_long)",63–68,%,deposited ligand pose; RNP-F common cases (891),"p11, Fig 4B"
roehrig2026docking,"Top-pose success rate, RMSD ≤ 2.0 Å, Vina + derivatives",40–48,%,deposited ligand pose; RNP-F common cases (891),"p11, Fig 4B"
roehrig2026docking,"Top-pose success rate, RMSD ≤ 1.0 Å and ≤ 1.5 Å, all six docking runs",~16–37 (1.0 Å) and ~25–52 (1.5 Å) on RNP; ~21–46 (1.0 Å) and ~31–61 (1.5 Å) on RNP-F,%,deposited ligand pose,"Fig 4A/B p11 — **bar heights only, not tabulated**"
roehrig2026docking,"Any-pose (rank-independent) success rate at 2.0 Å, all six docking runs",~58–84 (RNP); ~63–88 (RNP-F),%,deposited ligand pose — **route-6 selection; not comparable to AF3 top-1**,Fig 4A/B p11 — bar heights only
roehrig2026docking,**Stratified success rate vs training similarity — the paper's central result**,see the two dedicated tables below,%,"RMSD ≤ 2 Å **and** LDDT-PLI > 0.8, vs deposited pose",Fig 5A/B p14
roehrig2026docking,"Scoring-failure rate, AC",10.6 / 24.2 / 33.4 / 26.0,%,Astex / PDBbind / RNP / RNP-F,Tab 1 p12
roehrig2026docking,"Scoring-failure rate, Vina",30.6 / 40.4 / 51.6 / 42.0,%,Astex / PDBbind / RNP / RNP-F,Tab 1 p12
roehrig2026docking,"Scoring-failure rate, Vinardo",ND / ND / 33.1 / 29.2,%,Astex / PDBbind / RNP / RNP-F,Tab 1 p12
roehrig2026docking,"Scoring-failure rate, GNINA",ND / ND / 24.2 / 26.3,%,Astex / PDBbind / RNP / RNP-F,Tab 1 p12
roehrig2026docking,Intersection of scoring failures across all 4 functions (∩ScFail),7.2 (RNP) / 6.2 (RNP-F),%,all four scoring functions simultaneously,Tab 1 p12
roehrig2026docking,Intersection of scoring successes across all 4 functions (∩ScSucc),30.7 (RNP) / 38.4 (RNP-F),%,all four scoring functions simultaneously,Tab 1 p12
roehrig2026docking,"Logistic regression coefficient, **ligand pose similarity (SuCOS)**",AF3 **4.106** (SE 0.29) / AC 0.327 (0.25) / Vina 0.056 (0.28),"logit, predictors scaled to [0,1]","binary success on 2,448 common RNP cases",Tab 2 p15
roehrig2026docking,"Logistic regression coefficient, **binding pocket similarity**",AF3 **2.210** (0.35) / AC −0.004 (0.30) / Vina **−0.859** (0.32),"logit, scaled",same,Tab 2 p15
roehrig2026docking,"Logistic regression coefficient, **ligand burial**",AF3 0.548 (0.29) / AC **3.457** (0.29) / Vina **3.656** (0.35),"logit, scaled",same,Tab 2 p15
roehrig2026docking,"Logistic regression coefficient, **ligand flexibility (rotatable dihedrals)**",AF3 0.753 (0.28) / AC **−1.435** (0.23) / Vina **−1.045** (0.25),"logit, scaled",same,Tab 2 p15
roehrig2026docking,"Logistic regression coefficient, **ligand density fit (EDIA_m)**",AF3 **2.032** (0.21) / AC **1.444** (0.20) / Vina **1.053** (0.22),"logit, scaled",same,Tab 2 p15
roehrig2026docking,Logistic regression constant,AF3 −5.947 (0.42) / AC −3.446 (0.35) / Vina −3.541 (0.39),logit,same,Tab 2 p15
roehrig2026docking,Logistic model accuracy,AF3 0.744 / AC 0.637 / Vina 0.668,fraction,"2,448 common RNP cases",Tab 2 p15
roehrig2026docking,Logistic model AUC,AF3 0.79 / AC 0.70 / Vina 0.67,AUC,"2,448 common RNP cases",Tab 2 p15
roehrig2026docking,Fraction of ligands with EDIA_m < 0.4,2 / 8 / 19,%,Astex / PDBbind / RNP,p7
roehrig2026docking,Fraction of ligands containing ≥1 phosphorus atom,"2 (2 ligands) / 4 (12 ligands) / 24 (672 of 2,812) / 9",%,Astex / PDBbind / RNP / RNP-F,"p8, p10, p16"
roehrig2026docking,Concentration of the set in its largest clusters,26,% of RNP cases in the 10 most populated clusters,RNP,p8
roehrig2026docking,Fraction of complexes with binding site similarity > 80%,>80,%,RNP,p9
roehrig2026docking,Median X-ray resolution,2.00 / 1.90 / 1.95 / 1.95,Å,Astex (n=85) / PDBbind (n=285) / RNP-F (n=919) / RNP (n=2812),Fig 1A p6
roehrig2026docking,Median R-free,0.24 / 0.23 / 0.23 / 0.22,—,Astex (83) / PDBbind (279) / RNP-F (919) / RNP (2812),Fig 1B p6
roehrig2026docking,Median number of heavy atoms,23.00 / 23.00 / 27.00 / 26.00,atoms,Astex (85) / PDBbind (285) / RNP-F (919) / RNP (2679),Fig 1C p6
roehrig2026docking,Median number of rotatable dihedrals,5.00 / 4.00 / 7.00 / 6.00,count,Astex (85) / PDBbind (285) / RNP-F (919) / RNP (2679),Fig 1D p6
roehrig2026docking,Median ligand burial,0.94 / 0.90 / 0.92 / 0.93,fraction 0–1,Astex (85) / PDBbind (285) / RNP-F (919) / RNP (2610),Fig 1I p6
roehrig2026docking,Median mean ligand B-factor,25.21 / 24.70 / 36.01 / 34.35,Å²,Astex (85) / PDBbind (282) / RNP-F (919) / RNP (2611),Fig 1H p6
roehrig2026docking,Median ligand EDIA_m,0.82 / 0.79 / 0.69 / 0.72,EDIA_m,Astex (85) / PDBbind (277) / RNP-F (919) / RNP (2603),Fig 1E p6
roehrig2026docking,Median EDIA_m of ligand environment (5.0 Å),0.88 / 0.87 / 0.80 / 0.83,EDIA_m,Astex (85) / PDBbind (277) / RNP-F (919) / RNP (2604),Fig 1F p6
roehrig2026docking,Median ligand net charge,−0.07 / −0.08 / −0.72 / −0.29,e,Astex (85) / PDBbind (285) / RNP-F (919) / RNP (2679),Fig 1G p6
roehrig2026docking,"Median top-pose RMSD by ligand flexibility, AC_norm vs Vina(exh 100), RNP-F","AC 1.81→2.10, Vina 2.44→3.69 across dihedral bins (0,4] n=263 → (12,30] n=71",Å,deposited pose,Fig 4C p11
roehrig2026docking,"Median top-pose RMSD by ligand burial, AC_norm vs Vina(exh 100), RNP-F","AC 3.12→0.82, Vina 6.79→1.75 across burial bins (0.0,0.8] n=96 → (0.95,1.0] n=374",Å,deposited pose,Fig 4D p11
roehrig2026docking,"Median top-pose RMSD by ligand density fit, AC_norm vs Vina(exh 100), RNP-F","AC 2.01→0.78, Vina 3.20→1.66 across EDIA_m bins (0.0,0.5] n=117 → (0.9,1.2] n=161",Å,deposited pose,Fig 4E p11
roehrig2026docking,"Median top-pose RMSD by ligand charge, AC_norm vs Vina(exh 100), RNP-F","AC 1.83→3.60, Vina 4.34→5.33 across charge bins (−4,−2] n=78 → (1,4] n=16",Å,deposited pose,Fig 4F p11
roehrig2026docking,Docking wall-clock cost,AC_norm 45 min; AC_long 165 min; Vina/Smina exh 8 ~1 min; exh 100 ~15 min,CPU minutes per complex,single Intel Core i9 4.7 GHz (GNINA on Nvidia A100),p4
roehrig2026docking,Structure-preparation yield,"2,806/2,812 (99.8%) prepared; 2,611 parameterised (195 failures, 7%); AC results for 2,597/2,611 (99.5%)",complexes,RNP,p3–4
roehrig2026docking,similarity bin,"RNP common subset, n",AF3 (%),AC (%),Vina (%)
roehrig2026docking,0–20,63,~19,~44.5,~38
roehrig2026docking,20–30,110,~21,~28,~19.5
roehrig2026docking,30–40,153,~28,~45.5,~28
roehrig2026docking,40–50,274,~41.5,~47,~30
roehrig2026docking,50–60,328,~53.5,~48,~28.5
roehrig2026docking,60–70,390,~68.5,~48.5,~24
roehrig2026docking,70–80,391,~75,~43,~26
roehrig2026docking,80–100,738,~87,~56,~30
roehrig2026docking,**total**,"**2,448**",,,
schafer2025confounds,"plDDT, RfaH autoinhibited, full MSA, this work",74.7,plDDT (mean),250 AF2 models on the full RfaH MSA from the Repo,p2
schafer2025confounds,"plDDT, RfaH, AF-cluster, as reported by the rebutted paper",73.9,plDDT (mean),AF-cluster predictions,p2
schafer2025confounds,"plDDT, RfaH, full MSA, as reported by the rebutted paper (ColabFold)",68.6,plDDT (mean),full-MSA predictions,p2
schafer2025confounds,"plDDT, Repo AF-cluster models with helical-bundle folds, recomputed",63.8,plDDT (mean),AF-cluster predictions selected by fold appearance,p2
schafer2025confounds,Fraction of 250 full-MSA models near the reported AF-cluster value,2,%,250 models,p2
schafer2025confounds,"RfaH success rate, AF-cluster",4 (10 of 250),%,within 3 Å of either experimental conformation and plDDT ≥ 55,p2
schafer2025confounds,"RfaH success rate, randomly sampled MSAs",24 (5 of 21),%,same predicate,p2
schafer2025confounds,"Matthews Correlation Coefficient, KaiB",CF-random 1; AF-cluster 0.6,dimensionless,reference-defined state labels,p4 (Fig 2b)
schafer2025confounds,"Matthews Correlation Coefficient, Mad2",CF-random 0.87; AF-cluster 0.7,dimensionless,same,p4 (Fig 2b)
schafer2025confounds,"Matthews Correlation Coefficient, RfaH",CF-random 0.62; AF-cluster 0.4,dimensionless,same,p4 (Fig 2b)
schafer2025confounds,"%Success, KaiB",CF-random 68; AF-cluster 29,%,same,p4 (Fig 2b)
schafer2025confounds,"%Success, Mad2",CF-random 24; AF-cluster 2,%,same,p4 (Fig 2b)
schafer2025confounds,"%Success, RfaH",CF-random 64; AF-cluster 4,%,same,p4 (Fig 2b)
schafer2025confounds,"Runs per ensemble, KaiB",CF-random 2; AF-cluster 329,AF2 or ColabFold runs,compute cost,p4 (Fig 2b)
schafer2025confounds,"Runs per ensemble, Mad2",CF-random 1; AF-cluster 95,runs,compute cost,p4 (Fig 2b)
schafer2025confounds,"Runs per ensemble, RfaH",CF-random 2; AF-cluster 250,runs,compute cost,p4 (Fig 2b)
schafer2025confounds,"Runs per ensemble, summary range",CF-random 1–2; AF-cluster 95–329,runs,compute cost,p5
schafer2025confounds,"Ensemble size compared, KaiB",CF-random 330; AF-cluster 329,predictions,matched-n comparison,p4 (Fig 2 caption)
schafer2025confounds,"RMSD / plDDT, KaiB R. sphaeroides",CF-random 2.3 Å / 78.8; AF-cluster 3.0 Å / 63.8,Å / plDDT,experiment,p3 (Fig 1b)
schafer2025confounds,"RMSD / plDDT, KaiB R. sphaeroides-3M",CF-random 3.0 Å / 70.6; AF-cluster 3.0 Å / 70.8,Å / plDDT,experiment,p3 (Fig 1b)
schafer2025confounds,"RMSD / plDDT, KaiB S. elongatus",CF-random 3.9 Å / 81.7; AF-cluster 5.5 Å / 55.0,Å / plDDT,experiment,p3 (Fig 1b)
schafer2025confounds,"RMSD / plDDT, KaiB T. elongatus",CF-random 1.6 Å / 75.2; AF-cluster 5.2 Å / 58.8,Å / plDDT,experiment,p3 (Fig 1b)
schafer2025confounds,"RMSD / plDDT, KaiB L. pneumophilia",CF-random 3.2 Å / 82.4; AF-cluster 1.7 Å / 89.2,Å / plDDT,experiment,p3 (Fig 1b)
schafer2025confounds,"RMSD / plDDT, KaiB T. elongatus vestitus (TV4)",CF-random 2.9 Å / 72.0; AF-cluster 2.8 Å / 85.9,Å / plDDT,experiment,p3 (Fig 1b)
schafer2025confounds,"RMSD / plDDT, Mad2 H. sapiens",CF-random 3.3 Å / 71.8; AF-cluster 11.8 Å / 63.7,Å / plDDT,experiment,p3 (Fig 1b)
schafer2025confounds,"RMSD / plDDT, RfaH E. coli",CF-random 3.9 Å / 76.3; AF-cluster 4.5 Å / 73.4,Å / plDDT,experiment,p3 (Fig 1b)
schafer2025confounds,"False-positive AF-cluster predictions, KaiB-TV4 ground state",2.1 Å / 71.0,Å / plDDT,a fold never experimentally observed for this protein,p3 (Fig 1c)
schafer2025confounds,"AF-cluster, KaiB-TE 5M fold-switched (correct)",2.8 Å / 90.4,Å / plDDT,experiment,p3 (Fig 1c)
schafer2025confounds,"False-positive AF-cluster prediction, KaiB-TE 5M ground state",2.4 Å / 82.5,Å / plDDT,a fold never experimentally observed for this variant,p3 (Fig 1c)
schafer2025confounds,plDDT of the rebutted paper's untested KaiB double-mutant fold switch,68.1,plDDT,quoted from the rebutted paper; no experimental test exists,p4
schafer2025confounds,"Sequence identity, hard RfaH homolog set",< 35,% identity to closest experimentally characterized homolog,difficulty stratification,p5
schafer2025confounds,"Sequence identity, KaiB variants in the rebutted paper",≥ 47,% identity to experimentally characterized homologs,difficulty stratification,p5
schafer2025confounds,CF-random MSA depth used,"max-seq 1 (KaiB), 8 (Mad2), 64 (RfaH); max-extra-seq = 2×max-seq",sequences,—,p5
singh2026moredata,"Boltz-2 affinity ROC AUC, SARS-CoV-2 Mpro",≈0.87 *(read from the p22 render; no numeric label printed)*,ROC AUC (0.5 = chance),1323 prospective pIC50-labelled ligands **[Fig 4 / ref 67]**,p22
singh2026moredata,"Boltz-2 affinity ROC AUC, MERS-CoV Mpro",≈0.88 *(read from render)*,ROC AUC,1373 pIC50 values **[Fig 4 / ref 67]**,p22
singh2026moredata,"Boltz-2 affinity ROC AUC, Picornavirus 2APro","≈0.69, with the largest error bar in the panel (≈0.55–0.83) *(read from render)*; text: ""lower ROC AUC values (with high error bars)""",ROC AUC,176 pIC50 values **[Fig 4 / ref 67]**,"p7, p22"
singh2026moredata,"**Boltz-2 affinity ROC AUC, Flavivirus NS3-NS2B**",**0.50** *(stated in text)*,ROC AUC,534 pIC50 values **[Fig 4 / ref 67]**,"p7, p22"
singh2026moredata,pIC50 values in test set,1323 / 1373 / 176 / 534,count,SARS-CoV-2 Mpro / MERS-CoV Mpro / Picornavirus 2APro / Flavivirus NS3-NS2B **[Fig 4 / ref 67]**,p22
singh2026moredata,PDB entries **before** Boltz-2 cutoff (2023-06-01),743 / 40 / 334 / 423,count,same four targets **[Fig 4]**,p22
singh2026moredata,PDB entries **after** cutoff,1044 / 19 / 594 / 257,count,same four targets **[Fig 4]**,p22
singh2026moredata,MERS-CoV Mpro structures deposited,≤100 total; **40** by the cutoff date,count,PDB **[piece]**,p7–p8
singh2026moredata,"Boltz-2 pose prediction, ZIKV NS3-NS2BPro, ligand ASAP-0016806–001","protein correct, ligand pose **wrong** (""altering key interactions""); **no RMSD given**",qualitative,crystal structure **PDB 7I9J** **[Fig 4 / ref 67]**,"p8, p23"
singh2026moredata,"Boltz-2 pose prediction, WNV NS3-NS2BPro, same ligand","protein correct, **binding pocket misidentified entirely**; **no RMSD given**",qualitative,no experimental reference shown **[Fig 4 / ref 67]**,"p8, p23"
singh2026moredata,Total experimental structures in the PDB,"≥200,000 (from 7 at founding, 1971)",count,"PDB, plotted to ~2025 in Fig 2 **[piece]**","p3, p20"
singh2026moredata,Protein–ligand fraction of the PDB,**<20%**,% of entries,PDB **[piece]**,p4
singh2026moredata,Paired structure–affinity data vs unpaired affinity data vs LLM training scale,"**~15K structures vs 2.9 million measurements vs ""trillions of tokens needed for LLM training""**",counts,the piece's own framing of the bottleneck **[piece]**,p8
singh2026moredata,BindingDB scale,"2.9 million protein–ligand affinity measurements; >9,000 target proteins; ≥1200 pre-defined congeneric series",counts,"**[quoted, ref 38]**","p4, p14"
singh2026moredata,PDBbind scale,"subset of the PDB with affinities drawn from >50,000 publications",count,"**[quoted, ref 39]**",p4
singh2026moredata,Crystal structures needed for docking pose success,**>5 same-scaffold structures passes the point of diminishing returns**; a few structures pose **70%** of candidate ligands within **2 Å**,% and Å,"COVID Moonshot, temporal split **[quoted, ref 5]**","p6, p10"
singh2026moredata,Noise from pooling IC50 across assays,**0.3 log units to more than one order of magnitude**,log units,"drug–target pairs across assays **[quoted, ref 34]**",p14
singh2026moredata,Physics-based drug-residence-time accuracy,"""within an order of magnitude""",orders of magnitude,"**[quoted, refs 31–33, 68]**",p7
singh2026moredata,SBDD adoption,≥65% of successful hit-to-clinic progressions (as of 2023); 33% of programs 2015–2022 used SBDD for hit-finding,%,"**[quoted, refs 2,3]**",p2
singh2026moredata,DMTA attrition,≤1% of initial designs nominated as preclinical candidates,%,"**[quoted, ref 3]**; drawn in Fig 1","p2, p19"
singh2026moredata,Škrinjar benchmark scale,"2,600 protein–ligand systems after quality/diversity filters on PLINDER",count,"**[quoted, ref 28]**",p13
singh2026moredata,Hummer synthetic-data scale,"1,000,000 FoldX + 20,000 Rosetta Flex-ddG synthetic ΔΔG values",count,"**[quoted, ref 29]**",p13
singh2026moredata,SAIR scale,">5,000,000 co-folded 3D structures; >1,000,000 protein–ligand pairs; 5,149 unique protein sequences",count,"**[quoted, ref 66]**",p17
singh2026moredata,BigBind scale,"~583,000 3D pocket structures with ligand activities; ~22M CrossDocked complexes aggregated",count,"**[quoted, ref 40]**",p14–p15
singhal2025fksteering,*(none comparable to a structural result)*,—,—,—,—
skrinjar2026generalization,"Success rate (RMSD < 2 Å & LDDT-PLI > 0.8), AlphaFold3, by SuCOS-pocket bin 0–20 / 20–30 / 30–40 / 40–50 / 50–60 / 60–70 / 70–80 / 80–100",25 / 25 / 28 / 43 / 55 / 67 / 75 / 89,% of system ligands,"deposited post-cutoff X-ray reference; common subset, top-ranked model",p4 (Fig 1E printed bar labels)
skrinjar2026generalization,"Same, Protenix",8 / 11 / 18 / 27 / 43 / 59 / 66 / 86,%,as above,p4 (Fig 1E)
skrinjar2026generalization,"Same, Chai-1",9 / 18 / 13 / 30 / 45 / 59 / 71 / 85,%,as above,p4 (Fig 1E)
skrinjar2026generalization,"Same, Boltz-1",14 / 8 / 24 / 36 / 45 / 55 / 68 / 81,%,as above,p4 (Fig 1E)
skrinjar2026generalization,"Same, additionally PB-Valid — AF3 / Protenix / Chai-1 / Boltz-1 in the 80–100 bin",70 / 74 / 72 / 60,%,"as above + all PoseBusters ""dock"" checks",p4 (Fig 1E)
skrinjar2026generalization,"Same, additionally PB-Valid, in the 0–20 bin",12 / 6 / 9 / 6,%,as above,p4 (Fig 1E)
skrinjar2026generalization,"Oracle ""Best of four top-ranked"" success rate, 0–20 bin → 80–100 bin",~30 → ~97,%,"reference; **oracle selection, not achievable**","p4 (Fig 1A, read from panel)"
skrinjar2026generalization,"Success rate, RMSD < 2 Å only, AF3, 0–20 bin → 80–100 bin",~29 → ~92,%,reference,"p4 (Fig 1B, read from panel)"
skrinjar2026generalization,"n per similarity bin, common subset proper ligands (0–20 … 80–100)",64 / 91 / 149 / 258 / 312 / 376 / 368 / 673,ligands,—,p4 (Fig 1 axis)
skrinjar2026generalization,Share of post-cutoff system ligands with SuCOS-pocket similarity > 50 to training set,75,%,Runs N' Poses itself,p14
skrinjar2026generalization,Share of PoseBusters benchmark complexes with SuCOS-pocket similarity > 50 to training set,87,%,PoseBusters benchmark [19],p14
skrinjar2026generalization,Predictions failing the PoseBusters minimum-distance-to-protein check,22.6,"% of predicted models, across four methods","PoseBusters ""dock"" checks",p5
skrinjar2026generalization,Predictions passing all remaining PoseBusters checks,> 95,% of predicted models,as above,p5
skrinjar2026generalization,"Predictions with LDDT-PLI > 0.8 but RMSD > 2 Å (""top-right"" outliers)",1.6,"% of 229,887 predictions",reference,p19
skrinjar2026generalization,"Predictions with RMSD < 2 Å but LDDT-PLI < 0.8 (""bottom-left"" outliers)",8.3,"% of 229,887 predictions",reference,p19
skrinjar2026generalization,"Systems with LDDT-LP > 0.8, all systems: AF3 / Protenix / Chai-1 / Boltz-1",92 / 91 / 90 / 91,%,reference pocket,p9 (Fig 4 caption)
skrinjar2026generalization,"Systems with LDDT-LP > 0.8, cluster representatives only",87 / 83 / 82 / 83,%,reference pocket,p9 (Fig 4 caption)
skrinjar2026generalization,"Mean sequence identity and pocket coverage to closest training system, from the 30–40 bin upward","> 60 seq. id., > 80 pocket coverage",%,closest training system,p8
skrinjar2026generalization,ROC-optimal ligand-protein chain-pair iPTM threshold: AF3 / Protenix / Chai-1 / Boltz-1,0.92 / 0.99 / 0.75 / 0.95,iPTM,fitted in-sample on the evaluation set,p11
skrinjar2026generalization,ROC-optimal protein-ligand chain-pair iPTM threshold: Chai-1 / Boltz-1,0.60 / 0.53,iPTM,fitted in-sample,p12 (Fig 6F legend)
skrinjar2026generalization,iPTM-based success-classification accuracy across bins: Boltz-1 vs the other three,70–90 vs < 75,% (class-balanced 250 pos / 250 neg per bin),reference-derived labels; in-sample threshold,p13
skrinjar2026generalization,"Boltz-1 (2021 cutoff) success rate, 0–20 → 80–100 bin",~17 → ~85,%,reference,"p6 (Fig 2A, read from panel)"
skrinjar2026generalization,"Boltz-2 (2023 cutoff) success rate, 0–20 → 80–100 bin",~9 → ~90,%,reference,"p6 (Fig 2A, read from panel)"
skrinjar2026generalization,n / m per bin in the Boltz-1 vs Boltz-2 arm (0–20 … 80–100),n = 30/34/46/67/118/151/154/284; m = 21/28/41/60/95/159/160/320,system ligands,—,p6 (Fig 2A axis)
skrinjar2026generalization,Runs N' Poses systems remaining as the cutoff advances Q1 2021 → Q4 2023,"2,579 → 707 total; 707 → 129 with similarity < 50",systems,PDB release date,p6 (Fig 2B labels)
skrinjar2026generalization,"Success rate vs number of analogous training systems (0–2 … 2500–60000), AF3",~62 / ~55 / ~53 / ~74 / ~70 / ~81,%,reference,"p7 (Fig 3A, read from panel)"
skrinjar2026generalization,n per prevalence level (0–2 / 2–10 / 10–100 / 100–500 / 500–2500 / 2500–60000),"1,364 / 186 / 193 / 93 / 84 / 372",system ligands,—,p7 (Fig 3A axis)
skrinjar2026generalization,"n per similarity bin, distinct ligands only (Fig 3B)",51 / 79 / 132 / 233 / 269 / 315 / 276 / 387,system ligands,—,p7 (Fig 3B axis)
skrinjar2026generalization,"n per similarity bin, clustered + distinct (Fig 3C)",37 / 55 / 89 / 109 / 88 / 83 / 50 / 58,cluster representatives,—,p7 (Fig 3C axis)
skrinjar2026generalization,Redundancy clusters,"789 in common subset out of 1,017 total",clusters,SuCOS-pocket > 50 community clustering,p7
skrinjar2026generalization,Largest clusters (top 3),"171 (SARS-CoV-2 3CLpro, rep. 7EN9), 136 (SIK3, rep. 8OKU), 100 (PDE10, rep. 5SH0)",systems,—,p28 (Table S1)
skrinjar2026generalization,"Total predictions analysed, common subset","229,887",predicted models,—,p18
stein2022speachaf,Targets on which both conformations were generated,11 of 12 (all except CGRPR),count,TM-score plots vs two deposited endpoint structures per target; **no threshold stated**,p13
stein2022speachaf,Targets in the post-cutoff stratum (both states outside AF2 training),8,count,Training-set membership inherited from ref [7],"p3, p6"
stein2022speachaf,Transporters in that stratum whose breadth and endpoint correspondence increased,"5 of 5 (MCT1, STP10, Lat1, ZnT8, ASCT2)",count,"""the breadth of variability and correspondence to the two experimental structures increased in all cases""",p8
stein2022speachaf,GPCRs in that stratum whose inter-state breadth increased,"2 of 3 (PTH1R, FZD7 yes; CGRPR no)",count,Visual comparison of TM-score plot breadth,p8
stein2022speachaf,Targets in the training-set-overlap stratum (one state inside AF2 training),"4 (MurJ, PfMATE, SERT, CCR5)",count,Training-set membership inherited from ref [7],"p3, p9"
stein2022speachaf,Targets in that stratum generating alternate conformations,"4 of 4, but two only weakly (PfMATE ""hardly any""; SERT ""not completely in the direction"")",count,TM-score plots vs deposited structures,"p9, p11"
stein2022speachaf,AK: RMSD between the two reference crystal structures,7.2,Å,4ake (open) vs 1ake (closed),p4
stein2022speachaf,AK: TM-score between the two reference crystal structures,0.68,"TM-score (dimensionless, 0–1)",4ake vs 1ake; drawn as the dashed line in Figs 2C and 2E,"p4, p5"
stein2022speachaf,AK: sliding-window sets of interacting residues identified,21,count of mutated-MSA variants,11-residue window over pLDDT-truncated chain,p4
stein2022speachaf,AK: models generated from mutated MSAs,315,models,21 sets × 15 models,p4
stein2022speachaf,AK: total models scored (mutated + unmodified),330,models,22 sets × 15,p4
stein2022speachaf,AK: modal MolProbity score range,1.6–1.9,MolProbity score,"Histogram of all 330 models, Fig 2D",p4
stein2022speachaf,RBP: sliding-window sets,27,count,11-residue window,p6
stein2022speachaf,RBP: total models scored,420,models,28 sets × 15,p6
stein2022speachaf,RBP: models surviving the MolProbity filter,315 of 420 (75%),models,Set-level rejection at >1 SDM above the median,p6
stein2022speachaf,Models generated per MSA variant,15,models,"3 ColabFold runs × 5 AF2 model parameter sets, seed varied per run","p3–4, p14"
stein2022speachaf,Alanine-scanning window length,11 (also tested at 8 and 5 on AK; 3 on ubiquitin),residues,Justified by expected size of transmembrane helices and by model count,p12
stein2022speachaf,Contact cutoff defining residues to mutate,4,Å,"Justified to ""encompass polar and ionic interactions including those mediated by water""",p14
stein2022speachaf,Primary-sequence exclusion window for contact partners,4,residues,"Justified ""To keep from destabilizing secondary structure""",p14
stein2022speachaf,MolProbity set-rejection threshold,mean of set > median of all + 1 SDM,MolProbity score,All models for that target,"p4, p14"
stein2022speachaf,"PfMATE, directed arm: conversion of outward-open to inward-open","100% of models (""all of the models generated from the mutated MSA"")",proportion,Visual conformational call; supporting panel in unheld SI (Fig H),p11
stein2022speachaf,"LmrP, directed arm: outcome","""mostly outward-open conformations that match the experimental structure"" — **no count given**",qualitative,Single experimental outward-open structure; panels in unheld SI (Fig I),p11
stein2022speachaf,"LmrP, unmodified MSA: models not inward-open","4 (judged misfolded, ""partially open on both sides"")",models,PCA + visual inspection; panels in unheld SI,p11
stein2022speachaf,ColabFold / AF2 parameter version,v2.1,version,—,p11
stein2022speachaf,Ubiquitin control: additional conformations found,"0 (""lack of any new conformations"")",count,PCA overlap with NMR ensembles; all panels in unheld SI (Fig K),p12–13
stein2022speachaf,PCA variance explained by PC1 / PC2,**NOT REPORTED** — never given for any target,%,—,"Figs 2F/H, 3F, 4D, 5D"
stein2022speachaf,"Models surviving filtering, per membrane-protein target",**NOT REPORTED** — given only for AK and RBP,models,—,"Figs 4C, 5C"
stein2022speachaf,Total models generated across the study,**NOT REPORTED** — only AK (330) and RBP (420) are stated,models,—,—
stein2022speachaf,Any per-target TM-score value for the membrane proteins,"**NOT REPORTED** in the main text — readable only from the scatter plots; ""best model based on TM score"" panels are in the unheld SI",TM-score,—,"p8, p10"
stein2022speachaf,"Runtime, GPU-hours or compute cost",**NOT REPORTED** — only the qualitative statement that smaller windows increase compute time,—,—,p12
stein2022speachaf,Head-to-head numbers vs the MSA-subsampling comparator,**NOT REPORTED** — the comparator was not re-run; its outcomes are quoted from ref [7] as prose,—,—,"p9, p13"
sun2026kinconfbench,"Kinase conformational classification accuracy, all models",∼65–75,%,8-of-8 KinCoRe label match to deposited reference,p1
sun2026kinconfbench,"Top-1 → Top-20 accuracy gain, Boltz-2",+11.4,percentage points,"same, top-K by pLDDT rank, K = 1 vs 20",p7
sun2026kinconfbench,"Top-1 → Top-20 accuracy gain, Chai-1",+12.6,percentage points,same,p7
sun2026kinconfbench,"Top-1 → Top-20 accuracy gain, Protenix",+12.1,percentage points,same,p7
sun2026kinconfbench,"Top-20 system success rate, Boltz-2 / Protenix / Chai-1","≈82 / ≈81 / ≈76 (read off Figure 2b; exact values are in Supplementary Table S3, **not held**)",% of 950 systems,same,p7
sun2026kinconfbench,Top-1 system success rate,"**NOT REPORTED numerically** in the main text; ≈70.6 / ≈69 / ≈63.4 by subtracting the stated gains from the Figure 2b endpoints — derived, not printed",% of 950 systems,same,p7
sun2026kinconfbench,Sampling-count effect (accuracy vs K),"monotone rise from K = 1, visually plateauing by K ≈ 10–15, all three models",% vs K (1–20),Figure 2b curve,p7
sun2026kinconfbench,Ensemble bimodality,>500 of 950 systems at 20/20 correct and ≈175 at 0/20 (Boltz-2); ≈475 and ≈180 (Protenix); ≈400 and ≈225 (Chai-1) — read off Figure 2c,number of systems per bin,count of top-20 samples matching all 8 labels,p7
sun2026kinconfbench,"Within-ensemble distance dispersion, all models",∼0.1,Å (std. dev. across 20-member ensemble),"509-system diversity subset, all-label-correct poses only",p9
sun2026kinconfbench,"Within-ensemble angle dispersion, all models","< 5 (exception: Chai-1 Asp χ2, median ≈7, upper quartile ≈12 from Figure 4)",° (std. dev.),same,p9
sun2026kinconfbench,"Reference scale for ""normal"" fluctuation (literature, refs 43–44)",RMSF ∼1–2 Å; dihedral ranges 5–30,Å; °,stable protein conformations,p10
sun2026kinconfbench,"Apo-drift, training split: Holo-State fraction","≈40 (Boltz-2, Protenix); ≈30 (Chai-1)",% of systems,"KinCoRe match to deposited holo, 0 matches to apo",p11
sun2026kinconfbench,"Apo-drift, training split: Apo-Drift fraction","≈40, all three models",% of systems,"KinCoRe match to deposited apo, 0 matches to holo",p11
sun2026kinconfbench,"Apo-drift, test split (post-cutoff): Holo-State fraction",≈9 (Boltz-2); ≈25 (Chai-1); ≈22 (Protenix) — read off Figure 5 test panel,% of systems,same,p11
sun2026kinconfbench,Training-data deposition cutoffs,Boltz-2 2023-06-01; Chai-1 2021-01-12; Protenix 2021-09-30,date,first PDB appearance of the holo ligand combination,p10
sun2026kinconfbench,Apo-drift split sizes (train / test systems),Boltz-2 212 / 22; Chai-1 182 / 52; Protenix 194 / 40,systems,holo/apo pairs with differing KinCoRe labels,p11
sun2026kinconfbench,Geometric success thresholds,lDDT-Cα ≥ 0.7; lDDT-PLI ≥ 0.8; ligand RMSD < 2.0,unitless; unitless; Å,"deposited complex, following refs [2, 17]",p6
sun2026kinconfbench,Geometric filter yield,"950 of 1,420 (66.9%)",systems where all three models give ≥1 valid pose in 20,geometric thresholds above,p6
sun2026kinconfbench,Joint-failure set,110,kinases where all three models fail on state,"8-of-8 KinCoRe match; list in Supplementary Table S4, **not held**",p8
sun2026kinconfbench,Diversity subset,509,systems with ≥10 all-correct in top-20 for every model,KinCoRe label match,p9
sun2026kinconfbench,Benchmark size,"2,225 unique chains; 1,420 unique systems; 236 apo chains / 43 apo gene targets; 1,989 holo chains / 1,377 unique protein–ligand pairs","chains, systems",—,"p3, p5"
sun2026kinconfbench,Curation attrition,"7,763 PDB entries → 7,638 chains → 6,703 high-quality → 4,564 WT noncovalent → 2,900 unphosphorylated → 2,225 unique",chains,"curation pipeline, Figure 1a","p3–5, p5"
sun2026kinconfbench,Dataset composition,"1 ligand 1,781; no ligand 236; 2+ ligands 208; Active 1,020; Inactive 1,205",chains,Figure 1b bar labels,p5
sun2026kinconfbench,Valid-label check,"all predictions from all models fall in the 12 PDB-observed label combinations (of 36 theoretical); zero ""forbidden"" geometries",—,"Supplementary Table S2, **not held**",p6
suzuki2026conforflux,"Per-state success, domain motion (n=38)","**76.3 ± 4.8** vs default (X-ray) 65.8 ± 5.3, default (MD) 64.5 ± 5.7 → **+10.5 pp**","% of (target, state) pairs, ±std over 1000 bootstraps","min Cα Kabsch RMSD to either of 2 references ≤ 2.0 Å, best of 500",p5 (Table 1)
suzuki2026conforflux,"Per-state success, transporter (n=35)","**71.4 ± 5.6** vs default (X-ray) 54.3 ± 6.1, default (MD) 48.6 ± 6.2 → **+17.1 pp** (largest category gain); ties BioEmu's 71.4 ± 5.4",%,"same, τ = 2.0 Å",p5 (Table 1)
suzuki2026conforflux,"Per-state success, cryptic pocket (n=33)",**65.2 ± 5.6** vs default (X-ray) 54.5 ± 6.2 → **+10.7 pp**,%,τ = 1.0 Å on BioEmu pocket residues,p5 (Table 1)
suzuki2026conforflux,"Per-state success, fold switching (n=15)","**60.0 ± 8.8** vs default (X-ray) 56.7 ± 9.3 → **+3.3 pp** (= one (target,state) pair); ranks **2nd**, behind Boltz-sample 63.3 ± 8.5",%,τ = 3.0 Å full structure,p5 (Table 1)
suzuki2026conforflux,"Per-category improvement over default, summary","**3.3–17.1 pp** (abstract rounds to ""3–17 percentage points"")",pp,default (X-ray) Boltz-2,"p1, p5"
suzuki2026conforflux,"Fill ratio, four categories (ConforFlux)",0.44 / 0.41 / 0.44 / 0.23 vs default (X-ray) 0.28 / 0.23 / 0.30 / 0.16,fraction of 100 bins on the inter-reference TM segment,FR-eligible n = 38 / 35 / 28 / 13 (T_ref < 0.95),"p5 (Table 1), p19"
suzuki2026conforflux,Per-state success by difficulty — easy (n=49),**90.8 ± 2.9** vs default 86.7 ± 3.5 → **+4.1 pp**; tied with CF-random,%,difficulty binned on default Boltz-2 worst-case-min RMSD over 500 samples (<2 Å),p6 (Table 2)
suzuki2026conforflux,Per-state success by difficulty — medium (n=35),**67.1 ± 5.8** vs default 47.1 ± 5.9 → **+20.0 pp**,%,2–4 Å bin,p6 (Table 2)
suzuki2026conforflux,Per-state success by difficulty — hard (n=37),"**44.6 ± 5.8** vs default 31.1 ± 5.4 → **+13.5 pp**; ""the largest gain among all methods""",%,≥ 4 Å bin,"p5, p6 (Table 2)"
suzuki2026conforflux,**Post-cutoff transporter 2 Å success — ConforFlux**,"**9/12 (75%)**, mean worst-case RMSD **1.80 Å**",targets / n=12; Å,"τ = 2.0 Å, ≥1 reference released after 2023-06-01",p7 (Table 4)
suzuki2026conforflux,**Post-cutoff transporter 2 Å success — default Boltz-2**,"**4/12 (33%)**, mean worst-case RMSD **2.54 Å**",targets / n=12; Å,"same 12 pairs, same MSA and sample count",p7 (Table 4)
suzuki2026conforflux,Post-cutoff — EGF ported to Boltz-2 (our reproduction),"5/12 (42%), 2.11 Å",targets / n=12; Å,"same 12 pairs, same backbone/MSA/sample count",p7 (Table 4)
suzuki2026conforflux,"Post-cutoff — original AF2-backbone EGF (**cited, not run**)","10/12 (83%), 1.81 Å",targets / n=12; Å,Wu & Feng Table 3,p7 (Table 4)
suzuki2026conforflux,Post-cutoff significance,one-sided Wilcoxon **p = 0.0017** vs default; **p = 0.0007** vs EGF-on-Boltz-2; both Bonferroni-significant,"p-value, n=12 paired",worst-case min RMSD per target,p6
suzuki2026conforflux,"Post-cutoff per-target, largest ConforFlux gains",NaS1 7.04 → **1.62** Å; VMAT2 2.58 → **1.50** Å; OCT1 2.70 → **1.58** Å,"Å worst-case min Cα RMSD, best of 500","default Boltz-2, same target","p6, p20 (Table 9)"
suzuki2026conforflux,Post-cutoff per-target failures,NrtBCD fails in all four columns (2.25 / 2.25 / 2.29 / 2.60 Å); ZnT7 3.41 / 3.46 / 3.46 / 1.87 Å (only AF2-EGF succeeds); ConforFlux uniquely succeeds on ABCG25 (1.82 Å),Å,2.0 Å threshold,"p6, p20 (Table 9)"
suzuki2026conforflux,"Clashscore, ConforFlux",**10.84** vs default (X-ray) 10.20 and default (MD) 10.97; all other baselines 11.99–83.42,MolProbity clashes / 1000 atoms,pooled across four categories,"p5, p6 (Table 3)"
suzuki2026conforflux,"Cα bond-length RMSD / Ramachandran, ConforFlux","0.032 Å / 98.78% favoured, 0.05% outliers vs default 0.030 Å / 98.81%, 0.04%",Å; %,default (X-ray),"p6 (Table 3), p17"
suzuki2026conforflux,Fraction of samples with min RMSD_ref > inter-reference RMSD,"ConforFlux **13.2%** (all) / **11.8%** (clashscore ≤ 20) vs default (X-ray) 8.6 / 7.1, default (MD) 19.1 / 17.1, AF-cluster 37.2 / 9.0, ConforMix-RMSD-Boltz-1 42.2 / 3.8",% of samples,inter-reference RMSD per target,"p6 (Table 3), p18 (Table 8)"
suzuki2026conforflux,**DAT inward-state hits**,ConforFlux **35/500**; default **0/500**,"samples, n=1 target","nearest-reference classification at 0.3 Å margin, extended σ ∈ [0,5] Å sweep","p7, p24"
suzuki2026conforflux,"DAT inward mechanism metrics (ConforFlux confident-inward, n=35 vs cryo-EM 8Y2C/E/F mean)",R85–D476 **10.09 vs 10.11 Å**; F76–G425 **11.12 vs 11.21 Å**; F76 displacement **5.58 vs 6.12 Å**; TM1a tilt **38.0 vs ≈25°** (the one disagreement),Å; degrees,experimental inward ensemble,"p7–p8, p24 (Table 11)"
suzuki2026conforflux,DAT default ensemble R85–D476 range,"[10.86, 13.45] Å over all 500 samples — ""reaches neither anchor"" (experimental outward 14.58, inward 10.11 Å)",Å,cryo-EM anchors,p24
suzuki2026conforflux,DAT ConforFlux outward class,"246 classified outward; **114 reach the ≥14.0 Å outward anchor**, 132 lie between",samples of 500,experimental outward R85–D476,p24
suzuki2026conforflux,DAT under the **shipped** σ set,"**0** confidently-inward, 90 boundary Inward/Occluded, outward-class mean R85–D476 13.10 Å",samples of 500,"same references, σ ∈ {0.5,1.0,1.5,2.0,2.5} Å",p25 (L.5)
suzuki2026conforflux,Per-residue RMSF correlation to inter-reference \|ΔCα\|,oligopeptidase B 0.29 → **0.92**; bcMalT EIIC 0.39 → **0.94**,Pearson r,"default Boltz-2, same target",p5
suzuki2026conforflux,"Two illustrative targets, both-reference reach",default within 1.3 Å of one reference but misses the alternate by 3.8–5.0 Å; ConforFlux reaches both within **1.91 Å**,Å,2 references per target,p5
suzuki2026conforflux,"Boltz-2 confidence, default vs ConforFlux",per-category medians differ by ≤ **0.01**; upper 90th percentiles by ≤ **0.005**,0.8·pLDDT + 0.2·pTM,five evaluation categories,p17
suzuki2026conforflux,Ablation: kernel bandwidth σ (10 targets),σ=0.5 → 3.55 ± 2.60 Å; **σ=1.0 → 2.99 ± 2.04** (best); σ=2.0 → 3.11 ± 2.26; σ=4.0 → 4.17 ± 1.90; σ=8.0 → 5.33 ± 2.75,Å worst alt-RMSD ± SD,"held alternate reference, 10 evaluation-set targets",p22 (Table 10)
suzuki2026conforflux,Ablation: particle count M (10 targets),M=3 3.69; M=5 3.11; **M=7 2.81** (best); M=9 3.36; M=11 3.62 — clashscore rises monotonically 9.9 → 16.9,Å; clashscore,same,p22 (Table 10)
suzuki2026conforflux,Ablation: update interval k,k=1 3.89; k=2 3.19; **k=3 3.11**; k=5 3.35; k=10 3.24,Å worst alt-RMSD,same,p22 (Table 10)
suzuki2026conforflux,Ablation: embedding target,s̄ only 2.74 Å / clash 9.9; **z̄ only 2.17 Å** / clash 11.3; **both (the shipped choice) 3.11 Å / clash 12.4** — worse than either alternative on both,Å; clashscore,same,"p21, p22 (Table 10)"
suzuki2026conforflux,Ablation: adaptive scaling factors of Eq. (2),**both on 2.25 ± 1.82 Å** / clash 10.8; noise scaling off 3.37 / 10.2; kernel saturation off 2.41 / 13.4; both off 3.09 / 9.9,Å; clashscore,"same 10 targets, σ-sweep protocol, 25 samples/target","p21, p22 (Table 10)"
suzuki2026conforflux,Computational overhead,diffusion time 25 → 56 s (**2.2×**); peak GPU memory 3.9 → 21.8 GB (**5.6×**); with gradient checkpointing 70 s (2.8×) and 10.8 GB (2.8×); 2 targets >800 residues OOM without checkpointing,s; GB,"default Boltz-2, single H100 PCIe 80 GB, M=5",p20
suzuki2026pairscaling,"Dual-state coverage, OC23, vanilla",43,% of targets (TM ≥ 0.8 to both refs),"23 OC23 targets, 50 models",p3
suzuki2026pairscaling,"Dual-state coverage, OC23, Boltz-sample",78,% of targets,"23 OC23 targets, 500 models",p3
suzuki2026pairscaling,"Dual-state coverage, OC23, MSA clustering",70,% of targets,"23 OC23 targets, 500 models",p3
suzuki2026pairscaling,"Dual-state coverage, TP16, vanilla",25,% of targets,"20 TP16 constructs, 50 models",p3
suzuki2026pairscaling,"Dual-state coverage, TP16, Boltz-sample",70,% of targets,"20 TP16 constructs, 500 models",p3
suzuki2026pairscaling,"Dual-state coverage, TP16, MSA clustering",85,% of targets,"20 TP16 constructs, 500 models",p3
suzuki2026pairscaling,"Dual-state coverage, MS15, vanilla",33,% of targets,"15 MS15 targets, 50 models",p4
suzuki2026pairscaling,"Dual-state coverage, MS15, Boltz-sample",80,% of targets,"15 MS15 targets, 500 models",p4
suzuki2026pairscaling,"Dual-state coverage, MS15, MSA clustering",93,% of targets,"15 MS15 targets, 500 models",p4
suzuki2026pairscaling,"Best-min TM-score, OC23, all methods",~0.9 (medians),TM-score,2 reference structures per target,p3
suzuki2026pairscaling,"Best-min TM-score shift, MS15, Boltz-sample vs vanilla",p < 0.01 (paired Wilcoxon signed-rank),—,15 paired targets,p4
suzuki2026pairscaling,"Method-specific additional sampling time, Boltz-sample and MSA subsampling",< 10⁻²,s per prediction,overhead beyond shared Boltz-2 inference,p3
suzuki2026pairscaling,"Success-curve AUC, MS15, sign-based selection",0.58,AUC of success rate vs TM threshold,15 MS15 targets,p7
suzuki2026pairscaling,"Success-curve AUC, MS15, oracle",0.60,AUC,15 MS15 targets,p7
suzuki2026pairscaling,"Success-curve AUC, MS15, random",0.47,AUC,15 MS15 targets,p7
suzuki2026pairscaling,"Success-curve AUC, OC23 (oracle / random / per-β / sign)",0.75 / 0.62 / 0.68 / 0.68,AUC,23 OC23 targets,"Fig. 6B legend, p8 — read from render, digits low-confidence"
suzuki2026pairscaling,"Success-curve AUC, TP16 (oracle / random / per-β / sign)",0.63 / 0.44 / 0.57 / 0.56,AUC,20 TP16 constructs,"Fig. 6B legend, p8 — read from render, digits low-confidence"
suzuki2026pairscaling,Sequence-only: targets improved by ΔTM ≥ +0.05,18 (31%),targets (% of combined 58),vanilla seq-only vs Boltz-sample seq-only,"p5, Table 1 p7"
suzuki2026pairscaling,Sequence-only: targets worsened by ΔTM ≤ −0.05,1 (1.7%),targets (%),vanilla seq-only vs Boltz-sample seq-only,"p5, Table 1 p7"
suzuki2026pairscaling,"Sequence-only best-min TM gain, MFSD2A (out), TP16",+0.210 (0.581 → 0.791),TM-score,vanilla seq-only,"Table 1, p7"
suzuki2026pairscaling,"Sequence-only best-min TM gain, P40131, OC23",+0.176 (0.284 → 0.460),TM-score,vanilla seq-only,"Table 1, p7"
suzuki2026pairscaling,"Sequence-only best-min TM loss, B3EYN2, OC23",−0.059 (0.718 → 0.659),TM-score,vanilla seq-only,"Table 1, p7"
suzuki2026pairscaling,"Uniform vs Laplacian scaling, best-min TM and fill-ratio",no detectable difference,—,"OC23, TP16, MS15","p6, Fig. 5 p7"
suzuki2026pairscaling,"Dual-state coverage, AF3 Server (OC23 / TP16 / MS15)",17 / 15 / 13,% of targets,"5 models per target, default protocol","Figs. 2–3, p4–p5 — read from render, low-confidence"
suzuki2026pairscaling,Dual-state threshold,0.8,"TM-score, both states",definition,"p3, p11"
suzuki2026pairscaling,MS15 dataset-construction criterion,≤ 0.85,pairwise TM-score between the two reference states,definition,"p4, p9"
swapna2025memorization,"Cα RMSD, ZnT8 inward-open, conventional AF2",2.00,Å,cryoEM 6xpf chain A,"7, 8"
swapna2025memorization,"Cα RMSD, ZnT8 outward-open, ESM-AF2",1.09,Å,cryoEM 6xpf chain B,"7, 8"
swapna2025memorization,"RMSD, 4 additional SLC proteins, ESM-MODELLER","""< 1 - 2""",Å,"""experimental models where available""",11
swapna2025memorization,"Alternative state recovered with shallow MSAs, one-state-in-training bin",1 of 5 (SLC19A1),proteins,expected alternative state,6
swapna2025memorization,"Alternative state recovered with shallow MSAs, no-structure-in-training bin",1 of 3 (SLC19A2),proteins,expected alternative state,6
swapna2025memorization,"AF2 full-MSA bias direction, one-state bin","4 outward-open, 1 inward-open",proteins,state available for training,6
swapna2025memorization,"Alternative-state models, AF-alt on SLC35F2",0 of 480,models,inward-open call,10–11
swapna2025memorization,"Alternative-state models, AF_Sample on SLC35F2","0 of 3,000",models,inward-open call,10–11
swapna2025memorization,"Alternative-state models, AF_Sample2 on SLC35F2","0 of 3,000",models,inward-open call,10–11
swapna2025memorization,AF_Sample on flipped SLC35F2 sequence,"""exclusively inward-open"" (count NOT REPORTED)",models,inward-open call,11
swapna2025memorization,"ESM-AF3 template flip-back, of the 6 where ESM-AF2 flipped","4 of 6 flipped back; 2 of 6 held (SLC19A1, SLC19A2)",proteins,supplied ESM template state,11–12
swapna2025memorization,Additional proteins where both ESM-AF2 and ESM-AF3 honoured the template,2,proteins,supplied template state,12
swapna2025memorization,ESM-MODELLER success on the 4 additional proteins,4 of 4 (both states),proteins,EC map + experimental where available,11
swapna2025memorization,SLC35F2 sequence identity to SLC35 members of known structure,< 12,%,SLC35 subfamily,10
swapna2025memorization,"cryoEM resolution, ZnT8 6xpd / 6xpde / 6xpf",3.9 / 4.1 / 5.1,Å,—,7
swapna2025memorization,"X-ray resolution, SLC35A1 6i1r / Vrg4 5oge",3.22 / 2.80,Å,—,9
swapna2025memorization,Contact definition,< 10.0,"Å, Cα–Cα",CMview,4
swapna2025memorization,NeBcon EC probability threshold,0.7,probability,—,4
swapna2025memorization,ESMfold masking rate,0.15,fraction,—,5
swapna2025memorization,AF-alt runtime per run,< 3,hours,4× A100 HGX,5
swapna2025memorization,"*(cited, not measured here)* AF2+AF3 success on fold-switch alternative states, Porter and co-workers",35,%,">280,000 models",14
swapna2025memorization,"*(cited, not measured here)* Lazou et al. open+closed both recovered",6 of 16,proteins,—,14
swapna2025memorization,"*(cited, not measured here)* Cfold alternative conformations at TM-score > 0.8",> 50,%,nonredundant alternative pairs,14
tang2026steeraf,"Benchmark size, domain motion",16,systems,"Table 1, dataset from ref 20 (BioEmu, Lewis *et al.* 2025)",p5
tang2026steeraf,"Benchmark size, oc23 (open–close)",23,systems,"Table 1, dataset from ref 11 (AFsample2)",p5
tang2026steeraf,"Benchmark size, tp16 (transmembrane)","15 (of 16; SPF1 dropped, OOM)",systems,"Table 1, dataset from ref 11 (AFsample2)",pp4–5
tang2026steeraf,"Benchmark size, fold switch",15,systems,"Table 1, datasets from refs 9 and 21",p5
tang2026steeraf,Benchmark total,69,systems,sum of the four; all named in Fig S1,"p5, p34"
tang2026steeraf,"Inter-state TM-score, domain motion",0.6813 / 0.8370 / 0.5070,TM-score (mean/max/min),reference conformation A vs B,p5
tang2026steeraf,"Inter-state TM-score, oc23",0.5009 / 0.6450 / 0.3790,TM-score (mean/max/min),reference A vs B,p5
tang2026steeraf,"Inter-state TM-score, tp16",0.7892 / 0.9690 / 0.3730,TM-score (mean/max/min),reference A vs B — **max 0.969 means globally-similar pairs are retained**,p5
tang2026steeraf,"Inter-state TM-score, fold switch",0.6672 / 0.9004 / 0.4817,TM-score (mean/max/min),reference A vs B,p5
tang2026steeraf,"Best TM-score, all methods, 4 datasets","~0.84–0.95 band; SteerAF at or near top on domainmotion, oc23, tp16; **below Boltz-sample and AFsample3 on foldswitch**",TM-score,best-of-N prediction vs alternative reference,Fig 1B p4; per-system Fig S1 p34; per-metric Fig S2 p35. **Numeric values NOT REPORTED — plotted only**
tang2026steeraf,"Best RMSD, all methods, 4 datasets","plotted, ~0–7 Å range",Å,best prediction vs alternative reference,Fig S2 p35. **Numeric values NOT REPORTED**
tang2026steeraf,"Near-best run ratio, SteerAF, mean over all systems","**55.1%**, ""reaching close to 100% for some systems""",fraction of runs,runs containing a prediction with TM ≥ 0.97 × TM_best,p7
tang2026steeraf,Near-best run ratio vs competitors,"""SteerAF achieves a higher near-best run ratio while maintaining a comparable best TM-score""",—,"ConforMix, Boltz-sample, AFsample3","p7, Fig 2A p8"
tang2026steeraf,Sampling saturation point,10–20 runs ≈ 70–140 predicted structures,runs / structures,"""most systems reached relatively saturated prediction performance""",p7
tang2026steeraf,"Reference-free selection success, SteerAF",**85% (39/46)**,systems,"both conformations recovered as distinct clusters, ≥50% of a cluster each","pp3, 9"
tang2026steeraf,"Reference-free selection, CF-random comparator",81% (26/32),systems,"its own in-house fold-switch dataset, blind mode (ref 9)",p9
tang2026steeraf,"Reference-free selection, AFsample3 comparator","top-1 77%, top-10 89%",conformations (n = 238),"scored per conformation, not per protein (ref 44)",p9
tang2026steeraf,AAC3_OUT cluster purity,cluster 0 captured >99% of alternative conformations; both clusters >74% pure; cluster 0 contained no default conformations,%,reference-labelled predictions,"p9, Fig 3D p10"
tang2026steeraf,PGK1 functional-residue recovery,"precision 15%–50%, recall >60% across L1 threshold 0.3–0.5",precision / recall,14 curated sites (Table S2) out of 416 residues,"p11, Fig 4B p13"
tang2026steeraf,PGK1 random-selection baseline,**3.4% (14/416)**,precision,chance,p11
tang2026steeraf,Abstract summary of residue recovery,"""approximately 50% precision"", ""recall above 50%"", ""across two tested protein systems""",precision / recall,PGK1 + hβ2AR curated sets,"pp1, 3"
tang2026steeraf,hβ2AR functional-residue recovery,"plotted precision/recall vs L1 threshold; ""far more reliable than random selection""",precision / recall,"curated set, Table S3","p12, Fig 4B p13. **Numeric values NOT REPORTED**"
tang2026steeraf,BGA vs GA,"median best TM-score **+0.009**; >0.05 better on 7 systems, clearly worse on 3",ΔTM-score,SteerAF-GA (dense gradient),"p19, Fig S6 p39"
tang2026steeraf,Gradient regularization (exp / unit / norm),"""no significant difference in overall performance on the full dataset""",—,each other,"p20, Figs S6 p39, S7 p40"
tang2026steeraf,SteerAF prediction budget,"**420** = 60 runs × 7 steps; 𝜌 ∈ {10%, 5%}, lr ∈ {2e-2, 2e-3}; 10 runs at 𝜌=10%, 20 at 𝜌=5%",models per target,Table 2,p6
tang2026steeraf,"Runtime, SteerAF",**1.35 (0.17–5.50)**,A800-equivalent GPU wall-clock hours per target,Table 2,p6
tang2026steeraf,"Runtime, ConforMix",2.73 (0.52–8.88) at 800 models,GPU h per target,Table 2,p6
tang2026steeraf,"Runtime, Boltz-sample",0.42 (0.09–1.28) at 500 models,GPU h per target,Table 2,p6
tang2026steeraf,"Runtime, AFsample3",0.47 (0.11–1.30) at 500 models,GPU h per target,Table 2,p6
tang2026steeraf,"Runtime, AlphaFold3",1.20 (0.43–3.42) at 1000 models,GPU h per target,Table 2,p6
tang2026steeraf,"Runtime, AFsample2",3.65 (0.42–13.98) at 500 models,GPU h per target,Table 2,p6
tang2026steeraf,"Runtime, MSAsubsample",2.15 (0.22–8.27) at 500 models,GPU h per target,Table 2,p6
tang2026steeraf,"Runtime, AlphaFold2",8.58 (1.10–28.70) at 1000 models,GPU h per target,Table 2,p6
tang2026steeraf,Multi-state failure rate (in-house set),"7/18 one conformation, 7/18 two, 2/18 three or more",proteins,"in-house 18-protein multi-conformation dataset (sums to 16, not 18)",p14
tang2026steeraf,"MD conformational-space expansion, MdfA","predictions 123 cells vs MD 437 cells; 356 cells new; "">threefold""",2.0-PC grid cells,prediction ensemble vs 2.5 µs MD,"pp3, 12"
tang2026steeraf,MD aggregate sampling,"50 seeds × 50 ns = **2.5 µs** per system; 25,050 frames",µs,MdfA and AAC3,"pp12, 24, Fig 5 p15, Fig S5 p38"
tang2026steeraf,Targeted-MD convergence,final RMSD **0.6–1.2 Å** to each of 50 assigned targets,Å,assigned seed structures,p12
tang2026steeraf,MdfA basin RMSDs to references,B1/6VS1 1.52; B2/6VS1 1.10; B4/6GV1 1.96,Å,deposited MdfA structures,"Fig 5C, p15"
tang2026steeraf,AAC3 basin RMSDs to references,B1/4C9J 1.29; B2/4C9J 1.23; B4/4C9J 2.12; B5/6GCI 2.06; B6/6GCI 2.38; B7/6GCI 2.79; B8/4C9J 1.16; B3/6GCI 4.20,Å,"4C9J (c-state), 6GCI (m-state)","Fig S5, p38"
tang2026steeraf,Default hyperparameters,"T=6, N=10–20, K=3, thr_mask=4, K_p=3, 𝜆ₚ=0.50, 𝜌=5%, lr=2×10⁻²",—,Table S1,p32
tang2026steeraf,Recommended range for new systems,"𝜌 ≤ 20%, lr ≤ 2e-2",—,derived from the PF0708 failure,p16
tejero2024opsin,"PDB accession, JSR1-jsGiq_1",**9EPP**,—,Protein Data Bank deposition,p12
tejero2024opsin,"PDB accession, JSR1-jsGiq_2",**9EPQ**,—,Protein Data Bank deposition,p12
tejero2024opsin,"PDB accession, JSR1-hGi (without the AHD)",**9EPR**,—,Protein Data Bank deposition,p12
tejero2024opsin,"EMDB accession, JSR1-jsGiq_1 map",**EMD-19882**,—,Electron Microscopy Data Bank,p12
tejero2024opsin,"EMDB accession, JSR1-jsGiq_2 map",**EMD-19883**,—,Electron Microscopy Data Bank,p12
tejero2024opsin,"EMDB accession, JSR1-hGi map",**EMD-19884**,—,Electron Microscopy Data Bank,p12
tejero2024opsin,"Global resolution, JSR1-jsGiq_1",4.1 (refined value 4.06),Å,"FSC = 0.143, non-uniform refinement","p3, p11"
tejero2024opsin,"Global resolution, JSR1-jsGiq_2",4.2 (refined value 4.17),Å,"FSC = 0.143, non-uniform refinement","p3, p11"
tejero2024opsin,"Global resolution, JSR1-hGi","4.9 (described in Results as ""sub-5 Å"")",Å,post-processing with soft mask excluding Gα AH domain,"p2, p11"
tejero2024opsin,Resolution criterion,FSC = 0.143,—,Fourier Shell Correlation,p11
tejero2024opsin,"Particles auto-picked, jsGiq dataset","2,964,739",particles,"Topaz automated picking, full dataset",p11
tejero2024opsin,"Particles in good 2D classes, jsGiq","768,100",particles,2D classification,p11
tejero2024opsin,"Particles in final map, JSR1-jsGiq_1","159,665",particles,non-uniform refinement,p11
tejero2024opsin,"Particles in final map, JSR1-jsGiq_2","134,167",particles,non-uniform refinement,p11
tejero2024opsin,"Particles extracted, hGi dataset",8.4 million (binned ×3),particles,crYOLO general model,p11
tejero2024opsin,"Good-quality particles retained, hGi",1.2 million (**14 %** of initially picked),particles,2D classification in Relion,p11
tejero2024opsin,"Pixel size, jsGiq acquisition",0.51 (binned ×2 to 1.02 during processing),Å/pixel,"K3 detector, Titan Krios 300 kV","p10, p11"
tejero2024opsin,"Pixel size, hGi acquisition",0.85,Å/pixel,"K3 detector, Titan Krios 300 kV",p10
tejero2024opsin,"Total dose, jsGiq",70,e⁻/Å²,"40 frames/micrograph, dose rate 19 e⁻/px/s",p10
tejero2024opsin,"Total dose, hGi",50,e⁻/Å²,"40 frames/micrograph, dose rate 19 e⁻/px/s",p10
tejero2024opsin,Energy filter slit width,20,eV,GIF Quantum LS,p10
tejero2024opsin,Target defocus range,"−1.0 to −2.4, in 0.2 steps",µm,EPU automated acquisition,p10
tejero2024opsin,Micrograph rejection threshold,CTF fit resolution > 8 discarded,Å,patch CTF estimation (multi),p11
tejero2024opsin,"Sample concentration, JSR1-hGi",1,mg/ml,grid application,p10
tejero2024opsin,"Sample concentration, JSR1-jsGiq",8,mg/ml,grid application,p10
tejero2024opsin,"Blot time, JSR1-hGi / JSR1-jsGiq",3 / 6,s,"Vitrobot Mark IV, 4 °C, 100 % humidity",p10
tejero2024opsin,Receptor : G protein molar ratio,1 : 1.25,—,complex formation,p10
tejero2024opsin,Apyrase concentration,25,mU/mL,complex formation,p10
tejero2024opsin,"Total receptor–Gα interactions, jsGiq_1 vs jsGiq_2",31 vs 18,contacts,Supplementary Tables 2 and 3 (**not held**),p7
tejero2024opsin,"C-hook contacts, jsGiq_1 vs jsGiq_2",8 vs 5,contacts,Supplementary Tables 2 and 3 (**not held**),p7
tejero2024opsin,"Retinal-contacting residues within 4 Å, JSR1 inactive vs active",15 vs 7,residues,9-*cis* (6I9K) vs ATR6.11 (this work),p4
tejero2024opsin,"Retinal-contacting residues within 4 Å, bovine rhodopsin",15 vs 8,residues,11-*cis* vs all-*trans*,p4
tejero2024opsin,"PSB–Tyr126³·²⁸ distance, inactive → active",2.9 → 3.5,Å,6I9K vs JSR1-jsGiq_1,p5
tejero2024opsin,"PSB–Ser199⁴⁵·⁴⁹ distance, inactive → active",3.9 → 5.7,Å,6I9K vs JSR1-jsGiq_1,p5
tejero2024opsin,α5-helix rotation between jsGiq conformers,17,degrees,JSR1-jsGiq_1 vs JSR1-jsGiq_2,p6
tejero2024opsin,AHD rotation toward αN helix,17,degrees,JSR1-jsGiq_1 vs JSR1-jsGiq_2,p7
tejero2024opsin,Whole G-protein rotation,17,degrees,JSR1-jsGiq_1 vs JSR1-jsGiq_2,p9
tejero2024opsin,TM6+TM7 shift toward ICL1,~2,Å,JSR1-jsGiq_1 vs JSR1-jsGiq_2,p6
tejero2024opsin,"GTP depletion, hGi alone","~33 (read from Fig 1b; exact value in Source Data, **not held**)",%,no-protein control (Lum₀),Fig 1b p3
tejero2024opsin,"GTP depletion, JSR1 + hGi",~77 (read from Fig 1b),%,no-protein control (Lum₀),Fig 1b p3
tejero2024opsin,"GTP depletion, jsGiq alone",~17 (read from Fig 1b),%,no-protein control (Lum₀),Fig 1b p3
tejero2024opsin,"GTP depletion, JSR1 + jsGiq",~66 (read from Fig 1b),%,no-protein control (Lum₀),Fig 1b p3
tejero2024opsin,Replicates per GTPase condition,8 (octuplicate),wells,Grubbs outlier test applied,"p3, p11"
tejero2024opsin,"Incubation times tested, GTPase assay","30, 60, 120",minutes,"plate shaking at 500 rpm, 20 °C",p11
tejero2024opsin,Vertebrate opsin sequences aligned,202,sequences,"BLASTp vs human rhodopsin, Clustal Omega",p11
tejero2024opsin,Invertebrate opsin sequences aligned,113,sequences,"BLASTp vs jumping spider rhodopsin, Clustal Omega",p11
tejero2024opsin,Superposition residue ranges (Ballesteros-Weinstein),"1.45–1.54, 2.46–2.56, 3.34–3.44, 4.48–4.56, 7.38–7.46",—,PyMOL structure alignment,p11
tejero2024opsin,**TM6 outward displacement**,**NOT REPORTED**,Å,"asserted qualitatively (p3, p6, p9); quantitative panel is Supplementary Fig. 14, **not held**","p3, p6, p9"
tejero2024opsin,"B-factors, map-to-model CC, clash score, Ramachandran, EMRinger",**NOT REPORTED in main text**,—,"Supplementary Table 1, **not held**",p3 (cited)
tran2026nanogs,"Y391→R131^3.50 min. distance, β2AR-Gs(empty), PDB 3SN6",4.0,Å,cation–π judged formed,p.3 (Fig 1 caption)
tran2026nanogs,"E392→R131^3.50 min. distance, β2AR-Gs(empty)",7.2,Å,judged too distant,p.3
tran2026nanogs,"E392–R131^3.50 salt-bridge distance, β2AR-T4L-GsCT-CC, PDB 6E67",2.2,Å,judged formed,p.3
tran2026nanogs,"Y391→R131^3.50 min. distance, β2AR-T4L-GsCT-CC",11.4,Å,judged too distant,p.3
tran2026nanogs,Peptide purity after RP-HPLC,> 95,%,—,p.3
tran2026nanogs,Linear GαsCT15 test concentration (no effect),20,μM,with 10 μM ISO,p.5
tran2026nanogs,Standard submaximal agonist concentration,10,μM ISO,—,pp.5–9
tran2026nanogs,Nb80 minimal-endogenous-effect concentration (alone),1,μM,"bimane, no ISO",p.6
tran2026nanogs,Nb80 saturating concentration,3.2,μM,bimane + 10 μM ISO,p.8
tran2026nanogs,Peptide concentration matching Nb80 1 μM shift,10,μM,bimane + 10 μM ISO,p.8
tran2026nanogs,Maximum testable peptide concentration (solubility ceiling),50,μM,—,"p.8, p.9"
tran2026nanogs,Peptide 2 / 4 effect on ISO Emax,"decreased, dose-dependently",% of max ISO response,"vs buffer, β2AR membranes","p.8, Fig 4H–I"
tran2026nanogs,Peptide 2 effect on ISO EC50,right-shifted,—,vs buffer,p.8
tran2026nanogs,Peptide 4 and Nb80 effect on ISO EC50,no shift (Emax decrease only),—,vs buffer,p.8
tran2026nanogs,cAMP replicates,"n = 3–6 experiments, in duplicate",experiments,mean ± SEM,p.9 (Fig 4 caption)
tran2026nanogs,Unbiased MD sampling,20 replicates × 2,μs,peptide 4 + β2AR,p.8
tran2026nanogs,Peptide 4 starting distance from crevice,~30,Å,to avoid imposed contacts,p.8
tran2026nanogs,Spontaneous binding events observed,5,events,across the 20 replicates,p.8
tran2026nanogs,"TM6 local kink tilt, β2AR-peptide 4 complex",74,°,at G280^6.42,p.10
tran2026nanogs,"TM6 local kink tilt, β2AR-Gs(empty), PDB 3SN6",35,°,reference,p.10
tran2026nanogs,TM6 outward tilt spread across overlaid states,9,Å,inactive 2RH1 vs active states,p.10 (Fig 5B(i) annotation)
tran2026nanogs,Bimane fluorophore excitation / emission,395 / 480–500,nm,unconjugated,p.5
tran2026nanogs,Peptides synthesised and tested,9 stapled + native GαsCT15 + 2 linear counterparts,compounds,—,"p.5 (Table 1), p.8"
vo2026fiducials,"CryoEM map resolution, four prospective ICL3-fusion designs",≤ 3.4 (every design),Å,"Gold-standard FSC (details in Extended Data Tables 1–2, not in PDF)","p2, p4"
vo2026fiducials,"CryoEM map resolution, β2BB3 receptor TM bundle",up to 3.1,Å,as above,p7
vo2026fiducials,"Boltz-2 top-ranked pose, CRN04894 in MC2R",~3.2,Å heavy-atom RMSD,This paper's cryoEM MC2R structure,p6
vo2026fiducials,TM6 outward shift added by introducing the Gs α5 helix,< 1 (at most positions),Å,β2BB3-BI-167107 without Gs vs with Gs,p8
vo2026fiducials,"TM4–TM6 distance, MD from extended-TM6 start",~39 (peak),Å (N4.40–L6.28 backbone N),"MD distribution, 5 replicates × 1 µs",p9 (Fig. 5b)
vo2026fiducials,"TM4–TM6 distance, MD from cryoEM-based start","~38 (peak, with low-value shoulder)",Å,as above,p9 (Fig. 5b)
vo2026fiducials,"BB3 alternative fiducial conformation, tilt from design model",~40,degrees,β2BB3 design model,p7
vo2026fiducials,"EC50 for epinephrine, β2BB3 and β2BB5",within one log unit of WT β2AR,—,"WT β2AR, TRUPATH BRET",p6
vo2026fiducials,Fiducial fusion size range designed,13–25,kDa,—,p4
vo2026fiducials,"Fiducial motion amplitude, FZD5-BRIL (rigid exemplar)",~2 (3DVA) / ~9 (MD) / ~5 (AF2 dropout),"Å, annotated on figure",3DVA vs MD vs AF2 ensemble spread,p3 (Fig. 1b)
vo2026fiducials,"Fiducial motion amplitude, 6DS-Fab (disulfide-rigidified)",~8 (3DVA) / ~11 (MD) / ~4 (AF2 dropout),"Å, annotated on figure",as above,p3 (Fig. 1b)
vo2026fiducials,"Fiducial motion amplitude, Fab (flexible parent)",~21 (3DVA) / ~33 (MD) / ~20 (AF2 dropout),"Å, annotated on figure",as above,p3 (Fig. 1b)
vo2026fiducials,"Fiducial motion amplitude, megabodies Mb25 / Mb6",too flexible for 3DVA; MD and AF2 annotations span ~50–120 Å,"Å, annotated on figure",as above; **individual values not confidently legible at 150 dpi**,p3 (Fig. 1b)
vo2026fiducials,"MD production length, fiducial-marker systems",500 ns × 3 replicates,ns,—,p17
vo2026fiducials,"MD production length, β2AR/β2BB3 systems",1 µs × 5 replicates,µs,—,p17
wallner2023afsample,"Average rank-1 DockQ, AFsample (Wallner)",**0.55**,"DockQ, 0–1","common CASP15 multimer targets, scored vs CASP15 natives","p1, p2"
wallner2023afsample,"Average rank-1 DockQ, AlphaFold-Multimer v2 baseline (NBIS-AF2-multimer)",**0.41**,"DockQ, 0–1","same targets, identical MSAs and templates","p1, p2"
wallner2023afsample,Absolute improvement,**+0.14**,DockQ units,AFsample − baseline,"p1, p2"
wallner2023afsample,Targets improving by more than 0.4 DockQ,**8**,targets,"per-target paired comparison, Fig 1b",p2
wallner2023afsample,"CASP15 ranking, protein-assembly category",**top / most successful group**,rank,"all groups participating in CASP15, Fig 1a","p1, p2"
wallner2023afsample,"Models generated per target, AFsample",**6000** (~1000 per setting × 6 settings),models,—,"p1, p3"
wallner2023afsample,"Models generated per target, AlphaFold-Multimer default",**25**,models,—,p1
wallner2023afsample,Sampling ratio,**240×**,models,AFsample vs baseline,p3
wallner2023afsample,Compute cost ratio,**∼1000×**,"wall-clock, relative",AFsample (incl. extra recycles) vs baseline,p3
wallner2023afsample,Inference speed,"**≤1 minute per model**; ""a couple of days on a single GPU"" for a difficult target",time,—,p3
wallner2023afsample,Selection score,**ranking_confidence = 0.8·ipTM + 0.2·pTM**,"dimensionless, 0–1",—,p2
wallner2023afsample,Recommended triage threshold,"**ranking_confidence > 0.8**, plus ""at least a couple of structures at this level""",dimensionless,—,p3
wallner2023afsample,H1144: models with ranking_confidence > 0.8,"**3 of 6000**, all with DockQ > 0.8",count,"scored vs native, post hoc",p3
wallner2023afsample,H1144: high-quality models in the whole pool,**5 of 6000**,count,"scored vs native, post hoc",p3
wallner2023afsample,H1144: rank-1 DockQ,**0.88**,DockQ,vs native,p2 (Fig 1d caption)
wallner2023afsample,H1144: AlphaFold-Multimer v3 DockQ,**0.44**,DockQ,"vs native, **non-blind**",p3
wallner2023afsample,T1187o: high-quality models generated,**38 of 6000**,count,"scored vs native, post hoc",p3
wallner2023afsample,T1187o: rank-1 DockQ,**0.81**,DockQ,vs native,p2 (Fig 1f caption)
wallner2023afsample,T1187o: AlphaFold-Multimer v2 baseline DockQ,"""completely wrong ... **very close to zero**""",DockQ,vs native,p3
wallner2023afsample,T1187o: AlphaFold-Multimer v3 DockQ,**0.09**,DockQ,"vs native, **non-blind**",p3
wallner2023afsample,T1187o: fraction of ranking_confidence > 0.8 models with wrong domain orientation,**one-third**,fraction,"scored vs native, post hoc",p3
wallner2023afsample,AF2 dropout rate as used (training rates retained),"**10%–25%**, module-dependent",dropout probability,"AlphaFold2 network, cited",p1
wallner2023afsample,Number of settings / settings using selective (Evoformer-only) dropout,**6 total / 4 selective**,settings,—,"p2, p3"
waymentsteele2024cluster,State-call threshold,3,Å r.m.s.d.,crystal structures 2QKE (ground) / 5JYT (FS),"p2, p3"
waymentsteele2024cluster,AF-Cluster models within 3 Å of each state,top 5 shown per state,models,2QKE / 5JYT,p3
waymentsteele2024cluster,Uniform subsampling,MSA,"= 10, ground state hits",1 / 500,samples
waymentsteele2024cluster,Uniform subsampling,MSA,"= 100, ground state hits",0 / 500,samples
waymentsteele2024cluster,plDDT of near-native vs background (clustered),"p = 3e-102, 1e-62, 5e-34",two-sided p,model classes within/outside 3 Å,p14
waymentsteele2024cluster,"MSA-Transformer AUC vs AF2 r.m.s.d., ground state","Spearman R = −0.32, p = 2e-09",—,2QKE contact map,"p9, p15"
waymentsteele2024cluster,"MSA-Transformer AUC vs AF2 r.m.s.d., FS state","Spearman R = −0.34, p = 4e-10",—,5JYT contact map,"p9, p15"
waymentsteele2024cluster,CS-Rosetta models vs AF-Cluster model (KaiB<sub>TV-4</sub>),1.8 ± 0.3,"Å r.m.s.d. (backbone, SSEs)",AF-Cluster FS model,p4
waymentsteele2024cluster,NMR structure vs AF-Cluster model (KaiB<sub>TV-4</sub>),1.89 ± 0.13,"Å r.m.s.d. (backbone, SSEs)",AF-Cluster FS model,p4
waymentsteele2024cluster,NMR ensemble precision (KaiB<sub>TV-4</sub>),0.7,Å average pairwise r.m.s.d.,itself,p4
waymentsteele2024cluster,KaiB<sub>RS</sub>-3m FS-state population,86 (vs 11 in WT),%,"NMR peak-intensity ratios, n = 5 residues",p4
waymentsteele2024cluster,KaiB<sub>RS</sub>-3m ground-state population,14 (vs 89 in WT),%,"NMR peak-intensity ratios, n = 5 residues",p4
waymentsteele2024cluster,"RfaH mean plDDT, top 5 active-state models",84.2,plDDT,AF-Cluster models,p5
waymentsteele2024cluster,"RfaH mean plDDT, top 5 autoinhibited models",73.9,plDDT,AF-Cluster models,p5
waymentsteele2024cluster,"RfaH plDDT, complete-MSA autoinhibited prediction",68.6,plDDT,default ColabFold AF2,"p5, p18"
waymentsteele2024cluster,"G<sub>A</sub>/G<sub>B</sub> point mutants correct, AF-Cluster",10 / 12,sets,"known most-stable fold, highest-pLDDT rule, TM-score",p7
waymentsteele2024cluster,"G<sub>A</sub>/G<sub>B</sub> point mutants correct, default AF2",8 / 12,sets,same,p7
waymentsteele2024cluster,G<sub>A</sub>/G<sub>B</sub> mutants where full MSA returns no correct model,4 / 12,sets,same,p11
waymentsteele2024cluster,"G<sub>A</sub>/G<sub>B</sub> of those 4, corrected by AF-Cluster","2 (GB95, GB88)",sets,same,p11
waymentsteele2024cluster,Mpt53 state 1 / state 2 plDDT vs background,"p = 1e-235, p = 1e-94",two-sided p,"rest of the 1,642 models",pp19–20
waymentsteele2024cluster,Mpt53 homologues sampling an analogous alternative fold,6 / 10,proteins,"Mpt53 alternative state, by r.m.s.d. landscape","p6, p21"
waymentsteele2024cluster,"DALI hits with lower weighted r.m.s.d. to alt. than known state, containing analogous helix",7 / 9,structures,Mpt53 alternative state,"p11, p20"
waymentsteele2024cluster,"DALI matches, Mpt53 known state","1,822",structures,1LU4,p10
waymentsteele2024cluster,"DALI matches, Mpt53 alternative state","1,245",structures,predicted alt. state,p10
waymentsteele2024cluster,DALI union after CD-HIT,"1,055 (479 both / 368 known-only / 208 alt-only)",sequences,both states,p11
waymentsteele2024cluster,Avg. weighted r.m.s.d. to known state (known-only / both),5.7 / 3.9,Å,1LU4,p19
waymentsteele2024cluster,Avg. weighted r.m.s.d. to alt. state (both / alt-only),4.4 / 5.5,Å,predicted alt. state,p19
waymentsteele2024cluster,Screen scale,628 families × 10 clusters,predictions,reference crystal structure per family,"p5, p10"
waymentsteele2024cluster,Epsilon sweep range,"3–20, step 0.5",DBSCAN epsilon,number of clusters returned (epsmax rule),p9
waymentsteele2024cluster,NMR structure quality (KaiB<sub>TV-4</sub>),98% most-favoured / 2% additionally allowed / 0% disallowed,"Ramachandran, top 20 structures",Procheck / PSVS,p10
waymentsteele2024cluster,Estimated fold-switching proteome (from ref. 29),0.5–4% → ~1–8 million,proteins,"214 M AFDB entries, June 2023",p7
waymentsteele2024cluster,"- **Per target (KaiB<sub>TE</sub>)**: 230 AF-Cluster models in the analysed set (Extended Data Fig. 2e, ""n = 230 for AF-Cluster sampling"", p14); 329 clusters in the MSA-Transformer comparison (""We compared clusters sampled with both AF-Cluster (329 samples)"", p9). *These two numbers are not reconciled in the paper.* Comparator arms: 500 uniform samples each at",MSA,"= 10 and 100 (p9, p14).",,
waymentsteele2025reply,"KaiB variants whose single-sequence prediction matches the shallow-MSA prediction (**reproduced from ref [7]**, not new)",71,% of 487 variants,shallow (local-10) MSA prediction,p3 (Fig 1A)
waymentsteele2025reply,KaiB variants predicted FS by shallow MSA that differ under single sequence (**reproduced from ref [7]**),~50,%,shallow-MSA prediction,p3 (Fig 1A)
waymentsteele2025reply,KaiB variants examined in that reproduced panel,487,variants,—,p3
waymentsteele2025reply,"KaiB<sup>TV-4</sup>, local-10 MSA: convergence of all 5 AF2 models",≤2 Å within 1 recycle,Å RMSD,NMR structure 8UBH,"p4 (Fig 1B, D)"
waymentsteele2025reply,"KaiB<sup>TV-4</sup>, single sequence: best model (model 5)",2.28 Å at 7 recycles,Å RMSD,8UBH,"p4 (Fig 1C, D)"
waymentsteele2025reply,"KaiB<sup>TV-4</sup>, single sequence: models giving wrong structures",4 of 5,models,8UBH,p4
waymentsteele2025reply,"Population of the KaiB<sup>RS</sup> ""Enigma"" state (**cited to ref [13]**, not measured here)",~6 at 20 °C,% population,NMR,p4
waymentsteele2025reply,"KaiB<sup>RS</sup> cluster, max pLDDT at original sampling (1 model, 1 seed)",63.8 (at 3.0 Å),pLDDT (Å RMSD),reported by the comment from the AF-Cluster repo,"p6, p7 (Fig 3)"
waymentsteele2025reply,"KaiB<sup>RS</sup> cluster, max pLDDT at CF-Random's sampling budget (5 models × 5 seeds)",70.8 (at 3.0 Å),pLDDT (Å RMSD),"same cluster, matched budget","p6, p7 (Fig 3)"
waymentsteele2025reply,CF-Random model reported by the comment for KaiB<sup>RS</sup>,73.9 (at 3.2 Å),pLDDT (Å RMSD),quoted from ref [6],p7 (Fig 3)
waymentsteele2025reply,Clusters across RfaH + Mad2 returning >50% of samples in one state under increased stochasticity,13,clusters,TM-score cutoffs 0.65 / 0.72,p10 (Fig 5)
waymentsteele2025reply,"Of those, clusters degraded by column shuffling","12 of 13 (""all but one"")",clusters,TM-score to the state the original cluster predicted,"p9, p10 (Fig 5)"
waymentsteele2025reply,RfaH breakdown printed on Figure 5,9/10 use coevolution; 1/10 single-site residue frequencies sufficient,clusters,as above,"p10 (Fig 5, read from render)"
waymentsteele2025reply,Mad2 breakdown printed on Figure 5,3/3 use coevolution,clusters,as above,"p10 (Fig 5, read from render)"
waymentsteele2025reply,The single exception,RfaH cluster 049,—,the cluster the comment concentrated on,"p9, p10"
waymentsteele2025reply,MSA clusters entering the shuffling analysis,49 (RfaH) + 32 (Mad2) = 81,clusters,"≥10 sequences, or previously depicted in ref [7]",p12
waymentsteele2025reply,Sampling increase over the original paper,20×,fold,ref [7]'s sampling,p10 (Fig 5 caption)
waymentsteele2025reply,"State-calling threshold, RfaH (C-terminal domain, both states)",0.65,TM-score,5OND / 2LCL,p12
waymentsteele2025reply,"State-calling threshold, Mad2 (open vs closed)",0.72,TM-score,1S2H / 1DUJ,p12
waymentsteele2025reply,"Aggregation rule for ""returns a state""",>50,% of samples,—,"p9, p10"
waymentsteele2025reply,Cluster-49 vs full-MSA pLDDT with matched masking and current parameters,cluster 49 higher in 4 of 5 AF2 models,AF2 models,full RfaH MSA,"p15, p16 (Fig B3)"
waymentsteele2025reply,"pLDDT range across AF2 parameter versions, RfaH (50 seeds × 5 models × 2 versions)",~0.69–0.85 (old `model_X`); ~0.65–0.78 (`model_X_ptm`),pLDDT (plotted as fraction),—,"p15 (Fig B2, read from render)"
waymentsteele2025reply,ProteinMPNN design temperature,1.0,—,—,p12
waymentsteele2025reply,"Sequences designed per structure, before screening",15,sequences,—,p12
waymentsteele2025reply,Sequences removed by BLAST screen,"1 each for 2QKE:E, 5JYT:A, 5OND:A; 0 otherwise",sequences,"PDB + SwissProt, 15 June 2025",p12
waymentsteele2025reply,De novo sequences used as MSA input per fold,14–15,sequences,—,"p9, p12"
waymentsteele2025reply,Anti-memorization outcome,"""AF2 was able to robustly predict the structures""",**no numeric value reported**,5 experimental structures,"p9, p21 (Fig D4)"
waymentsteele2025reply,MSA Transformer baseline construction,"5 clusters averaged, 100 bootstrap iterations",clusters / iterations,all RfaH clusters,"p17, p18 (Fig C2)"
waymentsteele2025reply,Contact-map difference scale,−0.5 to +0.5,contact probability difference,baseline across all clusters,"p18 (Fig C2, read from render)"
wohlwend2024boltz1,Mean all-atom LDDT — AlphaFold3,~0.83 / ~0.82 [fig ~],LDDT (0–1),"deposited reference, OpenStructure 2.8.0",p15
wohlwend2024boltz1,Mean all-atom LDDT — Chai-1,~0.81 / ~0.79 [fig ~],LDDT,as above,p15
wohlwend2024boltz1,Mean all-atom LDDT — Boltz-1,~0.80 / ~0.79 [fig ~],LDDT,as above,p15
wohlwend2024boltz1,Mean all-atom LDDT — Boltz-1x,~0.81 / ~0.80 [fig ~],LDDT,as above,p15
wohlwend2024boltz1,DockQ > 0.23 success rate — AlphaFold3,~0.72 / ~0.70 [fig ~],proportion of interfaces,protein–protein interfaces vs reference,p15
wohlwend2024boltz1,DockQ > 0.23 success rate — Chai-1,~0.71 / ~0.69 [fig ~],proportion,as above,p15
wohlwend2024boltz1,DockQ > 0.23 success rate — Boltz-1,~0.71 / ~0.69 [fig ~],proportion,as above,p15
wohlwend2024boltz1,DockQ > 0.23 success rate — Boltz-1x,~0.69 / ~0.68 [fig ~],proportion,as above,p15
wohlwend2024boltz1,Mean LDDT-PLI — AlphaFold3,~0.645 / ~0.605 [fig ~],LDDT-PLI,protein–ligand interfaces vs reference,p15
wohlwend2024boltz1,Mean LDDT-PLI — Chai-1,~0.60 / ~0.578 [fig ~],LDDT-PLI,as above,p15
wohlwend2024boltz1,Mean LDDT-PLI — Boltz-1,~0.625 / ~0.60 [fig ~],LDDT-PLI,as above,p15
wohlwend2024boltz1,Mean LDDT-PLI — Boltz-1x,~0.64 / ~0.60 [fig ~],LDDT-PLI,as above,p15
wohlwend2024boltz1,Ligand pocket-aligned RMSD < 2Å — AlphaFold3,~0.60 / ~0.565 [fig ~],proportion of ligands,pocket-aligned RMSD to reference ligand,p15
wohlwend2024boltz1,Ligand pocket-aligned RMSD < 2Å — Chai-1,~0.565 / ~0.542 [fig ~],proportion,as above,p15
wohlwend2024boltz1,Ligand pocket-aligned RMSD < 2Å — Boltz-1,~0.595 / ~0.57 [fig ~],proportion,as above,p15
wohlwend2024boltz1,Ligand pocket-aligned RMSD < 2Å — Boltz-1x,~0.595 / ~0.555 [fig ~],proportion,as above,p15
wohlwend2024boltz1,**Physical Validity (all 6 PoseBusters checks) — AlphaFold3**,~0.715 / **0.58** [text],proportion of complexes,"PoseBusters rule set, no reference structure needed",p17
wohlwend2024boltz1,**Physical Validity — Chai-1**,~0.34 / **0.27** [text],proportion,as above,p17
wohlwend2024boltz1,**Physical Validity — Boltz-1**,"~0.47 / **0.43** [text, stated as ""57% of top-1 poses do not pass""]",proportion,as above,p17
wohlwend2024boltz1,**Physical Validity — Boltz-1x**,~0.978 / **0.97** [text],proportion,as above,p17
wohlwend2024boltz1,Mean all-atom LDDT — AlphaFold3,~0.43 / ~0.42,LDDT,CASP15 reference structures,p16
wohlwend2024boltz1,Mean all-atom LDDT — Chai-1,~0.41 / ~0.40,LDDT,as above,p16
wohlwend2024boltz1,Mean all-atom LDDT — Boltz-1,~0.38 / ~0.36,LDDT,as above,p16
wohlwend2024boltz1,Mean all-atom LDDT — Boltz-1x,~0.41 / ~0.39,LDDT,as above,p16
wohlwend2024boltz1,DockQ > 0.23 — AlphaFold3,~0.60 / ~0.60,proportion,as above,p16
wohlwend2024boltz1,DockQ > 0.23 — Chai-1,~0.50 / ~0.50,proportion,as above,p16
wohlwend2024boltz1,DockQ > 0.23 — Boltz-1,~0.70 / ~0.70,proportion,as above,p16
wohlwend2024boltz1,DockQ > 0.23 — Boltz-1x,~0.70 / ~0.70,proportion,as above,p16
wohlwend2024boltz1,Mean LDDT-PLI — AlphaFold3,~0.47 / ~0.40,LDDT-PLI,as above,p16
wohlwend2024boltz1,Mean LDDT-PLI — Chai-1,~0.31 / ~0.27,LDDT-PLI,as above,p16
wohlwend2024boltz1,Mean LDDT-PLI — Boltz-1,~0.49 / ~0.46,LDDT-PLI,as above,p16
wohlwend2024boltz1,Mean LDDT-PLI — Boltz-1x,~0.46 / ~0.445,LDDT-PLI,as above,p16
wohlwend2024boltz1,Ligand RMSD < 2Å — AlphaFold3,~0.475 / ~0.38,proportion,as above,p16
wohlwend2024boltz1,Ligand RMSD < 2Å — Chai-1,~0.16 / ~0.145,proportion,as above,p16
wohlwend2024boltz1,Ligand RMSD < 2Å — Boltz-1,~0.425 / ~0.24,proportion,as above,p16
wohlwend2024boltz1,Ligand RMSD < 2Å — Boltz-1x,~0.325 / ~0.31,proportion,as above,p16
wohlwend2024boltz1,Physical Validity — AlphaFold3,~0.72 / ~0.64,proportion,PoseBusters rule set,p16
wohlwend2024boltz1,Physical Validity — Chai-1,~0.555 / ~0.50,proportion,as above,p16
wohlwend2024boltz1,Physical Validity — Boltz-1,~0.47 / ~0.47,proportion,as above,p16
wohlwend2024boltz1,Physical Validity — Boltz-1x,~0.915 / ~0.915 (upper CI touches 1.0),proportion,as above,p16
wohlwend2024boltz1,# rec.,# steps,LDDT oracle,LDDT top-1,DockQ>0.23 oracle
wohlwend2024boltz1,3,200,0.729,0.716,0.654
wohlwend2024boltz1,0,200,0.698,0.681,0.579
wohlwend2024boltz1,1,200,0.718,0.702,0.656
wohlwend2024boltz1,2,200,0.726,0.710,0.651
wohlwend2024boltz1,6,200,0.732,0.714,0.644
wohlwend2024boltz1,8,200,0.733,0.717,0.644
wohlwend2024boltz1,10,200,0.735,0.720,0.644
wohlwend2024boltz1,3,20,0.720,0.693,0.615
wohlwend2024boltz1,3,50,0.727,0.710,0.645
wohlwend2024boltz1,Boltz-1 training length,"68,000 steps, batch size 128",steps,own training run,p4
wohlwend2024boltz1,"AlphaFold3 training length, as cited by this paper","~150,000 steps, batch size 256, ""approximately four times the computing time""",steps,Abramson et al. 2024,p4
wohlwend2024boltz1,OpenFold distillation set size,"~270,000",predicted structures,Ahdritz et al. 2024,p4
wohlwend2024boltz1,"Showcase TM-score, PDB 8SVA and 8IG1","0.95 each (""around 95%"")",TM-score,deposited reference; 2 hand-picked test-set targets,"p1, p17"
wohlwend2024boltz1,Trifast Triangle-Attention forward runtime at n≈2000,~220 (Trifast) vs ~450 (DeepSpeed),"ms, RTX 3090, float32",own kernel benchmark; compiled PyTorch OOM/stops at n≈780,"Fig 4, p10"
wu2023tds,"Motif-scaffolding success rate, test case 5IUS","increases with particles, degrees of freedom and twist scale; **exact values NOT EXTRACTED**",%,designability criterion,"p10, Fig 3a"
wu2023tds,Number of problems with higher success rate than the conditionally trained baseline,**NOT EXTRACTED** (denominator not read),count,baseline comparison,"p10, Fig 3b"
wu2023tds,ImageNet sample quality,reported in Table 1,FID-family,"16k samples, 100 steps",p27
yang2025statespecific,Benchmark set size,45 (30 class A + 15 class B),complexes,GPCRdb entries released after 30 June 2021,p11
yang2025statespecific,Fine-tuning corpus,>7000,entries,Propedia v1.0 + GPCRdb (pre-30-June-2021),p11
yang2025statespecific,"% correct (DockQ > 0.8), all N=45",≈20 / ≈11 / ≈11 / ≈20 for AF-Multimer / AF-Multistate / HF-Multimer / HF-Multistate,%,experimentally resolved complexes,"Fig 2a, p3 — **read from bars; exact values never printed**"
yang2025statespecific,"% correct (DockQ > 0.49), all N=45",≈80 / ≈54 / ≈61 / ≈81 (same model order),%,experimentally resolved complexes,"Fig 2b, p3 — read from bars"
yang2025statespecific,"% correct (iRMS < 2.0 Å), all N=45",≈71 / ≈50 / ≈55 / ≈66 (same model order),%,experimentally resolved complexes,"Fig 2c, p3 — read from bars"
yang2025statespecific,"% correct (TM3 RMSD < 2.0 Å), class A N=30",≈10 / ≈40 / ≈10 / ≈49 (same model order),%,experimentally resolved complexes,"Fig 2d, p3 — read from bars"
yang2025statespecific,"% correct (TM6 RMSD < 2.0 Å), class A N=30",≈17 / ≈57 / ≈14 / ≈57 (same model order),%,experimentally resolved complexes,"Fig 2e, p3 — read from bars"
yang2025statespecific,"TM3 / TM6 / TM7 RMSD, class B N=15",distributions spanning ≈0–7 Å per model; medians lowest for HF-Multistate,Å,experimentally resolved complexes,"Fig 2f–h, p3 — **no numeric values given**"
yang2025statespecific,"Pearson Rp, pAE vs CXCR4 affinity",−0.23 (HF-Multistate) vs −0.10 (AF-Multistate),correlation,measured IC50 (PPI-Affinity CXCR4 set),"Fig 3a, p5"
yang2025statespecific,"Pearson Rp, pLDDT vs CXCR4 affinity",0.20 (HF-Multistate) vs 0.07 (AF-Multistate),correlation,measured IC50 (PPI-Affinity CXCR4 set),"Fig 3b, p5"
yang2025statespecific,Hit rate after Filter 1,11/26 = 42% (HF-Multistate) vs 16/48 = 33% (AF-Multistate),fraction / %,hit ≡ measured affinity < 1 μM,p7
yang2025statespecific,Hit rate after Filter 1 + Filter 2,11/22 = 50% (HF-Multistate) vs 7/20 = 35% (AF-Multistate),fraction / %,hit ≡ measured affinity < 1 μM,p7
yang2025statespecific,Random-predictor hit rate,17/56 = 30%,fraction / %,same CXCR4 set,p7
yang2025statespecific,Filter-1 reference peptide,IC50 966,nM,PPI-Affinity CXCR4 set,p6
yang2025statespecific,APJR design funnel,2400 designed → 70 (pLDDT>60 & pAE<10) → 11 selected for synthesis → 2 with EC50 < 10 nM,peptides,Fig 4a shows 2400 / 70 / 11 / 2,"p7, Fig 4a p6"
yang2025statespecific,APJR best agonists,Peptide-A11 EC50 4.2; Peptide-A6 EC50 5.0,nM,"calcium mobilization, CHO-K1/AGTRL1/Gα15","Table 1, p7"
yang2025statespecific,APJR native reference,Apelin-13 EC50 0.3,nM,same assay,"Table 1, p7"
yang2025statespecific,APJR agonist range (12 tested),4.2 – 2902,nM EC50,same assay,"Table 1, p7"
yang2025statespecific,APJR best antagonist,Peptide-A13 IC50 20.32,μM,same assay,"Table 1, p7"
yang2025statespecific,GLP-1R design funnel,"~5000 (5111 in Fig 5a) designed → ~1400 (1471) at pLDDT>85 & pAE<6.5 → 10 synthesized → 4 inhibitory, 2 better than Avexitide",peptides,Fig 5a shows 5111 / 1471 / 10 / 2,"p9, Fig 5a p8"
yang2025statespecific,GLP-1R best antagonist,Peptide-I3 IC50 874.1,nM,"calcium/fluorescence assay, CHO-K1/GLP1R/Gα15","Table 2, p9"
yang2025statespecific,GLP-1R second antagonist,Peptide-I4 IC50 1613,nM,same assay,"Table 2, p9"
yang2025statespecific,GLP-1R comparator drug,Avexitide (exendin 9−39) IC50 1913,nM,same assay,"Table 2, p9"
yang2025statespecific,GLP-1R weakest tested,Peptide-I2 IC50 15.7,μM,same assay,"Table 2, p9"
yang2025statespecific,GHSR design funnel,200 designed → pLDDT > 70 → top 10 selected → 8 with reported values,peptides,Fig 6a shows 200 / 10 / 7 (<1 μM) / 1 (<100 nM),"p10, Fig 6a p9"
yang2025statespecific,GHSR agonists (G1–G5),"100, 150, 160, 190, 270",nM EC50,"calcium mobilization, CHO-K1/GHSR","Table 3, p10"
yang2025statespecific,GHSR antagonists (G6–G8),"1.10, 1.37, 3.37",μM IC50,same assay,"Table 3, p10"
yang2025statespecific,Sampling protocol,AF models: 5-model ensemble × 5 seeds; HF models: 1 model × 5 seeds,runs per prediction,benchmark only,p4
ye2026multistatebias,"PfMATE, Chai-1, RMSD to OF",0.79 ± 0.09,Å,6GWH (OF ref),5
ye2026multistatebias,"PfMATE, Chai-1, RMSD to IF",5.10 ± 0.21,Å,6FHZ (IF ref),5
ye2026multistatebias,"PfMATE, Boltz-2, RMSD to OF",0.74 ± 0.11,Å,6GWH,5
ye2026multistatebias,"PfMATE, Boltz-2, RMSD to IF",4.93 ± 0.26,Å,6FHZ,5
ye2026multistatebias,"PfMATE, AlphaFold3, RMSD to OF",0.57 ± 0.03,Å,6GWH,5
ye2026multistatebias,"PfMATE, AlphaFold3, RMSD to IF",5.42 ± 0.05,Å,6FHZ,5
ye2026multistatebias,"PfMATE, BioEmu, RMSD to OF",1.22 ± 0.40,Å,6GWH,5
ye2026multistatebias,"PfMATE, BioEmu, RMSD to IF",3.56 ± 0.90,Å,6FHZ,6
ye2026multistatebias,"PfMATE, BioEmu, best single prediction to IF",1.8,Å,6FHZ,6
ye2026multistatebias,"PfMATE, IF-state failure threshold (descriptive)",> 3.5,Å,6FHZ,7
ye2026multistatebias,"PfMATE, PDB state composition","11 structures total, 1 IF (10:1 OF:IF)",count,PDB (Table S1),7
ye2026multistatebias,"LAO, AlphaFold3 apo-input, RMSD to holo",0.20 ± 0.01,Å,1LAF (holo ref),7
ye2026multistatebias,"LAO, AlphaFold3 apo-input, RMSD to apo",4.63 ± 0.03,Å,2LAO (apo ref),7
ye2026multistatebias,"LAO, Chai-1 apo-input, RMSD to holo",0.29 ± 0.03,Å,1LAF,7
ye2026multistatebias,"LAO, Chai-1 apo-input, RMSD to apo",4.60 ± 0.06,Å,2LAO,7
ye2026multistatebias,"LAO, AlphaFold3 holo-input, RMSD to holo",0.22 ± 0.02,Å,1LAF,7
ye2026multistatebias,"LAO, Chai-1 holo-input, RMSD to holo",0.24 ± 0.02,Å,1LAF,7
ye2026multistatebias,"LAO, Boltz-2 holo-input, RMSD to holo",0.27 ± 0.03,Å,1LAF,8
ye2026multistatebias,"LAO, Boltz-2 holo-input, RMSD to apo",4.62 ± 0.04,Å,2LAO,8
ye2026multistatebias,"LAO, Boltz-2 apo-input, RMSD to holo",0.58 ± 0.75,Å,1LAF,8
ye2026multistatebias,"LAO, Boltz-2 apo-input, RMSD to apo",4.48 ± 0.74,Å,2LAO,8
ye2026multistatebias,"LAO, Boltz-2 holo-input, pTM",0.929–0.952,—,model confidence (Table S4),8
ye2026multistatebias,"LAO, Boltz-2 apo-input, pTM",0.729–0.856,—,model confidence (Table S4),8
ye2026multistatebias,"LAO, Boltz-2 apo-input, successes",2 of 50 approached open apo; 48 converged holo,count,2LAO,8
ye2026multistatebias,"LAO, BioEmu, RMSD to apo",4.42 ± 0.63,Å,2LAO,9
ye2026multistatebias,"LAO, BioEmu, RMSD to holo",1.04 ± 1.36,Å,1LAF,9
ye2026multistatebias,"LAO, BioEmu, min RMSD to apo",2.27,Å,2LAO,9
ye2026multistatebias,"SecA reference, 1M74 wide-open",26.7 / 135.0,Å / °,PBD–HWD distance / PBD–hinge–NBD2 angle,10
ye2026multistatebias,"SecA reference, 1TF2 open",39.3 / 106.0,Å / °,same descriptors,10
ye2026multistatebias,"SecA reference, 8YAS closed",49.9 / 76.1,Å / °,same descriptors,10
ye2026multistatebias,"SecA apo, AlphaFold3",29.4 ± 5.4 / 126.9 ± 10.0,Å / °,1M74 (26.7 / 135.0),10
ye2026multistatebias,"SecA apo, AlphaFold3 reaching open state",6 of 50,count,1TF2,10
ye2026multistatebias,"SecA apo, BioEmu, PBD–HWD distance",45.1 ± 4.3,Å,"continuous, wide-open→closed",10
ye2026multistatebias,"SecA +ATP, AlphaFold3, PBD–HWD distance",26.6 ± 0.1,Å,1M74 (26.7 Å),10
ye2026multistatebias,"SecA +SecYEG/ADP, Chai-1, PBD–HWD distance",49.3 ± 0.5,Å,8YAS (49.9 Å),11
ye2026multistatebias,"SecA +SecYEG/ADP, Boltz-2, PBD–HWD distance",47.8 ± 0.5,Å,8YAS (49.9 Å),11
ye2026multistatebias,"SecA +SecYEG/ADP, AlphaFold3, PBD–HWD distance",46.9 ± 7.7,Å,8YAS (49.9 Å),11
ye2026multistatebias,"SecA +SecYEG/ADP, pLDDT",72–81,—,model confidence (Table S4),12
ye2026multistatebias,"SecA apo, pLDDT",76–86,—,model confidence (Table S4),12
ye2026multistatebias,"**β2AR apo, Boltz-2, RMSD to inactive**",2.12 ± 0.33,Å,9CHU (inactive ref),13
ye2026multistatebias,"**β2AR apo, Chai-1, RMSD to inactive**",2.91 ± 1.00,Å,9CHU,13
ye2026multistatebias,"**β2AR apo, BioEmu, RMSD to inactive**",2.15 ± 0.46,Å,9CHU,13
ye2026multistatebias,"**β2AR apo, AlphaFold3, RMSD to inactive**",1.65 ± 0.05,Å,9CHU,13
ye2026multistatebias,"**β2AR agonist + Gαβγ (± GTP), Boltz-2, RMSD to active**",1.68 ± 0.33,Å,8GEG (active ref),13
ye2026multistatebias,"**β2AR agonist + Gαβγ (± GTP), Chai-1, RMSD to active**",1.02 ± 0.07,Å,8GEG,13
ye2026multistatebias,"**β2AR agonist + Gαβγ (± GTP), AlphaFold3, RMSD to active**",0.74 ± 0.02,Å,8GEG,13
ye2026multistatebias,"β2AR, agonist-alone condition, RMSD","**NOT REPORTED numerically** (described qualitatively only, p.14)",Å,9CHU / 8GEG,13–14
ye2026multistatebias,"β2AR, BioEmu cluster size",20 predicted structures,count,Fig 4 caption,12
ye2026multistatebias,"β2AR, agonist-induced binding-pocket shift (literature value, ref. 47)",~1,Å,"experimental, cited",13
ye2026multistatebias,"β2AR, G-protein-induced TM6 outward displacement (literature value, refs. 47–49)",~14,Å,"experimental, cited",13
ye2026multistatebias,SecA AF-Cluster DBSCAN yield,"4 clusters, 4–5 sequences each",count,—,15–16
ye2026multistatebias,TM-score,"computed with TM-align ""to confirm global fold preservation"" — **no values given**",—,—,18
yu2026domainmotion,"Ligand-free models nearer the open apo reference, Group 1 (more apo than holo)",64.8%,"% of 500 models, pooled over 19 proteins","RMSD to deposited apo vs holo, fixed domain aligned",
yu2026domainmotion,"Ligand-free models in the holo conformation, Group 2 (more holo than apo)",75.5%,"% of 500 models, pooled over 25 proteins",same,
yu2026domainmotion,"Increase in holo-like fraction on adding the trigger ligand, Group 1",+11.9%,percentage points,same,
yu2026domainmotion,"Increase in holo-like fraction on adding the trigger ligand, Group 2",+9.1%,percentage points,same,
yu2026domainmotion,"Increase in holo-like fraction on adding the trigger ligand, Group 3 (few structures)",+17.5%,percentage points,same,
yu2026domainmotion,**Difference in holo-like fraction between Group 1 and Group 2**,**40.3%**,percentage points,same,
yu2026domainmotion,"Native ligand placed < 2 Å RMSD, Group 2",80%,% of models,reference holo X-ray ligand pose,
yu2026domainmotion,"Native ligand placed < 2 Å RMSD, Group 3",73.7%,% of models,same,
yu2026domainmotion,"Native ligand placed < 2 Å RMSD, Group 1",42%,% of models,same,
zhang2026generalization,"Receptor Cα RMSD, TM bundle — mean",1.44,Å,"deposited experimental structure, top-scored Boltz-1x model, n = 253",2
zhang2026generalization,"Receptor Cα RMSD, TM bundle — SD",0.76,Å,same,2
zhang2026generalization,"Receptor Cα RMSD, TM bundle — median",1.25,Å,same,2
zhang2026generalization,"Receptor Cα RMSD, loops + accessory domains — mean",2.90,Å,same,2
zhang2026generalization,"Receptor Cα RMSD, loops + accessory domains — SD",1.75,Å,same,2
zhang2026generalization,"Receptor Cα RMSD, loops + accessory domains — median",2.63,Å,same,2
zhang2026generalization,Ligand heavy-atom RMSD — mean,5.95,Å,"deposited ligand pose, top-scored model, n = 253",2
zhang2026generalization,Ligand heavy-atom RMSD — SD,7.03,Å,same,2
zhang2026generalization,Ligand heavy-atom RMSD — median,3.45,Å,same,2
zhang2026generalization,Top-1 pose success rate,37.15,% of 253,top-1-ranked pose within 2.5 Å of native ligand,2
zhang2026generalization,Top-5 pose success rate,44.66,% of 253,top-5-ranked pose within 2.5 Å of native ligand,2
zhang2026generalization,Boltz outcome — success,114 / 253 (45.06),count (%),ligand RMSD < 2.5 Å,3 (Fig. 2 caption)
zhang2026generalization,Boltz outcome — failure,84 / 253 (33.20),count (%),"ligand RMSD ≥ 2.5 Å, COM within 5 Å",3 (Fig. 2 caption)
zhang2026generalization,Boltz outcome — wrong pocket,55 / 253 (21.74),count (%),ligand COM > 5 Å from experimental,3 (Fig. 2 caption)
zhang2026generalization,"Glide rescue of Boltz failures, top 5",29 / 84 (34.52),count (%),"native-like pose, RMSD < 2.5 Å",3
zhang2026generalization,"IFD-MD additional rescue, top 5",16 / 84 (19.05),count (%),same,3
zhang2026generalization,"**Total physics-based rescue, top 5**",**45 / 84 (53.57)**,count (%),same,3
zhang2026generalization,"Glide rescue, top 10",36 / 84,count,"same, relaxed pose budget",3
zhang2026generalization,"Total physics-based rescue, top 10",52 / 84 (61.90),count (%),"same, relaxed pose budget",3
zhang2026generalization,"Cases left unrescued by either method, top 5",39 / 84,count,same,3
zhang2026generalization,Severe clash present among Glide rescue failures,94.90,% of cases,"native pose vs Boltz receptor, 0.75 × vdW criterion",3
zhang2026generalization,Severe backbone clash among IFD-MD rescue failures,75.12,% of cases,same,3
zhang2026generalization,ipTM vs ligand RMSD correlation,R² = 0.49,dimensionless,"ligand RMSD to native, n = 253",3
zhang2026generalization,ipTM > 0.95 → correct pose,> 75,% of cases in bin (n = 71),ligand RMSD < 2.5 Å,"3 (bin n from Fig. 1f, p2)"
zhang2026generalization,ipTM for allosteric-into-orthosteric errors,< 0.80,ipTM,"""consistently"", no n given",3
zhang2026generalization,**pLDDT vs receptor Cα RMSD correlation**,**R² = 0.046**,dimensionless,"Cα RMSD to native, n = 253",3
zhang2026generalization,"Boltz-1x vs Boltz-2, out-of-training subset — t-test","t = 1.51, n = 180, p = 0.13",—,ligand pose accuracy,3
zhang2026generalization,"Boltz-1x vs Boltz-2, out-of-training subset — Wilcoxon signed-rank","W = 7329, p = 0.2957",—,ligand pose accuracy,3
zhang2026generalization,Boltz-2 training overlap with benchmark,73 / 253,count,wwPDB deposition before 2023-06-01,3
zhang2026generalization,G-protein co-fold — receptor median TM Cα,1.01 → 0.75 (Δ 0.26),Å,"deposited structure, 201 paired complexes",2
zhang2026generalization,**G-protein co-fold — ligand median improvement**,**0.01**,Å,"deposited ligand pose, 201 paired complexes",2
zhang2026generalization,Benchmark composition — agonist complexes,228 / 253,count,dataset annotation,2
zhang2026generalization,Benchmark composition — families,74,GPCRdb families,dataset construction,4
zhang2026generalization,Residual training similarity despite family filter,8,% of benchmark GPCRs with > 50% seq. id. to training,BLAST vs pre-cutoff structures,4
zhang2026generalization,ChEMBL curation — raw,"16,236 measurements / 798 series",counts,receptor-ligand-document triads,4
zhang2026generalization,ChEMBL curation — after filters,27 series / 14 GPCR structures,counts,six stated filters,"4, 5"
zhang2026generalization,**Series with a clear retrospective FEP+ signal from experimental structures**,**14 of 27** (targeting 8 GPCRs),count,R² > 0.3 and pairwise RMSE < 2.0 kcal/mol,4
zhang2026generalization,**Series that FAILED FEP+ from experimental structures**,**13 of 27**,count,same criterion,4
zhang2026generalization,**Series that FAILED FEP+ from Boltz structures**,"**7 of 14** (""ligand was incorrectly modeled"")",count,"same criterion, Boltz models as starting structures",4
zhang2026generalization,Series that recapitulated affinities from Boltz structures,7 of 14,count,same,4
zhang2026generalization,"Of those 7, series with poor starting ligand RMSD (> 2.5 Å)",2,count,ligand RMSD to native,4
zhang2026generalization,"Series meeting both RMSD < 2.5 Å and FEP+ pass, before IFD-MD",5,count,joint criterion,4
zhang2026generalization,"Series meeting both criteria, after IFD-MD",13 of 14 (all but Series 3),count,"joint criterion, best of 5 models × top-5 poses",4
zhang2026generalization,Series 2 (8IJD) initial pose RMSD despite strong FEP+ signal,9.74,Å,native ligand; pose flipped 180°,4
zhang2026generalization,Series 10 (8×17) initial pose RMSD despite strong FEP+ signal,3.05,Å,native ligand; AlogP correlation R² = 0.63,4
zhang2026generalization,8K2W Boltz ligand RMSDs / IFD-MD rescue,> 5 → 2.14,Å,native ligand; restored FEP+ signal in Series 4–6,4
zhang2026generalization,8×17 Boltz ligand RMSDs,> 3,Å,"native ligand; no FEP+ signal Series 11, 12",4
zhang2026generalization,8XVK Boltz ligand RMSDs,> 2.5 (all),Å,native ligand; 3 IFD-MD structures recovered signal,4
zhang2026generalization,Fig. 2 case study 8IJB — Boltz → Glide,4.70 → 0.94,Å,native ligand pose,3
zhang2026generalization,Fig. 2 case study 8WC7 — IFD-MD,1.21,Å,native ligand pose; Tyr287 clash resolved,3
zhang2026generalization,IFD-MD vs Boltz — median ΔR²,+0.095,dimensionless,"FEP+ R², paired over series",5 (Fig. 3 caption)
zhang2026generalization,IFD-MD vs Boltz — median ΔRMSE,−0.150,kcal/mol,"FEP+ RMSE, paired over series",5 (Fig. 3 caption)
zhang2026generalization,Wilcoxon signed-rank p-values for ΔR² and ΔRMSE,0.066 and 0.029,—,"printed as ""i-values"" in the text layer; from context these are p-values",5 (Fig. 3 caption)
zhang2026generalization,Cliff's δ for ΔR²,"0.39 (95% CI −0.12 to 0.89, n_eff = 13)",dimensionless,IFD-MD vs Boltz,5 (Fig. 3 caption)
zhang2026generalization,Cliff's δ for ΔRMSE,"0.57 (95% CI 0.14 to 1.00, n_eff = 14)",dimensionless,IFD-MD vs Boltz,5 (Fig. 3 caption)
zhang2026generalization,IFD-MD refinement cost,~400 CPU-hours + 60 GPU-hours (average),compute,per refinement job,4
zhang2026generalization,FEP+ simulation time per leg,50,ns,protocol,5
zhang2026generalization,FEP+ lambda windows,"24 (charge-changing), 16 (core-hopping), 16 (other)",windows,protocol,5
zhang2026generalization,FEP+ re-analysis time points,"5, 10, 25",ns,lowest RMSE picked as final,5
