slug,receptor_acc,receptor_organism,role,pdb,method,entity,chains,kind,description,length,uniprot,organism,ct11,ct11_family,ct11_identity,ct21,ct21_family,ct21_identity,construct_note,pdbx_mutation,title
5HT1B,P28222,Homo sapiens (Human),active,6G79,EM,6G79_4,S,receptor,5-hydroxytryptamine receptor 1B,364,P28222,Homo sapiens,,,,,,,,,Coupling specificity of heterotrimeric Go to the serotonin 5-HT1B receptor
5HT1B,P28222,Homo sapiens (Human),active,6G79,EM,6G79_3,A,G-alpha,Guanine nucleotide-binding protein G(o) subunit alpha,225,P09471,Homo sapiens,IANNLRGCGLY,Go,1.00,VIFDAVTDIIIANNLRGCGLY,Go,0.95,mini-G (225 aa; full subunit is 350-395),,Coupling specificity of heterotrimeric Go to the serotonin 5-HT1B receptor
5HT1B,P28222,Homo sapiens (Human),active,6G79,EM,6G79_2,G,G-gamma,Guanine nucleotide-binding protein G(I)/G(S)/G(O) subunit gamma-2,71,P59768,Homo sapiens,,,,,,,,,Coupling specificity of heterotrimeric Go to the serotonin 5-HT1B receptor
5HT1B,P28222,Homo sapiens (Human),active,6G79,EM,6G79_1,B,G-beta,Guanine nucleotide-binding protein G(I)/G(S)/G(T) subunit beta-1,339,P62873,Homo sapiens,,,,,,,,,Coupling specificity of heterotrimeric Go to the serotonin 5-HT1B receptor
5HT1B,P28222,Homo sapiens (Human),inactive,4IAR,X-ray,4IAR_1,A,fusion-partner,Chimera protein of human 5-hydroxytryptamine receptor 1B and E. Coli soluble cytochrome b562,401,P0ABE7;P28222,Escherichia coli;Homo sapiens,,,,,,,,"L138W, M29W, H124I, R128L",Crystal structure of the chimeric protein of 5-HT1B-BRIL in complex with ergotamine (PSI Community Target)
5HT1B,P28222,Homo sapiens (Human),inactive,5V54,X-ray,5V54_1,A/B,receptor,"5-hydroxytryptamine receptor 1B,OB-1 fused 5-HT1b receptor,5-hydroxytryptamine receptor 1B",395,P28222,Homo sapiens;Spodoptera frugiperda,,,,,,,,L138W,Crystal structure of 5-HT1B receptor in complex with methiothepin
5HT2A,P28223,Homo sapiens (Human),active,8UWL,EM,8UWL_5,E,nanobody/antibody,Single-chain variable fragment 16 (scFv16),286,,Homo sapiens,,,,,,,,,5-HT2AR bound to Lisuride in complex with a mini-Gq protein and an active-state stabilizing single-chain variable fragment (scFv16) obtained by cryo-electron microscopy (cryoEM)
5HT2A,P28223,Homo sapiens (Human),active,8UWL,EM,8UWL_4,D,G-gamma,Guanine nucleotide-binding protein G(I)/G(S)/G(O) subunit gamma-2,71,P59768,Homo sapiens,,,,,,,,,5-HT2AR bound to Lisuride in complex with a mini-Gq protein and an active-state stabilizing single-chain variable fragment (scFv16) obtained by cryo-electron microscopy (cryoEM)
5HT2A,P28223,Homo sapiens (Human),active,8UWL,EM,8UWL_3,C,G-beta,Guanine nucleotide-binding protein G(I)/G(S)/G(T) subunit beta-1,340,P62873,Homo sapiens,,,,,,,,,5-HT2AR bound to Lisuride in complex with a mini-Gq protein and an active-state stabilizing single-chain variable fragment (scFv16) obtained by cryo-electron microscopy (cryoEM)
5HT2A,P28223,Homo sapiens (Human),active,8UWL,EM,8UWL_2,B,G-alpha,G protein subunit q (Gi2-mini-Gq chimera),246,,Homo sapiens,LQMNLREYNLV,G11/G14/Gq,0.82,RIFNDCKDIILQMNLREYNLV,G11/G14/Gq/Gs,0.62,"mini-G (246 aa; full subunit is 350-395); COUPLING CHIMERA (two-window): scaffold from one family, alpha5 tip from G11/G14/Gq",,5-HT2AR bound to Lisuride in complex with a mini-Gq protein and an active-state stabilizing single-chain variable fragment (scFv16) obtained by cryo-electron microscopy (cryoEM)
5HT2A,P28223,Homo sapiens (Human),active,8UWL,EM,8UWL_1,A,receptor,5-hydroxytryptamine receptor 2A,339,P28223,Homo sapiens,,,,,,,,,5-HT2AR bound to Lisuride in complex with a mini-Gq protein and an active-state stabilizing single-chain variable fragment (scFv16) obtained by cryo-electron microscopy (cryoEM)
5HT2A,P28223,Homo sapiens (Human),inactive,7WC8,X-ray,7WC8_1,A,fusion-partner,"5-hydroxytryptamine receptor 2A,5-hydroxytryptamine receptor 2A,Soluble cytochrome b562",376,P0ABE7;P28223,Homo sapiens,,,,,,,,"S162K,M164W,M1007W,R1098I,H1102I,R1106G,S372N",Crystal structure of serotonin 2A receptor in complex with lumateperone
5HT2A,P28223,Homo sapiens (Human),inactive,7WC7,X-ray,7WC7_1,A,fusion-partner,"5-hydroxytryptamine receptor 2A,5-hydroxytryptamine receptor 2A,Soluble cytochrome b562",376,P0ABE7;P28223,Homo sapiens,,,,,,,,,Crystal structure of serotonin 2A receptor in complex with lisuride
5HT2C,P28335,Homo sapiens (Human),active,8DPF,EM,8DPF_5,E,nanobody/antibody,Antibody fragment scFv16,267,,Homo sapiens,,,,,,,,,Cryo-EM structure of the 5HT2C receptor (INI isoform) bound to lorcaserin
5HT2C,P28335,Homo sapiens (Human),active,8DPF,EM,8DPF_4,D,G-gamma,Guanine nucleotide-binding protein G(I)/G(S)/G(O) subunit gamma-2,71,P59768,Homo sapiens,,,,,,,,,Cryo-EM structure of the 5HT2C receptor (INI isoform) bound to lorcaserin
5HT2C,P28335,Homo sapiens (Human),active,8DPF,EM,8DPF_3,C,G-beta,Guanine nucleotide-binding protein G(I)/G(S)/G(T) subunit beta-1,358,P62873,Homo sapiens,,,,,,,,,Cryo-EM structure of the 5HT2C receptor (INI isoform) bound to lorcaserin
5HT2C,P28335,Homo sapiens (Human),active,8DPF,EM,8DPF_2,B,G-alpha,G-alpha subunit q (Gi2-mini-Gq chimeric),246,,Homo sapiens,LQMNLREYNLV,G11/G14/Gq,0.82,RIFNDCKDIILQMNLREYNLV,G11/G14/Gq/Gs,0.62,"mini-G (246 aa; full subunit is 350-395); COUPLING CHIMERA (two-window): scaffold from one family, alpha5 tip from G11/G14/Gq",,Cryo-EM structure of the 5HT2C receptor (INI isoform) bound to lorcaserin
5HT2C,P28335,Homo sapiens (Human),active,8DPF,EM,8DPF_1,A,receptor,5-hydroxytryptamine receptor 2C,458,P28335,Homo sapiens,,,,,,,,,Cryo-EM structure of the 5HT2C receptor (INI isoform) bound to lorcaserin
5HT2C,P28335,Homo sapiens (Human),inactive,8ZMF,X-ray,8ZMF_1,A,fusion-partner,"5-hydroxytryptamine receptor 2C,Soluble cytochrome b562",439,P0ABE7;P28335,Escherichia coli;Homo sapiens,,,,,,,,"M29W,H124I,R128L,C360N",Crystal structure of an inverse agonist antipsychotic drug derivative-bound 5-HT2C
5HT2C,P28335,Homo sapiens (Human),inactive,6BQH,X-ray,6BQH_1,A,fusion-partner,"5-hydroxytryptamine receptor 2C,Soluble cytochrome b562",452,P0ABE7;P28335,Escherichia coli;Homo sapiens,,,,,,,,,Crystal structure of 5-HT2C in complex with ritanserin
5HT5A,P47898,Homo sapiens (Human),active,7UM5,EM,7UM5_5,E,nanobody/antibody,Single-chain variable fragment scFv16,251,,Mus musculus,,,,,,,,,CryoEM structure of Go-coupled 5-HT5AR in complex with 5-CT
5HT5A,P47898,Homo sapiens (Human),active,7UM5,EM,7UM5_4,D,G-gamma,Guanine nucleotide-binding protein G(I)/G(S)/G(O) subunit gamma-2,71,P59768,Homo sapiens,,,,,,,,,CryoEM structure of Go-coupled 5-HT5AR in complex with 5-CT
5HT5A,P47898,Homo sapiens (Human),active,7UM5,EM,7UM5_3,C,G-beta,Guanine nucleotide-binding protein G(I)/G(S)/G(T) subunit beta-1,339,P62873,Homo sapiens,,,,,,,,,CryoEM structure of Go-coupled 5-HT5AR in complex with 5-CT
5HT5A,P47898,Homo sapiens (Human),active,7UM5,EM,7UM5_2,B,G-alpha,miniGo protein,225,,Homo sapiens,IANNLRGCGLY,Go,1.00,VIFDAVTDIIIANNLRGCGLY,Go,0.95,mini-G (225 aa; full subunit is 350-395),,CryoEM structure of Go-coupled 5-HT5AR in complex with 5-CT
5HT5A,P47898,Homo sapiens (Human),active,7UM5,EM,7UM5_1,A,receptor,5-hydroxytryptamine receptor 5A,326,P47898,Homo sapiens,,,,,,,,H146P,CryoEM structure of Go-coupled 5-HT5AR in complex with 5-CT
5HT5A,P47898,Homo sapiens (Human),active,7X5H,EM,7X5H_5,R,fusion-partner,"Soluble cytochrome b562,5-hydroxytryptamine receptor 5A,hydroxytryptamine receptor 5A",690,P0ABE7;P47898,Escherichia coli;Homo sapiens,,,,,,,,,Serotonin 5A (5-HT5A) receptor-Gi protein complex
5HT5A,P47898,Homo sapiens (Human),active,7X5H,EM,7X5H_4,E,nanobody/antibody,scFv16,286,,Mus musculus,,,,,,,,,Serotonin 5A (5-HT5A) receptor-Gi protein complex
5HT5A,P47898,Homo sapiens (Human),active,7X5H,EM,7X5H_3,C,G-gamma,Guanine nucleotide-binding protein G(I)/G(S)/G(O) subunit gamma-2,70,P59768,Homo sapiens,,,,,,,,,Serotonin 5A (5-HT5A) receptor-Gi protein complex
5HT5A,P47898,Homo sapiens (Human),active,7X5H,EM,7X5H_2,B,G-beta,Guanine nucleotide-binding protein G(I)/G(S)/G(T) subunit beta-1,371,P62873,Homo sapiens,,,,,,,,,Serotonin 5A (5-HT5A) receptor-Gi protein complex
5HT5A,P47898,Homo sapiens (Human),active,7X5H,EM,7X5H_1,A,G-alpha,Guanine nucleotide-binding protein G(i) subunit alpha-1,354,P63096,Homo sapiens,IKNNLKDCGLF,Gi1/Gi2,1.00,FVFDAVTDVIIKNNLKDCGLF,Gi1/Gi2,1.00,,"S47N, G203A, E345A,  A326S",Serotonin 5A (5-HT5A) receptor-Gi protein complex
5HT5A,P47898,Homo sapiens (Human),inactive,7UM4,X-ray,7UM4_2,B,fiducial,PGS,200,Q9V2J8,Homo sapiens,,,,,,,,,Crystal structure of inactive 5-HT5AR in complex with AS2674723
5HT5A,P47898,Homo sapiens (Human),inactive,7UM4,X-ray,7UM4_1,A,receptor,5-hydroxytryptamine receptor 5A,336,P47898,Homo sapiens,,,,,,,,"D65N, I278A",Crystal structure of inactive 5-HT5AR in complex with AS2674723
AA1R,P30542,Homo sapiens (Human),active,7LD3,EM,7LD3_4,G,G-gamma,Guanine nucleotide-binding protein G(I)/G(S)/G(O) subunit gamma-2,71,P59768,Homo sapiens,,,,,,,,,Cryo-EM structure of the human adenosine A1 receptor-Gi2-protein complex bound to its endogenous agonist and an allosteric ligand
AA1R,P30542,Homo sapiens (Human),active,7LD3,EM,7LD3_3,B,G-beta,Guanine nucleotide-binding protein G(I)/G(S)/G(T) subunit beta-1,350,P62873,Homo sapiens,,,,,,,,,Cryo-EM structure of the human adenosine A1 receptor-Gi2-protein complex bound to its endogenous agonist and an allosteric ligand
AA1R,P30542,Homo sapiens (Human),active,7LD3,EM,7LD3_2,R,receptor,Chimera protein of Muscarinic acetylcholine receptor M4 and Adenosine receptor A1,387,P08173;P30542,Homo sapiens,,,,,,,,,Cryo-EM structure of the human adenosine A1 receptor-Gi2-protein complex bound to its endogenous agonist and an allosteric ligand
AA1R,P30542,Homo sapiens (Human),active,7LD3,EM,7LD3_1,A,G-alpha,Guanine nucleotide-binding protein G(i) subunit alpha-2,355,P04899,Homo sapiens,IKNNLKDCGLF,Gi1/Gi2,1.00,FVFDAVTDVIIKNNLKDCGLF,Gi1/Gi2,1.00,,,Cryo-EM structure of the human adenosine A1 receptor-Gi2-protein complex bound to its endogenous agonist and an allosteric ligand
AA1R,P30542,Homo sapiens (Human),inactive,5UEN,X-ray,5UEN_1,A/B,fusion-partner,"Adenosine receptor A1,Soluble cytochrome b562,Adenosine receptor A1",416,P0ABE7;P30542,Escherichia coli;Homo sapiens,,,,,,,,,Crystal structure of the human adenosine A1 receptor A1AR-bRIL in complex with the covalent antagonist DU172 at 3.2A resolution
AA2AR,P29274,Homo sapiens (Human),active,5G53,X-ray,5G53_2,C/D,G-alpha,ENGINEERED DOMAIN OF HUMAN G ALPHA S LONG ISOFORM,229,P63092,Homo sapiens,QRMHLRQYELL,Gs,1.00,RIFNDCRDIIQRMHLRQYELL,Gs,0.95,mini-G (229 aa; full subunit is 350-395),YES,Structure of the adenosine A2A receptor bound to an engineered G protein
AA2AR,P29274,Homo sapiens (Human),active,5G53,X-ray,5G53_1,A/B,receptor,ADENOSINE RECEPTOR A2A,314,P29274,Homo sapiens,,,,,,,,YES,Structure of the adenosine A2A receptor bound to an engineered G protein
AA2AR,P29274,Homo sapiens (Human),active,8WDT,X-ray,8WDT_3,C,nanobody/antibody,Antibody Fab fragment heavy chain,224,,Mus musculus,,,,,,,,,Crystal structure of the human adenosine A2A receptor in complex with photoresponsive ligand photoNECA(blue)
AA2AR,P29274,Homo sapiens (Human),active,8WDT,X-ray,8WDT_2,B,nanobody/antibody,Antibody Fab fragment light chain,213,,Mus musculus,,,,,,,,,Crystal structure of the human adenosine A2A receptor in complex with photoresponsive ligand photoNECA(blue)
AA2AR,P29274,Homo sapiens (Human),active,8WDT,X-ray,8WDT_1,A,receptor,Adenosine receptor A2a,351,P29274,Homo sapiens,,,,,,,,,Crystal structure of the human adenosine A2A receptor in complex with photoresponsive ligand photoNECA(blue)
AA2AR,P29274,Homo sapiens (Human),active,6GDG,EM,6GDG_5,E,nanobody/antibody,nanobody Nb35,156,,Lama glama,,,,,,,,,Cryo-EM structure of the adenosine A2A receptor bound to a miniGs heterotrimer
AA2AR,P29274,Homo sapiens (Human),active,6GDG,EM,6GDG_4,D,G-alpha-fusion,"Guanine nucleotide-binding protein G(s) subunit alpha isoforms short,Guanine nucleotide-binding protein G(s) subunit alpha isoforms short",248,P63092,Homo sapiens,QRMHLRQYELL,Gs,1.00,RIFNDCRDIIQRMHLRQYELL,Gs,0.95,mini-G (248 aa; full subunit is 350-395); fused chain,,Cryo-EM structure of the adenosine A2A receptor bound to a miniGs heterotrimer
AA2AR,P29274,Homo sapiens (Human),active,6GDG,EM,6GDG_3,C,G-gamma,Guanine nucleotide-binding protein G(I)/G(S)/G(O) subunit gamma-2,71,P59768,Homo sapiens,,,,,,,,,Cryo-EM structure of the adenosine A2A receptor bound to a miniGs heterotrimer
AA2AR,P29274,Homo sapiens (Human),active,6GDG,EM,6GDG_2,B,G-beta,Guanine nucleotide-binding protein G(I)/G(S)/G(T) subunit beta-1,339,P62873,Homo sapiens,,,,,,,,,Cryo-EM structure of the adenosine A2A receptor bound to a miniGs heterotrimer
AA2AR,P29274,Homo sapiens (Human),active,6GDG,EM,6GDG_1,A,receptor,"TrxA,Adenosine receptor A2a",479,P0AA25;P29274,Escherichia coli;Homo sapiens,,,,,,,,,Cryo-EM structure of the adenosine A2A receptor bound to a miniGs heterotrimer
AA2AR,P29274,Homo sapiens (Human),inactive,4EIY,X-ray,4EIY_1,A,fusion-partner,Adenosine receptor A2a/Soluble cytochrome b562 chimera,447,P0ABE7;P29274,Escherichia coli;Homo sapiens,,,,,,,,"M215W, H310I, R314L",Crystal structure of the chimeric protein of A2aAR-BRIL in complex with ZM241385 at 1.8A resolution
AA2AR,P29274,Homo sapiens (Human),inactive,5NM4,X-ray,5NM4_1,A,fusion-partner,"Adenosine receptor A2a,Soluble cytochrome b562,Adenosine receptor A2a",433,P0ABE7;P29274,Escherichia coli;Homo sapiens,,,,,,,,,A2A Adenosine receptor room-temperature structure determined by serial femtosecond crystallography
AA2AR,P29274,Homo sapiens (Human),inactive,6S0L,X-ray,6S0L_1,A,receptor,A2a adenosine receptor,433,P29274,Homo sapiens,,,,,,,,,Structure of the A2A adenosine receptor determined at SwissFEL using native-SAD at 4.57 keV from all available diffraction patterns
ACM1,P11229,Homo sapiens (Human),active,6OIJ,EM,6OIJ_5,G,G-gamma,Guanine nucleotide-binding protein G(I)/G(S)/G(O) subunit gamma-2,71,P59768,Homo sapiens,,,,,,,,,Muscarinic acetylcholine receptor 1-G11 protein complex
ACM1,P11229,Homo sapiens (Human),active,6OIJ,EM,6OIJ_4,B,G-beta,Guanine nucleotide-binding protein G(I)/G(S)/G(T) subunit beta-1,345,P62873,Homo sapiens,,,,,,,,,Muscarinic acetylcholine receptor 1-G11 protein complex
ACM1,P11229,Homo sapiens (Human),active,6OIJ,EM,6OIJ_3,H,nanobody/antibody,Antibody fragment,256,,Mus musculus,,,,,,,,,Muscarinic acetylcholine receptor 1-G11 protein complex
ACM1,P11229,Homo sapiens (Human),active,6OIJ,EM,6OIJ_2,R,receptor,Muscarinic acetylcholine receptor M1,363,P11229,Homo sapiens,,,,,,,,"N11Q, N21Q",Muscarinic acetylcholine receptor 1-G11 protein complex
ACM1,P11229,Homo sapiens (Human),active,6OIJ,EM,6OIJ_1,A,G-alpha-fusion,"Guanine nucleotide-binding protein G(i) subunit alpha-1,Guanine nucleotide-binding protein subunit alpha-11",353,A0A3B3ITX3;P29992,Homo sapiens,LQLNLKEYNLV,G11/Gq,1.00,FVFAAVKDTILQLNLKEYNLV,G11/Gq,1.00,fused chain,chimeric protein between G-alpha1i(1-29) and G-alpha11(30-),Muscarinic acetylcholine receptor 1-G11 protein complex
ACM1,P11229,Homo sapiens (Human),inactive,6ZFZ,X-ray,6ZFZ_1,A,receptor,"Muscarinic acetylcholine receptor M1,Endolysin,Muscarinic acetylcholine receptor M1",455,P00720;P11229,Homo sapiens;Tequatrovirus T4,,,,,,,,"F27A,T32A,V46L,L64A,T95A,W101A,S112A,A143L,A196T,K362A,A364L,S411A",Structure of M1-StaR-T4L in complex with 77-LH-28-1 at 2.17A
ACM1,P11229,Homo sapiens (Human),inactive,6WJC,X-ray,6WJC_2,C,other,Muscarinic toxin 7,69,Q8QGR0,Dendroaspis angusticeps,,,,,,,,,Muscarinic acetylcholine receptor 1 - muscarinic toxin 7 complex
ACM1,P11229,Homo sapiens (Human),inactive,6WJC,X-ray,6WJC_1,A,receptor,"Muscarinic acetylcholine receptor M1,Endolysin fusion",499,D9IEF7;P11229,Homo sapiens;Tequatrovirus T4,,,,,,,,,Muscarinic acetylcholine receptor 1 - muscarinic toxin 7 complex
ACM2,P08172,Homo sapiens (Human),active,6U1N,EM,6U1N_4,L,nanobody/antibody,Fab30 light chain,215,Q7Z3Y4,Homo sapiens,,,,,,,,,GPCR-Beta arrestin structure in lipid bilayer
ACM2,P08172,Homo sapiens (Human),active,6U1N,EM,6U1N_3,H,nanobody/antibody,Fab30 heavy chain,237,V9HW68,Homo sapiens,,,,,,,,,GPCR-Beta arrestin structure in lipid bilayer
ACM2,P08172,Homo sapiens (Human),active,6U1N,EM,6U1N_2,C,arrestin,Beta-arrestin-1,401,P29066,Rattus norvegicus,,,,,,,,,GPCR-Beta arrestin structure in lipid bilayer
ACM2,P08172,Homo sapiens (Human),active,6U1N,EM,6U1N_1,R,receptor,"Muscarinic acetylcholine receptor M2, Vasopressin V2 receptor chimera",509,P08172;P30518,Homo sapiens,,,,,,,,,GPCR-Beta arrestin structure in lipid bilayer
ACM2,P08172,Homo sapiens (Human),active,7T94,EM,7T94_5,E,nanobody/antibody,Antibody fragment,256,,Mus musculus,,,,,,,,,Cryo-EM structure of S1 state ACh-bound M2R-Go signaling complex with a PAM
ACM2,P08172,Homo sapiens (Human),active,7T94,EM,7T94_4,D,G-gamma,Guanine nucleotide-binding protein G(I)/G(S)/G(O) subunit gamma-2,71,P59768,Homo sapiens,,,,,,,,,Cryo-EM structure of S1 state ACh-bound M2R-Go signaling complex with a PAM
ACM2,P08172,Homo sapiens (Human),active,7T94,EM,7T94_3,C,G-beta,Guanine nucleotide-binding protein G(I)/G(S)/G(T) subunit beta-1,345,P62873,Homo sapiens,,,,,,,,,Cryo-EM structure of S1 state ACh-bound M2R-Go signaling complex with a PAM
ACM2,P08172,Homo sapiens (Human),active,7T94,EM,7T94_2,B,G-alpha,Guanine nucleotide-binding protein G(o) subunit alpha,354,P09471,Homo sapiens,IANNLRGCGLY,Go,1.00,VVFDAVTDIIIANNLRGCGLY,Go,1.00,,,Cryo-EM structure of S1 state ACh-bound M2R-Go signaling complex with a PAM
ACM2,P08172,Homo sapiens (Human),active,7T94,EM,7T94_1,A,receptor,"Muscarinic acetylcholine receptor M2,muscarinic acetylcholine receptor M2 chimera",353,P08172,Homo sapiens,,,,,,,,,Cryo-EM structure of S1 state ACh-bound M2R-Go signaling complex with a PAM
ACM2,P08172,Homo sapiens (Human),inactive,5ZKC,X-ray,5ZKC_1,A,fusion-partner,"Muscarinic acetylcholine receptor M2,Apo-cytochrome b562,Muscarinic acetylcholine receptor M2",421,P08172;P0ABE7,Homo sapiens,,,,,,,,S110R,Crystal structure of rationally thermostabilized M2 muscarinic acetylcholine receptor bound with NMS
ACM2,P08172,Homo sapiens (Human),inactive,5ZK8,X-ray,5ZK8_1,A,fusion-partner,"Muscarinic acetylcholine receptor M2,Redesigned apo-cytochrome b562,Muscarinic acetylcholine receptor M2",421,P08172;P0ABE7,Homo sapiens,,,,,,,,,Crystal structure of M2 muscarinic acetylcholine receptor bound with NMS
ACM4,P08173,Homo sapiens (Human),active,7TRP,EM,7TRP_5,A,G-alpha,Guanine nucleotide-binding protein G(i) subunit alpha-1,354,P63096,Homo sapiens,IKNNLKDCGLF,Gi1/Gi2,1.00,FVFDAVTDVIIKNNLKDCGLF,Gi1/Gi2,1.00,,"S47N, G203A, E245A, A326S",Human M4 muscarinic acetylcholine receptor complex with Gi1 and the agonist iperoxo and positive allosteric modulator LY2033298
ACM4,P08173,Homo sapiens (Human),active,7TRP,EM,7TRP_4,H,nanobody/antibody,Antibody fragment scFv16,248,,Mus musculus,,,,,,,,,Human M4 muscarinic acetylcholine receptor complex with Gi1 and the agonist iperoxo and positive allosteric modulator LY2033298
ACM4,P08173,Homo sapiens (Human),active,7TRP,EM,7TRP_3,G,G-gamma,Guanine nucleotide-binding protein G(I)/G(S)/G(O) subunit gamma-2,70,P59768,Homo sapiens,,,,,,,,,Human M4 muscarinic acetylcholine receptor complex with Gi1 and the agonist iperoxo and positive allosteric modulator LY2033298
ACM4,P08173,Homo sapiens (Human),active,7TRP,EM,7TRP_2,B,G-beta,Guanine nucleotide-binding protein G(I)/G(S)/G(T) subunit beta-1,349,P62873,Homo sapiens,,,,,,,,,Human M4 muscarinic acetylcholine receptor complex with Gi1 and the agonist iperoxo and positive allosteric modulator LY2033298
ACM4,P08173,Homo sapiens (Human),active,7TRP,EM,7TRP_1,R,receptor,Muscarinic acetylcholine receptor M4,349,P08173,Homo sapiens,,,,,,,,,Human M4 muscarinic acetylcholine receptor complex with Gi1 and the agonist iperoxo and positive allosteric modulator LY2033298
ACM4,P08173,Homo sapiens (Human),inactive,5DSG,X-ray,5DSG_1,A/B,receptor,"Muscarinic acetylcholine receptor M4,Endolysin,Endolysin,Muscarinic acetylcholine receptor M4",422,P00720;P08173,Homo sapiens;Tequatrovirus T4,,,,,,,,,Structure of the M4 muscarinic acetylcholine receptor (M4-mT4L) bound to tiotropium
ADA1A,P35348,Homo sapiens (Human),active,8THK,EM,8THK_5,R,receptor,"Endolysin,Alpha-1A adrenergic receptor",503,P00720;P35348,Homo sapiens;Tequatrovirus T4,,,,,,,,,Cryo-EM structure of A61603-bound alpha-1A-adrenergic receptor in complex with heterotrimeric Gq-protein
ADA1A,P35348,Homo sapiens (Human),active,8THK,EM,8THK_4,F,nanobody/antibody,Single fab chain (scFv16),267,,Homo sapiens,,,,,,,,,Cryo-EM structure of A61603-bound alpha-1A-adrenergic receptor in complex with heterotrimeric Gq-protein
ADA1A,P35348,Homo sapiens (Human),active,8THK,EM,8THK_3,G,G-gamma,Guanine nucleotide-binding protein G(I)/G(S)/G(O) subunit gamma-2,71,P59768,Homo sapiens,,,,,,,,,Cryo-EM structure of A61603-bound alpha-1A-adrenergic receptor in complex with heterotrimeric Gq-protein
ADA1A,P35348,Homo sapiens (Human),active,8THK,EM,8THK_2,B,G-beta,Guanine nucleotide-binding protein G(I)/G(S)/G(T) subunit beta-1,358,P62873,Homo sapiens,,,,,,,,,Cryo-EM structure of A61603-bound alpha-1A-adrenergic receptor in complex with heterotrimeric Gq-protein
ADA1A,P35348,Homo sapiens (Human),active,8THK,EM,8THK_1,A,G-alpha-fusion,"Guanine nucleotide-binding protein G(i) subunit alpha-2,Guanine nucleotide-binding protein G(s) subunit alpha isoforms short,Guanine nucleotide-binding protein G(q) subunit alpha",246,P04899;P50148;P63092,Homo sapiens,LQMNLREYNLV,G11/G14/Gq,0.82,RIFNDCKDIILQMNLREYNLV,G11/G14/Gq/Gs,0.62,"mini-G (246 aa; full subunit is 350-395); COUPLING CHIMERA (two-window): scaffold from one family, alpha5 tip from G11/G14/Gq; fused chain",,Cryo-EM structure of A61603-bound alpha-1A-adrenergic receptor in complex with heterotrimeric Gq-protein
ADA1A,P35348,Homo sapiens (Human),active,7YM8,EM,7YM8_3,D,nanobody/antibody,nanobody 29,144,,synthetic construct,,,,,,,,,Cryo-EM structure of Nb29-alpha1AAR-miniGsq complex bound to oxymetazoline
ADA1A,P35348,Homo sapiens (Human),active,7YM8,EM,7YM8_2,A,receptor,alpha1A adrenergic receptor,480,D9IEF7;P35348,Homo sapiens,,,,,,,,,Cryo-EM structure of Nb29-alpha1AAR-miniGsq complex bound to oxymetazoline
ADA1A,P35348,Homo sapiens (Human),active,7YM8,EM,7YM8_1,B,G-alpha,miniGsq,246,,Homo sapiens,LQMNLREYNLV,G11/G14/Gq,0.82,RIFNDCKDIILQMNLREYNLV,G11/G14/Gq/Gs,0.62,"mini-G (246 aa; full subunit is 350-395); COUPLING CHIMERA (two-window): scaffold from one family, alpha5 tip from G11/G14/Gq",,Cryo-EM structure of Nb29-alpha1AAR-miniGsq complex bound to oxymetazoline
ADA1A,P35348,Homo sapiens (Human),inactive,8HN1,EM,8HN1_3,D,nanobody/antibody,Nb6,133,,Lama glama,,,,,,,,,Cryo-EM structure of AdTx1-alpha1AAR-Nb6
ADA1A,P35348,Homo sapiens (Human),inactive,8HN1,EM,8HN1_2,A,receptor,Alpha-1A adrenergic receptor,346,P35348,Homo sapiens,,,,,,,,,Cryo-EM structure of AdTx1-alpha1AAR-Nb6
ADA1A,P35348,Homo sapiens (Human),inactive,8HN1,EM,8HN1_1,C,other,Toxin AdTx1,71,P85092,Dendroaspis angusticeps,,,,,,,,,Cryo-EM structure of AdTx1-alpha1AAR-Nb6
ADA2A,P08913,Homo sapiens (Human),active,9CBL,EM,9CBL_4,R,receptor,"Endolysin,Alpha-2A adrenergic receptor",484,P00720;P08913,Homo sapiens;Tequatrovirus T4,,,,,,,,,Cryo-EM structure of epinephrine-bound alpha-2A-adrenergic receptor in complex with heterotrimeric Gi-protein
ADA2A,P08913,Homo sapiens (Human),active,9CBL,EM,9CBL_3,G,G-gamma,Guanine nucleotide-binding protein G(I)/G(S)/G(O) subunit gamma-2,71,P63212,Bos taurus,,,,,,,,C68S,Cryo-EM structure of epinephrine-bound alpha-2A-adrenergic receptor in complex with heterotrimeric Gi-protein
ADA2A,P08913,Homo sapiens (Human),active,9CBL,EM,9CBL_2,B,G-beta,Guanine nucleotide-binding protein G(I)/G(S)/G(T) subunit beta-1,339,P62871,Bos taurus,,,,,,,,,Cryo-EM structure of epinephrine-bound alpha-2A-adrenergic receptor in complex with heterotrimeric Gi-protein
ADA2A,P08913,Homo sapiens (Human),active,9CBL,EM,9CBL_1,A,G-alpha,Guanine nucleotide-binding protein G(i) subunit alpha-1,379,P10824,Rattus norvegicus,IKNNLKDCGLF,Gi1/Gi2,1.00,FVFDAVTDVIIKNNLKDCGLF,Gi1/Gi2,1.00,,G203A,Cryo-EM structure of epinephrine-bound alpha-2A-adrenergic receptor in complex with heterotrimeric Gi-protein
ADA2A,P08913,Homo sapiens (Human),active,7EJ8,EM,7EJ8_5,H,nanobody/antibody,scFv16,307,,Mus musculus,,,,,,,,,Structure of the alpha2A-adrenergic receptor GoA signaling complex bound to brimonidine
ADA2A,P08913,Homo sapiens (Human),active,7EJ8,EM,7EJ8_4,R,receptor,Alpha-2A adrenergic receptor,465,P08913,Homo sapiens,,,,,,,,,Structure of the alpha2A-adrenergic receptor GoA signaling complex bound to brimonidine
ADA2A,P08913,Homo sapiens (Human),active,7EJ8,EM,7EJ8_3,G,G-gamma,Guanine nucleotide-binding protein G(I)/G(S)/G(O) subunit gamma-2,71,P59768,Homo sapiens,,,,,,,,,Structure of the alpha2A-adrenergic receptor GoA signaling complex bound to brimonidine
ADA2A,P08913,Homo sapiens (Human),active,7EJ8,EM,7EJ8_2,B,G-beta,Guanine nucleotide-binding protein G(I)/G(S)/G(T) subunit beta-1,349,P62873,Homo sapiens,,,,,,,,,Structure of the alpha2A-adrenergic receptor GoA signaling complex bound to brimonidine
ADA2A,P08913,Homo sapiens (Human),active,7EJ8,EM,7EJ8_1,A,G-alpha,Guanine nucleotide-binding protein G(o) subunit alpha,354,P09471,Homo sapiens,IANNLRGCGLY,Go,1.00,VVFDAVTDIIIANNLRGCGLY,Go,1.00,,,Structure of the alpha2A-adrenergic receptor GoA signaling complex bound to brimonidine
ADA2A,P08913,Homo sapiens (Human),inactive,6KUX,X-ray,6KUX_1,A,receptor,alpha2A adrenergic receptor,395,P08913,Homo sapiens,,,,,,,,,Crystal structures of the alpha2A adrenergic receptor in complex with an antagonist RSC.
ADRB1,P08588,Homo sapiens (Human),active,7BU7,X-ray,7BU7_2,B,nanobody/antibody,camelid antibody fragment,128,,Camelidae mixed library,,,,,,,,,Structure of human beta1 adrenergic receptor bound to BI-167107 and nanobody 6B9
ADRB1,P08588,Homo sapiens (Human),active,7BU7,X-ray,7BU7_1,A,receptor,"Endolysin,Endolysin,Beta-1 adrenergic receptor chimera",516,D9IEF7;P08588,Homo sapiens;Tequatrovirus T4,,,,,,,,"C944T,C987A",Structure of human beta1 adrenergic receptor bound to BI-167107 and nanobody 6B9
ADRB1,P08588,Homo sapiens (Human),active,8DCS,EM,8DCS_5,R,receptor,"Endolysin,Endolysin,Beta-1 adrenergic receptor chimera",508,P00720;P07700,Meleagris gallopavo,,,,,,,,,Cryo-EM structure of cyanopindolol-bound beta1-adrenergic receptor in complex with heterotrimeric Gs-protein
ADRB1,P08588,Homo sapiens (Human),active,8DCS,EM,8DCS_4,G,G-gamma,Guanine nucleotide-binding protein G(I)/G(S)/G(O) subunit gamma-2,71,P63212,Bos taurus,,,,,,,,,Cryo-EM structure of cyanopindolol-bound beta1-adrenergic receptor in complex with heterotrimeric Gs-protein
ADRB1,P08588,Homo sapiens (Human),active,8DCS,EM,8DCS_3,A,G-alpha,Guanine nucleotide-binding protein G(s) subunit alpha isoforms short,384,P04896,Bos taurus,QRMHLRQYELL,Gs,1.00,RVFNDCRDIIQRMHLRQYELL,Gs,1.00,,,Cryo-EM structure of cyanopindolol-bound beta1-adrenergic receptor in complex with heterotrimeric Gs-protein
ADRB1,P08588,Homo sapiens (Human),active,8DCS,EM,8DCS_2,N,nanobody/antibody,Nanobody 35,140,,Lama glama,,,,,,,,,Cryo-EM structure of cyanopindolol-bound beta1-adrenergic receptor in complex with heterotrimeric Gs-protein
ADRB1,P08588,Homo sapiens (Human),active,8DCS,EM,8DCS_1,B,G-beta,Guanine nucleotide-binding protein G(I)/G(S)/G(T) subunit beta-1,339,P62871,Bos taurus,,,,,,,,,Cryo-EM structure of cyanopindolol-bound beta1-adrenergic receptor in complex with heterotrimeric Gs-protein
ADRB1,P08588,Homo sapiens (Human),inactive,7BVQ,X-ray,7BVQ_1,A/B,receptor,"Endolysin,Beta-1 adrenergic receptor chimera",462,D9IEF7;P08588,Homo sapiens;Tequatrovirus T4,,,,,,,,"C944T,C987A",Structure of human beta1 adrenergic receptor bound to carazolol
ADRB1,P08588,Homo sapiens (Human),inactive,4BVN,X-ray,4BVN_1,A,receptor,BETA-1 ADRENERGIC RECEPTOR,315,P07700,Meleagris gallopavo,,,,,,,,YES,Ultra-thermostable beta1-adrenoceptor with cyanopindolol bound
ADRB2,P07550,Homo sapiens (Human),active,8GG0,EM,8GG0_4,R,receptor,Beta-2 adrenergic receptor,460,P07550,Homo sapiens,,,,,,,,,CryoEM structure of beta-2-adrenergic receptor in complex with GTP-bound Gs heterotrimer (transition intermediate #6 of 20)
ADRB2,P07550,Homo sapiens (Human),active,8GG0,EM,8GG0_3,G,G-gamma,Guanine nucleotide-binding protein G(I)/G(S)/G(O) subunit gamma-2,71,P59768,Homo sapiens,,,,,,,,,CryoEM structure of beta-2-adrenergic receptor in complex with GTP-bound Gs heterotrimer (transition intermediate #6 of 20)
ADRB2,P07550,Homo sapiens (Human),active,8GG0,EM,8GG0_2,B,G-beta,Guanine nucleotide-binding protein G(I)/G(S)/G(T) subunit beta-1,343,P62873,Homo sapiens,,,,,,,,,CryoEM structure of beta-2-adrenergic receptor in complex with GTP-bound Gs heterotrimer (transition intermediate #6 of 20)
ADRB2,P07550,Homo sapiens (Human),active,8GG0,EM,8GG0_1,A,G-alpha,Guanine nucleotide-binding protein G(s) subunit alpha isoforms short,380,P63092,Homo sapiens,QRMHLRQYELL,Gs,1.00,RVFNDCRDIIQRMHLRQYELL,Gs,1.00,,,CryoEM structure of beta-2-adrenergic receptor in complex with GTP-bound Gs heterotrimer (transition intermediate #6 of 20)
ADRB2,P07550,Homo sapiens (Human),active,4LDE,X-ray,4LDE_2,B,nanobody/antibody,Camelid Antibody Fragment,120,,Lama glama,,,,,,,,,Structure of beta2 adrenoceptor bound to BI167107 and an engineered nanobody
ADRB2,P07550,Homo sapiens (Human),active,4LDE,X-ray,4LDE_1,A,fusion-partner,"Lysozyme, Beta-2 adrenergic receptor",469,P00720;P07550,Homo sapiens;Tequatrovirus T4,,,,,,,,"C918T, C962A, M1096T, M1098T, N1157E, C1265A",Structure of beta2 adrenoceptor bound to BI167107 and an engineered nanobody
ADRB2,P07550,Homo sapiens (Human),inactive,8JJO,EM,8JJO_1,F,fusion-partner,"Beta-2 adrenergic receptor,Beta-2 adrenergic receptor,Soluble cytochrome b562",453,P07550;P0ABE7,Escherichia coli;Homo sapiens,,,,,,,,,Cryo-EM structure of the beta2AR-mBRIL/1b3 Fab/Glue complex with an antagonist
ADRB2,P07550,Homo sapiens (Human),inactive,6PS2,X-ray,6PS2_1,A,fusion-partner,Fusion protein of Beta-2 adrenergic receptor and T4 Lysozyme,506,D9IEF7;P07550,Homo sapiens;Tequatrovirus T4,,,,,,,,,XFEL beta2 AR structure by ligand exchange from Timolol to Alprenolol.
ADRB2,P07550,Homo sapiens (Human),inactive,2R4R,X-ray,2R4R_3,H,nanobody/antibody,"antibody for beta2 adrenoceptor, heavy chain",217,,Mus musculus,,,,,,,,,Crystal structure of the human beta2 adrenoceptor
ADRB2,P07550,Homo sapiens (Human),inactive,2R4R,X-ray,2R4R_2,L,nanobody/antibody,"antibody for beta2 adrenoceptor, light chain",214,,Mus musculus,,,,,,,,,Crystal structure of the human beta2 adrenoceptor
ADRB2,P07550,Homo sapiens (Human),inactive,2R4R,X-ray,2R4R_1,A,receptor,Beta-2 adrenergic receptor,365,P07550,Homo sapiens,,,,,,,,,Crystal structure of the human beta2 adrenoceptor
AGTR1,P30556,Homo sapiens (Human),active,7F6G,EM,7F6G_5,D,G-gamma,Guanine nucleotide-binding protein G(I)/G(S)/G(O) subunit gamma-2,81,P59768,Homo sapiens,,,,,,,,,Cryo-EM structure of human angiotensin receptor AT1R in complex Gq proteins and Sar1-AngII
AGTR1,P30556,Homo sapiens (Human),active,7F6G,EM,7F6G_4,C,G-beta,Guanine nucleotide-binding protein G(I)/G(S)/G(T) subunit beta-1,354,P62873,Homo sapiens,,,,,,,,,Cryo-EM structure of human angiotensin receptor AT1R in complex Gq proteins and Sar1-AngII
AGTR1,P30556,Homo sapiens (Human),active,7F6G,EM,7F6G_3,B,G-alpha,Guanine nucleotide-binding protein G(q) subunit alpha,369,P50148,Homo sapiens,LQLNLKEYNLV,G11/Gq,1.00,FVFAAVKDTILQLNLKEYNLV,G11/Gq,1.00,,"R183Q, Q209L",Cryo-EM structure of human angiotensin receptor AT1R in complex Gq proteins and Sar1-AngII
AGTR1,P30556,Homo sapiens (Human),active,7F6G,EM,7F6G_2,L,ligand-peptide,SAR1-AngII,8,,Homo sapiens,,,,,,,,,Cryo-EM structure of human angiotensin receptor AT1R in complex Gq proteins and Sar1-AngII
AGTR1,P30556,Homo sapiens (Human),active,7F6G,EM,7F6G_1,A,receptor,Angiotensin receptor AT1R,725,,Homo sapiens,,,,,,,,"F77A, N295A",Cryo-EM structure of human angiotensin receptor AT1R in complex Gq proteins and Sar1-AngII
AGTR1,P30556,Homo sapiens (Human),active,6OS2,X-ray,6OS2_3,B,ligand-peptide,TRV026 peptide,8,,synthetic construct,,,,,,,,,Structure of synthetic nanobody-stabilized angiotensin II type 1 receptor bound to TRV026
AGTR1,P30556,Homo sapiens (Human),active,6OS2,X-ray,6OS2_2,D,nanobody/antibody,Nanobody Nb.AT110i1_le,128,,synthetic construct,,,,,,,,,Structure of synthetic nanobody-stabilized angiotensin II type 1 receptor bound to TRV026
AGTR1,P30556,Homo sapiens (Human),active,6OS2,X-ray,6OS2_1,A,fusion-partner,"Type-1 angiotensin II receptor,Soluble cytochrome b562 BRIL fusion protein",425,P0ABE7;P30556,Escherichia coli;Homo sapiens,,,,,,,,,Structure of synthetic nanobody-stabilized angiotensin II type 1 receptor bound to TRV026
AGTR1,P30556,Homo sapiens (Human),inactive,4ZUD,X-ray,4ZUD_1,A,fusion-partner,Chimera protein of Soluble cytochrome b562 and Type-1 angiotensin II receptor,410,P0ABE7;P30556,Escherichia coli;Homo sapiens,,,,,,,,"M1007W, H1102I, R1106L",Crystal Structure of Human Angiotensin Receptor in Complex with Inverse Agonist Olmesartan at 2.8A resolution.
AGTR1,P30556,Homo sapiens (Human),inactive,8TH3,EM,8TH3_3,D,nanobody/antibody,BAG2 Anti-BRIL Fab Light Chain,215,,synthetic construct,,,,,,,,,Structure of AT118-H Nanobody Antagonist in Complex with the Angiotensin II Type I Receptor
AGTR1,P30556,Homo sapiens (Human),inactive,8TH3,EM,8TH3_2,C,nanobody/antibody,BAG2 Anti-BRIL Fab Heavy Chain,231,,synthetic construct,,,,,,,,,Structure of AT118-H Nanobody Antagonist in Complex with the Angiotensin II Type I Receptor
AGTR1,P30556,Homo sapiens (Human),inactive,8TH3,EM,8TH3_1,A/B,nanobody/antibody,"AT118-H nanobody, Type-1 angiotensin II receptor, Soluble cytochrome b562 complex",582,P0ABE7;P30556,Camelidae;Escherichia coli;Homo sapiens,,,,,,,,,Structure of AT118-H Nanobody Antagonist in Complex with the Angiotensin II Type I Receptor
APJ,P35414,Homo sapiens (Human),active,8XZH,EM,8XZH_6,L,ligand-peptide,MM07,13,Q9ULZ1,synthetic construct,,,,,,,,,Cryo-EM structure of the MM07-bound human APLNR-Gi complex
APJ,P35414,Homo sapiens (Human),active,8XZH,EM,8XZH_5,S,nanobody/antibody,scFv16,256,,synthetic construct,,,,,,,,,Cryo-EM structure of the MM07-bound human APLNR-Gi complex
APJ,P35414,Homo sapiens (Human),active,8XZH,EM,8XZH_4,G,G-gamma,Guanine nucleotide-binding protein G(I)/G(S)/G(O) subunit gamma-2,71,P59768,Homo sapiens,,,,,,,,,Cryo-EM structure of the MM07-bound human APLNR-Gi complex
APJ,P35414,Homo sapiens (Human),active,8XZH,EM,8XZH_3,B,G-beta,Guanine nucleotide-binding protein G(I)/G(S)/G(T) subunit beta-1,339,P62873,Homo sapiens,,,,,,,,,Cryo-EM structure of the MM07-bound human APLNR-Gi complex
APJ,P35414,Homo sapiens (Human),active,8XZH,EM,8XZH_2,A,G-alpha,Guanine nucleotide-binding protein G(i) subunit alpha-1,354,P63096,Homo sapiens,IKNNLKDCGLF,Gi1/Gi2,1.00,FVFDAVTDVIIKNNLKDCGLF,Gi1/Gi2,1.00,,,Cryo-EM structure of the MM07-bound human APLNR-Gi complex
APJ,P35414,Homo sapiens (Human),active,8XZH,EM,8XZH_1,R,receptor,Apelin receptor,380,P35414,Homo sapiens,,,,,,,,,Cryo-EM structure of the MM07-bound human APLNR-Gi complex
APJ,P35414,Homo sapiens (Human),inactive,8S4D,X-ray,8S4D_1,A,fusion-partner,"Apelin receptor,Soluble cytochrome b562",497,P0ABE7;P35414,Escherichia coli O139:H28 str. E24377A;Homo sapiens,,,,,,,,"T87V,N112A,T177N,T207M,F214L,I224A,S298A,C325L,C326M",Crystal structure of a peptidergic GPCR in complex with a small synthetic G protein-biased agonist
APJ,P35414,Homo sapiens (Human),inactive,5VBL,X-ray,5VBL_1,A,ligand-peptide,agonist peptide,17,,Homo sapiens,,,,,,,,,Structure of apelin receptor in complex with agonist peptide
APJ,P35414,Homo sapiens (Human),inactive,5VBL,X-ray,5VBL_2,B,fusion-partner,"Apelin receptor,Rubredoxin,Apelin receptor Chimera",407,P00268;P35414,Clostridium pasteurianum;Homo sapiens,,,,,,,,"V117A, T177N,W261K, C325L, C326M",Structure of apelin receptor in complex with agonist peptide
B1B1U5,B1B1U5,Hasarius adansoni,active,9EPP,EM,9EPP_1,R,receptor,Kumopsin1,327,B1B1U5,Hasarius adansoni,,,,,,,,,Cryo-EM Structure of Jumping Spider Rhodopsin-1 bound to a Giq heterotrimer
B1B1U5,B1B1U5,Hasarius adansoni,active,9EPP,EM,9EPP_2,A,G-alpha,Guanine nucleotide-binding protein G(i) subunit alpha-1,352,P63096,Homo sapiens,LQNNLKECNLV,G11/Gq,0.82,FVFCAVKDTILQNNLKECNLV,G11/Gq,0.86,"COUPLING CHIMERA (xref-vs-C-terminus): accession is Gi1, alpha5 tip is G11/Gq","A31R,D193S,L194I,D337C,T340K,V342T,I344L,K345Q,D350E,G352N,F354V",Cryo-EM Structure of Jumping Spider Rhodopsin-1 bound to a Giq heterotrimer
B1B1U5,B1B1U5,Hasarius adansoni,active,9EPP,EM,9EPP_3,B,G-beta,Guanine nucleotide-binding protein G(I)/G(S)/G(T) subunit beta-1,339,P62873,Homo sapiens,,,,,,,,,Cryo-EM Structure of Jumping Spider Rhodopsin-1 bound to a Giq heterotrimer
B1B1U5,B1B1U5,Hasarius adansoni,active,9EPP,EM,9EPP_4,G,G-gamma,Guanine nucleotide-binding protein G(I)/G(S)/G(O) subunit gamma-2,60,P59768,Homo sapiens,,,,,,,,,Cryo-EM Structure of Jumping Spider Rhodopsin-1 bound to a Giq heterotrimer
B1B1U5,B1B1U5,Hasarius adansoni,active,9EPR,EM,9EPR_4,R,receptor,Kumopsin1,380,B1B1U5,Hasarius adansoni,,,,,,,,,Cryo-EM Structure of Jumping Spider Rhodopsin-1 bound to a Gi heterotrimer
B1B1U5,B1B1U5,Hasarius adansoni,active,9EPR,EM,9EPR_3,G,G-gamma,Guanine nucleotide-binding protein G(T) subunit gamma-T1,74,P02698,Bos taurus,,,,,,,,,Cryo-EM Structure of Jumping Spider Rhodopsin-1 bound to a Gi heterotrimer
B1B1U5,B1B1U5,Hasarius adansoni,active,9EPR,EM,9EPR_2,B,G-beta,Guanine nucleotide-binding protein G(I)/G(S)/G(T) subunit beta-1,340,P62871,Bos taurus,,,,,,,,,Cryo-EM Structure of Jumping Spider Rhodopsin-1 bound to a Gi heterotrimer
B1B1U5,B1B1U5,Hasarius adansoni,active,9EPR,EM,9EPR_1,A,G-alpha,Guanine nucleotide-binding protein G(i) subunit alpha-1,357,P63096,Homo sapiens,IKNNLKDCGLF,Gi1/Gi2,1.00,FVFDAVTDVIIKNNLKDCGLF,Gi1/Gi2,1.00,,,Cryo-EM Structure of Jumping Spider Rhodopsin-1 bound to a Gi heterotrimer
B1B1U5,B1B1U5,Hasarius adansoni,inactive,6I9K,X-ray,6I9K_1,A,receptor,Kumopsin1,380,B1B1U5,Hasarius adansoni,,,,,,,,C-tail 1D4 epitope (ETSQVAPA),Crystal structure of Jumping Spider Rhodopsin-1 bound to 9-cis retinal
C5AR1,P21730,Homo sapiens (Human),active,7Y67,EM,7Y67_6,L,ligand-peptide,C089 peptide,6,,synthetic construct,,,,,,,,,Cryo-EM structure of C089-bound C5aR1(I116A) mutant in complex with Gi protein
C5AR1,P21730,Homo sapiens (Human),active,7Y67,EM,7Y67_5,S,nanobody/antibody,scFv16,267,,Mus musculus,,,,,,,,,Cryo-EM structure of C089-bound C5aR1(I116A) mutant in complex with Gi protein
C5AR1,P21730,Homo sapiens (Human),active,7Y67,EM,7Y67_4,D,receptor,C5a anaphylatoxin chemotactic receptor 1,339,P21730,Homo sapiens,,,,,,,,I116A,Cryo-EM structure of C089-bound C5aR1(I116A) mutant in complex with Gi protein
C5AR1,P21730,Homo sapiens (Human),active,7Y67,EM,7Y67_3,C,G-gamma,Guanine nucleotide-binding protein G(I)/G(S)/G(O) subunit gamma-2,71,P59768,Homo sapiens,,,,,,,,,Cryo-EM structure of C089-bound C5aR1(I116A) mutant in complex with Gi protein
C5AR1,P21730,Homo sapiens (Human),active,7Y67,EM,7Y67_2,B,G-beta,Guanine nucleotide-binding protein G(I)/G(S)/G(T) subunit beta-1,356,P62873,Homo sapiens,,,,,,,,,Cryo-EM structure of C089-bound C5aR1(I116A) mutant in complex with Gi protein
C5AR1,P21730,Homo sapiens (Human),active,7Y67,EM,7Y67_1,A,G-alpha,Guanine nucleotide-binding protein G(i) subunit alpha-1,354,P63096,Homo sapiens,IKNNLKDCGLF,Gi1/Gi2,1.00,FVFDAVTDVIIKNNLKDCGLF,Gi1/Gi2,1.00,,,Cryo-EM structure of C089-bound C5aR1(I116A) mutant in complex with Gi protein
C5AR1,P21730,Homo sapiens (Human),active,7Y66,EM,7Y66_6,E,ligand-peptide,BM213 peptide,9,,synthetic construct,,,,,,,,,Cryo-EM structure of BM213-bound C5aR1 in complex with Gi protein
C5AR1,P21730,Homo sapiens (Human),active,7Y66,EM,7Y66_5,D,receptor,C5a anaphylatoxin chemotactic receptor 1,339,P21730,Homo sapiens,,,,,,,,,Cryo-EM structure of BM213-bound C5aR1 in complex with Gi protein
C5AR1,P21730,Homo sapiens (Human),active,7Y66,EM,7Y66_4,S,nanobody/antibody,scFV16,267,,Mus musculus,,,,,,,,,Cryo-EM structure of BM213-bound C5aR1 in complex with Gi protein
C5AR1,P21730,Homo sapiens (Human),active,7Y66,EM,7Y66_3,C,G-gamma,Guanine nucleotide-binding protein G(I)/G(S)/G(O) subunit gamma-2,71,P59768,Homo sapiens,,,,,,,,,Cryo-EM structure of BM213-bound C5aR1 in complex with Gi protein
C5AR1,P21730,Homo sapiens (Human),active,7Y66,EM,7Y66_2,B,G-beta,Guanine nucleotide-binding protein G(I)/G(S)/G(T) subunit beta-1,356,P62873,Homo sapiens,,,,,,,,,Cryo-EM structure of BM213-bound C5aR1 in complex with Gi protein
C5AR1,P21730,Homo sapiens (Human),active,7Y66,EM,7Y66_1,A,G-alpha,Guanine nucleotide-binding protein G(i) subunit alpha-1,354,P63096,Homo sapiens,IKNNLKDCGLF,Gi1/Gi2,1.00,FVFDAVTDVIIKNNLKDCGLF,Gi1/Gi2,1.00,,,Cryo-EM structure of BM213-bound C5aR1 in complex with Gi protein
C5AR1,P21730,Homo sapiens (Human),inactive,6C1R,X-ray,6C1R_1,B,fusion-partner,"Soluble cytochrome b562, C5a anaphylatoxin chemotactic receptor 1 chimera",422,P0ABE7;P21730,Escherichia coli;Homo sapiens,,,,,,,,"M29W, H124I, R128L",Crystal structure of human C5a receptor in complex with an orthosteric antagonist PMX53 and an allosteric antagonist avacopan
C5AR1,P21730,Homo sapiens (Human),inactive,6C1R,X-ray,6C1R_2,L,ligand-peptide,PMX53,7,,synthetic construct,,,,,,,,,Crystal structure of human C5a receptor in complex with an orthosteric antagonist PMX53 and an allosteric antagonist avacopan
CCKAR,P32238,Homo sapiens (Human),active,7MBX,EM,7MBX_6,R,receptor,Cholecystokinin receptor type A,435,P32238,Homo sapiens,,,,,,,,,Human Cholecystokinin 1 receptor (CCK1R) Gs complex
CCKAR,P32238,Homo sapiens (Human),active,7MBX,EM,7MBX_5,P,ligand-peptide,Cholecystokinin-8,9,P06307,Homo sapiens,,,,,,,,,Human Cholecystokinin 1 receptor (CCK1R) Gs complex
CCKAR,P32238,Homo sapiens (Human),active,7MBX,EM,7MBX_4,N,nanobody/antibody,Nanobody35,138,,Lama glama,,,,,,,,,Human Cholecystokinin 1 receptor (CCK1R) Gs complex
CCKAR,P32238,Homo sapiens (Human),active,7MBX,EM,7MBX_3,G,G-gamma,Guanine nucleotide-binding protein G(I)/G(S)/G(O) subunit gamma-2,71,P59768,Homo sapiens,,,,,,,,,Human Cholecystokinin 1 receptor (CCK1R) Gs complex
CCKAR,P32238,Homo sapiens (Human),active,7MBX,EM,7MBX_2,B,G-beta,Guanine nucleotide-binding protein G(I)/G(S)/G(T) subunit beta-1,340,P54311,Rattus norvegicus,,,,,,,,,Human Cholecystokinin 1 receptor (CCK1R) Gs complex
CCKAR,P32238,Homo sapiens (Human),active,7MBX,EM,7MBX_1,A,G-alpha,Guanine nucleotide-binding protein G(s) subunit alpha isoforms short,394,P63092,Homo sapiens,QRMHLRQYELL,Gs,1.00,RVFNDCRDIIQRMHLRQYELL,Gs,1.00,,,Human Cholecystokinin 1 receptor (CCK1R) Gs complex
CCKAR,P32238,Homo sapiens (Human),inactive,7F8Y,X-ray,7F8Y_1,A,receptor,fusion protein of Cholecystokinin receptor type A and Endolysin,534,P00720;P32238,Homo sapiens;Tequatrovirus T4,,,,,,,,"D87N,F130W,R1251G,G1293T,C1336A,I385R",Crystal structure of the cholecystokinin receptor CCKAR in complex with devazepide
CCKAR,P32238,Homo sapiens (Human),inactive,7F8U,X-ray,7F8U_1,A,receptor,Fusion protein of Cholecystokinin receptor type A and Endolysin,534,P00720;P32238,Homo sapiens;Tequatrovirus T4,,,,,,,,,Crystal structure of the cholecystokinin receptor CCKAR in complex with lintitript
CCR2,P41597,Homo sapiens (Human),active,7XA3,EM,7XA3_6,E,nanobody/antibody,scFv16,256,,Homo sapiens,,,,,,,,,Cryo-EM structure of the CCL2 bound CCR2-Gi complex
CCR2,P41597,Homo sapiens (Human),active,7XA3,EM,7XA3_5,C,G-gamma,Guanine nucleotide-binding protein G(I)/G(S)/G(O) subunit gamma-2,71,P59768,Homo sapiens,,,,,,,,,Cryo-EM structure of the CCL2 bound CCR2-Gi complex
CCR2,P41597,Homo sapiens (Human),active,7XA3,EM,7XA3_4,B,G-beta,Guanine nucleotide-binding protein G(I)/G(S)/G(T) subunit beta-1,365,P62873,Homo sapiens,,,,,,,,,Cryo-EM structure of the CCL2 bound CCR2-Gi complex
CCR2,P41597,Homo sapiens (Human),active,7XA3,EM,7XA3_3,A,G-alpha,Guanine nucleotide-binding protein G(i) subunit alpha-1,354,P63096,Homo sapiens,IKNNLKDCGLF,Gi1/Gi2,1.00,FVFDAVTDVIIKNNLKDCGLF,Gi1/Gi2,1.00,,,Cryo-EM structure of the CCL2 bound CCR2-Gi complex
CCR2,P41597,Homo sapiens (Human),active,7XA3,EM,7XA3_2,L,other,C-C motif chemokine 2,69,P13500,Homo sapiens,,,,,,,,,Cryo-EM structure of the CCL2 bound CCR2-Gi complex
CCR2,P41597,Homo sapiens (Human),active,7XA3,EM,7XA3_1,R,receptor,Isoform B of C-C chemokine receptor type 2,360,P41597,Homo sapiens,,,,,,,,,Cryo-EM structure of the CCL2 bound CCR2-Gi complex
CCR2,P41597,Homo sapiens (Human),inactive,6GPX,X-ray,6GPX_1,A/B,fusion-partner,"C-C chemokine receptor type 2,Rubredoxin,C-C chemokine receptor type 2",349,P00268;P41597,Clostridium pasteurianum;Homo sapiens,,,,,,,,,CRYSTAL STRUCTURE OF CCR2A IN COMPLEX WITH MK-0812
CCR5,P51681,Homo sapiens (Human),active,7O7F,EM,7O7F_7,F,nanobody/antibody,Fab antibody fragment light chain,217,,Mus musculus,,,,,,,,,Structural basis of the activation of the CC chemokine receptor 5 by a chemokine agonist
CCR5,P51681,Homo sapiens (Human),active,7O7F,EM,7O7F_6,H,nanobody/antibody,Fab antibody fragment heavy chain,221,,Mus musculus,,,,,,,,,Structural basis of the activation of the CC chemokine receptor 5 by a chemokine agonist
CCR5,P51681,Homo sapiens (Human),active,7O7F,EM,7O7F_5,I,other,C-C motif chemokine 5,69,P13501,Homo sapiens,,,,,,,,,Structural basis of the activation of the CC chemokine receptor 5 by a chemokine agonist
CCR5,P51681,Homo sapiens (Human),active,7O7F,EM,7O7F_4,G,G-gamma,Guanine nucleotide-binding protein G(T) subunit gamma-T1,74,P02698,Bos taurus,,,,,,,,,Structural basis of the activation of the CC chemokine receptor 5 by a chemokine agonist
CCR5,P51681,Homo sapiens (Human),active,7O7F,EM,7O7F_3,C,receptor,C-C chemokine receptor type 5,372,P51681,Homo sapiens,,,,,,,,,Structural basis of the activation of the CC chemokine receptor 5 by a chemokine agonist
CCR5,P51681,Homo sapiens (Human),active,7O7F,EM,7O7F_2,B,G-beta,Guanine nucleotide-binding protein G(I)/G(S)/G(T) subunit beta-1,340,P62871,Bos taurus,,,,,,,,,Structural basis of the activation of the CC chemokine receptor 5 by a chemokine agonist
CCR5,P51681,Homo sapiens (Human),active,7O7F,EM,7O7F_1,A,G-alpha,Guanine nucleotide-binding protein G(i) subunit alpha-1,354,P63096,Homo sapiens,IKNNLKDCGLF,Gi1/Gi2,1.00,FVFDAVTDVIIKNNLKDCGLF,Gi1/Gi2,1.00,,,Structural basis of the activation of the CC chemokine receptor 5 by a chemokine agonist
CCR5,P51681,Homo sapiens (Human),active,7F1S,EM,7F1S_4,C,G-gamma,Guanine nucleotide-binding protein G(I)/G(S)/G(O) subunit gamma-2,71,P59768,Homo sapiens,,,,,,,,,Cryo-EM structure of the apo chemokine receptor CCR5 in complex with Gi
CCR5,P51681,Homo sapiens (Human),active,7F1S,EM,7F1S_3,B,G-beta,Guanine nucleotide-binding protein G(I)/G(S)/G(T) subunit beta-1,340,P62873,Homo sapiens,,,,,,,,,Cryo-EM structure of the apo chemokine receptor CCR5 in complex with Gi
CCR5,P51681,Homo sapiens (Human),active,7F1S,EM,7F1S_2,A,G-alpha,Guanine nucleotide-binding protein G(i) subunit alpha-1,354,P63096,Homo sapiens,IKNNLKDCGLF,Gi1/Gi2,1.00,FVFDAVTDVIIKNNLKDCGLF,Gi1/Gi2,1.00,,"S47C,G202T,G203A,E245A,A326S",Cryo-EM structure of the apo chemokine receptor CCR5 in complex with Gi
CCR5,P51681,Homo sapiens (Human),active,7F1S,EM,7F1S_1,R,receptor,C-C chemokine receptor type 5,367,P51681,Homo sapiens,,,,,,,,G163N,Cryo-EM structure of the apo chemokine receptor CCR5 in complex with Gi
CCR5,P51681,Homo sapiens (Human),inactive,6MEO,EM,6MEO_3,B,receptor,C-C chemokine receptor type 5,313,P51681,Homo sapiens,,,,,,,,,Structural basis of coreceptor recognition by HIV-1 envelope spike
CCR5,P51681,Homo sapiens (Human),inactive,6MEO,EM,6MEO_2,A,other,T-cell surface glycoprotein CD4,176,P01730,Homo sapiens,,,,,,,,,Structural basis of coreceptor recognition by HIV-1 envelope spike
CCR5,P51681,Homo sapiens (Human),inactive,6MEO,EM,6MEO_1,G,other,Envelope glycoprotein gp160,461,Q70145,Human immunodeficiency virus 1,,,,,,,,,Structural basis of coreceptor recognition by HIV-1 envelope spike
CCR5,P51681,Homo sapiens (Human),inactive,5UIW,X-ray,5UIW_2,B,other,C-C motif chemokine 5,75,P13501,Homo sapiens,,,,,,,,,Crystal Structure of CC Chemokine Receptor 5 (CCR5) in complex with high potency HIV entry inhibitor 5P7-CCL5
CCR5,P51681,Homo sapiens (Human),inactive,5UIW,X-ray,5UIW_1,A,fusion-partner,"C-C chemokine receptor type 5,Rubredoxin chimera",411,P00268;P51681,Clostridium pasteurianum;Homo sapiens,,,,,,,,"C58Y, G163N, A233D, K303E",Crystal Structure of CC Chemokine Receptor 5 (CCR5) in complex with high potency HIV entry inhibitor 5P7-CCL5
CCR6,P51684,Homo sapiens (Human),active,6WWZ,EM,6WWZ_6,R,receptor,"C-C chemokine receptor type 6,C-C chemokine receptor type 6",529,P0ABE7;P51684,Homo sapiens,,,,,,,,,Cryo-EM structure of the human chemokine receptor CCR6 in complex with CCL20 and a Go protein
CCR6,P51684,Homo sapiens (Human),active,6WWZ,EM,6WWZ_5,S,nanobody/antibody,scFv16,287,,Mus musculus,,,,,,,,,Cryo-EM structure of the human chemokine receptor CCR6 in complex with CCL20 and a Go protein
CCR6,P51684,Homo sapiens (Human),active,6WWZ,EM,6WWZ_4,A,G-alpha-fusion,"Guanine nucleotide-binding protein G(o) subunit alpha,Guanine nucleotide-binding protein G(o) subunit alpha",250,P09471,Homo sapiens,IANNLRGCGLY,Go,1.00,VIFDAVTDIIIANNLRGCGLY,Go,0.95,mini-G (250 aa; full subunit is 350-395); fused chain,,Cryo-EM structure of the human chemokine receptor CCR6 in complex with CCL20 and a Go protein
CCR6,P51684,Homo sapiens (Human),active,6WWZ,EM,6WWZ_3,Y,G-gamma,Guanine nucleotide-binding protein G(I)/G(S)/G(O) subunit gamma-2,68,P59768,Rattus norvegicus,,,,,,,,,Cryo-EM structure of the human chemokine receptor CCR6 in complex with CCL20 and a Go protein
CCR6,P51684,Homo sapiens (Human),active,6WWZ,EM,6WWZ_2,C,other,C-C motif chemokine 20,70,P78556,Homo sapiens,,,,,,,,,Cryo-EM structure of the human chemokine receptor CCR6 in complex with CCL20 and a Go protein
CCR6,P51684,Homo sapiens (Human),active,6WWZ,EM,6WWZ_1,B,G-beta,Guanine nucleotide-binding protein G(I)/G(S)/G(T) subunit beta-1,351,P54311,Rattus norvegicus,,,,,,,,,Cryo-EM structure of the human chemokine receptor CCR6 in complex with CCL20 and a Go protein
CCR6,P51684,Homo sapiens (Human),inactive,9D3E,EM,9D3E_1,A,other,Human CCR6,480,,Homo sapiens,,,,,,,,"L47A, L86A, V96A, S140A, R159A, F236A, G295A",Cryo-EM structure of CCR6 bound by SQA1 and OXM2
CCR6,P51684,Homo sapiens (Human),inactive,9D3E,EM,9D3E_2,H,nanobody/antibody,anti-BRIL Fab Heavy chain,269,,Homo sapiens,,,,,,,,,Cryo-EM structure of CCR6 bound by SQA1 and OXM2
CCR6,P51684,Homo sapiens (Human),inactive,9D3E,EM,9D3E_3,K,nanobody/antibody,anti-BRIL Fab Nanobody,141,,synthetic construct,,,,,,,,,Cryo-EM structure of CCR6 bound by SQA1 and OXM2
CCR6,P51684,Homo sapiens (Human),inactive,9D3E,EM,9D3E_4,L,nanobody/antibody,anti-BRIL Fab Light chain,233,,Homo sapiens,,,,,,,,,Cryo-EM structure of CCR6 bound by SQA1 and OXM2
CCR6,P51684,Homo sapiens (Human),inactive,9D3G,EM,9D3G_1,A,fiducial,"CCR6, Soluble cytochrome b562",480,,Homo sapiens,,,,,,,,,Cryo-EM structure of CCR6 bound by SQA1 and OXM1
CCR6,P51684,Homo sapiens (Human),inactive,9D3G,EM,9D3G_2,H,nanobody/antibody,anti-BRIL Fab Heavy chain,269,,Homo sapiens,,,,,,,,,Cryo-EM structure of CCR6 bound by SQA1 and OXM1
CCR6,P51684,Homo sapiens (Human),inactive,9D3G,EM,9D3G_3,K,nanobody/antibody,anti-BRIL Fab Nanobody,141,,synthetic construct,,,,,,,,,Cryo-EM structure of CCR6 bound by SQA1 and OXM1
CCR6,P51684,Homo sapiens (Human),inactive,9D3G,EM,9D3G_4,L,nanobody/antibody,anti-BRIL Fab Light chain,233,,Homo sapiens,,,,,,,,,Cryo-EM structure of CCR6 bound by SQA1 and OXM1
CCR8,P51685,Homo sapiens (Human),active,8XML,EM,8XML_5,S,nanobody/antibody,scFv16,267,,Homo sapiens,,,,,,,,,Cryo-EM structure of the Apo CCR8-Gi complex
CCR8,P51685,Homo sapiens (Human),active,8XML,EM,8XML_4,G,G-gamma,Guanine nucleotide-binding protein G(I)/G(S)/G(O) subunit gamma-2,71,P59768,Homo sapiens,,,,,,,,,Cryo-EM structure of the Apo CCR8-Gi complex
CCR8,P51685,Homo sapiens (Human),active,8XML,EM,8XML_3,B,G-beta,Guanine nucleotide-binding protein G(I)/G(S)/G(T) subunit beta-1,340,P62873,Homo sapiens,,,,,,,,,Cryo-EM structure of the Apo CCR8-Gi complex
CCR8,P51685,Homo sapiens (Human),active,8XML,EM,8XML_2,A,G-alpha,Guanine nucleotide-binding protein G(i) subunit alpha-1,354,P63096,Homo sapiens,IKNNLKDCGLF,Gi1/Gi2,1.00,FVFDAVTDVIIKNNLKDCGLF,Gi1/Gi2,1.00,,"S47C, G202T, G203A, E245A, A326S",Cryo-EM structure of the Apo CCR8-Gi complex
CCR8,P51685,Homo sapiens (Human),active,8XML,EM,8XML_1,R,fusion-partner,"Soluble cytochrome b562,C-C chemokine receptor type 8",461,P0ABE7;P51685,Escherichia coli;Homo sapiens,,,,,,,,,Cryo-EM structure of the Apo CCR8-Gi complex
CCR8,P51685,Homo sapiens (Human),active,8KFX,EM,8KFX_5,S,nanobody/antibody,scFv16,297,,Homo sapiens,,,,,,,,,Gi bound CCR8 complex with nonpeptide agonist LMD-009
CCR8,P51685,Homo sapiens (Human),active,8KFX,EM,8KFX_4,R,receptor,"C-C chemokine receptor type 8,Fusion protein",575,P51685,Homo sapiens;synthetic construct,,,,,,,,,Gi bound CCR8 complex with nonpeptide agonist LMD-009
CCR8,P51685,Homo sapiens (Human),active,8KFX,EM,8KFX_3,C,G-gamma,Guanine nucleotide-binding protein G(I)/G(S)/G(O) subunit gamma-2,71,P59768,Homo sapiens,,,,,,,,,Gi bound CCR8 complex with nonpeptide agonist LMD-009
CCR8,P51685,Homo sapiens (Human),active,8KFX,EM,8KFX_2,B,G-beta,Guanine nucleotide-binding protein G(I)/G(S)/G(T) subunit beta-1,366,P62873,Homo sapiens,,,,,,,,,Gi bound CCR8 complex with nonpeptide agonist LMD-009
CCR8,P51685,Homo sapiens (Human),active,8KFX,EM,8KFX_1,A,G-alpha,Guanine nucleotide-binding protein G(i) subunit alpha-1,354,P63096,Homo sapiens,IKNNLKDCGLF,Gi1/Gi2,1.00,FVFDAVTDVIIKNNLKDCGLF,Gi1/Gi2,1.00,,,Gi bound CCR8 complex with nonpeptide agonist LMD-009
CCR8,P51685,Homo sapiens (Human),inactive,8TLM,EM,8TLM_3,C,receptor,"C-C chemokine receptor type 8, Green fluorescent protein fusion",671,P42212;P51685,Aequorea victoria;Homo sapiens,,,,,,,,,Structure of a class A GPCR/Fab complex
CCR8,P51685,Homo sapiens (Human),inactive,8TLM,EM,8TLM_2,B,nanobody/antibody,Fab light chain,217,,Oryctolagus cuniculus,,,,,,,,,Structure of a class A GPCR/Fab complex
CCR8,P51685,Homo sapiens (Human),inactive,8TLM,EM,8TLM_1,A,nanobody/antibody,Fab heavy chain,225,,Oryctolagus cuniculus,,,,,,,,,Structure of a class A GPCR/Fab complex
CNR1,P21554,Homo sapiens (Human),active,8GHV,EM,8GHV_5,S,nanobody/antibody,scFv16,259,,Mus musculus,,,,,,,,,Cannabinoid Receptor 1-G Protein Complex
CNR1,P21554,Homo sapiens (Human),active,8GHV,EM,8GHV_4,D,receptor,Cannabinoid receptor 1,495,P21554,Homo sapiens,,,,,,,,,Cannabinoid Receptor 1-G Protein Complex
CNR1,P21554,Homo sapiens (Human),active,8GHV,EM,8GHV_3,C,G-gamma,Guanine nucleotide-binding protein G(I)/G(S)/G(O) subunit gamma-2,71,P59768,Homo sapiens,,,,,,,,,Cannabinoid Receptor 1-G Protein Complex
CNR1,P21554,Homo sapiens (Human),active,8GHV,EM,8GHV_2,B,G-beta,Guanine nucleotide-binding protein G(I)/G(S)/G(T) subunit beta-1,344,P62873,Homo sapiens,,,,,,,,,Cannabinoid Receptor 1-G Protein Complex
CNR1,P21554,Homo sapiens (Human),active,8GHV,EM,8GHV_1,A,G-alpha,Guanine nucleotide-binding protein G(i) subunit alpha-1,354,P63096,Homo sapiens,IKNNLKDCGLF,Gi1/Gi2,1.00,FVFDAVTDVIIKNNLKDCGLF,Gi1/Gi2,1.00,,,Cannabinoid Receptor 1-G Protein Complex
CNR1,P21554,Homo sapiens (Human),active,5XRA,X-ray,5XRA_1,A,receptor,"Cannabinoid receptor 1,Flavodoxin,Cannabinoid receptor 1",438,P00323;P21554,Homo sapiens;Nitratidesulfovibrio vulgaris str. Hildenborough,,,,,,,,"T210A, E273K, T283V,Y1098W,R340E",Crystal structure of the human CB1 in complex with agonist AM11542
CNR1,P21554,Homo sapiens (Human),inactive,7FEE,X-ray,7FEE_1,A,fusion-partner,"Cannabinoid receptor 1,GlgA glycogen synthase",559,P21554;Q9V2J8,Homo sapiens;Pyrococcus abyssi GE5,,,,,,,,"S203K,T210A,E273K,T283V,R340E,N393D",Crystal structure of the allosteric modulator ZCZ011 binding to CP55940-bound cannabinoid receptor 1
CNR1,P21554,Homo sapiens (Human),inactive,5U09,X-ray,5U09_1,A,fusion-partner,"Cannabinoid receptor 1,GlgA glycogen synthase",508,P21554;Q9V2J8,Homo sapiens;Pyrococcus abyssi GE5,,,,,,,,T210A,High-resolution crystal structure of the human CB1 cannabinoid receptor
CNR1,P21554,Homo sapiens (Human),inactive,9BA0,EM,9BA0_1,R,fusion-partner,"Cannabinoid receptor 1,Glycogen synthase",535,P21554;Q9V2J8,Homo sapiens;Pyrococcus abyssi GE5,,,,,,,,,Structural mechanism of CB1R binding to peripheral and biased inverse agonists
CNR1,P21554,Homo sapiens (Human),inactive,9BA0,EM,9BA0_2,N,other,CNb36,128,,Lama glama,,,,,,,,,Structural mechanism of CB1R binding to peripheral and biased inverse agonists
CNR2,P34972,Homo sapiens (Human),active,8GUR,EM,8GUR_5,S,nanobody/antibody,scFv16,259,,Homo sapiens,,,,,,,,,Cryo-EM structure of CP-CB2-G protein complex
CNR2,P34972,Homo sapiens (Human),active,8GUR,EM,8GUR_4,R,receptor,Cannabinoid receptor 2,360,P34972,Homo sapiens,,,,,,,,,Cryo-EM structure of CP-CB2-G protein complex
CNR2,P34972,Homo sapiens (Human),active,8GUR,EM,8GUR_3,C,G-gamma,Guanine nucleotide-binding protein G(I)/G(S)/G(O) subunit gamma-2,71,P59768,Homo sapiens,,,,,,,,,Cryo-EM structure of CP-CB2-G protein complex
CNR2,P34972,Homo sapiens (Human),active,8GUR,EM,8GUR_2,B,G-beta,Guanine nucleotide-binding protein G(I)/G(S)/G(T) subunit beta-1,340,P62873,Homo sapiens,,,,,,,,,Cryo-EM structure of CP-CB2-G protein complex
CNR2,P34972,Homo sapiens (Human),active,8GUR,EM,8GUR_1,A,G-alpha,Guanine nucleotide-binding protein G(i) subunit alpha-1,354,P63096,Homo sapiens,IKNNLKDCGLF,Gi1/Gi2,1.00,FVFDAVTDVIIKNNLKDCGLF,Gi1/Gi2,1.00,,,Cryo-EM structure of CP-CB2-G protein complex
CNR2,P34972,Homo sapiens (Human),inactive,5ZTY,X-ray,5ZTY_1,A,fusion-partner,"G protein coupled receptor,T4 lysozyme,G protein coupled receptor",500,D9IEF7;P34972,Homo sapiens;Tequatrovirus T4,,,,,,,,"G78L, T127A, T153l,C1053T, C1096A,R242E, G304E",Crystal structure of human G protein coupled receptor
CXCR2,P25025,Homo sapiens (Human),active,6LFO,EM,6LFO_6,S,nanobody/antibody,scFv16,259,,Homo sapiens,,,,,,,,,Cryo-EM structure of a class A GPCR monomer
CXCR2,P25025,Homo sapiens (Human),active,6LFO,EM,6LFO_5,R,receptor,C-X-C chemokine receptor type 2,360,P25025,Homo sapiens,,,,,,,,,Cryo-EM structure of a class A GPCR monomer
CXCR2,P25025,Homo sapiens (Human),active,6LFO,EM,6LFO_4,D,other,Interleukin-8,65,P10145,Homo sapiens,,,,,,,,,Cryo-EM structure of a class A GPCR monomer
CXCR2,P25025,Homo sapiens (Human),active,6LFO,EM,6LFO_3,C,G-gamma,Guanine nucleotide-binding protein G(I)/G(S)/G(O) subunit gamma-2,71,P59768,Homo sapiens,,,,,,,,,Cryo-EM structure of a class A GPCR monomer
CXCR2,P25025,Homo sapiens (Human),active,6LFO,EM,6LFO_2,B,G-beta,Guanine nucleotide-binding protein G(I)/G(S)/G(T) subunit beta-1,346,P62873,Homo sapiens,,,,,,,,,Cryo-EM structure of a class A GPCR monomer
CXCR2,P25025,Homo sapiens (Human),active,6LFO,EM,6LFO_1,A,G-alpha,Guanine nucleotide-binding protein G(i) subunit alpha-1,353,P63096,Homo sapiens,IKNNLKDCGLF,Gi1/Gi2,1.00,FVFDAVTDVIIKNNLKDCGLF,Gi1/Gi2,1.00,,,Cryo-EM structure of a class A GPCR monomer
CXCR2,P25025,Homo sapiens (Human),inactive,6LFL,X-ray,6LFL_1,A,fusion-partner,"C-X-C chemokine receptor type 2,GlgA glycogen synthase,C-X-C chemokine receptor type 2",502,P25025;Q9V2J8,Homo sapiens;Pyrococcus abyssi GE5,,,,,,,,"L135W, A249E, G303A",Crystal structure of a class A GPCR
CXCR3,P49682,Homo sapiens (Human),active,8HNM,EM,8HNM_5,S,nanobody/antibody,single-chain variable fragment scFv16,259,,Homo sapiens,,,,,,,,,CXCR3-DNGi complex activated by VUF11222
CXCR3,P49682,Homo sapiens (Human),active,8HNM,EM,8HNM_4,R,fusion-partner,"Soluble cytochrome b562,C-X-C chemokine receptor type 3,Oplophorus-luciferin 2-monooxygenase catalytic subunit",657,P0ABE7;P49682;Q9GV45,Escherichia coli;Homo sapiens;Oplophorus gracilirostris,,,,,,,,,CXCR3-DNGi complex activated by VUF11222
CXCR3,P49682,Homo sapiens (Human),active,8HNM,EM,8HNM_3,G,G-gamma,Guanine nucleotide-binding protein G(I)/G(S)/G(O) subunit gamma-2,71,P59768,Homo sapiens,,,,,,,,,CXCR3-DNGi complex activated by VUF11222
CXCR3,P49682,Homo sapiens (Human),active,8HNM,EM,8HNM_2,B,G-beta,Guanine nucleotide-binding protein G(I)/G(S)/G(T) subunit beta-1,384,P62873,Homo sapiens,,,,,,,,,CXCR3-DNGi complex activated by VUF11222
CXCR3,P49682,Homo sapiens (Human),active,8HNM,EM,8HNM_1,A,G-alpha,Guanine nucleotide-binding protein G(i) subunit alpha-1,354,P63096,Homo sapiens,IKNNLKDCGLF,Gi1/Gi2,1.00,FVFDAVTDVIIKNNLKDCGLF,Gi1/Gi2,1.00,,,CXCR3-DNGi complex activated by VUF11222
CXCR3,P49682,Homo sapiens (Human),inactive,8K2W,EM,8K2W_2,R,fusion-partner,"Soluble cytochrome b562,C-X-C chemokine receptor type 3,Kappa-type opioid receptor",507,P0ABE7;P41145;P49682,Escherichia coli;Homo sapiens,,,,,,,,,Structure of CXCR3 complexed with antagonist AMG487
CXCR3,P49682,Homo sapiens (Human),inactive,8K2W,EM,8K2W_1,N,nanobody/antibody,Nb6,169,,Lama glama,,,,,,,,,Structure of CXCR3 complexed with antagonist AMG487
CXCR4,P61073,Homo sapiens (Human),active,8U4N,EM,8U4N_4,R,receptor,C-X-C chemokine receptor type 4,632,P42212;P61073,Homo sapiens,,,,,,,,,Structure of Apo CXCR4/Gi complex
CXCR4,P61073,Homo sapiens (Human),active,8U4N,EM,8U4N_3,C,G-gamma,Guanine nucleotide-binding protein G(I)/G(S)/G(O) subunit gamma-2,71,P59768,Homo sapiens,,,,,,,,,Structure of Apo CXCR4/Gi complex
CXCR4,P61073,Homo sapiens (Human),active,8U4N,EM,8U4N_2,B,G-beta,Guanine nucleotide-binding protein G(I)/G(S)/G(T) subunit beta-1,350,P62873,Homo sapiens,,,,,,,,,Structure of Apo CXCR4/Gi complex
CXCR4,P61073,Homo sapiens (Human),active,8U4N,EM,8U4N_1,A,G-alpha,Guanine nucleotide-binding protein G(i) subunit alpha-1,365,P63096,Homo sapiens,IKNNLKDCGLF,Gi1/Gi2,1.00,FVFDAVTDVIIKNNLKDCGLF,Gi1/Gi2,1.00,,,Structure of Apo CXCR4/Gi complex
CXCR4,P61073,Homo sapiens (Human),inactive,8U4R,EM,8U4R_3,R,receptor,C-X-C chemokine receptor type 4,632,P42212;P61073,Homo sapiens,,,,,,,,,Structure of REGN7663-Fab bound CXCR4
CXCR4,P61073,Homo sapiens (Human),inactive,8U4R,EM,8U4R_2,H,nanobody/antibody,REGN7663 Fab heavy chain,240,,Homo sapiens,,,,,,,,,Structure of REGN7663-Fab bound CXCR4
CXCR4,P61073,Homo sapiens (Human),inactive,8U4R,EM,8U4R_1,L,nanobody/antibody,REGN7663 Fab light chain,219,,Homo sapiens,,,,,,,,,Structure of REGN7663-Fab bound CXCR4
CXCR4,P61073,Homo sapiens (Human),inactive,3ODU,X-ray,3ODU_1,A/B,fusion-partner,"C-X-C chemokine receptor type 4, Lysozyme Chimera",502,P00720;P61073,Homo sapiens;Tequatrovirus T4,,,,,,,,"L125W, C1054T, C1097T",The 2.5 A structure of the CXCR4 chemokine receptor in complex with small molecule antagonist IT1t
CXCR4,P61073,Homo sapiens (Human),inactive,3OE0,X-ray,3OE0_2,I,receptor,"Polyphemusin analog, CXC chemokine receptor antagonist",16,,,,,,,,,,,Crystal structure of the CXCR4 chemokine receptor in complex with a cyclic peptide antagonist CVX15
CXCR4,P61073,Homo sapiens (Human),inactive,3OE0,X-ray,3OE0_1,A,fusion-partner,"C-X-C chemokine receptor type 4, Lysozyme Chimera",499,P00720;P61073,Homo sapiens;Tequatrovirus T4,,,,,,,,"L125W, T240P, C1054T, C1097T",Crystal structure of the CXCR4 chemokine receptor in complex with a cyclic peptide antagonist CVX15
DRD2,P14416,Homo sapiens (Human),active,7JVR,EM,7JVR_5,E,nanobody/antibody,Antibody fragment ScFv16,269,,synthetic construct,,,,,,,,,Cryo-EM structure of Bromocriptine-bound dopamine receptor 2 in complex with Gi protein
DRD2,P14416,Homo sapiens (Human),active,7JVR,EM,7JVR_4,C,G-gamma,Guanine nucleotide-binding protein G(I)/G(S)/G(O) subunit gamma-2,71,P59768,Homo sapiens,,,,,,,,,Cryo-EM structure of Bromocriptine-bound dopamine receptor 2 in complex with Gi protein
DRD2,P14416,Homo sapiens (Human),active,7JVR,EM,7JVR_3,B,G-beta,Guanine nucleotide-binding protein G(I)/G(S)/G(T) subunit beta-1,348,P62873,Homo sapiens,,,,,,,,,Cryo-EM structure of Bromocriptine-bound dopamine receptor 2 in complex with Gi protein
DRD2,P14416,Homo sapiens (Human),active,7JVR,EM,7JVR_2,A,G-alpha,Guanine nucleotide-binding protein G(i) subunit alpha-1,354,P63096,Homo sapiens,IKNNLKDCGLF,Gi1/Gi2,1.00,FVFDAVTDVIIKNNLKDCGLF,Gi1/Gi2,1.00,,,Cryo-EM structure of Bromocriptine-bound dopamine receptor 2 in complex with Gi protein
DRD2,P14416,Homo sapiens (Human),active,7JVR,EM,7JVR_1,R,fusion-partner,"Soluble cytochrome b562,D(2) dopamine receptor",588,P0ABE7;P14416,Escherichia coli;Homo sapiens,,,,,,,,,Cryo-EM structure of Bromocriptine-bound dopamine receptor 2 in complex with Gi protein
DRD2,P14416,Homo sapiens (Human),active,8TZQ,EM,8TZQ_5,B,G-alpha,Guanine nucleotide-binding protein G(o) subunit alpha,354,P09471,Homo sapiens,IANNLRGCGLY,Go,1.00,VVFDAVTDIIIANNLRGCGLY,Go,1.00,,,"CryoEM structure of D2 dopamine receptor in complex with GoA KE Mutant, scFv16, and dopamine"
DRD2,P14416,Homo sapiens (Human),active,8TZQ,EM,8TZQ_4,R,receptor,D(2) dopamine receptor,443,P14416,Homo sapiens,,,,,,,,,"CryoEM structure of D2 dopamine receptor in complex with GoA KE Mutant, scFv16, and dopamine"
DRD2,P14416,Homo sapiens (Human),active,8TZQ,EM,8TZQ_3,C,G-gamma,Guanine nucleotide-binding protein G(I)/G(S)/G(O) subunit gamma-2,71,P59768,Homo sapiens,,,,,,,,,"CryoEM structure of D2 dopamine receptor in complex with GoA KE Mutant, scFv16, and dopamine"
DRD2,P14416,Homo sapiens (Human),active,8TZQ,EM,8TZQ_2,A,G-beta,Guanine nucleotide-binding protein G(I)/G(S)/G(T) subunit beta-1,358,P62873,Homo sapiens,,,,,,,,,"CryoEM structure of D2 dopamine receptor in complex with GoA KE Mutant, scFv16, and dopamine"
DRD2,P14416,Homo sapiens (Human),active,8TZQ,EM,8TZQ_1,E,nanobody/antibody,scFv16,267,,Escherichia coli,,,,,,,,,"CryoEM structure of D2 dopamine receptor in complex with GoA KE Mutant, scFv16, and dopamine"
DRD2,P14416,Homo sapiens (Human),inactive,6LUQ,X-ray,6LUQ_1,A,receptor,chimera of D(2) dopamine receptor and Endolysin,430,D9IEF7;P14416,Homo sapiens;Tequatrovirus T4,,,,,,,,,Haloperidol bound D2 dopamine receptor structure inspired discovery of subtype selective ligands
DRD2,P14416,Homo sapiens (Human),inactive,6CM4,X-ray,6CM4_1,A,receptor,"D(2) dopamine receptor, endolysin chimera",430,P00720;P14416,Homo sapiens;Tequatrovirus T4,,,,,,,,,Structure of the D2 Dopamine Receptor Bound to the Atypical Antipsychotic Drug Risperidone
DRD3,P35462,Homo sapiens (Human),active,7CMV,EM,7CMV_5,R,fusion-partner,"Soluble cytochrome b562,D(3) dopamine receptor",545,P0ABE7;P35462,Escherichia coli;Homo sapiens,,,,,,,,"M35W,H130I,R134L",Dopamine Receptor D3R-Gi-PD128907 complex
DRD3,P35462,Homo sapiens (Human),active,7CMV,EM,7CMV_4,E,nanobody/antibody,scFv16,248,,Mus musculus,,,,,,,,,Dopamine Receptor D3R-Gi-PD128907 complex
DRD3,P35462,Homo sapiens (Human),active,7CMV,EM,7CMV_3,C,G-gamma,Guanine nucleotide-binding protein G(I)/G(S)/G(O) subunit gamma-2,71,P59768,Homo sapiens,,,,,,,,,Dopamine Receptor D3R-Gi-PD128907 complex
DRD3,P35462,Homo sapiens (Human),active,7CMV,EM,7CMV_2,B,G-beta,Guanine nucleotide-binding protein G(I)/G(S)/G(T) subunit beta-1,345,P62873,Homo sapiens,,,,,,,,,Dopamine Receptor D3R-Gi-PD128907 complex
DRD3,P35462,Homo sapiens (Human),active,7CMV,EM,7CMV_1,A,G-alpha,Guanine nucleotide-binding protein G(i) subunit alpha-1,354,P63096,Homo sapiens,IKNNLKDCGLF,Gi1/Gi2,1.00,FVFDAVTDVIIKNNLKDCGLF,Gi1/Gi2,1.00,,,Dopamine Receptor D3R-Gi-PD128907 complex
DRD3,P35462,Homo sapiens (Human),active,8IRT,EM,8IRT_5,R,fusion-partner,"Soluble cytochrome b562,D(3) dopamine receptor",545,P0ABE7;P35462,Escherichia coli;Homo sapiens,,,,,,,,,Dopamine Receptor D3R-Gi-Rotigotine complex
DRD3,P35462,Homo sapiens (Human),active,8IRT,EM,8IRT_4,G,G-gamma,Guanine nucleotide-binding protein G(I)/G(S)/G(O) subunit gamma-2,71,P59768,Homo sapiens,,,,,,,,,Dopamine Receptor D3R-Gi-Rotigotine complex
DRD3,P35462,Homo sapiens (Human),active,8IRT,EM,8IRT_3,E,nanobody/antibody,ScFv16,248,,Mus musculus,,,,,,,,,Dopamine Receptor D3R-Gi-Rotigotine complex
DRD3,P35462,Homo sapiens (Human),active,8IRT,EM,8IRT_2,B,G-beta,Guanine nucleotide-binding protein G(I)/G(S)/G(T) subunit beta-1,345,P62873,Homo sapiens,,,,,,,,,Dopamine Receptor D3R-Gi-Rotigotine complex
DRD3,P35462,Homo sapiens (Human),active,8IRT,EM,8IRT_1,A,G-alpha,Guanine nucleotide-binding protein G(i) subunit alpha-1,354,P63096,Homo sapiens,IKNNLKDCGLF,Gi1/Gi2,1.00,FVFDAVTDVIIKNNLKDCGLF,Gi1/Gi2,1.00,,,Dopamine Receptor D3R-Gi-Rotigotine complex
DRD3,P35462,Homo sapiens (Human),inactive,3PBL,X-ray,3PBL_1,A/B,fusion-partner,"D(3) dopamine receptor, Lysozyme chimera",481,P00720;P35462,Homo sapiens;Tequatrovirus T4,,,,,,,,"L119W, C1054T, C1097A",Structure of the human dopamine D3 receptor in complex with eticlopride
DRD4,P21917,Homo sapiens (Human),active,8IRU,EM,8IRU_5,R,receptor,D(4) dopamine receptor,785,,Homo sapiens,,,,,,,,,Dopamine Receptor D4R-Gi-Rotigotine complex
DRD4,P21917,Homo sapiens (Human),active,8IRU,EM,8IRU_4,G,G-gamma,Guanine nucleotide-binding protein G(I)/G(S)/G(O) subunit gamma-2,71,P59768,Homo sapiens,,,,,,,,,Dopamine Receptor D4R-Gi-Rotigotine complex
DRD4,P21917,Homo sapiens (Human),active,8IRU,EM,8IRU_3,E,nanobody/antibody,ScFv16,248,,Mus musculus,,,,,,,,,Dopamine Receptor D4R-Gi-Rotigotine complex
DRD4,P21917,Homo sapiens (Human),active,8IRU,EM,8IRU_2,B,G-beta,Guanine nucleotide-binding protein G(I)/G(S)/G(T) subunit beta-1,371,P62873,Homo sapiens,,,,,,,,,Dopamine Receptor D4R-Gi-Rotigotine complex
DRD4,P21917,Homo sapiens (Human),active,8IRU,EM,8IRU_1,A,G-alpha,Guanine nucleotide-binding protein G(i) subunit alpha-1,361,,Homo sapiens,IKMNLRDCGLF,Ggust/Gi1/Gi2/Gt1/Gt2,0.82,RIFNDVTDIIIKMNLRDCGLF,Ggust/Gt1/Gt2,0.71,"COUPLING CHIMERA (two-window): scaffold from one family, alpha5 tip from Ggust/Gi1/Gi2/Gt1/Gt2",,Dopamine Receptor D4R-Gi-Rotigotine complex
DRD4,P21917,Homo sapiens (Human),inactive,5WIU,X-ray,5WIU_1,A,fusion-partner,"D(4) dopamine receptor, soluble cytochrome b562 chimera",422,P0ABE7;P21917,Escherichia coli;Homo sapiens,,,,,,,,,Structure of the human D4 Dopamine receptor in complex with Nemonapride
EDNRA,P25101,Homo sapiens (Human),active,8HCQ,EM,8HCQ_6,R,receptor,"Endothelin-1 receptor,Oplophorus-luciferin 2-monooxygenase catalytic subunit chimera",622,Q9GV45,Homo sapiens,,,,,,,,,Cryo-EM structure of endothelin1-bound ETAR-Gq complex
EDNRA,P25101,Homo sapiens (Human),active,8HCQ,EM,8HCQ_5,L,ligand-peptide,Endothelin-1,21,P05305,Homo sapiens,,,,,,,,,Cryo-EM structure of endothelin1-bound ETAR-Gq complex
EDNRA,P25101,Homo sapiens (Human),active,8HCQ,EM,8HCQ_4,G,G-gamma,Guanine nucleotide-binding protein G(I)/G(S)/G(O) subunit gamma-2,71,P59768,Homo sapiens,,,,,,,,,Cryo-EM structure of endothelin1-bound ETAR-Gq complex
EDNRA,P25101,Homo sapiens (Human),active,8HCQ,EM,8HCQ_3,E,nanobody/antibody,scFv16,285,,Mus musculus,,,,,,,,,Cryo-EM structure of endothelin1-bound ETAR-Gq complex
EDNRA,P25101,Homo sapiens (Human),active,8HCQ,EM,8HCQ_2,B,G-beta,Guanine nucleotide-binding protein G(I)/G(S)/G(T) subunit beta-1,377,P62873,Homo sapiens,,,,,,,,,Cryo-EM structure of endothelin1-bound ETAR-Gq complex
EDNRA,P25101,Homo sapiens (Human),active,8HCQ,EM,8HCQ_1,A,G-alpha,Guanine nucleotide-binding protein G(q) subunit alpha-1,246,,Homo sapiens,LQMNLREYNLV,G11/G14/Gq,0.82,RIFNDCKDIILQMNLREYNLV,G11/G14/Gq/Gs,0.62,"mini-G (246 aa; full subunit is 350-395); COUPLING CHIMERA (two-window): scaffold from one family, alpha5 tip from G11/G14/Gq",,Cryo-EM structure of endothelin1-bound ETAR-Gq complex
EDNRA,P25101,Homo sapiens (Human),inactive,8XVK,EM,8XVK_1,H,nanobody/antibody,anti-BRIL Fab Heavy chain,266,,Homo sapiens,,,,,,,,,Cryo-EM structure of ETAR bound with Ambrisentan
EDNRA,P25101,Homo sapiens (Human),inactive,8XVK,EM,8XVK_2,K,nanobody/antibody,anti-Fab Nanobody,136,,synthetic construct,,,,,,,,,Cryo-EM structure of ETAR bound with Ambrisentan
EDNRA,P25101,Homo sapiens (Human),inactive,8XVK,EM,8XVK_3,L,nanobody/antibody,anti-BRIL Fab Light chain,235,,Homo sapiens,,,,,,,,,Cryo-EM structure of ETAR bound with Ambrisentan
EDNRA,P25101,Homo sapiens (Human),inactive,8XVK,EM,8XVK_4,R,fusion-partner,"Endoglucanase H,Endothelin-1 receptor,Soluble cytochrome b562",783,P0ABE7;P16218;P25101,Acetivibrio thermocellus ATCC 27405;Escherichia coli;Homo sapiens,,,,,,,,,Cryo-EM structure of ETAR bound with Ambrisentan
EDNRA,P25101,Homo sapiens (Human),inactive,8XVL,EM,8XVL_1,H,nanobody/antibody,anti-BRIL Fab Heavy chain,266,,Homo sapiens,,,,,,,,,Cryo-EM structure of ETAR bound with Zibotentan
EDNRA,P25101,Homo sapiens (Human),inactive,8XVL,EM,8XVL_2,K,nanobody/antibody,anti-Fab Nanobody,136,,synthetic construct,,,,,,,,,Cryo-EM structure of ETAR bound with Zibotentan
EDNRA,P25101,Homo sapiens (Human),inactive,8XVL,EM,8XVL_3,L,nanobody/antibody,anti-BRIL Fab Light chain,235,,Homo sapiens,,,,,,,,,Cryo-EM structure of ETAR bound with Zibotentan
EDNRA,P25101,Homo sapiens (Human),inactive,8XVL,EM,8XVL_4,R,fusion-partner,"Endoglucanase H,Endothelin-1 receptor,Soluble cytochrome b562",783,P0ABE7;P16218;P25101,Acetivibrio thermocellus ATCC 27405;Escherichia coli;Homo sapiens,,,,,,,,,Cryo-EM structure of ETAR bound with Zibotentan
EDNRB,P24530,Homo sapiens (Human),active,8IY5,EM,8IY5_6,L,ligand-peptide,Endothelin-1,21,P05305,Homo sapiens,,,,,,,,,ETB-Gi complex bound to endothelin-1
EDNRB,P24530,Homo sapiens (Human),active,8IY5,EM,8IY5_5,R,receptor,Endothelin type B receptor,609,P24530,Homo sapiens,,,,,,,,,ETB-Gi complex bound to endothelin-1
EDNRB,P24530,Homo sapiens (Human),active,8IY5,EM,8IY5_4,E,nanobody/antibody,scFv16,260,,Mus musculus,,,,,,,,,ETB-Gi complex bound to endothelin-1
EDNRB,P24530,Homo sapiens (Human),active,8IY5,EM,8IY5_3,C,G-gamma,Guanine nucleotide-binding protein G(I)/G(S)/G(O) subunit gamma-2,68,P63212,Bos taurus,,,,,,,,,ETB-Gi complex bound to endothelin-1
EDNRB,P24530,Homo sapiens (Human),active,8IY5,EM,8IY5_2,B,G-beta,Guanine nucleotide-binding protein G(I)/G(S)/G(T) subunit beta-1,374,P54311,Rattus rattus,,,,,,,,,ETB-Gi complex bound to endothelin-1
EDNRB,P24530,Homo sapiens (Human),active,8IY5,EM,8IY5_1,A,G-alpha,Guanine nucleotide-binding protein G(i) subunit alpha-1,354,P63096,Homo sapiens,IKNNLKDCGLF,Gi1/Gi2,1.00,FVFDAVTDVIIKNNLKDCGLF,Gi1/Gi2,1.00,,,ETB-Gi complex bound to endothelin-1
EDNRB,P24530,Homo sapiens (Human),inactive,6IGK,X-ray,6IGK_2,B,ligand-peptide,Endothelin-3,21,P14138,Homo sapiens,,,,,,,,,Crystal Structure of human ETB receptor in complex with Endothelin-3
EDNRB,P24530,Homo sapiens (Human),inactive,6IGK,X-ray,6IGK_1,A,receptor,"Endothelin receptor type B,Endolysin,Endothelin receptor type B",498,P24530,Enterobacteria phage RB59;Homo sapiens,,,,,,,,"R124Y,D154A,K270A,C1052T,C1095A,S342A,I381A,C396A,C400A,C405A",Crystal Structure of human ETB receptor in complex with Endothelin-3
EDNRB,P24530,Homo sapiens (Human),inactive,5GLI,X-ray,5GLI_1,A,receptor,Endothelin Receptor Subtype-B,464,P00720;P24530,Homo sapiens,,,,,,,,,Human endothelin receptor type-B in the ligand-free form
FSHR,P23945,Homo sapiens (Human),active,8I2G,EM,8I2G_7,Y,G-beta,Follitropin subunit beta,109,P01225,Homo sapiens,,,,,,,,,FSHR-Follicle stimulating hormone-compound 716340-Gs complex
FSHR,P23945,Homo sapiens (Human),active,8I2G,EM,8I2G_6,X,other,Glycoprotein hormones alpha chain,92,P01215,Homo sapiens,,,,,,,,F17L,FSHR-Follicle stimulating hormone-compound 716340-Gs complex
FSHR,P23945,Homo sapiens (Human),active,8I2G,EM,8I2G_5,R,receptor,Follicle-stimulating hormone receptor,678,P23945,Homo sapiens,,,,,,,,S273I,FSHR-Follicle stimulating hormone-compound 716340-Gs complex
FSHR,P23945,Homo sapiens (Human),active,8I2G,EM,8I2G_4,N,nanobody/antibody,Nb35,128,,Lama glama,,,,,,,,,FSHR-Follicle stimulating hormone-compound 716340-Gs complex
FSHR,P23945,Homo sapiens (Human),active,8I2G,EM,8I2G_3,G,G-gamma,Guanine nucleotide-binding protein G(I)/G(S)/G(O) subunit gamma-2,71,P59768,Homo sapiens,,,,,,,,,FSHR-Follicle stimulating hormone-compound 716340-Gs complex
FSHR,P23945,Homo sapiens (Human),active,8I2G,EM,8I2G_2,B,G-beta,Guanine nucleotide-binding protein G(I)/G(S)/G(T) subunit beta-1,345,P62873,Homo sapiens,,,,,,,,,FSHR-Follicle stimulating hormone-compound 716340-Gs complex
FSHR,P23945,Homo sapiens (Human),active,8I2G,EM,8I2G_1,A,G-alpha,chimera of Guanine nucleotide-binding protein G(s) subunit alpha and Guanine nucleotide-binding protein G(s) subunit alpha isoforms XLas,259,Q5JWF2;Q8R4A8,Cricetulus griseus;Homo sapiens,QRMHLRQYELL,Gs,1.00,RVFNDCRDIIQRMHLRQYELL,Gs,1.00,mini-G (259 aa; full subunit is 350-395),S205T,FSHR-Follicle stimulating hormone-compound 716340-Gs complex
FSHR,P23945,Homo sapiens (Human),inactive,8I2H,EM,8I2H_1,A,receptor,Follicle-stimulating hormone receptor,682,P23945,Homo sapiens,,,,,,,,,Follicle stimulating hormone receptor
GHSR,Q92847,Homo sapiens (Human),active,7NA7,EM,7NA7_6,L,ligand-peptide,Ghrelin-27,12,Q9UBU3,Homo sapiens,,,,,,,,,Structures of human ghrelin receptor-Gi complexes with ghrelin and a synthetic agonist
GHSR,Q92847,Homo sapiens (Human),active,7NA7,EM,7NA7_5,R,receptor,Growth hormone secretagogue receptor type 1,366,Q92847,Homo sapiens,,,,,,,,,Structures of human ghrelin receptor-Gi complexes with ghrelin and a synthetic agonist
GHSR,Q92847,Homo sapiens (Human),active,7NA7,EM,7NA7_4,N,nanobody/antibody,Antibody fragment,246,,Mus musculus,,,,,,,,,Structures of human ghrelin receptor-Gi complexes with ghrelin and a synthetic agonist
GHSR,Q92847,Homo sapiens (Human),active,7NA7,EM,7NA7_3,G,G-gamma,Guanine nucleotide-binding protein G(I)/G(S)/G(O) subunit gamma-2,71,P59768,Homo sapiens,,,,,,,,,Structures of human ghrelin receptor-Gi complexes with ghrelin and a synthetic agonist
GHSR,Q92847,Homo sapiens (Human),active,7NA7,EM,7NA7_2,B,G-beta,Guanine nucleotide-binding protein G(I)/G(S)/G(T) subunit beta-1,340,P62873,Homo sapiens,,,,,,,,,Structures of human ghrelin receptor-Gi complexes with ghrelin and a synthetic agonist
GHSR,Q92847,Homo sapiens (Human),active,7NA7,EM,7NA7_1,A,G-alpha,Guanine nucleotide-binding protein G(i) subunit alpha-1,354,P63096,Homo sapiens,IKNNLKDCGLF,Gi1/Gi2,1.00,FVFDAVTDVIIKNNLKDCGLF,Gi1/Gi2,1.00,,,Structures of human ghrelin receptor-Gi complexes with ghrelin and a synthetic agonist
GHSR,Q92847,Homo sapiens (Human),active,7NA8,EM,7NA8_5,R,receptor,Growth hormone secretagogue receptor type 1,366,Q92847,Homo sapiens,,,,,,,,,Structures of human ghrelin receptor-Gi complexes with ghrelin and a synthetic agonist
GHSR,Q92847,Homo sapiens (Human),active,7NA8,EM,7NA8_4,N,nanobody/antibody,Antibody fragment,246,,Mus musculus,,,,,,,,,Structures of human ghrelin receptor-Gi complexes with ghrelin and a synthetic agonist
GHSR,Q92847,Homo sapiens (Human),active,7NA8,EM,7NA8_3,G,G-gamma,Guanine nucleotide-binding protein G(I)/G(S)/G(O) subunit gamma-2,71,P59768,Homo sapiens,,,,,,,,,Structures of human ghrelin receptor-Gi complexes with ghrelin and a synthetic agonist
GHSR,Q92847,Homo sapiens (Human),active,7NA8,EM,7NA8_2,B,G-beta,Guanine nucleotide-binding protein G(I)/G(S)/G(T) subunit beta-1,340,P62873,Homo sapiens,,,,,,,,,Structures of human ghrelin receptor-Gi complexes with ghrelin and a synthetic agonist
GHSR,Q92847,Homo sapiens (Human),active,7NA8,EM,7NA8_1,A,G-alpha,Guanine nucleotide-binding protein G(i) subunit alpha-1,354,P63096,Homo sapiens,IKNNLKDCGLF,Gi1/Gi2,1.00,FVFDAVTDVIIKNNLKDCGLF,Gi1/Gi2,1.00,,,Structures of human ghrelin receptor-Gi complexes with ghrelin and a synthetic agonist
GHSR,Q92847,Homo sapiens (Human),inactive,7F83,X-ray,7F83_1,A/B,fusion-partner,"Growth hormone secretagogue receptor type 1,Soluble cytochrome b562",416,Q92847,Escherichia coli;Homo sapiens,,,,,,,,"T130K,N188Q,M1012W,H1107I,R1111L",Crystal Structure of a receptor in Complex with inverse agonist
GHSR,Q92847,Homo sapiens (Human),inactive,6KO5,X-ray,6KO5_3,L,nanobody/antibody,Fab7881 Light Chain,219,,Mus musculus,,,,,,,,,Complex structure of Ghrelin receptor with Fab
GHSR,Q92847,Homo sapiens (Human),inactive,6KO5,X-ray,6KO5_2,H,nanobody/antibody,Fab7881 Heavy Chain,218,,Mus musculus,,,,,,,,,Complex structure of Ghrelin receptor with Fab
GHSR,Q92847,Homo sapiens (Human),inactive,6KO5,X-ray,6KO5_1,A,fusion-partner,Chimera of Soluble cytochrome b562 and Growth hormone secretagogue receptor type 1,424,P0ABE7;Q92847,Escherichia coli;Homo sapiens,,,,,,,,,Complex structure of Ghrelin receptor with Fab
GPR52,Q9Y2T5,Homo sapiens (Human),active,8HMP,EM,8HMP_5,A,G-alpha,Guanine nucleotide-binding protein G(s) subunit alpha isoforms short,249,P63092,Homo sapiens,QRMHLRQYELL,Gs,1.00,RIFNDCRDIIQRMHLRQYELL,Gs,0.95,mini-G (249 aa; full subunit is 350-395),"G49D,E50N,A249G,S252D,I372A,V375I",GPR52 with Gs and c17
GPR52,Q9Y2T5,Homo sapiens (Human),active,8HMP,EM,8HMP_4,R,receptor,G-protein coupled receptor 52,324,Q9Y2T5,Homo sapiens,,,,,,,,,GPR52 with Gs and c17
GPR52,Q9Y2T5,Homo sapiens (Human),active,8HMP,EM,8HMP_3,N,nanobody/antibody,Nb35,149,,Homo sapiens,,,,,,,,,GPR52 with Gs and c17
GPR52,Q9Y2T5,Homo sapiens (Human),active,8HMP,EM,8HMP_2,G,G-gamma,Guanine nucleotide-binding protein G(I)/G(S)/G(O) subunit gamma-2,96,P59768,Homo sapiens,,,,,,,,C68S,GPR52 with Gs and c17
GPR52,Q9Y2T5,Homo sapiens (Human),active,8HMP,EM,8HMP_1,B,G-beta,Guanine nucleotide-binding protein G(I)/G(S)/G(T) subunit beta-1,340,P62873,Homo sapiens,,,,,,,,,GPR52 with Gs and c17
GPR52,Q9Y2T5,Homo sapiens (Human),inactive,6LI0,X-ray,6LI0_1,A,receptor,Chimera of G-protein coupled receptor 52 and Flavodoxin,468,P00323;Q9Y2T5,Homo sapiens;Nitratidesulfovibrio vulgaris str. Hildenborough,,,,,,,,"A130W,Y1098W,A264L,W278Q,C314P,S318A,N321D,V323T",Crystal structure of GPR52 in complex with agonist c17
GPR52,Q9Y2T5,Homo sapiens (Human),inactive,6LI2,X-ray,6LI2_1,A,fusion-partner,Chimera of G-protein coupled receptor 52 and Rubredoxin,372,P00268;Q9Y2T5,Clostridium pasteurianum;Homo sapiens,,,,,,,,"W278Q, C314P, S318A, N321D, V323T",Crystal structure of GPR52 ligand free form with rubredoxin fusion
GPR6,P46095,Homo sapiens (Human),active,8TYW,EM,8TYW_5,N,nanobody/antibody,Nb35,138,,Lama glama,,,,,,,,,cryo-EM structure of GPR6-Gs-Nb35 complex
GPR6,P46095,Homo sapiens (Human),active,8TYW,EM,8TYW_4,G,G-gamma,Guanine nucleotide-binding protein G(I)/G(S)/G(O) subunit gamma-2,71,P59768,Homo sapiens,,,,,,,,,cryo-EM structure of GPR6-Gs-Nb35 complex
GPR6,P46095,Homo sapiens (Human),active,8TYW,EM,8TYW_3,C,G-alpha,Guanine nucleotide-binding protein G(s) subunit alpha isoforms short,394,P63092,Homo sapiens,QRMHLRQYELL,Gs,1.00,RVFNDCRDIIQRMHLRQYELL,Gs,1.00,,"S54N, G226A, E268A, N271K, K274D, R280K, T284D, I285T",cryo-EM structure of GPR6-Gs-Nb35 complex
GPR6,P46095,Homo sapiens (Human),active,8TYW,EM,8TYW_2,B,G-beta,Guanine nucleotide-binding protein G(I)/G(S)/G(T) subunit beta-1,350,P62873,Homo sapiens,,,,,,,,,cryo-EM structure of GPR6-Gs-Nb35 complex
GPR6,P46095,Homo sapiens (Human),active,8TYW,EM,8TYW_1,A,receptor,G-protein coupled receptor 6,372,P46095,Homo sapiens,,,,,,,,,cryo-EM structure of GPR6-Gs-Nb35 complex
GPR6,P46095,Homo sapiens (Human),inactive,8T1V,X-ray,8T1V_1,A,fusion-partner,"G-protein coupled receptor 6, Soluble cytochrome b562 chimera",455,P0ABE7;P46095,Escherichia coli;Homo sapiens,,,,,,,,,Crystal structure of orphan G protein-coupled receptor 6 with bound inverse agonist 3h
GPR6,P46095,Homo sapiens (Human),inactive,8TF5,X-ray,8TF5_1,A,fusion-partner,"G-protein coupled receptor 6,Soluble cytochrome b562 chimera,Soluble cytochrome b562,G-protein coupled receptor 6",436,P0ABE7;P46095,Escherichia coli;Homo sapiens,,,,,,,,"C92L,A142P,M232W,H327I,R331L,G342R,S354C,Y383L,C408D","Crystal structure of orphan G protein-coupled receptor 6, pseudoapo form"
GRPR,P30550,Homo sapiens (Human),active,7W40,EM,7W40_6,E,ligand-peptide,Bombesin,9,,synthetic construct,,,,,,,,,"Cryo-EM Structure of Human Gastrin Releasing Peptide Receptor in complex with the agonist Bombesin (6-14) [D-Phe6, beta-Ala11, Phe13, Nle14] and Gq heterotrimers"
GRPR,P30550,Homo sapiens (Human),active,7W40,EM,7W40_5,H,nanobody/antibody,ScFv16,303,,Homo sapiens,,,,,,,,,"Cryo-EM Structure of Human Gastrin Releasing Peptide Receptor in complex with the agonist Bombesin (6-14) [D-Phe6, beta-Ala11, Phe13, Nle14] and Gq heterotrimers"
GRPR,P30550,Homo sapiens (Human),active,7W40,EM,7W40_4,D,G-gamma,Guanine nucleotide-binding protein G(I)/G(S)/G(O) subunit gamma-2,81,P59768,Homo sapiens,,,,,,,,,"Cryo-EM Structure of Human Gastrin Releasing Peptide Receptor in complex with the agonist Bombesin (6-14) [D-Phe6, beta-Ala11, Phe13, Nle14] and Gq heterotrimers"
GRPR,P30550,Homo sapiens (Human),active,7W40,EM,7W40_3,C,G-beta,Guanine nucleotide-binding protein G(I)/G(S)/G(T) subunit beta-1,380,P62873,Homo sapiens,,,,,,,,,"Cryo-EM Structure of Human Gastrin Releasing Peptide Receptor in complex with the agonist Bombesin (6-14) [D-Phe6, beta-Ala11, Phe13, Nle14] and Gq heterotrimers"
GRPR,P30550,Homo sapiens (Human),active,7W40,EM,7W40_2,B,G-alpha,Guanine nucleotide-binding protein G(q) subunit alpha,353,P50148,Homo sapiens,LQLNLKEYNLV,G11/Gq,1.00,FVFAAVKDTILQLNLKEYNLV,G11/Gq,1.00,,"R183Q, Q209L","Cryo-EM Structure of Human Gastrin Releasing Peptide Receptor in complex with the agonist Bombesin (6-14) [D-Phe6, beta-Ala11, Phe13, Nle14] and Gq heterotrimers"
GRPR,P30550,Homo sapiens (Human),active,7W40,EM,7W40_1,A,receptor,"Maltodextrin-binding protein,Gastrin-releasing peptide receptor",897,P0AEX9;P30550,Escherichia coli;Homo sapiens,,,,,,,,"E198A, N199A, K265A, I157A","Cryo-EM Structure of Human Gastrin Releasing Peptide Receptor in complex with the agonist Bombesin (6-14) [D-Phe6, beta-Ala11, Phe13, Nle14] and Gq heterotrimers"
GRPR,P30550,Homo sapiens (Human),active,8H0Q,EM,8H0Q_6,G,G-gamma,Guanine nucleotide-binding protein G(I)/G(S)/G(O) subunit gamma-2,71,P59768,Homo sapiens,,,,,,,,,Structure of the GRP14-27-GRPR-Gq complex
GRPR,P30550,Homo sapiens (Human),active,8H0Q,EM,8H0Q_5,E,nanobody/antibody,scFv16,247,,Mus musculus,,,,,,,,,Structure of the GRP14-27-GRPR-Gq complex
GRPR,P30550,Homo sapiens (Human),active,8H0Q,EM,8H0Q_4,B,G-beta,Guanine nucleotide-binding protein G(I)/G(S)/G(T) subunit beta-1,343,P62873,Homo sapiens,,,,,,,,,Structure of the GRP14-27-GRPR-Gq complex
GRPR,P30550,Homo sapiens (Human),active,8H0Q,EM,8H0Q_3,A,G-alpha,G-alpha q,361,P63092;P63096,Homo sapiens,LQMNLREYNLV,G11/G14/Gq,0.82,RIFNDCKDIILQMNLREYNLV,G11/G14/Gq/Gs,0.62,"COUPLING CHIMERA (two-window): scaffold from one family, alpha5 tip from G11/G14/Gq",,Structure of the GRP14-27-GRPR-Gq complex
GRPR,P30550,Homo sapiens (Human),active,8H0Q,EM,8H0Q_2,L,ligand-peptide,GRP,9,P07492,Homo sapiens,,,,,,,,,Structure of the GRP14-27-GRPR-Gq complex
GRPR,P30550,Homo sapiens (Human),active,8H0Q,EM,8H0Q_1,R,receptor,Gastrin-releasing peptide receptor,384,P30550,Homo sapiens,,,,,,,,L131Q,Structure of the GRP14-27-GRPR-Gq complex
GRPR,P30550,Homo sapiens (Human),inactive,7W41,X-ray,7W41_1,A,fusion-partner,"Gastrin-releasing peptide receptor,GlgA glycogen synthase",484,P30550;Q9V2J8,Homo sapiens;Pyrococcus abyssi GE5,,,,,,,,"S127K,I157A,R259E",Crystal Structure of Human Gastrin Releasing Peptide Receptor in complex with the antagonist PD176252
HRH1,P35367,Homo sapiens (Human),active,8YN2,EM,8YN2_1,A,G-alpha,Engineered guanine nucleotide-binding protein G(q) subunit alpha,246,,synthetic construct,LQMNLREYNLV,G11/G14/Gq,0.82,RIFNDCKDIILQMNLREYNLV,G11/G14/Gq/Gs,0.62,"mini-G (246 aa; full subunit is 350-395); COUPLING CHIMERA (two-window): scaffold from one family, alpha5 tip from G11/G14/Gq",,Cryo-EM structure of histamine H1 receptor in complex with histamine and miniGq
HRH1,P35367,Homo sapiens (Human),active,8YN2,EM,8YN2_2,B,G-beta,Guanine nucleotide-binding protein G(I)/G(S)/G(T) subunit beta-1,376,P62873,Homo sapiens,,,,,,,,,Cryo-EM structure of histamine H1 receptor in complex with histamine and miniGq
HRH1,P35367,Homo sapiens (Human),active,8YN2,EM,8YN2_3,C,G-gamma,Guanine nucleotide-binding protein G(I)/G(S)/G(O) subunit gamma-2,71,P59768,Homo sapiens,,,,,,,,,Cryo-EM structure of histamine H1 receptor in complex with histamine and miniGq
HRH1,P35367,Homo sapiens (Human),active,8YN2,EM,8YN2_4,E,nanobody/antibody,Antibody fragment scFv16,255,,synthetic construct,,,,,,,,,Cryo-EM structure of histamine H1 receptor in complex with histamine and miniGq
HRH1,P35367,Homo sapiens (Human),active,8YN2,EM,8YN2_5,R,receptor,Histamine H1 receptor,716,P35367,Homo sapiens,,,,,,,,,Cryo-EM structure of histamine H1 receptor in complex with histamine and miniGq
HRH1,P35367,Homo sapiens (Human),inactive,8X5Y,EM,8X5Y_1,B,fusion-partner,"Histamine H1 receptor,Soluble cytochrome b562",438,P0ABE7;P35367,Escherichia coli;Homo sapiens,,,,,,,,,CryoEM structure of the histamine H1 receptor-BRIL/Anti BRIL Fab complex with astemizole
HRH2,P25021,Homo sapiens (Human),active,8YN3,EM,8YN3_1,A,G-alpha-fusion,"Engineered guanine nucleotide,binding protein G(s) subunit alpha",246,,synthetic construct,QRMHLRQYELL,Gs,1.00,RIFNDCRDIIQRMHLRQYELL,Gs,0.95,mini-G (246 aa; full subunit is 350-395); fused chain,,Cryo-EM structure of histamine H2 receptor in complex with histamine and miniGs
HRH2,P25021,Homo sapiens (Human),active,8YN3,EM,8YN3_2,B,G-beta,Guanine nucleotide-binding protein G(I)/G(S)/G(T) subunit beta-1,376,P62873,Homo sapiens,,,,,,,,,Cryo-EM structure of histamine H2 receptor in complex with histamine and miniGs
HRH2,P25021,Homo sapiens (Human),active,8YN3,EM,8YN3_3,C,G-gamma,Guanine nucleotide-binding protein G(I)/G(S)/G(O) subunit gamma-2,71,P59768,Homo sapiens,,,,,,,,,Cryo-EM structure of histamine H2 receptor in complex with histamine and miniGs
HRH2,P25021,Homo sapiens (Human),active,8YN3,EM,8YN3_4,N,nanobody/antibody,Nanobody Nb35,138,,synthetic construct,,,,,,,,,Cryo-EM structure of histamine H2 receptor in complex with histamine and miniGs
HRH2,P25021,Homo sapiens (Human),active,8YN3,EM,8YN3_5,R,receptor,Histamine H2 receptor,568,P25021,Homo sapiens,,,,,,,,,Cryo-EM structure of histamine H2 receptor in complex with histamine and miniGs
HRH2,P25021,Homo sapiens (Human),inactive,7UL3,EM,7UL3_4,L,other,NabFab LC,215,,synthetic construct,,,,,,,,,"CryoEM Structure of Inactive H2R Bound to Famotidine, Nb6M, and NabFab"
HRH2,P25021,Homo sapiens (Human),inactive,7UL3,EM,7UL3_3,H,other,NabFab HC,239,,synthetic construct,,,,,,,,,"CryoEM Structure of Inactive H2R Bound to Famotidine, Nb6M, and NabFab"
HRH2,P25021,Homo sapiens (Human),inactive,7UL3,EM,7UL3_2,C,nanobody/antibody,Nanobody 6M,131,,synthetic construct,,,,,,,,,"CryoEM Structure of Inactive H2R Bound to Famotidine, Nb6M, and NabFab"
HRH2,P25021,Homo sapiens (Human),inactive,7UL3,EM,7UL3_1,A,receptor,Histamine H2 receptor,400,P25021;P41145,Homo sapiens,,,,,,,,,"CryoEM Structure of Inactive H2R Bound to Famotidine, Nb6M, and NabFab"
HRH3,Q9Y5N1,Homo sapiens (Human),active,8YUU,EM,8YUU_5,S,nanobody/antibody,scFv16,269,,Mus musculus,,,,,,,,,Cryo-EM structure of the histamine-bound H3R-Gi complex
HRH3,Q9Y5N1,Homo sapiens (Human),active,8YUU,EM,8YUU_4,G,G-gamma,Guanine nucleotide-binding protein G(I)/G(S)/G(O) subunit gamma-2,71,P59768,Homo sapiens,,,,,,,,,Cryo-EM structure of the histamine-bound H3R-Gi complex
HRH3,Q9Y5N1,Homo sapiens (Human),active,8YUU,EM,8YUU_3,B,G-beta,Guanine nucleotide-binding protein G(I)/G(S)/G(T) subunit beta-1,358,P62873,Homo sapiens,,,,,,,,,Cryo-EM structure of the histamine-bound H3R-Gi complex
HRH3,Q9Y5N1,Homo sapiens (Human),active,8YUU,EM,8YUU_2,A,G-alpha,Guanine nucleotide-binding protein G(i) subunit alpha-1,354,P63096,Homo sapiens,IKNNLKDCGLF,Gi1/Gi2,1.00,FVFDAVTDVIIKNNLKDCGLF,Gi1/Gi2,1.00,,,Cryo-EM structure of the histamine-bound H3R-Gi complex
HRH3,Q9Y5N1,Homo sapiens (Human),active,8YUU,EM,8YUU_1,R,receptor,Histamine H3 receptor,461,Q9Y5N1,Homo sapiens,,,,,,,,,Cryo-EM structure of the histamine-bound H3R-Gi complex
HRH3,Q9Y5N1,Homo sapiens (Human),active,8YN5,EM,8YN5_1,A,G-alpha,Guanine nucleotide-binding protein G(i) subunit alpha-1,354,P63096,Homo sapiens,IKNNLKDCGLF,Gi1/Gi2,1.00,FVFDAVTDVIIKNNLKDCGLF,Gi1/Gi2,1.00,,"S47N,G203A,E245A,A326S",Cryo-EM structure of histamine H3 receptor in complex with histamine and Gi
HRH3,Q9Y5N1,Homo sapiens (Human),active,8YN5,EM,8YN5_2,B,G-beta,Guanine nucleotide-binding protein G(I)/G(S)/G(T) subunit beta-1,376,P62873,Homo sapiens,,,,,,,,,Cryo-EM structure of histamine H3 receptor in complex with histamine and Gi
HRH3,Q9Y5N1,Homo sapiens (Human),active,8YN5,EM,8YN5_3,C,G-gamma,Guanine nucleotide-binding protein G(I)/G(S)/G(O) subunit gamma-2,71,P59768,Homo sapiens,,,,,,,,,Cryo-EM structure of histamine H3 receptor in complex with histamine and Gi
HRH3,Q9Y5N1,Homo sapiens (Human),active,8YN5,EM,8YN5_4,E,nanobody/antibody,Antibody fragment scFv16,255,,synthetic construct,,,,,,,,,Cryo-EM structure of histamine H3 receptor in complex with histamine and Gi
HRH3,Q9Y5N1,Homo sapiens (Human),active,8YN5,EM,8YN5_5,R,receptor,Histamine H3 receptor,659,Q9Y5N1,Homo sapiens,,,,,,,,,Cryo-EM structure of histamine H3 receptor in complex with histamine and Gi
HRH3,Q9Y5N1,Homo sapiens (Human),inactive,7F61,X-ray,7F61_2,B,fiducial,Soluble cytochrome b562,147,P0ABE7,Escherichia coli,,,,,,,,"M7W, H102I, R106L",Crystal structure of human histamine receptor H3R in complex with antagonist PF03654746
HRH3,Q9Y5N1,Homo sapiens (Human),inactive,7F61,X-ray,7F61_1,A,receptor,Histamine H3 receptor,407,Q9Y5N1,Homo sapiens,,,,,,,,S121K,Crystal structure of human histamine receptor H3R in complex with antagonist PF03654746
LPAR1,Q92633,Homo sapiens (Human),active,7TD0,EM,7TD0_4,G,G-gamma,Guanine nucleotide-binding protein G(I)/G(S)/G(O) subunit gamma-2,71,P63212,Bos taurus,,,,,,,,C68S,Lysophosphatidic acid receptor 1-Gi complex bound to LPA
LPAR1,Q92633,Homo sapiens (Human),active,7TD0,EM,7TD0_3,A,G-alpha,Guanine nucleotide-binding protein G(i) subunit alpha-1,379,P10824,Rattus norvegicus,IKNNLKDCGLF,Gi1/Gi2,1.00,FVFDAVTDVIIKNNLKDCGLF,Gi1/Gi2,1.00,,G203A,Lysophosphatidic acid receptor 1-Gi complex bound to LPA
LPAR1,Q92633,Homo sapiens (Human),active,7TD0,EM,7TD0_2,B,G-beta,Guanine nucleotide-binding protein G(I)/G(S)/G(T) subunit beta-1,340,P62871,Bos taurus,,,,,,,,,Lysophosphatidic acid receptor 1-Gi complex bound to LPA
LPAR1,Q92633,Homo sapiens (Human),active,7TD0,EM,7TD0_1,R,receptor,Lysophosphatidic acid receptor 1,350,Q92633,Homo sapiens,,,,,,,,,Lysophosphatidic acid receptor 1-Gi complex bound to LPA
LPAR1,Q92633,Homo sapiens (Human),inactive,4Z35,X-ray,4Z35_1,A,fusion-partner,"Lysophosphatidic acid receptor 1,Soluble cytochrome b562",464,P0ABE7;Q92633,Escherichia coli;Homo sapiens,,,,,,,,"M1007W, H1102I, R1106L",Crystal Structure of Human Lysophosphatidic Acid Receptor 1 in complex with ONO-9910539
LPAR1,Q92633,Homo sapiens (Human),inactive,4Z36,X-ray,4Z36_1,A,fusion-partner,"Lysophosphatidic acid receptor 1,Soluble cytochrome b562",459,P0ABE7;Q92633,Escherichia coli;Homo sapiens,,,,,,,,"M1007W, H1102I, R1106L",Crystal Structure of Human Lysophosphatidic Acid Receptor 1 in complex with ONO-3080573
LSHR,P22888,Homo sapiens (Human),active,7FIH,EM,7FIH_6,Y,G-beta,Choriogonadotropin subunit beta 3,165,P0DN86,Homo sapiens,,,,,,,,,luteinizing hormone/choriogonadotropin receptor(S277I)-chorionic gonadotropin-Gs-Org43553 complex
LSHR,P22888,Homo sapiens (Human),active,7FIH,EM,7FIH_5,X,other,Glycoprotein hormones alpha chain,115,P01215,Homo sapiens,,,,,,,,,luteinizing hormone/choriogonadotropin receptor(S277I)-chorionic gonadotropin-Gs-Org43553 complex
LSHR,P22888,Homo sapiens (Human),active,7FIH,EM,7FIH_4,R,receptor,Lutropin-choriogonadotropic hormone receptor,697,P22888,Homo sapiens,,,,,,,,S277I,luteinizing hormone/choriogonadotropin receptor(S277I)-chorionic gonadotropin-Gs-Org43553 complex
LSHR,P22888,Homo sapiens (Human),active,7FIH,EM,7FIH_3,G,G-gamma,Guanine nucleotide-binding protein G(I)/G(S)/G(O) subunit gamma-2,71,P63212,Bos taurus,,,,,,,,,luteinizing hormone/choriogonadotropin receptor(S277I)-chorionic gonadotropin-Gs-Org43553 complex
LSHR,P22888,Homo sapiens (Human),active,7FIH,EM,7FIH_2,B,G-beta,Guanine nucleotide-binding protein G(I)/G(S)/G(T) subunit beta-1,350,P54311,Rattus norvegicus,,,,,,,,,luteinizing hormone/choriogonadotropin receptor(S277I)-chorionic gonadotropin-Gs-Org43553 complex
LSHR,P22888,Homo sapiens (Human),active,7FIH,EM,7FIH_1,A,G-alpha,Engineered Guanine nucleotide-binding protein G(s) subunit alpha,361,,Bos taurus,QRMHLRQYELL,Gs,1.00,RIFNDCRDIIQRMHLRQYELL,Gs,0.95,,,luteinizing hormone/choriogonadotropin receptor(S277I)-chorionic gonadotropin-Gs-Org43553 complex
LSHR,P22888,Homo sapiens (Human),active,7FII,EM,7FII_6,Y,G-beta,Choriogonadotropin subunit beta 3,165,P0DN86,Homo sapiens,,,,,,,,,luteinizing hormone/choriogonadotropin receptor-chorionic gonadotropin-Gs complex
LSHR,P22888,Homo sapiens (Human),active,7FII,EM,7FII_5,X,other,Glycoprotein hormones alpha chain,116,P01215,Homo sapiens,,,,,,,,,luteinizing hormone/choriogonadotropin receptor-chorionic gonadotropin-Gs complex
LSHR,P22888,Homo sapiens (Human),active,7FII,EM,7FII_4,R,receptor,Lutropin-choriogonadotropic hormone receptor,697,P22888,Homo sapiens,,,,,,,,,luteinizing hormone/choriogonadotropin receptor-chorionic gonadotropin-Gs complex
LSHR,P22888,Homo sapiens (Human),active,7FII,EM,7FII_3,G,G-gamma,Guanine nucleotide-binding protein G(I)/G(S)/G(O) subunit gamma-2,71,P63212,Bos taurus,,,,,,,,,luteinizing hormone/choriogonadotropin receptor-chorionic gonadotropin-Gs complex
LSHR,P22888,Homo sapiens (Human),active,7FII,EM,7FII_2,B,G-beta,Guanine nucleotide-binding protein G(I)/G(S)/G(T) subunit beta-1,350,P54311,Rattus norvegicus,,,,,,,,,luteinizing hormone/choriogonadotropin receptor-chorionic gonadotropin-Gs complex
LSHR,P22888,Homo sapiens (Human),active,7FII,EM,7FII_1,A,G-alpha,Engineered Guanine nucleotide-binding protein G(s) subunit alpha,361,,Bos taurus,QRMHLRQYELL,Gs,1.00,RIFNDCRDIIQRMHLRQYELL,Gs,0.95,,,luteinizing hormone/choriogonadotropin receptor-chorionic gonadotropin-Gs complex
LSHR,P22888,Homo sapiens (Human),inactive,7FIJ,EM,7FIJ_1,R,receptor,Lutropin-choriogonadotropic hormone receptor,697,P22888,Homo sapiens,,,,,,,,,luteinizing hormone/choriogonadotropin receptor
LT4R1,Q15722,Homo sapiens (Human),active,7VKT,EM,7VKT_1,A,receptor,Leukotriene B4 receptor 1,352,Q15722,Homo sapiens,,,,,,,,L106W/A196I/C287F/S310A,cryo-EM structure of LTB4-bound BLT1 in complex with Gi protein
LT4R1,Q15722,Homo sapiens (Human),active,7VKT,EM,7VKT_2,B,G-alpha,Guanine nucleotide-binding protein G(i) subunit alpha-1,354,P63096,Homo sapiens,IKNNLKDCGLF,Gi1/Gi2,1.00,FVFDAVTDVIIKNNLKDCGLF,Gi1/Gi2,1.00,,S47N/G203A/E245A/A326S,cryo-EM structure of LTB4-bound BLT1 in complex with Gi protein
LT4R1,Q15722,Homo sapiens (Human),active,7VKT,EM,7VKT_3,C,G-beta,Guanine nucleotide-binding protein G(I)/G(S)/G(T) subunit beta-1,345,P62873,Homo sapiens,,,,,,,,,cryo-EM structure of LTB4-bound BLT1 in complex with Gi protein
LT4R1,Q15722,Homo sapiens (Human),active,7VKT,EM,7VKT_4,D,G-gamma,Guanine nucleotide-binding protein G(I)/G(S)/G(O) subunit gamma-2,71,P59768,Homo sapiens,,,,,,,,,cryo-EM structure of LTB4-bound BLT1 in complex with Gi protein
LT4R1,Q15722,Homo sapiens (Human),active,7VKT,EM,7VKT_5,E,nanobody/antibody,scFv16,247,,Homo sapiens,,,,,,,,,cryo-EM structure of LTB4-bound BLT1 in complex with Gi protein
LT4R1,Q15722,Homo sapiens (Human),inactive,7K15,X-ray,7K15_1,A,receptor,"Leukotriene B4 receptor 1,Flavodoxin,Leukotriene B4 receptor 1",490,P00323;Q15722,Homo sapiens;Nitratidesulfovibrio vulgaris str. Hildenborough,,,,,,,,,Crystal structure of the Human Leukotriene B4 Receptor 1 in Complex with Selective Antagonist MK-D-046
MCHR1,Q99705,Homo sapiens (Human),active,8WWK,EM,8WWK_6,L,ligand-peptide,Melanin-concentrating hormone,19,P20382,Homo sapiens,,,,,,,,,"MCH-MCHR1-Gi complex, T1 state"
MCHR1,Q99705,Homo sapiens (Human),active,8WWK,EM,8WWK_5,R,receptor,"Fusion protein 1,Melanin-concentrating hormone receptor 1,Fusion protein 2",624,Q99705,Homo sapiens,,,,,,,,,"MCH-MCHR1-Gi complex, T1 state"
MCHR1,Q99705,Homo sapiens (Human),active,8WWK,EM,8WWK_4,E,nanobody/antibody,Antibody fragment ScFv16,255,,synthetic construct,,,,,,,,,"MCH-MCHR1-Gi complex, T1 state"
MCHR1,Q99705,Homo sapiens (Human),active,8WWK,EM,8WWK_3,C,G-gamma,Guanine nucleotide-binding protein G(I)/G(S)/G(O) subunit gamma-2,71,P59768,Homo sapiens,,,,,,,,,"MCH-MCHR1-Gi complex, T1 state"
MCHR1,Q99705,Homo sapiens (Human),active,8WWK,EM,8WWK_2,B,G-beta,Guanine nucleotide-binding protein G(I)/G(S)/G(T) subunit beta-1,376,P62873,Homo sapiens,,,,,,,,,"MCH-MCHR1-Gi complex, T1 state"
MCHR1,Q99705,Homo sapiens (Human),active,8WWK,EM,8WWK_1,A,G-alpha,Guanine nucleotide-binding protein G(i) subunit alpha-1,354,P63096,Homo sapiens,IKNNLKDCGLF,Gi1/Gi2,1.00,FVFDAVTDVIIKNNLKDCGLF,Gi1/Gi2,1.00,,,"MCH-MCHR1-Gi complex, T1 state"
MCHR1,Q99705,Homo sapiens (Human),inactive,8YNS,EM,8YNS_4,R,fusion-partner,"Melanin-concentrating hormone receptor 1,Soluble cytochrome b562",585,A0A2R9AFP0;P0ABE7;Q99705,Escherichia coli;Escherichia coli CFT073;Homo sapiens,,,,,,,,,"Cryo-EM structure of SNAP-94847-bound MCHR1, S1 state"
MCHR1,Q99705,Homo sapiens (Human),inactive,8YNS,EM,8YNS_3,N,other,Glue molecule 4-9,285,,synthetic construct,,,,,,,,,"Cryo-EM structure of SNAP-94847-bound MCHR1, S1 state"
MCHR1,Q99705,Homo sapiens (Human),inactive,8YNS,EM,8YNS_2,L,nanobody/antibody,Antibody 1B3 Fab light chain,220,,synthetic construct,,,,,,,,,"Cryo-EM structure of SNAP-94847-bound MCHR1, S1 state"
MCHR1,Q99705,Homo sapiens (Human),inactive,8YNS,EM,8YNS_1,H,nanobody/antibody,Antibody 1B3 Fab heavy chain,238,,synthetic construct,,,,,,,,,"Cryo-EM structure of SNAP-94847-bound MCHR1, S1 state"
MTR1A,P48039,Homo sapiens (Human),active,7VGY,EM,7VGY_1,A,receptor,Melatonin receptor type 1A,350,P48039,Homo sapiens,,,,,,,,,Melatonin receptor1-2-Iodomelatonin-Gicomplex
MTR1A,P48039,Homo sapiens (Human),active,7VGY,EM,7VGY_2,B,G-alpha,Guanine nucleotide-binding protein G(i) subunit alpha-1,353,P63096,Homo sapiens,IKNNLKDCGLF,Gi1/Gi2,1.00,FVFDAVTDVIIKNNLKDCGLF,Gi1/Gi2,1.00,,,Melatonin receptor1-2-Iodomelatonin-Gicomplex
MTR1A,P48039,Homo sapiens (Human),active,7VGY,EM,7VGY_3,C,G-beta,Guanine nucleotide-binding protein G(I)/G(S)/G(T) subunit beta-1,345,P54311,Rattus norvegicus,,,,,,,,,Melatonin receptor1-2-Iodomelatonin-Gicomplex
MTR1A,P48039,Homo sapiens (Human),active,7VGY,EM,7VGY_4,D,G-gamma,Guanine nucleotide-binding protein G(I)/G(S)/G(O) subunit gamma-2,67,P63212,Bos taurus,,,,,,,,,Melatonin receptor1-2-Iodomelatonin-Gicomplex
MTR1A,P48039,Homo sapiens (Human),active,7VGY,EM,7VGY_5,E,nanobody/antibody,scFv16,256,,Mus musculus,,,,,,,,,Melatonin receptor1-2-Iodomelatonin-Gicomplex
MTR1A,P48039,Homo sapiens (Human),inactive,6ME2,X-ray,6ME2_1,A,fusion-partner,chimera protein of Melatonin receptor type 1A and GlgA glycogen synthase,503,P48039;Q9V2J8,Homo sapiens;Pyrococcus abyssi GE5,,,,,,,,,XFEL crystal structure of human melatonin receptor MT1 in complex with ramelteon
MTR1B,P49286,Homo sapiens (Human),active,7VH0,EM,7VH0_1,A,receptor,Melatonin receptor type 1B,362,P49286,Homo sapiens,,,,,,,,,MT2-remalteon-Gi complex
MTR1B,P49286,Homo sapiens (Human),active,7VH0,EM,7VH0_2,B,G-alpha,Guanine nucleotide-binding protein G(i) subunit alpha-1,354,P63096,Homo sapiens,IKNNLKDCGLF,Gi1/Gi2,1.00,FVFDAVTDVIIKNNLKDCGLF,Gi1/Gi2,1.00,,,MT2-remalteon-Gi complex
MTR1B,P49286,Homo sapiens (Human),active,7VH0,EM,7VH0_3,C,G-beta,Guanine nucleotide-binding protein G(I)/G(S)/G(T) subunit beta-1,353,P54311,Rattus norvegicus,,,,,,,,,MT2-remalteon-Gi complex
MTR1B,P49286,Homo sapiens (Human),active,7VH0,EM,7VH0_4,D/E,nanobody/antibody,scFv16,323,,Homo sapiens,,,,,,,,,MT2-remalteon-Gi complex
MTR1B,P49286,Homo sapiens (Human),inactive,6ME6,X-ray,6ME6_1,A/B,fusion-partner,"Soluble cytochrome b562,Melatonin receptor type 1B,Rubredoxin",460,P00268;P0ABE7;P49286,Clostridium pasteurianum;Escherichia coli;Homo sapiens,,,,,,,,"M2007W, H2102I, R2106L, P37S, D86N, L108F, F129W, N137D, C140L, W246F, A305P",XFEL crystal structure of human melatonin receptor MT2 in complex with 2-phenylmelatonin
NK1R,P25103,Homo sapiens (Human),active,8U26,EM,8U26_6,S,ligand-peptide,Protachykinin-1,11,P20366,Homo sapiens,,,,,,,,,Gaussian Mixture Models based single particle refinement - GPCR (Substance P bound to active human neurokinin 1 receptor in complex with miniGs399 from EMPIAR-10786)
NK1R,P25103,Homo sapiens (Human),active,8U26,EM,8U26_5,R,receptor,Substance-P receptor,418,P25103,Homo sapiens,,,,,,,,,Gaussian Mixture Models based single particle refinement - GPCR (Substance P bound to active human neurokinin 1 receptor in complex with miniGs399 from EMPIAR-10786)
NK1R,P25103,Homo sapiens (Human),active,8U26,EM,8U26_4,N,nanobody/antibody,Nanobody 35,142,,Lama glama,,,,,,,,,Gaussian Mixture Models based single particle refinement - GPCR (Substance P bound to active human neurokinin 1 receptor in complex with miniGs399 from EMPIAR-10786)
NK1R,P25103,Homo sapiens (Human),active,8U26,EM,8U26_3,G,G-gamma,Guanine nucleotide-binding protein G(I)/G(S)/G(O) subunit gamma-2,68,P59768,Homo sapiens,,,,,,,,,Gaussian Mixture Models based single particle refinement - GPCR (Substance P bound to active human neurokinin 1 receptor in complex with miniGs399 from EMPIAR-10786)
NK1R,P25103,Homo sapiens (Human),active,8U26,EM,8U26_2,B,G-beta,Guanine nucleotide-binding protein G(I)/G(S)/G(T) subunit beta-1,370,P62873,Homo sapiens,,,,,,,,,Gaussian Mixture Models based single particle refinement - GPCR (Substance P bound to active human neurokinin 1 receptor in complex with miniGs399 from EMPIAR-10786)
NK1R,P25103,Homo sapiens (Human),active,8U26,EM,8U26_1,A,G-alpha,Guanine nucleotide-binding protein G(s) subunit alpha isoforms short,248,P63092,Homo sapiens,QRMHLRQYELL,Gs,1.00,RIFNDCRDIIQRMHLRQYELL,Gs,0.95,mini-G (248 aa; full subunit is 350-395),,Gaussian Mixture Models based single particle refinement - GPCR (Substance P bound to active human neurokinin 1 receptor in complex with miniGs399 from EMPIAR-10786)
NK1R,P25103,Homo sapiens (Human),inactive,6HLP,X-ray,6HLP_1,A,receptor,"Substance-P receptor,Substance-P receptor",520,P25103;Q9V2J8,Homo sapiens;Pyrococcus abyssi GE5,,,,,,,,"L74A; V116I; A144L; M181K; A215L; W224R; K243A,L74A; V116I; A144L; M181K; A215L; W224R; K243A,L74A; V116I; A144L; M181K; A215L; W224R; K243A",Crystal structure of the Neurokinin 1 receptor in complex with the small molecule antagonist Netupitant
NK1R,P25103,Homo sapiens (Human),inactive,6E59,X-ray,6E59_1,A,fusion-partner,"Substance-P receptor, GlgA glycogen synthase, Substance-P receptor chimera",542,P25103;Q9V2J8,Homo sapiens;Pyrococcus abyssi GE5,,,,,,,,,Crystal structure of the human NK1 tachykinin receptor
NPY1R,P25929,Homo sapiens (Human),active,7VGX,EM,7VGX_6,S,nanobody/antibody,single-chain antibody Fv fragment (scFv16),259,,Mus musculus,,,,,,,,,Neuropeptide Y Y1 Receptor (NPY1R) in Complex with G Protein and its endogeneous Peptide-Agonist Neuropeptide Y (NPY)
NPY1R,P25929,Homo sapiens (Human),active,7VGX,EM,7VGX_5,G,G-gamma,Guanine nucleotide-binding protein G(I)/G(S)/G(O) subunit gamma-2,71,P59768,Homo sapiens,,,,,,,,C68S,Neuropeptide Y Y1 Receptor (NPY1R) in Complex with G Protein and its endogeneous Peptide-Agonist Neuropeptide Y (NPY)
NPY1R,P25929,Homo sapiens (Human),active,7VGX,EM,7VGX_4,B,G-beta,Guanine nucleotide-binding protein G(I)/G(S)/G(T) subunit beta-1,345,P62873,Homo sapiens,,,,,,,,,Neuropeptide Y Y1 Receptor (NPY1R) in Complex with G Protein and its endogeneous Peptide-Agonist Neuropeptide Y (NPY)
NPY1R,P25929,Homo sapiens (Human),active,7VGX,EM,7VGX_3,A,G-alpha,Guanine nucleotide-binding protein G(i) subunit alpha-1,355,P63096,Homo sapiens,IKNNLKDCGLF,Gi1/Gi2,1.00,FVFDAVTDVIIKNNLKDCGLF,Gi1/Gi2,1.00,,,Neuropeptide Y Y1 Receptor (NPY1R) in Complex with G Protein and its endogeneous Peptide-Agonist Neuropeptide Y (NPY)
NPY1R,P25929,Homo sapiens (Human),active,7VGX,EM,7VGX_2,L,ligand-peptide,Neuropeptide Y,36,P01303,Homo sapiens,,,,,,,,,Neuropeptide Y Y1 Receptor (NPY1R) in Complex with G Protein and its endogeneous Peptide-Agonist Neuropeptide Y (NPY)
NPY1R,P25929,Homo sapiens (Human),active,7VGX,EM,7VGX_1,R,receptor,Neuropeptide Y receptor type 1,402,P25929,Homo sapiens,,,,,,,,,Neuropeptide Y Y1 Receptor (NPY1R) in Complex with G Protein and its endogeneous Peptide-Agonist Neuropeptide Y (NPY)
NPY1R,P25929,Homo sapiens (Human),active,7X9A,EM,7X9A_5,P,ligand-peptide,Neuropeptide Y,36,P01303,Homo sapiens,,,,,,,,,Cryo-EM structure of neuropeptide Y Y1 receptor in complex with NPY and Gi
NPY1R,P25929,Homo sapiens (Human),active,7X9A,EM,7X9A_4,C,G-gamma,Guanine nucleotide-binding protein G(I)/G(S)/G(O) subunit gamma-2,71,P59768,Homo sapiens,,,,,,,,,Cryo-EM structure of neuropeptide Y Y1 receptor in complex with NPY and Gi
NPY1R,P25929,Homo sapiens (Human),active,7X9A,EM,7X9A_3,B,G-beta,Guanine nucleotide-binding protein G(I)/G(S)/G(T) subunit beta-1,351,P62873,Homo sapiens,,,,,,,,,Cryo-EM structure of neuropeptide Y Y1 receptor in complex with NPY and Gi
NPY1R,P25929,Homo sapiens (Human),active,7X9A,EM,7X9A_2,A,G-alpha,Guanine nucleotide-binding protein G(i) subunit alpha-1,354,P63096,Homo sapiens,IKNNLKDCGLF,Gi1/Gi2,1.00,FVFDAVTDVIIKNNLKDCGLF,Gi1/Gi2,1.00,,"S47N, G203A, E245A, A326S",Cryo-EM structure of neuropeptide Y Y1 receptor in complex with NPY and Gi
NPY1R,P25929,Homo sapiens (Human),active,7X9A,EM,7X9A_1,R,receptor,Neuropeptide Y receptor type 1,378,P25929,Homo sapiens,,,,,,,,,Cryo-EM structure of neuropeptide Y Y1 receptor in complex with NPY and Gi
NPY1R,P25929,Homo sapiens (Human),inactive,5ZBQ,X-ray,5ZBQ_1,A,fusion-partner,"Neuropeptide Y receptor type 1,T4 Lysozyme",525,P00720;P25929,Enterobacteria phage RB55;Homo sapiens,,,,,,,,"F129W,C1053T, C1096A",The Crystal Structure of human neuropeptide Y Y1 receptor with UR-MK299
NPY2R,P49146,Homo sapiens (Human),active,7YON,EM,7YON_6,S,nanobody/antibody,single-chain antibody Fv fragment (scFv16),259,,Mus musculus,,,,,,,,,Complex structure of Neuropeptide Y Y2 receptor in complex with PYY(3-36) and Gi
NPY2R,P49146,Homo sapiens (Human),active,7YON,EM,7YON_5,R,receptor,Neuropeptide Y receptor type 2,391,P49146,Homo sapiens,,,,,,,,"H149Y, S280C",Complex structure of Neuropeptide Y Y2 receptor in complex with PYY(3-36) and Gi
NPY2R,P49146,Homo sapiens (Human),active,7YON,EM,7YON_4,L,ligand-peptide,Peptide YY(3-36),34,P10082,Homo sapiens,,,,,,,,,Complex structure of Neuropeptide Y Y2 receptor in complex with PYY(3-36) and Gi
NPY2R,P49146,Homo sapiens (Human),active,7YON,EM,7YON_3,G,G-gamma,Guanine nucleotide-binding protein G(I)/G(S)/G(O) subunit gamma-2,71,P59768,Homo sapiens,,,,,,,,,Complex structure of Neuropeptide Y Y2 receptor in complex with PYY(3-36) and Gi
NPY2R,P49146,Homo sapiens (Human),active,7YON,EM,7YON_2,B,G-beta,Guanine nucleotide-binding protein G(I)/G(S)/G(T) subunit beta-1,345,P62873,Homo sapiens,,,,,,,,,Complex structure of Neuropeptide Y Y2 receptor in complex with PYY(3-36) and Gi
NPY2R,P49146,Homo sapiens (Human),active,7YON,EM,7YON_1,A,G-alpha,Guanine nucleotide-binding protein G(i) subunit alpha-1,354,P63096,Homo sapiens,IKNNLKDCGLF,Gi1/Gi2,1.00,FVFDAVTDVIIKNNLKDCGLF,Gi1/Gi2,1.00,,,Complex structure of Neuropeptide Y Y2 receptor in complex with PYY(3-36) and Gi
NPY2R,P49146,Homo sapiens (Human),active,8K6N,EM,8K6N_6,S,nanobody/antibody,scFV16,266,,Mus musculus,,,,,,,,,Structural complex of neuropeptide Y receptor 2
NPY2R,P49146,Homo sapiens (Human),active,8K6N,EM,8K6N_5,E,receptor,Neuropeptide Y receptor type 2,341,P49146,Homo sapiens,,,,,,,,,Structural complex of neuropeptide Y receptor 2
NPY2R,P49146,Homo sapiens (Human),active,8K6N,EM,8K6N_4,D,ligand-peptide,C-flanking peptide of NPY,36,P01303,Homo sapiens,,,,,,,,,Structural complex of neuropeptide Y receptor 2
NPY2R,P49146,Homo sapiens (Human),active,8K6N,EM,8K6N_3,C,G-gamma,Guanine nucleotide-binding protein G(I)/G(S)/G(O) subunit gamma-2,71,P59768,Homo sapiens,,,,,,,,,Structural complex of neuropeptide Y receptor 2
NPY2R,P49146,Homo sapiens (Human),active,8K6N,EM,8K6N_2,B,G-beta,Guanine nucleotide-binding protein G(I)/G(S)/G(T) subunit beta-1,356,P62873,Homo sapiens,,,,,,,,,Structural complex of neuropeptide Y receptor 2
NPY2R,P49146,Homo sapiens (Human),active,8K6N,EM,8K6N_1,A,G-alpha,Guanine nucleotide-binding protein G(i) subunit alpha-2,355,P04899,Homo sapiens,IKNNLKDCGLF,Gi1/Gi2,1.00,FVFDAVTDVIIKNNLKDCGLF,Gi1/Gi2,1.00,,"S47N,G204A,E246A,A327S",Structural complex of neuropeptide Y receptor 2
NPY2R,P49146,Homo sapiens (Human),inactive,7DDZ,X-ray,7DDZ_1,A,receptor,Human Neuropeptide Y Y2 Receptor fusion protein,665,P49146,Enterobacteria phage RB59;Homo sapiens;Nitratidesulfovibrio vulgaris str. Hildenborough,,,,,,,,,The Crystal Structure of Human Neuropeptide Y Y2 Receptor with JNJ-31020028
NTR1,P30989,Homo sapiens (Human),active,6OS9,EM,6OS9_6,D,nanobody/antibody,scFv16,259,,Mus musculus,,,,,,,,,human Neurotensin Receptor 1 (hNTSR1) - Gi1 Protein Complex in canonical conformation (C state)
NTR1,P30989,Homo sapiens (Human),active,6OS9,EM,6OS9_5,C,G-gamma,Guanine nucleotide-binding protein G(I)/G(S)/G(O) subunit gamma-2,71,P59768,Homo sapiens,,,,,,,,,human Neurotensin Receptor 1 (hNTSR1) - Gi1 Protein Complex in canonical conformation (C state)
NTR1,P30989,Homo sapiens (Human),active,6OS9,EM,6OS9_4,B,G-beta,Guanine nucleotide-binding protein G(I)/G(S)/G(T) subunit beta-1,344,P62873,Homo sapiens,,,,,,,,,human Neurotensin Receptor 1 (hNTSR1) - Gi1 Protein Complex in canonical conformation (C state)
NTR1,P30989,Homo sapiens (Human),active,6OS9,EM,6OS9_3,A,G-alpha,Guanine nucleotide-binding protein G(i) subunit alpha-1,354,P63096,Homo sapiens,IKNNLKDCGLF,Gi1/Gi2,1.00,FVFDAVTDVIIKNNLKDCGLF,Gi1/Gi2,1.00,,,human Neurotensin Receptor 1 (hNTSR1) - Gi1 Protein Complex in canonical conformation (C state)
NTR1,P30989,Homo sapiens (Human),active,6OS9,EM,6OS9_2,L,ligand-peptide,JMV449,6,,synthetic construct,,,,,,,,,human Neurotensin Receptor 1 (hNTSR1) - Gi1 Protein Complex in canonical conformation (C state)
NTR1,P30989,Homo sapiens (Human),active,6OS9,EM,6OS9_1,R,receptor,Neurotensin receptor type 1,435,P30989,Homo sapiens,,,,,,,,A85L,human Neurotensin Receptor 1 (hNTSR1) - Gi1 Protein Complex in canonical conformation (C state)
NTR1,P30989,Homo sapiens (Human),active,8JPF,EM,8JPF_2,R,receptor,Neurotensin receptor type 1,418,P30989,Homo sapiens,,,,,,,,,Focused refiment structure of NTSR1 in NTSR1-GRK2-Galpha(q) complexes
NTR1,P30989,Homo sapiens (Human),active,8JPF,EM,8JPF_1,L,ligand-peptide,NTS,6,,synthetic construct,,,,,,,,,Focused refiment structure of NTSR1 in NTSR1-GRK2-Galpha(q) complexes
NTR1,P30989,Homo sapiens (Human),active,8FN1,EM,8FN1_6,E,nanobody/antibody,scFv16,267,,Escherichia coli,,,,,,,,,CryoEM structure of Go-coupled NTSR1
NTR1,P30989,Homo sapiens (Human),active,8FN1,EM,8FN1_5,D,G-gamma,Guanine nucleotide-binding protein G(I)/G(S)/G(O) subunit gamma-2,71,P59768,Homo sapiens,,,,,,,,,CryoEM structure of Go-coupled NTSR1
NTR1,P30989,Homo sapiens (Human),active,8FN1,EM,8FN1_4,C,G-beta,Guanine nucleotide-binding protein G(I)/G(S)/G(T) subunit beta-1,358,P62873,Homo sapiens,,,,,,,,,CryoEM structure of Go-coupled NTSR1
NTR1,P30989,Homo sapiens (Human),active,8FN1,EM,8FN1_3,B,G-alpha,Guanine nucleotide-binding protein G(o) subunit alpha,228,P09471,Homo sapiens;Spodoptera frugiperda,IANNLRGCGLY,Go,1.00,VIFDAVTDIIIANNLRGCGLY,Go,0.95,mini-G (228 aa; full subunit is 350-395),,CryoEM structure of Go-coupled NTSR1
NTR1,P30989,Homo sapiens (Human),active,8FN1,EM,8FN1_2,A,receptor,Neurotensin receptor type 1,408,P20789,Rattus norvegicus,,,,,,,,,CryoEM structure of Go-coupled NTSR1
NTR1,P30989,Homo sapiens (Human),active,8FN1,EM,8FN1_1,F,ligand-peptide,Neurotensin/neuromedin N,6,P20068,Rattus norvegicus,,,,,,,,,CryoEM structure of Go-coupled NTSR1
NTR1,P30989,Homo sapiens (Human),inactive,7UL2,EM,7UL2_2,D,nanobody/antibody,Nanobody 6,133,,Lama glama,,,,,,,,,CryoEM Structure of Inactive NTSR1 Bound to SR48692 and Nb6
NTR1,P30989,Homo sapiens (Human),inactive,7UL2,EM,7UL2_1,R,receptor,Neurotensin receptor 1,419,P30989;P41145,Homo sapiens,,,,,,,,,CryoEM Structure of Inactive NTSR1 Bound to SR48692 and Nb6
OPRD,P41143,Homo sapiens (Human),active,8F7S,EM,8F7S_5,C,G-gamma,Guanine nucleotide-binding protein G(I)/G(S)/G(O) subunit gamma-2,68,P63212,Bos taurus,,,,,,,,,Gi bound delta-opioid receptor in complex with deltorphin
OPRD,P41143,Homo sapiens (Human),active,8F7S,EM,8F7S_4,B,G-beta,Guanine nucleotide-binding protein G(I)/G(S)/G(T) subunit beta-1,353,P54311,Rattus norvegicus,,,,,,,,,Gi bound delta-opioid receptor in complex with deltorphin
OPRD,P41143,Homo sapiens (Human),active,8F7S,EM,8F7S_3,A/F,G-alpha,Guanine nucleotide-binding protein G(i) subunit alpha-1,354,P63096,Homo sapiens,IKNNLKDCGLF,Gi1/Gi2,1.00,FVFDAVTDVIIKNNLKDCGLF,Gi1/Gi2,1.00,,,Gi bound delta-opioid receptor in complex with deltorphin
OPRD,P41143,Homo sapiens (Human),active,8F7S,EM,8F7S_2,P/Q,ligand-peptide,deltorphin,8,P21850,Phyllomedusa,,,,,,,,,Gi bound delta-opioid receptor in complex with deltorphin
OPRD,P41143,Homo sapiens (Human),active,8F7S,EM,8F7S_1,D/R,receptor,Delta-type opioid receptor,390,P41143,Homo sapiens,,,,,,,,,Gi bound delta-opioid receptor in complex with deltorphin
OPRD,P41143,Homo sapiens (Human),active,6PT2,X-ray,6PT2_2,C/D,ligand-peptide,Peptide agonist KGCHM07,5,,synthetic construct,,,,,,,,,Crystal structure of the active delta opioid receptor in complex with the peptide agonist KGCHM07
OPRD,P41143,Homo sapiens (Human),active,6PT2,X-ray,6PT2_1,A/B,receptor,Delta opioid receptor,454,P41143,Homo sapiens,,,,,,,,,Crystal structure of the active delta opioid receptor in complex with the peptide agonist KGCHM07
OPRD,P41143,Homo sapiens (Human),inactive,4RWD,X-ray,4RWD_1,A/B,fusion-partner,"Soluble cytochrome b562,Delta-type opioid receptor",411,P0ABE7;P41143,Escherichia coli;Homo sapiens,,,,,,,,"M29W, H124I, R138L,M29W, H124I, R138L",XFEL structure of the human delta opioid receptor in complex with a bifunctional peptide
OPRD,P41143,Homo sapiens (Human),inactive,4RWD,X-ray,4RWD_2,G/H,ligand-peptide,bifunctional peptide,5,,synthetic construct,,,,,,,,,XFEL structure of the human delta opioid receptor in complex with a bifunctional peptide
OPRD,P41143,Homo sapiens (Human),inactive,4N6H,X-ray,4N6H_1,A,fusion-partner,"Soluble cytochrome b562, Delta-type opioid receptor chimeric protein",414,P0ABE7;P41143,Escherichia coli;Homo sapiens,,,,,,,,"M1007W, H1102I, R1106L, P37S",1.8 A Structure of the human delta opioid 7TM receptor (PSI Community Target)
OPRK,P41145,Homo sapiens (Human),active,8FEG,EM,8FEG_6,A,ligand-peptide,ACE-TYR-ALA-DTY-THR-THR-CYS-THR-DPN-XT9,10,,synthetic construct,,,,,,,,,CryoEM structure of Kappa Opioid Receptor bound to a semi-peptide and Gi1
OPRK,P41145,Homo sapiens (Human),active,8FEG,EM,8FEG_5,B,receptor,Kappa-type opioid receptor,308,P41145,Homo sapiens,,,,,,,,,CryoEM structure of Kappa Opioid Receptor bound to a semi-peptide and Gi1
OPRK,P41145,Homo sapiens (Human),active,8FEG,EM,8FEG_4,F,nanobody/antibody,scFv16 antibody fragment,251,,Mus musculus,,,,,,,,,CryoEM structure of Kappa Opioid Receptor bound to a semi-peptide and Gi1
OPRK,P41145,Homo sapiens (Human),active,8FEG,EM,8FEG_3,E,G-gamma,Guanine nucleotide-binding protein G(I)/G(S)/G(O) subunit gamma-2,71,P59768,Homo sapiens,,,,,,,,,CryoEM structure of Kappa Opioid Receptor bound to a semi-peptide and Gi1
OPRK,P41145,Homo sapiens (Human),active,8FEG,EM,8FEG_2,D,G-beta,Guanine nucleotide-binding protein G(I)/G(S)/G(T) subunit beta-1,358,P62873,Homo sapiens,,,,,,,,,CryoEM structure of Kappa Opioid Receptor bound to a semi-peptide and Gi1
OPRK,P41145,Homo sapiens (Human),active,8FEG,EM,8FEG_1,C,G-alpha,Guanine nucleotide-binding protein G(i) subunit alpha-1,354,P63096,Homo sapiens,IKNNLKDCGLF,Gi1/Gi2,1.00,FVFDAVTDVIIKNNLKDCGLF,Gi1/Gi2,1.00,,"S47N,G203A,E245A,A326S",CryoEM structure of Kappa Opioid Receptor bound to a semi-peptide and Gi1
OPRK,P41145,Homo sapiens (Human),inactive,4DJH,X-ray,4DJH_1,A/B,fusion-partner,"Kappa-type opioid receptor, Lysozyme",480,P00720;P41145,Homo sapiens;Tequatrovirus T4,,,,,,,,"I135L, C54T, C97A",Structure of the human kappa opioid receptor in complex with JDTic
OPRK,P41145,Homo sapiens (Human),inactive,6VI4,X-ray,6VI4_2,C/D,nanobody/antibody,Nanobody 6,133,,Lama glama,,,,,,,,,Nanobody-Enabled Monitoring of Kappa Opioid Receptor States
OPRK,P41145,Homo sapiens (Human),inactive,6VI4,X-ray,6VI4_1,A/B,receptor,Kappa opioid receptor,307,P41145,Homo sapiens,,,,,,,,I135L,Nanobody-Enabled Monitoring of Kappa Opioid Receptor States
OPRM,P42866,Mus musculus (Mouse),active,5C1M,X-ray,5C1M_2,B,nanobody/antibody,Nanobody 39,125,,Lama glama,,,,,,,,,Crystal structure of active mu-opioid receptor bound to the agonist BU72
OPRM,P42866,Mus musculus (Mouse),active,5C1M,X-ray,5C1M_1,A,receptor,Mu-type opioid receptor,296,P42866,Mus musculus,,,,,,,,,Crystal structure of active mu-opioid receptor bound to the agonist BU72
OPRM,P42866,Mus musculus (Mouse),active,8E0G,X-ray,8E0G_1,A,receptor,Mu-type opioid receptor,296,P42866,Mus musculus,,,,,,,,,Re-refined model of active mu-opioid receptor (PDB 5c1m) as an adduct with BU72
OPRM,P42866,Mus musculus (Mouse),active,8E0G,X-ray,8E0G_2,B,nanobody/antibody,Nanobody 39,125,,Lama glama,,,,,,,,,Re-refined model of active mu-opioid receptor (PDB 5c1m) as an adduct with BU72
OPRM,P42866,Mus musculus (Mouse),inactive,4DKL,X-ray,4DKL_1,A,fusion-partner,"Mu-type opioid receptor, lysozyme chimera",464,P00720;P42866,Mus musculus;Tequatrovirus T4,,,,,,,,"D1020N, C1054T, C1097A",Crystal structure of the mu-opioid receptor bound to a morphinan antagonist
OPRM,P42866,Mus musculus (Mouse),inactive,7UL4,EM,7UL4_2,D,nanobody/antibody,Megabody 6,516,,synthetic construct,,,,,,,,,CryoEM Structure of Inactive MOR Bound to Alvimopan and Mb6
OPRM,P42866,Mus musculus (Mouse),inactive,7UL4,EM,7UL4_1,A,receptor,Mu-type opioid receptor,426,P42866,Mus musculus,,,,,,,,,CryoEM Structure of Inactive MOR Bound to Alvimopan and Mb6
OPRX,P41146,Homo sapiens (Human),active,8F7X,EM,8F7X_6,E,nanobody/antibody,scFv16,248,,synthetic construct,,,,,,,,,Gi bound nociceptin receptor in complex with nociceptin peptide
OPRX,P41146,Homo sapiens (Human),active,8F7X,EM,8F7X_5,C,G-gamma,Guanine nucleotide-binding protein G(I)/G(S)/G(O) subunit gamma-2,68,P63212,Bos taurus,,,,,,,,,Gi bound nociceptin receptor in complex with nociceptin peptide
OPRX,P41146,Homo sapiens (Human),active,8F7X,EM,8F7X_4,B,G-beta,Guanine nucleotide-binding protein G(I)/G(S)/G(T) subunit beta-1,353,P54311,Rattus norvegicus,,,,,,,,,Gi bound nociceptin receptor in complex with nociceptin peptide
OPRX,P41146,Homo sapiens (Human),active,8F7X,EM,8F7X_3,A,G-alpha,Guanine nucleotide-binding protein G(i) subunit alpha-1,354,P63096,Homo sapiens,IKNNLKDCGLF,Gi1/Gi2,1.00,FVFDAVTDVIIKNNLKDCGLF,Gi1/Gi2,1.00,,,Gi bound nociceptin receptor in complex with nociceptin peptide
OPRX,P41146,Homo sapiens (Human),active,8F7X,EM,8F7X_2,P,ligand-peptide,Nociceptin,14,Q13519,Homo sapiens,,,,,,,,,Gi bound nociceptin receptor in complex with nociceptin peptide
OPRX,P41146,Homo sapiens (Human),active,8F7X,EM,8F7X_1,R,receptor,Nociceptin receptor,369,P41146,Homo sapiens,,,,,,,,,Gi bound nociceptin receptor in complex with nociceptin peptide
OPRX,P41146,Homo sapiens (Human),inactive,5DHH,X-ray,5DHH_1,A/B,fusion-partner,"Soluble cytochrome b562,Nociceptin receptor",424,P0ABE7;P41146,Escherichia coli;Homo sapiens,,,,,,,,"M1007W, H1102I, R1106L",The crystal structure of nociceptin/orphanin FQ peptide receptor (NOP) in complex with SB-612111 (PSI Community Target)
OPSD,P02699,Bos taurus (Bovine),active,4X1H,X-ray,4X1H_2,C,G-alpha,C-terminal derived peptide of guanine nucleotide-binding protein G(t) subunit alpha-1,11,,Bos taurus,VLEDLKSCGLF,Ggust/Gt1/Gt2,0.64,,,0.00,mini-G (11 aa; full subunit is 350-395); C-TERMINUS UNRECOGNISED at 11 (0.64),,Opsin/G(alpha) peptide complex stabilized by nonyl-glucoside
OPSD,P02699,Bos taurus (Bovine),active,4X1H,X-ray,4X1H_1,A,receptor,Rhodopsin,348,P02699,Bos taurus,,,,,,,,,Opsin/G(alpha) peptide complex stabilized by nonyl-glucoside
OPSD,P02699,Bos taurus (Bovine),inactive,7ZBC,X-ray,7ZBC_1,A/B,receptor,Rhodopsin,348,P02699,Bos taurus,,,,,,,,,Dark state crystal structure of bovine rhodopsin in Lipidic Cubic Phase (SACLA)
OPSD,P02699,Bos taurus (Bovine),inactive,8A6E,X-ray,8A6E_1,A/B,receptor,Rhodopsin,349,P02699,Bos taurus,,,,,,,,,100 picosecond light activated crystal structure of bovine rhodopsin in Lipidic Cubic Phase (SACLA)
OX2R,O43614,Homo sapiens (Human),active,7L1V,EM,7L1V_6,S,nanobody/antibody,Synthetic nanobody 51 (Sb51),118,,Lama glama,,,,,,,,,Orexin Receptor 2 (OX2R) in Complex with G Protein and Small-Molecule Agonist Compound 1
OX2R,O43614,Homo sapiens (Human),active,7L1V,EM,7L1V_5,R,receptor,Hypocretin receptor type 2,374,O43614,Homo sapiens,,,,,,,,,Orexin Receptor 2 (OX2R) in Complex with G Protein and Small-Molecule Agonist Compound 1
OX2R,O43614,Homo sapiens (Human),active,7L1V,EM,7L1V_4,H,nanobody/antibody,single-chain antibody Fv fragment (svFv16),250,,Mus musculus,,,,,,,,,Orexin Receptor 2 (OX2R) in Complex with G Protein and Small-Molecule Agonist Compound 1
OX2R,O43614,Homo sapiens (Human),active,7L1V,EM,7L1V_3,C,G-gamma,Guanine nucleotide-binding protein G(I)/G(S)/G(O) subunit gamma-2,71,P59768,Homo sapiens,,,,,,,,,Orexin Receptor 2 (OX2R) in Complex with G Protein and Small-Molecule Agonist Compound 1
OX2R,O43614,Homo sapiens (Human),active,7L1V,EM,7L1V_2,B,G-beta,Guanine nucleotide-binding protein G(I)/G(S)/G(T) subunit beta-1,349,P62873,Homo sapiens,,,,,,,,,Orexin Receptor 2 (OX2R) in Complex with G Protein and Small-Molecule Agonist Compound 1
OX2R,O43614,Homo sapiens (Human),active,7L1V,EM,7L1V_1,A,G-alpha,Engineered Guanine nucleotide-binding protein subunit alpha,244,,Homo sapiens,LQMNLREYNLV,G11/G14/Gq,0.82,RIFNDCKDIILQMNLREYNLV,G11/G14/Gq/Gs,0.62,"mini-G (244 aa; full subunit is 350-395); COUPLING CHIMERA (two-window): scaffold from one family, alpha5 tip from G11/G14/Gq",,Orexin Receptor 2 (OX2R) in Complex with G Protein and Small-Molecule Agonist Compound 1
OX2R,O43614,Homo sapiens (Human),inactive,6TPN,X-ray,6TPN_1,A,fusion-partner,"Orexin receptor type 2,GlgA glycogen synthase,Orexin receptor type 2",564,O43614;Q9V2J8,Homo sapiens;Pyrococcus abyssi GE5,,,,,,,,,Crystal structure of the Orexin-2 receptor in complex with HTL6641 at 2.61 A resolution
OX2R,O43614,Homo sapiens (Human),inactive,5WQC,X-ray,5WQC_1,A,fusion-partner,"Orexin receptor type 2,GlgA glycogen synthase,Orexin receptor type 2",560,O43614;Q9V2J8,Homo sapiens;Pyrococcus abyssi GE5,,,,,,,,,Crystal structure of human orexin 2 receptor bound to the selective antagonist EMPA determined by the synchrotron light source at SPring-8.
OX2R,O43614,Homo sapiens (Human),inactive,7XRR,X-ray,7XRR_1,A,receptor,Orexin receptor type 2,341,O43614,Homo sapiens,,,,,,,,,Crystal structure of the human OX2R bound to the insomnia drug lemborexant.
OXYR,P30559,Homo sapiens (Human),active,7RYC,EM,7RYC_5,E,nanobody/antibody,scFv16,260,,Mus musculus,,,,,,,,,Oxytocin receptor (OTR) bound to oxytocin in complex with a heterotrimeric Gq protein
OXYR,P30559,Homo sapiens (Human),active,7RYC,EM,7RYC_4,C,G-beta,Guanine nucleotide-binding protein G(I)/G(S)/G(T) subunit beta-1,345,P62873,Homo sapiens,,,,,,,,,Oxytocin receptor (OTR) bound to oxytocin in complex with a heterotrimeric Gq protein
OXYR,P30559,Homo sapiens (Human),active,7RYC,EM,7RYC_3,D,G-alpha-fusion,"Guanine nucleotide-binding protein G(I)/G(S)/G(O) subunit gamma-2, Guanine nucleotide-binding protein G(i) subunit alpha-2,Guanine nucleotide-binding protein G(s) subunit alpha isoforms short",326,,Homo sapiens,LQMNLREYNLV,G11/G14/Gq,0.82,RIFNDCKDIILQMNLREYNLV,G11/G14/Gq/Gs,0.62,"COUPLING CHIMERA (two-window): scaffold from one family, alpha5 tip from G11/G14/Gq; fused chain",,Oxytocin receptor (OTR) bound to oxytocin in complex with a heterotrimeric Gq protein
OXYR,P30559,Homo sapiens (Human),active,7RYC,EM,7RYC_2,O,receptor,Oxytocin receptor,450,P30559,Homo sapiens,,,,,,,,,Oxytocin receptor (OTR) bound to oxytocin in complex with a heterotrimeric Gq protein
OXYR,P30559,Homo sapiens (Human),active,7RYC,EM,7RYC_1,L,ligand-peptide,Oxytocin,10,P01178,Homo sapiens,,,,,,,,,Oxytocin receptor (OTR) bound to oxytocin in complex with a heterotrimeric Gq protein
OXYR,P30559,Homo sapiens (Human),inactive,6TPK,X-ray,6TPK_1,A,receptor,Oxytocin receptor,502,P30559,Homo sapiens,,,,,,,,,Crystal structure of the human oxytocin receptor
PD2R2,Q9Y5Y4,Homo sapiens (Human),active,8XXV,EM,8XXV_1,A,receptor,Prostaglandin D2 receptor 2,348,Q9Y5Y4,Homo sapiens,,,,,,,,,Cryo-EM Structure of the Prostaglandin D2 Receptor 2-indomethacin Coupled to G Protein
PD2R2,Q9Y5Y4,Homo sapiens (Human),active,8XXV,EM,8XXV_2,B,G-alpha,Guanine nucleotide-binding protein G(i) subunit alpha-1,354,P63096,Homo sapiens,IKNNLKDCGLF,Gi1/Gi2,1.00,FVFDAVTDVIIKNNLKDCGLF,Gi1/Gi2,1.00,,"S47N, G203A, E245A, A326S",Cryo-EM Structure of the Prostaglandin D2 Receptor 2-indomethacin Coupled to G Protein
PD2R2,Q9Y5Y4,Homo sapiens (Human),active,8XXV,EM,8XXV_3,C,G-beta,Guanine nucleotide-binding protein G(I)/G(S)/G(T) subunit beta-1,345,P62873,Homo sapiens,,,,,,,,,Cryo-EM Structure of the Prostaglandin D2 Receptor 2-indomethacin Coupled to G Protein
PD2R2,Q9Y5Y4,Homo sapiens (Human),active,8XXV,EM,8XXV_4,D,G-gamma,Guanine nucleotide-binding protein G(I)/G(S)/G(O) subunit gamma-2,71,P59768,Homo sapiens,,,,,,,,,Cryo-EM Structure of the Prostaglandin D2 Receptor 2-indomethacin Coupled to G Protein
PD2R2,Q9Y5Y4,Homo sapiens (Human),active,8XXV,EM,8XXV_5,E,nanobody/antibody,scFv16,247,,Mus musculus,,,,,,,,,Cryo-EM Structure of the Prostaglandin D2 Receptor 2-indomethacin Coupled to G Protein
PD2R2,Q9Y5Y4,Homo sapiens (Human),inactive,7M8W,X-ray,7M8W_1,A,receptor,"Prostaglandin D2 receptor 2, Endolysin chimera",470,D9IEF7;Q9Y5Y4,Homo sapiens;Tequatrovirus T4,,,,,,,,,XFEL crystal structure of the prostaglandin D2 receptor CRTH2 in complex with 15R-methyl-PGD2
PE2R4,P35408,Homo sapiens (Human),active,8GCP,EM,8GCP_5,R,receptor,Prostaglandin E2 receptor EP4 subtype,488,P35408,Homo sapiens,,,,,,,,,Cryo-EM Structure of the Prostaglandin E2 Receptor 4 Coupled to G Protein
PE2R4,P35408,Homo sapiens (Human),active,8GCP,EM,8GCP_4,E,nanobody/antibody,scFv,307,,Homo sapiens,,,,,,,,,Cryo-EM Structure of the Prostaglandin E2 Receptor 4 Coupled to G Protein
PE2R4,P35408,Homo sapiens (Human),active,8GCP,EM,8GCP_3,C,G-gamma,Guanine nucleotide-binding protein subunit gamma,108,P59768,Homo sapiens,,,,,,,,,Cryo-EM Structure of the Prostaglandin E2 Receptor 4 Coupled to G Protein
PE2R4,P35408,Homo sapiens (Human),active,8GCP,EM,8GCP_2,B,G-beta,Guanine nucleotide-binding protein G(I)/G(S)/G(T) subunit beta-1,358,P62873,Homo sapiens,,,,,,,,,Cryo-EM Structure of the Prostaglandin E2 Receptor 4 Coupled to G Protein
PE2R4,P35408,Homo sapiens (Human),active,8GCP,EM,8GCP_1,A,G-alpha,Guanine nucleotide-binding protein G(i) subunit alpha-1,354,P63096,Homo sapiens,IKNNLKDCGLF,Gi1/Gi2,1.00,FVFDAVTDVIIKNNLKDCGLF,Gi1/Gi2,1.00,,,Cryo-EM Structure of the Prostaglandin E2 Receptor 4 Coupled to G Protein
PE2R4,P35408,Homo sapiens (Human),active,8GDB,EM,8GDB_5,R,receptor,Prostaglandin E2 receptor EP4 subtype,488,P35408,Homo sapiens,,,,,,,,,Cryo-EM Structure of the Prostaglandin E2 Receptor 4 Coupled to G Protein
PE2R4,P35408,Homo sapiens (Human),active,8GDB,EM,8GDB_4,N,nanobody/antibody,NB35,128,,Lama glama,,,,,,,,,Cryo-EM Structure of the Prostaglandin E2 Receptor 4 Coupled to G Protein
PE2R4,P35408,Homo sapiens (Human),active,8GDB,EM,8GDB_3,G,G-gamma,Guanine nucleotide-binding protein subunit gamma,108,P59768,Homo sapiens,,,,,,,,,Cryo-EM Structure of the Prostaglandin E2 Receptor 4 Coupled to G Protein
PE2R4,P35408,Homo sapiens (Human),active,8GDB,EM,8GDB_2,B,G-beta,Guanine nucleotide-binding protein G(I)/G(S)/G(T) subunit beta-1,344,P62873,Homo sapiens,,,,,,,,,Cryo-EM Structure of the Prostaglandin E2 Receptor 4 Coupled to G Protein
PE2R4,P35408,Homo sapiens (Human),active,8GDB,EM,8GDB_1,A,G-alpha,Guanine nucleotide-binding protein G(s) subunit alpha isoforms short,394,P63092,Homo sapiens,QRMHLRQYELL,Gs,1.00,RVFNDCRDIIQRMHLRQYELL,Gs,1.00,,,Cryo-EM Structure of the Prostaglandin E2 Receptor 4 Coupled to G Protein
PE2R4,P35408,Homo sapiens (Human),inactive,5YWY,X-ray,5YWY_3,L,nanobody/antibody,Light chain of Fab fragment,236,,Mus musculus,,,,,,,,,Crystal structure of the human prostaglandin E receptor EP4 in complex with Fab and ONO-AE3-208
PE2R4,P35408,Homo sapiens (Human),inactive,5YWY,X-ray,5YWY_2,H,nanobody/antibody,Heavy chain of Fab fragment,253,,Mus musculus,,,,,,,,,Crystal structure of the human prostaglandin E receptor EP4 in complex with Fab and ONO-AE3-208
PE2R4,P35408,Homo sapiens (Human),inactive,5YWY,X-ray,5YWY_1,A,receptor,"Prostaglandin E2 receptor EP4 subtype,Prostaglandin E2 receptor EP4 subtype",332,P35408,Homo sapiens,,,,,,,,"N7Q, A62L, G106R, N177Q, 218-259 deletion,N7Q, A62L, G106R, N177Q, 218-259 deletion",Crystal structure of the human prostaglandin E receptor EP4 in complex with Fab and ONO-AE3-208
PE2R4,P35408,Homo sapiens (Human),inactive,5YHL,X-ray,5YHL_3,L,nanobody/antibody,Light chain of Fab fragment,236,,Mus musculus,,,,,,,,,Crystal structure of the human prostaglandin E receptor EP4 in complex with Fab and an antagonist Br-derivative
PE2R4,P35408,Homo sapiens (Human),inactive,5YHL,X-ray,5YHL_2,H,nanobody/antibody,Heavy chain of Fab fragment,253,,Mus musculus,,,,,,,,,Crystal structure of the human prostaglandin E receptor EP4 in complex with Fab and an antagonist Br-derivative
PE2R4,P35408,Homo sapiens (Human),inactive,5YHL,X-ray,5YHL_1,A,receptor,Prostaglandin E2 receptor EP4 subtype,332,P35408,Homo sapiens,,,,,,,,"N7Q, A62L, G106R, N177Q, 218-259 deletion",Crystal structure of the human prostaglandin E receptor EP4 in complex with Fab and an antagonist Br-derivative
S1PR1,P21453,Homo sapiens (Human),active,7TD4,EM,7TD4_1,B,G-beta,Guanine nucleotide-binding protein G(I)/G(S)/G(T) subunit beta-1,340,P62871,Bos taurus,,,,,,,,,Sphingosine-1-phosphate receptor 1-Gi complex bound to Siponimod
S1PR1,P21453,Homo sapiens (Human),active,7TD4,EM,7TD4_2,A,G-alpha,Guanine nucleotide-binding protein G(i) subunit alpha-1,379,P10824,Rattus norvegicus,IKNNLKDCGLF,Gi1/Gi2,1.00,FVFDAVTDVIIKNNLKDCGLF,Gi1/Gi2,1.00,,G203A,Sphingosine-1-phosphate receptor 1-Gi complex bound to Siponimod
S1PR1,P21453,Homo sapiens (Human),active,7TD4,EM,7TD4_3,G,G-gamma,Guanine nucleotide-binding protein G(I)/G(S)/G(O) subunit gamma-2,71,P63212,Bos taurus,,,,,,,,C68S,Sphingosine-1-phosphate receptor 1-Gi complex bound to Siponimod
S1PR1,P21453,Homo sapiens (Human),active,7TD4,EM,7TD4_4,R,receptor,Sphingosine 1-phosphate receptor 1,392,P21453,Homo sapiens,,,,,,,,,Sphingosine-1-phosphate receptor 1-Gi complex bound to Siponimod
S1PR1,P21453,Homo sapiens (Human),inactive,3V2Y,X-ray,3V2Y_1,A,fusion-partner,"Sphingosine 1-phosphate receptor 1, Lysozyme chimera (E.C.3.2.1.17)",520,P00720;P21453,Homo sapiens;Tequatrovirus T4,,,,,,,,"C1054T, C1097A",Crystal Structure of a Lipid G protein-Coupled Receptor at 2.80A
S1PR5,Q9H228,Homo sapiens (Human),active,7EW1,EM,7EW1_5,A,receptor,Sphingosine 1-phosphate receptor 5,394,Q9H228,Homo sapiens,,,,,,,,,Cryo-EM structure of siponimod -bound Sphingosine-1-phosphate receptor 5 in complex with Gi protein
S1PR5,Q9H228,Homo sapiens (Human),active,7EW1,EM,7EW1_4,E,nanobody/antibody,scFv16,266,,Homo sapiens,,,,,,,,,Cryo-EM structure of siponimod -bound Sphingosine-1-phosphate receptor 5 in complex with Gi protein
S1PR5,Q9H228,Homo sapiens (Human),active,7EW1,EM,7EW1_3,D,G-alpha,Guanine nucleotide-binding protein G(i) subunit alpha-1,354,P63096,Homo sapiens,IKNNLKDCGLF,Gi1/Gi2,1.00,FVFDAVTDVIIKNNLKDCGLF,Gi1/Gi2,1.00,,,Cryo-EM structure of siponimod -bound Sphingosine-1-phosphate receptor 5 in complex with Gi protein
S1PR5,Q9H228,Homo sapiens (Human),active,7EW1,EM,7EW1_2,C,G-gamma,Guanine nucleotide-binding protein G(I)/G(S)/G(O) subunit gamma-2,71,P59768,Homo sapiens,,,,,,,,,Cryo-EM structure of siponimod -bound Sphingosine-1-phosphate receptor 5 in complex with Gi protein
S1PR5,Q9H228,Homo sapiens (Human),active,7EW1,EM,7EW1_1,B,G-beta,Guanine nucleotide-binding protein G(I)/G(S)/G(T) subunit beta-1,356,P62873,Homo sapiens,,,,,,,,,Cryo-EM structure of siponimod -bound Sphingosine-1-phosphate receptor 5 in complex with Gi protein
S1PR5,Q9H228,Homo sapiens (Human),inactive,7YXA,X-ray,7YXA_1,A/B,fusion-partner,"Sphingosine 1-phosphate receptor 5,Soluble cytochrome b562",458,P0ABE7;Q9H228,Homo sapiens,,,,,,,,,XFEL crystal structure of the human sphingosine 1 phosphate receptor 5 in complex with ONO-5430608
SSR2,P30874,Homo sapiens (Human),active,7T10,EM,7T10_6,S,nanobody/antibody,scFv16,259,,Mus musculus,,,,,,,,,CryoEM structure of somatostatin receptor 2 in complex with somatostatin-14 and Gi3
SSR2,P30874,Homo sapiens (Human),active,7T10,EM,7T10_5,P,ligand-peptide,Somatostatin-14,14,P61278,Homo sapiens,,,,,,,,,CryoEM structure of somatostatin receptor 2 in complex with somatostatin-14 and Gi3
SSR2,P30874,Homo sapiens (Human),active,7T10,EM,7T10_4,C,G-gamma,Guanine nucleotide-binding protein G(I)/G(S)/G(O) subunit gamma-2,71,P59768,Homo sapiens,,,,,,,,,CryoEM structure of somatostatin receptor 2 in complex with somatostatin-14 and Gi3
SSR2,P30874,Homo sapiens (Human),active,7T10,EM,7T10_3,B,G-beta,Guanine nucleotide-binding protein G(I)/G(S)/G(T) subunit beta-1,344,P62873,Homo sapiens,,,,,,,,,CryoEM structure of somatostatin receptor 2 in complex with somatostatin-14 and Gi3
SSR2,P30874,Homo sapiens (Human),active,7T10,EM,7T10_2,A,G-alpha,Guanine nucleotide-binding protein G(i) subunit alpha-3,354,P08754,Homo sapiens,IKNNLKECGLY,Gi3,1.00,FVFDAVTDVIIKNNLKECGLY,Gi3,1.00,,"S47N, G203A, E245A, A326S",CryoEM structure of somatostatin receptor 2 in complex with somatostatin-14 and Gi3
SSR2,P30874,Homo sapiens (Human),active,7T10,EM,7T10_1,R,receptor,"Somatostatin receptor type 2,Kappa-type opioid receptor",408,P30874;P41145,Homo sapiens,,,,,,,,,CryoEM structure of somatostatin receptor 2 in complex with somatostatin-14 and Gi3
SSR2,P30874,Homo sapiens (Human),inactive,7XN9,X-ray,7XN9_1,A,receptor,"Somatostatin receptor type 2,Endo-1,4-beta-xylanase",589,P09850;P30874,Homo sapiens;Niallia circulans,,,,,,,,,"Crystal structure of SSTR2 and L-054,522 complex"
TA2R,P21731,Homo sapiens (Human),active,8XJN,EM,8XJN_1,A,G-alpha,Engineered miniGq,246,,synthetic construct,LQMNLREYNLV,G11/G14/Gq,0.82,RIFNDCKDIILQMNLREYNLV,G11/G14/Gq/Gs,0.62,"mini-G (246 aa; full subunit is 350-395); COUPLING CHIMERA (two-window): scaffold from one family, alpha5 tip from G11/G14/Gq",,Cloprosetnol bound Thromboxane A2 receptor-Gq Protein Complex
TA2R,P21731,Homo sapiens (Human),active,8XJN,EM,8XJN_2,B,G-beta,Guanine nucleotide-binding protein G(I)/G(S)/G(T) subunit beta-1,376,P62873,Homo sapiens,,,,,,,,,Cloprosetnol bound Thromboxane A2 receptor-Gq Protein Complex
TA2R,P21731,Homo sapiens (Human),active,8XJN,EM,8XJN_3,C,G-gamma,Guanine nucleotide-binding protein G(I)/G(S)/G(O) subunit gamma-2,71,P59768,Homo sapiens,,,,,,,,,Cloprosetnol bound Thromboxane A2 receptor-Gq Protein Complex
TA2R,P21731,Homo sapiens (Human),active,8XJN,EM,8XJN_4,E,nanobody/antibody,Antibody fragment scFv16,255,,synthetic construct,,,,,,,,,Cloprosetnol bound Thromboxane A2 receptor-Gq Protein Complex
TA2R,P21731,Homo sapiens (Human),active,8XJN,EM,8XJN_5,R,receptor,"Fusion tag,Thromboxane A2 receptor,LgBiT",559,P21731,Homo sapiens;synthetic construct,,,,,,,,,Cloprosetnol bound Thromboxane A2 receptor-Gq Protein Complex
TA2R,P21731,Homo sapiens (Human),inactive,6IIU,X-ray,6IIU_1,A,fusion-partner,"Soluble cytochrome b562,Thromboxane A2 receptor,Rubredoxin,Thromboxane A2 receptor",484,P00268;P0ABE7;P21731,Clostridium pasteurianum;Escherichia coli;Homo sapiens,,,,,,,,M1007W/H1102I/R1106L/L247A,Crystal structure of the human thromboxane A2 receptor bound to ramatroban
TSHR,P16473,Homo sapiens (Human),active,7UTZ,EM,7UTZ_1,A,other,Glycoprotein hormones alpha chain analog TR1402,92,P01215,Homo sapiens,,,,,,,,"Q13R, E14R, P16R, Q20R",Human thyrotropin analog TR1402 bound to human Thyrotropin receptor in complex with miniGs399 (composite structure)
TSHR,P16473,Homo sapiens (Human),active,7UTZ,EM,7UTZ_2,B,G-beta,Thyrotropin subunit beta,112,P01222,Homo sapiens,,,,,,,,,Human thyrotropin analog TR1402 bound to human Thyrotropin receptor in complex with miniGs399 (composite structure)
TSHR,P16473,Homo sapiens (Human),active,7UTZ,EM,7UTZ_4,R,receptor,Thyrotropin receptor,701,P16473,Homo sapiens,,,,,,,,,Human thyrotropin analog TR1402 bound to human Thyrotropin receptor in complex with miniGs399 (composite structure)
TSHR,P16473,Homo sapiens (Human),active,7UTZ,EM,7UTZ_5,X,G-alpha,Guanine nucleotide-binding protein G(s) subunit alpha isoforms short,261,P63092,Homo sapiens,QRMHLRQYELL,Gs,1.00,RIFNDCRDIIQRMHLRQYELL,Gs,0.95,mini-G (261 aa; full subunit is 350-395),,Human thyrotropin analog TR1402 bound to human Thyrotropin receptor in complex with miniGs399 (composite structure)
TSHR,P16473,Homo sapiens (Human),active,7UTZ,EM,7UTZ_6,Y,G-beta,Guanine nucleotide-binding protein G(I)/G(S)/G(T) subunit beta-1,370,P62873,Homo sapiens,,,,,,,,,Human thyrotropin analog TR1402 bound to human Thyrotropin receptor in complex with miniGs399 (composite structure)
TSHR,P16473,Homo sapiens (Human),active,7UTZ,EM,7UTZ_7,Z,G-gamma,Guanine nucleotide-binding protein G(I)/G(S)/G(O) subunit gamma-2,71,P59768,Homo sapiens,,,,,,,,,Human thyrotropin analog TR1402 bound to human Thyrotropin receptor in complex with miniGs399 (composite structure)
TSHR,P16473,Homo sapiens (Human),active,7UTZ,EM,7UTZ_3,N,nanobody/antibody,Nanobody 35,142,,Homo sapiens,,,,,,,,,Human thyrotropin analog TR1402 bound to human Thyrotropin receptor in complex with miniGs399 (composite structure)
TSHR,P16473,Homo sapiens (Human),inactive,7T9M,EM,7T9M_3,R,receptor,Thyrotropin receptor,702,P16473,Homo sapiens,,,,,,,,,Human Thyrotropin receptor bound by CS-17 Inverse Agonist Fab/Org 274179-0 Antagonist
TSHR,P16473,Homo sapiens (Human),inactive,7T9M,EM,7T9M_2,L,nanobody/antibody,CS-17 Light Chain,213,,Mus musculus,,,,,,,,,Human Thyrotropin receptor bound by CS-17 Inverse Agonist Fab/Org 274179-0 Antagonist
TSHR,P16473,Homo sapiens (Human),inactive,7T9M,EM,7T9M_1,H,nanobody/antibody,CS-17 Heavy Chain,217,,Mus musculus,,,,,,,,,Human Thyrotropin receptor bound by CS-17 Inverse Agonist Fab/Org 274179-0 Antagonist
