pdb_id,gpcrdb_entry,receptor_slug,gpcr_class,state,species,method,resolution,publication_date,preferred_chain,transducer_type,ligand_functions,on_panel48,on_panel75,in_confornets,role,rcsb_metadata_cached,flag_res_missing,flag_res_above_floor,flag_non_human,flag_arrestin_active,flag_no_transducer_active,flag_label_conflict,activation_degree,pct_seq_modelled,flag_active_not_fully_active
7E2X,5ht1a_human,5ht1a,Class A (Rhodopsin),Active,Homo sapiens,Electron microscopy,3.0,2021-04-14,R,G protein,Apo (no ligand),0,0,0,calibration,0,0,0,0,0,0,,100,66,0
7E2Y,5ht1a_human,5ht1a,Class A (Rhodopsin),Active,Homo sapiens,Electron microscopy,3.0,2021-04-14,R,G protein,Agonist,0,0,0,calibration,0,0,0,0,0,0,,100,65,0
7E2Z,5ht1a_human,5ht1a,Class A (Rhodopsin),Active,Homo sapiens,Electron microscopy,3.1,2021-04-14,R,G protein,Agonist (partial),0,0,0,calibration,0,0,0,0,0,0,,100,66,0
8FY8,5ht1a_human,5ht1a,Class A (Rhodopsin),Active,Homo sapiens,Electron microscopy,2.79,2024-05-15,R,G protein,Agonist,0,0,0,calibration,0,0,0,0,0,0,,100,68,0
8FYE,5ht1a_human,5ht1a,Class A (Rhodopsin),Active,Homo sapiens,Electron microscopy,2.85,2024-05-15,R,G protein,Agonist,0,0,0,calibration,0,0,0,0,0,0,,100,68,0
8FYL,5ht1a_human,5ht1a,Class A (Rhodopsin),Active,Homo sapiens,Electron microscopy,2.94,2024-05-15,R,G protein,Agonist,0,0,0,calibration,0,0,0,0,0,0,,100,68,0
8FYT,5ht1a_human,5ht1a,Class A (Rhodopsin),Active,Homo sapiens,Electron microscopy,2.64,2024-05-15,R,G protein,Agonist,0,0,0,calibration,0,0,0,0,0,0,,100,68,0
8FYX,5ht1a_human,5ht1a,Class A (Rhodopsin),Active,Homo sapiens,Electron microscopy,2.62,2024-05-15,R,G protein,Agonist,0,0,0,calibration,0,0,0,0,0,0,,100,68,0
8JSP,5ht1a_human,5ht1a,Class A (Rhodopsin),Active,Homo sapiens,Electron microscopy,3.65,2023-11-15,R,G protein,Agonist,0,0,0,calibration,0,0,1,0,0,0,,100,68,0
8JT6,5ht1a_human,5ht1a,Class A (Rhodopsin),Active,Homo sapiens,Electron microscopy,3.0,2024-02-28,R,G protein,Agonist,0,0,0,calibration,0,0,0,0,0,0,,100,66,0
8PJK,5ht1a_human,5ht1a,Class A (Rhodopsin),Active,Homo sapiens,Electron microscopy,2.4,2024-05-29,R,G protein,Agonist|PAM,0,0,0,calibration,0,0,0,0,0,0,,100,68,0
8PKM,5ht1a_human,5ht1a,Class A (Rhodopsin),Active,Homo sapiens,Electron microscopy,2.9,2024-05-29,R,G protein,Agonist|PAM,0,0,0,calibration,0,0,0,0,0,0,,100,66,0
8W8B,5ht1a_human,5ht1a,Class A (Rhodopsin),Active,Homo sapiens,Electron microscopy,3.0,2023-11-22,R,G protein,Agonist,0,0,0,calibration,0,0,0,0,0,0,,100,66,0
6G79,5ht1b_human,5ht1b,Class A (Rhodopsin),Active,Homo sapiens,Electron microscopy,3.78,2018-06-20,S,G protein,Agonist,1,1,1,application,1,0,1,0,0,0,,100,67,0
7E32,5ht1d_human,5ht1d,Class A (Rhodopsin),Active,Homo sapiens,Electron microscopy,2.9,2021-04-21,R,G protein,Agonist,0,0,0,calibration,0,0,0,0,0,0,,100,76,0
7E33,5ht1e_human,5ht1e,Class A (Rhodopsin),Active,Homo sapiens,Electron microscopy,2.9,2021-04-14,R,G protein,Agonist,0,0,0,calibration,0,0,0,0,0,0,,100,70,0
8UGY,5ht1e_human,5ht1e,Class A (Rhodopsin),Active,Homo sapiens,Electron microscopy,3.31,2024-05-01,R,G protein,Agonist,0,0,0,calibration,0,0,0,0,0,0,,100,72,0
8UH3,5ht1e_human,5ht1e,Class A (Rhodopsin),Active,Homo sapiens,Electron microscopy,3.31,2024-05-01,D,G protein,Agonist,0,0,0,calibration,0,0,0,0,0,0,,100,74,0
7EXD,5ht1f_human,5ht1f,Class A (Rhodopsin),Active,Homo sapiens,Electron microscopy,3.4,2021-08-04,R,G protein,Agonist,0,0,0,calibration,0,0,0,0,0,0,,100,74,0
6WHA,5ht2a_human,5ht2a,Class A (Rhodopsin),Active,Homo sapiens,Electron microscopy,3.36,2020-09-23,A,G protein,Agonist,0,1,1,calibration,1,0,0,0,0,0,,100,52,0
7RAN,5ht2a_human,5ht2a,Class A (Rhodopsin),Active,Homo sapiens,Electron microscopy,3.45,2022-07-06,A,G protein,Agonist,0,1,1,calibration,1,0,0,0,0,0,,100,57,0
8UWL,5ht2a_human,5ht2a,Class A (Rhodopsin),Active,Homo sapiens,Electron microscopy,2.8,2024-05-29,A,G protein,Agonist,0,1,1,calibration,1,0,0,0,0,0,,100,59,0
8V6U,5ht2a_human,5ht2a,Class A (Rhodopsin),Active,Homo sapiens,Electron microscopy,3.0,2024-05-29,A,G protein,Agonist,0,1,1,calibration,1,0,0,0,0,0,,100,55,0
5TUD,5ht2b_human,5ht2b,Class A (Rhodopsin),Active,Homo sapiens,X-ray diffraction,3.0,2017-07-26,D,none,Agonist,0,0,0,calibration,0,0,0,0,0,1,,86,58,1
7SRR,5ht2b_human,5ht2b,Class A (Rhodopsin),Active,Homo sapiens,Electron microscopy,2.9,2022-09-21,R,G protein,Agonist,0,0,0,calibration,0,0,0,0,0,0,,100,57,0
7SRS,5ht2b_human,5ht2b,Class A (Rhodopsin),Active,Homo sapiens,Electron microscopy,3.3,2022-09-21,R,Arrestin,Agonist,0,0,0,calibration,0,0,0,0,1,0,,100,60,0
6BQG,5ht2c_human,5ht2c,Class A (Rhodopsin),Active,Homo sapiens,X-ray diffraction,3.0,2018-02-14,A,none,Agonist,1,1,1,application,1,0,0,0,0,1,,86,62,1
8DPF,5ht2c_human,5ht2c,Class A (Rhodopsin),Active,Homo sapiens,Electron microscopy,2.84,2022-08-24,A,G protein,Agonist,1,1,1,application,1,0,0,0,0,0,,100,58,0
8DPG,5ht2c_human,5ht2c,Class A (Rhodopsin),Active,Homo sapiens,Electron microscopy,3.6,2022-08-24,A,G protein,Agonist,1,1,1,application,1,0,1,0,0,0,,100,58,0
8DPH,5ht2c_human,5ht2c,Class A (Rhodopsin),Active,Homo sapiens,Electron microscopy,3.2,2022-08-24,A,G protein,Agonist,1,1,1,application,1,0,0,0,0,0,,100,58,0
8DPI,5ht2c_human,5ht2c,Class A (Rhodopsin),Active,Homo sapiens,Electron microscopy,3.4,2022-08-24,A,G protein,Agonist,1,1,1,application,1,0,0,0,0,0,,100,58,0
7XT8,5ht4r_human,5ht4r,Class A (Rhodopsin),Active,Homo sapiens,Electron microscopy,3.1,2022-07-27,R,G protein,Agonist,0,0,0,calibration,0,0,0,0,0,0,,100,76,0
7XT9,5ht4r_human,5ht4r,Class A (Rhodopsin),Active,Homo sapiens,Electron microscopy,3.2,2022-07-27,R,G protein,Agonist,0,0,0,calibration,0,0,0,0,0,0,,100,76,0
7XTA,5ht4r_human,5ht4r,Class A (Rhodopsin),Active,Homo sapiens,Electron microscopy,3.2,2022-07-27,R,G protein,Agonist,0,0,0,calibration,0,0,0,0,0,0,,100,73,0
7UM5,5ht5a_human,5ht5a,Class A (Rhodopsin),Active,Homo sapiens,Electron microscopy,2.73,2022-07-20,A,G protein,Agonist,1,1,0,application,1,0,0,0,0,0,,100,75,0
7UM6,5ht5a_human,5ht5a,Class A (Rhodopsin),Active,Homo sapiens,Electron microscopy,2.79,2022-07-20,A,G protein,Agonist,1,1,0,application,1,0,0,0,0,0,,100,72,0
7UM7,5ht5a_human,5ht5a,Class A (Rhodopsin),Active,Homo sapiens,Electron microscopy,2.75,2022-07-20,A,G protein,Agonist,1,1,0,application,1,0,0,0,0,0,,100,72,0
7X5H,5ht5a_human,5ht5a,Class A (Rhodopsin),Active,Homo sapiens,Electron microscopy,3.1,2022-09-14,R,G protein,Agonist,1,1,0,application,1,0,0,0,0,0,,100,77,0
7XTB,5ht6r_human,5ht6r,Class A (Rhodopsin),Active,Homo sapiens,Electron microscopy,3.3,2022-07-27,R,G protein,Agonist,0,0,0,calibration,0,0,0,0,0,0,,100,63,0
7YS6,5ht6r_human,5ht6r,Class A (Rhodopsin),Active,Homo sapiens,Electron microscopy,3.0,2023-03-29,A,G protein,Agonist,0,0,0,calibration,0,0,0,0,0,0,,100,61,0
8JLZ,5ht6r_human,5ht6r,Class A (Rhodopsin),Active,Homo sapiens,Electron microscopy,3.09,2023-06-28,R,G protein,Agonist,0,0,0,calibration,0,0,0,0,0,0,,100,61,0
7XTC,5ht7r_human,5ht7r,Class A (Rhodopsin),Active,Homo sapiens,Electron microscopy,3.2,2022-07-27,R,G protein,Agonist,0,0,0,calibration,0,0,0,0,0,0,,100,57,0
6D9H,aa1r_human,aa1r,Class A (Rhodopsin),Active,Homo sapiens,Electron microscopy,3.6,2018-06-20,R,G protein,Agonist,1,1,1,application,1,0,1,0,0,0,,100,88,0
7LD3,aa1r_human,aa1r,Class A (Rhodopsin),Active,Homo sapiens,Electron microscopy,3.2,2021-09-08,R,G protein,Ago-PAM|Agonist,1,1,1,application,1,0,0,0,0,0,,100,88,0
7LD4,aa1r_human,aa1r,Class A (Rhodopsin),Active,Homo sapiens,Electron microscopy,3.3,2021-09-08,R,G protein,Agonist,1,1,1,application,1,0,0,0,0,0,,100,88,0
2YDO,aa2ar_human,aa2ar,Class A (Rhodopsin),Active,Homo sapiens,X-ray diffraction,3.0,2011-05-18,A,none,Agonist,1,1,1,application,1,0,0,0,0,1,,69,73,1
2YDV,aa2ar_human,aa2ar,Class A (Rhodopsin),Active,Homo sapiens,X-ray diffraction,2.6,2011-05-18,A,none,Agonist,1,1,1,application,1,0,0,0,0,1,,69,75,1
3QAK,aa2ar_human,aa2ar,Class A (Rhodopsin),Active,Homo sapiens,X-ray diffraction,2.71,2011-03-09,A,none,Agonist,1,1,1,application,1,0,0,0,0,1,,69,69,1
4UG2,aa2ar_human,aa2ar,Class A (Rhodopsin),Active,Homo sapiens,X-ray diffraction,2.6,2015-04-08,A,none,Agonist,1,1,1,application,1,0,0,0,0,1,,69,71,1
4UHR,aa2ar_human,aa2ar,Class A (Rhodopsin),Active,Homo sapiens,X-ray diffraction,2.6,2015-04-08,A,none,Agonist,1,1,1,application,1,0,0,0,0,1,,69,75,1
5G53,aa2ar_human,aa2ar,Class A (Rhodopsin),Active,Homo sapiens,X-ray diffraction,3.4,2016-08-03,A,G protein,Agonist,1,1,1,application,1,0,0,0,0,0,,100,68,0
5WF5,aa2ar_human,aa2ar,Class A (Rhodopsin),Active,Homo sapiens,X-ray diffraction,2.6,2018-02-21,A,none,Agonist,1,1,1,application,1,0,0,0,0,1,,69,69,1
5WF6,aa2ar_human,aa2ar,Class A (Rhodopsin),Active,Homo sapiens,X-ray diffraction,2.9,2018-02-21,A,none,Agonist,1,1,1,application,1,0,0,0,0,1,,69,68,1
6GDG,aa2ar_human,aa2ar,Class A (Rhodopsin),Active,Homo sapiens,Electron microscopy,4.11,2018-05-16,A,G protein,Agonist,1,1,1,application,1,0,1,0,0,0,,100,64,0
7EZC,aa2ar_human,aa2ar,Class A (Rhodopsin),Active,Homo sapiens,X-ray diffraction,3.8,2022-04-13,B,none,Agonist,1,1,1,application,1,0,1,0,0,1,,69,70,1
8UGW,aa2ar_human,aa2ar,Class A (Rhodopsin),Active,Homo sapiens,X-ray diffraction,3.9,2024-12-18,A,none,Agonist,1,1,1,application,1,0,1,0,0,1,,69,67,1
8WDT,aa2ar_human,aa2ar,Class A (Rhodopsin),Active,Homo sapiens,X-ray diffraction,3.34,2024-01-17,A,none,Agonist,1,1,1,application,1,0,0,0,0,1,,69,72,1
7XY6,aa2br_human,aa2br,Class A (Rhodopsin),Active,Homo sapiens,Electron microscopy,2.99,2023-05-03,R,G protein,Agonist,0,0,0,calibration,0,0,0,0,0,0,,100,86,0
7XY7,aa2br_human,aa2br,Class A (Rhodopsin),Active,Homo sapiens,Electron microscopy,3.26,2023-05-03,R,G protein,Agonist,0,0,0,calibration,0,0,0,0,0,0,,100,85,0
8HDO,aa2br_human,aa2br,Class A (Rhodopsin),Active,Homo sapiens,Electron microscopy,2.87,2023-01-18,R,G protein,Agonist,0,0,0,calibration,0,0,0,0,0,0,,100,83,0
8HDP,aa2br_human,aa2br,Class A (Rhodopsin),Active,Homo sapiens,Electron microscopy,3.2,2023-01-18,R,G protein,Agonist,0,0,0,calibration,0,0,0,0,0,0,,100,84,0
8X16,aa3r_human,aa3r,Class A (Rhodopsin),Active,Homo sapiens,Electron microscopy,3.29,2024-04-24,R,G protein,Agonist,0,0,0,calibration,0,0,0,0,0,0,,100,88,0
8X17,aa3r_human,aa3r,Class A (Rhodopsin),Active,Homo sapiens,Electron microscopy,3.19,2024-04-24,R,G protein,Agonist,0,0,0,calibration,0,0,0,0,0,0,,100,89,0
7SK3,ackr3_human,ackr3,Class A (Rhodopsin),Active,Homo sapiens,Electron microscopy,3.8,2022-07-27,A,none,Agonist,0,0,0,calibration,0,0,1,0,0,1,,96,84,1
7SK4,ackr3_human,ackr3,Class A (Rhodopsin),Active,Homo sapiens,Electron microscopy,3.3,2022-07-27,A,none,Agonist,0,0,0,calibration,0,0,0,0,0,1,,96,84,1
7SK5,ackr3_human,ackr3,Class A (Rhodopsin),Active,Homo sapiens,Electron microscopy,4.0,2022-07-27,A,none,Agonist,0,0,0,calibration,0,0,1,0,0,1,,96,83,1
7SK6,ackr3_human,ackr3,Class A (Rhodopsin),Active,Homo sapiens,Electron microscopy,4.0,2022-07-27,A,none,Agonist,0,0,0,calibration,0,0,1,0,0,1,,96,83,1
7SK7,ackr3_human,ackr3,Class A (Rhodopsin),Active,Homo sapiens,Electron microscopy,3.3,2022-07-27,A,none,Agonist|Agonist (partial),0,0,0,calibration,0,0,0,0,0,1,,96,74,1
7SK8,ackr3_human,ackr3,Class A (Rhodopsin),Active,Homo sapiens,Electron microscopy,3.3,2022-07-27,A,none,Agonist|Agonist (partial),0,0,0,calibration,0,0,0,0,0,1,,96,85,1
7SK9,ackr3_human,ackr3,Class A (Rhodopsin),Active,Homo sapiens,Electron microscopy,3.7,2022-07-27,A,none,Agonist (partial),0,0,0,calibration,0,0,1,0,0,1,,96,78,1
6OIJ,acm1_human,acm1,Class A (Rhodopsin),Active,Homo sapiens,Electron microscopy,3.3,2019-05-08,R,G protein,Agonist,1,1,0,application,1,0,0,0,0,0,,100,64,0
4MQS,acm2_human,acm2,Class A (Rhodopsin),Active,Homo sapiens,X-ray diffraction,3.5,2013-11-27,A,none,Agonist,1,1,1,application,1,0,0,0,0,1,,99,59,1
4MQT,acm2_human,acm2,Class A (Rhodopsin),Active,Homo sapiens,X-ray diffraction,3.7,2013-11-27,A,none,Agonist|PAM,1,1,1,application,1,0,1,0,0,1,,99,59,1
6OIK,acm2_human,acm2,Class A (Rhodopsin),Active,Homo sapiens,Electron microscopy,3.6,2019-05-08,R,G protein,Ago-PAM|Agonist,1,1,1,application,1,0,1,0,0,0,,100,60,0
6U1N,acm2_human,acm2,Class A (Rhodopsin),Active,Homo sapiens,Electron microscopy,4.0,2020-02-26,R,Arrestin,Agonist,1,1,1,application,1,0,1,0,1,0,,100,57,0
7T8X,acm2_human,acm2,Class A (Rhodopsin),Active,Homo sapiens,Electron microscopy,3.21,2023-01-25,A,G protein,Agonist,1,1,1,application,1,0,0,0,0,0,,100,59,0
7T90,acm2_human,acm2,Class A (Rhodopsin),Active,Homo sapiens,Electron microscopy,3.32,2023-01-25,A,G protein,Agonist,1,1,1,application,1,0,0,0,0,0,,100,59,0
7T94,acm2_human,acm2,Class A (Rhodopsin),Active,Homo sapiens,Electron microscopy,3.16,2023-01-25,A,G protein,Agonist|PAM,1,1,1,application,1,0,0,0,0,0,,100,57,0
7T96,acm2_human,acm2,Class A (Rhodopsin),Active,Homo sapiens,Electron microscopy,3.22,2023-01-25,A,G protein,Agonist|PAM,1,1,1,application,1,0,0,0,0,0,,100,59,0
8E9W,acm3_human,acm3,Class A (Rhodopsin),Active,Homo sapiens,Electron microscopy,2.69,2022-11-30,A,G protein,Agonist,0,1,1,calibration,1,0,0,0,0,0,,100,47,0
8E9Y,acm3_human,acm3,Class A (Rhodopsin),Active,Homo sapiens,Electron microscopy,2.79,2022-11-30,A,G protein,Agonist,0,1,1,calibration,1,0,0,0,0,0,,100,47,0
8E9Z,acm3_human,acm3,Class A (Rhodopsin),Active,Homo sapiens,Electron microscopy,2.69,2022-11-30,A,G protein,Agonist,0,1,1,calibration,1,0,0,0,0,0,,100,47,0
8EA0,acm3_human,acm3,Class A (Rhodopsin),Active,Homo sapiens,Electron microscopy,2.56,2022-11-30,A,none,Agonist,0,1,1,calibration,1,0,0,0,0,1,,99,48,1
7TRK,acm4_human,acm4,Class A (Rhodopsin),Active,Homo sapiens,Electron microscopy,2.8,2023-05-17,R,G protein,Agonist,1,1,1,application,1,0,0,0,0,0,,100,57,0
7TRP,acm4_human,acm4,Class A (Rhodopsin),Active,Homo sapiens,Electron microscopy,2.4,2023-05-17,R,G protein,Agonist|PAM,1,1,1,application,1,0,0,0,0,0,,100,56,0
7TRQ,acm4_human,acm4,Class A (Rhodopsin),Active,Homo sapiens,Electron microscopy,2.5,2023-05-17,R,G protein,Agonist|PAM,1,1,1,application,1,0,0,0,0,0,,100,57,0
7TRS,acm4_human,acm4,Class A (Rhodopsin),Active,Homo sapiens,Electron microscopy,2.8,2023-05-17,R,G protein,Agonist,1,1,1,application,1,0,0,0,0,0,,100,56,0
7V68,acm4_human,acm4,Class A (Rhodopsin),Active,Homo sapiens,Electron microscopy,3.4,2022-05-11,R,G protein,Agonist|PAM,1,1,1,application,1,0,0,0,0,0,,100,58,0
7V69,acm4_human,acm4,Class A (Rhodopsin),Active,Homo sapiens,Electron microscopy,3.4,2022-05-11,R,G protein,Apo (no ligand),1,1,1,application,1,0,0,0,0,0,,100,58,0
7V6A,acm4_human,acm4,Class A (Rhodopsin),Active,Homo sapiens,Electron microscopy,3.6,2022-05-11,R,G protein,Allosteric agonist,1,1,1,application,1,0,1,0,0,0,,100,58,0
8E9X,acm4_human,acm4,Class A (Rhodopsin),Active,Homo sapiens,Electron microscopy,2.7,2022-11-30,A,G protein,Agonist,1,1,1,application,1,0,0,0,0,0,,100,57,0
8FX5,acm4_human,acm4,Class A (Rhodopsin),Active,Homo sapiens,Electron microscopy,2.45,2023-09-13,R,G protein,Agonist,1,1,1,application,1,0,0,0,0,0,,100,57,0
8GY7,acthr_human,acthr,Class A (Rhodopsin),Active,Homo sapiens,Electron microscopy,3.3,2023-01-11,R,G protein,Agonist,0,0,0,calibration,0,0,0,0,0,0,,100,92,0
7YM8,ada1a_human,ada1a,Class A (Rhodopsin),Active,Homo sapiens,Electron microscopy,2.92,2023-07-05,A,G protein,Agonist,0,1,1,calibration,1,0,0,0,0,0,,100,58,0
7YMH,ada1a_human,ada1a,Class A (Rhodopsin),Active,Homo sapiens,Electron microscopy,3.52,2023-07-05,A,G protein,Agonist,0,1,1,calibration,1,0,1,0,0,0,,100,58,0
8THK,ada1a_human,ada1a,Class A (Rhodopsin),Active,Homo sapiens,Electron microscopy,2.6,2023-08-16,R,G protein,Agonist,0,1,1,calibration,1,0,0,0,0,0,,100,52,0
8THL,ada1a_human,ada1a,Class A (Rhodopsin),Active,Homo sapiens,Electron microscopy,3.1,2023-08-16,R,G protein,Agonist,0,1,1,calibration,1,0,0,0,0,0,,100,52,0
7EJ0,ada2a_human,ada2a,Class A (Rhodopsin),Active,Homo sapiens,Electron microscopy,3.2,2022-04-13,R,G protein,Agonist,1,1,1,application,1,0,0,0,0,0,,100,56,0
7EJ8,ada2a_human,ada2a,Class A (Rhodopsin),Active,Homo sapiens,Electron microscopy,3.0,2022-04-13,R,G protein,Agonist,1,1,1,application,1,0,0,0,0,0,,100,57,0
7EJA,ada2a_human,ada2a,Class A (Rhodopsin),Active,Homo sapiens,Electron microscopy,3.6,2022-04-13,R,G protein,Agonist,1,1,1,application,1,0,1,0,0,0,,100,58,0
7EJK,ada2a_human,ada2a,Class A (Rhodopsin),Active,Homo sapiens,Electron microscopy,3.4,2022-04-13,R,G protein,Agonist,1,1,1,application,1,0,0,0,0,0,,100,55,0
7W6P,ada2a_human,ada2a,Class A (Rhodopsin),Active,Homo sapiens,Electron microscopy,3.47,2022-09-28,R,G protein,Agonist,1,1,1,application,1,0,0,0,0,0,,100,55,0
7W7E,ada2a_human,ada2a,Class A (Rhodopsin),Active,Homo sapiens,Electron microscopy,3.4,2022-09-28,R,G protein,Agonist,1,1,1,application,1,0,0,0,0,0,,100,56,0
9CBL,ada2a_human,ada2a,Class A (Rhodopsin),Active,Homo sapiens,Electron microscopy,2.8,2024-09-11,R,G protein,Agonist,1,1,1,application,1,0,0,0,0,0,,100,55,0
9CBM,ada2a_human,ada2a,Class A (Rhodopsin),Active,Homo sapiens,Electron microscopy,3.2,2024-09-11,R,G protein,Agonist,1,1,1,application,1,0,0,0,0,0,,100,55,0
6K41,ada2b_human,ada2b,Class A (Rhodopsin),Active,Homo sapiens,Electron microscopy,2.9,2020-04-15,R,G protein,Agonist,0,0,0,calibration,0,0,0,0,0,0,,100,54,0
6K42,ada2b_human,ada2b,Class A (Rhodopsin),Active,Homo sapiens,Electron microscopy,4.1,2020-04-15,R,G protein,Agonist,0,0,0,calibration,0,0,1,0,0,0,,100,60,0
7BTS,adrb1_human,adrb1,Class A (Rhodopsin),Active,Homo sapiens,X-ray diffraction,3.13,2020-12-02,A,none,Agonist,1,1,1,application,1,0,0,0,0,1,,99,58,1
7BU6,adrb1_human,adrb1,Class A (Rhodopsin),Active,Homo sapiens,X-ray diffraction,2.7,2020-12-02,A,none,Agonist,1,1,1,application,1,0,0,0,0,1,,99,58,1
7BU7,adrb1_human,adrb1,Class A (Rhodopsin),Active,Homo sapiens,X-ray diffraction,2.6,2020-12-02,A,none,Agonist,1,1,1,application,1,0,0,0,0,1,,99,58,1
6H7J,adrb1_melga,adrb1,Class A (Rhodopsin),Active,Meleagris gallopavo,X-ray diffraction,2.8,2018-10-17,A,none,Agonist,1,1,1,application,1,0,0,1,0,1,,99,60,1
6H7L,adrb1_melga,adrb1,Class A (Rhodopsin),Active,Meleagris gallopavo,X-ray diffraction,2.7,2018-10-17,A,none,Agonist,1,1,1,application,1,0,0,1,0,1,,99,60,1
6H7M,adrb1_melga,adrb1,Class A (Rhodopsin),Active,Meleagris gallopavo,X-ray diffraction,2.76,2018-10-17,A,none,Agonist,1,1,1,application,1,0,0,1,0,1,,99,60,1
6H7N,adrb1_melga,adrb1,Class A (Rhodopsin),Active,Meleagris gallopavo,X-ray diffraction,2.5,2018-10-17,A,none,Agonist,1,1,1,application,1,0,0,1,0,1,,99,60,1
6H7O,adrb1_melga,adrb1,Class A (Rhodopsin),Active,Meleagris gallopavo,X-ray diffraction,2.8,2018-10-17,A,none,Agonist,1,1,1,application,1,0,0,1,0,1,,99,60,1
6IBL,adrb1_melga,adrb1,Class A (Rhodopsin),Active,Meleagris gallopavo,X-ray diffraction,2.7,2019-01-09,A,none,Agonist,1,1,1,application,1,0,0,1,0,1,,99,60,1
6TKO,adrb1_melga,adrb1,Class A (Rhodopsin),Active,Meleagris gallopavo,Electron microscopy,3.3,2020-06-17,A,Arrestin,Agonist,1,1,1,application,1,0,0,1,1,0,,100,58,0
7JJO,adrb1_melga,adrb1,Class A (Rhodopsin),Active,Meleagris gallopavo,Electron microscopy,2.6,2020-09-02,R,G protein,Agonist,1,1,1,application,1,0,0,1,0,0,,100,58,0
7S0F,adrb1_melga,adrb1,Class A (Rhodopsin),Active,Meleagris gallopavo,Electron microscopy,2.96,2021-11-17,R,G protein,Agonist,1,1,1,application,1,0,0,1,0,0,,100,56,0
7S0G,adrb1_melga,adrb1,Class A (Rhodopsin),Active,Meleagris gallopavo,Electron microscopy,3.86,2021-11-17,R,G protein,Agonist,1,1,1,application,1,0,1,1,0,0,,100,57,0
8DCR,adrb1_melga,adrb1,Class A (Rhodopsin),Active,Meleagris gallopavo,Electron microscopy,2.6,2022-07-27,R,G protein,Agonist (partial),1,1,1,application,1,0,0,1,0,0,,100,57,0
8DCS,adrb1_melga,adrb1,Class A (Rhodopsin),Active,Meleagris gallopavo,Electron microscopy,2.5,2022-07-27,R,G protein,Antagonist,1,1,1,application,1,0,0,1,0,0,,100,57,0
3P0G,adrb2_human,adrb2,Class A (Rhodopsin),Active,Homo sapiens,X-ray diffraction,3.5,2011-01-19,A,none,Agonist,1,1,1,application,1,0,0,0,0,1,,99,69,1
3SN6,adrb2_human,adrb2,Class A (Rhodopsin),Active,Homo sapiens,X-ray diffraction,3.2,2011-07-20,R,G protein,Agonist,1,1,1,application,1,0,0,0,0,0,,100,69,0
4LDE,adrb2_human,adrb2,Class A (Rhodopsin),Active,Homo sapiens,X-ray diffraction,2.79,2013-09-25,A,none,Agonist,1,1,1,application,1,0,0,0,0,1,,99,69,1
4LDL,adrb2_human,adrb2,Class A (Rhodopsin),Active,Homo sapiens,X-ray diffraction,3.1,2013-09-25,A,none,Agonist,1,1,1,application,1,0,0,0,0,1,,99,69,1
4LDO,adrb2_human,adrb2,Class A (Rhodopsin),Active,Homo sapiens,X-ray diffraction,3.2,2013-09-25,A,none,Agonist,1,1,1,application,1,0,0,0,0,1,,99,69,1
4QKX,adrb2_human,adrb2,Class A (Rhodopsin),Active,Homo sapiens,X-ray diffraction,3.3,2014-07-23,A,none,Agonist,1,1,1,application,1,0,0,0,0,1,,99,69,1
6E67,adrb2_human,adrb2,Class A (Rhodopsin),Active,Homo sapiens,X-ray diffraction,3.7,2019-06-05,B,G protein,Agonist,1,1,1,application,1,0,1,0,0,0,,100,72,0
6MXT,adrb2_human,adrb2,Class A (Rhodopsin),Active,Homo sapiens,X-ray diffraction,2.96,2018-11-14,A,none,Agonist,1,1,1,application,1,0,0,0,0,1,,99,69,1
6N48,adrb2_human,adrb2,Class A (Rhodopsin),Active,Homo sapiens,X-ray diffraction,3.2,2019-06-26,A,none,Agonist|PAM,1,1,1,application,1,0,0,0,0,1,,99,70,1
6NI3,adrb2_human,adrb2,Class A (Rhodopsin),Active,Homo sapiens,Electron microscopy,3.8,2019-11-20,R,G protein,Agonist,1,1,1,application,1,0,1,0,0,0,,100,69,0
7BZ2,adrb2_human,adrb2,Class A (Rhodopsin),Active,Homo sapiens,Electron microscopy,3.82,2020-08-05,R,G protein,Agonist,1,1,1,application,1,0,1,0,0,0,,100,69,0
7DHI,adrb2_human,adrb2,Class A (Rhodopsin),Active,Homo sapiens,Electron microscopy,3.26,2020-12-16,R,G protein,Agonist,1,1,1,application,1,0,0,0,0,0,,100,70,0
7DHR,adrb2_human,adrb2,Class A (Rhodopsin),Active,Homo sapiens,Electron microscopy,3.8,2020-12-16,R,G protein,Agonist,1,1,1,application,1,0,1,0,0,0,,100,69,0
7XK9,adrb2_human,adrb2,Class A (Rhodopsin),Active,Homo sapiens,X-ray diffraction,3.4,2023-04-26,A,none,Agonist,1,1,1,application,1,0,0,0,0,1,,99,69,1
7XKA,adrb2_human,adrb2,Class A (Rhodopsin),Active,Homo sapiens,X-ray diffraction,3.1,2023-04-26,A,none,Agonist,1,1,1,application,1,0,0,0,0,1,,99,69,1
8GDZ,adrb2_human,adrb2,Class A (Rhodopsin),Active,Homo sapiens,Electron microscopy,3.5,2024-03-06,R,G protein,Agonist,1,1,1,application,1,0,0,0,0,0,,100,69,0
8GE1,adrb2_human,adrb2,Class A (Rhodopsin),Active,Homo sapiens,Electron microscopy,3.4,2024-03-06,R,G protein,Agonist,1,1,1,application,1,0,0,0,0,0,,100,70,0
8GE2,adrb2_human,adrb2,Class A (Rhodopsin),Active,Homo sapiens,Electron microscopy,3.3,2024-03-06,R,G protein,Agonist,1,1,1,application,1,0,0,0,0,0,,100,70,0
8GE3,adrb2_human,adrb2,Class A (Rhodopsin),Active,Homo sapiens,Electron microscopy,3.3,2024-03-06,R,G protein,Agonist,1,1,1,application,1,0,0,0,0,0,,100,69,0
8GE4,adrb2_human,adrb2,Class A (Rhodopsin),Active,Homo sapiens,Electron microscopy,3.3,2024-03-06,R,G protein,Agonist,1,1,1,application,1,0,0,0,0,0,,100,69,0
8GE5,adrb2_human,adrb2,Class A (Rhodopsin),Active,Homo sapiens,Electron microscopy,3.2,2024-03-06,R,G protein,Agonist,1,1,1,application,1,0,0,0,0,0,,100,69,0
8GE6,adrb2_human,adrb2,Class A (Rhodopsin),Active,Homo sapiens,Electron microscopy,3.4,2024-03-06,R,G protein,Agonist,1,1,1,application,1,0,0,0,0,0,,100,67,0
8GE7,adrb2_human,adrb2,Class A (Rhodopsin),Active,Homo sapiens,Electron microscopy,3.4,2024-03-06,R,G protein,Agonist,1,1,1,application,1,0,0,0,0,0,,100,68,0
8GE8,adrb2_human,adrb2,Class A (Rhodopsin),Active,Homo sapiens,Electron microscopy,3.4,2024-03-06,R,G protein,Agonist,1,1,1,application,1,0,0,0,0,0,,100,68,0
8GE9,adrb2_human,adrb2,Class A (Rhodopsin),Active,Homo sapiens,Electron microscopy,3.5,2024-03-06,R,G protein,Agonist,1,1,1,application,1,0,0,0,0,0,,100,68,0
8GEA,adrb2_human,adrb2,Class A (Rhodopsin),Active,Homo sapiens,Electron microscopy,3.5,2024-03-06,R,G protein,Agonist,1,1,1,application,1,0,0,0,0,0,,100,68,0
8GEB,adrb2_human,adrb2,Class A (Rhodopsin),Active,Homo sapiens,Electron microscopy,3.6,2024-03-06,R,G protein,Agonist,1,1,1,application,1,0,1,0,0,0,,100,68,0
8GEC,adrb2_human,adrb2,Class A (Rhodopsin),Active,Homo sapiens,Electron microscopy,3.5,2024-03-06,R,G protein,Agonist,1,1,1,application,1,0,0,0,0,0,,100,68,0
8GED,adrb2_human,adrb2,Class A (Rhodopsin),Active,Homo sapiens,Electron microscopy,3.5,2024-03-06,R,G protein,Agonist,1,1,1,application,1,0,0,0,0,0,,100,68,0
8GEE,adrb2_human,adrb2,Class A (Rhodopsin),Active,Homo sapiens,Electron microscopy,3.7,2024-03-06,R,G protein,Agonist,1,1,1,application,1,0,1,0,0,0,,100,68,0
8GEF,adrb2_human,adrb2,Class A (Rhodopsin),Active,Homo sapiens,Electron microscopy,3.8,2024-03-06,R,G protein,Agonist,1,1,1,application,1,0,1,0,0,0,,100,68,0
8GEG,adrb2_human,adrb2,Class A (Rhodopsin),Active,Homo sapiens,Electron microscopy,3.8,2024-03-06,R,G protein,Agonist,1,1,1,application,1,0,1,0,0,0,,100,68,0
8GEH,adrb2_human,adrb2,Class A (Rhodopsin),Active,Homo sapiens,Electron microscopy,4.0,2024-03-06,R,G protein,Agonist,1,1,1,application,1,0,1,0,0,0,,100,67,0
8GEI,adrb2_human,adrb2,Class A (Rhodopsin),Active,Homo sapiens,Electron microscopy,4.1,2024-03-06,R,G protein,Agonist,1,1,1,application,1,0,1,0,0,0,,100,68,0
8GEJ,adrb2_human,adrb2,Class A (Rhodopsin),Active,Homo sapiens,Electron microscopy,4.2,2024-03-06,R,G protein,Agonist,1,1,1,application,1,0,1,0,0,0,,100,65,0
8GFV,adrb2_human,adrb2,Class A (Rhodopsin),Active,Homo sapiens,Electron microscopy,3.1,2024-03-06,R,G protein,Agonist,1,1,1,application,1,0,0,0,0,0,,100,68,0
8GFW,adrb2_human,adrb2,Class A (Rhodopsin),Active,Homo sapiens,Electron microscopy,3.0,2024-03-06,R,G protein,Agonist,1,1,1,application,1,0,0,0,0,0,,100,68,0
8GFX,adrb2_human,adrb2,Class A (Rhodopsin),Active,Homo sapiens,Electron microscopy,3.0,2024-03-06,R,G protein,Agonist,1,1,1,application,1,0,0,0,0,0,,100,68,0
8GFY,adrb2_human,adrb2,Class A (Rhodopsin),Active,Homo sapiens,Electron microscopy,3.0,2024-03-06,R,G protein,Agonist,1,1,1,application,1,0,0,0,0,0,,100,67,0
8GFZ,adrb2_human,adrb2,Class A (Rhodopsin),Active,Homo sapiens,Electron microscopy,3.0,2024-03-06,R,G protein,Agonist,1,1,1,application,1,0,0,0,0,0,,100,67,0
8GG0,adrb2_human,adrb2,Class A (Rhodopsin),Active,Homo sapiens,Electron microscopy,2.9,2024-03-06,R,G protein,Agonist,1,1,1,application,1,0,0,0,0,0,,100,68,0
8GG1,adrb2_human,adrb2,Class A (Rhodopsin),Active,Homo sapiens,Electron microscopy,3.0,2024-03-06,R,G protein,Agonist,1,1,1,application,1,0,0,0,0,0,,100,68,0
8GG2,adrb2_human,adrb2,Class A (Rhodopsin),Active,Homo sapiens,Electron microscopy,3.0,2024-03-06,R,G protein,Agonist,1,1,1,application,1,0,0,0,0,0,,100,68,0
8GG3,adrb2_human,adrb2,Class A (Rhodopsin),Active,Homo sapiens,Electron microscopy,3.1,2024-03-06,R,G protein,Agonist,1,1,1,application,1,0,0,0,0,0,,100,68,0
8GG4,adrb2_human,adrb2,Class A (Rhodopsin),Active,Homo sapiens,Electron microscopy,3.2,2024-03-06,R,G protein,Agonist,1,1,1,application,1,0,0,0,0,0,,100,68,0
8GG5,adrb2_human,adrb2,Class A (Rhodopsin),Active,Homo sapiens,Electron microscopy,3.2,2024-03-06,R,G protein,Agonist,1,1,1,application,1,0,0,0,0,0,,100,68,0
8GG6,adrb2_human,adrb2,Class A (Rhodopsin),Active,Homo sapiens,Electron microscopy,3.3,2024-03-06,R,G protein,Agonist,1,1,1,application,1,0,0,0,0,0,,100,68,0
8GG7,adrb2_human,adrb2,Class A (Rhodopsin),Active,Homo sapiens,Electron microscopy,3.3,2024-03-06,R,none,Agonist,1,1,1,application,1,0,0,0,0,1,,96,69,1
8GG8,adrb2_human,adrb2,Class A (Rhodopsin),Active,Homo sapiens,Electron microscopy,3.3,2024-03-06,R,G protein,Agonist,1,1,1,application,1,0,0,0,0,0,,100,69,0
8GG9,adrb2_human,adrb2,Class A (Rhodopsin),Active,Homo sapiens,Electron microscopy,3.4,2024-03-06,R,G protein,Agonist,1,1,1,application,1,0,0,0,0,0,,100,68,0
8GGA,adrb2_human,adrb2,Class A (Rhodopsin),Active,Homo sapiens,Electron microscopy,3.5,2024-03-06,R,G protein,Agonist,1,1,1,application,1,0,0,0,0,0,,100,65,0
8GGB,adrb2_human,adrb2,Class A (Rhodopsin),Active,Homo sapiens,Electron microscopy,3.5,2024-03-06,R,G protein,Agonist,1,1,1,application,1,0,0,0,0,0,,100,64,0
8GGC,adrb2_human,adrb2,Class A (Rhodopsin),Active,Homo sapiens,Electron microscopy,3.4,2024-03-06,R,G protein,Agonist,1,1,1,application,1,0,0,0,0,0,,100,60,0
8GGE,adrb2_human,adrb2,Class A (Rhodopsin),Active,Homo sapiens,Electron microscopy,3.5,2024-03-06,R,G protein,Agonist,1,1,1,application,1,0,0,0,0,0,,100,56,0
8GGF,adrb2_human,adrb2,Class A (Rhodopsin),Active,Homo sapiens,Electron microscopy,3.6,2024-03-06,R,G protein,Agonist,1,1,1,application,1,0,1,0,0,0,,100,49,0
8GGI,adrb2_human,adrb2,Class A (Rhodopsin),Active,Homo sapiens,Electron microscopy,3.5,2024-03-06,R,none,Agonist,1,1,1,application,1,0,0,0,0,1,,96,69,1
8GGJ,adrb2_human,adrb2,Class A (Rhodopsin),Active,Homo sapiens,Electron microscopy,3.5,2024-03-06,R,none,Agonist,1,1,1,application,1,0,0,0,0,1,,96,69,1
8GGK,adrb2_human,adrb2,Class A (Rhodopsin),Active,Homo sapiens,Electron microscopy,3.3,2024-03-06,R,none,Agonist,1,1,1,application,1,0,0,0,0,1,,96,70,1
8GGL,adrb2_human,adrb2,Class A (Rhodopsin),Active,Homo sapiens,Electron microscopy,3.2,2024-03-06,R,none,Agonist,1,1,1,application,1,0,0,0,0,1,,96,69,1
8GGM,adrb2_human,adrb2,Class A (Rhodopsin),Active,Homo sapiens,Electron microscopy,3.2,2024-03-06,R,none,Agonist,1,1,1,application,1,0,0,0,0,1,,96,69,1
8GGN,adrb2_human,adrb2,Class A (Rhodopsin),Active,Homo sapiens,Electron microscopy,3.3,2024-03-06,R,none,Agonist,1,1,1,application,1,0,0,0,0,1,,96,69,1
8GGO,adrb2_human,adrb2,Class A (Rhodopsin),Active,Homo sapiens,Electron microscopy,3.2,2024-03-06,R,none,Agonist,1,1,1,application,1,0,0,0,0,1,,96,68,1
8GGP,adrb2_human,adrb2,Class A (Rhodopsin),Active,Homo sapiens,Electron microscopy,3.2,2024-03-06,R,none,Agonist,1,1,1,application,1,0,0,0,0,1,,96,68,1
8GGQ,adrb2_human,adrb2,Class A (Rhodopsin),Active,Homo sapiens,Electron microscopy,3.4,2024-03-06,R,none,Agonist,1,1,1,application,1,0,0,0,0,1,,96,68,1
8GGR,adrb2_human,adrb2,Class A (Rhodopsin),Active,Homo sapiens,Electron microscopy,3.4,2024-03-06,R,none,Agonist,1,1,1,application,1,0,0,0,0,1,,96,68,1
8GGS,adrb2_human,adrb2,Class A (Rhodopsin),Active,Homo sapiens,Electron microscopy,3.5,2024-03-06,R,none,Agonist,1,1,1,application,1,0,0,0,0,1,,96,68,1
8GGT,adrb2_human,adrb2,Class A (Rhodopsin),Active,Homo sapiens,Electron microscopy,3.5,2024-03-06,R,none,Agonist,1,1,1,application,1,0,0,0,0,1,,96,68,1
8GGU,adrb2_human,adrb2,Class A (Rhodopsin),Active,Homo sapiens,Electron microscopy,3.4,2024-03-06,R,none,Agonist,1,1,1,application,1,0,0,0,0,1,,96,68,1
8GGV,adrb2_human,adrb2,Class A (Rhodopsin),Active,Homo sapiens,Electron microscopy,3.5,2024-03-06,R,none,Agonist,1,1,1,application,1,0,0,0,0,1,,96,68,1
8GGW,adrb2_human,adrb2,Class A (Rhodopsin),Active,Homo sapiens,Electron microscopy,3.6,2024-03-06,R,none,Agonist,1,1,1,application,1,0,1,0,0,1,,96,68,1
8GGX,adrb2_human,adrb2,Class A (Rhodopsin),Active,Homo sapiens,Electron microscopy,3.6,2024-03-06,R,none,Agonist,1,1,1,application,1,0,1,0,0,1,,96,68,1
8GGY,adrb2_human,adrb2,Class A (Rhodopsin),Active,Homo sapiens,Electron microscopy,3.9,2024-03-06,R,none,Agonist,1,1,1,application,1,0,1,0,0,1,,96,68,1
8GGZ,adrb2_human,adrb2,Class A (Rhodopsin),Active,Homo sapiens,Electron microscopy,3.9,2024-03-06,R,none,Agonist,1,1,1,application,1,0,1,0,0,1,,96,68,1
8GH0,adrb2_human,adrb2,Class A (Rhodopsin),Active,Homo sapiens,Electron microscopy,4.0,2024-03-06,R,none,Agonist,1,1,1,application,1,0,1,0,0,1,,96,68,1
8GH1,adrb2_human,adrb2,Class A (Rhodopsin),Active,Homo sapiens,Electron microscopy,4.1,2024-03-06,R,none,Agonist,1,1,1,application,1,0,1,0,0,1,,95,68,1
8JJ8,adrb2_human,adrb2,Class A (Rhodopsin),Active,Homo sapiens,Electron microscopy,3.2,2023-09-06,F,none,Agonist (partial),1,1,1,application,1,0,0,0,0,1,,99,68,1
8UNL,adrb2_human,adrb2,Class A (Rhodopsin),Active,Homo sapiens,Electron microscopy,3.3,2024-03-06,R,G protein,Agonist,1,1,1,application,1,0,0,0,0,0,,100,68,0
8UNM,adrb2_human,adrb2,Class A (Rhodopsin),Active,Homo sapiens,Electron microscopy,3.4,2024-03-06,R,G protein,Agonist,1,1,1,application,1,0,0,0,0,0,,100,69,0
8UNN,adrb2_human,adrb2,Class A (Rhodopsin),Active,Homo sapiens,Electron microscopy,3.4,2024-03-06,R,G protein,Agonist,1,1,1,application,1,0,0,0,0,0,,100,69,0
8UNO,adrb2_human,adrb2,Class A (Rhodopsin),Active,Homo sapiens,Electron microscopy,3.3,2024-03-06,R,G protein,Agonist,1,1,1,application,1,0,0,0,0,0,,100,69,0
8UNP,adrb2_human,adrb2,Class A (Rhodopsin),Active,Homo sapiens,Electron microscopy,3.3,2024-03-06,R,G protein,Agonist,1,1,1,application,1,0,0,0,0,0,,100,69,0
8UNQ,adrb2_human,adrb2,Class A (Rhodopsin),Active,Homo sapiens,Electron microscopy,3.3,2024-03-06,R,G protein,Agonist,1,1,1,application,1,0,0,0,0,0,,100,69,0
8UNR,adrb2_human,adrb2,Class A (Rhodopsin),Active,Homo sapiens,Electron microscopy,3.4,2024-03-06,R,G protein,Agonist,1,1,1,application,1,0,0,0,0,0,,100,69,0
8UNS,adrb2_human,adrb2,Class A (Rhodopsin),Active,Homo sapiens,Electron microscopy,3.4,2024-03-06,R,G protein,Agonist,1,1,1,application,1,0,0,0,0,0,,100,69,0
8UNT,adrb2_human,adrb2,Class A (Rhodopsin),Active,Homo sapiens,Electron microscopy,3.4,2024-03-06,R,G protein,Agonist,1,1,1,application,1,0,0,0,0,0,,100,69,0
8UNU,adrb2_human,adrb2,Class A (Rhodopsin),Active,Homo sapiens,Electron microscopy,3.5,2024-03-06,R,G protein,Agonist,1,1,1,application,1,0,0,0,0,0,,100,68,0
8UNV,adrb2_human,adrb2,Class A (Rhodopsin),Active,Homo sapiens,Electron microscopy,3.3,2024-03-06,R,G protein,Agonist,1,1,1,application,1,0,0,0,0,0,,100,69,0
8UNW,adrb2_human,adrb2,Class A (Rhodopsin),Active,Homo sapiens,Electron microscopy,3.4,2024-03-06,R,G protein,Agonist,1,1,1,application,1,0,0,0,0,0,,100,68,0
8UNX,adrb2_human,adrb2,Class A (Rhodopsin),Active,Homo sapiens,Electron microscopy,3.6,2024-03-06,R,G protein,Agonist,1,1,1,application,1,0,1,0,0,0,,100,69,0
8UNY,adrb2_human,adrb2,Class A (Rhodopsin),Active,Homo sapiens,Electron microscopy,3.6,2024-03-06,R,G protein,Agonist,1,1,1,application,1,0,1,0,0,0,,100,69,0
8UNZ,adrb2_human,adrb2,Class A (Rhodopsin),Active,Homo sapiens,Electron microscopy,3.8,2024-03-06,R,G protein,Agonist,1,1,1,application,1,0,1,0,0,0,,100,69,0
8UO0,adrb2_human,adrb2,Class A (Rhodopsin),Active,Homo sapiens,Electron microscopy,3.5,2024-03-06,R,G protein,Agonist,1,1,1,application,1,0,0,0,0,0,,100,69,0
8UO1,adrb2_human,adrb2,Class A (Rhodopsin),Active,Homo sapiens,Electron microscopy,3.6,2024-03-06,R,G protein,Agonist,1,1,1,application,1,0,1,0,0,0,,100,68,0
8UO2,adrb2_human,adrb2,Class A (Rhodopsin),Active,Homo sapiens,Electron microscopy,3.6,2024-03-06,R,G protein,Agonist,1,1,1,application,1,0,1,0,0,0,,100,68,0
8UO3,adrb2_human,adrb2,Class A (Rhodopsin),Active,Homo sapiens,Electron microscopy,3.5,2024-03-06,R,G protein,Agonist,1,1,1,application,1,0,0,0,0,0,,100,54,0
8UO4,adrb2_human,adrb2,Class A (Rhodopsin),Active,Homo sapiens,Electron microscopy,4.0,2024-03-06,R,G protein,Agonist,1,1,1,application,1,0,1,0,0,0,,100,56,0
7DH5,adrb3_canlf,adrb3,Class A (Rhodopsin),Active,Canis lupus familiaris,Electron microscopy,3.16,2021-08-04,R,G protein,Agonist,0,0,0,calibration,0,0,0,1,0,0,,100,68,0
7XJH,adrb3_canlf,adrb3,Class A (Rhodopsin),Active,Canis lupus familiaris,Electron microscopy,3.3,2022-05-04,R,G protein,Agonist,0,0,0,calibration,0,0,0,1,0,0,,100,68,0
7XJI,adrb3_canlf,adrb3,Class A (Rhodopsin),Active,Canis lupus familiaris,Electron microscopy,3.9,2022-05-04,R,G protein,Agonist,0,0,0,calibration,0,0,1,1,0,0,,100,68,0
9IJD,adrb3_human,adrb3,Class A (Rhodopsin),Active,Homo sapiens,Electron microscopy,2.76,2024-08-21,R,G protein,Inverse agonist,0,0,0,calibration,0,0,0,0,0,0,,100,62,0
9IJE,adrb3_human,adrb3,Class A (Rhodopsin),Active,Homo sapiens,Electron microscopy,2.34,2024-08-21,R,G protein,Agonist,0,0,0,calibration,0,0,0,0,0,0,,100,62,0
6DO1,agtr1_human,agtr1,Class A (Rhodopsin),Active,Homo sapiens,X-ray diffraction,2.9,2019-01-30,A,none,Agonist,1,1,0,application,1,0,0,0,0,1,,93,85,1
6OS0,agtr1_human,agtr1,Class A (Rhodopsin),Active,Homo sapiens,X-ray diffraction,2.9,2020-02-19,A,none,Agonist,1,1,0,application,1,0,0,0,0,1,,93,85,1
6OS1,agtr1_human,agtr1,Class A (Rhodopsin),Active,Homo sapiens,X-ray diffraction,2.79,2020-02-19,A,none,Agonist,1,1,0,application,1,0,0,0,0,1,,93,85,1
6OS2,agtr1_human,agtr1,Class A (Rhodopsin),Active,Homo sapiens,X-ray diffraction,2.7,2020-02-19,A,none,Agonist,1,1,0,application,1,0,0,0,0,1,,93,85,1
7F6G,agtr1_human,agtr1,Class A (Rhodopsin),Active,Homo sapiens,Electron microscopy,2.9,2023-03-29,A,G protein,Agonist,1,1,0,application,1,0,0,0,0,0,,100,86,0
5UNF,agtr2_human,agtr2,Class A (Rhodopsin),Active,Homo sapiens,X-ray diffraction,2.8,2017-04-05,A,none,Antagonist,0,0,0,calibration,0,0,0,0,0,1,active_label_antagonist_only_no_transducer,98,79,1
5UNG,agtr2_human,agtr2,Class A (Rhodopsin),Active,Homo sapiens,X-ray diffraction,2.8,2017-04-05,B,none,Antagonist,0,0,0,calibration,0,0,0,0,0,1,active_label_antagonist_only_no_transducer,98,83,1
5UNH,agtr2_human,agtr2,Class A (Rhodopsin),Active,Homo sapiens,X-ray diffraction,2.9,2017-04-05,B,none,Antagonist,0,0,0,calibration,0,0,0,0,0,1,active_label_antagonist_only_no_transducer,98,75,1
5XJM,agtr2_human,agtr2,Class A (Rhodopsin),Active,Homo sapiens,X-ray diffraction,3.2,2018-07-11,A,none,Agonist,0,0,0,calibration,0,0,0,0,0,1,,100,78,0
6JOD,agtr2_human,agtr2,Class A (Rhodopsin),Active,Homo sapiens,X-ray diffraction,3.2,2020-01-15,A,none,Agonist,0,0,0,calibration,0,0,0,0,0,1,,100,84,0
7C6A,agtr2_human,agtr2,Class A (Rhodopsin),Active,Homo sapiens,X-ray diffraction,3.4,2020-07-29,A,none,Agonist,0,0,0,calibration,0,0,0,0,0,1,,98,77,1
7JNI,agtr2_human,agtr2,Class A (Rhodopsin),Active,Homo sapiens,X-ray diffraction,3.0,2022-02-09,A,none,Antagonist,0,0,0,calibration,0,0,0,0,0,1,active_label_antagonist_only_no_transducer,98,82,1
7W0L,apj_human,apj,Class A (Rhodopsin),Active,Homo sapiens,Electron microscopy,3.57,2022-07-27,R,G protein,Agonist,1,1,0,application,1,0,1,0,0,0,,100,78,0
7W0M,apj_human,apj,Class A (Rhodopsin),Active,Homo sapiens,Electron microscopy,3.71,2022-07-27,R,G protein,Agonist,1,1,0,application,1,0,1,0,0,0,,100,76,0
7W0N,apj_human,apj,Class A (Rhodopsin),Active,Homo sapiens,Electron microscopy,4.21,2022-07-27,R,G protein,Agonist,1,1,0,application,1,0,1,0,0,0,,100,78,0
7W0O,apj_human,apj,Class A (Rhodopsin),Active,Homo sapiens,Electron microscopy,3.78,2022-07-27,R,G protein,Agonist,1,1,0,application,1,0,1,0,0,0,,100,77,0
7W0P,apj_human,apj,Class A (Rhodopsin),Active,Homo sapiens,Electron microscopy,3.16,2022-07-27,R,G protein,Agonist,1,1,0,application,1,0,0,0,0,0,,100,77,0
8XZF,apj_human,apj,Class A (Rhodopsin),Active,Homo sapiens,Electron microscopy,3.0,2024-03-20,R,G protein,Agonist,1,1,0,application,1,0,0,0,0,0,,100,80,0
8XZG,apj_human,apj,Class A (Rhodopsin),Active,Homo sapiens,Electron microscopy,3.2,2024-03-27,R,G protein,Agonist,1,1,0,application,1,0,0,0,0,0,,100,79,0
8XZH,apj_human,apj,Class A (Rhodopsin),Active,Homo sapiens,Electron microscopy,2.6,2024-03-20,R,G protein,Agonist,1,1,0,application,1,0,0,0,0,0,,100,80,0
8XZI,apj_human,apj,Class A (Rhodopsin),Active,Homo sapiens,Electron microscopy,2.7,2024-03-20,R,G protein,Agonist,1,1,0,application,1,0,0,0,0,0,,100,81,0
8XZJ,apj_human,apj,Class A (Rhodopsin),Active,Homo sapiens,Electron microscopy,3.0,2024-03-20,R,G protein,Agonist,1,1,0,application,1,0,0,0,0,0,,100,80,0
9EPP,b1b1u5_9arac,b1b1u5,Class A (Rhodopsin),Active,Hasarius adansoni,Electron microscopy,4.06,2024-10-23,R,G protein,Agonist,1,1,1,application,1,0,1,1,0,0,,100,87,0
9EPQ,b1b1u5_9arac,b1b1u5,Class A (Rhodopsin),Active,Hasarius adansoni,Electron microscopy,4.15,2024-10-23,R,G protein,Agonist,1,1,1,application,1,0,1,1,0,0,,100,86,0
9EPR,b1b1u5_9arac,b1b1u5,Class A (Rhodopsin),Active,Hasarius adansoni,Electron microscopy,4.9,2024-10-30,R,G protein,Agonist,1,1,1,application,1,0,1,1,0,0,,100,89,0
7EIB,bkrb1_human,bkrb1,Class A (Rhodopsin),Active,Homo sapiens,Electron microscopy,3.0,2021-10-13,A,G protein,Agonist,0,0,0,calibration,0,0,0,0,0,0,,100,84,0
7F2O,bkrb2_human,bkrb2,Class A (Rhodopsin),Active,Homo sapiens,Electron microscopy,2.9,2021-10-13,R,G protein,Agonist,0,0,0,calibration,0,0,0,0,0,0,,100,73,0
7F6H,bkrb2_human,bkrb2,Class A (Rhodopsin),Active,Homo sapiens,Electron microscopy,2.9,2022-01-05,A,G protein,Agonist,0,0,0,calibration,0,0,0,0,0,0,,100,78,0
7F6I,bkrb2_human,bkrb2,Class A (Rhodopsin),Active,Homo sapiens,Electron microscopy,2.8,2022-01-05,A,G protein,Agonist,0,0,0,calibration,0,0,0,0,0,0,,100,78,0
8Y52,brs3_human,brs3,Class A (Rhodopsin),Active,Homo sapiens,Electron microscopy,2.9,2024-09-11,R,G protein,Agonist,0,0,0,calibration,0,0,0,0,0,0,,100,75,0
8Y53,brs3_human,brs3,Class A (Rhodopsin),Active,Homo sapiens,Electron microscopy,2.93,2024-09-11,R,G protein,Agonist,0,0,0,calibration,0,0,0,0,0,0,,100,75,0
8HK2,c3ar_human,c3ar,Class A (Rhodopsin),Active,Homo sapiens,Electron microscopy,2.9,2023-05-10,A,G protein,Agonist,0,0,0,calibration,0,0,0,0,0,0,,100,59,0
8HK3,c3ar_human,c3ar,Class A (Rhodopsin),Active,Homo sapiens,Electron microscopy,3.2,2023-05-10,C,G protein,Apo (no ligand),0,0,0,calibration,0,0,0,0,0,0,,100,59,0
8I95,c3ar_human,c3ar,Class A (Rhodopsin),Active,Homo sapiens,Electron microscopy,2.88,2023-10-18,C,G protein,Agonist,0,0,0,calibration,0,0,0,0,0,0,,100,58,0
8I97,c3ar_human,c3ar,Class A (Rhodopsin),Active,Homo sapiens,Electron microscopy,3.19,2023-10-18,C,G protein,Apo (no ligand),0,0,0,calibration,0,0,0,0,0,0,,100,57,0
8I9A,c3ar_human,c3ar,Class A (Rhodopsin),Active,Homo sapiens,Electron microscopy,3.57,2023-10-18,C,G protein,Agonist,0,0,0,calibration,0,0,1,0,0,0,,100,56,0
8I9L,c3ar_human,c3ar,Class A (Rhodopsin),Active,Homo sapiens,Electron microscopy,3.18,2023-10-18,C,G protein,Agonist,0,0,0,calibration,0,0,0,0,0,0,,100,57,0
8I9S,c3ar_human,c3ar,Class A (Rhodopsin),Active,Homo sapiens,Electron microscopy,3.26,2023-10-18,C,G protein,Apo (no ligand),0,0,0,calibration,0,0,0,0,0,0,,100,57,0
8IA8,c3ar_human,c3ar,Class A (Rhodopsin),Active,Homo sapiens,Electron microscopy,2.86,2023-05-24,A,G protein,Agonist,0,0,0,calibration,0,0,0,0,0,0,,100,59,0
8J6D,c3ar_human,c3ar,Class A (Rhodopsin),Active,Homo sapiens,Electron microscopy,3.1,2023-10-18,C,G protein,Agonist,0,0,0,calibration,0,0,0,0,0,0,,100,58,0
7Y64,c5ar1_human,c5ar1,Class A (Rhodopsin),Active,Homo sapiens,Electron microscopy,2.9,2023-03-01,D,G protein,Agonist,0,1,0,calibration,1,0,0,0,0,0,,100,84,0
7Y65,c5ar1_human,c5ar1,Class A (Rhodopsin),Active,Homo sapiens,Electron microscopy,3.2,2023-03-01,D,G protein,Agonist,0,1,0,calibration,1,0,0,0,0,0,,100,81,0
7Y66,c5ar1_human,c5ar1,Class A (Rhodopsin),Active,Homo sapiens,Electron microscopy,2.9,2023-03-01,D,G protein,Agonist,0,1,0,calibration,1,0,0,0,0,0,,100,80,0
7Y67,c5ar1_human,c5ar1,Class A (Rhodopsin),Active,Homo sapiens,Electron microscopy,2.8,2023-03-01,D,G protein,Agonist,0,1,0,calibration,1,0,0,0,0,0,,100,79,0
8HK5,c5ar1_human,c5ar1,Class A (Rhodopsin),Active,Homo sapiens,Electron microscopy,3.0,2023-05-10,A,G protein,Agonist,0,1,0,calibration,1,0,0,0,0,0,,100,84,0
8IA2,c5ar1_human,c5ar1,Class A (Rhodopsin),Active,Homo sapiens,Electron microscopy,3.21,2023-10-18,A,G protein,Agonist,0,1,0,calibration,1,0,0,0,0,0,,100,84,0
8JZZ,c5ar1_human,c5ar1,Class A (Rhodopsin),Active,Homo sapiens,Electron microscopy,3.31,2023-10-18,A,G protein,Agonist,0,1,0,calibration,1,0,0,0,0,0,,100,84,0
8HPT,c5ar1_mouse,c5ar1,Class A (Rhodopsin),Active,Mus musculus,Electron microscopy,3.39,2023-10-18,A,G protein,Agonist,0,1,0,calibration,1,0,0,1,0,0,,100,73,0
8HQC,c5ar1_mouse,c5ar1,Class A (Rhodopsin),Active,Mus musculus,Electron microscopy,3.89,2023-10-18,A,G protein,Agonist,0,1,0,calibration,1,0,1,1,0,0,,100,78,0
7EZH,cckar_human,cckar,Class A (Rhodopsin),Active,Homo sapiens,Electron microscopy,3.2,2021-08-25,D,G protein,Agonist,1,1,1,application,1,0,0,0,0,0,,100,69,0
7EZK,cckar_human,cckar,Class A (Rhodopsin),Active,Homo sapiens,Electron microscopy,3.1,2021-08-25,D,G protein,Agonist,1,1,1,application,1,0,0,0,0,0,,100,69,0
7EZM,cckar_human,cckar,Class A (Rhodopsin),Active,Homo sapiens,Electron microscopy,2.9,2021-08-25,D,G protein,Agonist,1,1,1,application,1,0,0,0,0,0,,100,71,0
7MBX,cckar_human,cckar,Class A (Rhodopsin),Active,Homo sapiens,Electron microscopy,1.95,2021-05-26,R,G protein,Agonist,1,1,1,application,1,0,0,0,0,0,,100,68,0
7MBY,cckar_human,cckar,Class A (Rhodopsin),Active,Homo sapiens,Electron microscopy,2.44,2021-05-26,R,G protein,Agonist,1,1,1,application,1,0,0,0,0,0,,100,66,0
7XOU,cckar_human,cckar,Class A (Rhodopsin),Active,Homo sapiens,Electron microscopy,3.2,2022-07-20,R,G protein,Agonist,1,1,1,application,1,0,0,0,0,0,,100,67,0
7XOV,cckar_human,cckar,Class A (Rhodopsin),Active,Homo sapiens,Electron microscopy,3.0,2022-07-20,R,G protein,Agonist,1,1,1,application,1,0,0,0,0,0,,100,67,0
9BKJ,cckar_human,cckar,Class A (Rhodopsin),Active,Homo sapiens,Electron microscopy,2.59,2024-05-22,R,G protein,Agonist,1,1,1,application,1,0,0,0,0,0,,100,66,0
9BKK,cckar_human,cckar,Class A (Rhodopsin),Active,Homo sapiens,Electron microscopy,2.51,2024-05-22,R,G protein,Agonist,1,1,1,application,1,0,0,0,0,0,,100,66,0
7VL8,ccr1_human,ccr1,Class A (Rhodopsin),Active,Homo sapiens,Electron microscopy,2.9,2022-03-23,R,G protein,Apo (no ligand),0,0,0,calibration,0,0,0,0,0,0,,100,80,0
7VL9,ccr1_human,ccr1,Class A (Rhodopsin),Active,Homo sapiens,Electron microscopy,2.6,2022-03-23,R,G protein,Agonist,0,0,0,calibration,0,0,0,0,0,0,,100,85,0
7VLA,ccr1_human,ccr1,Class A (Rhodopsin),Active,Homo sapiens,Electron microscopy,2.7,2022-03-23,R,G protein,Agonist,0,0,0,calibration,0,0,0,0,0,0,,100,85,0
7XA3,ccr2_human,ccr2,Class A (Rhodopsin),Active,Homo sapiens,Electron microscopy,2.9,2022-08-24,R,G protein,Agonist,0,1,1,calibration,1,0,0,0,0,0,,100,79,0
7X9Y,ccr3_human,ccr3,Class A (Rhodopsin),Active,Homo sapiens,Electron microscopy,3.1,2022-08-24,R,G protein,Apo (no ligand),0,0,0,calibration,0,0,0,0,0,0,,100,83,0
7F1Q,ccr5_human,ccr5,Class A (Rhodopsin),Active,Homo sapiens,Electron microscopy,2.9,2021-07-14,R,G protein,Agonist,1,1,1,application,1,0,0,0,0,0,,100,85,0
7F1R,ccr5_human,ccr5,Class A (Rhodopsin),Active,Homo sapiens,Electron microscopy,3.0,2021-07-14,R,G protein,Agonist,1,1,1,application,1,0,0,0,0,0,,100,79,0
7F1S,ccr5_human,ccr5,Class A (Rhodopsin),Active,Homo sapiens,Electron microscopy,2.8,2021-07-14,R,G protein,Apo (no ligand),1,1,1,application,1,0,0,0,0,0,,100,78,0
7O7F,ccr5_human,ccr5,Class A (Rhodopsin),Active,Homo sapiens,Electron microscopy,3.15,2021-06-30,C,G protein,Agonist,1,1,1,application,1,0,0,0,0,0,,100,85,0
6WWZ,ccr6_human,ccr6,Class A (Rhodopsin),Active,Homo sapiens,Electron microscopy,3.34,2020-06-24,R,G protein,Agonist,0,1,1,calibration,1,0,0,0,0,0,,100,83,0
8KFX,ccr8_human,ccr8,Class A (Rhodopsin),Active,Homo sapiens,Electron microscopy,2.96,2024-02-07,R,G protein,Agonist,0,1,1,calibration,1,0,0,0,0,0,,100,81,0
8KFY,ccr8_human,ccr8,Class A (Rhodopsin),Active,Homo sapiens,Electron microscopy,3.06,2024-02-07,R,G protein,Agonist,0,1,1,calibration,1,0,0,0,0,0,,100,81,0
8KFZ,ccr8_human,ccr8,Class A (Rhodopsin),Active,Homo sapiens,Electron microscopy,3.3,2024-02-07,R,G protein,Apo (no ligand),0,1,1,calibration,1,0,0,0,0,0,,100,81,0
8U1U,ccr8_human,ccr8,Class A (Rhodopsin),Active,Homo sapiens,Electron microscopy,3.1,2023-12-20,A,G protein,Agonist,0,1,1,calibration,1,0,0,0,0,0,,100,83,0
8XML,ccr8_human,ccr8,Class A (Rhodopsin),Active,Homo sapiens,Electron microscopy,2.58,2025-01-01,R,G protein,Apo (no ligand),0,1,1,calibration,1,0,0,0,0,0,,100,63,0
6RZ4,cltr1_human,cltr1,Class A (Rhodopsin),Active,Homo sapiens,X-ray diffraction,2.7,2019-10-30,A,none,Antagonist,0,0,0,calibration,0,0,0,0,0,1,active_label_antagonist_only_no_transducer,56,85,1
6RZ5,cltr1_human,cltr1,Class A (Rhodopsin),Active,Homo sapiens,X-ray diffraction,2.53,2019-10-30,B,none,Antagonist,0,0,0,calibration,0,0,0,0,0,1,active_label_antagonist_only_no_transducer,56,84,1
6RZ6,cltr2_human,cltr2,Class A (Rhodopsin),Active,Homo sapiens,X-ray diffraction,2.43,2019-12-11,A,none,Antagonist,0,0,0,calibration,0,0,0,0,0,1,active_label_antagonist_only_no_transducer,56,82,1
6RZ7,cltr2_human,cltr2,Class A (Rhodopsin),Active,Homo sapiens,X-ray diffraction,2.43,2019-12-11,A,none,Antagonist,0,0,0,calibration,0,0,0,0,0,1,active_label_antagonist_only_no_transducer,56,79,1
6RZ8,cltr2_human,cltr2,Class A (Rhodopsin),Active,Homo sapiens,X-ray diffraction,2.7,2019-12-11,A,none,Antagonist,0,0,0,calibration,0,0,0,0,0,1,active_label_antagonist_only_no_transducer,56,78,1
6RZ9,cltr2_human,cltr2,Class A (Rhodopsin),Active,Homo sapiens,X-ray diffraction,2.73,2019-12-11,A,none,Antagonist,0,0,0,calibration,0,0,0,0,0,1,active_label_antagonist_only_no_transducer,56,81,1
7YKD,cml1_human,cml1,Class A (Rhodopsin),Active,Homo sapiens,Electron microscopy,2.81,2023-04-19,A,G protein,Agonist,0,0,0,calibration,0,0,0,0,0,0,,100,76,0
8SG1,cml1_human,cml1,Class A (Rhodopsin),Active,Homo sapiens,Electron microscopy,2.94,2023-11-01,R,G protein,Agonist,0,0,0,calibration,0,0,0,0,0,0,,100,75,0
8JJP,cml2_human,cml2,Class A (Rhodopsin),Active,Homo sapiens,Electron microscopy,2.9,2024-08-21,A,G protein,Agonist,0,0,0,calibration,0,0,0,0,0,0,,100,82,0
8XGM,cml2_human,cml2,Class A (Rhodopsin),Active,Homo sapiens,Electron microscopy,3.29,2024-08-21,A,G protein,Agonist,0,0,0,calibration,0,0,0,0,0,0,,100,86,0
5XR8,cnr1_human,cnr1,Class A (Rhodopsin),Active,Homo sapiens,X-ray diffraction,2.95,2017-07-12,A,none,Agonist,1,1,1,application,1,0,0,0,0,1,,91,60,1
5XRA,cnr1_human,cnr1,Class A (Rhodopsin),Active,Homo sapiens,X-ray diffraction,2.8,2017-07-12,A,none,Agonist,1,1,1,application,1,0,0,0,0,1,,91,60,1
6KPG,cnr1_human,cnr1,Class A (Rhodopsin),Active,Homo sapiens,Electron microscopy,3.0,2020-02-12,R,G protein,Agonist,1,1,1,application,1,0,0,0,0,0,,100,60,0
6N4B,cnr1_human,cnr1,Class A (Rhodopsin),Active,Homo sapiens,Electron microscopy,3.0,2019-01-30,R,G protein,Agonist,1,1,1,application,1,0,0,0,0,0,,100,58,0
7V3Z,cnr1_human,cnr1,Class A (Rhodopsin),Active,Homo sapiens,X-ray diffraction,3.29,2021-11-24,A,none,Agonist,1,1,1,application,1,0,0,0,0,1,,91,60,1
7WV9,cnr1_human,cnr1,Class A (Rhodopsin),Active,Homo sapiens,Electron microscopy,3.36,2022-06-15,R,G protein,Agonist|PAM,1,1,1,application,1,0,0,0,0,0,,100,61,0
8GAG,cnr1_human,cnr1,Class A (Rhodopsin),Active,Homo sapiens,Electron microscopy,3.3,2024-02-28,R,G protein,Agonist,1,1,1,application,1,0,0,0,0,0,,100,56,0
8GHV,cnr1_human,cnr1,Class A (Rhodopsin),Active,Homo sapiens,Electron microscopy,2.8,2023-05-24,D,G protein,Agonist,1,1,1,application,1,0,0,0,0,0,,100,59,0
8IKG,cnr1_human,cnr1,Class A (Rhodopsin),Active,Homo sapiens,Electron microscopy,3.4,2024-06-05,R,G protein,Agonist,1,1,1,application,1,0,0,0,0,0,,100,58,0
8IKH,cnr1_human,cnr1,Class A (Rhodopsin),Active,Homo sapiens,Electron microscopy,3.3,2024-06-05,R,G protein,Agonist,1,1,1,application,1,0,0,0,0,0,,100,56,0
8K8J,cnr1_human,cnr1,Class A (Rhodopsin),Active,Homo sapiens,Electron microscopy,2.88,2024-02-14,R,G protein,Agonist,1,1,1,application,1,0,0,0,0,0,,100,59,0
8WRZ,cnr1_human,cnr1,Class A (Rhodopsin),Active,Homo sapiens,Electron microscopy,3.6,2024-02-28,R,Arrestin,Agonist,1,1,1,application,1,0,1,0,1,0,,100,60,0
8WU1,cnr1_human,cnr1,Class A (Rhodopsin),Active,Homo sapiens,Electron microscopy,3.2,2024-03-20,R,Arrestin,Agonist,1,1,1,application,1,0,0,0,1,0,,100,57,0
9ERX,cnr1_human,cnr1,Class A (Rhodopsin),Active,Homo sapiens,Electron microscopy,2.9,2024-06-26,R,G protein,Agonist,1,1,1,application,1,0,0,0,0,0,,100,62,0
6KPF,cnr2_human,cnr2,Class A (Rhodopsin),Active,Homo sapiens,Electron microscopy,2.9,2020-02-12,R,G protein,Agonist,1,1,0,application,1,0,0,0,0,0,,100,81,0
6PT0,cnr2_human,cnr2,Class A (Rhodopsin),Active,Homo sapiens,Electron microscopy,3.2,2020-02-12,R,G protein,Agonist,1,1,0,application,1,0,0,0,0,0,,100,83,0
8GUQ,cnr2_human,cnr2,Class A (Rhodopsin),Active,Homo sapiens,Electron microscopy,3.08,2023-05-10,R,G protein,Agonist,1,1,0,application,1,0,0,0,0,0,,100,81,0
8GUR,cnr2_human,cnr2,Class A (Rhodopsin),Active,Homo sapiens,Electron microscopy,2.84,2023-05-10,R,G protein,Agonist,1,1,0,application,1,0,0,0,0,0,,100,78,0
8GUS,cnr2_human,cnr2,Class A (Rhodopsin),Active,Homo sapiens,Electron microscopy,2.97,2023-05-10,R,G protein,Agonist,1,1,0,application,1,0,0,0,0,0,,100,81,0
8GUT,cnr2_human,cnr2,Class A (Rhodopsin),Active,Homo sapiens,Electron microscopy,2.98,2023-05-10,R,G protein,Agonist,1,1,0,application,1,0,0,0,0,0,,100,81,0
8X3L,cnr2_human,cnr2,Class A (Rhodopsin),Active,Homo sapiens,Electron microscopy,3.13,2024-11-20,R,G protein,Agonist,1,1,0,application,1,0,0,0,0,0,,100,80,0
7XBW,cx3c1_human,cx3c1,Class A (Rhodopsin),Active,Homo sapiens,Electron microscopy,2.8,2022-07-13,R,G protein,Apo (no ligand),0,0,0,calibration,0,0,0,0,0,0,,9,81,1
7XBX,cx3c1_human,cx3c1,Class A (Rhodopsin),Active,Homo sapiens,Electron microscopy,3.4,2022-07-13,R,G protein,Agonist,0,0,0,calibration,0,0,0,0,0,0,,9,81,1
8IC0,cxcr1_human,cxcr1,Class A (Rhodopsin),Active,Homo sapiens,Electron microscopy,3.41,2023-07-19,A,G protein,Agonist,0,0,0,calibration,0,0,0,0,0,0,,100,86,0
6LFM,cxcr2_human,cxcr2,Class A (Rhodopsin),Active,Homo sapiens,Electron microscopy,3.5,2020-09-02,R,G protein,Agonist,1,1,0,application,1,0,0,0,0,0,,100,85,0
6LFO,cxcr2_human,cxcr2,Class A (Rhodopsin),Active,Homo sapiens,Electron microscopy,3.4,2020-09-02,R,G protein,Agonist,1,1,0,application,1,0,0,0,0,0,,100,85,0
8HNK,cxcr3_human,cxcr3,Class A (Rhodopsin),Active,Homo sapiens,Electron microscopy,3.01,2023-11-29,R,G protein,Agonist,0,1,1,calibration,1,0,0,0,0,0,,100,81,0
8HNL,cxcr3_human,cxcr3,Class A (Rhodopsin),Active,Homo sapiens,Electron microscopy,2.98,2023-11-29,R,none,Agonist,0,1,1,calibration,1,0,0,0,0,1,,100,80,0
8HNM,cxcr3_human,cxcr3,Class A (Rhodopsin),Active,Homo sapiens,Electron microscopy,2.94,2023-11-29,R,G protein,Agonist,0,1,1,calibration,1,0,0,0,0,0,,100,75,0
8K2X,cxcr3_human,cxcr3,Class A (Rhodopsin),Active,Homo sapiens,Electron microscopy,3.2,2023-11-29,R,G protein,Agonist,0,1,1,calibration,1,0,0,0,0,0,,100,79,0
8K3Z,cxcr4_human,cxcr4,Class A (Rhodopsin),Active,Homo sapiens,Electron microscopy,2.81,2024-07-17,A,G protein,Agonist,1,1,1,application,1,0,0,0,0,0,,100,84,0
8U4N,cxcr4_human,cxcr4,Class A (Rhodopsin),Active,Homo sapiens,Electron microscopy,2.72,2024-03-13,R,G protein,Apo (no ligand),1,1,1,application,1,0,0,0,0,0,,100,80,0
8U4O,cxcr4_human,cxcr4,Class A (Rhodopsin),Active,Homo sapiens,Electron microscopy,3.29,2024-03-13,R,G protein,Agonist,1,1,1,application,1,0,0,0,0,0,,100,84,0
8U4P,cxcr4_human,cxcr4,Class A (Rhodopsin),Active,Homo sapiens,Electron microscopy,3.15,2024-03-13,R,G protein,Agonist,1,1,1,application,1,0,0,0,0,0,,100,81,0
8U4Q,cxcr4_human,cxcr4,Class A (Rhodopsin),Active,Homo sapiens,Electron microscopy,3.36,2024-03-13,R,G protein,Agonist,1,1,1,application,1,0,0,0,0,0,,100,84,0
8U4S,cxcr4_human,cxcr4,Class A (Rhodopsin),Active,Homo sapiens,Electron microscopy,3.35,2024-03-13,R,none,Agonist,1,1,1,application,1,0,0,0,0,1,,97,81,1
7CKW,drd1_human,drd1,Class A (Rhodopsin),Active,Homo sapiens,Electron microscopy,3.22,2021-03-03,R,G protein,Agonist,0,0,0,calibration,0,0,0,0,0,0,,100,61,0
7CKX,drd1_human,drd1,Class A (Rhodopsin),Active,Homo sapiens,Electron microscopy,3.54,2021-03-03,R,G protein,Agonist,0,0,0,calibration,0,0,1,0,0,0,,100,61,0
7CKY,drd1_human,drd1,Class A (Rhodopsin),Active,Homo sapiens,Electron microscopy,3.2,2021-03-03,R,G protein,Agonist,0,0,0,calibration,0,0,0,0,0,0,,100,62,0
7CKZ,drd1_human,drd1,Class A (Rhodopsin),Active,Homo sapiens,Electron microscopy,3.1,2021-03-03,R,G protein,Agonist|PAM,0,0,0,calibration,0,0,0,0,0,0,,100,62,0
7CRH,drd1_human,drd1,Class A (Rhodopsin),Active,Homo sapiens,Electron microscopy,3.3,2021-03-03,R,G protein,Agonist,0,0,0,calibration,0,0,0,0,0,0,,100,61,0
7F0T,drd1_human,drd1,Class A (Rhodopsin),Active,Homo sapiens,Electron microscopy,3.1,2022-06-15,F,G protein,Agonist,0,0,0,calibration,0,0,0,0,0,0,,100,63,0
7F1O,drd1_human,drd1,Class A (Rhodopsin),Active,Homo sapiens,Electron microscopy,3.13,2022-06-15,F,G protein,Agonist,0,0,0,calibration,0,0,0,0,0,0,,100,62,0
7F1Z,drd1_human,drd1,Class A (Rhodopsin),Active,Homo sapiens,Electron microscopy,3.46,2022-06-15,F,G protein,Agonist,0,0,0,calibration,0,0,0,0,0,0,,100,62,0
7F23,drd1_human,drd1,Class A (Rhodopsin),Active,Homo sapiens,Electron microscopy,3.58,2022-06-15,F,G protein,Agonist,0,0,0,calibration,0,0,1,0,0,0,,100,62,0
7F24,drd1_human,drd1,Class A (Rhodopsin),Active,Homo sapiens,Electron microscopy,4.16,2022-06-15,F,G protein,Agonist,0,0,0,calibration,0,0,1,0,0,0,,100,62,0
7JOZ,drd1_human,drd1,Class A (Rhodopsin),Active,Homo sapiens,X-ray diffraction,3.8,2021-04-14,R,G protein,Agonist,0,0,0,calibration,0,0,1,0,0,0,,100,64,0
7JV5,drd1_human,drd1,Class A (Rhodopsin),Active,Homo sapiens,Electron microscopy,3.0,2021-02-24,R,G protein,Agonist,0,0,0,calibration,0,0,0,0,0,0,,100,63,0
7JVP,drd1_human,drd1,Class A (Rhodopsin),Active,Homo sapiens,Electron microscopy,2.9,2021-02-24,R,G protein,Agonist,0,0,0,calibration,0,0,0,0,0,0,,100,63,0
7JVQ,drd1_human,drd1,Class A (Rhodopsin),Active,Homo sapiens,Electron microscopy,3.0,2021-02-24,R,G protein,Agonist,0,0,0,calibration,0,0,0,0,0,0,,100,64,0
7LJC,drd1_human,drd1,Class A (Rhodopsin),Active,Homo sapiens,Electron microscopy,3.0,2021-03-03,R,G protein,Agonist|PAM,0,0,0,calibration,0,0,0,0,0,0,,100,63,0
7LJD,drd1_human,drd1,Class A (Rhodopsin),Active,Homo sapiens,Electron microscopy,3.2,2021-03-03,R,G protein,Agonist|PAM,0,0,0,calibration,0,0,0,0,0,0,,100,64,0
7X2C,drd1_human,drd1,Class A (Rhodopsin),Active,Homo sapiens,Electron microscopy,3.2,2022-06-29,F,G protein,Agonist,0,0,0,calibration,0,0,0,0,0,0,,100,63,0
7X2D,drd1_human,drd1,Class A (Rhodopsin),Active,Homo sapiens,Electron microscopy,3.3,2022-06-15,F,G protein,Agonist,0,0,0,calibration,0,0,0,0,0,0,,100,63,0
7X2F,drd1_human,drd1,Class A (Rhodopsin),Active,Homo sapiens,Electron microscopy,3.0,2022-06-15,F,G protein,Agonist|PAM,0,0,0,calibration,0,0,0,0,0,0,,100,63,0
8IRR,drd1_human,drd1,Class A (Rhodopsin),Active,Homo sapiens,Electron microscopy,3.2,2023-06-21,R,G protein,Agonist,0,0,0,calibration,0,0,0,0,0,0,,100,63,0
8JXR,drd1_human,drd1,Class A (Rhodopsin),Active,Homo sapiens,Electron microscopy,3.57,2024-09-04,A,none,Agonist,0,0,0,calibration,0,0,1,0,0,1,,99,61,1
8JXS,drd1_human,drd1,Class A (Rhodopsin),Active,Homo sapiens,Electron microscopy,3.0,2024-09-04,A,none,Agonist,0,0,0,calibration,0,0,0,0,0,1,,99,61,1
6VMS,drd2_human,drd2,Class A (Rhodopsin),Active,Homo sapiens,Electron microscopy,3.8,2020-06-17,R,G protein,Agonist,1,1,1,application,1,0,1,0,0,0,,100,63,0
7JVR,drd2_human,drd2,Class A (Rhodopsin),Active,Homo sapiens,Electron microscopy,2.8,2021-02-24,R,G protein,Agonist,1,1,1,application,1,0,0,0,0,0,,100,61,0
8IRS,drd2_human,drd2,Class A (Rhodopsin),Active,Homo sapiens,Electron microscopy,3.0,2023-06-07,R,G protein,Agonist,1,1,1,application,1,0,0,0,0,0,,100,60,0
8TZQ,drd2_human,drd2,Class A (Rhodopsin),Active,Homo sapiens,Electron microscopy,3.2,2024-08-21,R,G protein,Agonist,1,1,1,application,1,0,0,0,0,0,,100,61,0
8U02,drd2_human,drd2,Class A (Rhodopsin),Active,Homo sapiens,Electron microscopy,3.28,2024-08-21,R,G protein,Agonist,1,1,1,application,1,0,0,0,0,0,,100,61,0
7CMU,drd3_human,drd3,Class A (Rhodopsin),Active,Homo sapiens,Electron microscopy,3.0,2021-03-10,R,G protein,Agonist,1,1,0,application,1,0,0,0,0,0,,100,68,0
7CMV,drd3_human,drd3,Class A (Rhodopsin),Active,Homo sapiens,Electron microscopy,2.7,2021-03-10,R,G protein,Agonist,1,1,0,application,1,0,0,0,0,0,,100,68,0
8IRT,drd3_human,drd3,Class A (Rhodopsin),Active,Homo sapiens,Electron microscopy,2.7,2023-06-07,R,G protein,Agonist,1,1,0,application,1,0,0,0,0,0,,100,68,0
9F33,drd3_human,drd3,Class A (Rhodopsin),Active,Homo sapiens,Electron microscopy,3.05,2024-09-18,R,G protein,Agonist,1,1,0,application,1,0,0,0,0,0,,100,68,0
9F34,drd3_human,drd3,Class A (Rhodopsin),Active,Homo sapiens,Electron microscopy,3.09,2024-09-18,R,G protein,Agonist,1,1,0,application,1,0,0,0,0,0,,100,68,0
8IRU,drd4_human,drd4,Class A (Rhodopsin),Active,Homo sapiens,Electron microscopy,3.2,2023-06-21,R,G protein,Agonist,0,1,1,calibration,1,0,0,0,0,0,,100,64,0
8IRV,drd5_human,drd5,Class A (Rhodopsin),Active,Homo sapiens,Electron microscopy,3.1,2023-06-07,R,G protein,Agonist,0,0,0,calibration,0,0,0,0,0,0,,100,58,0
8ZFJ,e7fel0_danre,e7fel0,Class A (Rhodopsin),Active,Danio rerio,Electron microscopy,3.1,2024-08-07,R,G protein,Apo (no ligand),0,0,0,calibration,0,0,0,1,0,0,,100,72,0
8HCQ,ednra_human,ednra,Class A (Rhodopsin),Active,Homo sapiens,Electron microscopy,3.01,2023-03-22,R,G protein,Agonist,1,1,1,application,1,0,0,0,0,0,,100,71,0
8XVI,ednra_human,ednra,Class A (Rhodopsin),Active,Homo sapiens,Electron microscopy,3.32,2024-08-28,R,G protein,Agonist,1,1,1,application,1,0,0,0,0,0,,100,72,0
8HBD,ednrb_human,ednrb,Class A (Rhodopsin),Active,Homo sapiens,Electron microscopy,2.99,2023-03-22,R,G protein,Agonist,1,1,1,application,1,0,0,0,0,0,,100,68,0
8HCX,ednrb_human,ednrb,Class A (Rhodopsin),Active,Homo sapiens,Electron microscopy,3.5,2023-03-22,C,G protein,Agonist,1,1,1,application,1,0,0,0,0,0,,100,66,0
8IY5,ednrb_human,ednrb,Class A (Rhodopsin),Active,Homo sapiens,Electron microscopy,2.8,2023-08-16,R,G protein,Agonist,1,1,1,application,1,0,0,0,0,0,,100,71,0
8IY6,ednrb_human,ednrb,Class A (Rhodopsin),Active,Homo sapiens,Electron microscopy,3.13,2023-08-16,R,none,Agonist,1,1,1,application,1,0,0,0,0,1,,83,66,1
8XGR,ednrb_human,ednrb,Class A (Rhodopsin),Active,Homo sapiens,Electron microscopy,3.2,2024-04-03,R,G protein,Agonist,1,1,1,application,1,0,0,0,0,0,,100,69,0
8XVE,ednrb_human,ednrb,Class A (Rhodopsin),Active,Homo sapiens,Electron microscopy,3.0,2024-08-28,R,G protein,Agonist,1,1,1,application,1,0,0,0,0,0,,100,70,0
8XVH,ednrb_human,ednrb,Class A (Rhodopsin),Active,Homo sapiens,Electron microscopy,3.26,2024-08-28,R,G protein,Agonist,1,1,1,application,1,0,0,0,0,0,,100,69,0
8XWP,ednrb_human,ednrb,Class A (Rhodopsin),Active,Homo sapiens,Electron microscopy,3.21,2024-10-02,R,G protein,Agonist,1,1,1,application,1,0,0,0,0,0,,100,68,0
8XWQ,ednrb_human,ednrb,Class A (Rhodopsin),Active,Homo sapiens,Electron microscopy,4.6,2024-10-02,R,G protein,Agonist,1,1,1,application,1,0,1,0,0,0,,100,68,0
8ZRT,ednrb_human,ednrb,Class A (Rhodopsin),Active,Homo sapiens,Electron microscopy,3.62,2024-10-02,R,none,Agonist,1,1,1,application,1,0,1,0,0,1,,83,64,1
4PHU,ffar1_human,ffar1,Class A (Rhodopsin),Active,Homo sapiens,X-ray diffraction,2.33,2014-07-16,A,none,Allosteric agonist,0,0,0,calibration,0,0,0,0,0,1,,56,90,1
5KW2,ffar1_human,ffar1,Class A (Rhodopsin),Active,Homo sapiens,X-ray diffraction,2.76,2018-05-02,A,none,Allosteric agonist,0,0,0,calibration,0,0,0,0,0,1,,56,82,1
5TZR,ffar1_human,ffar1,Class A (Rhodopsin),Active,Homo sapiens,X-ray diffraction,2.2,2017-06-07,A,none,Allosteric agonist,0,0,0,calibration,0,0,0,0,0,1,,56,91,1
5TZY,ffar1_human,ffar1,Class A (Rhodopsin),Active,Homo sapiens,X-ray diffraction,3.22,2017-06-07,A,none,Agonist|PAM,0,0,0,calibration,0,0,0,0,0,1,,56,91,1
8EIT,ffar1_human,ffar1,Class A (Rhodopsin),Active,Homo sapiens,Electron microscopy,2.8,2023-05-24,R,G protein,Agonist,0,0,0,calibration,0,0,0,0,0,0,,100,89,0
8EJC,ffar1_human,ffar1,Class A (Rhodopsin),Active,Homo sapiens,Electron microscopy,3.0,2023-05-24,R,G protein,Agonist,0,0,0,calibration,0,0,0,0,0,0,,100,90,0
8EJK,ffar1_human,ffar1,Class A (Rhodopsin),Active,Homo sapiens,Electron microscopy,3.4,2023-05-24,R,G protein,Agonist,0,0,0,calibration,0,0,0,0,0,0,,100,89,0
8T3V,ffar1_human,ffar1,Class A (Rhodopsin),Active,Homo sapiens,Electron microscopy,3.39,2024-01-24,R,G protein,Agonist,0,0,0,calibration,0,0,0,0,0,0,,100,92,0
9K1C,ffar1_human,ffar1,Class A (Rhodopsin),Active,Homo sapiens,Electron microscopy,3.2,2024-12-11,R,G protein,Agonist,0,0,0,calibration,0,0,0,0,0,0,,100,93,0
8J22,ffar2_human,ffar2,Class A (Rhodopsin),Active,Homo sapiens,Electron microscopy,3.2,2024-01-24,C,G protein,Agonist,0,0,0,calibration,0,0,0,0,0,0,,100,86,0
8J23,ffar2_human,ffar2,Class A (Rhodopsin),Active,Homo sapiens,Electron microscopy,3.2,2024-04-17,A,G protein,Apo (no ligand),0,0,0,calibration,0,0,0,0,0,0,,100,78,0
8J24,ffar2_human,ffar2,Class A (Rhodopsin),Active,Homo sapiens,Electron microscopy,2.6,2024-01-24,D,G protein,Agonist,0,0,0,calibration,0,0,0,0,0,0,,100,78,0
8T3S,ffar2_human,ffar2,Class A (Rhodopsin),Active,Homo sapiens,Electron microscopy,3.07,2024-01-24,R,G protein,Agonist,0,0,0,calibration,0,0,0,0,0,0,,100,78,0
9K1D,ffar2_human,ffar2,Class A (Rhodopsin),Active,Homo sapiens,Electron microscopy,3.34,2024-12-11,R,G protein,Agonist,0,0,0,calibration,0,0,0,0,0,0,,100,81,0
8J20,ffar3_human,ffar3,Class A (Rhodopsin),Active,Homo sapiens,Electron microscopy,3.2,2024-01-24,D,G protein,Agonist|PAM,0,0,0,calibration,0,0,0,0,0,0,,100,79,0
8J21,ffar3_human,ffar3,Class A (Rhodopsin),Active,Homo sapiens,Electron microscopy,3.3,2024-01-24,D,G protein,Agonist,0,0,0,calibration,0,0,0,0,0,0,,100,79,0
8G59,ffar4_human,ffar4,Class A (Rhodopsin),Active,Homo sapiens,Electron microscopy,2.64,2023-03-08,R,G protein,Agonist,0,0,0,calibration,0,0,0,0,0,0,,100,78,0
8H4I,ffar4_human,ffar4,Class A (Rhodopsin),Active,Homo sapiens,Electron microscopy,3.06,2023-06-21,R,G protein,Agonist,0,0,0,calibration,0,0,0,0,0,0,,100,78,0
8H4K,ffar4_human,ffar4,Class A (Rhodopsin),Active,Homo sapiens,Electron microscopy,3.1,2023-06-21,R,G protein,Agonist,0,0,0,calibration,0,0,0,0,0,0,,100,83,0
8H4L,ffar4_human,ffar4,Class A (Rhodopsin),Active,Homo sapiens,Electron microscopy,3.07,2023-06-21,R,G protein,Agonist,0,0,0,calibration,0,0,0,0,0,0,,100,84,0
8ID3,ffar4_human,ffar4,Class A (Rhodopsin),Active,Homo sapiens,Electron microscopy,3.1,2023-03-15,R,G protein,Agonist,0,0,0,calibration,0,0,0,0,0,0,,100,81,0
8ID4,ffar4_human,ffar4,Class A (Rhodopsin),Active,Homo sapiens,Electron microscopy,3.1,2023-03-15,R,G protein,Agonist,0,0,0,calibration,0,0,0,0,0,0,,100,79,0
8ID6,ffar4_human,ffar4,Class A (Rhodopsin),Active,Homo sapiens,Electron microscopy,2.8,2023-03-15,R,G protein,Agonist,0,0,0,calibration,0,0,0,0,0,0,,100,80,0
8ID8,ffar4_human,ffar4,Class A (Rhodopsin),Active,Homo sapiens,Electron microscopy,3.0,2023-03-15,R,G protein,Agonist,0,0,0,calibration,0,0,0,0,0,0,,100,81,0
8ID9,ffar4_human,ffar4,Class A (Rhodopsin),Active,Homo sapiens,Electron microscopy,3.0,2023-03-15,R,G protein,Agonist,0,0,0,calibration,0,0,0,0,0,0,,100,78,0
8IYS,ffar4_human,ffar4,Class A (Rhodopsin),Active,Homo sapiens,Electron microscopy,2.95,2023-06-21,R,G protein,Agonist,0,0,0,calibration,0,0,0,0,0,0,,100,82,0
8T3O,ffar4_human,ffar4,Class A (Rhodopsin),Active,Homo sapiens,Electron microscopy,3.06,2024-01-17,R,G protein,Agonist,0,0,0,calibration,0,0,0,0,0,0,,100,82,0
8T3Q,ffar4_human,ffar4,Class A (Rhodopsin),Active,Homo sapiens,Electron microscopy,3.14,2024-01-24,R,G protein,Agonist,0,0,0,calibration,0,0,0,0,0,0,,100,83,0
7EUO,fpr1_human,fpr1,Class A (Rhodopsin),Active,Homo sapiens,Electron microscopy,2.9,2022-05-25,R,G protein,Agonist,0,0,0,calibration,0,0,0,0,0,0,,100,84,0
7T6T,fpr1_human,fpr1,Class A (Rhodopsin),Active,Homo sapiens,Electron microscopy,3.2,2022-03-30,R,G protein,Agonist,0,0,0,calibration,0,0,0,0,0,0,,100,85,0
7VFX,fpr1_human,fpr1,Class A (Rhodopsin),Active,Homo sapiens,Electron microscopy,2.8,2022-09-21,R,G protein,Agonist,0,0,0,calibration,0,0,0,0,0,0,,100,84,0
7WVU,fpr1_human,fpr1,Class A (Rhodopsin),Active,Homo sapiens,Electron microscopy,3.3,2022-04-13,R,G protein,Agonist,0,0,0,calibration,0,0,0,0,0,0,,100,85,0
6LW5,fpr2_human,fpr2,Class A (Rhodopsin),Active,Homo sapiens,X-ray diffraction,2.8,2020-03-25,A,none,Agonist,0,0,0,calibration,0,0,0,0,0,1,,100,91,0
6OMM,fpr2_human,fpr2,Class A (Rhodopsin),Active,Homo sapiens,Electron microscopy,3.17,2020-02-26,R,G protein,Agonist,0,0,0,calibration,0,0,0,0,0,0,,100,85,0
7T6S,fpr2_human,fpr2,Class A (Rhodopsin),Active,Homo sapiens,Electron microscopy,3.0,2022-03-30,R,G protein,Agonist,0,0,0,calibration,0,0,0,0,0,0,,100,85,0
7T6U,fpr2_human,fpr2,Class A (Rhodopsin),Active,Homo sapiens,Electron microscopy,2.9,2022-03-30,R,G protein,Agonist,0,0,0,calibration,0,0,0,0,0,0,,100,85,0
7T6V,fpr2_human,fpr2,Class A (Rhodopsin),Active,Homo sapiens,Electron microscopy,3.1,2022-03-30,R,G protein,Agonist,0,0,0,calibration,0,0,0,0,0,0,,100,85,0
7WVV,fpr2_human,fpr2,Class A (Rhodopsin),Active,Homo sapiens,Electron microscopy,2.9,2022-04-13,R,G protein,Agonist,0,0,0,calibration,0,0,0,0,0,0,,100,85,0
7WVW,fpr2_human,fpr2,Class A (Rhodopsin),Active,Homo sapiens,Electron microscopy,3.1,2022-04-13,R,G protein,Agonist,0,0,0,calibration,0,0,0,0,0,0,,100,85,0
7WVX,fpr2_human,fpr2,Class A (Rhodopsin),Active,Homo sapiens,Electron microscopy,2.8,2022-04-13,R,G protein,Agonist,0,0,0,calibration,0,0,0,0,0,0,,100,85,0
7WVY,fpr2_human,fpr2,Class A (Rhodopsin),Active,Homo sapiens,Electron microscopy,3.0,2022-04-13,R,G protein,Agonist,0,0,0,calibration,0,0,0,0,0,0,,100,85,0
8I2G,fshr_human,fshr,Class A (Rhodopsin),Active,Homo sapiens,Electron microscopy,2.8,2023-03-29,R,G protein,Agonist|Allosteric agonist,1,1,1,application,1,0,0,0,0,0,,100,86,0
7WQ3,galr1_human,galr1,Class A (Rhodopsin),Active,Homo sapiens,Electron microscopy,2.7,2022-04-20,R,G protein,Agonist,0,0,0,calibration,0,0,0,0,0,0,,100,83,0
7XJJ,galr1_human,galr1,Class A (Rhodopsin),Active,Homo sapiens,Electron microscopy,3.3,2023-05-03,E,G protein,Agonist,0,0,0,calibration,0,0,0,0,0,0,,100,77,0
7WQ4,galr2_human,galr2,Class A (Rhodopsin),Active,Homo sapiens,Electron microscopy,2.6,2022-04-20,R,G protein,Agonist,0,0,0,calibration,0,0,0,0,0,0,,100,73,0
7XBD,galr2_human,galr2,Class A (Rhodopsin),Active,Homo sapiens,Electron microscopy,3.11,2022-07-13,A,G protein,Agonist,0,0,0,calibration,0,0,0,0,0,0,,100,72,0
7XJK,galr2_human,galr2,Class A (Rhodopsin),Active,Homo sapiens,Electron microscopy,3.3,2022-06-29,F,G protein,Agonist,0,0,0,calibration,0,0,0,0,0,0,,100,72,0
7XJL,galr2_human,galr2,Class A (Rhodopsin),Active,Homo sapiens,Electron microscopy,3.5,2022-06-29,F,G protein,Agonist,0,0,0,calibration,0,0,0,0,0,0,,100,72,0
7F8V,gasr_human,gasr,Class A (Rhodopsin),Active,Homo sapiens,Electron microscopy,3.3,2021-10-13,R,G protein,Agonist,0,0,0,calibration,0,0,0,0,0,0,,100,62,0
7F8W,gasr_human,gasr,Class A (Rhodopsin),Active,Homo sapiens,Electron microscopy,3.1,2021-10-13,R,G protein,Agonist,0,0,0,calibration,0,0,0,0,0,0,,100,62,0
7XOW,gasr_human,gasr,Class A (Rhodopsin),Active,Homo sapiens,Electron microscopy,3.1,2022-07-20,R,G protein,Agonist,0,0,0,calibration,0,0,0,0,0,0,,100,62,0
7XOX,gasr_human,gasr,Class A (Rhodopsin),Active,Homo sapiens,Electron microscopy,3.1,2022-07-20,R,G protein,Agonist,0,0,0,calibration,0,0,0,0,0,0,,100,62,0
8IA7,gasr_human,gasr,Class A (Rhodopsin),Active,Homo sapiens,Electron microscopy,3.1,2023-12-06,R,G protein,Agonist,0,0,0,calibration,0,0,0,0,0,0,,100,62,0
7F9Y,ghsr_human,ghsr,Class A (Rhodopsin),Active,Homo sapiens,Electron microscopy,2.9,2021-08-18,R,G protein,Agonist,1,1,1,application,1,0,0,0,0,0,,100,78,0
7F9Z,ghsr_human,ghsr,Class A (Rhodopsin),Active,Homo sapiens,Electron microscopy,3.2,2021-08-18,R,G protein,Agonist,1,1,1,application,1,0,0,0,0,0,,100,77,0
7NA7,ghsr_human,ghsr,Class A (Rhodopsin),Active,Homo sapiens,Electron microscopy,2.7,2021-12-15,R,G protein,Agonist,1,1,1,application,1,0,0,0,0,0,,100,80,0
7NA8,ghsr_human,ghsr,Class A (Rhodopsin),Active,Homo sapiens,Electron microscopy,2.7,2021-12-15,R,G protein,Agonist,1,1,1,application,1,0,0,0,0,0,,100,78,0
7W2Z,ghsr_human,ghsr,Class A (Rhodopsin),Active,Homo sapiens,Electron microscopy,2.8,2022-01-19,R,G protein,Agonist,1,1,1,application,1,0,0,0,0,0,,100,82,0
8W8Q,gp101_human,gp101,Class A (Rhodopsin),Active,Homo sapiens,Electron microscopy,2.89,2024-01-03,C,G protein,Apo (no ligand),0,0,0,calibration,0,0,0,0,0,0,,100,56,0
8W8R,gp101_human,gp101,Class A (Rhodopsin),Active,Homo sapiens,Electron microscopy,3.3,2024-01-03,R,G protein,Agonist,0,0,0,calibration,0,0,0,0,0,0,,100,55,0
8W8S,gp101_human,gp101,Class A (Rhodopsin),Active,Homo sapiens,Electron microscopy,3.3,2024-01-03,R,none,Agonist,0,0,0,calibration,0,0,0,0,0,1,,94,55,1
7WCM,gp119_human,gp119,Class A (Rhodopsin),Active,Homo sapiens,Electron microscopy,2.33,2022-12-21,R,G protein,Agonist,0,0,0,calibration,0,0,0,0,0,0,,100,86,0
7WCN,gp119_human,gp119,Class A (Rhodopsin),Active,Homo sapiens,Electron microscopy,2.87,2022-12-21,R,G protein,Agonist,0,0,0,calibration,0,0,0,0,0,0,,100,86,0
7XZ5,gp119_human,gp119,Class A (Rhodopsin),Active,Homo sapiens,Electron microscopy,3.1,2022-08-24,R,G protein,Agonist,0,0,0,calibration,0,0,0,0,0,0,,100,87,0
7XZ6,gp119_human,gp119,Class A (Rhodopsin),Active,Homo sapiens,Electron microscopy,2.8,2022-08-24,R,G protein,Agonist,0,0,0,calibration,0,0,0,0,0,0,,100,87,0
8VHF,gp119_human,gp119,Class A (Rhodopsin),Active,Homo sapiens,Electron microscopy,3.51,2024-10-30,R,G protein,Agonist,0,0,0,calibration,0,0,1,0,0,0,,100,88,0
8ZR5,gp119_human,gp119,Class A (Rhodopsin),Active,Homo sapiens,Electron microscopy,3.31,2024-06-19,C,G protein,Agonist,0,0,0,calibration,0,0,0,0,0,0,,100,85,0
8ZRK,gp119_human,gp119,Class A (Rhodopsin),Active,Homo sapiens,Electron microscopy,2.82,2024-06-19,R,G protein,Agonist,0,0,0,calibration,0,0,0,0,0,0,,100,81,0
8HQE,gp132_human,gp132,Class A (Rhodopsin),Active,Homo sapiens,Electron microscopy,2.97,2023-10-11,R,G protein,Apo (no ligand),0,0,0,calibration,0,0,0,0,0,0,,100,81,0
8HQM,gp132_human,gp132,Class A (Rhodopsin),Active,Homo sapiens,Electron microscopy,2.95,2023-10-11,R,G protein,Agonist,0,0,0,calibration,0,0,0,0,0,0,,100,81,0
8HQN,gp132_human,gp132,Class A (Rhodopsin),Active,Homo sapiens,Electron microscopy,3.0,2023-10-11,R,G protein,Agonist,0,0,0,calibration,0,0,0,0,0,0,,100,82,0
8HVI,gp132_human,gp132,Class A (Rhodopsin),Active,Homo sapiens,Electron microscopy,3.04,2023-10-11,R,G protein,Agonist,0,0,0,calibration,0,0,0,0,0,0,,100,81,0
7VUG,gp139_human,gp139,Class A (Rhodopsin),Active,Homo sapiens,Electron microscopy,3.2,2021-12-29,R,G protein,Agonist,0,0,0,calibration,0,0,0,0,0,0,,100,80,0
7VUH,gp139_human,gp139,Class A (Rhodopsin),Active,Homo sapiens,Electron microscopy,3.22,2021-12-29,R,G protein,Agonist,0,0,0,calibration,0,0,0,0,0,0,,100,80,0
7VUI,gp139_human,gp139,Class A (Rhodopsin),Active,Homo sapiens,Electron microscopy,3.3,2021-12-29,R,G protein,Agonist,0,0,0,calibration,0,0,0,0,0,0,,100,79,0
7VUJ,gp139_human,gp139,Class A (Rhodopsin),Active,Homo sapiens,Electron microscopy,3.8,2021-12-29,R,G protein,Agonist,0,0,0,calibration,0,0,1,0,0,0,,100,79,0
8KH4,gp161_human,gp161,Class A (Rhodopsin),Active,Homo sapiens,Electron microscopy,3.1,2023-10-11,A,G protein,Apo (no ligand),0,0,0,calibration,0,0,0,0,0,0,,100,50,0
8SMV,gp161_human,gp161,Class A (Rhodopsin),Active,Homo sapiens,Electron microscopy,2.74,2024-02-21,R,G protein,Apo (no ligand),0,0,0,calibration,0,0,0,0,0,0,,100,51,0
7XV3,gp174_human,gp174,Class A (Rhodopsin),Active,Homo sapiens,Electron microscopy,2.76,2023-02-15,R,G protein,Agonist,0,0,0,calibration,0,0,0,0,0,0,,100,87,0
8IZB,gp174_human,gp174,Class A (Rhodopsin),Active,Homo sapiens,Electron microscopy,3.06,2023-11-01,R,G protein,Agonist,0,0,0,calibration,0,0,0,0,0,0,,100,85,0
8KH5,gp174_human,gp174,Class A (Rhodopsin),Active,Homo sapiens,Electron microscopy,2.83,2023-10-18,A,G protein,Agonist,0,0,0,calibration,0,0,0,0,0,0,,100,84,0
7TUY,gp183_human,gp183,Class A (Rhodopsin),Active,Homo sapiens,Electron microscopy,2.98,2022-04-13,R,none,Inverse agonist,0,0,0,calibration,0,0,0,0,0,1,active_label_antagonist_only_no_transducer,56,73,1
7TUZ,gp183_human,gp183,Class A (Rhodopsin),Active,Homo sapiens,Electron microscopy,3.12,2022-04-13,R,G protein,Agonist,0,0,0,calibration,0,0,0,0,0,0,,100,79,0
7BW0,gpbar_human,gpbar,Class A (Rhodopsin),Active,Homo sapiens,Electron microscopy,3.9,2020-09-02,R,G protein,(no ligand),0,0,0,calibration,0,0,1,0,0,0,,100,85,0
7CFM,gpbar_human,gpbar,Class A (Rhodopsin),Active,Homo sapiens,Electron microscopy,3.0,2020-09-09,R,G protein,Agonist,0,0,0,calibration,0,0,0,0,0,0,,100,83,0
7CFN,gpbar_human,gpbar,Class A (Rhodopsin),Active,Homo sapiens,Electron microscopy,3.0,2020-09-09,R,G protein,Agonist|PAM,0,0,0,calibration,0,0,0,0,0,0,,100,83,0
7XTQ,gpbar_human,gpbar,Class A (Rhodopsin),Active,Homo sapiens,Electron microscopy,3.2,2022-07-06,R,G protein,Agonist,0,0,0,calibration,0,0,0,0,0,0,,100,83,0
9GYO,gpbar_human,gpbar,Class A (Rhodopsin),Active,Homo sapiens,Electron microscopy,2.5,2024-10-09,R,G protein,Agonist,0,0,0,calibration,0,0,0,0,0,0,,100,83,0
8XOF,gper1_human,gper1,Class A (Rhodopsin),Active,Homo sapiens,Electron microscopy,2.6,2024-04-10,R,G protein,Agonist,0,0,0,calibration,0,0,0,0,0,0,,100,71,0
8XOG,gper1_human,gper1,Class A (Rhodopsin),Active,Homo sapiens,Electron microscopy,2.9,2024-04-10,R,G protein,Apo (no ligand),0,0,0,calibration,0,0,0,0,0,0,,100,70,0
8XOH,gper1_human,gper1,Class A (Rhodopsin),Active,Homo sapiens,Electron microscopy,3.2,2024-04-10,R,G protein,Agonist,0,0,0,calibration,0,0,0,0,0,0,,100,71,0
8XOI,gper1_human,gper1,Class A (Rhodopsin),Active,Homo sapiens,Electron microscopy,3.2,2024-04-10,R,G protein,Agonist,0,0,0,calibration,0,0,0,0,0,0,,100,70,0
8XOJ,gper1_human,gper1,Class A (Rhodopsin),Active,Homo sapiens,Electron microscopy,3.1,2024-04-10,R,G protein,(no ligand),0,0,0,calibration,0,0,0,0,0,0,,100,71,0
7Y3G,gpr12_human,gpr12,Class A (Rhodopsin),Active,Homo sapiens,Electron microscopy,2.77,2023-06-07,R,G protein,Apo (no ligand),0,0,0,calibration,0,0,0,0,0,0,,100,78,0
8ZQE,gpr15_human,gpr15,Class A (Rhodopsin),Active,Homo sapiens,Electron microscopy,2.9,2024-07-10,R,G protein,Agonist,0,0,0,calibration,0,0,0,0,0,0,,100,77,0
7Y89,gpr17_human,gpr17,Class A (Rhodopsin),Active,Homo sapiens,Electron microscopy,3.02,2022-10-12,A,G protein,Apo (no ligand),0,0,0,calibration,0,0,0,0,0,0,,100,78,0
8HS2,gpr20_human,gpr20,Class A (Rhodopsin),Active,Homo sapiens,Electron microscopy,3.08,2023-03-08,R,none,Apo (no ligand),0,0,0,calibration,0,0,0,0,0,1,,56,80,1
8HS3,gpr20_human,gpr20,Class A (Rhodopsin),Active,Homo sapiens,Electron microscopy,3.14,2023-03-08,R,G protein,Apo (no ligand),0,0,0,calibration,0,0,0,0,0,0,,100,78,0
8HSC,gpr20_human,gpr20,Class A (Rhodopsin),Active,Homo sapiens,Electron microscopy,3.22,2023-03-08,R,G protein,Apo (no ligand),0,0,0,calibration,0,0,0,0,0,0,,100,76,0
8HIX,gpr21_human,gpr21,Class A (Rhodopsin),Active,Homo sapiens,Electron microscopy,3.12,2023-03-15,R,G protein,Apo (no ligand),0,0,0,calibration,0,0,0,0,0,0,,100,81,0
8HJ0,gpr21_human,gpr21,Class A (Rhodopsin),Active,Homo sapiens,Electron microscopy,3.12,2023-03-15,R,G protein,Apo (no ligand),0,0,0,calibration,0,0,0,0,0,0,,100,81,0
8HJ1,gpr21_human,gpr21,Class A (Rhodopsin),Active,Homo sapiens,Electron microscopy,3.27,2023-12-27,R,G protein,Apo (no ligand),0,0,0,calibration,0,0,0,0,0,0,,100,81,0
8HJ2,gpr21_human,gpr21,Class A (Rhodopsin),Active,Homo sapiens,Electron microscopy,3.8,2023-03-15,R,G protein,Apo (no ligand),0,0,0,calibration,0,0,1,0,0,0,,100,81,0
8HMV,gpr21_human,gpr21,Class A (Rhodopsin),Active,Homo sapiens,Electron microscopy,2.91,2023-03-01,A,G protein,Apo (no ligand),0,0,0,calibration,0,0,0,0,0,0,,100,79,0
8IYX,gpr34_human,gpr34,Class A (Rhodopsin),Active,Homo sapiens,Electron microscopy,3.34,2024-03-20,C,none,Antagonist,0,0,0,calibration,0,0,0,0,0,1,active_label_antagonist_only_no_transducer,56,70,1
8IZ4,gpr34_human,gpr34,Class A (Rhodopsin),Active,Homo sapiens,Electron microscopy,2.93,2024-04-10,R,G protein,Agonist,0,0,0,calibration,0,0,0,0,0,0,,100,74,0
8K4N,gpr34_human,gpr34,Class A (Rhodopsin),Active,Homo sapiens,Electron microscopy,2.83,2023-10-25,D,G protein,Agonist,0,0,0,calibration,0,0,0,0,0,0,,100,73,0
8SAI,gpr34_human,gpr34,Class A (Rhodopsin),Active,Homo sapiens,Electron microscopy,3.27,2023-10-04,A,G protein,Agonist,0,0,0,calibration,0,0,0,0,0,0,,100,76,0
8WRB,gpr34_human,gpr34,Class A (Rhodopsin),Active,Homo sapiens,Electron microscopy,2.91,2023-11-08,R,G protein,Agonist,0,0,0,calibration,0,0,0,0,0,0,,100,74,0
8XBE,gpr34_human,gpr34,Class A (Rhodopsin),Active,Homo sapiens,Electron microscopy,3.4,2024-05-15,A,G protein,Agonist,0,0,0,calibration,0,0,0,0,0,0,,100,78,0
8XBG,gpr34_human,gpr34,Class A (Rhodopsin),Active,Homo sapiens,Electron microscopy,3.43,2024-05-15,A,none,Agonist,0,0,0,calibration,0,0,0,0,0,1,,60,78,1
8XBH,gpr34_human,gpr34,Class A (Rhodopsin),Active,Homo sapiens,Electron microscopy,2.83,2023-12-27,R,G protein,Agonist,0,0,0,calibration,0,0,0,0,0,0,,100,78,0
8XBI,gpr34_human,gpr34,Class A (Rhodopsin),Active,Homo sapiens,Electron microscopy,3.06,2023-12-27,R,none,Agonist,0,0,0,calibration,0,0,0,0,0,1,,60,78,1
8H8J,gpr35_human,gpr35,Class A (Rhodopsin),Active,Homo sapiens,Electron microscopy,3.2,2023-02-08,C,G protein,Agonist,0,0,0,calibration,0,0,0,0,0,0,,100,92,0
8U8F,gpr3_human,gpr3,Class A (Rhodopsin),Active,Homo sapiens,Electron microscopy,3.49,2024-03-06,R,G protein,Agonist,0,0,0,calibration,0,0,0,0,0,0,,100,80,0
8WW2,gpr3_human,gpr3,Class A (Rhodopsin),Active,Homo sapiens,Electron microscopy,2.79,2024-02-14,R,G protein,Agonist,0,0,0,calibration,0,0,0,0,0,0,,100,81,0
8X2K,gpr3_human,gpr3,Class A (Rhodopsin),Active,Homo sapiens,Electron microscopy,3.03,2024-04-03,A,G protein,Agonist,0,0,0,calibration,0,0,0,0,0,0,,100,79,0
6LI3,gpr52_human,gpr52,Class A (Rhodopsin),Active,Homo sapiens,Electron microscopy,3.32,2020-02-26,R,G protein,Apo (no ligand),0,1,0,calibration,1,0,0,0,0,0,,100,79,0
8HMP,gpr52_human,gpr52,Class A (Rhodopsin),Active,Homo sapiens,Electron microscopy,2.77,2023-06-21,R,G protein,Agonist,0,1,0,calibration,1,0,0,0,0,0,,100,79,0
8ZX4,gpr55_human,gpr55,Class A (Rhodopsin),Active,Homo sapiens,Electron microscopy,2.85,2024-11-13,R,G protein,Agonist,0,0,0,calibration,0,0,0,0,0,0,,100,90,0
8ZX5,gpr55_human,gpr55,Class A (Rhodopsin),Active,Homo sapiens,Electron microscopy,3.03,2024-11-13,R,G protein,Agonist,0,0,0,calibration,0,0,0,0,0,0,,100,88,0
9IY8,gpr55_human,gpr55,Class A (Rhodopsin),Active,Homo sapiens,Electron microscopy,3.01,2025-01-01,R,G protein,Apo (no ligand),0,0,0,calibration,0,0,0,0,0,0,,100,92,0
9IYA,gpr55_human,gpr55,Class A (Rhodopsin),Active,Homo sapiens,Electron microscopy,3.04,2025-01-01,A,none,Antagonist,0,0,0,calibration,0,0,0,0,0,1,active_label_antagonist_only_no_transducer,56,86,1
8KGK,gpr61_human,gpr61,Class A (Rhodopsin),Active,Homo sapiens,Electron microscopy,3.16,2023-10-11,A,G protein,Apo (no ligand),0,0,0,calibration,0,0,0,0,0,0,,100,57,0
8TB0,gpr61_human,gpr61,Class A (Rhodopsin),Active,Homo sapiens,Electron microscopy,3.47,2023-10-04,R,G protein,Apo (no ligand),0,0,0,calibration,0,0,0,0,0,0,,100,56,0
8TB7,gpr61_human,gpr61,Class A (Rhodopsin),Active,Homo sapiens,Electron microscopy,2.94,2023-10-04,R,none,Inverse agonist,0,0,0,calibration,0,0,0,0,0,1,active_label_antagonist_only_no_transducer,94,47,1
8TF5,gpr6_human,gpr6,Class A (Rhodopsin),Active,Homo sapiens,X-ray diffraction,2.1,2024-12-04,A,none,Inverse agonist,0,1,1,calibration,1,0,0,0,0,1,active_label_antagonist_only_no_transducer,99,73,1
8TYW,gpr6_human,gpr6,Class A (Rhodopsin),Active,Homo sapiens,Electron microscopy,3.43,2024-12-04,A,G protein,Apo (no ligand),0,1,1,calibration,1,0,0,0,0,0,,100,73,0
8G05,gpr84_human,gpr84,Class A (Rhodopsin),Active,Homo sapiens,Electron microscopy,3.0,2023-11-01,R,G protein,Agonist,0,0,0,calibration,0,0,0,0,0,0,,100,72,0
8J18,gpr84_human,gpr84,Class A (Rhodopsin),Active,Homo sapiens,Electron microscopy,2.89,2023-06-21,R,G protein,Agonist,0,0,0,calibration,0,0,0,0,0,0,,100,73,0
8J19,gpr84_human,gpr84,Class A (Rhodopsin),Active,Homo sapiens,Electron microscopy,3.23,2023-06-21,R,G protein,Agonist,0,0,0,calibration,0,0,0,0,0,0,,100,71,0
8J1A,gpr84_human,gpr84,Class A (Rhodopsin),Active,Homo sapiens,Electron microscopy,3.24,2023-06-21,R,G protein,Apo (no ligand),0,0,0,calibration,0,0,0,0,0,0,,100,73,0
7EJX,gpr88_human,gpr88,Class A (Rhodopsin),Active,Homo sapiens,Electron microscopy,2.4,2022-04-13,R,G protein,Allosteric agonist,0,0,0,calibration,0,0,0,0,0,0,,100,60,0
7WZ4,gpr88_human,gpr88,Class A (Rhodopsin),Active,Homo sapiens,Electron microscopy,3.0,2022-10-26,R,G protein,Apo (no ligand),0,0,0,calibration,0,0,0,0,0,0,,100,61,0
7W3Z,grpr_human,grpr,Class A (Rhodopsin),Active,Homo sapiens,Electron microscopy,3.0,2023-02-22,A,G protein,Agonist,1,1,0,application,1,0,0,0,0,0,,100,78,0
7W40,grpr_human,grpr,Class A (Rhodopsin),Active,Homo sapiens,Electron microscopy,3.0,2023-02-22,A,G protein,Agonist,1,1,0,application,1,0,0,0,0,0,,100,78,0
8H0Q,grpr_human,grpr,Class A (Rhodopsin),Active,Homo sapiens,Electron microscopy,3.3,2023-08-09,R,G protein,Agonist,1,1,0,application,1,0,0,0,0,0,,100,77,0
7XK2,hcar2_human,hcar2,Class A (Rhodopsin),Active,Homo sapiens,Electron microscopy,3.1,2023-02-22,R,G protein,Agonist,0,0,0,calibration,0,0,0,0,0,0,,100,78,0
7ZL9,hcar2_human,hcar2,Class A (Rhodopsin),Active,Homo sapiens,X-ray diffraction,2.7,2023-04-12,A,none,Apo (no ligand),0,0,0,calibration,0,0,0,0,0,1,,56,83,1
7ZLY,hcar2_human,hcar2,Class A (Rhodopsin),Active,Homo sapiens,X-ray diffraction,2.7,2023-04-12,A,none,Apo (no ligand),0,0,0,calibration,0,0,0,0,0,1,,56,83,1
8H2G,hcar2_human,hcar2,Class A (Rhodopsin),Active,Homo sapiens,Electron microscopy,3.01,2023-10-11,A,G protein,Agonist,0,0,0,calibration,0,0,0,0,0,0,,100,80,0
8I7V,hcar2_human,hcar2,Class A (Rhodopsin),Active,Homo sapiens,Electron microscopy,2.77,2024-02-07,A,G protein,Agonist,0,0,0,calibration,0,0,0,0,0,0,,100,80,0
8I7W,hcar2_human,hcar2,Class A (Rhodopsin),Active,Homo sapiens,Electron microscopy,3.39,2024-02-07,A,G protein,Agonist,0,0,0,calibration,0,0,0,0,0,0,,100,80,0
8IHB,hcar2_human,hcar2,Class A (Rhodopsin),Active,Homo sapiens,Electron microscopy,2.85,2023-09-13,R,G protein,Agonist,0,0,0,calibration,0,0,0,0,0,0,,100,80,0
8IHF,hcar2_human,hcar2,Class A (Rhodopsin),Active,Homo sapiens,Electron microscopy,2.97,2023-08-30,R,G protein,Agonist,0,0,0,calibration,0,0,0,0,0,0,,100,80,0
8IHH,hcar2_human,hcar2,Class A (Rhodopsin),Active,Homo sapiens,Electron microscopy,3.06,2023-08-30,R,G protein,Agonist,0,0,0,calibration,0,0,0,0,0,0,,100,80,0
8IHI,hcar2_human,hcar2,Class A (Rhodopsin),Active,Homo sapiens,Electron microscopy,3.11,2023-08-30,R,G protein,Agonist,0,0,0,calibration,0,0,0,0,0,0,,100,80,0
8IJ3,hcar2_human,hcar2,Class A (Rhodopsin),Active,Homo sapiens,Electron microscopy,3.28,2024-01-03,A,G protein,Apo (no ligand),0,0,0,calibration,0,0,0,0,0,0,,100,80,0
8IJA,hcar2_human,hcar2,Class A (Rhodopsin),Active,Homo sapiens,Electron microscopy,2.69,2024-01-03,A,G protein,Agonist,0,0,0,calibration,0,0,0,0,0,0,,100,81,0
8IJB,hcar2_human,hcar2,Class A (Rhodopsin),Active,Homo sapiens,Electron microscopy,3.23,2024-01-03,A,G protein,Agonist,0,0,0,calibration,0,0,0,0,0,0,,100,81,0
8IJD,hcar2_human,hcar2,Class A (Rhodopsin),Active,Homo sapiens,Electron microscopy,3.25,2024-01-03,A,G protein,Agonist,0,0,0,calibration,0,0,0,0,0,0,,100,81,0
8IY9,hcar2_human,hcar2,Class A (Rhodopsin),Active,Homo sapiens,Electron microscopy,3.37,2024-03-06,R,G protein,Agonist,0,0,0,calibration,0,0,0,0,0,0,,100,82,0
8IYH,hcar2_human,hcar2,Class A (Rhodopsin),Active,Homo sapiens,Electron microscopy,3.3,2024-03-06,D,G protein,Agonist,0,0,0,calibration,0,0,0,0,0,0,,100,79,0
8IYW,hcar2_human,hcar2,Class A (Rhodopsin),Active,Homo sapiens,Electron microscopy,3.45,2024-03-06,R,G protein,Agonist,0,0,0,calibration,0,0,0,0,0,0,,100,80,0
8J6I,hcar2_human,hcar2,Class A (Rhodopsin),Active,Homo sapiens,Electron microscopy,2.92,2024-04-03,R,G protein,Agonist,0,0,0,calibration,0,0,0,0,0,0,,100,79,0
8J6J,hcar2_human,hcar2,Class A (Rhodopsin),Active,Homo sapiens,Electron microscopy,2.8,2024-01-10,R,G protein,Agonist,0,0,0,calibration,0,0,0,0,0,0,,100,85,0
8J6L,hcar2_human,hcar2,Class A (Rhodopsin),Active,Homo sapiens,Electron microscopy,3.05,2024-04-03,R,G protein,Agonist,0,0,0,calibration,0,0,0,0,0,0,,100,81,0
8J6P,hcar2_human,hcar2,Class A (Rhodopsin),Active,Homo sapiens,Electron microscopy,2.55,2023-12-06,R,G protein,Agonist,0,0,0,calibration,0,0,0,0,0,0,,100,81,0
8J6Q,hcar2_human,hcar2,Class A (Rhodopsin),Active,Homo sapiens,Electron microscopy,2.6,2023-12-06,R,G protein,Agonist,0,0,0,calibration,0,0,0,0,0,0,,100,81,0
8J6R,hcar2_human,hcar2,Class A (Rhodopsin),Active,Homo sapiens,Electron microscopy,2.76,2023-12-06,R,G protein,Agonist,0,0,0,calibration,0,0,0,0,0,0,,100,81,0
8JER,hcar2_human,hcar2,Class A (Rhodopsin),Active,Homo sapiens,Electron microscopy,3.45,2024-03-06,R,G protein,Agonist,0,0,0,calibration,0,0,0,0,0,0,,100,80,0
8JHN,hcar2_human,hcar2,Class A (Rhodopsin),Active,Homo sapiens,Electron microscopy,3.75,2024-03-06,D,G protein,Agonist,0,0,0,calibration,0,0,1,0,0,0,,100,80,0
8JHY,hcar2_human,hcar2,Class A (Rhodopsin),Active,Homo sapiens,Electron microscopy,2.87,2023-09-06,A,G protein,PAM,0,0,0,calibration,0,0,0,0,0,0,,100,80,0
8JII,hcar2_human,hcar2,Class A (Rhodopsin),Active,Homo sapiens,Electron microscopy,3.17,2023-09-06,A,G protein,Agonist|PAM,0,0,0,calibration,0,0,0,0,0,0,,100,80,0
8JIL,hcar2_human,hcar2,Class A (Rhodopsin),Active,Homo sapiens,Electron microscopy,3.5,2023-09-06,A,G protein,Agonist,0,0,0,calibration,0,0,0,0,0,0,,100,79,0
8JIM,hcar2_human,hcar2,Class A (Rhodopsin),Active,Homo sapiens,Electron microscopy,2.98,2023-09-06,E,G protein,Agonist,0,0,0,calibration,0,0,0,0,0,0,,100,80,0
8JZ7,hcar2_human,hcar2,Class A (Rhodopsin),Active,Homo sapiens,Electron microscopy,2.6,2023-10-04,A,G protein,Agonist,0,0,0,calibration,0,0,0,0,0,0,,100,80,0
8K5B,hcar2_human,hcar2,Class A (Rhodopsin),Active,Homo sapiens,Electron microscopy,3.43,2023-11-22,A,none,Agonist,0,0,0,calibration,0,0,0,0,0,1,,99,80,1
8K5C,hcar2_human,hcar2,Class A (Rhodopsin),Active,Homo sapiens,Electron microscopy,3.13,2023-11-22,A,none,Agonist,0,0,0,calibration,0,0,0,0,0,1,,99,80,1
8K5D,hcar2_human,hcar2,Class A (Rhodopsin),Active,Homo sapiens,Electron microscopy,3.74,2023-11-22,A,none,Agonist,0,0,0,calibration,0,0,1,0,0,1,,99,80,1
9IQT,hcar2_human,hcar2,Class A (Rhodopsin),Active,Homo sapiens,Electron microscopy,2.9,2024-10-02,R,G protein,Agonist,0,0,0,calibration,0,0,0,0,0,0,,100,80,0
8IHJ,hcar3_human,hcar3,Class A (Rhodopsin),Active,Homo sapiens,Electron microscopy,3.07,2023-08-30,R,G protein,Agonist,0,0,0,calibration,0,0,0,0,0,0,,100,73,0
8IHK,hcar3_human,hcar3,Class A (Rhodopsin),Active,Homo sapiens,Electron microscopy,3.21,2023-08-30,R,none,Agonist,0,0,0,calibration,0,0,0,0,0,1,,99,73,1
8JEF,hcar3_human,hcar3,Class A (Rhodopsin),Active,Homo sapiens,Electron microscopy,2.96,2024-12-18,A,G protein,Agonist,0,0,0,calibration,0,0,0,0,0,0,,100,73,0
8JEI,hcar3_human,hcar3,Class A (Rhodopsin),Active,Homo sapiens,Electron microscopy,2.73,2024-11-20,A,G protein,Agonist,0,0,0,calibration,0,0,0,0,0,0,,100,74,0
7DFL,hrh1_human,hrh1,Class A (Rhodopsin),Active,Homo sapiens,Electron microscopy,3.3,2021-03-31,R,G protein,Agonist,1,1,1,application,1,0,0,0,0,0,,100,56,0
8YN2,hrh1_human,hrh1,Class A (Rhodopsin),Active,Homo sapiens,Electron microscopy,2.66,2024-10-09,R,G protein,Agonist,1,1,1,application,1,0,0,0,0,0,,100,56,0
8POK,hrh2_human,hrh2,Class A (Rhodopsin),Active,Homo sapiens,Electron microscopy,3.4,2024-03-06,A,G protein,Agonist,0,1,1,calibration,1,0,0,0,0,0,,100,77,0
8YN3,hrh2_human,hrh2,Class A (Rhodopsin),Active,Homo sapiens,Electron microscopy,2.56,2024-10-09,R,G protein,Agonist,0,1,1,calibration,1,0,0,0,0,0,,100,78,0
8YN4,hrh2_human,hrh2,Class A (Rhodopsin),Active,Homo sapiens,Electron microscopy,2.97,2024-10-09,R,G protein,Agonist,0,1,1,calibration,1,0,0,0,0,0,,100,75,0
8YUT,hrh2_human,hrh2,Class A (Rhodopsin),Active,Homo sapiens,Electron microscopy,2.7,2024-06-05,R,G protein,Agonist,0,1,1,calibration,1,0,0,0,0,0,,100,82,0
8YN5,hrh3_human,hrh3,Class A (Rhodopsin),Active,Homo sapiens,Electron microscopy,2.7,2024-10-09,R,G protein,Agonist,1,1,1,application,1,0,0,0,0,0,,100,65,0
8YN6,hrh3_human,hrh3,Class A (Rhodopsin),Active,Homo sapiens,Electron microscopy,2.77,2024-10-09,R,G protein,Agonist,1,1,1,application,1,0,0,0,0,0,,100,65,0
8YN7,hrh3_human,hrh3,Class A (Rhodopsin),Active,Homo sapiens,Electron microscopy,2.77,2024-10-16,R,G protein,Agonist,1,1,1,application,1,0,0,0,0,0,,100,64,0
8YN8,hrh3_human,hrh3,Class A (Rhodopsin),Active,Homo sapiens,Electron microscopy,2.77,2024-10-16,R,G protein,Agonist,1,1,1,application,1,0,0,0,0,0,,100,64,0
8YUU,hrh3_human,hrh3,Class A (Rhodopsin),Active,Homo sapiens,Electron microscopy,2.7,2024-06-05,R,G protein,Agonist,1,1,1,application,1,0,0,0,0,0,,100,65,0
8YUV,hrh3_human,hrh3,Class A (Rhodopsin),Active,Homo sapiens,Electron microscopy,3.0,2024-06-05,R,G protein,Agonist,1,1,1,application,1,0,0,0,0,0,,100,65,0
7YFC,hrh4_human,hrh4,Class A (Rhodopsin),Active,Homo sapiens,Electron microscopy,3.0,2023-10-25,R,G protein,Agonist,0,0,0,calibration,0,0,0,0,0,0,,100,67,0
7YFD,hrh4_human,hrh4,Class A (Rhodopsin),Active,Homo sapiens,Electron microscopy,3.1,2023-10-25,R,G protein,Agonist,0,0,0,calibration,0,0,0,0,0,0,,100,67,0
8HN8,hrh4_human,hrh4,Class A (Rhodopsin),Active,Homo sapiens,Electron microscopy,3.0,2023-12-20,R,G protein,Agonist,0,0,0,calibration,0,0,0,0,0,0,,100,71,0
8HOC,hrh4_human,hrh4,Class A (Rhodopsin),Active,Homo sapiens,Electron microscopy,3.0,2023-12-20,R,G protein,Agonist,0,0,0,calibration,0,0,0,0,0,0,,100,71,0
8JXT,hrh4_human,hrh4,Class A (Rhodopsin),Active,Homo sapiens,Electron microscopy,3.07,2024-03-20,R,G protein,Agonist,0,0,0,calibration,0,0,0,0,0,0,,100,69,0
8JXV,hrh4_human,hrh4,Class A (Rhodopsin),Active,Homo sapiens,Electron microscopy,3.21,2024-03-20,R,G protein,Agonist,0,0,0,calibration,0,0,0,0,0,0,,100,68,0
8JXW,hrh4_human,hrh4,Class A (Rhodopsin),Active,Homo sapiens,Electron microscopy,3.01,2024-03-20,R,G protein,Agonist,0,0,0,calibration,0,0,0,0,0,0,,100,69,0
8JXX,hrh4_human,hrh4,Class A (Rhodopsin),Active,Homo sapiens,Electron microscopy,3.06,2024-03-20,R,G protein,Agonist,0,0,0,calibration,0,0,0,0,0,0,,100,67,0
8YN9,hrh4_human,hrh4,Class A (Rhodopsin),Active,Homo sapiens,Electron microscopy,2.3,2024-10-09,R,G protein,Agonist,0,0,0,calibration,0,0,0,0,0,0,,100,71,0
8YNA,hrh4_human,hrh4,Class A (Rhodopsin),Active,Homo sapiens,Electron microscopy,2.63,2024-10-09,R,G protein,Agonist,0,0,0,calibration,0,0,0,0,0,0,,100,71,0
8XGO,kissr_human,kissr,Class A (Rhodopsin),Active,Homo sapiens,Electron microscopy,2.68,2024-10-30,A,G protein,Agonist,0,0,0,calibration,0,0,0,0,0,0,,100,75,0
8XGS,kissr_human,kissr,Class A (Rhodopsin),Active,Homo sapiens,Electron microscopy,2.95,2024-10-30,A,G protein,Agonist,0,0,0,calibration,0,0,0,0,0,0,,100,74,0
8XGU,kissr_human,kissr,Class A (Rhodopsin),Active,Homo sapiens,Electron microscopy,3.0,2024-10-30,A,G protein,Agonist,0,0,0,calibration,0,0,0,0,0,0,,100,72,0
8ZJD,kissr_human,kissr,Class A (Rhodopsin),Active,Homo sapiens,Electron microscopy,3.06,2024-07-03,R,G protein,Agonist,0,0,0,calibration,0,0,0,0,0,0,,100,72,0
8ZJE,kissr_human,kissr,Class A (Rhodopsin),Active,Homo sapiens,Electron microscopy,3.07,2024-07-03,R,G protein,Agonist,0,0,0,calibration,0,0,0,0,0,0,,100,70,0
7TD0,lpar1_human,lpar1,Class A (Rhodopsin),Active,Homo sapiens,Electron microscopy,2.83,2022-02-09,R,G protein,Agonist,1,1,0,application,1,0,0,0,0,0,,100,80,0
7TD1,lpar1_human,lpar1,Class A (Rhodopsin),Active,Homo sapiens,Electron microscopy,3.08,2022-02-09,R,G protein,Agonist,1,1,0,application,1,0,0,0,0,0,,100,80,0
7TD2,lpar1_human,lpar1,Class A (Rhodopsin),Active,Homo sapiens,Electron microscopy,3.11,2022-02-09,R,G protein,Agonist,1,1,0,application,1,0,0,0,0,0,,100,80,0
7YU3,lpar1_human,lpar1,Class A (Rhodopsin),Active,Homo sapiens,Electron microscopy,3.4,2022-10-05,R,G protein,Agonist,1,1,0,application,1,0,0,0,0,0,,100,80,0
7YU4,lpar1_human,lpar1,Class A (Rhodopsin),Active,Homo sapiens,Electron microscopy,3.3,2022-10-05,A,none,Agonist,1,1,0,application,1,0,0,0,0,1,,99,73,1
7YU5,lpar1_human,lpar1,Class A (Rhodopsin),Active,Homo sapiens,Electron microscopy,3.3,2022-10-05,R,G protein,Agonist,1,1,0,application,1,0,0,0,0,0,,100,80,0
7YU6,lpar1_human,lpar1,Class A (Rhodopsin),Active,Homo sapiens,Electron microscopy,3.5,2022-10-05,R,G protein,Agonist,1,1,0,application,1,0,0,0,0,0,,100,80,0
7YU7,lpar1_human,lpar1,Class A (Rhodopsin),Active,Homo sapiens,Electron microscopy,3.8,2022-10-05,R,G protein,Agonist,1,1,0,application,1,0,1,0,0,0,,100,80,0
7YU8,lpar1_human,lpar1,Class A (Rhodopsin),Active,Homo sapiens,Electron microscopy,4.5,2022-10-05,R,G protein,Agonist,1,1,0,application,1,0,1,0,0,0,,100,80,0
9IZF,lpar1_human,lpar1,Class A (Rhodopsin),Active,Homo sapiens,Electron microscopy,3.14,2025-01-01,R,G protein,Agonist,1,1,0,application,1,0,0,0,0,0,,100,80,0
9IZG,lpar1_human,lpar1,Class A (Rhodopsin),Active,Homo sapiens,Electron microscopy,3.04,2025-01-01,R,G protein,Agonist,1,1,0,application,1,0,0,0,0,0,,100,82,0
9IZH,lpar1_human,lpar1,Class A (Rhodopsin),Active,Homo sapiens,Electron microscopy,3.04,2025-01-01,R,G protein,Agonist,1,1,0,application,1,0,0,0,0,0,,100,82,0
9J5V,lpar1_human,lpar1,Class A (Rhodopsin),Active,Homo sapiens,Electron microscopy,2.86,2024-11-27,R,G protein,Agonist,1,1,0,application,1,0,0,0,0,0,,100,80,0
7FIG,lshr_human,lshr,Class A (Rhodopsin),Active,Homo sapiens,Electron microscopy,3.9,2021-09-29,R,G protein,Agonist,1,1,1,application,1,0,1,0,0,0,,100,79,0
7FIH,lshr_human,lshr,Class A (Rhodopsin),Active,Homo sapiens,Electron microscopy,3.2,2021-09-29,R,G protein,Agonist|Allosteric agonist,1,1,1,application,1,0,0,0,0,0,,100,79,0
7FII,lshr_human,lshr,Class A (Rhodopsin),Active,Homo sapiens,Electron microscopy,4.3,2021-09-29,R,G protein,Agonist,1,1,1,application,1,0,1,0,0,0,,100,82,0
7VKT,lt4r1_human,lt4r1,Class A (Rhodopsin),Active,Homo sapiens,Electron microscopy,2.9,2022-03-09,A,G protein,Agonist,1,1,0,application,1,0,0,0,0,0,,100,82,0
8IOC,mc3r_human,mc3r,Class A (Rhodopsin),Active,Homo sapiens,Electron microscopy,2.86,2023-09-20,R,G protein,Agonist,0,0,0,calibration,0,0,0,0,0,0,,100,84,0
7AUE,mc4r_human,mc4r,Class A (Rhodopsin),Active,Homo sapiens,Electron microscopy,2.97,2021-04-28,R,G protein,Agonist,0,0,0,calibration,0,0,0,0,0,0,,100,79,0
7F53,mc4r_human,mc4r,Class A (Rhodopsin),Active,Homo sapiens,Electron microscopy,3.0,2021-11-03,R,G protein,Agonist,0,0,0,calibration,0,0,0,0,0,0,,100,82,0
7F54,mc4r_human,mc4r,Class A (Rhodopsin),Active,Homo sapiens,Electron microscopy,3.0,2021-11-03,R,G protein,Agonist,0,0,0,calibration,0,0,0,0,0,0,,100,82,0
7F55,mc4r_human,mc4r,Class A (Rhodopsin),Active,Homo sapiens,Electron microscopy,3.1,2021-11-03,R,G protein,Agonist,0,0,0,calibration,0,0,0,0,0,0,,100,82,0
7F58,mc4r_human,mc4r,Class A (Rhodopsin),Active,Homo sapiens,Electron microscopy,3.1,2021-11-03,R,G protein,Agonist,0,0,0,calibration,0,0,0,0,0,0,,100,82,0
7PIU,mc4r_human,mc4r,Class A (Rhodopsin),Active,Homo sapiens,Electron microscopy,2.58,2021-11-17,R,G protein,Agonist,0,0,0,calibration,0,0,0,0,0,0,,100,78,0
7PIV,mc4r_human,mc4r,Class A (Rhodopsin),Active,Homo sapiens,Electron microscopy,2.86,2021-11-17,R,G protein,Agonist,0,0,0,calibration,0,0,0,0,0,0,,100,78,0
8QJ2,mc4r_human,mc4r,Class A (Rhodopsin),Active,Homo sapiens,Electron microscopy,3.4,2024-09-25,A,G protein,Apo (no ligand),0,0,0,calibration,0,0,0,0,0,0,,100,74,0
8INR,mc5r_human,mc5r,Class A (Rhodopsin),Active,Homo sapiens,Electron microscopy,2.73,2023-09-20,R,G protein,Agonist,0,0,0,calibration,0,0,0,0,0,0,,100,83,0
8IOD,mc5r_human,mc5r,Class A (Rhodopsin),Active,Homo sapiens,Electron microscopy,2.59,2023-09-20,R,G protein,Agonist,0,0,0,calibration,0,0,0,0,0,0,,100,83,0
8WSS,mchr1_human,mchr1,Class A (Rhodopsin),Active,Homo sapiens,Electron microscopy,3.01,2024-06-19,R,G protein,Agonist,1,1,1,application,1,0,0,0,0,0,,100,67,0
8WWH,mchr1_human,mchr1,Class A (Rhodopsin),Active,Homo sapiens,Electron microscopy,2.84,2024-11-13,R,G protein,Apo (no ligand),1,1,1,application,1,0,0,0,0,0,,100,68,0
8WWI,mchr1_human,mchr1,Class A (Rhodopsin),Active,Homo sapiens,Electron microscopy,3.43,2024-11-13,R,G protein,Apo (no ligand),1,1,1,application,1,0,0,0,0,0,,100,68,0
8WWJ,mchr1_human,mchr1,Class A (Rhodopsin),Active,Homo sapiens,Electron microscopy,3.03,2024-11-13,R,G protein,Apo (no ligand),1,1,1,application,1,0,0,0,0,0,,100,68,0
8WWK,mchr1_human,mchr1,Class A (Rhodopsin),Active,Homo sapiens,Electron microscopy,2.61,2024-11-13,R,G protein,Agonist,1,1,1,application,1,0,0,0,0,0,,100,68,0
8WWL,mchr1_human,mchr1,Class A (Rhodopsin),Active,Homo sapiens,Electron microscopy,2.78,2024-11-13,R,G protein,Agonist,1,1,1,application,1,0,0,0,0,0,,100,68,0
8WWM,mchr1_human,mchr1,Class A (Rhodopsin),Active,Homo sapiens,Electron microscopy,2.81,2024-11-13,R,G protein,Agonist,1,1,1,application,1,0,0,0,0,0,,100,68,0
8WWN,mchr1_human,mchr1,Class A (Rhodopsin),Active,Homo sapiens,Electron microscopy,2.65,2024-11-13,R,G protein,Agonist,1,1,1,application,1,0,0,0,0,0,,100,68,0
8WST,mchr2_human,mchr2,Class A (Rhodopsin),Active,Homo sapiens,Electron microscopy,2.4,2024-06-19,R,G protein,Agonist,0,0,0,calibration,0,0,0,0,0,0,,100,84,0
7Y12,mrgrd_human,mrgrd,Class A (Rhodopsin),Active,Homo sapiens,Electron microscopy,3.1,2022-07-20,R,G protein,Agonist,0,0,0,calibration,0,0,0,0,0,0,,100,82,0
7Y15,mrgrd_human,mrgrd,Class A (Rhodopsin),Active,Homo sapiens,Electron microscopy,2.9,2022-07-20,R,G protein,Apo (no ligand),0,0,0,calibration,0,0,0,0,0,0,,100,82,0
9DQH,mrgrd_human,mrgrd,Class A (Rhodopsin),Active,Homo sapiens,Electron microscopy,2.92,2024-12-11,A,G protein,Agonist,0,0,0,calibration,0,0,0,0,0,0,,100,79,0
9DQJ,mrgrd_human,mrgrd,Class A (Rhodopsin),Active,Homo sapiens,Electron microscopy,2.9,2024-12-11,A,G protein,Agonist,0,0,0,calibration,0,0,0,0,0,0,,100,79,0
8DWC,mrgx1_human,mrgx1,Class A (Rhodopsin),Active,Homo sapiens,Electron microscopy,2.87,2022-11-02,R,G protein,Agonist,0,0,0,calibration,0,0,0,0,0,0,,100,78,0
8DWG,mrgx1_human,mrgx1,Class A (Rhodopsin),Active,Homo sapiens,Electron microscopy,2.71,2022-11-02,R,G protein,Agonist|PAM,0,0,0,calibration,0,0,0,0,0,0,,100,77,0
8DWH,mrgx1_human,mrgx1,Class A (Rhodopsin),Active,Homo sapiens,Electron microscopy,3.25,2022-11-02,R,G protein,Agonist,0,0,0,calibration,0,0,0,0,0,0,,100,77,0
8HJ5,mrgx1_human,mrgx1,Class A (Rhodopsin),Active,Homo sapiens,Electron microscopy,3.0,2023-05-31,F,G protein,Agonist,0,0,0,calibration,0,0,0,0,0,0,,100,78,0
8JGB,mrgx1_human,mrgx1,Class A (Rhodopsin),Active,Homo sapiens,Electron microscopy,2.84,2024-01-10,R,G protein,Agonist,0,0,0,calibration,0,0,0,0,0,0,,100,67,0
8JGF,mrgx1_human,mrgx1,Class A (Rhodopsin),Active,Homo sapiens,Electron microscopy,2.7,2024-01-10,R,G protein,Agonist,0,0,0,calibration,0,0,0,0,0,0,,100,73,0
8JGG,mrgx1_human,mrgx1,Class A (Rhodopsin),Active,Homo sapiens,Electron microscopy,3.0,2024-01-10,R,G protein,Agonist,0,0,0,calibration,0,0,0,0,0,0,,100,69,0
7S8L,mrgx2_human,mrgx2,Class A (Rhodopsin),Active,Homo sapiens,Electron microscopy,2.45,2021-11-17,R,G protein,Agonist,0,0,0,calibration,0,0,0,0,0,0,,100,76,0
7S8M,mrgx2_human,mrgx2,Class A (Rhodopsin),Active,Homo sapiens,Electron microscopy,2.54,2021-11-17,R,G protein,Agonist,0,0,0,calibration,0,0,0,0,0,0,,100,77,0
7S8N,mrgx2_human,mrgx2,Class A (Rhodopsin),Active,Homo sapiens,Electron microscopy,2.9,2021-11-17,R,G protein,Agonist,0,0,0,calibration,0,0,0,0,0,0,,100,76,0
7S8O,mrgx2_human,mrgx2,Class A (Rhodopsin),Active,Homo sapiens,Electron microscopy,2.58,2021-11-17,R,G protein,Agonist,0,0,0,calibration,0,0,0,0,0,0,,100,78,0
7VDH,mrgx2_human,mrgx2,Class A (Rhodopsin),Active,Homo sapiens,Electron microscopy,2.9,2021-12-01,R,G protein,Agonist,0,0,0,calibration,0,0,0,0,0,0,,100,81,0
7VDL,mrgx2_human,mrgx2,Class A (Rhodopsin),Active,Homo sapiens,Electron microscopy,3.22,2021-12-01,R,G protein,Agonist,0,0,0,calibration,0,0,0,0,0,0,,100,78,0
7VDM,mrgx2_human,mrgx2,Class A (Rhodopsin),Active,Homo sapiens,Electron microscopy,2.98,2021-12-01,R,G protein,Agonist,0,0,0,calibration,0,0,0,0,0,0,,100,77,0
7VUY,mrgx2_human,mrgx2,Class A (Rhodopsin),Active,Homo sapiens,Electron microscopy,2.84,2021-12-01,R,G protein,Agonist,0,0,0,calibration,0,0,0,0,0,0,,100,78,0
7VUZ,mrgx2_human,mrgx2,Class A (Rhodopsin),Active,Homo sapiens,Electron microscopy,2.89,2021-12-01,R,G protein,Agonist,0,0,0,calibration,0,0,0,0,0,0,,100,76,0
7VV0,mrgx2_human,mrgx2,Class A (Rhodopsin),Active,Homo sapiens,Electron microscopy,3.5,2021-12-01,R,none,Agonist,0,0,0,calibration,0,0,0,0,0,1,,98,80,1
7VV3,mrgx2_human,mrgx2,Class A (Rhodopsin),Active,Homo sapiens,Electron microscopy,2.97,2021-12-01,R,G protein,Agonist,0,0,0,calibration,0,0,0,0,0,0,,100,79,0
7VV4,mrgx2_human,mrgx2,Class A (Rhodopsin),Active,Homo sapiens,Electron microscopy,2.97,2021-12-01,R,none,Agonist,0,0,0,calibration,0,0,0,0,0,1,,98,80,1
7VV5,mrgx2_human,mrgx2,Class A (Rhodopsin),Active,Homo sapiens,Electron microscopy,2.76,2021-12-01,R,G protein,Agonist,0,0,0,calibration,0,0,0,0,0,0,,100,81,0
7VV6,mrgx2_human,mrgx2,Class A (Rhodopsin),Active,Homo sapiens,Electron microscopy,3.3,2021-12-01,R,none,Agonist,0,0,0,calibration,0,0,0,0,0,1,,98,82,1
7S8P,mrgx4_human,mrgx4,Class A (Rhodopsin),Active,Homo sapiens,Electron microscopy,2.6,2021-11-17,R,G protein,Agonist,0,0,0,calibration,0,0,0,0,0,0,,100,77,0
8K4S,mrgx4_human,mrgx4,Class A (Rhodopsin),Active,Homo sapiens,Electron microscopy,2.9,2024-11-06,E,G protein,Agonist,0,0,0,calibration,0,0,0,0,0,0,,100,79,0
8KEX,mrgx4_human,mrgx4,Class A (Rhodopsin),Active,Homo sapiens,Electron microscopy,3.2,2024-11-06,E,none,Agonist,0,0,0,calibration,0,0,0,0,0,1,,98,79,1
8YRG,mrgx4_human,mrgx4,Class A (Rhodopsin),Active,Homo sapiens,Electron microscopy,3.14,2024-05-22,R,G protein,Agonist,0,0,0,calibration,0,0,0,0,0,0,,100,74,0
7F4D,mshr_human,mshr,Class A (Rhodopsin),Active,Homo sapiens,Electron microscopy,3.0,2021-09-08,R,G protein,Agonist,0,0,0,calibration,0,0,0,0,0,0,,100,83,0
7F4F,mshr_human,mshr,Class A (Rhodopsin),Active,Homo sapiens,Electron microscopy,2.9,2021-09-08,R,G protein,Agonist,0,0,0,calibration,0,0,0,0,0,0,,100,85,0
7F4H,mshr_human,mshr,Class A (Rhodopsin),Active,Homo sapiens,Electron microscopy,2.7,2021-09-08,R,G protein,Agonist,0,0,0,calibration,0,0,0,0,0,0,,100,84,0
7F4I,mshr_human,mshr,Class A (Rhodopsin),Active,Homo sapiens,Electron microscopy,3.1,2021-09-08,R,G protein,Agonist,0,0,0,calibration,0,0,0,0,0,0,,100,84,0
8IBU,mtlr_human,mtlr,Class A (Rhodopsin),Active,Homo sapiens,Electron microscopy,3.51,2023-04-12,R,G protein,Agonist,0,0,0,calibration,0,0,1,0,0,0,,100,66,0
8IBV,mtlr_human,mtlr,Class A (Rhodopsin),Active,Homo sapiens,Electron microscopy,3.19,2023-04-12,R,G protein,Agonist,0,0,0,calibration,0,0,0,0,0,0,,100,68,0
7DB6,mtr1a_human,mtr1a,Class A (Rhodopsin),Active,Homo sapiens,Electron microscopy,3.3,2021-08-18,D,G protein,Agonist,0,1,1,calibration,1,0,0,0,0,0,,100,79,0
7VGY,mtr1a_human,mtr1a,Class A (Rhodopsin),Active,Homo sapiens,Electron microscopy,3.1,2022-03-02,A,G protein,Agonist,0,1,1,calibration,1,0,0,0,0,0,,100,80,0
7VGZ,mtr1a_human,mtr1a,Class A (Rhodopsin),Active,Homo sapiens,Electron microscopy,3.3,2022-03-02,B,G protein,Agonist,0,1,1,calibration,1,0,0,0,0,0,,100,81,0
7VH0,mtr1b_human,mtr1b,Class A (Rhodopsin),Active,Homo sapiens,Electron microscopy,3.46,2022-03-02,A,G protein,Agonist,0,1,0,calibration,1,0,0,0,0,0,,100,75,0
7P00,nk1r_human,nk1r,Class A (Rhodopsin),Active,Homo sapiens,Electron microscopy,2.71,2021-12-15,R,G protein,Agonist,0,1,1,calibration,1,0,0,0,0,0,,100,71,0
7P02,nk1r_human,nk1r,Class A (Rhodopsin),Active,Homo sapiens,Electron microscopy,2.87,2021-12-15,R,G protein,Agonist,0,1,1,calibration,1,0,0,0,0,0,,100,71,0
7RMG,nk1r_human,nk1r,Class A (Rhodopsin),Active,Homo sapiens,Electron microscopy,3.0,2021-11-03,R,G protein,Agonist,0,1,1,calibration,1,0,0,0,0,0,,100,71,0
7RMH,nk1r_human,nk1r,Class A (Rhodopsin),Active,Homo sapiens,Electron microscopy,3.1,2021-11-03,R,G protein,Agonist,0,1,1,calibration,1,0,0,0,0,0,,100,70,0
7RMI,nk1r_human,nk1r,Class A (Rhodopsin),Active,Homo sapiens,Electron microscopy,3.2,2021-11-03,R,G protein,Agonist,0,1,1,calibration,1,0,0,0,0,0,,100,70,0
8U26,nk1r_human,nk1r,Class A (Rhodopsin),Active,Homo sapiens,Electron microscopy,2.5,2023-11-15,R,G protein,Agonist,0,1,1,calibration,1,0,0,0,0,0,,100,70,0
7XWO,nk2r_human,nk2r,Class A (Rhodopsin),Active,Homo sapiens,Electron microscopy,2.7,2023-05-31,B,G protein,Agonist,0,0,0,calibration,0,0,0,0,0,0,,100,68,0
8JBF,nk3r_human,nk3r,Class A (Rhodopsin),Active,Homo sapiens,Electron microscopy,3.0,2024-02-28,B,G protein,Agonist,0,0,0,calibration,0,0,0,0,0,0,,100,61,0
8JBG,nk3r_human,nk3r,Class A (Rhodopsin),Active,Homo sapiens,Electron microscopy,2.8,2024-02-07,B,G protein,Agonist,0,0,0,calibration,0,0,0,0,0,0,,100,60,0
8JBH,nk3r_human,nk3r,Class A (Rhodopsin),Active,Homo sapiens,Electron microscopy,2.9,2024-02-07,B,G protein,Agonist,0,0,0,calibration,0,0,0,0,0,0,,100,59,0
8H0P,nmbr_human,nmbr,Class A (Rhodopsin),Active,Homo sapiens,Electron microscopy,3.15,2023-08-09,R,G protein,Agonist,0,0,0,calibration,0,0,0,0,0,0,,100,75,0
7W53,nmur1_human,nmur1,Class A (Rhodopsin),Active,Homo sapiens,Electron microscopy,3.2,2022-04-20,R,G protein,Agonist,0,0,0,calibration,0,0,0,0,0,0,,100,62,0
7W56,nmur1_human,nmur1,Class A (Rhodopsin),Active,Homo sapiens,Electron microscopy,2.9,2022-04-20,R,G protein,Agonist,0,0,0,calibration,0,0,0,0,0,0,,100,65,0
7W55,nmur2_human,nmur2,Class A (Rhodopsin),Active,Homo sapiens,Electron microscopy,2.8,2022-04-20,R,G protein,Agonist,0,0,0,calibration,0,0,0,0,0,0,,100,73,0
7W57,nmur2_human,nmur2,Class A (Rhodopsin),Active,Homo sapiens,Electron microscopy,3.2,2022-04-20,R,G protein,Agonist,0,0,0,calibration,0,0,0,0,0,0,,100,72,0
7XK8,nmur2_human,nmur2,Class A (Rhodopsin),Active,Homo sapiens,Electron microscopy,3.3,2023-02-22,R,G protein,Agonist,0,0,0,calibration,0,0,0,0,0,0,,100,68,0
7VGX,npy1r_human,npy1r,Class A (Rhodopsin),Active,Homo sapiens,Electron microscopy,3.2,2022-02-23,R,G protein,Agonist,1,1,0,application,1,0,0,0,0,0,,100,73,0
7X9A,npy1r_human,npy1r,Class A (Rhodopsin),Active,Homo sapiens,Electron microscopy,3.2,2022-05-18,R,G protein,Agonist,1,1,0,application,1,0,0,0,0,0,,100,80,0
8K6M,npy1r_human,npy1r,Class A (Rhodopsin),Active,Homo sapiens,Electron microscopy,3.3,2024-07-31,D,G protein,Agonist,1,1,0,application,1,0,0,0,0,0,,100,78,0
8K6O,npy1r_human,npy1r,Class A (Rhodopsin),Active,Homo sapiens,Electron microscopy,3.3,2024-07-31,D,G protein,Agonist,1,1,0,application,1,0,0,0,0,0,,100,78,0
7X9B,npy2r_human,npy2r,Class A (Rhodopsin),Active,Homo sapiens,Electron microscopy,3.4,2022-05-18,R,G protein,Agonist,1,1,1,application,1,0,0,0,0,0,,100,79,0
7YON,npy2r_human,npy2r,Class A (Rhodopsin),Active,Homo sapiens,Electron microscopy,2.95,2023-03-22,R,G protein,Agonist,1,1,1,application,1,0,0,0,0,0,,100,79,0
7YOO,npy2r_human,npy2r,Class A (Rhodopsin),Active,Homo sapiens,Electron microscopy,3.11,2023-03-22,R,none,Agonist,1,1,1,application,1,0,0,0,0,1,,96,79,1
8K6N,npy2r_human,npy2r,Class A (Rhodopsin),Active,Homo sapiens,Electron microscopy,3.2,2024-07-31,E,G protein,Agonist,1,1,1,application,1,0,0,0,0,0,,100,79,0
7X9C,npy4r_human,npy4r,Class A (Rhodopsin),Active,Homo sapiens,Electron microscopy,3.0,2022-05-18,R,G protein,Agonist,0,0,0,calibration,0,0,0,0,0,0,,100,81,0
6OS9,ntr1_human,ntr1,Class A (Rhodopsin),Active,Homo sapiens,Electron microscopy,3.0,2019-07-10,R,G protein,Agonist,0,1,1,calibration,1,0,0,0,0,0,,100,73,0
6OSA,ntr1_human,ntr1,Class A (Rhodopsin),Active,Homo sapiens,Electron microscopy,3.0,2019-07-10,R,G protein,Agonist,0,1,1,calibration,1,0,0,0,0,0,,100,77,0
6PWC,ntr1_human,ntr1,Class A (Rhodopsin),Active,Homo sapiens,Electron microscopy,4.9,2019-12-04,R,Arrestin,Agonist,0,1,1,calibration,1,0,1,0,1,0,,100,77,0
6UP7,ntr1_human,ntr1,Class A (Rhodopsin),Active,Homo sapiens,Electron microscopy,4.2,2020-02-26,R,Arrestin,Agonist,0,1,1,calibration,1,0,1,0,1,0,,100,77,0
8JPB,ntr1_human,ntr1,Class A (Rhodopsin),Active,Homo sapiens,Electron microscopy,3.07,2023-08-09,R,G protein,Agonist|PAM,0,1,1,calibration,1,0,0,0,0,0,,100,71,0
8JPC,ntr1_human,ntr1,Class A (Rhodopsin),Active,Homo sapiens,Electron microscopy,3.07,2023-08-09,R,G protein,Agonist|PAM,0,1,1,calibration,1,0,0,0,0,0,,100,71,0
8JPF,ntr1_human,ntr1,Class A (Rhodopsin),Active,Homo sapiens,Electron microscopy,3.02,2023-08-09,R,none,Agonist|PAM,0,1,1,calibration,1,0,0,0,0,1,,83,71,1
4GRV,ntr1_rat,ntr1,Class A (Rhodopsin),Active,Rattus norvegicus,X-ray diffraction,2.8,2012-10-17,A,none,Agonist,0,1,1,calibration,1,0,0,1,0,1,,83,69,1
4XEE,ntr1_rat,ntr1,Class A (Rhodopsin),Active,Rattus norvegicus,X-ray diffraction,2.9,2015-07-29,A,none,Agonist,0,1,1,calibration,1,0,0,1,0,1,,83,71,1
4XES,ntr1_rat,ntr1,Class A (Rhodopsin),Active,Rattus norvegicus,X-ray diffraction,2.6,2015-07-29,A,none,Agonist,0,1,1,calibration,1,0,0,1,0,1,,83,72,1
5T04,ntr1_rat,ntr1,Class A (Rhodopsin),Active,Rattus norvegicus,X-ray diffraction,3.3,2016-12-21,A,none,Agonist,0,1,1,calibration,1,0,0,1,0,1,,83,69,1
7L0P,ntr1_rat,ntr1,Class A (Rhodopsin),Active,Rattus norvegicus,Electron microscopy,4.1,2021-01-06,C,G protein,Agonist,0,1,1,calibration,1,0,1,1,0,0,,100,73,0
7L0Q,ntr1_rat,ntr1,Class A (Rhodopsin),Active,Rattus norvegicus,Electron microscopy,4.3,2021-01-06,C,G protein,Agonist,0,1,1,calibration,1,0,1,1,0,0,,100,73,0
7L0R,ntr1_rat,ntr1,Class A (Rhodopsin),Active,Rattus norvegicus,Electron microscopy,4.2,2021-01-06,C,G protein,Agonist,0,1,1,calibration,1,0,1,1,0,0,,100,73,0
7L0S,ntr1_rat,ntr1,Class A (Rhodopsin),Active,Rattus norvegicus,Electron microscopy,4.5,2021-01-06,C,G protein,Agonist,0,1,1,calibration,1,0,1,1,0,0,,100,73,0
8FMZ,ntr1_rat,ntr1,Class A (Rhodopsin),Active,Rattus norvegicus,Electron microscopy,2.59,2023-03-29,A,G protein,Agonist,0,1,1,calibration,1,0,0,1,0,0,,100,66,0
8FN0,ntr1_rat,ntr1,Class A (Rhodopsin),Active,Rattus norvegicus,Electron microscopy,2.89,2023-03-29,A,G protein,Agonist|PAM,0,1,1,calibration,1,0,0,1,0,0,,100,67,0
8FN1,ntr1_rat,ntr1,Class A (Rhodopsin),Active,Rattus norvegicus,Electron microscopy,2.88,2023-03-29,A,G protein,Agonist,0,1,1,calibration,1,0,0,1,0,0,,100,66,0
6PT2,oprd_human,oprd,Class A (Rhodopsin),Active,Homo sapiens,X-ray diffraction,2.8,2019-12-11,A,none,Agonist,1,1,0,application,1,0,0,0,0,1,,69,78,1
6PT3,oprd_human,oprd,Class A (Rhodopsin),Active,Homo sapiens,X-ray diffraction,3.3,2019-12-11,A,none,Agonist,1,1,0,application,1,0,0,0,0,1,,69,78,1
8F7S,oprd_human,oprd,Class A (Rhodopsin),Active,Homo sapiens,Electron microscopy,3.0,2022-12-14,R,G protein,Agonist,1,1,0,application,1,0,0,0,0,0,,100,78,0
8Y45,oprd_human,oprd,Class A (Rhodopsin),Active,Homo sapiens,Electron microscopy,3.45,2024-11-27,A,G protein,Agonist,1,1,0,application,1,0,0,0,0,0,,100,77,0
6B73,oprk_human,oprk,Class A (Rhodopsin),Active,Homo sapiens,X-ray diffraction,3.1,2018-01-17,A,none,Agonist,1,1,1,application,1,0,0,0,0,1,,100,73,0
7Y1F,oprk_human,oprk,Class A (Rhodopsin),Active,Homo sapiens,Electron microscopy,3.3,2023-05-24,R,G protein,Agonist,1,1,1,application,1,0,0,0,0,0,,100,75,0
7YIT,oprk_human,oprk,Class A (Rhodopsin),Active,Homo sapiens,X-ray diffraction,3.3,2023-04-12,A,none,Agonist,1,1,1,application,1,0,0,0,0,1,,100,74,0
8DZP,oprk_human,oprk,Class A (Rhodopsin),Active,Homo sapiens,Electron microscopy,2.71,2023-05-03,A,G protein,Agonist,1,1,1,application,1,0,0,0,0,0,,100,74,0
8DZQ,oprk_human,oprk,Class A (Rhodopsin),Active,Homo sapiens,Electron microscopy,2.82,2023-05-03,A,G protein,Agonist,1,1,1,application,1,0,0,0,0,0,,100,72,0
8DZR,oprk_human,oprk,Class A (Rhodopsin),Active,Homo sapiens,Electron microscopy,2.61,2023-05-03,A,G protein,Agonist,1,1,1,application,1,0,0,0,0,0,,100,68,0
8DZS,oprk_human,oprk,Class A (Rhodopsin),Active,Homo sapiens,Electron microscopy,2.65,2023-05-03,A,G protein,Agonist,1,1,1,application,1,0,0,0,0,0,,100,71,0
8F7W,oprk_human,oprk,Class A (Rhodopsin),Active,Homo sapiens,Electron microscopy,3.19,2022-12-14,R,G protein,Agonist,1,1,1,application,1,0,0,0,0,0,,100,75,0
8FEG,oprk_human,oprk,Class A (Rhodopsin),Active,Homo sapiens,Electron microscopy,2.54,2023-12-06,B,G protein,Agonist,1,1,1,application,1,0,0,0,0,0,,100,73,0
8EF5,oprm_human,oprm,Class A (Rhodopsin),Active,Homo sapiens,Electron microscopy,3.3,2022-11-09,R,G protein,Agonist,0,1,1,calibration,1,0,0,0,0,0,,100,72,0
8EF6,oprm_human,oprm,Class A (Rhodopsin),Active,Homo sapiens,Electron microscopy,3.2,2022-11-09,R,G protein,Agonist,0,1,1,calibration,1,0,0,0,0,0,,100,72,0
8EFB,oprm_human,oprm,Class A (Rhodopsin),Active,Homo sapiens,Electron microscopy,3.2,2022-11-09,R,G protein,Agonist,0,1,1,calibration,1,0,0,0,0,0,,100,71,0
8EFL,oprm_human,oprm,Class A (Rhodopsin),Active,Homo sapiens,Electron microscopy,3.2,2022-11-09,R,G protein,Agonist,0,1,1,calibration,1,0,0,0,0,0,,100,72,0
8EFO,oprm_human,oprm,Class A (Rhodopsin),Active,Homo sapiens,Electron microscopy,2.8,2022-11-09,R,G protein,Agonist,0,1,1,calibration,1,0,0,0,0,0,,100,72,0
8EFQ,oprm_human,oprm,Class A (Rhodopsin),Active,Homo sapiens,Electron microscopy,3.3,2022-11-09,R,G protein,Agonist,0,1,1,calibration,1,0,0,0,0,0,,100,71,0
8F7Q,oprm_human,oprm,Class A (Rhodopsin),Active,Homo sapiens,Electron microscopy,3.22,2022-12-14,R,G protein,Agonist,0,1,1,calibration,1,0,0,0,0,0,,100,72,0
8F7R,oprm_human,oprm,Class A (Rhodopsin),Active,Homo sapiens,Electron microscopy,3.28,2022-12-14,R,G protein,Agonist,0,1,1,calibration,1,0,0,0,0,0,,100,72,0
8K9K,oprm_human,oprm,Class A (Rhodopsin),Active,Homo sapiens,Electron microscopy,2.98,2024-05-29,R,G protein,Agonist,0,1,1,calibration,1,0,0,0,0,0,,100,70,0
8K9L,oprm_human,oprm,Class A (Rhodopsin),Active,Homo sapiens,Electron microscopy,3.05,2024-05-29,R,G protein,Agonist|PAM,0,1,1,calibration,1,0,0,0,0,0,,100,70,0
5C1M,oprm_mouse,oprm,Class A (Rhodopsin),Active,Mus musculus,X-ray diffraction,2.07,2015-08-05,A,none,Agonist,0,1,1,calibration,1,0,0,1,0,1,,100,74,0
6DDE,oprm_mouse,oprm,Class A (Rhodopsin),Active,Mus musculus,Electron microscopy,3.5,2018-06-13,R,G protein,Agonist,0,1,1,calibration,1,0,0,1,0,0,,100,71,0
6DDF,oprm_mouse,oprm,Class A (Rhodopsin),Active,Mus musculus,Electron microscopy,3.5,2018-06-13,R,G protein,Agonist,0,1,1,calibration,1,0,0,1,0,0,,100,71,0
7SBF,oprm_mouse,oprm,Class A (Rhodopsin),Active,Mus musculus,Electron microscopy,2.9,2022-04-20,R,G protein,Agonist,0,1,1,calibration,1,0,0,1,0,0,,100,71,0
7SCG,oprm_mouse,oprm,Class A (Rhodopsin),Active,Mus musculus,Electron microscopy,3.0,2022-04-20,D,G protein,Agonist,0,1,1,calibration,1,0,0,1,0,0,,100,71,0
7T2G,oprm_mouse,oprm,Class A (Rhodopsin),Active,Mus musculus,Electron microscopy,2.5,2022-12-07,R,G protein,Agonist,0,1,1,calibration,1,0,0,1,0,0,,100,70,0
7T2H,oprm_mouse,oprm,Class A (Rhodopsin),Active,Mus musculus,Electron microscopy,3.2,2022-12-07,D,G protein,Agonist,0,1,1,calibration,1,0,0,1,0,0,,100,71,0
7U2K,oprm_mouse,oprm,Class A (Rhodopsin),Active,Mus musculus,Electron microscopy,3.3,2022-12-07,D,G protein,Agonist,0,1,1,calibration,1,0,0,1,0,0,,100,71,0
7U2L,oprm_mouse,oprm,Class A (Rhodopsin),Active,Mus musculus,Electron microscopy,3.2,2022-05-04,D,G protein,Agonist,0,1,1,calibration,1,0,0,1,0,0,,100,71,0
8E0G,oprm_mouse,oprm,Class A (Rhodopsin),Active,Mus musculus,X-ray diffraction,2.1,2023-10-18,A,none,Agonist,0,1,1,calibration,1,0,0,1,0,1,,100,74,0
9BQJ,oprm_mouse,oprm,Class A (Rhodopsin),Active,Mus musculus,Electron microscopy,3.3,2024-09-11,D,G protein,Agonist,0,1,1,calibration,1,0,0,1,0,0,,100,71,0
8F7X,oprx_human,oprx,Class A (Rhodopsin),Active,Homo sapiens,Electron microscopy,3.28,2022-12-14,R,G protein,Agonist,1,1,0,application,1,0,0,0,0,0,,100,77,0
2X72,opsd_bovin,opsd,Class A (Rhodopsin),Active,Bos taurus,X-ray diffraction,3.0,2011-03-16,A,G protein,Agonist,1,1,1,application,1,0,0,1,0,0,,100,94,0
3CAP,opsd_bovin,opsd,Class A (Rhodopsin),Active,Bos taurus,X-ray diffraction,2.9,2008-06-24,A,none,Apo (no ligand),1,1,1,application,1,0,0,1,0,1,,98,94,1
3DQB,opsd_bovin,opsd,Class A (Rhodopsin),Active,Bos taurus,X-ray diffraction,3.2,2008-09-23,A,G protein,Apo (no ligand),1,1,1,application,1,0,0,1,0,0,,100,94,0
3PQR,opsd_bovin,opsd,Class A (Rhodopsin),Active,Bos taurus,X-ray diffraction,2.85,2011-03-09,A,G protein,Agonist,1,1,1,application,1,0,0,1,0,0,,100,94,0
3PXO,opsd_bovin,opsd,Class A (Rhodopsin),Active,Bos taurus,X-ray diffraction,3.0,2011-03-09,A,none,Agonist,1,1,1,application,1,0,0,1,0,1,,98,94,1
4A4M,opsd_bovin,opsd,Class A (Rhodopsin),Active,Bos taurus,X-ray diffraction,3.3,2012-01-25,A,G protein,Agonist,1,1,1,application,1,0,0,1,0,0,,100,94,0
4BEY,opsd_bovin,opsd,Class A (Rhodopsin),Active,Bos taurus,X-ray diffraction,2.9,2013-05-08,A,G protein,Apo (no ligand),1,1,1,application,1,0,0,1,0,0,,100,94,0
4BEZ,opsd_bovin,opsd,Class A (Rhodopsin),Active,Bos taurus,X-ray diffraction,3.3,2013-04-24,A,none,Apo (no ligand),1,1,1,application,1,0,0,1,0,1,,98,94,1
4J4Q,opsd_bovin,opsd,Class A (Rhodopsin),Active,Bos taurus,X-ray diffraction,2.65,2013-10-30,A,G protein,unknown,1,1,1,application,1,0,0,1,0,0,,100,94,0
4PXF,opsd_bovin,opsd,Class A (Rhodopsin),Active,Bos taurus,X-ray diffraction,2.75,2014-09-17,A,Arrestin,unknown,1,1,1,application,1,0,0,1,1,0,,100,93,0
4X1H,opsd_bovin,opsd,Class A (Rhodopsin),Active,Bos taurus,X-ray diffraction,2.29,2015-11-04,A,G protein,unknown,1,1,1,application,1,0,0,1,0,0,,100,94,0
5DYS,opsd_bovin,opsd,Class A (Rhodopsin),Active,Bos taurus,X-ray diffraction,2.3,2016-08-10,A,none,Agonist,1,1,1,application,1,0,0,1,0,1,,98,94,1
5EN0,opsd_bovin,opsd,Class A (Rhodopsin),Active,Bos taurus,X-ray diffraction,2.81,2016-08-10,A,G protein,Agonist,1,1,1,application,1,0,0,1,0,0,,100,94,0
5TE3,opsd_bovin,opsd,Class A (Rhodopsin),Active,Bos taurus,X-ray diffraction,2.7,2017-03-15,A,none,unknown,1,1,1,application,1,0,0,1,0,1,,98,94,1
5WKT,opsd_bovin,opsd,Class A (Rhodopsin),Active,Bos taurus,X-ray diffraction,3.2,2017-12-13,A,G protein,unknown,1,1,1,application,1,0,0,1,0,0,,100,94,0
6FK6,opsd_bovin,opsd,Class A (Rhodopsin),Active,Bos taurus,X-ray diffraction,2.36,2018-04-04,A,none,Agonist,1,1,1,application,1,0,0,1,0,1,,98,94,1
6FK7,opsd_bovin,opsd,Class A (Rhodopsin),Active,Bos taurus,X-ray diffraction,2.62,2018-04-04,A,none,Agonist,1,1,1,application,1,0,0,1,0,1,,98,94,1
6FK8,opsd_bovin,opsd,Class A (Rhodopsin),Active,Bos taurus,X-ray diffraction,2.87,2018-04-04,A,none,Agonist,1,1,1,application,1,0,0,1,0,1,,98,94,1
6FK9,opsd_bovin,opsd,Class A (Rhodopsin),Active,Bos taurus,X-ray diffraction,2.63,2018-04-04,A,none,Agonist,1,1,1,application,1,0,0,1,0,1,,98,94,1
6FKA,opsd_bovin,opsd,Class A (Rhodopsin),Active,Bos taurus,X-ray diffraction,2.7,2018-04-04,A,none,Agonist,1,1,1,application,1,0,0,1,0,1,,98,94,1
6FKB,opsd_bovin,opsd,Class A (Rhodopsin),Active,Bos taurus,X-ray diffraction,3.03,2018-04-04,A,none,Agonist,1,1,1,application,1,0,0,1,0,1,,98,94,1
6FKC,opsd_bovin,opsd,Class A (Rhodopsin),Active,Bos taurus,X-ray diffraction,2.46,2018-04-04,A,none,Agonist,1,1,1,application,1,0,0,1,0,1,,98,94,1
6FKD,opsd_bovin,opsd,Class A (Rhodopsin),Active,Bos taurus,X-ray diffraction,2.49,2018-04-04,A,none,Agonist,1,1,1,application,1,0,0,1,0,1,,98,94,1
6FUF,opsd_bovin,opsd,Class A (Rhodopsin),Active,Bos taurus,X-ray diffraction,3.12,2018-10-03,A,G protein,Agonist,1,1,1,application,1,0,0,1,0,0,,100,91,0
6NWE,opsd_bovin,opsd,Class A (Rhodopsin),Active,Bos taurus,X-ray diffraction,2.71,2020-02-12,A,G protein,unknown,1,1,1,application,1,0,0,1,0,0,,100,94,0
6OY9,opsd_bovin,opsd,Class A (Rhodopsin),Active,Bos taurus,Electron microscopy,3.9,2019-07-24,R,G protein,Agonist,1,1,1,application,1,0,1,1,0,0,,100,94,0
6OYA,opsd_bovin,opsd,Class A (Rhodopsin),Active,Bos taurus,Electron microscopy,3.3,2019-07-24,R,G protein,Agonist,1,1,1,application,1,0,0,1,0,0,,100,94,0
6PEL,opsd_bovin,opsd,Class A (Rhodopsin),Active,Bos taurus,X-ray diffraction,3.19,2020-06-24,A,G protein,unknown,1,1,1,application,1,0,0,1,0,0,,100,93,0
6PGS,opsd_bovin,opsd,Class A (Rhodopsin),Active,Bos taurus,X-ray diffraction,2.91,2020-07-01,A,G protein,unknown,1,1,1,application,1,0,0,1,0,0,,100,94,0
6PH7,opsd_bovin,opsd,Class A (Rhodopsin),Active,Bos taurus,X-ray diffraction,2.9,2020-07-01,A,G protein,unknown,1,1,1,application,1,0,0,1,0,0,,100,94,0
6QNO,opsd_bovin,opsd,Class A (Rhodopsin),Active,Bos taurus,Electron microscopy,4.38,2019-07-10,R,G protein,Agonist,1,1,1,application,1,0,1,1,0,0,,100,96,0
7MT8,opsd_bovin,opsd,Class A (Rhodopsin),Active,Bos taurus,Electron microscopy,5.8,2021-07-07,R,none,Agonist,1,1,1,application,1,0,1,1,0,1,,97,93,1
7MT9,opsd_bovin,opsd,Class A (Rhodopsin),Active,Bos taurus,Electron microscopy,7.0,2021-07-07,R,none,Agonist,1,1,1,application,1,0,1,1,0,1,,97,93,1
7MTA,opsd_bovin,opsd,Class A (Rhodopsin),Active,Bos taurus,Electron microscopy,4.1,2021-07-07,R,none,Agonist,1,1,1,application,1,0,1,1,0,1,,97,93,1
7MTB,opsd_bovin,opsd,Class A (Rhodopsin),Active,Bos taurus,Electron microscopy,4.0,2021-07-07,R,none,Agonist,1,1,1,application,1,0,1,1,0,1,,97,93,1
8P12,opsd_bovin,opsd,Class A (Rhodopsin),Active,Bos taurus,Electron microscopy,3.21,2024-11-20,R,G protein,Apo (no ligand),1,1,1,application,1,0,0,1,0,0,,100,91,0
8P13,opsd_bovin,opsd,Class A (Rhodopsin),Active,Bos taurus,Electron microscopy,5.2,2024-11-20,R,G protein,Apo (no ligand),1,1,1,application,1,0,1,1,0,0,,100,91,0
8P15,opsd_bovin,opsd,Class A (Rhodopsin),Active,Bos taurus,Electron microscopy,5.9,2024-11-20,R,G protein,Apo (no ligand),1,1,1,application,1,0,1,1,0,0,,100,92,0
4ZWJ,opsd_human,opsd,Class A (Rhodopsin),Active,Homo sapiens,X-ray diffraction,3.3,2015-07-29,A,Arrestin,Apo (no ligand),1,1,1,application,1,0,0,0,1,0,,100,94,0
5DGY,opsd_human,opsd,Class A (Rhodopsin),Active,Homo sapiens,X-ray diffraction,7.7,2016-03-23,A,Arrestin,Apo (no ligand),1,1,1,application,1,0,1,0,1,0,,100,94,0
5W0P,opsd_human,opsd,Class A (Rhodopsin),Active,Homo sapiens,X-ray diffraction,3.01,2017-08-09,D,Arrestin,Apo (no ligand),1,1,1,application,1,0,0,0,1,0,,100,93,0
6CMO,opsd_human,opsd,Class A (Rhodopsin),Active,Homo sapiens,Electron microscopy,4.5,2018-06-20,R,G protein,Apo (no ligand),1,1,1,application,1,0,1,0,0,0,,76,92,1
8IU2,opsr_human,opsr,Class A (Rhodopsin),Active,Homo sapiens,Electron microscopy,3.35,2024-03-27,R,G protein,Agonist,0,0,0,calibration,0,0,0,0,0,0,,100,82,0
7L1U,ox2r_human,ox2r,Class A (Rhodopsin),Active,Homo sapiens,Electron microscopy,3.2,2021-02-10,R,G protein,Agonist,1,1,1,application,1,0,0,0,0,0,,100,63,0
7L1V,ox2r_human,ox2r,Class A (Rhodopsin),Active,Homo sapiens,Electron microscopy,3.0,2021-02-10,R,G protein,Agonist,1,1,1,application,1,0,0,0,0,0,,100,64,0
7SQO,ox2r_human,ox2r,Class A (Rhodopsin),Active,Homo sapiens,Electron microscopy,3.17,2022-05-25,R,G protein,Agonist,1,1,1,application,1,0,0,0,0,0,,100,61,0
7SR8,ox2r_human,ox2r,Class A (Rhodopsin),Active,Homo sapiens,Electron microscopy,3.3,2022-06-08,R,G protein,Agonist,1,1,1,application,1,0,0,0,0,0,,100,64,0
7QVM,oxyr_human,oxyr,Class A (Rhodopsin),Active,Homo sapiens,Electron microscopy,3.25,2022-08-10,R,G protein,Agonist,0,1,1,calibration,1,0,0,0,0,0,,100,64,0
7RYC,oxyr_human,oxyr,Class A (Rhodopsin),Active,Homo sapiens,Electron microscopy,2.9,2022-03-09,O,G protein,Agonist,0,1,1,calibration,1,0,0,0,0,0,,100,73,0
4XNV,p2ry1_human,p2ry1,Class A (Rhodopsin),Active,Homo sapiens,X-ray diffraction,2.2,2015-04-01,A,none,NAM,0,0,0,calibration,0,0,0,0,0,1,active_label_antagonist_only_no_transducer,56,78,1
4XNW,p2ry1_human,p2ry1,Class A (Rhodopsin),Active,Homo sapiens,X-ray diffraction,2.7,2015-04-01,A,none,Antagonist,0,0,0,calibration,0,0,0,0,0,1,active_label_antagonist_only_no_transducer,56,78,1
7XXH,p2ry1_human,p2ry1,Class A (Rhodopsin),Active,Homo sapiens,Electron microscopy,2.9,2023-06-07,R,G protein,Agonist,0,0,0,calibration,0,0,0,0,0,0,,100,81,0
8WJX,p2ry1_human,p2ry1,Class A (Rhodopsin),Active,Homo sapiens,Electron microscopy,3.2,2024-10-02,R,G protein,Agonist,0,0,0,calibration,0,0,0,0,0,0,,100,80,0
8KGG,p2y10_human,p2y10,Class A (Rhodopsin),Active,Homo sapiens,Electron microscopy,3.06,2024-07-31,R,G protein,Agonist,0,0,0,calibration,0,0,0,0,0,0,,100,86,0
4NTJ,p2y12_human,p2y12,Class A (Rhodopsin),Active,Homo sapiens,X-ray diffraction,2.62,2014-03-26,A,none,Antagonist,0,0,0,calibration,0,0,0,0,0,1,active_label_antagonist_only_no_transducer,56,78,1
4PXZ,p2y12_human,p2y12,Class A (Rhodopsin),Active,Homo sapiens,X-ray diffraction,2.5,2014-04-30,A,none,Agonist,0,0,0,calibration,0,0,0,0,0,1,,56,84,1
4PY0,p2y12_human,p2y12,Class A (Rhodopsin),Active,Homo sapiens,X-ray diffraction,3.1,2014-04-30,A,none,Agonist (partial),0,0,0,calibration,0,0,0,0,0,1,,56,83,1
7PP1,p2y12_human,p2y12,Class A (Rhodopsin),Active,Homo sapiens,X-ray diffraction,2.78,2022-11-02,A,none,Antagonist,0,0,0,calibration,0,0,0,0,0,1,active_label_antagonist_only_no_transducer,56,78,1
7XXI,p2y12_human,p2y12,Class A (Rhodopsin),Active,Homo sapiens,Electron microscopy,3.0,2023-06-07,A,G protein,Agonist,0,0,0,calibration,0,0,0,0,0,0,,100,86,0
3VW7,par1_human,par1,Class A (Rhodopsin),Active,Homo sapiens,X-ray diffraction,2.2,2012-12-12,A,none,Antagonist,0,0,0,calibration,0,0,0,0,0,1,active_label_antagonist_only_no_transducer,56,66,1
8XOR,par1_human,par1,Class A (Rhodopsin),Active,Homo sapiens,Electron microscopy,3.0,2024-09-18,R,G protein,Agonist,0,0,0,calibration,0,0,0,0,0,0,,100,70,0
8XOS,par1_human,par1,Class A (Rhodopsin),Active,Homo sapiens,Electron microscopy,3.2,2024-09-18,R,G protein,Agonist,0,0,0,calibration,0,0,0,0,0,0,,100,68,0
5NDD,par2_human,par2,Class A (Rhodopsin),Active,Homo sapiens,X-ray diffraction,2.8,2017-05-03,A,none,Antagonist,0,0,0,calibration,0,0,0,0,0,1,active_label_antagonist_only_no_transducer,56,74,1
5NDZ,par2_human,par2,Class A (Rhodopsin),Active,Homo sapiens,X-ray diffraction,3.6,2017-05-03,A,none,Allosteric antagonist,0,0,0,calibration,0,0,1,0,0,1,active_label_antagonist_only_no_transducer,56,74,1
5NJ6,par2_human,par2,Class A (Rhodopsin),Active,Homo sapiens,X-ray diffraction,4.0,2017-05-03,A,none,Apo (no ligand),0,0,0,calibration,0,0,1,0,0,1,,56,74,1
8XXU,pd2r2_human,pd2r2,Class A (Rhodopsin),Active,Homo sapiens,Electron microscopy,2.54,2024-12-04,A,G protein,PAM,0,1,1,calibration,1,0,0,0,0,0,,100,80,0
8XXV,pd2r2_human,pd2r2,Class A (Rhodopsin),Active,Homo sapiens,Electron microscopy,2.33,2024-12-04,A,G protein,PAM,0,1,1,calibration,1,0,0,0,0,0,,100,76,0
9IYB,pd2r2_human,pd2r2,Class A (Rhodopsin),Active,Homo sapiens,Electron microscopy,2.82,2024-12-04,A,G protein,Agonist,0,1,1,calibration,1,0,0,0,0,0,,100,76,0
7CX2,pe2r2_human,pe2r2,Class A (Rhodopsin),Active,Homo sapiens,Electron microscopy,2.8,2021-05-05,R,G protein,Agonist,0,0,0,calibration,0,0,0,0,0,0,,100,74,0
7CX3,pe2r2_human,pe2r2,Class A (Rhodopsin),Active,Homo sapiens,Electron microscopy,2.8,2021-05-05,R,G protein,Agonist,0,0,0,calibration,0,0,0,0,0,0,,100,74,0
7CX4,pe2r2_human,pe2r2,Class A (Rhodopsin),Active,Homo sapiens,Electron microscopy,2.9,2021-05-05,R,G protein,Agonist,0,0,0,calibration,0,0,0,0,0,0,,100,74,0
6AK3,pe2r3_human,pe2r3,Class A (Rhodopsin),Active,Homo sapiens,X-ray diffraction,2.9,2018-12-05,B,none,Agonist,0,0,0,calibration,0,0,0,0,0,1,,88,69,1
6M9T,pe2r3_human,pe2r3,Class A (Rhodopsin),Active,Homo sapiens,X-ray diffraction,2.5,2018-12-05,A,none,Agonist,0,0,0,calibration,0,0,0,0,0,1,,88,70,1
7WU9,pe2r3_human,pe2r3,Class A (Rhodopsin),Active,Homo sapiens,Electron microscopy,3.38,2022-08-17,R,G protein,Apo (no ligand),0,0,0,calibration,0,0,0,0,0,0,,100,70,0
8GDC,pe2r3_human,pe2r3,Class A (Rhodopsin),Active,Homo sapiens,Electron microscopy,3.5,2024-01-10,R,G protein,Agonist,0,0,0,calibration,0,0,0,0,0,0,,100,66,0
7D7M,pe2r4_human,pe2r4,Class A (Rhodopsin),Active,Homo sapiens,Electron microscopy,3.3,2020-11-18,A,G protein,Agonist,0,1,0,calibration,1,0,0,0,0,0,,100,58,0
8GCM,pe2r4_human,pe2r4,Class A (Rhodopsin),Active,Homo sapiens,Electron microscopy,3.5,2024-01-03,R,G protein,Agonist,0,1,0,calibration,1,0,0,0,0,0,,100,52,0
8GCP,pe2r4_human,pe2r4,Class A (Rhodopsin),Active,Homo sapiens,Electron microscopy,3.1,2024-01-03,R,G protein,Agonist,0,1,0,calibration,1,0,0,0,0,0,,100,56,0
8GD9,pe2r4_human,pe2r4,Class A (Rhodopsin),Active,Homo sapiens,Electron microscopy,3.2,2024-01-10,R,G protein,Agonist,0,1,0,calibration,1,0,0,0,0,0,,100,57,0
8GDA,pe2r4_human,pe2r4,Class A (Rhodopsin),Active,Homo sapiens,Electron microscopy,3.3,2024-01-10,R,G protein,Agonist,0,1,0,calibration,1,0,0,0,0,0,,100,58,0
8GDB,pe2r4_human,pe2r4,Class A (Rhodopsin),Active,Homo sapiens,Electron microscopy,3.1,2024-01-10,R,G protein,Agonist,0,1,0,calibration,1,0,0,0,0,0,,100,58,0
8IQ4,pf2r_human,pf2r,Class A (Rhodopsin),Active,Homo sapiens,Electron microscopy,2.7,2024-01-31,R,G protein,Agonist,0,0,0,calibration,0,0,0,0,0,0,,100,76,0
8IQ6,pf2r_human,pf2r,Class A (Rhodopsin),Active,Homo sapiens,Electron microscopy,3.4,2024-01-31,R,G protein,Agonist,0,0,0,calibration,0,0,0,0,0,0,,100,76,0
8IUK,pf2r_human,pf2r,Class A (Rhodopsin),Active,Homo sapiens,Electron microscopy,2.67,2023-07-12,R,G protein,Agonist,0,0,0,calibration,0,0,0,0,0,0,,100,82,0
8IUL,pf2r_human,pf2r,Class A (Rhodopsin),Active,Homo sapiens,Electron microscopy,2.78,2023-07-12,R,G protein,Agonist,0,0,0,calibration,0,0,0,0,0,0,,100,82,0
8IUM,pf2r_human,pf2r,Class A (Rhodopsin),Active,Homo sapiens,Electron microscopy,3.14,2023-07-12,R,G protein,Agonist,0,0,0,calibration,0,0,0,0,0,0,,100,82,0
8XJK,pf2r_human,pf2r,Class A (Rhodopsin),Active,Homo sapiens,Electron microscopy,2.63,2024-02-28,R,G protein,Agonist,0,0,0,calibration,0,0,0,0,0,0,,100,80,0
8XJL,pf2r_human,pf2r,Class A (Rhodopsin),Active,Homo sapiens,Electron microscopy,2.77,2024-02-28,R,G protein,Agonist,0,0,0,calibration,0,0,0,0,0,0,,100,80,0
8XJM,pf2r_human,pf2r,Class A (Rhodopsin),Active,Homo sapiens,Electron microscopy,2.85,2024-02-28,R,G protein,Agonist,0,0,0,calibration,0,0,0,0,0,0,,100,80,0
8X79,pi2r_human,pi2r,Class A (Rhodopsin),Active,Homo sapiens,Electron microscopy,2.41,2024-03-06,R,G protein,Agonist,0,0,0,calibration,0,0,0,0,0,0,,100,78,0
8X7A,pi2r_human,pi2r,Class A (Rhodopsin),Active,Homo sapiens,Electron microscopy,2.56,2024-03-06,R,G protein,Agonist,0,0,0,calibration,0,0,0,0,0,0,,100,74,0
8ZPS,prlhr_human,prlhr,Class A (Rhodopsin),Active,Homo sapiens,Electron microscopy,2.97,2024-09-25,R,G protein,Agonist,0,0,0,calibration,0,0,0,0,0,0,,100,78,0
8ZPT,prlhr_human,prlhr,Class A (Rhodopsin),Active,Homo sapiens,Electron microscopy,2.96,2024-09-25,R,G protein,Agonist,0,0,0,calibration,0,0,0,0,0,0,,100,79,0
5ZKQ,ptafr_human,ptafr,Class A (Rhodopsin),Active,Homo sapiens,X-ray diffraction,2.9,2018-06-20,B,none,Inverse agonist,0,0,0,calibration,0,0,0,0,0,1,active_label_antagonist_only_no_transducer,56,83,1
8XYD,ptafr_human,ptafr,Class A (Rhodopsin),Active,Homo sapiens,Electron microscopy,2.9,2024-11-13,A,G protein,Agonist,0,0,0,calibration,0,0,0,0,0,0,,100,89,0
5XSZ,q08bg4_danre,q08bg4,Class A (Rhodopsin),Active,Danio rerio,X-ray diffraction,3.2,2017-08-16,A,none,Apo (no ligand),0,0,0,calibration,0,0,0,1,0,1,,56,78,1
7JHJ,q3ksp2_ebvg,q3ksp2,Class A (Rhodopsin),Active,Epstein-Barr virus,Electron microscopy,3.2,2021-07-07,R,G protein,Apo (no ligand),0,0,0,calibration,0,0,0,1,0,0,,100,89,0
8K4O,q76sf8_hhv8,q76sf8,Class A (Rhodopsin),Active,Human herpesvirus 8,Electron microscopy,3.01,2024-07-24,E,G protein,Agonist,0,0,0,calibration,0,0,0,1,0,0,,100,97,0
8K4P,q76sf8_hhv8,q76sf8,Class A (Rhodopsin),Active,Human herpesvirus 8,Electron microscopy,2.81,2024-07-24,A,G protein,Apo (no ligand),0,0,0,calibration,0,0,0,1,0,0,,100,86,0
5WB1,q80km9_hcmv,q80km9,Class A (Rhodopsin),Active,Human cytomegalovirus,X-ray diffraction,3.51,2018-06-13,A,none,Apo (no ligand),0,0,0,calibration,0,0,1,1,0,1,,100,82,0
5WB2,q80km9_hcmv,q80km9,Class A (Rhodopsin),Active,Human cytomegalovirus,X-ray diffraction,3.5,2018-06-13,A,none,Agonist,0,0,0,calibration,0,0,0,1,0,1,,100,82,0
8WZ2,qrfpr_human,qrfpr,Class A (Rhodopsin),Active,Homo sapiens,Electron microscopy,2.73,2024-06-19,R,G protein,Agonist,0,0,0,calibration,0,0,0,0,0,0,,100,75,0
8ZH8,qrfpr_human,qrfpr,Class A (Rhodopsin),Active,Homo sapiens,Electron microscopy,3.19,2024-07-03,R,G protein,Agonist,0,0,0,calibration,0,0,0,0,0,0,,100,75,0
7YJ4,rl3r2_human,rl3r2,Class A (Rhodopsin),Active,Homo sapiens,Electron microscopy,3.19,2023-03-01,R,G protein,Agonist,0,0,0,calibration,0,0,0,0,0,0,,100,76,0
7YK6,rl3r2_human,rl3r2,Class A (Rhodopsin),Active,Homo sapiens,Electron microscopy,3.03,2023-03-01,R,G protein,Agonist,0,0,0,calibration,0,0,0,0,0,0,,100,76,0
7YK7,rl3r2_human,rl3r2,Class A (Rhodopsin),Active,Homo sapiens,Electron microscopy,2.75,2023-03-01,R,G protein,Agonist,0,0,0,calibration,0,0,0,0,0,0,,100,75,0
7TMW,rxfp1_human,rxfp1,Class A (Rhodopsin),Active,Homo sapiens,Electron microscopy,3.2,2023-02-15,R,G protein,Agonist,0,0,0,calibration,0,0,0,0,0,0,,100,36,0
7EO2,s1pr1_human,s1pr1,Class A (Rhodopsin),Active,Homo sapiens,Electron microscopy,2.89,2022-01-05,A,G protein,Agonist,0,1,0,calibration,1,0,0,0,0,0,,100,73,0
7EO4,s1pr1_human,s1pr1,Class A (Rhodopsin),Active,Homo sapiens,Electron microscopy,2.86,2022-01-05,A,G protein,Agonist,0,1,0,calibration,1,0,0,0,0,0,,100,74,0
7EVY,s1pr1_human,s1pr1,Class A (Rhodopsin),Active,Homo sapiens,Electron microscopy,2.98,2021-09-29,D,G protein,Agonist,0,1,0,calibration,1,0,0,0,0,0,,100,71,0
7EVZ,s1pr1_human,s1pr1,Class A (Rhodopsin),Active,Homo sapiens,Electron microscopy,3.07,2021-09-29,D,G protein,Agonist,0,1,0,calibration,1,0,0,0,0,0,,100,71,0
7EW0,s1pr1_human,s1pr1,Class A (Rhodopsin),Active,Homo sapiens,Electron microscopy,3.42,2021-09-29,D,G protein,Agonist,0,1,0,calibration,1,0,0,0,0,0,,100,71,0
7EW7,s1pr1_human,s1pr1,Class A (Rhodopsin),Active,Homo sapiens,Electron microscopy,3.27,2021-09-29,D,G protein,Agonist,0,1,0,calibration,1,0,0,0,0,0,,100,75,0
7TD3,s1pr1_human,s1pr1,Class A (Rhodopsin),Active,Homo sapiens,Electron microscopy,3.0,2022-02-09,R,G protein,Agonist,0,1,0,calibration,1,0,0,0,0,0,,100,76,0
7TD4,s1pr1_human,s1pr1,Class A (Rhodopsin),Active,Homo sapiens,Electron microscopy,2.6,2022-02-09,R,G protein,Agonist,0,1,0,calibration,1,0,0,0,0,0,,100,76,0
7VIE,s1pr1_human,s1pr1,Class A (Rhodopsin),Active,Homo sapiens,Electron microscopy,2.86,2022-09-28,F,G protein,Agonist,0,1,0,calibration,1,0,0,0,0,0,,100,73,0
7VIF,s1pr1_human,s1pr1,Class A (Rhodopsin),Active,Homo sapiens,Electron microscopy,2.83,2022-09-28,F,G protein,Agonist,0,1,0,calibration,1,0,0,0,0,0,,100,73,0
7VIG,s1pr1_human,s1pr1,Class A (Rhodopsin),Active,Homo sapiens,Electron microscopy,2.89,2022-09-28,F,G protein,Agonist,0,1,0,calibration,1,0,0,0,0,0,,100,73,0
7VIH,s1pr1_human,s1pr1,Class A (Rhodopsin),Active,Homo sapiens,Electron microscopy,2.98,2022-09-28,F,G protein,Agonist,0,1,0,calibration,1,0,0,0,0,0,,100,73,0
7WF7,s1pr1_human,s1pr1,Class A (Rhodopsin),Active,Homo sapiens,Electron microscopy,3.4,2022-01-05,A,G protein,Agonist,0,1,0,calibration,1,0,0,0,0,0,,100,71,0
8G94,s1pr1_human,s1pr1,Class A (Rhodopsin),Active,Homo sapiens,Electron microscopy,3.15,2023-04-19,A,G protein,Agonist,0,1,0,calibration,1,0,0,0,0,0,,100,75,0
8YIC,s1pr1_human,s1pr1,Class A (Rhodopsin),Active,Homo sapiens,Electron microscopy,3.47,2024-12-11,R,G protein,Agonist,0,1,0,calibration,1,0,0,0,0,0,,100,78,0
7T6B,s1pr2_human,s1pr2,Class A (Rhodopsin),Active,Homo sapiens,Electron microscopy,3.19,2022-04-06,R,G protein,Agonist,0,0,0,calibration,0,0,0,0,0,0,,100,75,0
7C4S,s1pr3_human,s1pr3,Class A (Rhodopsin),Active,Homo sapiens,X-ray diffraction,3.2,2021-06-09,A,none,Agonist,0,0,0,calibration,0,0,0,0,0,1,,59,75,1
7EW2,s1pr3_human,s1pr3,Class A (Rhodopsin),Active,Homo sapiens,Electron microscopy,3.1,2021-09-29,R,G protein,Agonist,0,0,0,calibration,0,0,0,0,0,0,,100,77,0
7EW3,s1pr3_human,s1pr3,Class A (Rhodopsin),Active,Homo sapiens,Electron microscopy,3.1,2021-09-29,R,G protein,Agonist,0,0,0,calibration,0,0,0,0,0,0,,100,77,0
7EW4,s1pr3_human,s1pr3,Class A (Rhodopsin),Active,Homo sapiens,Electron microscopy,3.2,2021-09-29,R,G protein,Agonist,0,0,0,calibration,0,0,0,0,0,0,,100,76,0
7EW1,s1pr5_human,s1pr5,Class A (Rhodopsin),Active,Homo sapiens,Electron microscopy,3.4,2021-09-29,A,G protein,Agonist,0,1,1,calibration,1,0,0,0,0,0,,100,68,0
8XIO,ssr1_human,ssr1,Class A (Rhodopsin),Active,Homo sapiens,Electron microscopy,2.65,2024-07-03,A,G protein,Agonist,0,0,0,calibration,0,0,0,0,0,0,,100,73,0
8XIP,ssr1_human,ssr1,Class A (Rhodopsin),Active,Homo sapiens,Electron microscopy,3.29,2024-07-03,A,G protein,Agonist,0,0,0,calibration,0,0,0,0,0,0,,100,73,0
7T10,ssr2_human,ssr2,Class A (Rhodopsin),Active,Homo sapiens,Electron microscopy,2.5,2022-03-09,R,G protein,Agonist,0,1,1,calibration,1,0,0,0,0,0,,100,78,0
7T11,ssr2_human,ssr2,Class A (Rhodopsin),Active,Homo sapiens,Electron microscopy,2.7,2022-03-09,R,G protein,Agonist,0,1,1,calibration,1,0,0,0,0,0,,100,77,0
7WIC,ssr2_human,ssr2,Class A (Rhodopsin),Active,Homo sapiens,Electron microscopy,2.8,2022-06-01,R,G protein,Agonist,0,1,1,calibration,1,0,0,0,0,0,,100,78,0
7WIG,ssr2_human,ssr2,Class A (Rhodopsin),Active,Homo sapiens,Electron microscopy,2.7,2022-06-01,R,G protein,Agonist,0,1,1,calibration,1,0,0,0,0,0,,100,77,0
7WJ5,ssr2_human,ssr2,Class A (Rhodopsin),Active,Homo sapiens,Electron microscopy,3.72,2022-07-13,R,G protein,Agonist,0,1,1,calibration,1,0,1,0,0,0,,100,76,0
7XAT,ssr2_human,ssr2,Class A (Rhodopsin),Active,Homo sapiens,Electron microscopy,2.85,2022-08-31,A,G protein,Agonist,0,1,1,calibration,1,0,0,0,0,0,,100,78,0
7XAU,ssr2_human,ssr2,Class A (Rhodopsin),Active,Homo sapiens,Electron microscopy,2.97,2022-08-31,A,G protein,Agonist,0,1,1,calibration,1,0,0,0,0,0,,100,76,0
7XAV,ssr2_human,ssr2,Class A (Rhodopsin),Active,Homo sapiens,Electron microscopy,2.87,2022-08-31,A,G protein,Agonist,0,1,1,calibration,1,0,0,0,0,0,,100,76,0
7XMR,ssr2_human,ssr2,Class A (Rhodopsin),Active,Homo sapiens,Electron microscopy,3.1,2022-08-03,R,G protein,Agonist,0,1,1,calibration,1,0,0,0,0,0,,100,77,0
7Y24,ssr2_human,ssr2,Class A (Rhodopsin),Active,Homo sapiens,Electron microscopy,3.25,2022-10-19,E,G protein,Agonist,0,1,1,calibration,1,0,0,0,0,0,,100,77,0
7Y26,ssr2_human,ssr2,Class A (Rhodopsin),Active,Homo sapiens,Electron microscopy,3.3,2022-10-19,E,G protein,Agonist,0,1,1,calibration,1,0,0,0,0,0,,100,73,0
7Y27,ssr2_human,ssr2,Class A (Rhodopsin),Active,Homo sapiens,Electron microscopy,3.48,2022-10-19,E,G protein,Agonist,0,1,1,calibration,1,0,0,0,0,0,,100,74,0
7YAC,ssr2_human,ssr2,Class A (Rhodopsin),Active,Homo sapiens,Electron microscopy,3.24,2023-04-19,E,G protein,Agonist,0,1,1,calibration,1,0,0,0,0,0,,100,76,0
7YAE,ssr2_human,ssr2,Class A (Rhodopsin),Active,Homo sapiens,Electron microscopy,3.37,2023-04-19,E,G protein,Agonist,0,1,1,calibration,1,0,0,0,0,0,,100,76,0
8XIQ,ssr3_human,ssr3,Class A (Rhodopsin),Active,Homo sapiens,Electron microscopy,2.71,2024-07-03,A,G protein,Agonist,0,0,0,calibration,0,0,0,0,0,0,,100,69,0
8XIR,ssr3_human,ssr3,Class A (Rhodopsin),Active,Homo sapiens,Electron microscopy,2.52,2024-07-03,A,G protein,Agonist,0,0,0,calibration,0,0,0,0,0,0,,100,69,0
7XMS,ssr4_human,ssr4,Class A (Rhodopsin),Active,Homo sapiens,Electron microscopy,2.9,2022-08-03,R,G protein,Agonist,0,0,0,calibration,0,0,0,0,0,0,,100,71,0
7XMT,ssr4_human,ssr4,Class A (Rhodopsin),Active,Homo sapiens,Electron microscopy,2.8,2022-08-03,R,G protein,Agonist,0,0,0,calibration,0,0,0,0,0,0,,100,68,0
8X8L,ssr5_human,ssr5,Class A (Rhodopsin),Active,Homo sapiens,Electron microscopy,2.7,2024-06-12,R,G protein,Agonist,0,0,0,calibration,0,0,0,0,0,0,,100,75,0
8X8N,ssr5_human,ssr5,Class A (Rhodopsin),Active,Homo sapiens,Electron microscopy,2.9,2024-06-12,R,G protein,Agonist,0,0,0,calibration,0,0,0,0,0,0,,100,74,0
8ZBE,ssr5_human,ssr5,Class A (Rhodopsin),Active,Homo sapiens,Electron microscopy,3.24,2024-07-10,A,G protein,Agonist,0,0,0,calibration,0,0,0,0,0,0,,100,72,0
8ZCJ,ssr5_human,ssr5,Class A (Rhodopsin),Active,Homo sapiens,Electron microscopy,3.09,2024-07-10,G,G protein,Agonist,0,0,0,calibration,0,0,0,0,0,0,,100,76,0
8JPN,sucr1_human,sucr1,Class A (Rhodopsin),Active,Homo sapiens,Electron microscopy,2.9,2024-05-22,R,G protein,Agonist,0,0,0,calibration,0,0,0,0,0,0,,100,89,0
8JPP,sucr1_human,sucr1,Class A (Rhodopsin),Active,Homo sapiens,Electron microscopy,3.2,2024-05-22,R,G protein,Agonist,0,0,0,calibration,0,0,0,0,0,0,,100,91,0
8WOG,sucr1_human,sucr1,Class A (Rhodopsin),Active,Homo sapiens,Electron microscopy,2.97,2024-09-11,A,G protein,Agonist,0,0,0,calibration,0,0,0,0,0,0,,100,93,0
8WP1,sucr1_human,sucr1,Class A (Rhodopsin),Active,Homo sapiens,Electron microscopy,3.15,2024-09-11,A,G protein,Agonist,0,0,0,calibration,0,0,0,0,0,0,,100,91,0
8YKV,sucr1_human,sucr1,Class A (Rhodopsin),Active,Homo sapiens,Electron microscopy,2.48,2024-05-29,R,G protein,Agonist,0,0,0,calibration,0,0,0,0,0,0,,100,81,0
8YKW,sucr1_human,sucr1,Class A (Rhodopsin),Active,Homo sapiens,Electron microscopy,2.75,2024-05-29,R,G protein,Agonist,0,0,0,calibration,0,0,0,0,0,0,,100,85,0
8YKX,sucr1_human,sucr1,Class A (Rhodopsin),Active,Homo sapiens,Electron microscopy,2.69,2024-05-29,R,G protein,Agonist,0,0,0,calibration,0,0,0,0,0,0,,100,84,0
6IBB,sucr1_rat,sucr1,Class A (Rhodopsin),Active,Rattus norvegicus,X-ray diffraction,2.12,2019-08-14,A,none,Apo (no ligand),0,0,0,calibration,0,0,0,1,0,1,,56,93,1
6RNK,sucr1_rat,sucr1,Class A (Rhodopsin),Active,Rattus norvegicus,X-ray diffraction,1.94,2019-08-14,A,none,Antagonist,0,0,0,calibration,0,0,0,1,0,1,active_label_antagonist_only_no_transducer,56,90,1
6Z10,sucr1_rat,sucr1,Class A (Rhodopsin),Active,Rattus norvegicus,X-ray diffraction,2.27,2020-09-16,A,none,Antagonist,0,0,0,calibration,0,0,0,1,0,1,active_label_antagonist_only_no_transducer,56,90,1
8XJN,ta2r_human,ta2r,Class A (Rhodopsin),Active,Homo sapiens,Electron microscopy,3.06,2024-02-28,R,G protein,Agonist,0,1,0,calibration,1,0,0,0,0,0,,100,90,0
8XJO,ta2r_human,ta2r,Class A (Rhodopsin),Active,Homo sapiens,Electron microscopy,3.11,2024-02-28,R,G protein,Agonist,0,1,0,calibration,1,0,0,0,0,0,,100,90,0
8PM2,taa7f_mouse,taa7f,Class A (Rhodopsin),Active,Mus musculus,Electron microscopy,2.92,2023-08-09,R,G protein,Agonist,0,0,0,calibration,0,0,0,1,0,0,,100,73,0
8JLN,taar1_human,taar1,Class A (Rhodopsin),Active,Homo sapiens,Electron microscopy,3.24,2023-11-15,R,G protein,Agonist,0,0,0,calibration,0,0,0,0,0,0,,100,84,0
8JLO,taar1_human,taar1,Class A (Rhodopsin),Active,Homo sapiens,Electron microscopy,3.52,2023-11-15,R,G protein,Agonist,0,0,0,calibration,0,0,1,0,0,0,,100,84,0
8JLP,taar1_human,taar1,Class A (Rhodopsin),Active,Homo sapiens,Electron microscopy,3.23,2023-11-15,R,G protein,Agonist,0,0,0,calibration,0,0,0,0,0,0,,100,84,0
8JLQ,taar1_human,taar1,Class A (Rhodopsin),Active,Homo sapiens,Electron microscopy,2.84,2023-11-15,R,G protein,Agonist,0,0,0,calibration,0,0,0,0,0,0,,100,83,0
8JLR,taar1_human,taar1,Class A (Rhodopsin),Active,Homo sapiens,Electron microscopy,3.0,2023-11-15,R,G protein,Agonist,0,0,0,calibration,0,0,0,0,0,0,,100,79,0
8JSO,taar1_human,taar1,Class A (Rhodopsin),Active,Homo sapiens,Electron microscopy,3.4,2023-11-15,R,G protein,Agonist,0,0,0,calibration,0,0,0,0,0,0,,100,83,0
8UHB,taar1_human,taar1,Class A (Rhodopsin),Active,Homo sapiens,Electron microscopy,3.35,2024-01-10,A,G protein,Agonist,0,0,0,calibration,0,0,0,0,0,0,,100,93,0
8W87,taar1_human,taar1,Class A (Rhodopsin),Active,Homo sapiens,Electron microscopy,2.8,2023-11-22,R,G protein,Agonist,0,0,0,calibration,0,0,0,0,0,0,,100,85,0
8W88,taar1_human,taar1,Class A (Rhodopsin),Active,Homo sapiens,Electron microscopy,2.6,2023-11-22,R,G protein,Agonist,0,0,0,calibration,0,0,0,0,0,0,,100,83,0
8W89,taar1_human,taar1,Class A (Rhodopsin),Active,Homo sapiens,Electron microscopy,3.0,2023-11-22,R,G protein,Agonist,0,0,0,calibration,0,0,0,0,0,0,,100,84,0
8W8A,taar1_human,taar1,Class A (Rhodopsin),Active,Homo sapiens,Electron microscopy,2.8,2023-11-22,R,G protein,Agonist,0,0,0,calibration,0,0,0,0,0,0,,100,85,0
8WC8,taar1_human,taar1,Class A (Rhodopsin),Active,Homo sapiens,Electron microscopy,2.9,2023-12-27,R,G protein,Agonist,0,0,0,calibration,0,0,0,0,0,0,,100,81,0
8WCA,taar1_human,taar1,Class A (Rhodopsin),Active,Homo sapiens,Electron microscopy,3.48,2023-12-27,R,G protein,Agonist,0,0,0,calibration,0,0,0,0,0,0,,100,81,0
8ZSJ,taar1_human,taar1,Class A (Rhodopsin),Active,Homo sapiens,Electron microscopy,2.8,2024-07-24,R,G protein,Apo (no ligand),0,0,0,calibration,0,0,0,0,0,0,,100,83,0
8ZSP,taar1_human,taar1,Class A (Rhodopsin),Active,Homo sapiens,Electron microscopy,3.14,2024-07-24,R,G protein,Agonist,0,0,0,calibration,0,0,0,0,0,0,,100,83,0
8ZSS,taar1_human,taar1,Class A (Rhodopsin),Active,Homo sapiens,Electron microscopy,3.07,2024-07-24,R,G protein,Agonist,0,0,0,calibration,0,0,0,0,0,0,,100,83,0
9JKQ,taar1_human,taar1,Class A (Rhodopsin),Active,Homo sapiens,Electron microscopy,2.66,2024-10-16,R,G protein,Agonist,0,0,0,calibration,0,0,0,0,0,0,,100,87,0
8JLJ,taar1_mouse,taar1,Class A (Rhodopsin),Active,Mus musculus,Electron microscopy,3.1,2023-11-15,R,G protein,Agonist,0,0,0,calibration,0,0,0,1,0,0,,100,81,0
8JLK,taar1_mouse,taar1,Class A (Rhodopsin),Active,Mus musculus,Electron microscopy,3.22,2023-11-15,R,G protein,Agonist,0,0,0,calibration,0,0,0,1,0,0,,100,81,0
8WC3,taar1_mouse,taar1,Class A (Rhodopsin),Active,Mus musculus,Electron microscopy,3.0,2023-12-27,R,G protein,Agonist,0,0,0,calibration,0,0,0,1,0,0,,100,80,0
8WC4,taar1_mouse,taar1,Class A (Rhodopsin),Active,Mus musculus,Electron microscopy,3.1,2023-12-27,R,G protein,Agonist,0,0,0,calibration,0,0,0,1,0,0,,100,82,0
8WC5,taar1_mouse,taar1,Class A (Rhodopsin),Active,Mus musculus,Electron microscopy,3.3,2023-12-27,R,G protein,Agonist,0,0,0,calibration,0,0,0,1,0,0,,100,78,0
8WC6,taar1_mouse,taar1,Class A (Rhodopsin),Active,Mus musculus,Electron microscopy,3.2,2023-12-27,R,G protein,Agonist,0,0,0,calibration,0,0,0,1,0,0,,100,80,0
8WC7,taar1_mouse,taar1,Class A (Rhodopsin),Active,Mus musculus,Electron microscopy,3.1,2023-12-27,R,G protein,Agonist,0,0,0,calibration,0,0,0,1,0,0,,100,81,0
8WC9,taar1_mouse,taar1,Class A (Rhodopsin),Active,Mus musculus,Electron microscopy,3.2,2023-12-27,R,G protein,Agonist,0,0,0,calibration,0,0,0,1,0,0,,100,79,0
8WCB,taar1_mouse,taar1,Class A (Rhodopsin),Active,Mus musculus,Electron microscopy,3.1,2023-12-27,R,G protein,Agonist,0,0,0,calibration,0,0,0,1,0,0,,100,75,0
8WCC,taar1_mouse,taar1,Class A (Rhodopsin),Active,Mus musculus,Electron microscopy,3.04,2023-12-27,R,none,Agonist,0,0,0,calibration,0,0,0,1,0,1,,96,81,1
8ZSV,taar1_mouse,taar1,Class A (Rhodopsin),Active,Mus musculus,Electron microscopy,2.96,2024-07-24,R,G protein,Agonist,0,0,0,calibration,0,0,0,1,0,0,,100,85,0
8ITF,taar9_mouse,taar9,Class A (Rhodopsin),Active,Mus musculus,Electron microscopy,3.46,2023-05-31,R,G protein,Agonist,0,0,0,calibration,0,0,0,1,0,0,,100,86,0
8IW1,taar9_mouse,taar9,Class A (Rhodopsin),Active,Mus musculus,Electron microscopy,3.4,2023-05-31,R,G protein,Agonist,0,0,0,calibration,0,0,0,1,0,0,,100,78,0
8IW4,taar9_mouse,taar9,Class A (Rhodopsin),Active,Mus musculus,Electron microscopy,3.49,2023-05-31,R,G protein,Agonist,0,0,0,calibration,0,0,0,1,0,0,,100,85,0
8IW7,taar9_mouse,taar9,Class A (Rhodopsin),Active,Mus musculus,Electron microscopy,2.97,2023-05-31,R,G protein,Agonist,0,0,0,calibration,0,0,0,1,0,0,,100,78,0
8IW9,taar9_mouse,taar9,Class A (Rhodopsin),Active,Mus musculus,Electron microscopy,3.08,2023-05-31,R,G protein,Agonist,0,0,0,calibration,0,0,0,1,0,0,,100,89,0
8IWE,taar9_mouse,taar9,Class A (Rhodopsin),Active,Mus musculus,Electron microscopy,3.4,2023-05-31,R,none,Agonist,0,0,0,calibration,0,0,0,1,0,1,,96,85,1
8IWM,taar9_mouse,taar9,Class A (Rhodopsin),Active,Mus musculus,Electron microscopy,3.17,2023-05-31,R,none,Agonist,0,0,0,calibration,0,0,0,1,0,1,,96,78,1
7WKD,trfr_human,trfr,Class A (Rhodopsin),Active,Homo sapiens,Electron microscopy,3.01,2022-06-15,R,G protein,Agonist,0,0,0,calibration,0,0,0,0,0,0,,100,66,0
7X1T,trfr_human,trfr,Class A (Rhodopsin),Active,Homo sapiens,Electron microscopy,3.26,2022-08-31,A,G protein,Agonist,0,0,0,calibration,0,0,0,0,0,0,,100,68,0
7X1U,trfr_human,trfr,Class A (Rhodopsin),Active,Homo sapiens,Electron microscopy,3.19,2022-08-31,A,G protein,Agonist,0,0,0,calibration,0,0,0,0,0,0,,100,68,0
7XW9,trfr_human,trfr,Class A (Rhodopsin),Active,Homo sapiens,Electron microscopy,2.7,2022-12-28,R,G protein,Agonist,0,0,0,calibration,0,0,0,0,0,0,,100,72,0
7T9I,tshr_human,tshr,Class A (Rhodopsin),Active,Homo sapiens,Electron microscopy,2.9,2022-08-03,R,G protein,Agonist,0,1,1,calibration,1,0,0,0,0,0,,100,78,0
7T9N,tshr_human,tshr,Class A (Rhodopsin),Active,Homo sapiens,Electron microscopy,2.9,2022-08-03,R,G protein,Agonist,0,1,1,calibration,1,0,0,0,0,0,,100,73,0
7UTZ,tshr_human,tshr,Class A (Rhodopsin),Active,Homo sapiens,Electron microscopy,2.4,2022-08-03,R,G protein,Agonist,0,1,1,calibration,1,0,0,0,0,0,,100,79,0
7XW5,tshr_human,tshr,Class A (Rhodopsin),Active,Homo sapiens,Electron microscopy,2.96,2022-08-24,R,G protein,Agonist|PAM,0,1,1,calibration,1,0,0,0,0,0,,100,75,0
7XW6,tshr_human,tshr,Class A (Rhodopsin),Active,Homo sapiens,Electron microscopy,2.78,2022-08-17,R,G protein,Agonist|PAM,0,1,1,calibration,1,0,0,0,0,0,,100,74,0
4XT1,us28_hcmva,us28,Class A (Rhodopsin),Active,Human cytomegalovirus,X-ray diffraction,2.89,2015-03-04,A,none,Agonist (partial),0,0,0,calibration,0,0,0,1,0,1,,100,82,0
4XT3,us28_hcmva,us28,Class A (Rhodopsin),Active,Human cytomegalovirus,X-ray diffraction,3.8,2015-03-04,A,none,Agonist (partial),0,0,0,calibration,0,0,1,1,0,1,,100,81,0
7RKF,us28_hcmva,us28,Class A (Rhodopsin),Active,Human cytomegalovirus,Electron microscopy,4.0,2022-01-26,R,G protein,Agonist,0,0,0,calibration,0,0,1,1,0,0,,100,84,0
7RKM,us28_hcmva,us28,Class A (Rhodopsin),Active,Human cytomegalovirus,Electron microscopy,3.5,2022-01-26,R,G protein,Agonist,0,0,0,calibration,0,0,0,1,0,0,,100,83,0
7RKN,us28_hcmva,us28,Class A (Rhodopsin),Active,Human cytomegalovirus,Electron microscopy,3.6,2022-01-26,R,G protein,Agonist,0,0,0,calibration,0,0,1,1,0,0,,100,83,0
7BB6,v2r_human,v2r,Class A (Rhodopsin),Active,Homo sapiens,Electron microscopy,4.2,2021-06-02,A,G protein,Agonist,0,0,0,calibration,0,0,1,0,0,0,,100,73,0
7BB7,v2r_human,v2r,Class A (Rhodopsin),Active,Homo sapiens,Electron microscopy,4.4,2021-06-02,A,G protein,Agonist,0,0,0,calibration,0,0,1,0,0,0,,100,72,0
7DW9,v2r_human,v2r,Class A (Rhodopsin),Active,Homo sapiens,Electron microscopy,2.6,2021-07-21,R,G protein,Agonist,0,0,0,calibration,0,0,0,0,0,0,,100,75,0
7KH0,v2r_human,v2r,Class A (Rhodopsin),Active,Homo sapiens,Electron microscopy,2.8,2021-05-26,R,G protein,Agonist,0,0,0,calibration,0,0,0,0,0,0,,100,74,0
7R0C,v2r_human,v2r,Class A (Rhodopsin),Active,Homo sapiens,Electron microscopy,4.73,2022-09-14,A,Arrestin,Agonist,0,0,0,calibration,0,0,1,0,1,0,,100,76,0
9AST,xcr1_human,xcr1,Class A (Rhodopsin),Active,Homo sapiens,Electron microscopy,3.07,2024-12-11,R,G protein,Agonist,0,0,0,calibration,0,0,0,0,0,0,,100,85,0
4IAQ,5ht1b_human,5ht1b,Class A (Rhodopsin),Inactive,Homo sapiens,X-ray diffraction,2.8,2013-03-13,A,none,Agonist,1,1,1,application,1,0,0,0,0,0,inactive_label_agonist_bound,16,70,0
4IAR,5ht1b_human,5ht1b,Class A (Rhodopsin),Inactive,Homo sapiens,X-ray diffraction,2.7,2013-03-13,A,none,Agonist,1,1,1,application,1,0,0,0,0,0,inactive_label_agonist_bound,16,70,0
5V54,5ht1b_human,5ht1b,Class A (Rhodopsin),Inactive,Homo sapiens,X-ray diffraction,3.9,2018-02-07,A,none,Antagonist,1,1,1,application,1,0,1,0,0,0,,16,71,0
7C61,5ht1b_human,5ht1b,Class A (Rhodopsin),Inactive,Homo sapiens,X-ray diffraction,3.0,2020-07-29,A,none,Antagonist,1,1,1,application,1,0,0,0,0,0,,16,68,0
6A93,5ht2a_human,5ht2a,Class A (Rhodopsin),Inactive,Homo sapiens,X-ray diffraction,3.0,2019-02-13,A,none,Antagonist,0,1,1,calibration,1,0,0,0,0,0,,1,60,0
6A94,5ht2a_human,5ht2a,Class A (Rhodopsin),Inactive,Homo sapiens,X-ray diffraction,2.9,2019-02-13,A,none,Antagonist,0,1,1,calibration,1,0,0,0,0,0,,1,60,0
6WGT,5ht2a_human,5ht2a,Class A (Rhodopsin),Inactive,Homo sapiens,X-ray diffraction,3.4,2020-09-23,B,none,Agonist,0,1,1,calibration,1,0,0,0,0,0,inactive_label_agonist_bound,1,59,0
6WH4,5ht2a_human,5ht2a,Class A (Rhodopsin),Inactive,Homo sapiens,X-ray diffraction,3.4,2020-09-23,C,none,Inverse agonist,0,1,1,calibration,1,0,0,0,0,0,,1,59,0
7VOD,5ht2a_human,5ht2a,Class A (Rhodopsin),Inactive,Homo sapiens,X-ray diffraction,3.3,2021-12-22,A,none,Agonist (partial),0,1,1,calibration,1,0,0,0,0,0,inactive_label_agonist_bound,1,58,0
7VOE,5ht2a_human,5ht2a,Class A (Rhodopsin),Inactive,Homo sapiens,X-ray diffraction,2.9,2021-12-22,A,none,Agonist (partial),0,1,1,calibration,1,0,0,0,0,0,inactive_label_agonist_bound,1,58,0
7WC4,5ht2a_human,5ht2a,Class A (Rhodopsin),Inactive,Homo sapiens,X-ray diffraction,3.2,2022-01-26,A,none,Agonist,0,1,1,calibration,1,0,0,0,0,0,inactive_label_agonist_bound,1,61,0
7WC5,5ht2a_human,5ht2a,Class A (Rhodopsin),Inactive,Homo sapiens,X-ray diffraction,3.2,2022-01-26,A,none,Agonist,0,1,1,calibration,1,0,0,0,0,0,inactive_label_agonist_bound,1,60,0
7WC6,5ht2a_human,5ht2a,Class A (Rhodopsin),Inactive,Homo sapiens,X-ray diffraction,2.6,2022-01-26,A,none,Agonist,0,1,1,calibration,1,0,0,0,0,0,inactive_label_agonist_bound,1,58,0
7WC7,5ht2a_human,5ht2a,Class A (Rhodopsin),Inactive,Homo sapiens,X-ray diffraction,2.6,2022-01-26,A,none,Agonist,0,1,1,calibration,1,0,0,0,0,0,inactive_label_agonist_bound,1,59,0
7WC8,5ht2a_human,5ht2a,Class A (Rhodopsin),Inactive,Homo sapiens,X-ray diffraction,2.45,2022-01-26,A,none,Agonist,0,1,1,calibration,1,0,0,0,0,0,inactive_label_agonist_bound,1,59,0
7WC9,5ht2a_human,5ht2a,Class A (Rhodopsin),Inactive,Homo sapiens,X-ray diffraction,2.5,2022-01-26,A,none,Agonist,0,1,1,calibration,1,0,0,0,0,0,inactive_label_agonist_bound,1,59,0
8JT8,5ht2a_human,5ht2a,Class A (Rhodopsin),Inactive,Homo sapiens,X-ray diffraction,2.7,2024-02-28,A,none,Agonist,0,1,1,calibration,1,0,0,0,0,0,inactive_label_agonist_bound,1,58,0
8ZMG,5ht2a_human,5ht2a,Class A (Rhodopsin),Inactive,Homo sapiens,X-ray diffraction,3.4,2024-08-28,A,none,Inverse agonist,0,1,1,calibration,1,0,0,0,0,0,,1,59,0
6BQH,5ht2c_human,5ht2c,Class A (Rhodopsin),Inactive,Homo sapiens,X-ray diffraction,2.7,2018-02-14,A,none,Inverse agonist,1,1,1,application,1,0,0,0,0,0,,1,63,0
8ZMF,5ht2c_human,5ht2c,Class A (Rhodopsin),Inactive,Homo sapiens,X-ray diffraction,3.6,2024-08-28,A,none,Inverse agonist,1,1,1,application,1,0,1,0,0,0,,1,62,0
7UM4,5ht5a_human,5ht5a,Class A (Rhodopsin),Inactive,Homo sapiens,X-ray diffraction,2.8,2022-07-20,A,none,Antagonist,1,1,0,application,1,0,0,0,0,0,,16,71,0
5N2S,aa1r_human,aa1r,Class A (Rhodopsin),Inactive,Homo sapiens,X-ray diffraction,3.3,2017-07-26,A,none,Agonist,1,1,1,application,1,0,0,0,0,0,inactive_label_agonist_bound,1,86,0
5UEN,aa1r_human,aa1r,Class A (Rhodopsin),Inactive,Homo sapiens,X-ray diffraction,3.2,2017-03-01,B,none,Antagonist,1,1,1,application,1,0,0,0,0,0,,1,91,0
3EML,aa2ar_human,aa2ar,Class A (Rhodopsin),Inactive,Homo sapiens,X-ray diffraction,2.6,2008-10-14,A,none,Antagonist,1,1,1,application,1,0,0,0,0,0,,1,70,0
3PWH,aa2ar_human,aa2ar,Class A (Rhodopsin),Inactive,Homo sapiens,X-ray diffraction,3.3,2011-09-07,A,none,Antagonist,1,1,1,application,1,0,0,0,0,0,,1,71,0
3REY,aa2ar_human,aa2ar,Class A (Rhodopsin),Inactive,Homo sapiens,X-ray diffraction,3.31,2011-09-07,A,none,Antagonist,1,1,1,application,1,0,0,0,0,0,,1,71,0
3RFM,aa2ar_human,aa2ar,Class A (Rhodopsin),Inactive,Homo sapiens,X-ray diffraction,3.6,2011-09-07,A,none,Antagonist,1,1,1,application,1,0,1,0,0,0,,1,71,0
3UZA,aa2ar_human,aa2ar,Class A (Rhodopsin),Inactive,Homo sapiens,X-ray diffraction,3.27,2012-03-21,A,none,Antagonist,1,1,1,application,1,0,0,0,0,0,,1,71,0
3UZC,aa2ar_human,aa2ar,Class A (Rhodopsin),Inactive,Homo sapiens,X-ray diffraction,3.34,2012-03-21,A,none,Antagonist,1,1,1,application,1,0,0,0,0,0,,1,71,0
3VG9,aa2ar_human,aa2ar,Class A (Rhodopsin),Inactive,Homo sapiens,X-ray diffraction,2.7,2012-02-01,A,none,Antagonist,1,1,1,application,1,0,0,0,0,0,,1,72,0
3VGA,aa2ar_human,aa2ar,Class A (Rhodopsin),Inactive,Homo sapiens,X-ray diffraction,3.1,2012-02-01,A,none,Antagonist,1,1,1,application,1,0,0,0,0,0,,1,72,0
4EIY,aa2ar_human,aa2ar,Class A (Rhodopsin),Inactive,Homo sapiens,X-ray diffraction,1.8,2012-07-25,A,none,Antagonist,1,1,1,application,1,0,0,0,0,0,,1,72,0
5IU4,aa2ar_human,aa2ar,Class A (Rhodopsin),Inactive,Homo sapiens,X-ray diffraction,1.72,2016-06-29,A,none,Antagonist,1,1,1,application,1,0,0,0,0,0,,1,71,0
5IU7,aa2ar_human,aa2ar,Class A (Rhodopsin),Inactive,Homo sapiens,X-ray diffraction,1.9,2016-06-29,A,none,Antagonist,1,1,1,application,1,0,0,0,0,0,,1,72,0
5IU8,aa2ar_human,aa2ar,Class A (Rhodopsin),Inactive,Homo sapiens,X-ray diffraction,2.0,2016-06-29,A,none,Antagonist,1,1,1,application,1,0,0,0,0,0,,1,71,0
5IUA,aa2ar_human,aa2ar,Class A (Rhodopsin),Inactive,Homo sapiens,X-ray diffraction,2.2,2016-06-29,A,none,Antagonist,1,1,1,application,1,0,0,0,0,0,,1,72,0
5IUB,aa2ar_human,aa2ar,Class A (Rhodopsin),Inactive,Homo sapiens,X-ray diffraction,2.1,2016-06-29,A,none,Antagonist,1,1,1,application,1,0,0,0,0,0,,1,71,0
5JTB,aa2ar_human,aa2ar,Class A (Rhodopsin),Inactive,Homo sapiens,X-ray diffraction,2.8,2017-05-31,A,none,Antagonist,1,1,1,application,1,0,0,0,0,0,,1,72,0
5K2A,aa2ar_human,aa2ar,Class A (Rhodopsin),Inactive,Homo sapiens,X-ray diffraction,2.5,2016-09-21,A,none,Antagonist,1,1,1,application,1,0,0,0,0,0,,1,72,0
5K2B,aa2ar_human,aa2ar,Class A (Rhodopsin),Inactive,Homo sapiens,X-ray diffraction,2.5,2016-09-21,A,none,Antagonist,1,1,1,application,1,0,0,0,0,0,,1,72,0
5K2C,aa2ar_human,aa2ar,Class A (Rhodopsin),Inactive,Homo sapiens,X-ray diffraction,1.9,2016-09-21,A,none,Antagonist,1,1,1,application,1,0,0,0,0,0,,1,72,0
5K2D,aa2ar_human,aa2ar,Class A (Rhodopsin),Inactive,Homo sapiens,X-ray diffraction,1.9,2016-09-21,A,none,Antagonist,1,1,1,application,1,0,0,0,0,0,,1,72,0
5MZJ,aa2ar_human,aa2ar,Class A (Rhodopsin),Inactive,Homo sapiens,X-ray diffraction,2.0,2017-07-26,A,none,Antagonist,1,1,1,application,1,0,0,0,0,0,,1,71,0
5MZP,aa2ar_human,aa2ar,Class A (Rhodopsin),Inactive,Homo sapiens,X-ray diffraction,2.1,2017-07-26,A,none,Antagonist,1,1,1,application,1,0,0,0,0,0,,1,71,0
5N2R,aa2ar_human,aa2ar,Class A (Rhodopsin),Inactive,Homo sapiens,X-ray diffraction,2.8,2017-07-26,A,none,Antagonist,1,1,1,application,1,0,0,0,0,0,,1,71,0
5NLX,aa2ar_human,aa2ar,Class A (Rhodopsin),Inactive,Homo sapiens,X-ray diffraction,2.14,2017-09-27,A,none,Antagonist,1,1,1,application,1,0,0,0,0,0,,1,73,0
5NM2,aa2ar_human,aa2ar,Class A (Rhodopsin),Inactive,Homo sapiens,X-ray diffraction,1.95,2017-09-27,A,none,Antagonist,1,1,1,application,1,0,0,0,0,0,,1,72,0
5NM4,aa2ar_human,aa2ar,Class A (Rhodopsin),Inactive,Homo sapiens,X-ray diffraction,1.7,2017-09-27,A,none,Antagonist,1,1,1,application,1,0,0,0,0,0,,1,73,0
5OLG,aa2ar_human,aa2ar,Class A (Rhodopsin),Inactive,Homo sapiens,X-ray diffraction,1.87,2018-01-17,A,none,Antagonist,1,1,1,application,1,0,0,0,0,0,,1,72,0
5OLH,aa2ar_human,aa2ar,Class A (Rhodopsin),Inactive,Homo sapiens,X-ray diffraction,2.6,2018-01-17,A,none,Antagonist,1,1,1,application,1,0,0,0,0,0,,1,72,0
5OLO,aa2ar_human,aa2ar,Class A (Rhodopsin),Inactive,Homo sapiens,X-ray diffraction,3.1,2018-01-17,A,none,Antagonist,1,1,1,application,1,0,0,0,0,0,,1,72,0
5OLV,aa2ar_human,aa2ar,Class A (Rhodopsin),Inactive,Homo sapiens,X-ray diffraction,2.0,2018-01-17,A,none,Antagonist,1,1,1,application,1,0,0,0,0,0,,1,72,0
5OLZ,aa2ar_human,aa2ar,Class A (Rhodopsin),Inactive,Homo sapiens,X-ray diffraction,1.9,2018-01-17,A,none,Antagonist,1,1,1,application,1,0,0,0,0,0,,1,72,0
5OM1,aa2ar_human,aa2ar,Class A (Rhodopsin),Inactive,Homo sapiens,X-ray diffraction,2.1,2018-01-17,A,none,Antagonist,1,1,1,application,1,0,0,0,0,0,,1,72,0
5OM4,aa2ar_human,aa2ar,Class A (Rhodopsin),Inactive,Homo sapiens,X-ray diffraction,2.0,2018-01-17,A,none,Antagonist,1,1,1,application,1,0,0,0,0,0,,1,72,0
5UIG,aa2ar_human,aa2ar,Class A (Rhodopsin),Inactive,Homo sapiens,X-ray diffraction,3.5,2017-02-08,A,none,Antagonist,1,1,1,application,1,0,0,0,0,0,,18,70,0
5UVI,aa2ar_human,aa2ar,Class A (Rhodopsin),Inactive,Homo sapiens,X-ray diffraction,3.2,2017-05-24,A,none,Antagonist,1,1,1,application,1,0,0,0,0,0,,1,72,0
5VRA,aa2ar_human,aa2ar,Class A (Rhodopsin),Inactive,Homo sapiens,X-ray diffraction,2.35,2017-12-13,A,none,Antagonist,1,1,1,application,1,0,0,0,0,0,,1,72,0
6AQF,aa2ar_human,aa2ar,Class A (Rhodopsin),Inactive,Homo sapiens,X-ray diffraction,2.51,2018-01-10,A,none,Antagonist,1,1,1,application,1,0,0,0,0,0,,1,72,0
6GT3,aa2ar_human,aa2ar,Class A (Rhodopsin),Inactive,Homo sapiens,X-ray diffraction,2.0,2019-06-26,A,none,Antagonist,1,1,1,application,1,0,0,0,0,0,,1,72,0
6JZH,aa2ar_human,aa2ar,Class A (Rhodopsin),Inactive,Homo sapiens,X-ray diffraction,2.25,2019-10-30,A,none,Antagonist,1,1,1,application,1,0,0,0,0,0,,1,72,0
6LPJ,aa2ar_human,aa2ar,Class A (Rhodopsin),Inactive,Homo sapiens,X-ray diffraction,1.8,2020-11-25,A,none,Antagonist,1,1,1,application,1,0,0,0,0,0,,1,72,0
6LPK,aa2ar_human,aa2ar,Class A (Rhodopsin),Inactive,Homo sapiens,X-ray diffraction,1.8,2020-11-25,A,none,Antagonist,1,1,1,application,1,0,0,0,0,0,,1,72,0
6LPL,aa2ar_human,aa2ar,Class A (Rhodopsin),Inactive,Homo sapiens,X-ray diffraction,2.0,2020-11-25,A,none,Antagonist,1,1,1,application,1,0,0,0,0,0,,1,72,0
6MH8,aa2ar_human,aa2ar,Class A (Rhodopsin),Inactive,Homo sapiens,X-ray diffraction,4.2,2019-04-24,A,none,Antagonist,1,1,1,application,1,0,1,0,0,0,,1,72,0
6PS7,aa2ar_human,aa2ar,Class A (Rhodopsin),Inactive,Homo sapiens,X-ray diffraction,1.85,2019-11-13,A,none,Antagonist,1,1,1,application,1,0,0,0,0,0,,1,72,0
6S0L,aa2ar_human,aa2ar,Class A (Rhodopsin),Inactive,Homo sapiens,X-ray diffraction,2.65,2020-07-15,A,none,Antagonist,1,1,1,application,1,0,0,0,0,0,,1,72,0
6S0Q,aa2ar_human,aa2ar,Class A (Rhodopsin),Inactive,Homo sapiens,X-ray diffraction,2.65,2020-07-15,A,none,Antagonist,1,1,1,application,1,0,0,0,0,0,,1,72,0
6WQA,aa2ar_human,aa2ar,Class A (Rhodopsin),Inactive,Homo sapiens,X-ray diffraction,2.0,2020-11-18,A,none,Antagonist,1,1,1,application,1,0,0,0,0,0,,1,72,0
6ZDR,aa2ar_human,aa2ar,Class A (Rhodopsin),Inactive,Homo sapiens,X-ray diffraction,1.92,2020-09-16,A,none,Antagonist,1,1,1,application,1,0,0,0,0,0,,1,72,0
6ZDV,aa2ar_human,aa2ar,Class A (Rhodopsin),Inactive,Homo sapiens,X-ray diffraction,2.13,2020-09-16,A,none,Antagonist,1,1,1,application,1,0,0,0,0,0,,1,72,0
7ARO,aa2ar_human,aa2ar,Class A (Rhodopsin),Inactive,Homo sapiens,X-ray diffraction,3.12,2021-04-07,A,none,Agonist (partial),1,1,1,application,1,0,0,0,0,0,inactive_label_agonist_bound,1,72,0
7PX4,aa2ar_human,aa2ar,Class A (Rhodopsin),Inactive,Homo sapiens,X-ray diffraction,2.25,2022-03-02,A,none,Antagonist,1,1,1,application,1,0,0,0,0,0,,1,72,0
7PYR,aa2ar_human,aa2ar,Class A (Rhodopsin),Inactive,Homo sapiens,X-ray diffraction,2.6,2022-03-02,A,none,Antagonist,1,1,1,application,1,0,0,0,0,0,,1,72,0
7RM5,aa2ar_human,aa2ar,Class A (Rhodopsin),Inactive,Homo sapiens,Electron crystallography,2.79,2021-09-08,A,none,Antagonist,1,1,1,application,1,0,0,0,0,0,,1,72,0
7T32,aa2ar_human,aa2ar,Class A (Rhodopsin),Inactive,Homo sapiens,Electron microscopy,3.4,2022-08-10,A,none,Antagonist,1,1,1,application,1,0,0,0,0,0,,1,69,0
8A2O,aa2ar_human,aa2ar,Class A (Rhodopsin),Inactive,Homo sapiens,X-ray diffraction,3.45,2023-08-30,A,none,Antagonist,1,1,1,application,1,0,0,0,0,0,,1,71,0
8A2P,aa2ar_human,aa2ar,Class A (Rhodopsin),Inactive,Homo sapiens,X-ray diffraction,3.5,2023-08-30,A,none,Antagonist,1,1,1,application,1,0,0,0,0,0,,1,71,0
8C9W,aa2ar_human,aa2ar,Class A (Rhodopsin),Inactive,Homo sapiens,X-ray diffraction,2.11,2023-07-12,A,none,Antagonist,1,1,1,application,1,0,0,0,0,0,,1,72,0
8CIC,aa2ar_human,aa2ar,Class A (Rhodopsin),Inactive,Homo sapiens,X-ray diffraction,2.1,2023-05-31,A,none,Antagonist,1,1,1,application,1,0,0,0,0,0,,1,71,0
8CU6,aa2ar_human,aa2ar,Class A (Rhodopsin),Inactive,Homo sapiens,X-ray diffraction,2.8,2022-08-31,A,none,Antagonist,1,1,1,application,1,0,0,0,0,0,,1,72,0
8CU7,aa2ar_human,aa2ar,Class A (Rhodopsin),Inactive,Homo sapiens,X-ray diffraction,2.05,2022-08-31,A,none,Antagonist,1,1,1,application,1,0,0,0,0,0,,1,72,0
8DU3,aa2ar_human,aa2ar,Class A (Rhodopsin),Inactive,Homo sapiens,X-ray diffraction,2.5,2022-08-10,A,none,Antagonist,1,1,1,application,1,0,0,0,0,0,,1,72,0
8FYN,aa2ar_human,aa2ar,Class A (Rhodopsin),Inactive,Homo sapiens,Electron crystallography,2.0,2023-03-08,A,none,Antagonist,1,1,1,application,1,0,0,0,0,0,,1,72,0
8GNE,aa2ar_human,aa2ar,Class A (Rhodopsin),Inactive,Homo sapiens,X-ray diffraction,2.3,2023-03-22,A,none,Inverse agonist,1,1,1,application,1,0,0,0,0,0,,1,72,0
8GNG,aa2ar_human,aa2ar,Class A (Rhodopsin),Inactive,Homo sapiens,X-ray diffraction,3.2,2023-03-22,X,none,Antagonist,1,1,1,application,1,0,0,0,0,0,,1,69,0
8JWY,aa2ar_human,aa2ar,Class A (Rhodopsin),Inactive,Homo sapiens,X-ray diffraction,2.33,2023-08-16,A,none,Antagonist,1,1,1,application,1,0,0,0,0,0,,1,70,0
8JWZ,aa2ar_human,aa2ar,Class A (Rhodopsin),Inactive,Homo sapiens,X-ray diffraction,2.37,2023-08-16,A,none,Antagonist,1,1,1,application,1,0,0,0,0,0,,1,71,0
8PWN,aa2ar_human,aa2ar,Class A (Rhodopsin),Inactive,Homo sapiens,X-ray diffraction,2.4,2023-10-25,A,none,Antagonist,1,1,1,application,1,0,0,0,0,0,,1,72,0
8RLN,aa2ar_human,aa2ar,Class A (Rhodopsin),Inactive,Homo sapiens,X-ray diffraction,2.43,2024-06-19,A,none,Agonist (partial),1,1,1,application,1,0,0,0,0,0,inactive_label_agonist_bound,1,72,0
8RQQ,aa2ar_human,aa2ar,Class A (Rhodopsin),Inactive,Homo sapiens,X-ray diffraction,2.37,2024-04-03,A,none,Antagonist,1,1,1,application,1,0,0,0,0,0,,1,72,0
5CXV,acm1_human,acm1,Class A (Rhodopsin),Inactive,Homo sapiens,X-ray diffraction,2.7,2016-03-09,A,none,Antagonist,1,1,0,application,1,0,0,0,0,0,,3,62,0
6WJC,acm1_human,acm1,Class A (Rhodopsin),Inactive,Homo sapiens,X-ray diffraction,2.55,2020-07-08,A,none,Antagonist|NAM,1,1,0,application,1,0,0,0,0,0,,3,62,0
6ZFZ,acm1_human,acm1,Class A (Rhodopsin),Inactive,Homo sapiens,X-ray diffraction,2.17,2021-10-06,A,none,Agonist,1,1,0,application,1,0,0,0,0,0,inactive_label_agonist_bound,3,62,0
6ZG4,acm1_human,acm1,Class A (Rhodopsin),Inactive,Homo sapiens,X-ray diffraction,2.33,2021-10-06,A,none,Agonist,1,1,0,application,1,0,0,0,0,0,inactive_label_agonist_bound,3,62,0
6ZG9,acm1_human,acm1,Class A (Rhodopsin),Inactive,Homo sapiens,X-ray diffraction,2.5,2021-10-06,A,none,Agonist,1,1,0,application,1,0,0,0,0,0,inactive_label_agonist_bound,3,62,0
3UON,acm2_human,acm2,Class A (Rhodopsin),Inactive,Homo sapiens,X-ray diffraction,3.0,2012-02-01,A,none,Antagonist,1,1,1,application,1,0,0,0,0,0,,3,60,0
5YC8,acm2_human,acm2,Class A (Rhodopsin),Inactive,Homo sapiens,X-ray diffraction,2.5,2018-11-21,A,none,Antagonist,1,1,1,application,1,0,0,0,0,0,,3,60,0
5ZK3,acm2_human,acm2,Class A (Rhodopsin),Inactive,Homo sapiens,X-ray diffraction,2.6,2018-11-21,A,none,Antagonist,1,1,1,application,1,0,0,0,0,0,,3,59,0
5ZK8,acm2_human,acm2,Class A (Rhodopsin),Inactive,Homo sapiens,X-ray diffraction,3.0,2018-11-21,A,none,Antagonist,1,1,1,application,1,0,0,0,0,0,,3,59,0
5ZKB,acm2_human,acm2,Class A (Rhodopsin),Inactive,Homo sapiens,X-ray diffraction,2.95,2018-11-21,A,none,Antagonist,1,1,1,application,1,0,0,0,0,0,,3,60,0
5ZKC,acm2_human,acm2,Class A (Rhodopsin),Inactive,Homo sapiens,X-ray diffraction,2.3,2018-11-21,A,none,Antagonist,1,1,1,application,1,0,0,0,0,0,,3,60,0
4DAJ,acm3_rat,acm3,Class A (Rhodopsin),Inactive,Rattus norvegicus,X-ray diffraction,3.4,2012-02-22,A,none,Antagonist,0,1,1,calibration,1,0,0,1,0,0,,3,46,0
4U14,acm3_rat,acm3,Class A (Rhodopsin),Inactive,Rattus norvegicus,X-ray diffraction,3.57,2014-11-26,A,none,Antagonist,0,1,1,calibration,1,0,1,1,0,0,,3,47,0
4U15,acm3_rat,acm3,Class A (Rhodopsin),Inactive,Rattus norvegicus,X-ray diffraction,2.8,2014-11-26,B,none,Antagonist,0,1,1,calibration,1,0,0,1,0,0,,3,47,0
4U16,acm3_rat,acm3,Class A (Rhodopsin),Inactive,Rattus norvegicus,X-ray diffraction,3.7,2014-11-26,B,none,Antagonist,0,1,1,calibration,1,0,1,1,0,0,,3,47,0
5ZHP,acm3_rat,acm3,Class A (Rhodopsin),Inactive,Rattus norvegicus,X-ray diffraction,3.1,2018-11-28,B,none,Antagonist,0,1,1,calibration,1,0,0,1,0,0,,3,47,0
5DSG,acm4_human,acm4,Class A (Rhodopsin),Inactive,Homo sapiens,X-ray diffraction,2.6,2016-03-16,B,none,Antagonist,1,1,1,application,1,0,0,0,0,0,,3,60,0
6KP6,acm4_human,acm4,Class A (Rhodopsin),Inactive,Homo sapiens,X-ray diffraction,3.0,2020-03-11,A,none,Apo (no ligand),1,1,1,application,1,0,0,0,0,0,,3,59,0
6OL9,acm5_human,acm5,Class A (Rhodopsin),Inactive,Homo sapiens,X-ray diffraction,2.54,2019-12-11,A,none,Inverse agonist,0,0,0,calibration,0,0,0,0,0,0,,3,53,0
7YMJ,ada1a_human,ada1a,Class A (Rhodopsin),Inactive,Homo sapiens,Electron microscopy,3.35,2023-07-05,A,none,Antagonist,0,1,1,calibration,1,0,0,0,0,0,,8,60,0
8HN1,ada1a_human,ada1a,Class A (Rhodopsin),Inactive,Homo sapiens,Electron microscopy,2.9,2023-12-20,A,none,Antagonist,0,1,1,calibration,1,0,0,0,0,0,,3,57,0
7B6W,ada1b_human,ada1b,Class A (Rhodopsin),Inactive,Homo sapiens,X-ray diffraction,2.87,2022-01-12,A,none,Inverse agonist,0,0,0,calibration,0,0,0,0,0,0,,1,51,0
6KUX,ada2a_human,ada2a,Class A (Rhodopsin),Inactive,Homo sapiens,X-ray diffraction,2.7,2019-12-04,A,none,Antagonist,1,1,1,application,1,0,0,0,0,0,,1,57,0
6KUY,ada2a_human,ada2a,Class A (Rhodopsin),Inactive,Homo sapiens,X-ray diffraction,3.2,2019-12-04,A,none,Agonist (partial),1,1,1,application,1,0,0,0,0,0,inactive_label_agonist_bound,1,56,0
6KUW,ada2c_human,ada2c,Class A (Rhodopsin),Inactive,Homo sapiens,X-ray diffraction,2.8,2019-12-04,A,none,Antagonist,0,0,0,calibration,0,0,0,0,0,0,,1,60,0
7BVQ,adrb1_human,adrb1,Class A (Rhodopsin),Inactive,Homo sapiens,X-ray diffraction,2.5,2020-12-02,A,none,Inverse agonist,1,1,1,application,1,0,0,0,0,0,,0,60,0
2VT4,adrb1_melga,adrb1,Class A (Rhodopsin),Inactive,Meleagris gallopavo,X-ray diffraction,2.7,2008-06-24,B,none,Antagonist,1,1,1,application,1,0,0,1,0,0,,0,57,0
2Y00,adrb1_melga,adrb1,Class A (Rhodopsin),Inactive,Meleagris gallopavo,X-ray diffraction,2.5,2011-01-12,B,none,Agonist (partial),1,1,1,application,1,0,0,1,0,0,inactive_label_agonist_bound,0,62,0
2Y01,adrb1_melga,adrb1,Class A (Rhodopsin),Inactive,Meleagris gallopavo,X-ray diffraction,2.6,2011-03-30,A,none,Agonist (partial),1,1,1,application,1,0,0,1,0,0,inactive_label_agonist_bound,0,59,0
2Y02,adrb1_melga,adrb1,Class A (Rhodopsin),Inactive,Meleagris gallopavo,X-ray diffraction,2.6,2011-01-12,B,none,Agonist,1,1,1,application,1,0,0,1,0,0,inactive_label_agonist_bound,0,62,0
2Y03,adrb1_melga,adrb1,Class A (Rhodopsin),Inactive,Meleagris gallopavo,X-ray diffraction,2.85,2011-01-12,B,none,Agonist,1,1,1,application,1,0,0,1,0,0,inactive_label_agonist_bound,0,62,0
2Y04,adrb1_melga,adrb1,Class A (Rhodopsin),Inactive,Meleagris gallopavo,X-ray diffraction,3.05,2011-01-12,B,none,Agonist (partial),1,1,1,application,1,0,0,1,0,0,inactive_label_agonist_bound,0,62,0
2YCW,adrb1_melga,adrb1,Class A (Rhodopsin),Inactive,Meleagris gallopavo,X-ray diffraction,3.0,2011-06-01,A,none,Antagonist,1,1,1,application,1,0,0,1,0,0,,0,61,0
2YCX,adrb1_melga,adrb1,Class A (Rhodopsin),Inactive,Meleagris gallopavo,X-ray diffraction,3.25,2011-06-01,A,none,Antagonist,1,1,1,application,1,0,0,1,0,0,,0,59,0
2YCY,adrb1_melga,adrb1,Class A (Rhodopsin),Inactive,Meleagris gallopavo,X-ray diffraction,3.15,2011-06-08,A,none,Antagonist,1,1,1,application,1,0,0,1,0,0,,0,60,0
2YCZ,adrb1_melga,adrb1,Class A (Rhodopsin),Inactive,Meleagris gallopavo,X-ray diffraction,3.65,2011-06-01,B,none,Antagonist,1,1,1,application,1,0,1,1,0,0,,0,60,0
3ZPQ,adrb1_melga,adrb1,Class A (Rhodopsin),Inactive,Meleagris gallopavo,X-ray diffraction,2.8,2013-04-03,B,none,Antagonist,1,1,1,application,1,0,0,1,0,0,,0,62,0
3ZPR,adrb1_melga,adrb1,Class A (Rhodopsin),Inactive,Meleagris gallopavo,X-ray diffraction,2.7,2013-04-03,B,none,Antagonist,1,1,1,application,1,0,0,1,0,0,,0,61,0
4AMI,adrb1_melga,adrb1,Class A (Rhodopsin),Inactive,Meleagris gallopavo,X-ray diffraction,3.2,2012-05-23,A,none,Agonist,1,1,1,application,1,0,0,1,0,0,inactive_label_agonist_bound,0,58,0
4AMJ,adrb1_melga,adrb1,Class A (Rhodopsin),Inactive,Meleagris gallopavo,X-ray diffraction,2.3,2012-05-23,B,none,Inverse agonist,1,1,1,application,1,0,0,1,0,0,,0,62,0
4BVN,adrb1_melga,adrb1,Class A (Rhodopsin),Inactive,Meleagris gallopavo,X-ray diffraction,2.1,2014-04-02,A,none,Antagonist,1,1,1,application,1,0,0,1,0,0,,0,60,0
4GPO,adrb1_melga,adrb1,Class A (Rhodopsin),Inactive,Meleagris gallopavo,X-ray diffraction,3.5,2013-02-27,B,none,Apo (no ligand),1,1,1,application,1,0,0,1,0,0,,0,58,0
5A8E,adrb1_melga,adrb1,Class A (Rhodopsin),Inactive,Meleagris gallopavo,X-ray diffraction,2.4,2015-09-30,A,none,Inverse agonist,1,1,1,application,1,0,0,1,0,0,,0,59,0
5F8U,adrb1_melga,adrb1,Class A (Rhodopsin),Inactive,Meleagris gallopavo,X-ray diffraction,3.35,2015-12-23,A,none,Antagonist,1,1,1,application,1,0,0,1,0,0,,0,57,0
2R4R,adrb2_human,adrb2,Class A (Rhodopsin),Inactive,Homo sapiens,X-ray diffraction,3.4,2007-11-06,A,none,Inverse agonist,1,1,1,application,1,0,0,0,0,0,,1,52,0
2R4S,adrb2_human,adrb2,Class A (Rhodopsin),Inactive,Homo sapiens,X-ray diffraction,3.4,2007-11-06,A,none,Inverse agonist,1,1,1,application,1,0,0,0,0,0,,1,52,0
2RH1,adrb2_human,adrb2,Class A (Rhodopsin),Inactive,Homo sapiens,X-ray diffraction,2.4,2007-10-30,A,none,Inverse agonist,1,1,1,application,1,0,0,0,0,0,,0,68,0
3D4S,adrb2_human,adrb2,Class A (Rhodopsin),Inactive,Homo sapiens,X-ray diffraction,2.8,2008-06-17,A,none,Inverse agonist,1,1,1,application,1,0,0,0,0,0,,0,67,0
3KJ6,adrb2_human,adrb2,Class A (Rhodopsin),Inactive,Homo sapiens,X-ray diffraction,3.4,2010-02-16,A,none,Inverse agonist,1,1,1,application,1,0,0,0,0,0,,1,54,0
3NY8,adrb2_human,adrb2,Class A (Rhodopsin),Inactive,Homo sapiens,X-ray diffraction,2.84,2010-08-11,A,none,Inverse agonist,1,1,1,application,1,0,0,0,0,0,,0,67,0
3NY9,adrb2_human,adrb2,Class A (Rhodopsin),Inactive,Homo sapiens,X-ray diffraction,2.84,2010-08-11,A,none,Inverse agonist,1,1,1,application,1,0,0,0,0,0,,0,67,0
3NYA,adrb2_human,adrb2,Class A (Rhodopsin),Inactive,Homo sapiens,X-ray diffraction,3.16,2010-08-11,A,none,Antagonist,1,1,1,application,1,0,0,0,0,0,,0,67,0
3PDS,adrb2_human,adrb2,Class A (Rhodopsin),Inactive,Homo sapiens,X-ray diffraction,3.5,2011-01-12,A,none,Agonist,1,1,1,application,1,0,0,0,0,0,inactive_label_agonist_bound,0,68,0
4GBR,adrb2_human,adrb2,Class A (Rhodopsin),Inactive,Homo sapiens,X-ray diffraction,3.99,2012-10-24,A,none,Inverse agonist,1,1,1,application,1,0,1,0,0,0,,0,69,0
5D5A,adrb2_human,adrb2,Class A (Rhodopsin),Inactive,Homo sapiens,X-ray diffraction,2.48,2016-01-13,A,none,Inverse agonist,1,1,1,application,1,0,0,0,0,0,,0,68,0
5D5B,adrb2_human,adrb2,Class A (Rhodopsin),Inactive,Homo sapiens,X-ray diffraction,3.8,2016-01-13,A,none,Inverse agonist,1,1,1,application,1,0,1,0,0,0,,0,68,0
5D6L,adrb2_human,adrb2,Class A (Rhodopsin),Inactive,Homo sapiens,X-ray diffraction,3.2,2016-08-17,A,none,Inverse agonist,1,1,1,application,1,0,0,0,0,0,,0,68,0
5JQH,adrb2_human,adrb2,Class A (Rhodopsin),Inactive,Homo sapiens,X-ray diffraction,3.2,2016-07-13,A,none,Inverse agonist,1,1,1,application,1,0,0,0,0,0,,0,70,0
5X7D,adrb2_human,adrb2,Class A (Rhodopsin),Inactive,Homo sapiens,X-ray diffraction,2.7,2017-08-16,A,none,Allosteric antagonist|Antagonist,1,1,1,application,1,0,0,0,0,0,,0,68,0
6OBA,adrb2_human,adrb2,Class A (Rhodopsin),Inactive,Homo sapiens,X-ray diffraction,3.1,2020-03-25,A,none,Antagonist|NAM,1,1,1,application,1,0,0,0,0,0,,0,68,0
6PRZ,adrb2_human,adrb2,Class A (Rhodopsin),Inactive,Homo sapiens,X-ray diffraction,2.8,2019-11-13,A,none,Antagonist,1,1,1,application,1,0,0,0,0,0,,0,68,0
6PS0,adrb2_human,adrb2,Class A (Rhodopsin),Inactive,Homo sapiens,X-ray diffraction,3.4,2019-11-13,A,none,Antagonist,1,1,1,application,1,0,0,0,0,0,,0,68,0
6PS1,adrb2_human,adrb2,Class A (Rhodopsin),Inactive,Homo sapiens,X-ray diffraction,3.2,2019-11-13,A,none,Antagonist,1,1,1,application,1,0,0,0,0,0,,0,68,0
6PS2,adrb2_human,adrb2,Class A (Rhodopsin),Inactive,Homo sapiens,X-ray diffraction,2.4,2019-11-13,A,none,Antagonist,1,1,1,application,1,0,0,0,0,0,,0,68,0
6PS3,adrb2_human,adrb2,Class A (Rhodopsin),Inactive,Homo sapiens,X-ray diffraction,2.5,2019-11-13,A,none,Antagonist,1,1,1,application,1,0,0,0,0,0,,0,68,0
6PS4,adrb2_human,adrb2,Class A (Rhodopsin),Inactive,Homo sapiens,X-ray diffraction,2.6,2019-11-13,A,none,Antagonist,1,1,1,application,1,0,0,0,0,0,,0,68,0
6PS5,adrb2_human,adrb2,Class A (Rhodopsin),Inactive,Homo sapiens,X-ray diffraction,2.9,2019-11-13,A,none,Antagonist,1,1,1,application,1,0,0,0,0,0,,0,68,0
6PS6,adrb2_human,adrb2,Class A (Rhodopsin),Inactive,Homo sapiens,X-ray diffraction,2.7,2019-11-13,A,none,Antagonist,1,1,1,application,1,0,0,0,0,0,,0,68,0
8JJL,adrb2_human,adrb2,Class A (Rhodopsin),Inactive,Homo sapiens,Electron microscopy,3.2,2023-09-06,A,none,Agonist,1,1,1,application,1,0,0,0,0,0,inactive_label_agonist_bound,0,68,0
8JJO,adrb2_human,adrb2,Class A (Rhodopsin),Inactive,Homo sapiens,Electron microscopy,3.4,2023-09-06,F,none,Antagonist,1,1,1,application,1,0,0,0,0,0,,0,65,0
8W1V,adrb2_human,adrb2,Class A (Rhodopsin),Inactive,Homo sapiens,X-ray diffraction,3.0,2024-07-17,A,none,Antagonist,1,1,1,application,1,0,0,0,0,0,,0,68,0
4YAY,agtr1_human,agtr1,Class A (Rhodopsin),Inactive,Homo sapiens,X-ray diffraction,2.9,2015-04-22,A,none,Antagonist,1,1,0,application,1,0,0,0,0,0,,8,79,0
4ZUD,agtr1_human,agtr1,Class A (Rhodopsin),Inactive,Homo sapiens,X-ray diffraction,2.8,2015-10-07,A,none,Inverse agonist,1,1,0,application,1,0,0,0,0,0,,8,75,0
8TH3,agtr1_human,agtr1,Class A (Rhodopsin),Inactive,Homo sapiens,Electron microscopy,3.0,2024-05-22,A,none,Antagonist,1,1,0,application,1,0,0,0,0,0,,8,81,0
8TH4,agtr1_human,agtr1,Class A (Rhodopsin),Inactive,Homo sapiens,Electron microscopy,3.3,2024-05-22,A,none,Antagonist,1,1,0,application,1,0,0,0,0,0,,8,78,0
5VBL,apj_human,apj,Class A (Rhodopsin),Inactive,Homo sapiens,X-ray diffraction,2.6,2017-05-31,B,none,Agonist,1,1,0,application,1,0,0,0,0,0,inactive_label_agonist_bound,8,79,0
6KNM,apj_human,apj,Class A (Rhodopsin),Inactive,Homo sapiens,X-ray diffraction,3.2,2020-01-29,B,none,Agonist,1,1,0,application,1,0,0,0,0,0,inactive_label_agonist_bound,8,78,0
7SUS,apj_human,apj,Class A (Rhodopsin),Inactive,Homo sapiens,X-ray diffraction,2.7,2022-07-27,A,none,Agonist,1,1,0,application,1,0,0,0,0,0,inactive_label_agonist_bound,8,76,0
8S4D,apj_human,apj,Class A (Rhodopsin),Inactive,Homo sapiens,X-ray diffraction,2.58,2024-12-04,A,none,Agonist,1,1,0,application,1,0,0,0,0,0,inactive_label_agonist_bound,16,73,0
6I9K,b1b1u5_9arac,b1b1u5,Class A (Rhodopsin),Inactive,Hasarius adansoni,X-ray diffraction,2.15,2019-07-03,A,none,Inverse agonist,1,1,1,application,1,0,0,1,0,0,,9,83,0
5O9H,c5ar1_human,c5ar1,Class A (Rhodopsin),Inactive,Homo sapiens,X-ray diffraction,2.7,2018-01-10,A,none,Antagonist,0,1,0,calibration,1,0,0,0,0,0,,6,84,0
6C1Q,c5ar1_human,c5ar1,Class A (Rhodopsin),Inactive,Homo sapiens,X-ray diffraction,2.9,2018-05-30,B,none,Antagonist|NAM,0,1,0,calibration,1,0,0,0,0,0,,6,82,0
6C1R,c5ar1_human,c5ar1,Class A (Rhodopsin),Inactive,Homo sapiens,X-ray diffraction,2.2,2018-05-30,B,none,Antagonist|NAM,0,1,0,calibration,1,0,0,0,0,0,,6,83,0
7F8U,cckar_human,cckar,Class A (Rhodopsin),Inactive,Homo sapiens,X-ray diffraction,2.8,2021-10-13,A,none,Antagonist,1,1,1,application,1,0,0,0,0,0,,1,65,0
7F8X,cckar_human,cckar,Class A (Rhodopsin),Inactive,Homo sapiens,X-ray diffraction,3.0,2021-12-29,A,none,Agonist,1,1,1,application,1,0,0,0,0,0,inactive_label_agonist_bound,1,66,0
7F8Y,cckar_human,cckar,Class A (Rhodopsin),Inactive,Homo sapiens,X-ray diffraction,2.5,2021-10-13,A,none,Antagonist,1,1,1,application,1,0,0,0,0,0,,1,65,0
5T1A,ccr2_human,ccr2,Class A (Rhodopsin),Inactive,Homo sapiens,X-ray diffraction,2.81,2016-12-14,A,none,Allosteric antagonist|Antagonist,0,1,1,calibration,1,0,0,0,0,0,,9,76,0
6GPS,ccr2_human,ccr2,Class A (Rhodopsin),Inactive,Homo sapiens,X-ray diffraction,3.3,2019-01-02,A,none,Antagonist,0,1,1,calibration,1,0,0,0,0,0,,9,74,0
6GPX,ccr2_human,ccr2,Class A (Rhodopsin),Inactive,Homo sapiens,X-ray diffraction,2.7,2019-01-02,B,none,Antagonist,0,1,1,calibration,1,0,0,0,0,0,,9,70,0
4MBS,ccr5_human,ccr5,Class A (Rhodopsin),Inactive,Homo sapiens,X-ray diffraction,2.71,2013-09-11,A,none,Antagonist,1,1,1,application,1,0,0,0,0,0,,9,83,0
5UIW,ccr5_human,ccr5,Class A (Rhodopsin),Inactive,Homo sapiens,X-ray diffraction,2.2,2017-06-28,A,none,Antagonist,1,1,1,application,1,0,0,0,0,0,,9,85,0
6AKX,ccr5_human,ccr5,Class A (Rhodopsin),Inactive,Homo sapiens,X-ray diffraction,2.8,2018-10-24,B,none,Antagonist,1,1,1,application,1,0,0,0,0,0,,9,82,0
6AKY,ccr5_human,ccr5,Class A (Rhodopsin),Inactive,Homo sapiens,X-ray diffraction,2.8,2018-10-24,A,none,Antagonist,1,1,1,application,1,0,0,0,0,0,,9,81,0
6MEO,ccr5_human,ccr5,Class A (Rhodopsin),Inactive,Homo sapiens,Electron microscopy,3.9,2018-12-12,B,none,Antagonist,1,1,1,application,1,0,1,0,0,0,,9,89,0
6MET,ccr5_human,ccr5,Class A (Rhodopsin),Inactive,Homo sapiens,Electron microscopy,4.5,2018-12-12,B,none,Antagonist,1,1,1,application,1,0,1,0,0,0,,9,89,0
7F1T,ccr5_human,ccr5,Class A (Rhodopsin),Inactive,Homo sapiens,X-ray diffraction,2.6,2021-07-14,A,none,Agonist,1,1,1,application,1,0,0,0,0,0,inactive_label_agonist_bound,9,86,0
9D3E,ccr6_human,ccr6,Class A (Rhodopsin),Inactive,Homo sapiens,Electron microscopy,3.02,2024-09-11,A,none,Allosteric antagonist|Antagonist,0,1,1,calibration,1,0,0,0,0,0,,5,66,0
9D3G,ccr6_human,ccr6,Class A (Rhodopsin),Inactive,Homo sapiens,Electron microscopy,3.26,2024-09-11,A,none,Antagonist|NAM,0,1,1,calibration,1,0,0,0,0,0,,5,72,0
6QZH,ccr7_human,ccr7,Class A (Rhodopsin),Inactive,Homo sapiens,X-ray diffraction,2.1,2019-09-04,A,none,Allosteric antagonist,0,0,0,calibration,0,0,0,0,0,0,,5,71,0
8TLM,ccr8_human,ccr8,Class A (Rhodopsin),Inactive,Homo sapiens,Electron microscopy,2.9,2023-12-20,C,none,Antagonist,0,1,1,calibration,1,0,0,0,0,0,,9,75,0
5LWE,ccr9_human,ccr9,Class A (Rhodopsin),Inactive,Homo sapiens,X-ray diffraction,2.8,2016-12-07,B,none,Allosteric antagonist,0,0,0,calibration,0,0,0,0,0,0,,47,67,0
5TGZ,cnr1_human,cnr1,Class A (Rhodopsin),Inactive,Homo sapiens,X-ray diffraction,2.8,2016-11-02,A,none,Antagonist,1,1,1,application,1,0,0,0,0,0,,7,61,0
5U09,cnr1_human,cnr1,Class A (Rhodopsin),Inactive,Homo sapiens,X-ray diffraction,2.6,2016-12-07,A,none,Inverse agonist,1,1,1,application,1,0,0,0,0,0,,7,60,0
6KQI,cnr1_human,cnr1,Class A (Rhodopsin),Inactive,Homo sapiens,X-ray diffraction,3.25,2019-10-23,A,none,Agonist|NAM,1,1,1,application,1,0,0,0,0,0,,7,60,0
7FEE,cnr1_human,cnr1,Class A (Rhodopsin),Inactive,Homo sapiens,X-ray diffraction,2.7,2022-06-15,A,none,Agonist|PAM,1,1,1,application,1,0,0,0,0,0,inactive_label_agonist_bound,7,61,0
9B9Y,cnr1_human,cnr1,Class A (Rhodopsin),Inactive,Homo sapiens,Electron microscopy,3.5,2024-11-20,R,none,Inverse agonist,1,1,1,application,1,0,0,0,0,0,,7,60,0
9B9Z,cnr1_human,cnr1,Class A (Rhodopsin),Inactive,Homo sapiens,Electron microscopy,3.3,2024-11-20,R,none,Inverse agonist,1,1,1,application,1,0,0,0,0,0,,7,60,0
9BA0,cnr1_human,cnr1,Class A (Rhodopsin),Inactive,Homo sapiens,Electron microscopy,3.13,2024-11-20,R,none,Inverse agonist,1,1,1,application,1,0,0,0,0,0,,7,60,0
5ZTY,cnr2_human,cnr2,Class A (Rhodopsin),Inactive,Homo sapiens,X-ray diffraction,2.8,2019-01-30,A,none,Antagonist,1,1,0,application,1,0,0,0,0,0,,4,80,0
6KPC,cnr2_human,cnr2,Class A (Rhodopsin),Inactive,Homo sapiens,X-ray diffraction,3.2,2020-02-12,A,none,Agonist,1,1,0,application,1,0,0,0,0,0,inactive_label_agonist_bound,4,79,0
6LFL,cxcr2_human,cxcr2,Class A (Rhodopsin),Inactive,Homo sapiens,X-ray diffraction,3.2,2020-09-02,A,none,Allosteric antagonist,1,1,0,application,1,0,0,0,0,0,,5,76,0
8HNN,cxcr3_human,cxcr3,Class A (Rhodopsin),Inactive,Homo sapiens,Electron microscopy,3.6,2023-11-29,R,none,Antagonist,0,1,1,calibration,1,0,1,0,0,0,,8,70,0
8K2W,cxcr3_human,cxcr3,Class A (Rhodopsin),Inactive,Homo sapiens,Electron microscopy,3.0,2023-11-29,R,none,Agonist,0,1,1,calibration,1,0,0,0,0,0,inactive_label_agonist_bound,8,71,0
3ODU,cxcr4_human,cxcr4,Class A (Rhodopsin),Inactive,Homo sapiens,X-ray diffraction,2.5,2010-10-27,A,none,Antagonist,1,1,1,application,1,0,0,0,0,0,,8,83,0
3OE0,cxcr4_human,cxcr4,Class A (Rhodopsin),Inactive,Homo sapiens,X-ray diffraction,2.9,2010-10-27,A,none,Antagonist,1,1,1,application,1,0,0,0,0,0,,8,78,0
3OE6,cxcr4_human,cxcr4,Class A (Rhodopsin),Inactive,Homo sapiens,X-ray diffraction,3.2,2010-10-27,A,none,Antagonist,1,1,1,application,1,0,0,0,0,0,,8,77,0
3OE8,cxcr4_human,cxcr4,Class A (Rhodopsin),Inactive,Homo sapiens,X-ray diffraction,3.1,2010-10-27,A,none,Antagonist,1,1,1,application,1,0,0,0,0,0,,8,76,0
3OE9,cxcr4_human,cxcr4,Class A (Rhodopsin),Inactive,Homo sapiens,X-ray diffraction,3.1,2010-10-27,A,none,Antagonist,1,1,1,application,1,0,0,0,0,0,,8,74,0
4RWS,cxcr4_human,cxcr4,Class A (Rhodopsin),Inactive,Homo sapiens,X-ray diffraction,3.1,2015-02-11,A,none,Antagonist,1,1,1,application,1,0,0,0,0,0,,8,78,0
8U4R,cxcr4_human,cxcr4,Class A (Rhodopsin),Inactive,Homo sapiens,Electron microscopy,3.1,2024-03-13,R,none,Agonist,1,1,1,application,1,0,0,0,0,0,inactive_label_agonist_bound,8,79,0
8U4T,cxcr4_human,cxcr4,Class A (Rhodopsin),Inactive,Homo sapiens,Electron microscopy,3.38,2024-03-13,R,none,Agonist,1,1,1,application,1,0,0,0,0,0,inactive_label_agonist_bound,8,79,0
6CM4,drd2_human,drd2,Class A (Rhodopsin),Inactive,Homo sapiens,X-ray diffraction,2.87,2018-03-14,A,none,Inverse agonist,1,1,1,application,1,0,0,0,0,0,,1,59,0
6LUQ,drd2_human,drd2,Class A (Rhodopsin),Inactive,Homo sapiens,X-ray diffraction,3.1,2020-03-04,A,none,Antagonist,1,1,1,application,1,0,0,0,0,0,,1,59,0
7DFP,drd2_human,drd2,Class A (Rhodopsin),Inactive,Homo sapiens,X-ray diffraction,3.1,2020-12-30,A,none,Antagonist,1,1,1,application,1,0,0,0,0,0,,1,57,0
3PBL,drd3_human,drd3,Class A (Rhodopsin),Inactive,Homo sapiens,X-ray diffraction,2.89,2010-11-03,A,none,Antagonist,1,1,0,application,1,0,0,0,0,0,,1,68,0
5WIU,drd4_human,drd4,Class A (Rhodopsin),Inactive,Homo sapiens,X-ray diffraction,1.96,2017-10-18,A,none,Antagonist,0,1,1,calibration,1,0,0,0,0,0,,1,64,0
5WIV,drd4_human,drd4,Class A (Rhodopsin),Inactive,Homo sapiens,X-ray diffraction,2.14,2017-10-18,A,none,Antagonist,0,1,1,calibration,1,0,0,0,0,0,,1,65,0
6IQL,drd4_mouse,drd4,Class A (Rhodopsin),Inactive,Mus musculus,X-ray diffraction,3.5,2019-12-04,A,none,Antagonist,0,1,1,calibration,1,0,0,1,0,0,,16,65,0
8XVJ,ednra_human,ednra,Class A (Rhodopsin),Inactive,Homo sapiens,Electron microscopy,3.26,2024-08-28,R,none,Antagonist,1,1,1,application,1,0,0,0,0,0,,9,68,0
8XVK,ednra_human,ednra,Class A (Rhodopsin),Inactive,Homo sapiens,Electron microscopy,3.21,2024-08-28,R,none,Antagonist,1,1,1,application,1,0,0,0,0,0,,9,67,0
8XVL,ednra_human,ednra,Class A (Rhodopsin),Inactive,Homo sapiens,Electron microscopy,3.22,2024-08-28,R,none,Antagonist,1,1,1,application,1,0,0,0,0,0,,9,66,0
5GLH,ednrb_human,ednrb,Class A (Rhodopsin),Inactive,Homo sapiens,X-ray diffraction,2.8,2016-09-07,A,none,Agonist,1,1,1,application,1,0,0,0,0,0,inactive_label_agonist_bound,16,66,0
5GLI,ednrb_human,ednrb,Class A (Rhodopsin),Inactive,Homo sapiens,X-ray diffraction,2.5,2016-09-07,A,none,Apo (no ligand),1,1,1,application,1,0,0,0,0,0,,3,71,0
5X93,ednrb_human,ednrb,Class A (Rhodopsin),Inactive,Homo sapiens,X-ray diffraction,2.2,2017-08-16,A,none,Antagonist,1,1,1,application,1,0,0,0,0,0,,3,71,0
5XPR,ednrb_human,ednrb,Class A (Rhodopsin),Inactive,Homo sapiens,X-ray diffraction,3.6,2017-08-16,A,none,Antagonist,1,1,1,application,1,0,1,0,0,0,,3,69,0
6IGK,ednrb_human,ednrb,Class A (Rhodopsin),Inactive,Homo sapiens,X-ray diffraction,2.0,2018-11-21,A,none,Agonist,1,1,1,application,1,0,0,0,0,0,inactive_label_agonist_bound,3,70,0
6IGL,ednrb_human,ednrb,Class A (Rhodopsin),Inactive,Homo sapiens,X-ray diffraction,2.7,2018-11-21,A,none,Agonist (partial),1,1,1,application,1,0,0,0,0,0,inactive_label_agonist_bound,3,70,0
6K1Q,ednrb_human,ednrb,Class A (Rhodopsin),Inactive,Homo sapiens,X-ray diffraction,2.7,2019-07-17,A,none,Inverse agonist,1,1,1,application,1,0,0,0,0,0,,3,68,0
6LRY,ednrb_human,ednrb,Class A (Rhodopsin),Inactive,Homo sapiens,X-ray diffraction,3.0,2020-02-12,A,none,Agonist,1,1,1,application,1,0,0,0,0,0,inactive_label_agonist_bound,16,70,0
8I2H,fshr_human,fshr,Class A (Rhodopsin),Inactive,Homo sapiens,Electron microscopy,6.0,2023-03-22,A,none,Apo (no ligand),1,1,1,application,1,0,1,0,0,0,,16,82,0
6KO5,ghsr_human,ghsr,Class A (Rhodopsin),Inactive,Homo sapiens,X-ray diffraction,3.3,2020-08-12,A,none,Antagonist,1,1,1,application,1,0,0,0,0,0,,1,80,0
7F83,ghsr_human,ghsr,Class A (Rhodopsin),Inactive,Homo sapiens,X-ray diffraction,2.94,2022-01-19,A,none,Inverse agonist,1,1,1,application,1,0,0,0,0,0,,14,78,0
7BR3,gnrhr_human,gnrhr,Class A (Rhodopsin),Inactive,Homo sapiens,X-ray diffraction,2.79,2020-10-07,A,none,Antagonist,0,0,0,calibration,0,0,0,0,0,0,,16,84,0
6LI0,gpr52_human,gpr52,Class A (Rhodopsin),Inactive,Homo sapiens,X-ray diffraction,2.2,2020-02-26,A,none,Agonist,0,1,0,calibration,1,0,0,0,0,0,inactive_label_agonist_bound,36,81,0
6LI1,gpr52_human,gpr52,Class A (Rhodopsin),Inactive,Homo sapiens,X-ray diffraction,2.9,2020-02-26,A,none,Apo (no ligand),0,1,0,calibration,1,0,0,0,0,0,,36,81,0
6LI2,gpr52_human,gpr52,Class A (Rhodopsin),Inactive,Homo sapiens,X-ray diffraction,2.8,2020-02-26,A,none,Apo (no ligand),0,1,0,calibration,1,0,0,0,0,0,,36,80,0
8T1V,gpr6_human,gpr6,Class A (Rhodopsin),Inactive,Homo sapiens,X-ray diffraction,2.6,2024-12-04,A,none,Inverse agonist,0,1,1,calibration,1,0,0,0,0,0,,1,73,0
8T1W,gpr6_human,gpr6,Class A (Rhodopsin),Inactive,Homo sapiens,X-ray diffraction,3.49,2024-12-04,A,none,Inverse agonist,0,1,1,calibration,1,0,0,0,0,0,,1,73,0
7W41,grpr_human,grpr,Class A (Rhodopsin),Inactive,Homo sapiens,X-ray diffraction,2.95,2023-02-22,A,none,Antagonist,1,1,0,application,1,0,0,0,0,0,,8,75,0
3RZE,hrh1_human,hrh1,Class A (Rhodopsin),Inactive,Homo sapiens,X-ray diffraction,3.1,2011-06-15,A,none,Antagonist,1,1,1,application,1,0,0,0,0,0,,3,55,0
8X5X,hrh1_human,hrh1,Class A (Rhodopsin),Inactive,Homo sapiens,Electron microscopy,3.5,2024-01-17,B,none,Apo (no ligand),1,1,1,application,1,0,0,0,0,0,,3,52,0
8X5Y,hrh1_human,hrh1,Class A (Rhodopsin),Inactive,Homo sapiens,Electron microscopy,3.0,2024-01-17,B,none,Antagonist,1,1,1,application,1,0,0,0,0,0,,3,55,0
8X63,hrh1_human,hrh1,Class A (Rhodopsin),Inactive,Homo sapiens,Electron microscopy,3.2,2024-01-17,B,none,Antagonist,1,1,1,application,1,0,0,0,0,0,,3,55,0
8X64,hrh1_human,hrh1,Class A (Rhodopsin),Inactive,Homo sapiens,Electron microscopy,3.4,2024-01-17,B,none,Antagonist,1,1,1,application,1,0,0,0,0,0,,3,53,0
7UL3,hrh2_human,hrh2,Class A (Rhodopsin),Inactive,Homo sapiens,Electron microscopy,3.0,2022-06-29,A,none,Antagonist,0,1,1,calibration,1,0,0,0,0,0,,8,75,0
7F61,hrh3_human,hrh3,Class A (Rhodopsin),Inactive,Homo sapiens,X-ray diffraction,2.6,2022-10-26,A,none,Antagonist,1,1,1,application,1,0,0,0,0,0,,12,68,0
8WVU,lgr4_human,lgr4,Class A (Rhodopsin),Inactive,Homo sapiens,Electron microscopy,3.61,2024-10-30,A,none,Agonist,0,0,0,calibration,0,0,1,0,0,0,inactive_label_agonist_bound,8,77,0
8WVV,lgr4_human,lgr4,Class A (Rhodopsin),Inactive,Homo sapiens,Electron microscopy,3.35,2024-10-30,A,none,Apo (no ligand),0,0,0,calibration,0,0,0,0,0,0,,8,75,0
8WVW,lgr4_human,lgr4,Class A (Rhodopsin),Inactive,Homo sapiens,Electron microscopy,3.53,2024-10-30,A,none,Apo (no ligand),0,0,0,calibration,0,0,1,0,0,0,,8,76,0
8WVX,lgr4_human,lgr4,Class A (Rhodopsin),Inactive,Homo sapiens,Electron microscopy,3.32,2024-10-30,A,none,Agonist,0,0,0,calibration,0,0,0,0,0,0,inactive_label_agonist_bound,8,76,0
8WVY,lgr4_human,lgr4,Class A (Rhodopsin),Inactive,Homo sapiens,Electron microscopy,3.29,2024-10-30,A,none,Agonist,0,0,0,calibration,0,0,0,0,0,0,inactive_label_agonist_bound,8,77,0
8XFP,lgr4_human,lgr4,Class A (Rhodopsin),Inactive,Homo sapiens,Electron microscopy,3.21,2024-12-04,A,none,Agonist,0,0,0,calibration,0,0,0,0,0,0,inactive_label_agonist_bound,8,77,0
8XFS,lgr4_human,lgr4,Class A (Rhodopsin),Inactive,Homo sapiens,Electron microscopy,3.2,2024-12-04,A,none,Agonist,0,0,0,calibration,0,0,0,0,0,0,inactive_label_agonist_bound,8,77,0
8XFT,lgr4_human,lgr4,Class A (Rhodopsin),Inactive,Homo sapiens,Electron microscopy,3.24,2024-12-04,A,none,Agonist,0,0,0,calibration,0,0,0,0,0,0,inactive_label_agonist_bound,8,77,0
8Y69,lgr4_human,lgr4,Class A (Rhodopsin),Inactive,Homo sapiens,Electron microscopy,3.38,2024-12-04,D,none,Agonist,0,0,0,calibration,0,0,0,0,0,0,inactive_label_agonist_bound,8,77,0
4Z34,lpar1_human,lpar1,Class A (Rhodopsin),Inactive,Homo sapiens,X-ray diffraction,3.0,2015-06-03,A,none,Antagonist,1,1,0,application,1,0,0,0,0,0,,1,80,0
4Z35,lpar1_human,lpar1,Class A (Rhodopsin),Inactive,Homo sapiens,X-ray diffraction,2.9,2015-06-03,A,none,Antagonist,1,1,0,application,1,0,0,0,0,0,,1,80,0
4Z36,lpar1_human,lpar1,Class A (Rhodopsin),Inactive,Homo sapiens,X-ray diffraction,2.9,2015-06-03,A,none,Antagonist,1,1,0,application,1,0,0,0,0,0,,1,79,0
7FIJ,lshr_human,lshr,Class A (Rhodopsin),Inactive,Homo sapiens,Electron microscopy,3.8,2021-09-29,R,none,Apo (no ligand),1,1,1,application,1,0,1,0,0,0,,8,80,0
7K15,lt4r1_human,lt4r1,Class A (Rhodopsin),Inactive,Homo sapiens,X-ray diffraction,2.88,2021-02-17,A,none,Antagonist,1,1,0,application,1,0,0,0,0,0,,9,85,0
8YNS,mchr1_human,mchr1,Class A (Rhodopsin),Inactive,Homo sapiens,Electron microscopy,3.33,2024-12-18,R,none,Antagonist,1,1,1,application,1,0,0,0,0,0,,8,65,0
8YNT,mchr1_human,mchr1,Class A (Rhodopsin),Inactive,Homo sapiens,Electron microscopy,3.43,2024-12-18,R,none,Antagonist,1,1,1,application,1,0,0,0,0,0,,8,69,0
6ME2,mtr1a_human,mtr1a,Class A (Rhodopsin),Inactive,Homo sapiens,X-ray diffraction,2.8,2019-04-24,A,none,Agonist,0,1,1,calibration,1,0,0,0,0,0,inactive_label_agonist_bound,1,83,0
6ME3,mtr1a_human,mtr1a,Class A (Rhodopsin),Inactive,Homo sapiens,X-ray diffraction,2.9,2019-04-24,A,none,Agonist,0,1,1,calibration,1,0,0,0,0,0,inactive_label_agonist_bound,1,82,0
6ME4,mtr1a_human,mtr1a,Class A (Rhodopsin),Inactive,Homo sapiens,X-ray diffraction,3.2,2019-04-24,A,none,Agonist,0,1,1,calibration,1,0,0,0,0,0,inactive_label_agonist_bound,1,83,0
6ME5,mtr1a_human,mtr1a,Class A (Rhodopsin),Inactive,Homo sapiens,X-ray diffraction,3.2,2019-04-24,A,none,Agonist,0,1,1,calibration,1,0,0,0,0,0,inactive_label_agonist_bound,1,83,0
6PS8,mtr1a_human,mtr1a,Class A (Rhodopsin),Inactive,Homo sapiens,X-ray diffraction,3.3,2019-11-13,A,none,Agonist,0,1,1,calibration,1,0,0,0,0,0,inactive_label_agonist_bound,1,83,0
6ME6,mtr1b_human,mtr1b,Class A (Rhodopsin),Inactive,Homo sapiens,X-ray diffraction,2.8,2019-04-24,B,none,Agonist,0,1,0,calibration,1,0,0,0,0,0,inactive_label_agonist_bound,1,78,0
6ME7,mtr1b_human,mtr1b,Class A (Rhodopsin),Inactive,Homo sapiens,X-ray diffraction,3.2,2019-04-24,A,none,Agonist,0,1,0,calibration,1,0,0,0,0,0,inactive_label_agonist_bound,1,79,0
6ME8,mtr1b_human,mtr1b,Class A (Rhodopsin),Inactive,Homo sapiens,X-ray diffraction,3.1,2019-04-24,B,none,Agonist,0,1,0,calibration,1,0,0,0,0,0,inactive_label_agonist_bound,1,78,0
6ME9,mtr1b_human,mtr1b,Class A (Rhodopsin),Inactive,Homo sapiens,X-ray diffraction,3.3,2019-04-24,B,none,Agonist,0,1,0,calibration,1,0,0,0,0,0,inactive_label_agonist_bound,1,79,0
6E59,nk1r_human,nk1r,Class A (Rhodopsin),Inactive,Homo sapiens,X-ray diffraction,3.4,2018-12-12,A,none,Antagonist,0,1,1,calibration,1,0,0,0,0,0,,1,70,0
6HLL,nk1r_human,nk1r,Class A (Rhodopsin),Inactive,Homo sapiens,X-ray diffraction,3.27,2019-01-16,A,none,Antagonist,0,1,1,calibration,1,0,0,0,0,0,,1,67,0
6HLO,nk1r_human,nk1r,Class A (Rhodopsin),Inactive,Homo sapiens,X-ray diffraction,2.4,2019-01-16,A,none,Antagonist,0,1,1,calibration,1,0,0,0,0,0,,1,70,0
6HLP,nk1r_human,nk1r,Class A (Rhodopsin),Inactive,Homo sapiens,X-ray diffraction,2.2,2019-01-16,A,none,Antagonist,0,1,1,calibration,1,0,0,0,0,0,,1,71,0
6J20,nk1r_human,nk1r,Class A (Rhodopsin),Inactive,Homo sapiens,X-ray diffraction,2.7,2019-03-06,A,none,Antagonist,0,1,1,calibration,1,0,0,0,0,0,,1,71,0
6J21,nk1r_human,nk1r,Class A (Rhodopsin),Inactive,Homo sapiens,X-ray diffraction,3.2,2019-03-06,A,none,Antagonist,0,1,1,calibration,1,0,0,0,0,0,,1,71,0
5ZBH,npy1r_human,npy1r,Class A (Rhodopsin),Inactive,Homo sapiens,X-ray diffraction,3.0,2018-04-25,A,none,Antagonist,1,1,0,application,1,0,0,0,0,0,,1,78,0
5ZBQ,npy1r_human,npy1r,Class A (Rhodopsin),Inactive,Homo sapiens,X-ray diffraction,2.7,2018-04-25,A,none,Antagonist,1,1,0,application,1,0,0,0,0,0,,1,80,0
7DDZ,npy2r_human,npy2r,Class A (Rhodopsin),Inactive,Homo sapiens,X-ray diffraction,2.8,2021-01-27,A,none,Antagonist,1,1,1,application,1,0,0,0,0,0,,1,76,0
7UL2,ntr1_human,ntr1,Class A (Rhodopsin),Inactive,Homo sapiens,Electron microscopy,2.4,2022-06-29,R,none,Inverse agonist,0,1,1,calibration,1,0,0,0,0,0,,8,69,0
3ZEV,ntr1_rat,ntr1,Class A (Rhodopsin),Inactive,Rattus norvegicus,X-ray diffraction,3.0,2014-01-29,A,none,Agonist,0,1,1,calibration,1,0,0,1,0,0,inactive_label_agonist_bound,2,72,0
4BUO,ntr1_rat,ntr1,Class A (Rhodopsin),Inactive,Rattus norvegicus,X-ray diffraction,2.75,2014-01-29,A,none,Agonist,0,1,1,calibration,1,0,0,1,0,0,inactive_label_agonist_bound,2,72,0
4BV0,ntr1_rat,ntr1,Class A (Rhodopsin),Inactive,Rattus norvegicus,X-ray diffraction,3.1,2014-01-29,A,none,Agonist,0,1,1,calibration,1,0,0,1,0,0,inactive_label_agonist_bound,2,70,0
4BWB,ntr1_rat,ntr1,Class A (Rhodopsin),Inactive,Rattus norvegicus,X-ray diffraction,3.57,2014-01-29,A,none,Agonist,0,1,1,calibration,1,0,1,1,0,0,inactive_label_agonist_bound,2,72,0
6YVR,ntr1_rat,ntr1,Class A (Rhodopsin),Inactive,Rattus norvegicus,X-ray diffraction,2.46,2021-02-10,B,none,Agonist,0,1,1,calibration,1,0,0,1,0,0,inactive_label_agonist_bound,2,83,0
6Z4Q,ntr1_rat,ntr1,Class A (Rhodopsin),Inactive,Rattus norvegicus,X-ray diffraction,2.92,2021-02-10,A,none,Inverse agonist,0,1,1,calibration,1,0,0,1,0,0,,30,75,0
6Z4S,ntr1_rat,ntr1,Class A (Rhodopsin),Inactive,Rattus norvegicus,X-ray diffraction,2.71,2021-02-10,A,none,Inverse agonist,0,1,1,calibration,1,0,0,1,0,0,,2,77,0
6ZIN,ntr1_rat,ntr1,Class A (Rhodopsin),Inactive,Rattus norvegicus,X-ray diffraction,2.64,2021-02-10,A,none,Inverse agonist,0,1,1,calibration,1,0,0,1,0,0,,30,76,0
4N6H,oprd_human,oprd,Class A (Rhodopsin),Inactive,Homo sapiens,X-ray diffraction,1.8,2013-12-25,A,none,Antagonist,1,1,0,application,1,0,0,0,0,0,,8,81,0
4RWA,oprd_human,oprd,Class A (Rhodopsin),Inactive,Homo sapiens,X-ray diffraction,3.28,2015-01-14,A,none,Antagonist,1,1,0,application,1,0,0,0,0,0,,8,77,0
4RWD,oprd_human,oprd,Class A (Rhodopsin),Inactive,Homo sapiens,X-ray diffraction,2.7,2015-01-14,A,none,Antagonist,1,1,0,application,1,0,0,0,0,0,,8,79,0
4EJ4,oprd_mouse,oprd,Class A (Rhodopsin),Inactive,Mus musculus,X-ray diffraction,3.4,2012-05-16,A,none,Antagonist,1,1,0,application,1,0,0,1,0,0,,8,76,0
4DJH,oprk_human,oprk,Class A (Rhodopsin),Inactive,Homo sapiens,X-ray diffraction,2.9,2012-03-21,A,none,Antagonist,1,1,1,application,1,0,0,0,0,0,,8,76,0
6VI4,oprk_human,oprk,Class A (Rhodopsin),Inactive,Homo sapiens,X-ray diffraction,3.3,2020-03-18,B,none,Antagonist,1,1,1,application,1,0,0,0,0,0,,8,73,0
4DKL,oprm_mouse,oprm,Class A (Rhodopsin),Inactive,Mus musculus,X-ray diffraction,2.8,2012-03-21,A,none,Antagonist,0,1,1,calibration,1,0,0,1,0,0,,8,71,0
7UL4,oprm_mouse,oprm,Class A (Rhodopsin),Inactive,Mus musculus,Electron microscopy,2.8,2022-06-29,A,none,Antagonist,0,1,1,calibration,1,0,0,1,0,0,,8,72,0
8QOT,oprm_mouse,oprm,Class A (Rhodopsin),Inactive,Mus musculus,Electron microscopy,3.2,2023-12-27,A,none,Antagonist,0,1,1,calibration,1,0,0,1,0,0,,8,72,0
9BJK,oprm_mouse,oprm,Class A (Rhodopsin),Inactive,Mus musculus,Electron microscopy,3.26,2024-07-17,R,none,Antagonist|NAM,0,1,1,calibration,1,0,0,1,0,0,,8,72,0
4EA3,oprx_human,oprx,Class A (Rhodopsin),Inactive,Homo sapiens,X-ray diffraction,3.01,2012-04-25,A,none,Antagonist,1,1,0,application,1,0,0,0,0,0,,8,75,0
5DHG,oprx_human,oprx,Class A (Rhodopsin),Inactive,Homo sapiens,X-ray diffraction,3.0,2015-10-21,A,none,Antagonist,1,1,0,application,1,0,0,0,0,0,,8,76,0
5DHH,oprx_human,oprx,Class A (Rhodopsin),Inactive,Homo sapiens,X-ray diffraction,3.0,2015-10-21,A,none,Antagonist,1,1,0,application,1,0,0,0,0,0,,8,76,0
1F88,opsd_bovin,opsd,Class A (Rhodopsin),Inactive,Bos taurus,X-ray diffraction,2.8,2000-08-04,A,none,Inverse agonist,1,1,1,application,1,0,0,1,0,0,,24,97,0
1GZM,opsd_bovin,opsd,Class A (Rhodopsin),Inactive,Bos taurus,X-ray diffraction,2.65,2003-11-20,A,none,Inverse agonist,1,1,1,application,1,0,0,1,0,0,,24,94,0
1HZX,opsd_bovin,opsd,Class A (Rhodopsin),Inactive,Bos taurus,X-ray diffraction,2.8,2001-07-04,A,none,Inverse agonist,1,1,1,application,1,0,0,1,0,0,,24,98,0
1L9H,opsd_bovin,opsd,Class A (Rhodopsin),Inactive,Bos taurus,X-ray diffraction,2.6,2002-05-15,A,none,Inverse agonist,1,1,1,application,1,0,0,1,0,0,,24,98,0
1U19,opsd_bovin,opsd,Class A (Rhodopsin),Inactive,Bos taurus,X-ray diffraction,2.2,2004-10-12,A,none,Inverse agonist,1,1,1,application,1,0,0,1,0,0,,24,100,0
2G87,opsd_bovin,opsd,Class A (Rhodopsin),Inactive,Bos taurus,X-ray diffraction,2.6,2006-09-02,A,none,Agonist,1,1,1,application,1,0,0,1,0,0,inactive_label_agonist_bound,24,100,0
2HPY,opsd_bovin,opsd,Class A (Rhodopsin),Inactive,Bos taurus,X-ray diffraction,2.8,2006-08-22,B,none,Agonist,1,1,1,application,1,0,0,1,0,0,inactive_label_agonist_bound,24,100,0
2I35,opsd_bovin,opsd,Class A (Rhodopsin),Inactive,Bos taurus,X-ray diffraction,3.8,2006-10-17,A,none,Inverse agonist,1,1,1,application,1,0,1,1,0,0,,24,94,0
2I36,opsd_bovin,opsd,Class A (Rhodopsin),Inactive,Bos taurus,X-ray diffraction,4.1,2006-10-17,A,none,Apo (no ligand),1,1,1,application,1,0,1,1,0,0,,24,94,0
2I37,opsd_bovin,opsd,Class A (Rhodopsin),Inactive,Bos taurus,X-ray diffraction,4.15,2006-10-17,A,none,Apo (no ligand),1,1,1,application,1,0,1,1,0,0,,24,91,0
2J4Y,opsd_bovin,opsd,Class A (Rhodopsin),Inactive,Bos taurus,X-ray diffraction,3.4,2007-09-25,B,none,Inverse agonist,1,1,1,application,1,0,0,1,0,0,,24,94,0
2PED,opsd_bovin,opsd,Class A (Rhodopsin),Inactive,Bos taurus,X-ray diffraction,2.95,2007-10-30,B,none,Inverse agonist,1,1,1,application,1,0,0,1,0,0,,24,100,0
3C9L,opsd_bovin,opsd,Class A (Rhodopsin),Inactive,Bos taurus,X-ray diffraction,2.65,2008-08-05,A,none,Inverse agonist,1,1,1,application,1,0,0,1,0,0,,24,94,0
3C9M,opsd_bovin,opsd,Class A (Rhodopsin),Inactive,Bos taurus,X-ray diffraction,3.4,2008-08-05,A,none,Inverse agonist,1,1,1,application,1,0,0,1,0,0,,24,94,0
3OAX,opsd_bovin,opsd,Class A (Rhodopsin),Inactive,Bos taurus,X-ray diffraction,2.6,2011-01-19,A,none,Inverse agonist,1,1,1,application,1,0,0,1,0,0,,24,100,0
5TE5,opsd_bovin,opsd,Class A (Rhodopsin),Inactive,Bos taurus,X-ray diffraction,4.01,2017-03-15,A,none,Agonist,1,1,1,application,1,0,1,1,0,0,inactive_label_agonist_bound,24,100,0
6OFJ,opsd_bovin,opsd,Class A (Rhodopsin),Inactive,Bos taurus,Electron microscopy,4.5,2019-08-21,A,none,Apo (no ligand),1,1,1,application,1,0,1,1,0,0,,24,93,0
7ZBC,opsd_bovin,opsd,Class A (Rhodopsin),Inactive,Bos taurus,X-ray diffraction,1.8,2023-03-29,A,none,Inverse agonist,1,1,1,application,1,0,0,1,0,0,,24,87,0
7ZBE,opsd_bovin,opsd,Class A (Rhodopsin),Inactive,Bos taurus,X-ray diffraction,1.8,2023-03-29,A,none,Inverse agonist,1,1,1,application,1,0,0,1,0,0,,24,87,0
8A6C,opsd_bovin,opsd,Class A (Rhodopsin),Inactive,Bos taurus,X-ray diffraction,1.8,2023-03-29,A,none,Agonist,1,1,1,application,1,0,0,1,0,0,inactive_label_agonist_bound,24,87,0
8A6D,opsd_bovin,opsd,Class A (Rhodopsin),Inactive,Bos taurus,X-ray diffraction,1.8,2023-03-29,A,none,Agonist,1,1,1,application,1,0,0,1,0,0,inactive_label_agonist_bound,24,87,0
8A6E,opsd_bovin,opsd,Class A (Rhodopsin),Inactive,Bos taurus,X-ray diffraction,1.8,2023-03-29,A,none,Agonist,1,1,1,application,1,0,0,1,0,0,inactive_label_agonist_bound,24,87,0
8FCZ,opsd_bovin,opsd,Class A (Rhodopsin),Inactive,Bos taurus,X-ray diffraction,3.7,2023-08-30,A,none,Inverse agonist,1,1,1,application,1,0,1,1,0,0,,24,89,0
8FD0,opsd_bovin,opsd,Class A (Rhodopsin),Inactive,Bos taurus,X-ray diffraction,3.71,2023-08-30,A,none,Apo (no ligand),1,1,1,application,1,0,1,1,0,0,,24,89,0
8FD1,opsd_bovin,opsd,Class A (Rhodopsin),Inactive,Bos taurus,X-ray diffraction,4.25,2023-08-30,A,none,Apo (no ligand),1,1,1,application,1,0,1,1,0,0,,24,88,0
2Z73,opsd_todpa,opsd,Class A (Rhodopsin),Inactive,Todarodes pacificus,X-ray diffraction,2.5,2008-05-13,A,none,Inverse agonist,1,1,1,application,1,0,0,1,0,0,,9,78,0
2ZIY,opsd_todpa,opsd,Class A (Rhodopsin),Inactive,Todarodes pacificus,X-ray diffraction,3.7,2008-05-06,A,none,Inverse agonist,1,1,1,application,1,0,1,1,0,0,,9,83,0
3AYM,opsd_todpa,opsd,Class A (Rhodopsin),Inactive,Todarodes pacificus,X-ray diffraction,2.8,2011-08-17,B,none,Agonist,1,1,1,application,1,0,0,1,0,0,inactive_label_agonist_bound,9,77,0
3AYN,opsd_todpa,opsd,Class A (Rhodopsin),Inactive,Todarodes pacificus,X-ray diffraction,2.7,2011-08-17,B,none,Inverse agonist,1,1,1,application,1,0,0,1,0,0,,9,77,0
4WW3,opsd_todpa,opsd,Class A (Rhodopsin),Inactive,Todarodes pacificus,X-ray diffraction,2.8,2015-06-17,A,none,Agonist,1,1,1,application,1,0,0,1,0,0,inactive_label_agonist_bound,9,78,0
4ZJ8,ox1r_human,ox1r,Class A (Rhodopsin),Inactive,Homo sapiens,X-ray diffraction,2.75,2016-03-09,A,none,Antagonist,0,0,0,calibration,0,0,0,0,0,0,,1,72,0
4ZJC,ox1r_human,ox1r,Class A (Rhodopsin),Inactive,Homo sapiens,X-ray diffraction,2.83,2016-03-09,A,none,Antagonist,0,0,0,calibration,0,0,0,0,0,0,,1,72,0
6TO7,ox1r_human,ox1r,Class A (Rhodopsin),Inactive,Homo sapiens,X-ray diffraction,2.26,2020-01-01,A,none,Antagonist,0,0,0,calibration,0,0,0,0,0,0,,1,71,0
6TOD,ox1r_human,ox1r,Class A (Rhodopsin),Inactive,Homo sapiens,X-ray diffraction,2.11,2020-01-01,A,none,Antagonist,0,0,0,calibration,0,0,0,0,0,0,,1,71,0
6TOS,ox1r_human,ox1r,Class A (Rhodopsin),Inactive,Homo sapiens,X-ray diffraction,2.13,2020-01-15,B,none,Antagonist,0,0,0,calibration,0,0,0,0,0,0,,1,72,0
6TOT,ox1r_human,ox1r,Class A (Rhodopsin),Inactive,Homo sapiens,X-ray diffraction,2.22,2020-01-15,B,none,Antagonist,0,0,0,calibration,0,0,0,0,0,0,,1,71,0
6TP3,ox1r_human,ox1r,Class A (Rhodopsin),Inactive,Homo sapiens,X-ray diffraction,3.04,2020-01-01,A,none,Antagonist,0,0,0,calibration,0,0,0,0,0,0,,1,74,0
6TP4,ox1r_human,ox1r,Class A (Rhodopsin),Inactive,Homo sapiens,X-ray diffraction,3.01,2020-01-01,A,none,Antagonist,0,0,0,calibration,0,0,0,0,0,0,,1,70,0
6TP6,ox1r_human,ox1r,Class A (Rhodopsin),Inactive,Homo sapiens,X-ray diffraction,2.34,2020-01-01,B,none,Antagonist,0,0,0,calibration,0,0,0,0,0,0,,1,71,0
6TQ4,ox1r_human,ox1r,Class A (Rhodopsin),Inactive,Homo sapiens,X-ray diffraction,2.3,2020-01-01,B,none,Antagonist,0,0,0,calibration,0,0,0,0,0,0,,1,70,0
6TQ6,ox1r_human,ox1r,Class A (Rhodopsin),Inactive,Homo sapiens,X-ray diffraction,2.55,2020-01-01,B,none,Antagonist,0,0,0,calibration,0,0,0,0,0,0,,1,71,0
6TQ7,ox1r_human,ox1r,Class A (Rhodopsin),Inactive,Homo sapiens,X-ray diffraction,2.66,2020-01-01,A,none,Antagonist,0,0,0,calibration,0,0,0,0,0,0,,1,71,0
6TQ9,ox1r_human,ox1r,Class A (Rhodopsin),Inactive,Homo sapiens,X-ray diffraction,2.66,2020-01-01,B,none,Antagonist,0,0,0,calibration,0,0,0,0,0,0,,1,71,0
6V9S,ox1r_human,ox1r,Class A (Rhodopsin),Inactive,Homo sapiens,X-ray diffraction,3.5,2020-07-15,A,none,Antagonist,0,0,0,calibration,0,0,0,0,0,0,,1,72,0
4S0V,ox2r_human,ox2r,Class A (Rhodopsin),Inactive,Homo sapiens,X-ray diffraction,2.5,2015-01-14,A,none,Antagonist,1,1,1,application,1,0,0,0,0,0,,1,64,0
5WQC,ox2r_human,ox2r,Class A (Rhodopsin),Inactive,Homo sapiens,X-ray diffraction,1.96,2017-11-29,A,none,Antagonist,1,1,1,application,1,0,0,0,0,0,,1,68,0
5WS3,ox2r_human,ox2r,Class A (Rhodopsin),Inactive,Homo sapiens,X-ray diffraction,2.3,2017-12-13,A,none,Antagonist,1,1,1,application,1,0,0,0,0,0,,1,70,0
6TPG,ox2r_human,ox2r,Class A (Rhodopsin),Inactive,Homo sapiens,X-ray diffraction,2.74,2020-01-01,A,none,Antagonist,1,1,1,application,1,0,0,0,0,0,,1,69,0
6TPJ,ox2r_human,ox2r,Class A (Rhodopsin),Inactive,Homo sapiens,X-ray diffraction,2.74,2020-01-01,A,none,Antagonist,1,1,1,application,1,0,0,0,0,0,,1,68,0
6TPN,ox2r_human,ox2r,Class A (Rhodopsin),Inactive,Homo sapiens,X-ray diffraction,2.61,2020-01-01,A,none,Antagonist,1,1,1,application,1,0,0,0,0,0,,1,71,0
7XRR,ox2r_human,ox2r,Class A (Rhodopsin),Inactive,Homo sapiens,X-ray diffraction,2.89,2022-11-23,A,none,Antagonist,1,1,1,application,1,0,0,0,0,0,,1,70,0
6TPK,oxyr_human,oxyr,Class A (Rhodopsin),Inactive,Homo sapiens,X-ray diffraction,3.2,2020-08-05,A,none,Antagonist,0,1,1,calibration,1,0,0,0,0,0,,16,68,0
6D26,pd2r2_human,pd2r2,Class A (Rhodopsin),Inactive,Homo sapiens,X-ray diffraction,2.8,2018-10-03,A,none,Antagonist,0,1,1,calibration,1,0,0,0,0,0,,21,82,0
6D27,pd2r2_human,pd2r2,Class A (Rhodopsin),Inactive,Homo sapiens,X-ray diffraction,2.74,2018-10-03,A,none,Antagonist,0,1,1,calibration,1,0,0,0,0,0,,21,81,0
7M8W,pd2r2_human,pd2r2,Class A (Rhodopsin),Inactive,Homo sapiens,X-ray diffraction,2.61,2021-08-25,A,none,Antagonist,0,1,1,calibration,1,0,0,0,0,0,,21,83,0
5YHL,pe2r4_human,pe2r4,Class A (Rhodopsin),Inactive,Homo sapiens,X-ray diffraction,4.2,2018-12-05,A,none,Antagonist,0,1,0,calibration,1,0,1,0,0,0,,12,57,0
5YWY,pe2r4_human,pe2r4,Class A (Rhodopsin),Inactive,Homo sapiens,X-ray diffraction,3.2,2018-12-05,A,none,Antagonist,0,1,0,calibration,1,0,0,0,0,0,,12,57,0
5X33,q9wtk1_cavpo,q9wtk1,Class A (Rhodopsin),Inactive,Cavia porcellus,X-ray diffraction,3.7,2018-01-03,A,none,Antagonist,0,0,0,calibration,0,0,1,1,0,0,,9,78,0
3V2W,s1pr1_human,s1pr1,Class A (Rhodopsin),Inactive,Homo sapiens,X-ray diffraction,3.35,2012-02-15,A,none,Antagonist,0,1,0,calibration,1,0,0,0,0,0,,1,68,0
3V2Y,s1pr1_human,s1pr1,Class A (Rhodopsin),Inactive,Homo sapiens,X-ray diffraction,2.8,2012-02-15,A,none,Antagonist,0,1,0,calibration,1,0,0,0,0,0,,1,76,0
7YXA,s1pr5_human,s1pr5,Class A (Rhodopsin),Inactive,Homo sapiens,X-ray diffraction,2.2,2022-08-10,A,none,Antagonist,0,1,1,calibration,1,0,0,0,0,0,,1,72,0
7UL5,ssr2_human,ssr2,Class A (Rhodopsin),Inactive,Homo sapiens,Electron microscopy,3.1,2022-06-29,A,none,Apo (no ligand),0,1,1,calibration,1,0,0,0,0,0,,8,77,0
7XN9,ssr2_human,ssr2,Class A (Rhodopsin),Inactive,Homo sapiens,X-ray diffraction,2.6,2022-08-03,A,none,Agonist,0,1,1,calibration,1,0,0,0,0,0,inactive_label_agonist_bound,8,79,0
7XNA,ssr2_human,ssr2,Class A (Rhodopsin),Inactive,Homo sapiens,X-ray diffraction,2.65,2022-08-03,A,none,Antagonist,0,1,1,calibration,1,0,0,0,0,0,,8,78,0
6IIU,ta2r_human,ta2r,Class A (Rhodopsin),Inactive,Homo sapiens,X-ray diffraction,2.5,2018-12-19,A,none,Antagonist,0,1,0,calibration,1,0,0,0,0,0,,33,87,0
6IIV,ta2r_human,ta2r,Class A (Rhodopsin),Inactive,Homo sapiens,X-ray diffraction,3.0,2018-12-19,A,none,Antagonist,0,1,0,calibration,1,0,0,0,0,0,,33,87,0
7T9M,tshr_human,tshr,Class A (Rhodopsin),Inactive,Homo sapiens,Electron microscopy,3.1,2022-08-10,R,none,Inverse agonist,0,1,1,calibration,1,0,0,0,0,0,,26,74,0
7XW7,tshr_human,tshr,Class A (Rhodopsin),Inactive,Homo sapiens,Electron microscopy,5.5,2022-08-17,R,none,Antagonist,0,1,1,calibration,1,0,1,0,0,0,,16,74,0
4IB4,5ht2b_human,5ht2b,Class A (Rhodopsin),Intermediate,Homo sapiens,X-ray diffraction,2.7,2013-03-13,A,none,Agonist,0,0,0,calibration,0,0,0,0,0,0,,55,59,0
4NC3,5ht2b_human,5ht2b,Class A (Rhodopsin),Intermediate,Homo sapiens,X-ray diffraction,2.8,2013-12-18,A,none,Agonist,0,0,0,calibration,0,0,0,0,0,0,,55,60,0
5TVN,5ht2b_human,5ht2b,Class A (Rhodopsin),Intermediate,Homo sapiens,X-ray diffraction,2.9,2017-02-01,A,none,Agonist,0,0,0,calibration,0,0,0,0,0,0,,55,61,0
6DRX,5ht2b_human,5ht2b,Class A (Rhodopsin),Intermediate,Homo sapiens,X-ray diffraction,3.1,2018-08-29,A,none,Antagonist,0,0,0,calibration,0,0,0,0,0,0,,55,59,0
6DRY,5ht2b_human,5ht2b,Class A (Rhodopsin),Intermediate,Homo sapiens,X-ray diffraction,2.92,2018-08-29,A,none,Agonist,0,0,0,calibration,0,0,0,0,0,0,,55,60,0
6DRZ,5ht2b_human,5ht2b,Class A (Rhodopsin),Intermediate,Homo sapiens,X-ray diffraction,3.1,2018-08-29,A,none,Antagonist,0,0,0,calibration,0,0,0,0,0,0,,55,61,0
6DS0,5ht2b_human,5ht2b,Class A (Rhodopsin),Intermediate,Homo sapiens,X-ray diffraction,3.19,2018-08-29,A,none,Antagonist,0,0,0,calibration,0,0,0,0,0,0,,55,59,0
7SRQ,5ht2b_human,5ht2b,Class A (Rhodopsin),Intermediate,Homo sapiens,Electron microscopy,2.7,2022-09-21,R,none,Agonist,0,0,0,calibration,0,0,0,0,0,0,,55,53,0
8JPS,ackr1_human,ackr1,Class A (Rhodopsin),Intermediate,Homo sapiens,Electron microscopy,3.65,2024-07-31,A,none,Agonist,0,0,0,calibration,0,0,1,0,0,0,,46,76,0
9CHU,adrb2_human,adrb2,Class A (Rhodopsin),Intermediate,Homo sapiens,Electron microscopy,3.49,2024-11-13,A,none,Agonist,1,1,1,application,0,0,0,0,0,0,,47,66,0
9CHV,adrb2_human,adrb2,Class A (Rhodopsin),Intermediate,Homo sapiens,Electron microscopy,3.95,2024-11-13,A,none,Apo (no ligand),1,1,1,application,0,0,1,0,0,0,,47,63,0
9CHX,adrb2_human,adrb2,Class A (Rhodopsin),Intermediate,Homo sapiens,Electron microscopy,3.5,2024-11-13,A,none,Inverse agonist,1,1,1,application,0,0,0,0,0,0,,47,67,0
6W25,mc4r_human,mc4r,Class A (Rhodopsin),Intermediate,Homo sapiens,X-ray diffraction,2.75,2020-04-29,A,none,Antagonist|Cofactor,0,0,0,calibration,0,0,0,0,0,0,,41,79,0
8WKY,mc4r_human,mc4r,Class A (Rhodopsin),Intermediate,Homo sapiens,X-ray diffraction,2.9,2024-08-07,A,none,Antagonist,0,0,0,calibration,0,0,0,0,0,0,,41,79,0
8WKZ,mc4r_human,mc4r,Class A (Rhodopsin),Intermediate,Homo sapiens,X-ray diffraction,3.3,2024-08-07,A,none,Antagonist,0,0,0,calibration,0,0,0,0,0,0,,41,79,0
7Y13,mrgrd_human,mrgrd,Class A (Rhodopsin),Intermediate,Homo sapiens,Electron microscopy,3.1,2022-07-20,R,none,Apo (no ligand),0,0,0,calibration,0,0,0,0,0,0,,46,82,0
7Y14,mrgrd_human,mrgrd,Class A (Rhodopsin),Intermediate,Homo sapiens,Electron microscopy,3.2,2022-07-20,R,none,Agonist,0,0,0,calibration,0,0,0,0,0,0,,46,82,0
6Z4V,ntr1_rat,ntr1,Class A (Rhodopsin),Intermediate,Rattus norvegicus,X-ray diffraction,2.6,2021-02-10,A,none,Agonist,0,1,1,calibration,0,0,0,1,0,0,,16,79,0
6Z66,ntr1_rat,ntr1,Class A (Rhodopsin),Intermediate,Rattus norvegicus,X-ray diffraction,3.19,2021-02-10,A,none,Apo (no ligand),0,1,1,calibration,0,0,0,1,0,0,,16,80,0
6Z8N,ntr1_rat,ntr1,Class A (Rhodopsin),Intermediate,Rattus norvegicus,X-ray diffraction,2.8,2021-02-10,A,none,Agonist,0,1,1,calibration,0,0,0,1,0,0,,16,80,0
6ZA8,ntr1_rat,ntr1,Class A (Rhodopsin),Intermediate,Rattus norvegicus,X-ray diffraction,2.72,2021-02-10,A,none,Agonist (partial),0,1,1,calibration,0,0,0,1,0,0,,16,78,0
