pdb_id,gpcrdb_entry,chain_used,numbering_strategy,d_npxxy_oh,d_tilt,uniprot_acc,pos_5_58,pos_7_53,pos_2x46,pos_6x37,auth_5_58,auth_7_53,auth_2x46,auth_6x37,npxxy_note,tilt_note,status,receptor_slug,state,gpcr_class,resolution,method,role,on_panel48
7E2X,5ht1a_human,R,identity,3.603734,19.011516,P08908,215,400,78,347,215,400,78,347,[identity; SIFTS unusable: sifts/R: npxxy: 5.58: identity check failed at R/336: ALA is not Y ; tilt: 2x46: identity check failed at R/199: SER is not L],,ok,5ht1a,Active,Class A (Rhodopsin),3.0,Electron microscopy,calibration,0
7E2Y,5ht1a_human,R,identity,3.62527,19.215313,P08908,215,400,78,347,215,400,78,347,[identity; SIFTS unusable: sifts/R: npxxy: 5.58: identity check failed at R/336: ALA is not Y ; tilt: 2x46: identity check failed at R/199: SER is not L],,ok,5ht1a,Active,Class A (Rhodopsin),3.0,Electron microscopy,calibration,0
7E2Z,5ht1a_human,R,identity,3.65317,19.009864,P08908,215,400,78,347,215,400,78,347,[identity; SIFTS unusable: sifts/R: npxxy: 5.58: identity check failed at R/336: ALA is not Y ; tilt: 2x46: identity check failed at R/199: SER is not L],,ok,5ht1a,Active,Class A (Rhodopsin),3.1,Electron microscopy,calibration,0
8FY8,5ht1a_human,R,identity,3.785186,18.453446,P08908,215,400,78,347,215,400,78,347,[identity; SIFTS unusable: sifts/R: npxxy: 5.58: identity check failed at R/345: LYS is not Y ; tilt: 6x37: residue R/477 not modelled],,ok,5ht1a,Active,Class A (Rhodopsin),2.79,Electron microscopy,calibration,0
8FYE,5ht1a_human,R,identity,4.11338,18.506345,P08908,215,400,78,347,215,400,78,347,[identity; SIFTS unusable: sifts/R: npxxy: 5.58: identity check failed at R/345: LYS is not Y ; tilt: 6x37: residue R/477 not modelled],,ok,5ht1a,Active,Class A (Rhodopsin),2.85,Electron microscopy,calibration,0
8FYL,5ht1a_human,R,identity,4.210715,18.547952,P08908,215,400,78,347,215,400,78,347,[identity; SIFTS unusable: sifts/R: npxxy: 5.58: identity check failed at R/345: LYS is not Y ; tilt: 6x37: residue R/477 not modelled],,ok,5ht1a,Active,Class A (Rhodopsin),2.94,Electron microscopy,calibration,0
8FYT,5ht1a_human,R,identity,4.240059,18.22575,P08908,215,400,78,347,215,400,78,347,[identity; SIFTS unusable: sifts/R: npxxy: 5.58: identity check failed at R/345: LYS is not Y ; tilt: 6x37: residue R/477 not modelled],,ok,5ht1a,Active,Class A (Rhodopsin),2.64,Electron microscopy,calibration,0
8FYX,5ht1a_human,R,identity,4.134905,17.898683,P08908,215,400,78,347,215,400,78,347,[identity; SIFTS unusable: sifts/R: npxxy: 5.58: identity check failed at R/345: LYS is not Y ; tilt: 6x37: residue R/477 not modelled],,ok,5ht1a,Active,Class A (Rhodopsin),2.62,Electron microscopy,calibration,0
8JSP,5ht1a_human,R,sifts,5.136652,19.187397,P08908,215,400,78,347,215,400,78,347,,,ok,5ht1a,Active,Class A (Rhodopsin),3.65,Electron microscopy,calibration,0
8JT6,5ht1a_human,R,identity,4.186625,18.999065,P08908,215,400,78,347,215,400,78,347,[identity; SIFTS unusable: sifts/R: npxxy: 5.58: identity check failed at R/337: LEU is not Y ; tilt: 2x46: identity check failed at R/200: THR is not L],,ok,5ht1a,Active,Class A (Rhodopsin),3.0,Electron microscopy,calibration,0
8PJK,5ht1a_human,R,identity,4.653662,18.329277,P08908,215,400,78,347,215,400,78,347,[identity; SIFTS unusable: sifts/R: npxxy: 5.58: residue R/259 not modelled ; tilt: 2x46: identity check failed at R/122: SER is not L],,ok,5ht1a,Active,Class A (Rhodopsin),2.4,Electron microscopy,calibration,0
8PKM,5ht1a_human,R,identity,4.446644,17.817472,P08908,215,400,78,347,215,400,78,347,[identity; SIFTS unusable: sifts/R: npxxy: 5.58: residue R/259 not modelled ; tilt: 2x46: identity check failed at R/122: SER is not L],,ok,5ht1a,Active,Class A (Rhodopsin),2.9,Electron microscopy,calibration,0
8W8B,5ht1a_human,R,identity,4.330162,18.409517,P08908,215,400,78,347,215,400,78,347,[identity; SIFTS unusable: sifts/R: npxxy: 5.58: identity check failed at R/336: ALA is not Y ; tilt: 2x46: identity check failed at R/199: SER is not L],,ok,5ht1a,Active,Class A (Rhodopsin),3.0,Electron microscopy,calibration,0
6G79,5ht1b_human,S,identity,4.238369,18.102001,P28222,228,369,91,316,228,369,91,316,[identity; SIFTS unusable: sifts/S: npxxy: 5.58: residue S/196 not modelled ; tilt: 2x46: identity check failed at S/59: ILE is not L],,ok,5ht1b,Active,Class A (Rhodopsin),3.78,Electron microscopy,application,1
7E32,5ht1d_human,R,identity,3.921717,17.954057,P28221,217,356,80,303,217,356,80,303,[identity; SIFTS unusable: sifts/R: npxxy: 7.53: residue R/495 not modelled ; tilt: 2x46: identity check failed at R/219: ARG is not L],,ok,5ht1d,Active,Class A (Rhodopsin),2.9,Electron microscopy,calibration,0
7E33,5ht1e_human,R,identity,3.38115,18.308823,P28566,202,344,64,293,202,344,64,293,[identity; SIFTS unusable: sifts/R: npxxy: 5.58: identity check failed at R/341: PRO is not Y ; tilt: 2x46: identity check failed at R/203: TYR is not L],,ok,5ht1e,Active,Class A (Rhodopsin),2.9,Electron microscopy,calibration,0
8UGY,5ht1e_human,R,sifts,4.054362,18.270862,P28566,202,344,64,293,202,344,64,293,,,ok,5ht1e,Active,Class A (Rhodopsin),3.31,Electron microscopy,calibration,0
8UH3,5ht1e_human,D,sifts,3.179733,18.460321,P28566,202,344,64,293,202,344,64,293,,,ok,5ht1e,Active,Class A (Rhodopsin),3.31,Electron microscopy,calibration,0
7EXD,5ht1f_human,R,identity,3.87245,18.317522,P30939,201,347,65,295,201,347,65,295,[identity; SIFTS unusable: sifts/R: npxxy: 5.58: identity check failed at R/341: LEU is not Y ; tilt: 2x46: identity check failed at R/205: TYR is not L],,ok,5ht1f,Active,Class A (Rhodopsin),3.4,Electron microscopy,calibration,0
6WHA,5ht2a_human,A,identity,12.857686,18.591201,P28223,254,380,116,325,254,380,116,325,[identity; SIFTS unusable: sifts/A: npxxy: 5.58: identity check failed at A/347: VAL is not Y ; tilt: 2x46: identity check failed at A/209: PRO is not L],,ok,5ht2a,Active,Class A (Rhodopsin),3.36,Electron microscopy,calibration,0
7RAN,5ht2a_human,A,identity,12.353552,18.529395,P28223,254,380,116,325,254,380,116,325,[identity; SIFTS unusable: sifts/A: npxxy: 5.58: identity check failed at A/189: ARG is not Y ; tilt: 2x46: residue A/51 not modelled],,ok,5ht2a,Active,Class A (Rhodopsin),3.45,Electron microscopy,calibration,0
8UWL,5ht2a_human,A,identity,12.785564,18.203289,P28223,254,380,116,325,254,380,116,325,[identity; SIFTS unusable: sifts/A: npxxy: 5.58: identity check failed at A/189: ARG is not Y ; tilt: 2x46: residue A/51 not modelled],,ok,5ht2a,Active,Class A (Rhodopsin),2.8,Electron microscopy,calibration,0
8V6U,5ht2a_human,A,identity,12.616112,17.821824,P28223,254,380,116,325,254,380,116,325,[identity; SIFTS unusable: sifts/A: npxxy: 5.58: identity check failed at A/189: ARG is not Y ; tilt: 2x46: residue A/51 not modelled],,ok,5ht2a,Active,Class A (Rhodopsin),3.0,Electron microscopy,calibration,0
5TUD,5ht2b_human,D,identity,12.598563,17.389125,P41595,237,380,96,326,237,380,96,326,[identity; SIFTS unusable: sifts/D: npxxy: 5.58: identity check failed at D/228: THR is not Y ; tilt: 2x46: identity check failed at D/87: TYR is not L],,ok,5ht2b,Active,Class A (Rhodopsin),3.0,X-ray diffraction,calibration,0
7SRR,5ht2b_human,R,identity,12.338251,17.575387,P41595,237,380,96,326,237,380,96,326,[identity; SIFTS unusable: sifts/R: npxxy: 5.58: identity check failed at R/202: PRO is not Y ; tilt: 2x46: identity check failed at R/61: ILE is not L],,ok,5ht2b,Active,Class A (Rhodopsin),2.9,Electron microscopy,calibration,0
7SRS,5ht2b_human,R,identity,13.479871,19.010275,P41595,237,380,96,326,237,380,96,326,[identity; SIFTS unusable: sifts/R: npxxy: 5.58: identity check failed at R/202: PRO is not Y ; tilt: 2x46: identity check failed at R/61: ILE is not L],,ok,5ht2b,Active,Class A (Rhodopsin),3.3,Electron microscopy,calibration,0
6BQG,5ht2c_human,A,identity,13.313038,17.49618,P28335,234,368,95,313,234,368,95,313,[identity; SIFTS unusable: sifts/A: npxxy: 5.58: identity check failed at A/221: VAL is not Y ; tilt: 2x46: identity check failed at A/82: LYS is not L],,ok,5ht2c,Active,Class A (Rhodopsin),3.0,X-ray diffraction,application,1
8DPF,5ht2c_human,A,sifts,12.512647,18.098203,P28335,234,368,95,313,234,368,95,313,,,ok,5ht2c,Active,Class A (Rhodopsin),2.84,Electron microscopy,application,1
8DPG,5ht2c_human,A,sifts,12.563354,17.89161,P28335,234,368,95,313,234,368,95,313,,,ok,5ht2c,Active,Class A (Rhodopsin),3.6,Electron microscopy,application,1
8DPH,5ht2c_human,A,sifts,12.759647,17.87068,P28335,234,368,95,313,234,368,95,313,,,ok,5ht2c,Active,Class A (Rhodopsin),3.2,Electron microscopy,application,1
8DPI,5ht2c_human,A,sifts,12.370603,17.979503,P28335,234,368,95,313,234,368,95,313,,,ok,5ht2c,Active,Class A (Rhodopsin),3.4,Electron microscopy,application,1
7XT8,5ht4r_human,,,,,Q13639,212,312,62,261,,,,,,,sifts/R: npxxy: 5.58: residue R/351 not modelled ; tilt: 2x46: identity check failed at R/201: TYR is not L | identity/R: npxxy: 7.53: identity check failed at R/312: ALA is not Y ; tilt: 2x46: identity check failed at R/62: ALA is not L,5ht4r,Active,Class A (Rhodopsin),3.1,Electron microscopy,calibration,0
7XT9,5ht4r_human,,,,,Q13639,212,312,62,261,,,,,,,sifts/R: npxxy: 5.58: residue R/351 not modelled ; tilt: 2x46: identity check failed at R/201: TYR is not L | identity/R: npxxy: 7.53: identity check failed at R/312: ALA is not Y ; tilt: 2x46: identity check failed at R/62: ALA is not L,5ht4r,Active,Class A (Rhodopsin),3.2,Electron microscopy,calibration,0
7XTA,5ht4r_human,,,,,Q13639,212,312,62,261,,,,,,,sifts/R: npxxy: 5.58: residue R/351 not modelled ; tilt: 2x46: identity check failed at R/201: TYR is not L | identity/R: npxxy: 7.53: identity check failed at R/312: ALA is not Y ; tilt: 2x46: identity check failed at R/62: ALA is not L,5ht4r,Active,Class A (Rhodopsin),3.2,Electron microscopy,calibration,0
7UM5,5ht5a_human,A,identity,4.729313,19.10267,P47898,220,338,82,287,220,338,82,287,[identity; SIFTS unusable: sifts/A: npxxy: 5.58: identity check failed at A/189: SER is not Y ; tilt: 2x46: identity check failed at A/51: VAL is not M],,ok,5ht5a,Active,Class A (Rhodopsin),2.73,Electron microscopy,application,1
7UM6,5ht5a_human,A,identity,3.938119,18.989631,P47898,220,338,82,287,220,338,82,287,[identity; SIFTS unusable: sifts/A: npxxy: 5.58: residue A/189 not modelled ; tilt: 2x46: identity check failed at A/51: VAL is not M],,ok,5ht5a,Active,Class A (Rhodopsin),2.79,Electron microscopy,application,1
7UM7,5ht5a_human,A,identity,4.432329,19.140887,P47898,220,338,82,287,220,338,82,287,[identity; SIFTS unusable: sifts/A: npxxy: 5.58: residue A/189 not modelled ; tilt: 2x46: identity check failed at A/51: VAL is not M],,ok,5ht5a,Active,Class A (Rhodopsin),2.75,Electron microscopy,application,1
7X5H,5ht5a_human,R,identity,4.375167,18.68261,P47898,220,338,82,287,220,338,82,287,[identity; SIFTS unusable: sifts/R: npxxy: 5.58: residue R/380 not modelled ; tilt: 2x46: residue R/242 not modelled],,ok,5ht5a,Active,Class A (Rhodopsin),3.1,Electron microscopy,application,1
7XTB,5ht6r_human,R,identity,4.245716,19.165324,P50406,208,320,68,270,208,320,68,270,[identity; SIFTS unusable: sifts/R: npxxy: 5.58: residue R/352 not modelled ; tilt: 6x37: residue R/414 not modelled],,ok,5ht6r,Active,Class A (Rhodopsin),3.3,Electron microscopy,calibration,0
7YS6,5ht6r_human,A,identity,3.614421,17.850009,P50406,208,320,68,270,208,320,68,270,[identity; SIFTS unusable: sifts/A: npxxy: 5.58: identity check failed at A/185: SER is not Y ; tilt: 2x46: identity check failed at A/45: SER is not L],,ok,5ht6r,Active,Class A (Rhodopsin),3.0,Electron microscopy,calibration,0
8JLZ,5ht6r_human,R,sifts,5.248532,18.446038,P50406,208,320,68,270,208,320,68,270,,,ok,5ht6r,Active,Class A (Rhodopsin),3.09,Electron microscopy,calibration,0
7XTC,5ht7r_human,R,identity,3.279885,18.147607,P34969,259,384,123,329,259,384,123,329,[identity; SIFTS unusable: sifts/R: npxxy: 7.53: residue R/528 not modelled ; tilt: 2x46: identity check failed at R/267: ARG is not L],,ok,5ht7r,Active,Class A (Rhodopsin),3.2,Electron microscopy,calibration,0
6D9H,aa1r_human,R,identity,4.465698,17.888113,P30542,200,288,51,236,200,288,51,236,[identity; SIFTS unusable: sifts/R: npxxy: 5.58: identity check failed at R/255: CYS is not Y ; tilt: 2x46: identity check failed at R/106: TYR is not L],,ok,aa1r,Active,Class A (Rhodopsin),3.6,Electron microscopy,application,1
7LD3,aa1r_human,R,identity,3.592835,17.251749,P30542,200,288,51,236,200,288,51,236,[identity; SIFTS unusable: sifts/R: npxxy: 5.58: identity check failed at R/255: CYS is not Y ; tilt: 2x46: identity check failed at R/106: TYR is not L],,ok,aa1r,Active,Class A (Rhodopsin),3.2,Electron microscopy,application,1
7LD4,aa1r_human,R,identity,4.251404,17.734991,P30542,200,288,51,236,200,288,51,236,[identity; SIFTS unusable: sifts/R: npxxy: 5.58: identity check failed at R/255: CYS is not Y ; tilt: 2x46: identity check failed at R/106: TYR is not L],,ok,aa1r,Active,Class A (Rhodopsin),3.3,Electron microscopy,application,1
2YDO,aa2ar_human,A,sifts,15.495629,,P29274,197,288,48,235,197,288,,,,,partial (tilt unavailable: 2x46: identity check failed at A/48: ALA is not L),aa2ar,Active,Class A (Rhodopsin),3.0,X-ray diffraction,application,1
2YDV,aa2ar_human,A,sifts,15.502765,,P29274,197,288,48,235,197,288,,,,,partial (tilt unavailable: 2x46: identity check failed at A/48: ALA is not L),aa2ar,Active,Class A (Rhodopsin),2.6,X-ray diffraction,application,1
3QAK,aa2ar_human,A,identity,15.66553,15.258069,P29274,197,288,48,235,197,288,48,235,[identity; SIFTS unusable: sifts/A: npxxy: 5.58: residue A/212 not modelled ; tilt: 2x46: identity check failed at A/63: ALA is not L],,ok,aa2ar,Active,Class A (Rhodopsin),2.71,X-ray diffraction,application,1
4UG2,aa2ar_human,A,sifts,15.251519,,P29274,197,288,48,235,197,288,,,,,partial (tilt unavailable: 2x46: identity check failed at A/48: ALA is not L),aa2ar,Active,Class A (Rhodopsin),2.6,X-ray diffraction,application,1
4UHR,aa2ar_human,A,sifts,15.618628,,P29274,197,288,48,235,197,288,,,,,partial (tilt unavailable: 2x46: identity check failed at A/48: ALA is not L),aa2ar,Active,Class A (Rhodopsin),2.6,X-ray diffraction,application,1
5G53,aa2ar_human,A,sifts,3.715826,18.123996,P29274,197,288,48,235,197,288,48,235,,,ok,aa2ar,Active,Class A (Rhodopsin),3.4,X-ray diffraction,application,1
5WF5,aa2ar_human,A,identity,15.362496,15.268187,P29274,197,288,48,235,197,288,48,235,[identity; SIFTS unusable: sifts/A: npxxy: 5.58: identity check failed at A/228: GLU is not Y ; tilt: 2x46: identity check failed at A/79: PHE is not L],,ok,aa2ar,Active,Class A (Rhodopsin),2.6,X-ray diffraction,application,1
5WF6,aa2ar_human,A,identity,15.092366,15.308984,P29274,197,288,48,235,197,288,48,235,[identity; SIFTS unusable: sifts/A: npxxy: 5.58: identity check failed at A/228: GLU is not Y ; tilt: 2x46: identity check failed at A/79: PHE is not L],,ok,aa2ar,Active,Class A (Rhodopsin),2.9,X-ray diffraction,application,1
6GDG,aa2ar_human,A,sifts,2.660975,17.590281,P29274,197,288,48,235,197,288,48,235,,,ok,aa2ar,Active,Class A (Rhodopsin),4.11,Electron microscopy,application,1
7EZC,aa2ar_human,B,identity,14.571517,15.377468,P29274,197,288,48,235,197,288,48,235,[identity; SIFTS unusable: sifts/B: npxxy: 5.58: identity check failed at B/206: ARG is not Y ; tilt: 2x46: identity check failed at B/57: VAL is not L],,ok,aa2ar,Active,Class A (Rhodopsin),3.8,X-ray diffraction,application,1
8UGW,aa2ar_human,,,,,P29274,197,288,48,235,,,,,,,sifts/A: npxxy: 5.58: residue A/347 not modelled ; tilt: 6x37: residue A/385 not modelled | identity/A: tilt: 2x46: identity check failed at A/48: ALA is not L,aa2ar,Active,Class A (Rhodopsin),3.9,X-ray diffraction,application,1
8WDT,aa2ar_human,A,identity,15.988796,15.110241,P29274,197,288,48,235,197,288,48,235,[identity; SIFTS unusable: sifts/A: npxxy: 5.58: identity check failed at A/222: ARG is not Y ; tilt: 2x46: identity check failed at A/73: ALA is not L],,ok,aa2ar,Active,Class A (Rhodopsin),3.34,X-ray diffraction,application,1
7XY6,aa2br_human,R,identity,4.532041,19.122723,P29275,202,290,49,236,202,290,49,236,[identity; SIFTS unusable: sifts/R: npxxy: 5.58: residue R/335 not modelled ; tilt: 2x46: identity check failed at R/182: MET is not L],,ok,aa2br,Active,Class A (Rhodopsin),2.99,Electron microscopy,calibration,0
7XY7,aa2br_human,R,identity,4.787741,19.109594,P29275,202,290,49,236,202,290,49,236,[identity; SIFTS unusable: sifts/R: npxxy: 5.58: residue R/335 not modelled ; tilt: 2x46: identity check failed at R/182: MET is not L],,ok,aa2br,Active,Class A (Rhodopsin),3.26,Electron microscopy,calibration,0
8HDO,aa2br_human,R,sifts,4.035033,18.144162,P29275,202,290,49,236,202,290,49,236,,,ok,aa2br,Active,Class A (Rhodopsin),2.87,Electron microscopy,calibration,0
8HDP,aa2br_human,R,sifts,3.479507,18.246582,P29275,202,290,49,236,202,290,49,236,,,ok,aa2br,Active,Class A (Rhodopsin),3.2,Electron microscopy,calibration,0
8X16,aa3r_human,R,sifts,3.673511,17.714985,P0DMS8,197,282,54,232,197,282,54,232,,,ok,aa3r,Active,Class A (Rhodopsin),3.29,Electron microscopy,calibration,0
8X17,aa3r_human,R,sifts,3.139894,17.332124,P0DMS8,197,282,54,232,197,282,54,232,,,ok,aa3r,Active,Class A (Rhodopsin),3.19,Electron microscopy,calibration,0
7SK3,ackr3_human,A,identity,3.228473,18.401586,P25106,232,315,86,254,232,315,86,254,[identity; SIFTS unusable: sifts/A: npxxy: 5.58: identity check failed at A/234: LEU is not Y ; tilt: 2x46: identity check failed at A/88: ILE is not L],,ok,ackr3,Active,Class A (Rhodopsin),3.8,Electron microscopy,calibration,0
7SK4,ackr3_human,A,identity,4.15689,18.369368,P25106,232,315,86,254,232,315,86,254,[identity; SIFTS unusable: sifts/A: npxxy: 5.58: identity check failed at A/234: LEU is not Y ; tilt: 2x46: identity check failed at A/88: ILE is not L],,ok,ackr3,Active,Class A (Rhodopsin),3.3,Electron microscopy,calibration,0
7SK5,ackr3_human,A,identity,3.123496,18.637188,P25106,232,315,86,254,232,315,86,254,[identity; SIFTS unusable: sifts/A: npxxy: 5.58: identity check failed at A/234: LEU is not Y ; tilt: 2x46: identity check failed at A/88: ILE is not L],,ok,ackr3,Active,Class A (Rhodopsin),4.0,Electron microscopy,calibration,0
7SK6,ackr3_human,A,identity,3.418791,19.078711,P25106,232,315,86,254,232,315,86,254,[identity; SIFTS unusable: sifts/A: npxxy: 5.58: identity check failed at A/234: LEU is not Y ; tilt: 2x46: identity check failed at A/88: ILE is not L],,ok,ackr3,Active,Class A (Rhodopsin),4.0,Electron microscopy,calibration,0
7SK7,ackr3_human,A,identity,4.654959,17.931981,P25106,232,315,86,254,232,315,86,254,[identity; SIFTS unusable: sifts/A: npxxy: 5.58: identity check failed at A/234: LEU is not Y ; tilt: 2x46: identity check failed at A/88: ILE is not L],,ok,ackr3,Active,Class A (Rhodopsin),3.3,Electron microscopy,calibration,0
7SK8,ackr3_human,A,identity,3.362794,18.233868,P25106,232,315,86,254,232,315,86,254,[identity; SIFTS unusable: sifts/A: npxxy: 5.58: identity check failed at A/234: LEU is not Y ; tilt: 2x46: identity check failed at A/88: ILE is not L],,ok,ackr3,Active,Class A (Rhodopsin),3.3,Electron microscopy,calibration,0
7SK9,ackr3_human,A,identity,3.603259,18.191278,P25106,232,315,86,254,232,315,86,254,[identity; SIFTS unusable: sifts/A: npxxy: 5.58: identity check failed at A/234: LEU is not Y ; tilt: 2x46: identity check failed at A/88: ILE is not L],,ok,ackr3,Active,Class A (Rhodopsin),3.7,Electron microscopy,calibration,0
6OIJ,acm1_human,R,identity,2.959601,17.693062,P11229,208,418,67,367,208,418,67,367,[identity; SIFTS unusable: sifts/R: npxxy: 5.58: identity check failed at R/217: ASN is not Y ; tilt: 2x46: identity check failed at R/76: THR is not L],,ok,acm1,Active,Class A (Rhodopsin),3.3,Electron microscopy,application,1
4MQS,acm2_human,A,sifts,4.208834,17.614078,P08172,206,440,65,389,206,440,65,389,,,ok,acm2,Active,Class A (Rhodopsin),3.5,X-ray diffraction,application,1
4MQT,acm2_human,A,sifts,4.401757,17.524096,P08172,206,440,65,389,206,440,65,389,,,ok,acm2,Active,Class A (Rhodopsin),3.7,X-ray diffraction,application,1
6OIK,acm2_human,R,identity,3.875439,17.234126,P08172,206,440,65,389,206,440,65,389,[identity; SIFTS unusable: sifts/R: npxxy: 5.58: identity check failed at R/211: ARG is not Y ; tilt: 6x37: identity check failed at R/394: LEU is not I],,ok,acm2,Active,Class A (Rhodopsin),3.6,Electron microscopy,application,1
6U1N,acm2_human,R,identity,5.946875,17.770306,P08172,206,440,65,389,206,440,65,389,[identity; SIFTS unusable: sifts/R: npxxy: 5.58: identity check failed at R/213: SER is not Y ; tilt: 2x46: identity check failed at R/72: ILE is not L],,ok,acm2,Active,Class A (Rhodopsin),4.0,Electron microscopy,application,1
7T8X,acm2_human,A,identity,3.79943,17.980172,P08172,206,440,65,389,206,440,65,389,[identity; SIFTS unusable: sifts/A: npxxy: 5.58: identity check failed at A/211: ARG is not Y ; tilt: 6x37: residue A/267 not modelled],,ok,acm2,Active,Class A (Rhodopsin),3.21,Electron microscopy,application,1
7T90,acm2_human,A,identity,4.07868,18.452121,P08172,206,440,65,389,206,440,65,389,[identity; SIFTS unusable: sifts/A: npxxy: 5.58: identity check failed at A/211: ARG is not Y ; tilt: 6x37: residue A/267 not modelled],,ok,acm2,Active,Class A (Rhodopsin),3.32,Electron microscopy,application,1
7T94,acm2_human,A,identity,4.593587,18.110114,P08172,206,440,65,389,206,440,65,389,[identity; SIFTS unusable: sifts/A: npxxy: 5.58: identity check failed at A/211: ARG is not Y ; tilt: 6x37: residue A/267 not modelled],,ok,acm2,Active,Class A (Rhodopsin),3.16,Electron microscopy,application,1
7T96,acm2_human,A,identity,4.821404,18.255995,P08172,206,440,65,389,206,440,65,389,[identity; SIFTS unusable: sifts/A: npxxy: 5.58: identity check failed at A/211: ARG is not Y ; tilt: 6x37: residue A/267 not modelled],,ok,acm2,Active,Class A (Rhodopsin),3.22,Electron microscopy,application,1
8E9W,acm3_human,A,identity,3.617221,18.039145,P20309,251,544,110,493,251,544,110,493,[identity; SIFTS unusable: sifts/A: npxxy: 5.58: identity check failed at A/206: PHE is not Y ; tilt: 2x46: identity check failed at A/65: VAL is not L],,ok,acm3,Active,Class A (Rhodopsin),2.69,Electron microscopy,calibration,0
8E9Y,acm3_human,A,identity,3.308153,17.888047,P20309,251,544,110,493,251,544,110,493,[identity; SIFTS unusable: sifts/A: npxxy: 5.58: identity check failed at A/206: PHE is not Y ; tilt: 2x46: identity check failed at A/65: VAL is not L],,ok,acm3,Active,Class A (Rhodopsin),2.79,Electron microscopy,calibration,0
8E9Z,acm3_human,A,identity,4.358928,18.683677,P20309,251,544,110,493,251,544,110,493,[identity; SIFTS unusable: sifts/A: npxxy: 5.58: identity check failed at A/206: PHE is not Y ; tilt: 2x46: identity check failed at A/65: VAL is not L],,ok,acm3,Active,Class A (Rhodopsin),2.69,Electron microscopy,calibration,0
8EA0,acm3_human,A,identity,4.027835,18.246036,P20309,251,544,110,493,251,544,110,493,[identity; SIFTS unusable: sifts/A: npxxy: 5.58: identity check failed at A/206: PHE is not Y ; tilt: 2x46: identity check failed at A/65: VAL is not L],,ok,acm3,Active,Class A (Rhodopsin),2.56,Electron microscopy,calibration,0
7TRK,acm4_human,R,identity,3.650831,17.458033,P08173,215,453,74,402,215,453,74,402,[identity; SIFTS unusable: sifts/R: npxxy: 5.58: identity check failed at R/223: ARG is not Y ; tilt: 2x46: identity check failed at R/82: GLY is not L],,ok,acm4,Active,Class A (Rhodopsin),2.8,Electron microscopy,application,1
7TRP,acm4_human,R,identity,3.653821,17.8798,P08173,215,453,74,402,215,453,74,402,[identity; SIFTS unusable: sifts/R: npxxy: 5.58: identity check failed at R/223: ARG is not Y ; tilt: 2x46: identity check failed at R/82: GLY is not L],,ok,acm4,Active,Class A (Rhodopsin),2.4,Electron microscopy,application,1
7TRQ,acm4_human,R,identity,3.577193,17.807108,P08173,215,453,74,402,215,453,74,402,[identity; SIFTS unusable: sifts/R: npxxy: 5.58: identity check failed at R/223: ARG is not Y ; tilt: 2x46: identity check failed at R/82: GLY is not L],,ok,acm4,Active,Class A (Rhodopsin),2.5,Electron microscopy,application,1
7TRS,acm4_human,R,identity,3.935161,17.303598,P08173,215,453,74,402,215,453,74,402,[identity; SIFTS unusable: sifts/R: npxxy: 5.58: identity check failed at R/223: ARG is not Y ; tilt: 2x46: identity check failed at R/82: GLY is not L],,ok,acm4,Active,Class A (Rhodopsin),2.8,Electron microscopy,application,1
7V68,acm4_human,R,sifts,2.603174,17.807889,P08173,215,453,74,402,215,453,74,402,,,ok,acm4,Active,Class A (Rhodopsin),3.4,Electron microscopy,application,1
7V69,acm4_human,R,sifts,4.827046,17.753936,P08173,215,453,74,402,215,453,74,402,,,ok,acm4,Active,Class A (Rhodopsin),3.4,Electron microscopy,application,1
7V6A,acm4_human,R,sifts,3.688993,17.889233,P08173,215,453,74,402,215,453,74,402,,,ok,acm4,Active,Class A (Rhodopsin),3.6,Electron microscopy,application,1
8E9X,acm4_human,A,sifts,4.360971,17.648127,P08173,215,453,74,402,215,453,74,402,,,ok,acm4,Active,Class A (Rhodopsin),2.7,Electron microscopy,application,1
8FX5,acm4_human,R,identity,4.220266,17.383194,P08173,215,453,74,402,215,453,74,402,[identity; SIFTS unusable: sifts/R: npxxy: 5.58: identity check failed at R/223: ARG is not Y ; tilt: 2x46: identity check failed at R/82: GLY is not L],,ok,acm4,Active,Class A (Rhodopsin),2.45,Electron microscopy,application,1
8GY7,acthr_human,R,identity,2.956765,17.661766,Q01718,193,276,66,221,193,276,66,221,[identity; SIFTS unusable: sifts/R: npxxy: 5.58: residue R/324 not modelled ; tilt: 2x46: identity check failed at R/197: PHE is not L],,ok,acthr,Active,Class A (Rhodopsin),3.3,Electron microscopy,calibration,0
7YM8,ada1a_human,A,identity,4.223681,17.939274,P35348,204,326,68,274,204,326,68,274,[identity; SIFTS unusable: sifts/A: npxxy: 5.58: residue A/228 not modelled ; tilt: 2x46: identity check failed at A/92: TRP is not L],,ok,ada1a,Active,Class A (Rhodopsin),2.92,Electron microscopy,calibration,0
7YMH,ada1a_human,A,identity,3.952094,17.711061,P35348,204,326,68,274,204,326,68,274,[identity; SIFTS unusable: sifts/A: npxxy: 5.58: residue A/228 not modelled ; tilt: 2x46: identity check failed at A/92: TRP is not L],,ok,ada1a,Active,Class A (Rhodopsin),3.52,Electron microscopy,calibration,0
8THK,ada1a_human,R,identity,3.747949,17.920831,P35348,204,326,68,274,204,326,68,274,[identity; SIFTS unusable: sifts/R: npxxy: 5.58: residue R/377 not modelled ; tilt: 2x46: residue R/241 not modelled],,ok,ada1a,Active,Class A (Rhodopsin),2.6,Electron microscopy,calibration,0
8THL,ada1a_human,R,identity,4.018606,17.735913,P35348,204,326,68,274,204,326,68,274,[identity; SIFTS unusable: sifts/R: npxxy: 5.58: residue R/377 not modelled ; tilt: 2x46: residue R/241 not modelled],,ok,ada1a,Active,Class A (Rhodopsin),3.1,Electron microscopy,calibration,0
7EJ0,ada2a_human,R,sifts,5.357333,19.332856,P08913,231,441,90,391,231,441,90,391,,,ok,ada2a,Active,Class A (Rhodopsin),3.2,Electron microscopy,application,1
7EJ8,ada2a_human,R,sifts,4.279848,19.507337,P08913,231,441,90,391,231,441,90,391,,,ok,ada2a,Active,Class A (Rhodopsin),3.0,Electron microscopy,application,1
7EJA,ada2a_human,R,sifts,4.471194,19.372196,P08913,231,441,90,391,231,441,90,391,,,ok,ada2a,Active,Class A (Rhodopsin),3.6,Electron microscopy,application,1
7EJK,ada2a_human,R,sifts,3.90167,19.455907,P08913,231,441,90,391,231,441,90,391,,,ok,ada2a,Active,Class A (Rhodopsin),3.4,Electron microscopy,application,1
7W6P,ada2a_human,R,sifts,4.007834,19.091803,P08913,231,441,90,391,231,441,90,391,,,ok,ada2a,Active,Class A (Rhodopsin),3.47,Electron microscopy,application,1
7W7E,ada2a_human,R,sifts,4.038386,19.497801,P08913,231,441,90,391,231,441,90,391,,,ok,ada2a,Active,Class A (Rhodopsin),3.4,Electron microscopy,application,1
9CBL,ada2a_human,R,identity,4.8432,19.878708,P08913,231,441,90,391,231,441,90,391,[identity; SIFTS unusable: sifts/R: npxxy: 5.58: identity check failed at R/384: GLU is not Y ; tilt: 2x46: residue R/243 not modelled],,ok,ada2a,Active,Class A (Rhodopsin),2.8,Electron microscopy,application,1
9CBM,ada2a_human,R,identity,3.54808,18.994365,P08913,231,441,90,391,231,441,90,391,[identity; SIFTS unusable: sifts/R: npxxy: 5.58: identity check failed at R/384: GLU is not Y ; tilt: 2x46: residue R/243 not modelled],,ok,ada2a,Active,Class A (Rhodopsin),3.2,Electron microscopy,application,1
6K41,ada2b_human,R,identity,4.076694,19.162825,P18089,192,426,54,373,192,426,54,373,[identity; SIFTS unusable: sifts/R: npxxy: 7.53: residue R/625 not modelled ; tilt: 2x46: residue R/253 not modelled],,ok,ada2b,Active,Class A (Rhodopsin),2.9,Electron microscopy,calibration,0
6K42,ada2b_human,R,identity,4.354355,19.612717,P18089,192,426,54,373,192,426,54,373,[identity; SIFTS unusable: sifts/R: npxxy: 7.53: residue R/625 not modelled ; tilt: 2x46: residue R/253 not modelled],,ok,ada2b,Active,Class A (Rhodopsin),4.1,Electron microscopy,calibration,0
7BTS,adrb1_human,A,sifts,4.676154,18.17902,P08588,244,377,100,326,1244,1377,1100,1326,,,ok,adrb1,Active,Class A (Rhodopsin),3.13,X-ray diffraction,application,1
7BU6,adrb1_human,A,sifts,4.675879,18.178739,P08588,244,377,100,326,1244,1377,1100,1326,,,ok,adrb1,Active,Class A (Rhodopsin),2.7,X-ray diffraction,application,1
7BU7,adrb1_human,A,sifts,4.499691,18.426126,P08588,244,377,100,326,1244,1377,1100,1326,,,ok,adrb1,Active,Class A (Rhodopsin),2.6,X-ray diffraction,application,1
6H7J,adrb1_melga,A,sifts,4.853851,18.166408,P07700,227,343,83,292,227,343,83,292,,,ok,adrb1,Active,Class A (Rhodopsin),2.8,X-ray diffraction,application,1
6H7L,adrb1_melga,A,sifts,4.807497,18.18971,P07700,227,343,83,292,227,343,83,292,,,ok,adrb1,Active,Class A (Rhodopsin),2.7,X-ray diffraction,application,1
6H7M,adrb1_melga,A,sifts,4.492186,18.210289,P07700,227,343,83,292,227,343,83,292,,,ok,adrb1,Active,Class A (Rhodopsin),2.76,X-ray diffraction,application,1
6H7N,adrb1_melga,A,sifts,4.686029,18.3018,P07700,227,343,83,292,227,343,83,292,,,ok,adrb1,Active,Class A (Rhodopsin),2.5,X-ray diffraction,application,1
6H7O,adrb1_melga,A,sifts,4.184249,18.069913,P07700,227,343,83,292,227,343,83,292,,,ok,adrb1,Active,Class A (Rhodopsin),2.8,X-ray diffraction,application,1
6IBL,adrb1_melga,A,sifts,4.504327,18.215423,P07700,227,343,83,292,227,343,83,292,,,ok,adrb1,Active,Class A (Rhodopsin),2.7,X-ray diffraction,application,1
6TKO,adrb1_melga,A,identity,3.189875,17.485055,P07700,227,343,83,292,227,343,83,292,[identity; SIFTS unusable: sifts/A: npxxy: 5.58: identity check failed at A/196: PRO is not Y ; tilt: 2x46: identity check failed at A/52: VAL is not L],,ok,adrb1,Active,Class A (Rhodopsin),3.3,Electron microscopy,application,1
7JJO,adrb1_melga,R,identity,4.216788,18.660668,P07700,227,343,83,292,227,343,83,292,[identity; SIFTS unusable: sifts/R: npxxy: 5.58: residue R/390 not modelled ; tilt: 2x46: residue R/246 not modelled],,ok,adrb1,Active,Class A (Rhodopsin),2.6,Electron microscopy,application,1
7S0F,adrb1_melga,R,identity,3.829222,18.432474,P07700,227,343,83,292,227,343,83,292,[identity; SIFTS unusable: sifts/R: npxxy: 5.58: residue R/390 not modelled ; tilt: 2x46: residue R/246 not modelled],,ok,adrb1,Active,Class A (Rhodopsin),2.96,Electron microscopy,application,1
7S0G,adrb1_melga,R,identity,3.988784,18.874752,P07700,227,343,83,292,227,343,83,292,[identity; SIFTS unusable: sifts/R: npxxy: 5.58: residue R/390 not modelled ; tilt: 2x46: residue R/246 not modelled],,ok,adrb1,Active,Class A (Rhodopsin),3.86,Electron microscopy,application,1
8DCR,adrb1_melga,R,identity,4.482996,18.254649,P07700,227,343,83,292,227,343,83,292,[identity; SIFTS unusable: sifts/R: npxxy: 5.58: residue R/390 not modelled ; tilt: 2x46: residue R/246 not modelled],,ok,adrb1,Active,Class A (Rhodopsin),2.6,Electron microscopy,application,1
8DCS,adrb1_melga,R,identity,4.364859,18.285503,P07700,227,343,83,292,227,343,83,292,[identity; SIFTS unusable: sifts/R: npxxy: 5.58: residue R/390 not modelled ; tilt: 2x46: residue R/246 not modelled],,ok,adrb1,Active,Class A (Rhodopsin),2.5,Electron microscopy,application,1
3P0G,adrb2_human,A,identity,4.646192,17.75348,P07550,219,326,75,275,219,326,75,275,[identity; SIFTS unusable: sifts/A: npxxy: 5.58: identity check failed at A/227: LYS is not Y ; tilt: 2x46: identity check failed at A/83: GLY is not L],,ok,adrb2,Active,Class A (Rhodopsin),3.5,X-ray diffraction,application,1
3SN6,adrb2_human,R,identity,4.281909,18.399684,P07550,219,326,75,275,219,326,75,275,[identity; SIFTS unusable: sifts/R: npxxy: 5.58: residue R/368 not modelled ; tilt: 2x46: identity check failed at R/224: GLN is not L],,ok,adrb2,Active,Class A (Rhodopsin),3.2,X-ray diffraction,application,1
4LDE,adrb2_human,A,sifts,4.813055,17.562509,P07550,219,326,75,275,1219,1326,1075,1275,,,ok,adrb2,Active,Class A (Rhodopsin),2.79,X-ray diffraction,application,1
4LDL,adrb2_human,A,sifts,4.567038,17.875148,P07550,219,326,75,275,1219,1326,1075,1275,,,ok,adrb2,Active,Class A (Rhodopsin),3.1,X-ray diffraction,application,1
4LDO,adrb2_human,A,sifts,4.82638,17.88453,P07550,219,326,75,275,1219,1326,1075,1275,,,ok,adrb2,Active,Class A (Rhodopsin),3.2,X-ray diffraction,application,1
4QKX,adrb2_human,A,sifts,4.950571,17.834913,P07550,219,326,75,275,1219,1326,1075,1275,,,ok,adrb2,Active,Class A (Rhodopsin),3.3,X-ray diffraction,application,1
6E67,adrb2_human,B,identity,4.500256,18.174624,P07550,219,326,75,275,219,326,75,275,[identity; SIFTS unusable: sifts/B: npxxy: 5.58: residue B/243 not modelled ; tilt: 2x46: identity check failed at B/99: TRP is not L],,ok,adrb2,Active,Class A (Rhodopsin),3.7,X-ray diffraction,application,1
6MXT,adrb2_human,A,sifts,4.92462,17.762591,P07550,219,326,75,275,1219,1326,1075,1275,,,ok,adrb2,Active,Class A (Rhodopsin),2.96,X-ray diffraction,application,1
6N48,adrb2_human,A,sifts,4.536322,17.859451,P07550,219,326,75,275,1219,1326,1075,1275,,,ok,adrb2,Active,Class A (Rhodopsin),3.2,X-ray diffraction,application,1
6NI3,adrb2_human,R,identity,4.480072,18.918552,P07550,219,326,75,275,219,326,75,275,[identity; SIFTS unusable: sifts/R: npxxy: 5.58: residue R/384 not modelled ; tilt: 2x46: residue R/240 not modelled],,ok,adrb2,Active,Class A (Rhodopsin),3.8,Electron microscopy,application,1
7BZ2,adrb2_human,R,identity,4.148486,18.692881,P07550,219,326,75,275,219,326,75,275,[identity; SIFTS unusable: sifts/R: npxxy: 5.58: residue R/243 not modelled ; tilt: 2x46: identity check failed at R/99: TRP is not L],,ok,adrb2,Active,Class A (Rhodopsin),3.82,Electron microscopy,application,1
7DHI,adrb2_human,R,identity,4.39594,18.658871,P07550,219,326,75,275,219,326,75,275,[identity; SIFTS unusable: sifts/R: npxxy: 5.58: residue R/243 not modelled ; tilt: 2x46: identity check failed at R/99: TRP is not L],,ok,adrb2,Active,Class A (Rhodopsin),3.26,Electron microscopy,application,1
7DHR,adrb2_human,R,identity,4.50491,18.742627,P07550,219,326,75,275,219,326,75,275,[identity; SIFTS unusable: sifts/R: npxxy: 5.58: residue R/243 not modelled ; tilt: 2x46: identity check failed at R/99: TRP is not L],,ok,adrb2,Active,Class A (Rhodopsin),3.8,Electron microscopy,application,1
7XK9,adrb2_human,A,sifts,4.472298,17.631773,P07550,219,326,75,275,1219,1326,1075,1275,,,ok,adrb2,Active,Class A (Rhodopsin),3.4,X-ray diffraction,application,1
7XKA,adrb2_human,A,sifts,4.66975,17.693655,P07550,219,326,75,275,1219,1326,1075,1275,,,ok,adrb2,Active,Class A (Rhodopsin),3.1,X-ray diffraction,application,1
8GDZ,adrb2_human,R,identity,4.144367,18.581124,P07550,219,326,75,275,219,326,75,275,[identity; SIFTS unusable: sifts/R: npxxy: 5.58: residue R/250 not modelled ; tilt: 2x46: identity check failed at R/106: CYS is not L],,ok,adrb2,Active,Class A (Rhodopsin),3.5,Electron microscopy,application,1
8GE1,adrb2_human,R,identity,3.931853,18.447726,P07550,219,326,75,275,219,326,75,275,[identity; SIFTS unusable: sifts/R: npxxy: 5.58: residue R/250 not modelled ; tilt: 2x46: identity check failed at R/106: CYS is not L],,ok,adrb2,Active,Class A (Rhodopsin),3.4,Electron microscopy,application,1
8GE2,adrb2_human,R,identity,3.798865,18.466161,P07550,219,326,75,275,219,326,75,275,[identity; SIFTS unusable: sifts/R: npxxy: 5.58: residue R/250 not modelled ; tilt: 2x46: identity check failed at R/106: CYS is not L],,ok,adrb2,Active,Class A (Rhodopsin),3.3,Electron microscopy,application,1
8GE3,adrb2_human,R,identity,3.605616,18.678551,P07550,219,326,75,275,219,326,75,275,[identity; SIFTS unusable: sifts/R: npxxy: 5.58: residue R/250 not modelled ; tilt: 2x46: identity check failed at R/106: CYS is not L],,ok,adrb2,Active,Class A (Rhodopsin),3.3,Electron microscopy,application,1
8GE4,adrb2_human,R,identity,3.848514,18.541104,P07550,219,326,75,275,219,326,75,275,[identity; SIFTS unusable: sifts/R: npxxy: 5.58: residue R/250 not modelled ; tilt: 2x46: identity check failed at R/106: CYS is not L],,ok,adrb2,Active,Class A (Rhodopsin),3.3,Electron microscopy,application,1
8GE5,adrb2_human,R,identity,3.846429,18.448836,P07550,219,326,75,275,219,326,75,275,[identity; SIFTS unusable: sifts/R: npxxy: 5.58: residue R/250 not modelled ; tilt: 2x46: identity check failed at R/106: CYS is not L],,ok,adrb2,Active,Class A (Rhodopsin),3.2,Electron microscopy,application,1
8GE6,adrb2_human,R,identity,3.648988,18.543469,P07550,219,326,75,275,219,326,75,275,[identity; SIFTS unusable: sifts/R: npxxy: 5.58: residue R/250 not modelled ; tilt: 2x46: identity check failed at R/106: CYS is not L],,ok,adrb2,Active,Class A (Rhodopsin),3.4,Electron microscopy,application,1
8GE7,adrb2_human,R,identity,4.015807,18.31842,P07550,219,326,75,275,219,326,75,275,[identity; SIFTS unusable: sifts/R: npxxy: 5.58: residue R/250 not modelled ; tilt: 2x46: identity check failed at R/106: CYS is not L],,ok,adrb2,Active,Class A (Rhodopsin),3.4,Electron microscopy,application,1
8GE8,adrb2_human,R,identity,4.051237,18.44407,P07550,219,326,75,275,219,326,75,275,[identity; SIFTS unusable: sifts/R: npxxy: 5.58: residue R/250 not modelled ; tilt: 2x46: identity check failed at R/106: CYS is not L],,ok,adrb2,Active,Class A (Rhodopsin),3.4,Electron microscopy,application,1
8GE9,adrb2_human,R,identity,3.796898,18.474905,P07550,219,326,75,275,219,326,75,275,[identity; SIFTS unusable: sifts/R: npxxy: 5.58: residue R/250 not modelled ; tilt: 2x46: identity check failed at R/106: CYS is not L],,ok,adrb2,Active,Class A (Rhodopsin),3.5,Electron microscopy,application,1
8GEA,adrb2_human,R,identity,3.435698,18.489327,P07550,219,326,75,275,219,326,75,275,[identity; SIFTS unusable: sifts/R: npxxy: 5.58: residue R/250 not modelled ; tilt: 2x46: identity check failed at R/106: CYS is not L],,ok,adrb2,Active,Class A (Rhodopsin),3.5,Electron microscopy,application,1
8GEB,adrb2_human,R,identity,4.002687,18.65148,P07550,219,326,75,275,219,326,75,275,[identity; SIFTS unusable: sifts/R: npxxy: 5.58: residue R/250 not modelled ; tilt: 2x46: identity check failed at R/106: CYS is not L],,ok,adrb2,Active,Class A (Rhodopsin),3.6,Electron microscopy,application,1
8GEC,adrb2_human,R,identity,3.537912,18.509205,P07550,219,326,75,275,219,326,75,275,[identity; SIFTS unusable: sifts/R: npxxy: 5.58: residue R/250 not modelled ; tilt: 2x46: identity check failed at R/106: CYS is not L],,ok,adrb2,Active,Class A (Rhodopsin),3.5,Electron microscopy,application,1
8GED,adrb2_human,R,identity,3.716887,18.72913,P07550,219,326,75,275,219,326,75,275,[identity; SIFTS unusable: sifts/R: npxxy: 5.58: residue R/250 not modelled ; tilt: 2x46: identity check failed at R/106: CYS is not L],,ok,adrb2,Active,Class A (Rhodopsin),3.5,Electron microscopy,application,1
8GEE,adrb2_human,R,identity,4.19642,18.689596,P07550,219,326,75,275,219,326,75,275,[identity; SIFTS unusable: sifts/R: npxxy: 5.58: residue R/250 not modelled ; tilt: 2x46: identity check failed at R/106: CYS is not L],,ok,adrb2,Active,Class A (Rhodopsin),3.7,Electron microscopy,application,1
8GEF,adrb2_human,R,identity,3.526734,18.45177,P07550,219,326,75,275,219,326,75,275,[identity; SIFTS unusable: sifts/R: npxxy: 5.58: residue R/250 not modelled ; tilt: 2x46: identity check failed at R/106: CYS is not L],,ok,adrb2,Active,Class A (Rhodopsin),3.8,Electron microscopy,application,1
8GEG,adrb2_human,R,identity,3.760268,18.86134,P07550,219,326,75,275,219,326,75,275,[identity; SIFTS unusable: sifts/R: npxxy: 5.58: residue R/250 not modelled ; tilt: 2x46: identity check failed at R/106: CYS is not L],,ok,adrb2,Active,Class A (Rhodopsin),3.8,Electron microscopy,application,1
8GEH,adrb2_human,R,identity,3.986844,19.036949,P07550,219,326,75,275,219,326,75,275,[identity; SIFTS unusable: sifts/R: npxxy: 5.58: residue R/250 not modelled ; tilt: 2x46: identity check failed at R/106: CYS is not L],,ok,adrb2,Active,Class A (Rhodopsin),4.0,Electron microscopy,application,1
8GEI,adrb2_human,,,,,P07550,219,326,75,275,,,,,,,sifts/R: npxxy: 5.58: residue R/250 not modelled ; tilt: 2x46: identity check failed at R/106: CYS is not L | identity/R: npxxy: 7.53: atom OH absent at R/326 (TYR),adrb2,Active,Class A (Rhodopsin),4.1,Electron microscopy,application,1
8GEJ,adrb2_human,,,,,P07550,219,326,75,275,,,,,,,sifts/R: npxxy: 5.58: residue R/250 not modelled ; tilt: 2x46: identity check failed at R/106: CYS is not L | identity/R: npxxy: 7.53: atom OH absent at R/326 (TYR),adrb2,Active,Class A (Rhodopsin),4.2,Electron microscopy,application,1
8GFV,adrb2_human,R,identity,4.590497,19.043325,P07550,219,326,75,275,219,326,75,275,[identity; SIFTS unusable: sifts/R: npxxy: 5.58: residue R/250 not modelled ; tilt: 2x46: identity check failed at R/106: CYS is not L],,ok,adrb2,Active,Class A (Rhodopsin),3.1,Electron microscopy,application,1
8GFW,adrb2_human,R,identity,4.474894,19.028803,P07550,219,326,75,275,219,326,75,275,[identity; SIFTS unusable: sifts/R: npxxy: 5.58: residue R/250 not modelled ; tilt: 2x46: identity check failed at R/106: CYS is not L],,ok,adrb2,Active,Class A (Rhodopsin),3.0,Electron microscopy,application,1
8GFX,adrb2_human,R,identity,4.600545,19.079715,P07550,219,326,75,275,219,326,75,275,[identity; SIFTS unusable: sifts/R: npxxy: 5.58: residue R/250 not modelled ; tilt: 2x46: identity check failed at R/106: CYS is not L],,ok,adrb2,Active,Class A (Rhodopsin),3.0,Electron microscopy,application,1
8GFY,adrb2_human,R,identity,4.432162,19.061718,P07550,219,326,75,275,219,326,75,275,[identity; SIFTS unusable: sifts/R: npxxy: 5.58: residue R/250 not modelled ; tilt: 2x46: identity check failed at R/106: CYS is not L],,ok,adrb2,Active,Class A (Rhodopsin),3.0,Electron microscopy,application,1
8GFZ,adrb2_human,R,identity,4.662,19.080931,P07550,219,326,75,275,219,326,75,275,[identity; SIFTS unusable: sifts/R: npxxy: 5.58: residue R/250 not modelled ; tilt: 2x46: identity check failed at R/106: CYS is not L],,ok,adrb2,Active,Class A (Rhodopsin),3.0,Electron microscopy,application,1
8GG0,adrb2_human,R,identity,4.788524,19.149298,P07550,219,326,75,275,219,326,75,275,[identity; SIFTS unusable: sifts/R: npxxy: 5.58: residue R/250 not modelled ; tilt: 2x46: identity check failed at R/106: CYS is not L],,ok,adrb2,Active,Class A (Rhodopsin),2.9,Electron microscopy,application,1
8GG1,adrb2_human,R,identity,4.729353,19.203717,P07550,219,326,75,275,219,326,75,275,[identity; SIFTS unusable: sifts/R: npxxy: 5.58: residue R/250 not modelled ; tilt: 2x46: identity check failed at R/106: CYS is not L],,ok,adrb2,Active,Class A (Rhodopsin),3.0,Electron microscopy,application,1
8GG2,adrb2_human,R,identity,4.806072,19.168423,P07550,219,326,75,275,219,326,75,275,[identity; SIFTS unusable: sifts/R: npxxy: 5.58: residue R/250 not modelled ; tilt: 2x46: identity check failed at R/106: CYS is not L],,ok,adrb2,Active,Class A (Rhodopsin),3.0,Electron microscopy,application,1
8GG3,adrb2_human,R,identity,4.31214,19.160467,P07550,219,326,75,275,219,326,75,275,[identity; SIFTS unusable: sifts/R: npxxy: 5.58: residue R/250 not modelled ; tilt: 2x46: identity check failed at R/106: CYS is not L],,ok,adrb2,Active,Class A (Rhodopsin),3.1,Electron microscopy,application,1
8GG4,adrb2_human,R,identity,4.37521,19.105284,P07550,219,326,75,275,219,326,75,275,[identity; SIFTS unusable: sifts/R: npxxy: 5.58: residue R/250 not modelled ; tilt: 2x46: identity check failed at R/106: CYS is not L],,ok,adrb2,Active,Class A (Rhodopsin),3.2,Electron microscopy,application,1
8GG5,adrb2_human,R,identity,4.286202,19.185073,P07550,219,326,75,275,219,326,75,275,[identity; SIFTS unusable: sifts/R: npxxy: 5.58: residue R/250 not modelled ; tilt: 2x46: identity check failed at R/106: CYS is not L],,ok,adrb2,Active,Class A (Rhodopsin),3.2,Electron microscopy,application,1
8GG6,adrb2_human,R,identity,4.219695,19.193971,P07550,219,326,75,275,219,326,75,275,[identity; SIFTS unusable: sifts/R: npxxy: 5.58: residue R/250 not modelled ; tilt: 2x46: identity check failed at R/106: CYS is not L],,ok,adrb2,Active,Class A (Rhodopsin),3.3,Electron microscopy,application,1
8GG7,adrb2_human,R,identity,4.333558,19.095968,P07550,219,326,75,275,219,326,75,275,[identity; SIFTS unusable: sifts/R: npxxy: 5.58: residue R/250 not modelled ; tilt: 2x46: identity check failed at R/106: CYS is not L],,ok,adrb2,Active,Class A (Rhodopsin),3.3,Electron microscopy,application,1
8GG8,adrb2_human,R,identity,4.737935,19.329815,P07550,219,326,75,275,219,326,75,275,[identity; SIFTS unusable: sifts/R: npxxy: 5.58: residue R/250 not modelled ; tilt: 2x46: identity check failed at R/106: CYS is not L],,ok,adrb2,Active,Class A (Rhodopsin),3.3,Electron microscopy,application,1
8GG9,adrb2_human,R,identity,4.230028,19.392864,P07550,219,326,75,275,219,326,75,275,[identity; SIFTS unusable: sifts/R: npxxy: 5.58: residue R/250 not modelled ; tilt: 2x46: identity check failed at R/106: CYS is not L],,ok,adrb2,Active,Class A (Rhodopsin),3.4,Electron microscopy,application,1
8GGA,adrb2_human,R,identity,3.741577,19.296325,P07550,219,326,75,275,219,326,75,275,[identity; SIFTS unusable: sifts/R: npxxy: 5.58: residue R/250 not modelled ; tilt: 2x46: identity check failed at R/106: CYS is not L],,ok,adrb2,Active,Class A (Rhodopsin),3.5,Electron microscopy,application,1
8GGB,adrb2_human,R,identity,4.541239,19.28939,P07550,219,326,75,275,219,326,75,275,[identity; SIFTS unusable: sifts/R: npxxy: 5.58: residue R/250 not modelled ; tilt: 2x46: identity check failed at R/106: CYS is not L],,ok,adrb2,Active,Class A (Rhodopsin),3.5,Electron microscopy,application,1
8GGC,adrb2_human,R,identity,4.905357,19.297492,P07550,219,326,75,275,219,326,75,275,[identity; SIFTS unusable: sifts/R: npxxy: 5.58: residue R/250 not modelled ; tilt: 2x46: identity check failed at R/106: CYS is not L],,ok,adrb2,Active,Class A (Rhodopsin),3.4,Electron microscopy,application,1
8GGE,adrb2_human,,,,,P07550,219,326,75,275,,,,,,,sifts/R: npxxy: 5.58: residue R/250 not modelled ; tilt: 2x46: identity check failed at R/106: CYS is not L | identity/R: npxxy: 7.53: atom OH absent at R/326 (TYR),adrb2,Active,Class A (Rhodopsin),3.5,Electron microscopy,application,1
8GGF,adrb2_human,,,,,P07550,219,326,75,275,,,,,,,sifts/R: npxxy: 5.58: residue R/250 not modelled ; tilt: 2x46: identity check failed at R/106: CYS is not L | identity/R: npxxy: 7.53: residue R/326 not modelled,adrb2,Active,Class A (Rhodopsin),3.6,Electron microscopy,application,1
8GGI,adrb2_human,R,identity,4.727364,19.211023,P07550,219,326,75,275,219,326,75,275,[identity; SIFTS unusable: sifts/R: npxxy: 5.58: residue R/250 not modelled ; tilt: 2x46: identity check failed at R/106: CYS is not L],,ok,adrb2,Active,Class A (Rhodopsin),3.5,Electron microscopy,application,1
8GGJ,adrb2_human,R,identity,4.367118,19.064135,P07550,219,326,75,275,219,326,75,275,[identity; SIFTS unusable: sifts/R: npxxy: 5.58: residue R/250 not modelled ; tilt: 2x46: identity check failed at R/106: CYS is not L],,ok,adrb2,Active,Class A (Rhodopsin),3.5,Electron microscopy,application,1
8GGK,adrb2_human,R,identity,4.610953,19.133095,P07550,219,326,75,275,219,326,75,275,[identity; SIFTS unusable: sifts/R: npxxy: 5.58: residue R/250 not modelled ; tilt: 2x46: identity check failed at R/106: CYS is not L],,ok,adrb2,Active,Class A (Rhodopsin),3.3,Electron microscopy,application,1
8GGL,adrb2_human,R,identity,4.380825,19.151143,P07550,219,326,75,275,219,326,75,275,[identity; SIFTS unusable: sifts/R: npxxy: 5.58: residue R/250 not modelled ; tilt: 2x46: identity check failed at R/106: CYS is not L],,ok,adrb2,Active,Class A (Rhodopsin),3.2,Electron microscopy,application,1
8GGM,adrb2_human,R,identity,4.377489,19.069767,P07550,219,326,75,275,219,326,75,275,[identity; SIFTS unusable: sifts/R: npxxy: 5.58: residue R/250 not modelled ; tilt: 2x46: identity check failed at R/106: CYS is not L],,ok,adrb2,Active,Class A (Rhodopsin),3.2,Electron microscopy,application,1
8GGN,adrb2_human,R,identity,4.31558,19.043783,P07550,219,326,75,275,219,326,75,275,[identity; SIFTS unusable: sifts/R: npxxy: 5.58: residue R/250 not modelled ; tilt: 2x46: identity check failed at R/106: CYS is not L],,ok,adrb2,Active,Class A (Rhodopsin),3.3,Electron microscopy,application,1
8GGO,adrb2_human,R,identity,4.452982,19.103194,P07550,219,326,75,275,219,326,75,275,[identity; SIFTS unusable: sifts/R: npxxy: 5.58: residue R/250 not modelled ; tilt: 2x46: identity check failed at R/106: CYS is not L],,ok,adrb2,Active,Class A (Rhodopsin),3.2,Electron microscopy,application,1
8GGP,adrb2_human,R,identity,4.477601,19.137007,P07550,219,326,75,275,219,326,75,275,[identity; SIFTS unusable: sifts/R: npxxy: 5.58: residue R/250 not modelled ; tilt: 2x46: identity check failed at R/106: CYS is not L],,ok,adrb2,Active,Class A (Rhodopsin),3.2,Electron microscopy,application,1
8GGQ,adrb2_human,R,identity,4.552257,19.266153,P07550,219,326,75,275,219,326,75,275,[identity; SIFTS unusable: sifts/R: npxxy: 5.58: residue R/250 not modelled ; tilt: 2x46: identity check failed at R/106: CYS is not L],,ok,adrb2,Active,Class A (Rhodopsin),3.4,Electron microscopy,application,1
8GGR,adrb2_human,R,identity,4.226205,19.185183,P07550,219,326,75,275,219,326,75,275,[identity; SIFTS unusable: sifts/R: npxxy: 5.58: residue R/250 not modelled ; tilt: 2x46: identity check failed at R/106: CYS is not L],,ok,adrb2,Active,Class A (Rhodopsin),3.4,Electron microscopy,application,1
8GGS,adrb2_human,R,identity,4.086263,19.369544,P07550,219,326,75,275,219,326,75,275,[identity; SIFTS unusable: sifts/R: npxxy: 5.58: residue R/250 not modelled ; tilt: 2x46: identity check failed at R/106: CYS is not L],,ok,adrb2,Active,Class A (Rhodopsin),3.5,Electron microscopy,application,1
8GGT,adrb2_human,R,identity,3.906691,19.666511,P07550,219,326,75,275,219,326,75,275,[identity; SIFTS unusable: sifts/R: npxxy: 5.58: residue R/250 not modelled ; tilt: 2x46: identity check failed at R/106: CYS is not L],,ok,adrb2,Active,Class A (Rhodopsin),3.5,Electron microscopy,application,1
8GGU,adrb2_human,R,identity,4.653002,19.521553,P07550,219,326,75,275,219,326,75,275,[identity; SIFTS unusable: sifts/R: npxxy: 5.58: residue R/250 not modelled ; tilt: 2x46: identity check failed at R/106: CYS is not L],,ok,adrb2,Active,Class A (Rhodopsin),3.4,Electron microscopy,application,1
8GGV,adrb2_human,R,identity,4.012155,19.534982,P07550,219,326,75,275,219,326,75,275,[identity; SIFTS unusable: sifts/R: npxxy: 5.58: residue R/250 not modelled ; tilt: 2x46: identity check failed at R/106: CYS is not L],,ok,adrb2,Active,Class A (Rhodopsin),3.5,Electron microscopy,application,1
8GGW,adrb2_human,R,identity,4.62273,19.367577,P07550,219,326,75,275,219,326,75,275,[identity; SIFTS unusable: sifts/R: npxxy: 5.58: residue R/250 not modelled ; tilt: 2x46: identity check failed at R/106: CYS is not L],,ok,adrb2,Active,Class A (Rhodopsin),3.6,Electron microscopy,application,1
8GGX,adrb2_human,R,identity,4.295771,19.168888,P07550,219,326,75,275,219,326,75,275,[identity; SIFTS unusable: sifts/R: npxxy: 5.58: residue R/250 not modelled ; tilt: 2x46: identity check failed at R/106: CYS is not L],,ok,adrb2,Active,Class A (Rhodopsin),3.6,Electron microscopy,application,1
8GGY,adrb2_human,R,identity,4.845594,19.511968,P07550,219,326,75,275,219,326,75,275,[identity; SIFTS unusable: sifts/R: npxxy: 5.58: residue R/250 not modelled ; tilt: 2x46: identity check failed at R/106: CYS is not L],,ok,adrb2,Active,Class A (Rhodopsin),3.9,Electron microscopy,application,1
8GGZ,adrb2_human,R,identity,5.18696,19.268296,P07550,219,326,75,275,219,326,75,275,[identity; SIFTS unusable: sifts/R: npxxy: 5.58: residue R/250 not modelled ; tilt: 2x46: identity check failed at R/106: CYS is not L],,ok,adrb2,Active,Class A (Rhodopsin),3.9,Electron microscopy,application,1
8GH0,adrb2_human,,,,,P07550,219,326,75,275,,,,,,,sifts/R: npxxy: 5.58: residue R/250 not modelled ; tilt: 2x46: identity check failed at R/106: CYS is not L | identity/R: npxxy: 7.53: atom OH absent at R/326 (TYR),adrb2,Active,Class A (Rhodopsin),4.0,Electron microscopy,application,1
8GH1,adrb2_human,R,identity,5.666311,19.201017,P07550,219,326,75,275,219,326,75,275,[identity; SIFTS unusable: sifts/R: npxxy: 5.58: residue R/250 not modelled ; tilt: 2x46: identity check failed at R/106: CYS is not L],,ok,adrb2,Active,Class A (Rhodopsin),4.1,Electron microscopy,application,1
8JJ8,adrb2_human,F,sifts,4.297377,17.973476,P07550,219,326,75,275,219,393,75,342,,,ok,adrb2,Active,Class A (Rhodopsin),3.2,Electron microscopy,application,1
8UNL,adrb2_human,R,identity,4.444546,19.12486,P07550,219,326,75,275,219,326,75,275,[identity; SIFTS unusable: sifts/R: npxxy: 5.58: residue R/250 not modelled ; tilt: 2x46: identity check failed at R/106: CYS is not L],,ok,adrb2,Active,Class A (Rhodopsin),3.3,Electron microscopy,application,1
8UNM,adrb2_human,R,identity,4.744377,19.164133,P07550,219,326,75,275,219,326,75,275,[identity; SIFTS unusable: sifts/R: npxxy: 5.58: residue R/250 not modelled ; tilt: 2x46: identity check failed at R/106: CYS is not L],,ok,adrb2,Active,Class A (Rhodopsin),3.4,Electron microscopy,application,1
8UNN,adrb2_human,R,identity,4.888459,19.329598,P07550,219,326,75,275,219,326,75,275,[identity; SIFTS unusable: sifts/R: npxxy: 5.58: residue R/250 not modelled ; tilt: 2x46: identity check failed at R/106: CYS is not L],,ok,adrb2,Active,Class A (Rhodopsin),3.4,Electron microscopy,application,1
8UNO,adrb2_human,R,identity,4.497503,19.26819,P07550,219,326,75,275,219,326,75,275,[identity; SIFTS unusable: sifts/R: npxxy: 5.58: residue R/250 not modelled ; tilt: 2x46: identity check failed at R/106: CYS is not L],,ok,adrb2,Active,Class A (Rhodopsin),3.3,Electron microscopy,application,1
8UNP,adrb2_human,R,identity,4.527576,19.357905,P07550,219,326,75,275,219,326,75,275,[identity; SIFTS unusable: sifts/R: npxxy: 5.58: residue R/250 not modelled ; tilt: 2x46: identity check failed at R/106: CYS is not L],,ok,adrb2,Active,Class A (Rhodopsin),3.3,Electron microscopy,application,1
8UNQ,adrb2_human,R,identity,4.446425,19.198877,P07550,219,326,75,275,219,326,75,275,[identity; SIFTS unusable: sifts/R: npxxy: 5.58: residue R/250 not modelled ; tilt: 2x46: identity check failed at R/106: CYS is not L],,ok,adrb2,Active,Class A (Rhodopsin),3.3,Electron microscopy,application,1
8UNR,adrb2_human,R,identity,4.251915,19.241666,P07550,219,326,75,275,219,326,75,275,[identity; SIFTS unusable: sifts/R: npxxy: 5.58: residue R/250 not modelled ; tilt: 2x46: identity check failed at R/106: CYS is not L],,ok,adrb2,Active,Class A (Rhodopsin),3.4,Electron microscopy,application,1
8UNS,adrb2_human,R,identity,4.519703,19.228166,P07550,219,326,75,275,219,326,75,275,[identity; SIFTS unusable: sifts/R: npxxy: 5.58: residue R/250 not modelled ; tilt: 2x46: identity check failed at R/106: CYS is not L],,ok,adrb2,Active,Class A (Rhodopsin),3.4,Electron microscopy,application,1
8UNT,adrb2_human,R,identity,4.192749,19.118139,P07550,219,326,75,275,219,326,75,275,[identity; SIFTS unusable: sifts/R: npxxy: 5.58: residue R/250 not modelled ; tilt: 2x46: identity check failed at R/106: CYS is not L],,ok,adrb2,Active,Class A (Rhodopsin),3.4,Electron microscopy,application,1
8UNU,adrb2_human,R,identity,4.455021,19.571357,P07550,219,326,75,275,219,326,75,275,[identity; SIFTS unusable: sifts/R: npxxy: 5.58: residue R/250 not modelled ; tilt: 2x46: identity check failed at R/106: CYS is not L],,ok,adrb2,Active,Class A (Rhodopsin),3.5,Electron microscopy,application,1
8UNV,adrb2_human,R,identity,4.474732,19.087127,P07550,219,326,75,275,219,326,75,275,[identity; SIFTS unusable: sifts/R: npxxy: 5.58: residue R/250 not modelled ; tilt: 2x46: identity check failed at R/106: CYS is not L],,ok,adrb2,Active,Class A (Rhodopsin),3.3,Electron microscopy,application,1
8UNW,adrb2_human,R,identity,4.392335,19.263549,P07550,219,326,75,275,219,326,75,275,[identity; SIFTS unusable: sifts/R: npxxy: 5.58: residue R/250 not modelled ; tilt: 2x46: identity check failed at R/106: CYS is not L],,ok,adrb2,Active,Class A (Rhodopsin),3.4,Electron microscopy,application,1
8UNX,adrb2_human,R,identity,4.432118,19.177188,P07550,219,326,75,275,219,326,75,275,[identity; SIFTS unusable: sifts/R: npxxy: 5.58: residue R/250 not modelled ; tilt: 2x46: identity check failed at R/106: CYS is not L],,ok,adrb2,Active,Class A (Rhodopsin),3.6,Electron microscopy,application,1
8UNY,adrb2_human,R,identity,4.587857,19.212063,P07550,219,326,75,275,219,326,75,275,[identity; SIFTS unusable: sifts/R: npxxy: 5.58: residue R/250 not modelled ; tilt: 2x46: identity check failed at R/106: CYS is not L],,ok,adrb2,Active,Class A (Rhodopsin),3.6,Electron microscopy,application,1
8UNZ,adrb2_human,R,identity,4.108842,19.686432,P07550,219,326,75,275,219,326,75,275,[identity; SIFTS unusable: sifts/R: npxxy: 5.58: residue R/250 not modelled ; tilt: 2x46: identity check failed at R/106: CYS is not L],,ok,adrb2,Active,Class A (Rhodopsin),3.8,Electron microscopy,application,1
8UO0,adrb2_human,R,identity,4.041212,19.217833,P07550,219,326,75,275,219,326,75,275,[identity; SIFTS unusable: sifts/R: npxxy: 5.58: residue R/250 not modelled ; tilt: 2x46: identity check failed at R/106: CYS is not L],,ok,adrb2,Active,Class A (Rhodopsin),3.5,Electron microscopy,application,1
8UO1,adrb2_human,R,identity,4.140162,19.550008,P07550,219,326,75,275,219,326,75,275,[identity; SIFTS unusable: sifts/R: npxxy: 5.58: residue R/243 not modelled ; tilt: 2x46: identity check failed at R/99: TRP is not L],,ok,adrb2,Active,Class A (Rhodopsin),3.6,Electron microscopy,application,1
8UO2,adrb2_human,R,identity,4.150286,19.458473,P07550,219,326,75,275,219,326,75,275,[identity; SIFTS unusable: sifts/R: npxxy: 5.58: residue R/250 not modelled ; tilt: 2x46: identity check failed at R/106: CYS is not L],,ok,adrb2,Active,Class A (Rhodopsin),3.6,Electron microscopy,application,1
8UO3,adrb2_human,R,identity,3.6351,18.983136,P07550,219,326,75,275,219,326,75,275,[identity; SIFTS unusable: sifts/R: npxxy: 5.58: residue R/250 not modelled ; tilt: 2x46: identity check failed at R/106: CYS is not L],,ok,adrb2,Active,Class A (Rhodopsin),3.5,Electron microscopy,application,1
8UO4,adrb2_human,R,identity,4.530284,18.894151,P07550,219,326,75,275,219,326,75,275,[identity; SIFTS unusable: sifts/R: npxxy: 5.58: residue R/250 not modelled ; tilt: 2x46: identity check failed at R/106: CYS is not L],,ok,adrb2,Active,Class A (Rhodopsin),4.0,Electron microscopy,application,1
7DH5,adrb3_canlf,R,identity,3.982634,17.706588,O02662,224,346,79,294,224,346,79,294,[identity; SIFTS unusable: sifts/R: npxxy: 5.58: identity check failed at R/233: ARG is not Y],,ok,adrb3,Active,Class A (Rhodopsin),3.16,Electron microscopy,calibration,0
7XJH,adrb3_canlf,R,identity,3.665168,17.978204,O02662,224,346,79,294,224,346,79,294,[identity; SIFTS unusable: sifts/R: npxxy: 5.58: identity check failed at R/233: ARG is not Y],,ok,adrb3,Active,Class A (Rhodopsin),3.3,Electron microscopy,calibration,0
7XJI,adrb3_canlf,R,identity,3.92263,18.278268,O02662,224,346,79,294,224,346,79,294,[identity; SIFTS unusable: sifts/R: npxxy: 5.58: identity check failed at R/233: ARG is not Y],,ok,adrb3,Active,Class A (Rhodopsin),3.9,Electron microscopy,calibration,0
9IJD,adrb3_human,R,sifts,4.017234,17.987437,P13945,224,346,79,294,224,346,79,294,,,ok,adrb3,Active,Class A (Rhodopsin),2.76,Electron microscopy,calibration,0
9IJE,adrb3_human,R,sifts,4.680821,18.061732,P13945,224,346,79,294,224,346,79,294,,,ok,adrb3,Active,Class A (Rhodopsin),2.34,Electron microscopy,calibration,0
6DO1,agtr1_human,,,,,P30556,215,302,70,242,,,,,,,sifts/A: npxxy: 5.58: identity check failed at A/222: LEU is not Y ; tilt: 2x46: identity check failed at A/77: PHE is not L | sifts/B: npxxy: 5.58: identity check failed at B/222: LEU is not Y ; tilt: 2x46: identity check failed at B/77: PHE is not L | identity/A: npxxy: 7.53: residue A/302 not modelled ; tilt: 6x37: residue A/242 not modelled | identity/B: npxxy: 7.53: residue B/302 not modelled ; tilt: 6x37: residue B/242 not modelled,agtr1,Active,Class A (Rhodopsin),2.9,X-ray diffraction,application,1
6OS0,agtr1_human,,,,,P30556,215,302,70,242,,,,,,,sifts/A: npxxy: 5.58: identity check failed at A/222: LEU is not Y ; tilt: 2x46: identity check failed at A/77: PHE is not L | identity/A: npxxy: 7.53: identity check failed at A/302: LYS is not Y,agtr1,Active,Class A (Rhodopsin),2.9,X-ray diffraction,application,1
6OS1,agtr1_human,,,,,P30556,215,302,70,242,,,,,,,sifts/A: npxxy: 5.58: identity check failed at A/222: LEU is not Y ; tilt: 2x46: identity check failed at A/77: PHE is not L | identity/A: npxxy: 7.53: identity check failed at A/302: LYS is not Y,agtr1,Active,Class A (Rhodopsin),2.79,X-ray diffraction,application,1
6OS2,agtr1_human,,,,,P30556,215,302,70,242,,,,,,,sifts/A: npxxy: 5.58: identity check failed at A/222: LEU is not Y ; tilt: 2x46: identity check failed at A/77: PHE is not L | identity/A: npxxy: 7.53: identity check failed at A/302: LYS is not Y,agtr1,Active,Class A (Rhodopsin),2.7,X-ray diffraction,application,1
7F6G,agtr1_human,,,,,P30556,215,302,70,242,,,,,,,"SIFTS has no segment for P30556 in 7F6G (present: ['P50148', 'P59768', 'P62873'])",agtr1,Active,Class A (Rhodopsin),2.9,Electron microscopy,application,1
5UNF,agtr2_human,B,sifts,13.763016,17.448838,P50052,231,318,86,258,231,318,86,258,,,ok,agtr2,Active,Class A (Rhodopsin),2.8,X-ray diffraction,calibration,0
5UNG,agtr2_human,B,sifts,13.809844,17.254752,P50052,231,318,86,258,231,318,86,258,,,ok,agtr2,Active,Class A (Rhodopsin),2.8,X-ray diffraction,calibration,0
5UNH,agtr2_human,B,identity,13.692287,17.670887,P50052,231,318,86,258,231,318,86,258,[identity; SIFTS unusable: sifts/B: npxxy: 5.58: identity check failed at B/307: GLY is not Y ; tilt: 2x46: identity check failed at B/162: TYR is not L],,ok,agtr2,Active,Class A (Rhodopsin),2.9,X-ray diffraction,calibration,0
5XJM,agtr2_human,A,sifts,13.56192,17.194139,P50052,231,318,86,258,231,318,86,258,,,ok,agtr2,Active,Class A (Rhodopsin),3.2,X-ray diffraction,calibration,0
6JOD,agtr2_human,A,sifts,13.514189,16.481329,P50052,231,318,86,258,231,318,86,258,,,ok,agtr2,Active,Class A (Rhodopsin),3.2,X-ray diffraction,calibration,0
7C6A,agtr2_human,A,sifts,13.980384,17.222556,P50052,231,318,86,258,231,318,86,258,,,ok,agtr2,Active,Class A (Rhodopsin),3.4,X-ray diffraction,calibration,0
7JNI,agtr2_human,A,sifts,13.801553,17.399205,P50052,231,318,86,258,231,318,86,258,,,ok,agtr2,Active,Class A (Rhodopsin),3.0,X-ray diffraction,calibration,0
7W0L,apj_human,R,identity,4.137969,18.182627,P35414,221,309,71,250,221,309,71,250,[identity; SIFTS unusable: sifts/R: npxxy: 5.58: residue R/368 not modelled ; tilt: 6x37: residue R/397 not modelled],,ok,apj,Active,Class A (Rhodopsin),3.57,Electron microscopy,application,1
7W0M,apj_human,R,identity,8.4147,18.886206,P35414,221,309,71,250,221,309,71,250,[identity; SIFTS unusable: sifts/R: npxxy: 5.58: residue R/368 not modelled ; tilt: 6x37: residue R/397 not modelled],,ok,apj,Active,Class A (Rhodopsin),3.71,Electron microscopy,application,1
7W0N,apj_human,R,identity,4.205894,18.669932,P35414,221,309,71,250,221,309,71,250,[identity; SIFTS unusable: sifts/R: npxxy: 5.58: residue R/368 not modelled ; tilt: 6x37: residue R/397 not modelled],,ok,apj,Active,Class A (Rhodopsin),4.21,Electron microscopy,application,1
7W0O,apj_human,R,identity,5.069121,19.208117,P35414,221,309,71,250,221,309,71,250,[identity; SIFTS unusable: sifts/R: npxxy: 5.58: residue R/368 not modelled ; tilt: 6x37: residue R/397 not modelled],,ok,apj,Active,Class A (Rhodopsin),3.78,Electron microscopy,application,1
7W0P,apj_human,R,identity,3.280718,18.641967,P35414,221,309,71,250,221,309,71,250,[identity; SIFTS unusable: sifts/R: npxxy: 5.58: residue R/368 not modelled ; tilt: 6x37: residue R/397 not modelled],,ok,apj,Active,Class A (Rhodopsin),3.16,Electron microscopy,application,1
8XZF,apj_human,R,sifts,4.418163,17.321664,P35414,221,309,71,250,221,309,71,250,,,ok,apj,Active,Class A (Rhodopsin),3.0,Electron microscopy,application,1
8XZG,apj_human,R,sifts,4.164791,17.794157,P35414,221,309,71,250,221,309,71,250,,,ok,apj,Active,Class A (Rhodopsin),3.2,Electron microscopy,application,1
8XZH,apj_human,R,sifts,4.043322,17.467266,P35414,221,309,71,250,221,309,71,250,,,ok,apj,Active,Class A (Rhodopsin),2.6,Electron microscopy,application,1
8XZI,apj_human,R,sifts,4.360365,17.539508,P35414,221,309,71,250,221,309,71,250,,,ok,apj,Active,Class A (Rhodopsin),2.7,Electron microscopy,application,1
8XZJ,apj_human,R,sifts,5.235286,17.505375,P35414,221,309,71,250,221,309,71,250,,,ok,apj,Active,Class A (Rhodopsin),3.0,Electron microscopy,application,1
9EPP,b1b1u5_9arac,R,sifts,5.078863,18.822132,B1B1U5,234,331,92,279,234,331,92,279,,,ok,b1b1u5,Active,Class A (Rhodopsin),4.06,Electron microscopy,application,1
9EPQ,b1b1u5_9arac,R,sifts,5.417842,18.599303,B1B1U5,234,331,92,279,234,331,92,279,,,ok,b1b1u5,Active,Class A (Rhodopsin),4.15,Electron microscopy,application,1
9EPR,b1b1u5_9arac,R,sifts,11.867379,17.707573,B1B1U5,234,331,92,279,234,331,92,279,,,ok,b1b1u5,Active,Class A (Rhodopsin),4.9,Electron microscopy,application,1
7EIB,bkrb1_human,,,,,P46663,222,312,79,252,,,,,,,sifts/A: npxxy: 7.53: residue A/417 not modelled ; tilt: 6x37: residue A/357 not modelled | identity/A: npxxy: 5.58: identity check failed at A/222: ASN is not Y,bkrb1,Active,Class A (Rhodopsin),3.0,Electron microscopy,calibration,0
7F2O,bkrb2_human,,,,,P30411,244,332,99,272,,,,,,,sifts/R: npxxy: 5.58: identity check failed at R/311: ASP is not Y ; tilt: 2x46: identity check failed at R/166: GLY is not L | identity/R: npxxy: 5.58: identity check failed at R/244: THR is not Y,bkrb2,Active,Class A (Rhodopsin),2.9,Electron microscopy,calibration,0
7F6H,bkrb2_human,,,,,P30411,244,332,99,272,,,,,,,sifts/A: npxxy: 5.58: residue A/623 not modelled ; tilt: 2x46: residue A/478 not modelled | identity/A: npxxy: 5.58: identity check failed at A/244: THR is not Y,bkrb2,Active,Class A (Rhodopsin),2.9,Electron microscopy,calibration,0
7F6I,bkrb2_human,,,,,P30411,244,332,99,272,,,,,,,sifts/A: npxxy: 5.58: residue A/623 not modelled ; tilt: 2x46: residue A/478 not modelled | identity/A: npxxy: 5.58: identity check failed at A/244: THR is not Y,bkrb2,Active,Class A (Rhodopsin),2.8,Electron microscopy,calibration,0
8Y52,brs3_human,R,sifts,,16.574227,P32247,237,330,89,273,,,89,273,,,partial (npxxy unavailable: 7.53: identity check failed at R/330: LEU is not Y),brs3,Active,Class A (Rhodopsin),2.9,Electron microscopy,calibration,0
8Y53,brs3_human,R,sifts,,16.3749,P32247,237,330,89,273,,,89,273,,,partial (npxxy unavailable: 7.53: identity check failed at R/330: LEU is not Y),brs3,Active,Class A (Rhodopsin),2.93,Electron microscopy,calibration,0
8HK2,c3ar_human,A,sifts,4.72485,18.005838,Q16581,356,435,64,379,356,435,64,379,,,ok,c3ar,Active,Class A (Rhodopsin),2.9,Electron microscopy,calibration,0
8HK3,c3ar_human,C,sifts,4.117827,17.731304,Q16581,356,435,64,379,356,435,64,379,,,ok,c3ar,Active,Class A (Rhodopsin),3.2,Electron microscopy,calibration,0
8I95,c3ar_human,C,identity,4.409589,17.441704,Q16581,356,435,64,379,356,435,64,379,[identity; SIFTS unusable: sifts/C: npxxy: 5.58: identity check failed at C/412: THR is not Y ; tilt: 2x46: identity check failed at C/120: ARG is not L],,ok,c3ar,Active,Class A (Rhodopsin),2.88,Electron microscopy,calibration,0
8I97,c3ar_human,C,identity,4.044388,17.714041,Q16581,356,435,64,379,356,435,64,379,[identity; SIFTS unusable: sifts/C: npxxy: 5.58: identity check failed at C/412: THR is not Y ; tilt: 2x46: identity check failed at C/120: ARG is not L],,ok,c3ar,Active,Class A (Rhodopsin),3.19,Electron microscopy,calibration,0
8I9A,c3ar_human,C,identity,3.478449,17.441339,Q16581,356,435,64,379,356,435,64,379,[identity; SIFTS unusable: sifts/C: npxxy: 5.58: identity check failed at C/412: THR is not Y ; tilt: 2x46: identity check failed at C/120: ARG is not L],,ok,c3ar,Active,Class A (Rhodopsin),3.57,Electron microscopy,calibration,0
8I9L,c3ar_human,C,identity,3.884762,17.635318,Q16581,356,435,64,379,356,435,64,379,[identity; SIFTS unusable: sifts/C: npxxy: 5.58: identity check failed at C/412: THR is not Y ; tilt: 2x46: identity check failed at C/120: ARG is not L],,ok,c3ar,Active,Class A (Rhodopsin),3.18,Electron microscopy,calibration,0
8I9S,c3ar_human,C,identity,4.333681,17.959912,Q16581,356,435,64,379,356,435,64,379,[identity; SIFTS unusable: sifts/C: npxxy: 5.58: identity check failed at C/412: THR is not Y ; tilt: 2x46: identity check failed at C/120: ARG is not L],,ok,c3ar,Active,Class A (Rhodopsin),3.26,Electron microscopy,calibration,0
8IA8,c3ar_human,A,sifts,4.320391,18.322636,Q16581,356,435,64,379,356,435,64,379,,,ok,c3ar,Active,Class A (Rhodopsin),2.86,Electron microscopy,calibration,0
8J6D,c3ar_human,C,identity,4.735948,17.689107,Q16581,356,435,64,379,356,435,64,379,[identity; SIFTS unusable: sifts/C: npxxy: 5.58: identity check failed at C/412: THR is not Y ; tilt: 2x46: identity check failed at C/120: ARG is not L],,ok,c3ar,Active,Class A (Rhodopsin),3.1,Electron microscopy,calibration,0
7Y64,c5ar1_human,D,sifts,14.066354,17.520231,P21730,222,300,78,244,222,300,78,244,,,ok,c5ar1,Active,Class A (Rhodopsin),2.9,Electron microscopy,calibration,0
7Y65,c5ar1_human,D,sifts,13.763292,17.587576,P21730,222,300,78,244,222,300,78,244,,,ok,c5ar1,Active,Class A (Rhodopsin),3.2,Electron microscopy,calibration,0
7Y66,c5ar1_human,D,sifts,14.023593,17.717324,P21730,222,300,78,244,222,300,78,244,,,ok,c5ar1,Active,Class A (Rhodopsin),2.9,Electron microscopy,calibration,0
7Y67,c5ar1_human,D,sifts,14.878274,17.816918,P21730,222,300,78,244,222,300,78,244,,,ok,c5ar1,Active,Class A (Rhodopsin),2.8,Electron microscopy,calibration,0
8HK5,c5ar1_human,A,sifts,14.004992,17.106919,P21730,222,300,78,244,222,300,78,244,,,ok,c5ar1,Active,Class A (Rhodopsin),3.0,Electron microscopy,calibration,0
8IA2,c5ar1_human,A,identity,4.56774,16.795931,P21730,222,300,78,244,222,300,78,244,[identity; SIFTS unusable: sifts/A: npxxy: 5.58: identity check failed at A/278: LEU is not Y ; tilt: 2x46: identity check failed at A/134: ARG is not L],,ok,c5ar1,Active,Class A (Rhodopsin),3.21,Electron microscopy,calibration,0
8JZZ,c5ar1_human,A,identity,4.846939,17.005369,P21730,222,300,78,244,222,300,78,244,[identity; SIFTS unusable: sifts/A: npxxy: 5.58: identity check failed at A/278: LEU is not Y ; tilt: 2x46: identity check failed at A/134: ARG is not L],,ok,c5ar1,Active,Class A (Rhodopsin),3.31,Electron microscopy,calibration,0
8HPT,c5ar1_mouse,A,identity,14.155621,17.103305,P30993,223,301,78,245,223,301,78,245,[identity; SIFTS unusable: sifts/A: npxxy: 5.58: identity check failed at A/279: VAL is not Y ; tilt: 2x46: identity check failed at A/134: ARG is not L],,ok,c5ar1,Active,Class A (Rhodopsin),3.39,Electron microscopy,calibration,0
8HQC,c5ar1_mouse,A,identity,14.21935,16.804922,P30993,223,301,78,245,223,301,78,245,[identity; SIFTS unusable: sifts/A: npxxy: 5.58: identity check failed at A/279: VAL is not Y ; tilt: 2x46: identity check failed at A/134: ARG is not L],,ok,c5ar1,Active,Class A (Rhodopsin),3.89,Electron microscopy,calibration,0
7EZH,cckar_human,D,sifts,3.787101,16.868559,P32238,229,370,83,315,229,370,83,315,,,ok,cckar,Active,Class A (Rhodopsin),3.2,Electron microscopy,application,1
7EZK,cckar_human,D,sifts,3.524177,16.557718,P32238,229,370,83,315,229,370,83,315,,,ok,cckar,Active,Class A (Rhodopsin),3.1,Electron microscopy,application,1
7EZM,cckar_human,D,sifts,3.859145,17.287118,P32238,229,370,83,315,229,370,83,315,,,ok,cckar,Active,Class A (Rhodopsin),2.9,Electron microscopy,application,1
7MBX,cckar_human,R,identity,4.001288,16.85691,P32238,229,370,83,315,229,370,83,315,[identity; SIFTS unusable: sifts/R: npxxy: 5.58: identity check failed at R/228: ALA is not Y ; tilt: 2x46: identity check failed at R/82: SER is not L],,ok,cckar,Active,Class A (Rhodopsin),1.95,Electron microscopy,application,1
7MBY,cckar_human,R,identity,3.475281,17.439619,P32238,229,370,83,315,229,370,83,315,[identity; SIFTS unusable: sifts/R: npxxy: 5.58: identity check failed at R/228: ALA is not Y ; tilt: 2x46: identity check failed at R/82: SER is not L],,ok,cckar,Active,Class A (Rhodopsin),2.44,Electron microscopy,application,1
7XOU,cckar_human,R,sifts,4.543413,16.710707,P32238,229,370,83,315,229,370,83,315,,,ok,cckar,Active,Class A (Rhodopsin),3.2,Electron microscopy,application,1
7XOV,cckar_human,R,sifts,3.54502,17.170551,P32238,229,370,83,315,229,370,83,315,,,ok,cckar,Active,Class A (Rhodopsin),3.0,Electron microscopy,application,1
9BKJ,cckar_human,R,identity,3.557027,17.176076,P32238,229,370,83,315,229,370,83,315,[identity; SIFTS unusable: sifts/R: npxxy: 5.58: identity check failed at R/228: ALA is not Y ; tilt: 2x46: identity check failed at R/82: SER is not L],,ok,cckar,Active,Class A (Rhodopsin),2.59,Electron microscopy,application,1
9BKK,cckar_human,R,identity,3.198552,17.520281,P32238,229,370,83,315,229,370,83,315,[identity; SIFTS unusable: sifts/R: npxxy: 5.58: identity check failed at R/228: ALA is not Y ; tilt: 2x46: identity check failed at R/82: SER is not L],,ok,cckar,Active,Class A (Rhodopsin),2.51,Electron microscopy,application,1
7VL8,ccr1_human,R,identity,4.589315,17.870345,P32246,219,301,76,241,219,301,76,241,[identity; SIFTS unusable: sifts/R: npxxy: 5.58: identity check failed at R/223: ILE is not Y ; tilt: 2x46: identity check failed at R/80: ASP is not L],,ok,ccr1,Active,Class A (Rhodopsin),2.9,Electron microscopy,calibration,0
7VL9,ccr1_human,R,identity,4.897303,18.134955,P32246,219,301,76,241,219,301,76,241,[identity; SIFTS unusable: sifts/R: npxxy: 5.58: identity check failed at R/223: ILE is not Y ; tilt: 2x46: identity check failed at R/80: ASP is not L],,ok,ccr1,Active,Class A (Rhodopsin),2.6,Electron microscopy,calibration,0
7VLA,ccr1_human,R,identity,5.515109,18.135949,P32246,219,301,76,241,219,301,76,241,[identity; SIFTS unusable: sifts/R: npxxy: 5.58: identity check failed at R/223: ILE is not Y ; tilt: 2x46: identity check failed at R/80: ASP is not L],,ok,ccr1,Active,Class A (Rhodopsin),2.7,Electron microscopy,calibration,0
7XA3,ccr2_human,R,sifts,5.185192,18.407996,P41597,222,305,84,245,222,305,84,245,,,ok,ccr2,Active,Class A (Rhodopsin),2.9,Electron microscopy,calibration,0
7X9Y,ccr3_human,R,sifts,,17.737647,P51677,219,301,76,241,,,76,241,,,partial (npxxy unavailable: 7.53: residue R/301 not modelled),ccr3,Active,Class A (Rhodopsin),3.1,Electron microscopy,calibration,0
7F1Q,ccr5_human,,,,,P51681,214,297,72,237,,,,,,,sifts/R: npxxy: 5.58: identity check failed at R/306: MET is not Y ; tilt: 2x46: identity check failed at R/164: TYR is not L | identity/R: npxxy: 5.58: identity check failed at R/214: PHE is not Y ; tilt: 2x46: residue R/72 not modelled,ccr5,Active,Class A (Rhodopsin),2.9,Electron microscopy,application,1
7F1R,ccr5_human,R,sifts,5.122832,18.514697,P51681,214,297,72,237,309,392,167,332,,,ok,ccr5,Active,Class A (Rhodopsin),3.0,Electron microscopy,application,1
7F1S,ccr5_human,R,identity,5.388406,18.795467,P51681,214,297,72,237,214,297,72,237,[identity; SIFTS unusable: sifts/R: npxxy: 5.58: identity check failed at R/216: GLY is not Y ; tilt: 2x46: identity check failed at R/74: ILE is not L],,ok,ccr5,Active,Class A (Rhodopsin),2.8,Electron microscopy,application,1
7O7F,ccr5_human,C,sifts,4.030351,18.495703,P51681,214,297,72,237,214,297,72,237,,,ok,ccr5,Active,Class A (Rhodopsin),3.15,Electron microscopy,application,1
6WWZ,ccr6_human,R,identity,4.33688,18.795351,P51684,234,316,88,256,234,316,88,256,[identity; SIFTS unusable: sifts/R: npxxy: 5.58: residue R/379 not modelled ; tilt: 2x46: identity check failed at R/233: CYS is not M],,ok,ccr6,Active,Class A (Rhodopsin),3.34,Electron microscopy,calibration,0
8KFX,ccr8_human,R,identity,4.383385,17.364833,P51685,218,300,77,240,218,300,77,240,[identity; SIFTS unusable: sifts/R: npxxy: 5.58: identity check failed at R/245: ILE is not Y ; tilt: 2x46: identity check failed at R/104: VAL is not L],,ok,ccr8,Active,Class A (Rhodopsin),2.96,Electron microscopy,calibration,0
8KFY,ccr8_human,R,identity,4.528266,17.564914,P51685,218,300,77,240,218,300,77,240,[identity; SIFTS unusable: sifts/R: npxxy: 5.58: identity check failed at R/245: ILE is not Y ; tilt: 2x46: identity check failed at R/104: VAL is not L],,ok,ccr8,Active,Class A (Rhodopsin),3.06,Electron microscopy,calibration,0
8KFZ,ccr8_human,R,identity,2.27965,17.574621,P51685,218,300,77,240,218,300,77,240,[identity; SIFTS unusable: sifts/R: npxxy: 5.58: identity check failed at R/245: ILE is not Y ; tilt: 2x46: identity check failed at R/104: VAL is not L],,ok,ccr8,Active,Class A (Rhodopsin),3.3,Electron microscopy,calibration,0
8U1U,ccr8_human,A,sifts,4.784312,17.357873,P51685,218,300,77,240,314,396,173,336,,,ok,ccr8,Active,Class A (Rhodopsin),3.1,Electron microscopy,calibration,0
8XML,ccr8_human,R,identity,4.688544,17.582401,P51685,218,300,77,240,218,300,77,240,[identity; SIFTS unusable: sifts/R: npxxy: 5.58: residue R/324 not modelled ; tilt: 2x46: identity check failed at R/183: CYS is not L],,ok,ccr8,Active,Class A (Rhodopsin),2.58,Electron microscopy,calibration,0
6RZ4,cltr1_human,A,identity,19.307828,13.693056,Q9Y271,209,295,65,234,209,295,65,234,[identity; SIFTS unusable: sifts/A: npxxy: 5.58: identity check failed at A/212: ILE is not Y ; tilt: 2x46: identity check failed at A/68: ALA is not L],,ok,cltr1,Active,Class A (Rhodopsin),2.7,X-ray diffraction,calibration,0
6RZ5,cltr1_human,B,identity,17.7962,13.79919,Q9Y271,209,295,65,234,209,295,65,234,[identity; SIFTS unusable: sifts/B: npxxy: 5.58: identity check failed at B/212: ILE is not Y ; tilt: 2x46: identity check failed at B/68: ALA is not L],,ok,cltr1,Active,Class A (Rhodopsin),2.53,X-ray diffraction,calibration,0
6RZ6,cltr2_human,A,identity,22.735798,14.275859,Q9NS75,221,305,80,248,221,305,80,248,[identity; SIFTS unusable: sifts/A: npxxy: 5.58: identity check failed at A/205: ALA is not Y],,ok,cltr2,Active,Class A (Rhodopsin),2.43,X-ray diffraction,calibration,0
6RZ7,cltr2_human,A,identity,22.718212,14.160241,Q9NS75,221,305,80,248,221,305,80,248,[identity; SIFTS unusable: sifts/A: npxxy: 5.58: identity check failed at A/205: ALA is not Y],,ok,cltr2,Active,Class A (Rhodopsin),2.43,X-ray diffraction,calibration,0
6RZ8,cltr2_human,A,identity,12.884618,15.671195,Q9NS75,221,305,80,248,221,305,80,248,[identity; SIFTS unusable: sifts/A: npxxy: 5.58: identity check failed at A/205: ALA is not Y],,ok,cltr2,Active,Class A (Rhodopsin),2.7,X-ray diffraction,calibration,0
6RZ9,cltr2_human,A,identity,22.686546,14.262604,Q9NS75,221,305,80,248,221,305,80,248,[identity; SIFTS unusable: sifts/A: npxxy: 5.58: identity check failed at A/205: ALA is not Y],,ok,cltr2,Active,Class A (Rhodopsin),2.73,X-ray diffraction,calibration,0
7YKD,cml1_human,A,sifts,3.688619,17.656486,Q99788,240,316,81,262,240,316,81,262,,,ok,cml1,Active,Class A (Rhodopsin),2.81,Electron microscopy,calibration,0
8SG1,cml1_human,R,sifts,4.262635,17.77323,Q99788,240,316,81,262,240,316,81,262,,,ok,cml1,Active,Class A (Rhodopsin),2.94,Electron microscopy,calibration,0
8JJP,cml2_human,A,sifts,4.982688,17.15874,P46091,226,304,79,248,226,304,79,248,,,ok,cml2,Active,Class A (Rhodopsin),2.9,Electron microscopy,calibration,0
8XGM,cml2_human,A,sifts,4.036398,17.098196,P46091,226,304,79,248,226,304,79,248,,,ok,cml2,Active,Class A (Rhodopsin),3.29,Electron microscopy,calibration,0
5XR8,cnr1_human,,,,,P21554,294,397,159,345,,,,,,,sifts/A: npxxy: 5.58: identity check failed at A/196: VAL is not Y ; tilt: 2x46: residue A/61 not modelled | identity/A: npxxy: 7.53: identity check failed at A/397: GLY is not Y ; tilt: 6x37: identity check failed at A/345: SER is not L,cnr1,Active,Class A (Rhodopsin),2.95,X-ray diffraction,application,1
5XRA,cnr1_human,A,identity,5.101418,17.020023,P21554,294,397,159,345,294,397,159,345,[identity; SIFTS unusable: sifts/A: npxxy: 5.58: identity check failed at A/196: VAL is not Y ; tilt: 2x46: residue A/61 not modelled],,ok,cnr1,Active,Class A (Rhodopsin),2.8,X-ray diffraction,application,1
6KPG,cnr1_human,R,identity,3.406193,17.242611,P21554,294,397,159,345,294,397,159,345,[identity; SIFTS unusable: sifts/R: npxxy: 5.58: identity check failed at R/338: ASP is not Y ; tilt: 2x46: identity check failed at R/203: SER is not L],,ok,cnr1,Active,Class A (Rhodopsin),3.0,Electron microscopy,application,1
6N4B,cnr1_human,R,identity,3.520592,18.158637,P21554,294,397,159,345,294,397,159,345,[identity; SIFTS unusable: sifts/R: npxxy: 5.58: identity check failed at R/309: ILE is not Y ; tilt: 2x46: identity check failed at R/174: PHE is not L],,ok,cnr1,Active,Class A (Rhodopsin),3.0,Electron microscopy,application,1
7V3Z,cnr1_human,A,sifts,5.446253,16.884987,P21554,294,397,159,345,294,519,159,467,,,ok,cnr1,Active,Class A (Rhodopsin),3.29,X-ray diffraction,application,1
7WV9,cnr1_human,R,sifts,3.070421,18.003787,P21554,294,397,159,345,294,397,159,345,,,ok,cnr1,Active,Class A (Rhodopsin),3.36,Electron microscopy,application,1
8GAG,cnr1_human,R,identity,4.188986,18.442544,P21554,294,397,159,345,294,397,159,345,[identity; SIFTS unusable: sifts/R: npxxy: 5.58: identity check failed at R/309: ILE is not Y ; tilt: 2x46: identity check failed at R/174: PHE is not L],,ok,cnr1,Active,Class A (Rhodopsin),3.3,Electron microscopy,application,1
8GHV,cnr1_human,D,identity,3.915905,18.52425,P21554,294,397,159,345,294,397,159,345,[identity; SIFTS unusable: sifts/D: npxxy: 5.58: residue D/309 not modelled ; tilt: 2x46: identity check failed at D/174: PHE is not L],,ok,cnr1,Active,Class A (Rhodopsin),2.8,Electron microscopy,application,1
8IKG,cnr1_human,R,identity,2.95947,17.777461,P21554,294,397,159,345,294,397,159,345,[identity; SIFTS unusable: sifts/R: npxxy: 5.58: identity check failed at R/196: VAL is not Y ; tilt: 2x46: residue R/61 not modelled],,ok,cnr1,Active,Class A (Rhodopsin),3.4,Electron microscopy,application,1
8IKH,cnr1_human,R,identity,3.591651,17.674306,P21554,294,397,159,345,294,397,159,345,[identity; SIFTS unusable: sifts/R: npxxy: 5.58: identity check failed at R/196: VAL is not Y ; tilt: 2x46: residue R/61 not modelled],,ok,cnr1,Active,Class A (Rhodopsin),3.3,Electron microscopy,application,1
8K8J,cnr1_human,R,identity,3.193214,17.522616,P21554,294,397,159,345,294,397,159,345,[identity; SIFTS unusable: sifts/R: npxxy: 5.58: identity check failed at R/387: LEU is not Y ; tilt: 6x37: residue R/438 not modelled],,ok,cnr1,Active,Class A (Rhodopsin),2.88,Electron microscopy,application,1
8WRZ,cnr1_human,R,identity,3.830515,19.115227,P21554,294,397,159,345,294,397,159,345,[identity; SIFTS unusable: sifts/R: npxxy: 5.58: identity check failed at R/338: ASP is not Y ; tilt: 2x46: identity check failed at R/203: SER is not L],,ok,cnr1,Active,Class A (Rhodopsin),3.6,Electron microscopy,application,1
8WU1,cnr1_human,R,sifts,2.92188,17.70107,P21554,294,397,159,345,294,397,159,345,,,ok,cnr1,Active,Class A (Rhodopsin),3.2,Electron microscopy,application,1
9ERX,cnr1_human,R,identity,3.492179,17.596404,P21554,294,397,159,345,294,397,159,345,[identity; SIFTS unusable: sifts/R: npxxy: 5.58: residue R/319 not modelled ; tilt: 2x46: identity check failed at R/184: ASP is not L],,ok,cnr1,Active,Class A (Rhodopsin),2.9,Electron microscopy,application,1
6KPF,cnr2_human,R,sifts,3.536346,16.566532,P34972,209,299,76,247,209,299,76,247,,,ok,cnr2,Active,Class A (Rhodopsin),2.9,Electron microscopy,application,1
6PT0,cnr2_human,R,sifts,3.924194,16.859845,P34972,209,299,76,247,209,299,76,247,,,ok,cnr2,Active,Class A (Rhodopsin),3.2,Electron microscopy,application,1
8GUQ,cnr2_human,R,sifts,3.245348,16.509412,P34972,209,299,76,247,209,299,76,247,,,ok,cnr2,Active,Class A (Rhodopsin),3.08,Electron microscopy,application,1
8GUR,cnr2_human,R,sifts,3.276825,16.390009,P34972,209,299,76,247,209,299,76,247,,,ok,cnr2,Active,Class A (Rhodopsin),2.84,Electron microscopy,application,1
8GUS,cnr2_human,R,sifts,2.638238,16.35303,P34972,209,299,76,247,209,299,76,247,,,ok,cnr2,Active,Class A (Rhodopsin),2.97,Electron microscopy,application,1
8GUT,cnr2_human,R,sifts,3.977571,16.619936,P34972,209,299,76,247,209,299,76,247,,,ok,cnr2,Active,Class A (Rhodopsin),2.98,Electron microscopy,application,1
8X3L,cnr2_human,R,sifts,3.588121,17.26699,P34972,209,299,76,247,209,299,76,247,,,ok,cnr2,Active,Class A (Rhodopsin),3.13,Electron microscopy,application,1
7XBW,cx3c1_human,R,sifts,9.523572,12.110506,P49238,211,293,73,233,211,293,73,233,,,ok,cx3c1,Active,Class A (Rhodopsin),2.8,Electron microscopy,calibration,0
7XBX,cx3c1_human,R,sifts,8.837786,12.484657,P49238,211,293,73,233,313,395,175,335,,,ok,cx3c1,Active,Class A (Rhodopsin),3.4,Electron microscopy,calibration,0
8IC0,cxcr1_human,A,sifts,4.986948,17.438709,P25024,222,305,81,244,222,305,81,244,,,ok,cxcr1,Active,Class A (Rhodopsin),3.41,Electron microscopy,calibration,0
6LFM,cxcr2_human,R,sifts,4.341056,17.42774,P25025,231,314,90,253,231,314,90,253,,,ok,cxcr2,Active,Class A (Rhodopsin),3.5,Electron microscopy,application,1
6LFO,cxcr2_human,R,sifts,6.144642,17.447652,P25025,231,314,90,253,231,314,90,253,,,ok,cxcr2,Active,Class A (Rhodopsin),3.4,Electron microscopy,application,1
8HNK,cxcr3_human,R,identity,4.33032,17.794732,P49682,235,318,95,257,235,318,95,257,[identity; SIFTS unusable: sifts/R: npxxy: 5.58: residue R/373 not modelled ; tilt: 2x46: identity check failed at R/233: TYR is not L],,ok,cxcr3,Active,Class A (Rhodopsin),3.01,Electron microscopy,calibration,0
8HNL,cxcr3_human,R,identity,4.711926,17.656964,P49682,235,318,95,257,235,318,95,257,[identity; SIFTS unusable: sifts/R: npxxy: 5.58: residue R/373 not modelled ; tilt: 2x46: identity check failed at R/233: TYR is not L],,ok,cxcr3,Active,Class A (Rhodopsin),2.98,Electron microscopy,calibration,0
8HNM,cxcr3_human,R,identity,4.222521,17.683451,P49682,235,318,95,257,235,318,95,257,[identity; SIFTS unusable: sifts/R: npxxy: 5.58: residue R/373 not modelled ; tilt: 2x46: identity check failed at R/233: TYR is not L],,ok,cxcr3,Active,Class A (Rhodopsin),2.94,Electron microscopy,calibration,0
8K2X,cxcr3_human,R,identity,4.793115,17.913902,P49682,235,318,95,257,235,318,95,257,[identity; SIFTS unusable: sifts/R: npxxy: 5.58: residue R/373 not modelled ; tilt: 2x46: identity check failed at R/233: TYR is not L],,ok,cxcr3,Active,Class A (Rhodopsin),3.2,Electron microscopy,calibration,0
8K3Z,cxcr4_human,A,sifts,3.5489,18.04645,P61073,219,302,80,241,219,302,80,241,,,ok,cxcr4,Active,Class A (Rhodopsin),2.81,Electron microscopy,application,1
8U4N,cxcr4_human,R,identity,4.21974,17.527038,P61073,219,302,80,241,219,302,80,241,[identity; SIFTS unusable: sifts/R: npxxy: 5.58: identity check failed at R/237: ALA is not Y ; tilt: 2x46: identity check failed at R/98: ALA is not L],,ok,cxcr4,Active,Class A (Rhodopsin),2.72,Electron microscopy,application,1
8U4O,cxcr4_human,R,identity,4.771263,18.069775,P61073,219,302,80,241,219,302,80,241,[identity; SIFTS unusable: sifts/R: npxxy: 5.58: identity check failed at R/237: ALA is not Y ; tilt: 2x46: identity check failed at R/98: ALA is not L],,ok,cxcr4,Active,Class A (Rhodopsin),3.29,Electron microscopy,application,1
8U4P,cxcr4_human,R,identity,4.046014,17.898719,P61073,219,302,80,241,219,302,80,241,[identity; SIFTS unusable: sifts/R: npxxy: 5.58: identity check failed at R/237: ALA is not Y ; tilt: 2x46: identity check failed at R/98: ALA is not L],,ok,cxcr4,Active,Class A (Rhodopsin),3.15,Electron microscopy,application,1
8U4Q,cxcr4_human,R,identity,4.472112,18.168996,P61073,219,302,80,241,219,302,80,241,[identity; SIFTS unusable: sifts/R: npxxy: 5.58: identity check failed at R/237: ALA is not Y ; tilt: 2x46: identity check failed at R/98: ALA is not L],,ok,cxcr4,Active,Class A (Rhodopsin),3.36,Electron microscopy,application,1
8U4S,cxcr4_human,R,identity,4.998547,18.108119,P61073,219,302,80,241,219,302,80,241,[identity; SIFTS unusable: sifts/R: npxxy: 5.58: identity check failed at R/237: ALA is not Y ; tilt: 2x46: identity check failed at R/98: ALA is not L],,ok,cxcr4,Active,Class A (Rhodopsin),3.35,Electron microscopy,application,1
7CKW,drd1_human,R,identity,3.538734,17.911363,P21728,214,331,66,274,214,331,66,274,[identity; SIFTS unusable: sifts/R: npxxy: 5.58: identity check failed at R/221: ALA is not Y ; tilt: 2x46: identity check failed at R/73: VAL is not L],,ok,drd1,Active,Class A (Rhodopsin),3.22,Electron microscopy,calibration,0
7CKX,drd1_human,R,identity,3.79825,18.101203,P21728,214,331,66,274,214,331,66,274,[identity; SIFTS unusable: sifts/R: npxxy: 5.58: identity check failed at R/221: ALA is not Y ; tilt: 2x46: identity check failed at R/73: VAL is not L],,ok,drd1,Active,Class A (Rhodopsin),3.54,Electron microscopy,calibration,0
7CKY,drd1_human,R,sifts,4.569878,17.746408,P21728,214,331,66,274,214,331,66,274,,,ok,drd1,Active,Class A (Rhodopsin),3.2,Electron microscopy,calibration,0
7CKZ,drd1_human,R,sifts,3.686057,17.479926,P21728,214,331,66,274,214,331,66,274,,,ok,drd1,Active,Class A (Rhodopsin),3.1,Electron microscopy,calibration,0
7CRH,drd1_human,R,sifts,3.812862,19.122809,P21728,214,331,66,274,214,331,66,274,,,ok,drd1,Active,Class A (Rhodopsin),3.3,Electron microscopy,calibration,0
7F0T,drd1_human,F,identity,4.255426,18.437701,P21728,214,331,66,274,214,331,66,274,[identity; SIFTS unusable: sifts/F: npxxy: 5.58: identity check failed at F/241: CYS is not Y ; tilt: 2x46: identity check failed at F/93: GLY is not L],,ok,drd1,Active,Class A (Rhodopsin),3.1,Electron microscopy,calibration,0
7F1O,drd1_human,F,identity,3.890867,18.39136,P21728,214,331,66,274,214,331,66,274,[identity; SIFTS unusable: sifts/F: npxxy: 5.58: residue F/241 not modelled ; tilt: 2x46: identity check failed at F/93: GLY is not L],,ok,drd1,Active,Class A (Rhodopsin),3.13,Electron microscopy,calibration,0
7F1Z,drd1_human,F,identity,4.179098,18.441083,P21728,214,331,66,274,214,331,66,274,[identity; SIFTS unusable: sifts/F: npxxy: 5.58: residue F/241 not modelled ; tilt: 2x46: identity check failed at F/93: GLY is not L],,ok,drd1,Active,Class A (Rhodopsin),3.46,Electron microscopy,calibration,0
7F23,drd1_human,F,identity,4.118675,18.368034,P21728,214,331,66,274,214,331,66,274,[identity; SIFTS unusable: sifts/F: npxxy: 5.58: residue F/241 not modelled ; tilt: 2x46: identity check failed at F/93: GLY is not L],,ok,drd1,Active,Class A (Rhodopsin),3.58,Electron microscopy,calibration,0
7F24,drd1_human,F,identity,3.764148,18.619637,P21728,214,331,66,274,214,331,66,274,[identity; SIFTS unusable: sifts/F: npxxy: 5.58: residue F/241 not modelled ; tilt: 2x46: identity check failed at F/93: GLY is not L],,ok,drd1,Active,Class A (Rhodopsin),4.16,Electron microscopy,calibration,0
7JOZ,drd1_human,R,sifts,3.572189,18.873825,P21728,214,331,66,274,214,331,66,274,,,ok,drd1,Active,Class A (Rhodopsin),3.8,X-ray diffraction,calibration,0
7JV5,drd1_human,R,identity,4.219634,18.851178,P21728,214,331,66,274,214,331,66,274,[identity; SIFTS unusable: sifts/R: npxxy: 5.58: residue R/262 not modelled ; tilt: 6x37: identity check failed at R/322: ALA is not L],,ok,drd1,Active,Class A (Rhodopsin),3.0,Electron microscopy,calibration,0
7JVP,drd1_human,R,identity,3.910085,18.300745,P21728,214,331,66,274,214,331,66,274,[identity; SIFTS unusable: sifts/R: npxxy: 5.58: residue R/262 not modelled ; tilt: 6x37: identity check failed at R/322: ALA is not L],,ok,drd1,Active,Class A (Rhodopsin),2.9,Electron microscopy,calibration,0
7JVQ,drd1_human,R,identity,3.963904,18.635158,P21728,214,331,66,274,214,331,66,274,[identity; SIFTS unusable: sifts/R: npxxy: 5.58: residue R/262 not modelled ; tilt: 6x37: identity check failed at R/322: ALA is not L],,ok,drd1,Active,Class A (Rhodopsin),3.0,Electron microscopy,calibration,0
7LJC,drd1_human,R,identity,3.66773,18.230138,P21728,214,331,66,274,214,331,66,274,[identity; SIFTS unusable: sifts/R: npxxy: 5.58: residue R/262 not modelled ; tilt: 6x37: identity check failed at R/322: ALA is not L],,ok,drd1,Active,Class A (Rhodopsin),3.0,Electron microscopy,calibration,0
7LJD,drd1_human,R,identity,4.461257,18.40967,P21728,214,331,66,274,214,331,66,274,[identity; SIFTS unusable: sifts/R: npxxy: 5.58: residue R/262 not modelled ; tilt: 6x37: identity check failed at R/322: ALA is not L],,ok,drd1,Active,Class A (Rhodopsin),3.2,Electron microscopy,calibration,0
7X2C,drd1_human,F,identity,3.630712,18.892442,P21728,214,331,66,274,214,331,66,274,[identity; SIFTS unusable: sifts/F: npxxy: 5.58: identity check failed at F/241: CYS is not Y ; tilt: 2x46: identity check failed at F/93: GLY is not L],,ok,drd1,Active,Class A (Rhodopsin),3.2,Electron microscopy,calibration,0
7X2D,drd1_human,F,identity,3.83615,18.60671,P21728,214,331,66,274,214,331,66,274,[identity; SIFTS unusable: sifts/F: npxxy: 5.58: residue F/241 not modelled ; tilt: 2x46: identity check failed at F/93: GLY is not L],,ok,drd1,Active,Class A (Rhodopsin),3.3,Electron microscopy,calibration,0
7X2F,drd1_human,F,identity,4.01066,18.777419,P21728,214,331,66,274,214,331,66,274,[identity; SIFTS unusable: sifts/F: npxxy: 5.58: identity check failed at F/241: CYS is not Y ; tilt: 2x46: identity check failed at F/93: GLY is not L],,ok,drd1,Active,Class A (Rhodopsin),3.0,Electron microscopy,calibration,0
8IRR,drd1_human,R,identity,4.264866,18.183647,P21728,214,331,66,274,214,331,66,274,[identity; SIFTS unusable: sifts/R: npxxy: 5.58: residue R/262 not modelled ; tilt: 6x37: identity check failed at R/322: ALA is not L],,ok,drd1,Active,Class A (Rhodopsin),3.2,Electron microscopy,calibration,0
8JXR,drd1_human,A,identity,2.8808,19.117755,P21728,214,331,66,274,214,331,66,274,[identity; SIFTS unusable: sifts/A: npxxy: 7.53: identity check failed at A/321: TRP is not Y ; tilt: 2x46: identity check failed at A/56: SER is not L],,ok,drd1,Active,Class A (Rhodopsin),3.57,Electron microscopy,calibration,0
8JXS,drd1_human,A,identity,3.500893,19.001221,P21728,214,331,66,274,214,331,66,274,[identity; SIFTS unusable: sifts/A: npxxy: 7.53: identity check failed at A/321: TRP is not Y ; tilt: 2x46: identity check failed at A/56: SER is not L],,ok,drd1,Active,Class A (Rhodopsin),3.0,Electron microscopy,calibration,0
6VMS,drd2_human,R,identity,4.133434,17.666508,P14416,209,426,76,375,209,426,76,375,[identity; SIFTS unusable: sifts/R: npxxy: 5.58: residue R/350 not modelled ; tilt: 2x46: identity check failed at R/217: ARG is not L],,ok,drd2,Active,Class A (Rhodopsin),3.8,Electron microscopy,application,1
7JVR,drd2_human,R,identity,4.252152,17.58596,P14416,209,426,76,375,209,426,76,375,[identity; SIFTS unusable: sifts/R: npxxy: 5.58: residue R/354 not modelled ; tilt: 2x46: identity check failed at R/221: LYS is not L],,ok,drd2,Active,Class A (Rhodopsin),2.8,Electron microscopy,application,1
8IRS,drd2_human,R,identity,3.351438,17.157663,P14416,209,426,76,375,209,426,76,375,[identity; SIFTS unusable: sifts/R: npxxy: 5.58: residue R/354 not modelled ; tilt: 2x46: identity check failed at R/221: LYS is not L],,ok,drd2,Active,Class A (Rhodopsin),3.0,Electron microscopy,application,1
8TZQ,drd2_human,R,sifts,4.51662,17.618887,P14416,209,426,76,375,209,426,76,375,,,ok,drd2,Active,Class A (Rhodopsin),3.2,Electron microscopy,application,1
8U02,drd2_human,R,sifts,4.606288,17.237311,P14416,209,426,76,375,209,426,76,375,,,ok,drd2,Active,Class A (Rhodopsin),3.28,Electron microscopy,application,1
7CMU,drd3_human,R,identity,4.33311,17.864312,P35462,208,383,71,331,208,383,71,331,[identity; SIFTS unusable: sifts/R: npxxy: 5.58: identity check failed at R/353: THR is not Y ; tilt: 2x46: identity check failed at R/216: LYS is not L],,ok,drd3,Active,Class A (Rhodopsin),3.0,Electron microscopy,application,1
7CMV,drd3_human,R,identity,4.758732,17.773019,P35462,208,383,71,331,208,383,71,331,[identity; SIFTS unusable: sifts/R: npxxy: 5.58: identity check failed at R/353: THR is not Y ; tilt: 2x46: identity check failed at R/216: LYS is not L],,ok,drd3,Active,Class A (Rhodopsin),2.7,Electron microscopy,application,1
8IRT,drd3_human,R,identity,4.044433,17.180118,P35462,208,383,71,331,208,383,71,331,[identity; SIFTS unusable: sifts/R: npxxy: 5.58: identity check failed at R/353: THR is not Y ; tilt: 2x46: identity check failed at R/216: LYS is not L],,ok,drd3,Active,Class A (Rhodopsin),2.7,Electron microscopy,application,1
9F33,drd3_human,R,identity,4.290349,17.291182,P35462,208,383,71,331,208,383,71,331,[identity; SIFTS unusable: sifts/R: npxxy: 5.58: residue R/477 not modelled ; tilt: 2x46: identity check failed at R/340: VAL is not L],,ok,drd3,Active,Class A (Rhodopsin),3.05,Electron microscopy,application,1
9F34,drd3_human,R,identity,3.766487,17.064481,P35462,208,383,71,331,208,383,71,331,[identity; SIFTS unusable: sifts/R: npxxy: 5.58: residue R/477 not modelled ; tilt: 2x46: identity check failed at R/340: VAL is not L],,ok,drd3,Active,Class A (Rhodopsin),3.09,Electron microscopy,application,1
8IRU,drd4_human,,,,,P21917,212,400,76,348,,,,,,,"SIFTS has no segment for P21917 in 8IRU (present: ['P59768', 'P62873'])",drd4,Active,Class A (Rhodopsin),3.2,Electron microscopy,calibration,0
8IRV,drd5_human,R,identity,3.849492,18.060445,P21918,245,359,83,298,245,359,83,298,[identity; SIFTS unusable: sifts/R: npxxy: 5.58: residue R/385 not modelled ; tilt: 2x46: identity check failed at R/223: ARG is not L],,ok,drd5,Active,Class A (Rhodopsin),3.1,Electron microscopy,calibration,0
8ZFJ,e7fel0_danre,,,,,E7FEL0,209,294,67,234,,,,,,,no-sifts-identity/B: npxxy: 5.58: identity check failed at B/209: LYS is not Y ; tilt: 2x46: identity check failed at B/67: SER is not L,e7fel0,Active,Class A (Rhodopsin),3.1,Electron microscopy,calibration,0
8HCQ,ednra_human,,,,,P25101,275,369,122,308,,,,,,,"SIFTS has no segment for P25101 in 8HCQ (present: ['P05305', 'P59768', 'P62873', 'Q9GV45'])",ednra,Active,Class A (Rhodopsin),3.01,Electron microscopy,application,1
8XVI,ednra_human,,,,,P25101,275,369,122,308,,,,,,,sifts/R: npxxy: 5.58: residue R/535 not modelled ; tilt: 2x46: identity check failed at R/382: SER is not L | identity/R: npxxy: 7.53: identity check failed at R/369: LEU is not Y,ednra,Active,Class A (Rhodopsin),3.32,Electron microscopy,application,1
8HBD,ednrb_human,,,,,P24530,293,386,143,325,,,,,,,sifts/R: npxxy: 5.58: identity check failed at R/314: HIS is not Y ; tilt: 2x46: identity check failed at R/164: ALA is not L | identity/R: npxxy: 7.53: identity check failed at R/386: LEU is not Y,ednrb,Active,Class A (Rhodopsin),2.99,Electron microscopy,application,1
8HCX,ednrb_human,,,,,P24530,293,386,143,325,,,,,,,"SIFTS has no segment for P24530 in 8HCX (present: ['P05305', 'P59768', 'P62873', 'Q9GV45'])",ednrb,Active,Class A (Rhodopsin),3.5,Electron microscopy,application,1
8IY5,ednrb_human,,,,,P24530,293,386,143,325,,,,,,,sifts/R: npxxy: 5.58: identity check failed at R/267: GLN is not Y ; tilt: 2x46: identity check failed at R/117: ILE is not L | identity/R: npxxy: 7.53: identity check failed at R/386: LEU is not Y,ednrb,Active,Class A (Rhodopsin),2.8,Electron microscopy,application,1
8IY6,ednrb_human,,,,,P24530,293,386,143,325,,,,,,,sifts/R: npxxy: 5.58: identity check failed at R/267: GLN is not Y ; tilt: 2x46: identity check failed at R/117: ILE is not L | identity/R: npxxy: 7.53: identity check failed at R/386: LEU is not Y,ednrb,Active,Class A (Rhodopsin),3.13,Electron microscopy,application,1
8XGR,ednrb_human,,,,,P24530,293,386,143,325,,,,,,,sifts/R: npxxy: 5.58: identity check failed at R/267: GLN is not Y ; tilt: 2x46: identity check failed at R/117: ILE is not L | identity/R: npxxy: 7.53: identity check failed at R/386: LEU is not Y,ednrb,Active,Class A (Rhodopsin),3.2,Electron microscopy,application,1
8XVE,ednrb_human,,,,,P24530,293,386,143,325,,,,,,,sifts/R: npxxy: 5.58: residue R/706 not modelled ; tilt: 2x46: residue R/556 not modelled | identity/R: npxxy: 7.53: identity check failed at R/386: LEU is not Y,ednrb,Active,Class A (Rhodopsin),3.0,Electron microscopy,application,1
8XVH,ednrb_human,,,,,P24530,293,386,143,325,,,,,,,sifts/R: npxxy: 5.58: residue R/706 not modelled ; tilt: 2x46: residue R/556 not modelled | identity/R: npxxy: 7.53: identity check failed at R/386: LEU is not Y,ednrb,Active,Class A (Rhodopsin),3.26,Electron microscopy,application,1
8XWP,ednrb_human,,,,,P24530,293,386,143,325,,,,,,,sifts/R: npxxy: 5.58: identity check failed at R/232: LEU is not Y ; tilt: 2x46: residue R/82 not modelled | identity/R: npxxy: 7.53: identity check failed at R/386: LEU is not Y,ednrb,Active,Class A (Rhodopsin),3.21,Electron microscopy,application,1
8XWQ,ednrb_human,,,,,P24530,293,386,143,325,,,,,,,sifts/R: npxxy: 5.58: identity check failed at R/232: LEU is not Y ; tilt: 2x46: residue R/82 not modelled | identity/R: npxxy: 7.53: identity check failed at R/386: LEU is not Y,ednrb,Active,Class A (Rhodopsin),4.6,Electron microscopy,application,1
8ZRT,ednrb_human,,,,,P24530,293,386,143,325,,,,,,,sifts/R: npxxy: 5.58: identity check failed at R/232: LEU is not Y ; tilt: 2x46: residue R/82 not modelled | identity/R: npxxy: 7.53: identity check failed at R/386: LEU is not Y,ednrb,Active,Class A (Rhodopsin),3.62,Electron microscopy,application,1
4PHU,ffar1_human,A,sifts,,13.348802,O14842,202,276,48,225,,,48,2225,,,partial (npxxy unavailable: 5.58: identity check failed at A/202: PHE is not Y),ffar1,Active,Class A (Rhodopsin),2.33,X-ray diffraction,calibration,0
5KW2,ffar1_human,A,sifts,,31.211715,O14842,202,276,48,225,,,61,2225,,,partial (npxxy unavailable: 5.58: residue A/215 not modelled),ffar1,Active,Class A (Rhodopsin),2.76,X-ray diffraction,calibration,0
5TZR,ffar1_human,A,sifts,,30.917932,O14842,202,276,48,225,,,61,2225,,,partial (npxxy unavailable: 5.58: residue A/215 not modelled),ffar1,Active,Class A (Rhodopsin),2.2,X-ray diffraction,calibration,0
5TZY,ffar1_human,A,sifts,,31.26546,O14842,202,276,48,225,,,61,2225,,,partial (npxxy unavailable: 5.58: residue A/215 not modelled),ffar1,Active,Class A (Rhodopsin),3.22,X-ray diffraction,calibration,0
8EIT,ffar1_human,,,,,O14842,202,276,48,225,,,,,,,sifts/R: npxxy: 5.58: residue R/403 not modelled ; tilt: 6x37: residue R/426 not modelled | identity/R: npxxy: 7.53: identity check failed at R/276: THR is not Y,ffar1,Active,Class A (Rhodopsin),2.8,Electron microscopy,calibration,0
8EJC,ffar1_human,R,sifts,,15.967325,O14842,202,276,48,225,,,48,225,,,partial (npxxy unavailable: 7.53: identity check failed at R/276: THR is not Y),ffar1,Active,Class A (Rhodopsin),3.0,Electron microscopy,calibration,0
8EJK,ffar1_human,,,,,O14842,202,276,48,225,,,,,,,sifts/R: npxxy: 5.58: residue R/403 not modelled ; tilt: 6x37: residue R/426 not modelled | identity/R: npxxy: 7.53: identity check failed at R/276: THR is not Y,ffar1,Active,Class A (Rhodopsin),3.4,Electron microscopy,calibration,0
8T3V,ffar1_human,R,sifts,,15.47014,O14842,202,276,48,225,,,48,225,,,partial (npxxy unavailable: 7.53: identity check failed at R/276: THR is not Y),ffar1,Active,Class A (Rhodopsin),3.39,Electron microscopy,calibration,0
9K1C,ffar1_human,R,sifts,,16.597234,O14842,202,276,48,225,,,48,225,,,partial (npxxy unavailable: 7.53: identity check failed at R/276: THR is not Y),ffar1,Active,Class A (Rhodopsin),3.2,Electron microscopy,calibration,0
8J22,ffar2_human,C,sifts,,17.542855,O15552,199,273,51,223,,,51,223,,,partial (npxxy unavailable: 7.53: identity check failed at C/273: PHE is not Y),ffar2,Active,Class A (Rhodopsin),3.2,Electron microscopy,calibration,0
8J23,ffar2_human,,,,,O15552,199,273,51,223,,,,,,,sifts/A: npxxy: 5.58: identity check failed at A/199: TRP is not Y ; tilt: 6x37: identity check failed at A/223: ALA is not L | identity/A: npxxy: 5.58: identity check failed at A/199: TRP is not Y ; tilt: 6x37: identity check failed at A/223: ALA is not L,ffar2,Active,Class A (Rhodopsin),3.2,Electron microscopy,calibration,0
8J24,ffar2_human,D,sifts,,17.220553,O15552,199,273,51,223,,,51,223,,,partial (npxxy unavailable: 7.53: identity check failed at D/273: PHE is not Y),ffar2,Active,Class A (Rhodopsin),2.6,Electron microscopy,calibration,0
8T3S,ffar2_human,R,sifts,,17.763962,O15552,199,273,51,223,,,51,223,,,partial (npxxy unavailable: 7.53: identity check failed at R/273: PHE is not Y),ffar2,Active,Class A (Rhodopsin),3.07,Electron microscopy,calibration,0
9K1D,ffar2_human,,,,,O15552,199,273,51,223,,,,,,,sifts/R: npxxy: 5.58: identity check failed at R/253: TRP is not Y ; tilt: 2x46: identity check failed at R/105: ILE is not L | identity/R: npxxy: 7.53: identity check failed at R/273: PHE is not Y,ffar2,Active,Class A (Rhodopsin),3.34,Electron microscopy,calibration,0
8J20,ffar3_human,D,sifts,10.4355,18.429746,O14843,204,276,57,226,204,276,57,226,,,ok,ffar3,Active,Class A (Rhodopsin),3.2,Electron microscopy,calibration,0
8J21,ffar3_human,D,sifts,7.967084,18.278604,O14843,204,276,57,226,204,276,57,226,,,ok,ffar3,Active,Class A (Rhodopsin),3.3,Electron microscopy,calibration,0
8G59,ffar4_human,R,sifts,4.064499,18.377592,Q5NUL3,227,321,81,265,227,321,81,265,,,ok,ffar4,Active,Class A (Rhodopsin),2.64,Electron microscopy,calibration,0
8H4I,ffar4_human,R,sifts,4.317605,19.095147,Q5NUL3,227,321,81,265,227,321,81,265,,,ok,ffar4,Active,Class A (Rhodopsin),3.06,Electron microscopy,calibration,0
8H4K,ffar4_human,R,sifts,4.485989,19.27264,Q5NUL3,227,321,81,265,227,321,81,265,,,ok,ffar4,Active,Class A (Rhodopsin),3.1,Electron microscopy,calibration,0
8H4L,ffar4_human,R,sifts,4.381584,19.090207,Q5NUL3,227,321,81,265,227,321,81,265,,,ok,ffar4,Active,Class A (Rhodopsin),3.07,Electron microscopy,calibration,0
8ID3,ffar4_human,R,sifts,4.031376,18.876362,Q5NUL3,227,321,81,265,227,321,81,265,,,ok,ffar4,Active,Class A (Rhodopsin),3.1,Electron microscopy,calibration,0
8ID4,ffar4_human,R,sifts,3.852837,18.482838,Q5NUL3,227,321,81,265,227,321,81,265,,,ok,ffar4,Active,Class A (Rhodopsin),3.1,Electron microscopy,calibration,0
8ID6,ffar4_human,R,sifts,4.392255,18.386934,Q5NUL3,227,321,81,265,227,321,81,265,,,ok,ffar4,Active,Class A (Rhodopsin),2.8,Electron microscopy,calibration,0
8ID8,ffar4_human,R,sifts,3.995415,18.924507,Q5NUL3,227,321,81,265,227,321,81,265,,,ok,ffar4,Active,Class A (Rhodopsin),3.0,Electron microscopy,calibration,0
8ID9,ffar4_human,R,sifts,4.109566,18.976529,Q5NUL3,227,321,81,265,227,321,81,265,,,ok,ffar4,Active,Class A (Rhodopsin),3.0,Electron microscopy,calibration,0
8IYS,ffar4_human,R,sifts,3.775719,18.672712,Q5NUL3,227,321,81,265,227,321,81,265,,,ok,ffar4,Active,Class A (Rhodopsin),2.95,Electron microscopy,calibration,0
8T3O,ffar4_human,R,sifts,4.212288,17.988573,Q5NUL3,227,321,81,265,227,321,81,265,,,ok,ffar4,Active,Class A (Rhodopsin),3.06,Electron microscopy,calibration,0
8T3Q,ffar4_human,R,sifts,4.219174,18.554636,Q5NUL3,227,321,81,265,227,321,81,265,,,ok,ffar4,Active,Class A (Rhodopsin),3.14,Electron microscopy,calibration,0
7EUO,fpr1_human,R,identity,4.321238,17.733641,P21462,221,301,67,243,221,301,67,243,[identity; SIFTS unusable: sifts/R: npxxy: 5.58: identity check failed at R/239: PRO is not Y ; tilt: 2x46: identity check failed at R/85: LYS is not L],,ok,fpr1,Active,Class A (Rhodopsin),2.9,Electron microscopy,calibration,0
7T6T,fpr1_human,R,identity,4.068544,17.189945,P21462,221,301,67,243,221,301,67,243,[identity; SIFTS unusable: sifts/R: npxxy: 5.58: identity check failed at R/242: VAL is not Y ; tilt: 2x46: identity check failed at R/88: GLY is not L],,ok,fpr1,Active,Class A (Rhodopsin),3.2,Electron microscopy,calibration,0
7VFX,fpr1_human,R,identity,4.264078,17.339346,P21462,221,301,67,243,221,301,67,243,[identity; SIFTS unusable: sifts/R: npxxy: 5.58: identity check failed at R/239: PRO is not Y ; tilt: 2x46: identity check failed at R/85: LYS is not L],,ok,fpr1,Active,Class A (Rhodopsin),2.8,Electron microscopy,calibration,0
7WVU,fpr1_human,R,identity,3.327585,17.181093,P21462,221,301,67,243,221,301,67,243,[identity; SIFTS unusable: sifts/R: npxxy: 5.58: identity check failed at R/223: LEU is not Y ; tilt: 2x46: identity check failed at R/69: VAL is not L],,ok,fpr1,Active,Class A (Rhodopsin),3.3,Electron microscopy,calibration,0
6LW5,fpr2_human,A,sifts,4.089735,18.077778,P25090,221,302,67,243,221,302,67,243,,,ok,fpr2,Active,Class A (Rhodopsin),2.8,X-ray diffraction,calibration,0
6OMM,fpr2_human,R,identity,4.428964,17.98749,P25090,221,302,67,243,221,302,67,243,[identity; SIFTS unusable: sifts/R: npxxy: 5.58: identity check failed at R/242: VAL is not Y ; tilt: 2x46: identity check failed at R/88: GLY is not L],,ok,fpr2,Active,Class A (Rhodopsin),3.17,Electron microscopy,calibration,0
7T6S,fpr2_human,R,identity,4.033287,17.536702,P25090,221,302,67,243,221,302,67,243,[identity; SIFTS unusable: sifts/R: npxxy: 5.58: identity check failed at R/269: LYS is not Y ; tilt: 6x37: identity check failed at R/291: ALA is not L],,ok,fpr2,Active,Class A (Rhodopsin),3.0,Electron microscopy,calibration,0
7T6U,fpr2_human,R,identity,4.164001,17.901518,P25090,221,302,67,243,221,302,67,243,[identity; SIFTS unusable: sifts/R: npxxy: 5.58: identity check failed at R/269: LYS is not Y ; tilt: 6x37: identity check failed at R/291: ALA is not L],,ok,fpr2,Active,Class A (Rhodopsin),2.9,Electron microscopy,calibration,0
7T6V,fpr2_human,R,identity,3.844914,17.877295,P25090,221,302,67,243,221,302,67,243,[identity; SIFTS unusable: sifts/R: npxxy: 5.58: identity check failed at R/269: LYS is not Y ; tilt: 6x37: identity check failed at R/291: ALA is not L],,ok,fpr2,Active,Class A (Rhodopsin),3.1,Electron microscopy,calibration,0
7WVV,fpr2_human,R,identity,3.332848,17.706673,P25090,221,302,67,243,221,302,67,243,[identity; SIFTS unusable: sifts/R: npxxy: 5.58: residue R/340 not modelled ; tilt: 2x46: identity check failed at R/186: THR is not L],,ok,fpr2,Active,Class A (Rhodopsin),2.9,Electron microscopy,calibration,0
7WVW,fpr2_human,R,identity,3.376207,17.809635,P25090,221,302,67,243,221,302,67,243,[identity; SIFTS unusable: sifts/R: npxxy: 5.58: residue R/340 not modelled ; tilt: 2x46: identity check failed at R/186: THR is not L],,ok,fpr2,Active,Class A (Rhodopsin),3.1,Electron microscopy,calibration,0
7WVX,fpr2_human,R,identity,2.992171,17.588695,P25090,221,302,67,243,221,302,67,243,[identity; SIFTS unusable: sifts/R: npxxy: 5.58: residue R/340 not modelled ; tilt: 2x46: identity check failed at R/186: THR is not L],,ok,fpr2,Active,Class A (Rhodopsin),2.8,Electron microscopy,calibration,0
7WVY,fpr2_human,R,identity,3.273975,17.646958,P25090,221,302,67,243,221,302,67,243,[identity; SIFTS unusable: sifts/R: npxxy: 5.58: residue R/340 not modelled ; tilt: 2x46: identity check failed at R/186: THR is not L],,ok,fpr2,Active,Class A (Rhodopsin),3.0,Electron microscopy,calibration,0
8I2G,fshr_human,R,sifts,3.877782,17.944981,P23945,549,626,404,574,549,626,404,574,,,ok,fshr,Active,Class A (Rhodopsin),2.8,Electron microscopy,application,1
7WQ3,galr1_human,R,sifts,4.656369,17.518668,P47211,220,303,77,249,220,303,77,249,,,ok,galr1,Active,Class A (Rhodopsin),2.7,Electron microscopy,calibration,0
7XJJ,galr1_human,E,identity,5.16416,17.277179,P47211,220,303,77,249,220,303,77,249,[identity; SIFTS unusable: sifts/E: npxxy: 5.58: identity check failed at E/230: LYS is not Y ; tilt: 2x46: identity check failed at E/87: PHE is not L],,ok,galr1,Active,Class A (Rhodopsin),3.3,Electron microscopy,calibration,0
7WQ4,galr2_human,R,sifts,4.145954,16.777158,O43603,207,292,67,238,207,292,67,238,,,ok,galr2,Active,Class A (Rhodopsin),2.6,Electron microscopy,calibration,0
7XBD,galr2_human,A,sifts,3.731542,16.942077,O43603,207,292,67,238,207,292,67,238,,,ok,galr2,Active,Class A (Rhodopsin),3.11,Electron microscopy,calibration,0
7XJK,galr2_human,F,identity,4.465539,16.345476,O43603,207,292,67,238,207,292,67,238,[identity; SIFTS unusable: sifts/F: npxxy: 5.58: residue F/217 not modelled ; tilt: 2x46: identity check failed at F/77: CYS is not L],,ok,galr2,Active,Class A (Rhodopsin),3.3,Electron microscopy,calibration,0
7XJL,galr2_human,F,identity,4.133347,17.017182,O43603,207,292,67,238,207,292,67,238,[identity; SIFTS unusable: sifts/F: npxxy: 5.58: residue F/217 not modelled ; tilt: 2x46: identity check failed at F/77: CYS is not L],,ok,galr2,Active,Class A (Rhodopsin),3.5,Electron microscopy,calibration,0
7F8V,gasr_human,R,identity,3.831367,17.234039,P32239,238,390,96,335,238,390,96,335,[identity; SIFTS unusable: sifts/R: npxxy: 5.58: identity check failed at R/247: LEU is not Y ; tilt: 2x46: identity check failed at R/105: VAL is not L],,ok,gasr,Active,Class A (Rhodopsin),3.3,Electron microscopy,calibration,0
7F8W,gasr_human,R,identity,3.031816,17.396013,P32239,238,390,96,335,238,390,96,335,[identity; SIFTS unusable: sifts/R: npxxy: 5.58: identity check failed at R/247: LEU is not Y ; tilt: 2x46: identity check failed at R/105: VAL is not L],,ok,gasr,Active,Class A (Rhodopsin),3.1,Electron microscopy,calibration,0
7XOW,gasr_human,R,sifts,3.799973,17.335849,P32239,238,390,96,335,238,390,96,335,,,ok,gasr,Active,Class A (Rhodopsin),3.1,Electron microscopy,calibration,0
7XOX,gasr_human,,,,,P32239,238,390,96,335,,,,,,,no-sifts-identity/B: npxxy: 5.58: identity check failed at B/238: GLY is not Y ; tilt: 2x46: identity check failed at B/96: ARG is not L,gasr,Active,Class A (Rhodopsin),3.1,Electron microscopy,calibration,0
8IA7,gasr_human,R,sifts,3.448984,17.470269,P32239,238,390,96,335,238,390,96,335,,,ok,gasr,Active,Class A (Rhodopsin),3.1,Electron microscopy,calibration,0
7F9Y,ghsr_human,R,identity,4.04092,17.396473,Q92847,232,323,85,265,232,323,85,265,[identity; SIFTS unusable: sifts/R: npxxy: 5.58: residue R/364 not modelled ; tilt: 2x46: identity check failed at R/217: SER is not M],,ok,ghsr,Active,Class A (Rhodopsin),2.9,Electron microscopy,application,1
7F9Z,ghsr_human,R,identity,3.922659,17.473471,Q92847,232,323,85,265,232,323,85,265,[identity; SIFTS unusable: sifts/R: npxxy: 5.58: residue R/364 not modelled ; tilt: 2x46: identity check failed at R/217: SER is not M],,ok,ghsr,Active,Class A (Rhodopsin),3.2,Electron microscopy,application,1
7NA7,ghsr_human,R,sifts,4.833446,17.977742,Q92847,232,323,85,265,232,323,85,265,,,ok,ghsr,Active,Class A (Rhodopsin),2.7,Electron microscopy,application,1
7NA8,ghsr_human,R,sifts,5.540461,17.661075,Q92847,232,323,85,265,232,323,85,265,,,ok,ghsr,Active,Class A (Rhodopsin),2.7,Electron microscopy,application,1
7W2Z,ghsr_human,R,sifts,4.447336,18.479329,Q92847,232,323,85,265,232,323,85,265,,,ok,ghsr,Active,Class A (Rhodopsin),2.8,Electron microscopy,application,1
8W8Q,gp101_human,C,identity,5.074839,18.695439,Q96P66,212,454,73,401,212,454,73,401,[identity; SIFTS unusable: sifts/C: npxxy: 5.58: residue C/359 not modelled ; tilt: 2x46: identity check failed at C/220: ARG is not L],,ok,gp101,Active,Class A (Rhodopsin),2.89,Electron microscopy,calibration,0
8W8R,gp101_human,R,sifts,5.291098,19.166075,Q96P66,212,454,73,401,212,454,73,401,,,ok,gp101,Active,Class A (Rhodopsin),3.3,Electron microscopy,calibration,0
8W8S,gp101_human,R,sifts,5.048372,19.441369,Q96P66,212,454,73,401,212,454,73,401,,,ok,gp101,Active,Class A (Rhodopsin),3.3,Electron microscopy,calibration,0
7WCM,gp119_human,R,sifts,,19.469961,Q8TDV5,184,279,47,227,,,47,227,,,partial (npxxy unavailable: 5.58: identity check failed at R/184: PHE is not Y),gp119,Active,Class A (Rhodopsin),2.33,Electron microscopy,calibration,0
7WCN,gp119_human,R,sifts,,19.38859,Q8TDV5,184,279,47,227,,,47,227,,,partial (npxxy unavailable: 5.58: identity check failed at R/184: PHE is not Y),gp119,Active,Class A (Rhodopsin),2.87,Electron microscopy,calibration,0
7XZ5,gp119_human,R,sifts,,19.104925,Q8TDV5,184,279,47,227,,,47,227,,,partial (npxxy unavailable: 5.58: identity check failed at R/184: PHE is not Y),gp119,Active,Class A (Rhodopsin),3.1,Electron microscopy,calibration,0
7XZ6,gp119_human,R,sifts,,18.679557,Q8TDV5,184,279,47,227,,,47,227,,,partial (npxxy unavailable: 5.58: identity check failed at R/184: PHE is not Y),gp119,Active,Class A (Rhodopsin),2.8,Electron microscopy,calibration,0
8VHF,gp119_human,,,,,Q8TDV5,184,279,47,227,,,,,,,sifts/R: npxxy: 5.58: identity check failed at R/296: GLY is not Y ; tilt: 2x46: identity check failed at R/159: ALA is not L | identity/R: npxxy: 5.58: identity check failed at R/184: PHE is not Y,gp119,Active,Class A (Rhodopsin),3.51,Electron microscopy,calibration,0
8ZR5,gp119_human,,,,,Q8TDV5,184,279,47,227,,,,,,,sifts/C: npxxy: 5.58: identity check failed at C/200: ARG is not Y ; tilt: 2x46: identity check failed at C/63: THR is not L | identity/C: npxxy: 5.58: identity check failed at C/184: PHE is not Y,gp119,Active,Class A (Rhodopsin),3.31,Electron microscopy,calibration,0
8ZRK,gp119_human,,,,,Q8TDV5,184,279,47,227,,,,,,,sifts/R: npxxy: 5.58: residue R/218 not modelled ; tilt: 2x46: identity check failed at R/81: ARG is not L | identity/R: npxxy: 5.58: identity check failed at R/184: PHE is not Y,gp119,Active,Class A (Rhodopsin),2.82,Electron microscopy,calibration,0
8HQE,gp132_human,,,,,Q9UNW8,219,308,84,244,,,,,,,sifts/R: npxxy: 5.58: residue R/349 not modelled ; tilt: 2x46: identity check failed at R/214: ILE is not L | identity/R: npxxy: 5.58: identity check failed at R/219: ASN is not Y,gp132,Active,Class A (Rhodopsin),2.97,Electron microscopy,calibration,0
8HQM,gp132_human,,,,,Q9UNW8,219,308,84,244,,,,,,,sifts/R: npxxy: 5.58: residue R/349 not modelled ; tilt: 2x46: identity check failed at R/214: ILE is not L | identity/R: npxxy: 5.58: identity check failed at R/219: ASN is not Y,gp132,Active,Class A (Rhodopsin),2.95,Electron microscopy,calibration,0
8HQN,gp132_human,,,,,Q9UNW8,219,308,84,244,,,,,,,sifts/R: npxxy: 5.58: residue R/349 not modelled ; tilt: 2x46: identity check failed at R/214: ILE is not L | identity/R: npxxy: 5.58: identity check failed at R/219: ASN is not Y,gp132,Active,Class A (Rhodopsin),3.0,Electron microscopy,calibration,0
8HVI,gp132_human,,,,,Q9UNW8,219,308,84,244,,,,,,,sifts/R: npxxy: 5.58: residue R/349 not modelled ; tilt: 2x46: identity check failed at R/214: ILE is not L | identity/R: npxxy: 5.58: identity check failed at R/219: ASN is not Y,gp132,Active,Class A (Rhodopsin),3.04,Electron microscopy,calibration,0
7VUG,gp139_human,,,,,Q6DWJ6,203,285,69,230,,,,,,,sifts/R: npxxy: 5.58: residue R/415 not modelled ; tilt: 2x46: identity check failed at R/281: ASN is not L | identity/R: npxxy: 5.58: identity check failed at R/203: ASN is not Y,gp139,Active,Class A (Rhodopsin),3.2,Electron microscopy,calibration,0
7VUH,gp139_human,,,,,Q6DWJ6,203,285,69,230,,,,,,,sifts/R: npxxy: 5.58: residue R/415 not modelled ; tilt: 2x46: identity check failed at R/281: ASN is not L | identity/R: npxxy: 5.58: identity check failed at R/203: ASN is not Y,gp139,Active,Class A (Rhodopsin),3.22,Electron microscopy,calibration,0
7VUI,gp139_human,,,,,Q6DWJ6,203,285,69,230,,,,,,,sifts/R: npxxy: 5.58: residue R/415 not modelled ; tilt: 2x46: identity check failed at R/281: ASN is not L | identity/R: npxxy: 5.58: identity check failed at R/203: ASN is not Y,gp139,Active,Class A (Rhodopsin),3.3,Electron microscopy,calibration,0
7VUJ,gp139_human,,,,,Q6DWJ6,203,285,69,230,,,,,,,sifts/R: npxxy: 5.58: residue R/415 not modelled ; tilt: 2x46: identity check failed at R/281: ASN is not L | identity/R: npxxy: 5.58: identity check failed at R/203: ASN is not Y,gp139,Active,Class A (Rhodopsin),3.8,Electron microscopy,calibration,0
8KH4,gp161_human,A,identity,3.811962,19.513229,Q8N6U8,208,324,69,272,208,324,69,272,[identity; SIFTS unusable: sifts/A: npxxy: 5.58: identity check failed at A/216: ARG is not Y ; tilt: 2x46: identity check failed at A/77: SER is not L],,ok,gp161,Active,Class A (Rhodopsin),3.1,Electron microscopy,calibration,0
8SMV,gp161_human,R,identity,4.709411,20.01881,Q8N6U8,208,324,69,272,208,324,69,272,[identity; SIFTS unusable: sifts/R: npxxy: 5.58: identity check failed at R/219: ALA is not Y ; tilt: 2x46: identity check failed at R/80: VAL is not L],,ok,gp161,Active,Class A (Rhodopsin),2.74,Electron microscopy,calibration,0
7XV3,gp174_human,R,sifts,,17.424885,Q9BXC1,205,292,61,232,,,61,232,,,partial (npxxy unavailable: 5.58: identity check failed at R/205: THR is not Y),gp174,Active,Class A (Rhodopsin),2.76,Electron microscopy,calibration,0
8IZB,gp174_human,,,,,Q9BXC1,205,292,61,232,,,,,,,sifts/R: npxxy: 5.58: identity check failed at R/290: VAL is not Y ; tilt: 2x46: identity check failed at R/146: CYS is not L | identity/R: npxxy: 5.58: identity check failed at R/205: THR is not Y,gp174,Active,Class A (Rhodopsin),3.06,Electron microscopy,calibration,0
8KH5,gp174_human,,,,,Q9BXC1,205,292,61,232,,,,,,,sifts/A: npxxy: 5.58: identity check failed at A/213: GLN is not Y ; tilt: 2x46: identity check failed at A/69: VAL is not L | identity/A: npxxy: 5.58: identity check failed at A/205: THR is not Y,gp174,Active,Class A (Rhodopsin),2.83,Electron microscopy,calibration,0
7TUY,gp183_human,R,sifts,21.584131,15.856195,P32249,216,308,73,246,216,298,73,236,,,ok,gp183,Active,Class A (Rhodopsin),2.98,Electron microscopy,calibration,0
7TUZ,gp183_human,R,identity,13.740644,17.460835,P32249,216,308,73,246,216,308,73,246,[identity; SIFTS unusable: sifts/R: npxxy: 5.58: identity check failed at R/218: GLN is not Y ; tilt: 2x46: identity check failed at R/75: ILE is not L],,ok,gp183,Active,Class A (Rhodopsin),3.12,Electron microscopy,calibration,0
7BW0,gpbar_human,,,,,Q8TDU6,185,280,57,226,,,,,,,sifts/R: npxxy: 5.58: residue R/305 not modelled ; tilt: 2x46: identity check failed at R/177: ALA is not L | identity/R: npxxy: 5.58: identity check failed at R/185: SER is not Y,gpbar,Active,Class A (Rhodopsin),3.9,Electron microscopy,calibration,0
7CFM,gpbar_human,R,sifts,,21.341997,Q8TDU6,185,280,57,226,,,57,226,,,partial (npxxy unavailable: 5.58: identity check failed at R/185: SER is not Y),gpbar,Active,Class A (Rhodopsin),3.0,Electron microscopy,calibration,0
7CFN,gpbar_human,R,sifts,,20.857266,Q8TDU6,185,280,57,226,,,57,226,,,partial (npxxy unavailable: 5.58: identity check failed at R/185: SER is not Y),gpbar,Active,Class A (Rhodopsin),3.0,Electron microscopy,calibration,0
7XTQ,gpbar_human,R,sifts,,21.261271,Q8TDU6,185,280,57,226,,,57,226,,,partial (npxxy unavailable: 5.58: identity check failed at R/185: SER is not Y),gpbar,Active,Class A (Rhodopsin),3.2,Electron microscopy,calibration,0
9GYO,gpbar_human,,,,,Q8TDU6,185,280,57,226,,,,,,,sifts/R: npxxy: 5.58: residue R/325 not modelled ; tilt: 2x46: identity check failed at R/197: GLN is not L | identity/R: npxxy: 5.58: identity check failed at R/185: SER is not Y,gpbar,Active,Class A (Rhodopsin),2.5,Electron microscopy,calibration,0
8XOF,gper1_human,R,sifts,4.040241,16.862053,Q99527,234,324,101,261,234,324,101,261,,,ok,gper1,Active,Class A (Rhodopsin),2.6,Electron microscopy,calibration,0
8XOG,gper1_human,R,sifts,3.481639,16.866735,Q99527,234,324,101,261,234,324,101,261,,,ok,gper1,Active,Class A (Rhodopsin),2.9,Electron microscopy,calibration,0
8XOH,gper1_human,R,sifts,3.773417,16.689786,Q99527,234,324,101,261,234,324,101,261,,,ok,gper1,Active,Class A (Rhodopsin),3.2,Electron microscopy,calibration,0
8XOI,gper1_human,R,sifts,3.548967,16.810114,Q99527,234,324,101,261,234,324,101,261,,,ok,gper1,Active,Class A (Rhodopsin),3.2,Electron microscopy,calibration,0
8XOJ,gper1_human,R,sifts,3.797162,17.158834,Q99527,234,324,101,261,234,324,101,261,,,ok,gper1,Active,Class A (Rhodopsin),3.1,Electron microscopy,calibration,0
7Y3G,gpr12_human,R,identity,5.491923,18.981082,P47775,217,301,86,253,217,301,86,253,[identity; SIFTS unusable: sifts/R: npxxy: 5.58: identity check failed at R/261: ALA is not Y ; tilt: 2x46: identity check failed at R/130: SER is not L],,ok,gpr12,Active,Class A (Rhodopsin),2.77,Electron microscopy,calibration,0
8ZQE,gpr15_human,R,identity,6.879695,17.423646,P49685,215,302,75,243,215,302,75,243,[identity; SIFTS unusable: sifts/R: npxxy: 5.58: residue R/348 not modelled ; tilt: 6x37: residue R/376 not modelled],,ok,gpr15,Active,Class A (Rhodopsin),2.9,Electron microscopy,calibration,0
7Y89,gpr17_human,A,identity,4.084893,17.798367,Q13304,240,325,101,265,240,325,101,265,[identity; SIFTS unusable: sifts/A: npxxy: 5.58: identity check failed at A/191: MET is not Y ; tilt: 2x46: residue A/52 not modelled],,ok,gpr17,Active,Class A (Rhodopsin),3.02,Electron microscopy,calibration,0
8HS2,gpr20_human,,,,,Q99678,216,297,95,243,,,,,,,sifts/R: npxxy: 5.58: residue R/349 not modelled ; tilt: 6x37: residue R/376 not modelled | identity/R: npxxy: 5.58: identity check failed at R/216: THR is not Y,gpr20,Active,Class A (Rhodopsin),3.08,Electron microscopy,calibration,0
8HS3,gpr20_human,,,,,Q99678,216,297,95,243,,,,,,,sifts/R: npxxy: 5.58: residue R/349 not modelled ; tilt: 6x37: residue R/376 not modelled | identity/R: npxxy: 5.58: identity check failed at R/216: THR is not Y,gpr20,Active,Class A (Rhodopsin),3.14,Electron microscopy,calibration,0
8HSC,gpr20_human,,,,,Q99678,216,297,95,243,,,,,,,sifts/R: npxxy: 5.58: residue R/349 not modelled ; tilt: 6x37: residue R/376 not modelled | identity/R: npxxy: 5.58: identity check failed at R/216: THR is not Y,gpr20,Active,Class A (Rhodopsin),3.22,Electron microscopy,calibration,0
8HIX,gpr21_human,R,sifts,,12.859153,Q99679,210,304,71,254,,,71,254,,,partial (npxxy unavailable: 5.58: identity check failed at R/210: THR is not Y),gpr21,Active,Class A (Rhodopsin),3.12,Electron microscopy,calibration,0
8HJ0,gpr21_human,R,sifts,,12.586357,Q99679,210,304,71,254,,,71,254,,,partial (npxxy unavailable: 5.58: identity check failed at R/210: THR is not Y),gpr21,Active,Class A (Rhodopsin),3.12,Electron microscopy,calibration,0
8HJ1,gpr21_human,R,sifts,,13.580732,Q99679,210,304,71,254,,,71,254,,,partial (npxxy unavailable: 5.58: identity check failed at R/210: THR is not Y),gpr21,Active,Class A (Rhodopsin),3.27,Electron microscopy,calibration,0
8HJ2,gpr21_human,R,sifts,,12.936229,Q99679,210,304,71,254,,,71,254,,,partial (npxxy unavailable: 5.58: identity check failed at R/210: THR is not Y),gpr21,Active,Class A (Rhodopsin),3.8,Electron microscopy,calibration,0
8HMV,gpr21_human,A,sifts,,19.083804,Q99679,210,304,71,254,,,71,254,,,partial (npxxy unavailable: 5.58: identity check failed at A/210: THR is not Y),gpr21,Active,Class A (Rhodopsin),2.91,Electron microscopy,calibration,0
8IYX,gpr34_human,C,identity,20.279695,16.824149,Q9UPC5,238,327,96,267,238,327,96,267,[identity; SIFTS unusable: sifts/C: npxxy: 7.53: residue C/527 not modelled ; tilt: 6x37: residue C/467 not modelled],,ok,gpr34,Active,Class A (Rhodopsin),3.34,Electron microscopy,calibration,0
8IZ4,gpr34_human,R,identity,12.191981,18.899179,Q9UPC5,238,327,96,267,238,327,96,267,[identity; SIFTS unusable: sifts/R: npxxy: 5.58: identity check failed at R/291: SER is not Y ; tilt: 2x46: identity check failed at R/149: SER is not V],,ok,gpr34,Active,Class A (Rhodopsin),2.93,Electron microscopy,calibration,0
8K4N,gpr34_human,D,sifts,16.292949,19.347727,Q9UPC5,238,327,96,267,238,327,96,267,,,ok,gpr34,Active,Class A (Rhodopsin),2.83,Electron microscopy,calibration,0
8SAI,gpr34_human,A,identity,13.087303,18.913862,Q9UPC5,238,327,96,267,238,327,96,267,[identity; SIFTS unusable: sifts/A: npxxy: 5.58: identity check failed at A/331: SER is not Y ; tilt: 2x46: identity check failed at A/189: MET is not V],,ok,gpr34,Active,Class A (Rhodopsin),3.27,Electron microscopy,calibration,0
8WRB,gpr34_human,R,identity,12.004351,18.718876,Q9UPC5,238,327,96,267,238,327,96,267,[identity; SIFTS unusable: sifts/R: npxxy: 5.58: identity check failed at R/291: SER is not Y ; tilt: 2x46: identity check failed at R/149: SER is not V],,ok,gpr34,Active,Class A (Rhodopsin),2.91,Electron microscopy,calibration,0
8XBE,gpr34_human,A,identity,13.682541,19.095248,Q9UPC5,238,327,96,267,238,327,96,267,[identity; SIFTS unusable: sifts/A: npxxy: 5.58: identity check failed at A/247: ARG is not Y ; tilt: 2x46: identity check failed at A/105: PHE is not V],,ok,gpr34,Active,Class A (Rhodopsin),3.4,Electron microscopy,calibration,0
8XBG,gpr34_human,A,identity,12.420462,18.828172,Q9UPC5,238,327,96,267,238,327,96,267,[identity; SIFTS unusable: sifts/A: npxxy: 5.58: identity check failed at A/247: ARG is not Y ; tilt: 2x46: identity check failed at A/105: PHE is not V],,ok,gpr34,Active,Class A (Rhodopsin),3.43,Electron microscopy,calibration,0
8XBH,gpr34_human,R,identity,11.18115,18.774085,Q9UPC5,238,327,96,267,238,327,96,267,[identity; SIFTS unusable: sifts/R: npxxy: 5.58: identity check failed at R/247: ARG is not Y ; tilt: 2x46: identity check failed at R/105: PHE is not V],,ok,gpr34,Active,Class A (Rhodopsin),2.83,Electron microscopy,calibration,0
8XBI,gpr34_human,R,identity,11.523235,18.778874,Q9UPC5,238,327,96,267,238,327,96,267,[identity; SIFTS unusable: sifts/R: npxxy: 5.58: identity check failed at R/247: ARG is not Y ; tilt: 2x46: identity check failed at R/105: PHE is not V],,ok,gpr34,Active,Class A (Rhodopsin),3.06,Electron microscopy,calibration,0
8H8J,gpr35_human,,,,,Q9HC97,191,276,62,219,,,,,,,sifts/C: npxxy: 5.58: identity check failed at C/190: CYS is not Y ; tilt: 2x46: identity check failed at C/61: ASN is not L | identity/C: npxxy: 5.58: identity check failed at C/191: SER is not Y,gpr35,Active,Class A (Rhodopsin),3.2,Electron microscopy,calibration,0
8U8F,gpr3_human,R,identity,3.124912,19.077878,P46089,213,297,82,249,213,297,82,249,[identity; SIFTS unusable: sifts/R: npxxy: 5.58: identity check failed at R/247: ALA is not Y],,ok,gpr3,Active,Class A (Rhodopsin),3.49,Electron microscopy,calibration,0
8WW2,gpr3_human,R,sifts,4.174725,19.2661,P46089,213,297,82,249,213,297,82,249,,,ok,gpr3,Active,Class A (Rhodopsin),2.79,Electron microscopy,calibration,0
8X2K,gpr3_human,A,identity,4.096622,18.913037,P46089,213,297,82,249,213,297,82,249,[identity; SIFTS unusable: sifts/A: npxxy: 5.58: residue A/337 not modelled ; tilt: 2x46: identity check failed at A/206: PHE is not L],,ok,gpr3,Active,Class A (Rhodopsin),3.03,Electron microscopy,calibration,0
6LI3,gpr52_human,R,sifts,,17.165536,Q9Y2T5,222,317,83,267,,,83,267,,,partial (npxxy unavailable: 5.58: identity check failed at R/222: THR is not Y),gpr52,Active,Class A (Rhodopsin),3.32,Electron microscopy,calibration,0
8HMP,gpr52_human,R,sifts,,13.096009,Q9Y2T5,222,317,83,267,,,83,267,,,partial (npxxy unavailable: 5.58: identity check failed at R/222: THR is not Y),gpr52,Active,Class A (Rhodopsin),2.77,Electron microscopy,calibration,0
8ZX4,gpr55_human,R,sifts,,16.258922,Q9Y2T6,201,288,66,228,,,66,228,,,partial (npxxy unavailable: 5.58: identity check failed at R/201: CYS is not Y),gpr55,Active,Class A (Rhodopsin),2.85,Electron microscopy,calibration,0
8ZX5,gpr55_human,R,sifts,,16.237573,Q9Y2T6,201,288,66,228,,,66,228,,,partial (npxxy unavailable: 5.58: identity check failed at R/201: CYS is not Y),gpr55,Active,Class A (Rhodopsin),3.03,Electron microscopy,calibration,0
9IY8,gpr55_human,,,,,Q9Y2T6,201,288,66,228,,,,,,,sifts/R: npxxy: 5.58: identity check failed at R/200: CYS is not Y ; tilt: 2x46: identity check failed at R/65: ASN is not L | identity/R: npxxy: 5.58: identity check failed at R/201: CYS is not Y,gpr55,Active,Class A (Rhodopsin),3.01,Electron microscopy,calibration,0
9IYA,gpr55_human,,,,,Q9Y2T6,201,288,66,228,,,,,,,sifts/A: npxxy: 5.58: identity check failed at A/195: GLY is not Y ; tilt: 2x46: identity check failed at A/60: SER is not L | identity/A: npxxy: 5.58: identity check failed at A/201: CYS is not Y,gpr55,Active,Class A (Rhodopsin),3.04,Electron microscopy,calibration,0
8KGK,gpr61_human,A,identity,6.331592,19.524054,Q9BZJ8,228,341,82,289,228,341,82,289,[identity; SIFTS unusable: sifts/A: npxxy: 5.58: identity check failed at A/237: VAL is not Y],,ok,gpr61,Active,Class A (Rhodopsin),3.16,Electron microscopy,calibration,0
8TB0,gpr61_human,R,identity,5.738964,20.144569,Q9BZJ8,228,341,82,289,228,341,82,289,[identity; SIFTS unusable: sifts/R: npxxy: 5.58: residue R/369 not modelled ; tilt: 6x37: residue R/430 not modelled],,ok,gpr61,Active,Class A (Rhodopsin),3.47,Electron microscopy,calibration,0
8TB7,gpr61_human,R,sifts,16.380757,18.978871,Q9BZJ8,228,341,82,289,237,422,91,370,,,ok,gpr61,Active,Class A (Rhodopsin),2.94,Electron microscopy,calibration,0
8TF5,gpr6_human,A,identity,11.14503,17.252635,P46095,245,329,114,281,245,329,114,281,[identity; SIFTS unusable: sifts/A: npxxy: 5.58: identity check failed at A/214: ALA is not Y ; tilt: 2x46: identity check failed at A/83: GLY is not L],,ok,gpr6,Active,Class A (Rhodopsin),2.1,X-ray diffraction,calibration,0
8TYW,gpr6_human,A,sifts,2.944807,18.731985,P46095,245,329,114,281,245,329,114,281,,,ok,gpr6,Active,Class A (Rhodopsin),3.43,Electron microscopy,calibration,0
8G05,gpr84_human,R,identity,3.576078,17.859943,Q9NQS5,198,370,62,321,198,370,62,321,[identity; SIFTS unusable: sifts/R: npxxy: 5.58: residue R/251 not modelled ; tilt: 2x46: identity check failed at R/115: ALA is not L],,ok,gpr84,Active,Class A (Rhodopsin),3.0,Electron microscopy,calibration,0
8J18,gpr84_human,R,identity,3.511636,17.944442,Q9NQS5,198,370,62,321,198,370,62,321,[identity; SIFTS unusable: sifts/R: npxxy: 5.58: identity check failed at R/208: ALA is not Y ; tilt: 6x37: identity check failed at R/331: SER is not C],,ok,gpr84,Active,Class A (Rhodopsin),2.89,Electron microscopy,calibration,0
8J19,gpr84_human,R,identity,3.822336,17.71512,Q9NQS5,198,370,62,321,198,370,62,321,[identity; SIFTS unusable: sifts/R: npxxy: 5.58: identity check failed at R/208: ALA is not Y ; tilt: 6x37: identity check failed at R/331: SER is not C],,ok,gpr84,Active,Class A (Rhodopsin),3.23,Electron microscopy,calibration,0
8J1A,gpr84_human,R,identity,3.886027,17.698067,Q9NQS5,198,370,62,321,198,370,62,321,[identity; SIFTS unusable: sifts/R: npxxy: 5.58: identity check failed at R/208: ALA is not Y ; tilt: 6x37: identity check failed at R/331: SER is not C],,ok,gpr84,Active,Class A (Rhodopsin),3.24,Electron microscopy,calibration,0
7EJX,gpr88_human,R,sifts,5.990269,16.869514,Q9GZN0,212,336,73,286,212,336,73,286,,,ok,gpr88,Active,Class A (Rhodopsin),2.4,Electron microscopy,calibration,0
7WZ4,gpr88_human,R,identity,6.708247,17.087466,Q9GZN0,212,336,73,286,212,336,73,286,[identity; SIFTS unusable: sifts/R: npxxy: 7.53: residue R/460 not modelled ; tilt: 2x46: identity check failed at R/197: ALA is not G],,ok,gpr88,Active,Class A (Rhodopsin),3.0,Electron microscopy,calibration,0
7W3Z,grpr_human,,,,,P30550,230,322,82,266,,,,,,,sifts/A: npxxy: 5.58: residue A/614 not modelled ; tilt: 2x46: residue A/466 not modelled | identity/A: npxxy: 7.53: identity check failed at A/322: LEU is not Y,grpr,Active,Class A (Rhodopsin),3.0,Electron microscopy,application,1
7W40,grpr_human,,,,,P30550,230,322,82,266,,,,,,,sifts/A: npxxy: 5.58: residue A/614 not modelled ; tilt: 2x46: residue A/466 not modelled | identity/A: npxxy: 7.53: identity check failed at A/322: LEU is not Y,grpr,Active,Class A (Rhodopsin),3.0,Electron microscopy,application,1
8H0Q,grpr_human,R,sifts,,16.385694,P30550,230,322,82,266,,,82,266,,,partial (npxxy unavailable: 7.53: identity check failed at R/322: LEU is not Y),grpr,Active,Class A (Rhodopsin),3.3,Electron microscopy,application,1
7XK2,hcar2_human,R,sifts,,15.918977,Q8TDS4,208,294,69,233,,,69,233,,,partial (npxxy unavailable: 5.58: identity check failed at R/208: SER is not Y),hcar2,Active,Class A (Rhodopsin),3.1,Electron microscopy,calibration,0
7ZL9,hcar2_human,A,sifts,,15.192548,Q8TDS4,208,294,69,233,,,69,233,,,partial (npxxy unavailable: 5.58: identity check failed at A/208: SER is not Y),hcar2,Active,Class A (Rhodopsin),2.7,X-ray diffraction,calibration,0
7ZLY,hcar2_human,A,sifts,,15.360664,Q8TDS4,208,294,69,233,,,69,339,,,partial (npxxy unavailable: 5.58: identity check failed at A/208: SER is not Y),hcar2,Active,Class A (Rhodopsin),2.7,X-ray diffraction,calibration,0
8H2G,hcar2_human,,,,,Q8TDS4,208,294,69,233,,,,,,,sifts/A: npxxy: 5.58: residue A/321 not modelled ; tilt: 2x46: identity check failed at A/182: ILE is not L | identity/A: npxxy: 5.58: identity check failed at A/208: SER is not Y,hcar2,Active,Class A (Rhodopsin),3.01,Electron microscopy,calibration,0
8I7V,hcar2_human,,,,,Q8TDS4,208,294,69,233,,,,,,,sifts/A: npxxy: 5.58: residue A/321 not modelled ; tilt: 2x46: identity check failed at A/182: ILE is not L | identity/A: npxxy: 5.58: identity check failed at A/208: SER is not Y,hcar2,Active,Class A (Rhodopsin),2.77,Electron microscopy,calibration,0
8I7W,hcar2_human,,,,,Q8TDS4,208,294,69,233,,,,,,,sifts/A: npxxy: 5.58: residue A/321 not modelled ; tilt: 2x46: identity check failed at A/182: ILE is not L | identity/A: npxxy: 5.58: identity check failed at A/208: SER is not Y,hcar2,Active,Class A (Rhodopsin),3.39,Electron microscopy,calibration,0
8IHB,hcar2_human,,,,,Q8TDS4,208,294,69,233,,,,,,,sifts/R: npxxy: 5.58: residue R/337 not modelled ; tilt: 2x46: identity check failed at R/198: PHE is not L | identity/R: npxxy: 5.58: identity check failed at R/208: SER is not Y,hcar2,Active,Class A (Rhodopsin),2.85,Electron microscopy,calibration,0
8IHF,hcar2_human,,,,,Q8TDS4,208,294,69,233,,,,,,,sifts/R: npxxy: 5.58: residue R/337 not modelled ; tilt: 2x46: identity check failed at R/198: PHE is not L | identity/R: npxxy: 5.58: identity check failed at R/208: SER is not Y,hcar2,Active,Class A (Rhodopsin),2.97,Electron microscopy,calibration,0
8IHH,hcar2_human,,,,,Q8TDS4,208,294,69,233,,,,,,,sifts/R: npxxy: 5.58: residue R/337 not modelled ; tilt: 2x46: identity check failed at R/198: PHE is not L | identity/R: npxxy: 5.58: identity check failed at R/208: SER is not Y,hcar2,Active,Class A (Rhodopsin),3.06,Electron microscopy,calibration,0
8IHI,hcar2_human,,,,,Q8TDS4,208,294,69,233,,,,,,,sifts/R: npxxy: 5.58: residue R/337 not modelled ; tilt: 2x46: identity check failed at R/198: PHE is not L | identity/R: npxxy: 5.58: identity check failed at R/208: SER is not Y,hcar2,Active,Class A (Rhodopsin),3.11,Electron microscopy,calibration,0
8IJ3,hcar2_human,A,sifts,,16.736503,Q8TDS4,208,294,69,233,,,69,233,,,partial (npxxy unavailable: 5.58: identity check failed at A/208: SER is not Y),hcar2,Active,Class A (Rhodopsin),3.28,Electron microscopy,calibration,0
8IJA,hcar2_human,A,sifts,,16.446568,Q8TDS4,208,294,69,233,,,69,233,,,partial (npxxy unavailable: 5.58: identity check failed at A/208: SER is not Y),hcar2,Active,Class A (Rhodopsin),2.69,Electron microscopy,calibration,0
8IJB,hcar2_human,A,sifts,,16.849955,Q8TDS4,208,294,69,233,,,69,233,,,partial (npxxy unavailable: 5.58: identity check failed at A/208: SER is not Y),hcar2,Active,Class A (Rhodopsin),3.23,Electron microscopy,calibration,0
8IJD,hcar2_human,A,sifts,,16.671588,Q8TDS4,208,294,69,233,,,69,233,,,partial (npxxy unavailable: 5.58: identity check failed at A/208: SER is not Y),hcar2,Active,Class A (Rhodopsin),3.25,Electron microscopy,calibration,0
8IY9,hcar2_human,,,,,Q8TDS4,208,294,69,233,,,,,,,sifts/R: npxxy: 5.58: identity check failed at R/264: GLN is not Y ; tilt: 2x46: identity check failed at R/125: ARG is not L | identity/R: npxxy: 5.58: identity check failed at R/208: SER is not Y,hcar2,Active,Class A (Rhodopsin),3.37,Electron microscopy,calibration,0
8IYH,hcar2_human,,,,,Q8TDS4,208,294,69,233,,,,,,,sifts/D: npxxy: 5.58: identity check failed at D/264: GLN is not Y ; tilt: 2x46: identity check failed at D/125: ARG is not L | identity/D: npxxy: 5.58: identity check failed at D/208: SER is not Y,hcar2,Active,Class A (Rhodopsin),3.3,Electron microscopy,calibration,0
8IYW,hcar2_human,,,,,Q8TDS4,208,294,69,233,,,,,,,sifts/R: npxxy: 5.58: identity check failed at R/264: GLN is not Y ; tilt: 2x46: identity check failed at R/125: ARG is not L | identity/R: npxxy: 5.58: identity check failed at R/208: SER is not Y,hcar2,Active,Class A (Rhodopsin),3.45,Electron microscopy,calibration,0
8J6I,hcar2_human,R,sifts,,16.396921,Q8TDS4,208,294,69,233,,,69,233,,,partial (npxxy unavailable: 5.58: identity check failed at R/208: SER is not Y),hcar2,Active,Class A (Rhodopsin),2.92,Electron microscopy,calibration,0
8J6J,hcar2_human,R,sifts,,16.493055,Q8TDS4,208,294,69,233,,,69,233,,,partial (npxxy unavailable: 5.58: identity check failed at R/208: SER is not Y),hcar2,Active,Class A (Rhodopsin),2.8,Electron microscopy,calibration,0
8J6L,hcar2_human,R,sifts,,16.62726,Q8TDS4,208,294,69,233,,,69,233,,,partial (npxxy unavailable: 5.58: identity check failed at R/208: SER is not Y),hcar2,Active,Class A (Rhodopsin),3.05,Electron microscopy,calibration,0
8J6P,hcar2_human,R,sifts,,15.954018,Q8TDS4,208,294,69,233,,,69,233,,,partial (npxxy unavailable: 5.58: identity check failed at R/208: SER is not Y),hcar2,Active,Class A (Rhodopsin),2.55,Electron microscopy,calibration,0
8J6Q,hcar2_human,R,sifts,,15.958267,Q8TDS4,208,294,69,233,,,69,233,,,partial (npxxy unavailable: 5.58: identity check failed at R/208: SER is not Y),hcar2,Active,Class A (Rhodopsin),2.6,Electron microscopy,calibration,0
8J6R,hcar2_human,R,sifts,,16.36582,Q8TDS4,208,294,69,233,,,69,233,,,partial (npxxy unavailable: 5.58: identity check failed at R/208: SER is not Y),hcar2,Active,Class A (Rhodopsin),2.76,Electron microscopy,calibration,0
8JER,hcar2_human,,,,,Q8TDS4,208,294,69,233,,,,,,,sifts/R: npxxy: 5.58: identity check failed at R/264: GLN is not Y ; tilt: 2x46: identity check failed at R/125: ARG is not L | identity/R: npxxy: 5.58: identity check failed at R/208: SER is not Y,hcar2,Active,Class A (Rhodopsin),3.45,Electron microscopy,calibration,0
8JHN,hcar2_human,,,,,Q8TDS4,208,294,69,233,,,,,,,sifts/D: npxxy: 5.58: identity check failed at D/264: GLN is not Y ; tilt: 2x46: identity check failed at D/125: ARG is not L | identity/D: npxxy: 5.58: identity check failed at D/208: SER is not Y,hcar2,Active,Class A (Rhodopsin),3.75,Electron microscopy,calibration,0
8JHY,hcar2_human,,,,,Q8TDS4,208,294,69,233,,,,,,,sifts/A: npxxy: 5.58: identity check failed at A/242: ILE is not Y ; tilt: 2x46: identity check failed at A/103: MET is not L | identity/A: npxxy: 5.58: identity check failed at A/208: SER is not Y,hcar2,Active,Class A (Rhodopsin),2.87,Electron microscopy,calibration,0
8JII,hcar2_human,,,,,Q8TDS4,208,294,69,233,,,,,,,sifts/A: npxxy: 5.58: identity check failed at A/242: ILE is not Y ; tilt: 2x46: identity check failed at A/103: MET is not L | identity/A: npxxy: 5.58: identity check failed at A/208: SER is not Y,hcar2,Active,Class A (Rhodopsin),3.17,Electron microscopy,calibration,0
8JIL,hcar2_human,,,,,Q8TDS4,208,294,69,233,,,,,,,sifts/A: npxxy: 5.58: identity check failed at A/242: ILE is not Y ; tilt: 2x46: identity check failed at A/103: MET is not L | identity/A: npxxy: 5.58: identity check failed at A/208: SER is not Y,hcar2,Active,Class A (Rhodopsin),3.5,Electron microscopy,calibration,0
8JIM,hcar2_human,,,,,Q8TDS4,208,294,69,233,,,,,,,sifts/E: npxxy: 5.58: identity check failed at E/242: ILE is not Y ; tilt: 2x46: identity check failed at E/103: MET is not L | identity/E: npxxy: 5.58: identity check failed at E/208: SER is not Y,hcar2,Active,Class A (Rhodopsin),2.98,Electron microscopy,calibration,0
8JZ7,hcar2_human,,,,,Q8TDS4,208,294,69,233,,,,,,,sifts/A: npxxy: 5.58: identity check failed at A/242: ILE is not Y ; tilt: 2x46: identity check failed at A/103: MET is not L | identity/A: npxxy: 5.58: identity check failed at A/208: SER is not Y,hcar2,Active,Class A (Rhodopsin),2.6,Electron microscopy,calibration,0
8K5B,hcar2_human,,,,,Q8TDS4,208,294,69,233,,,,,,,sifts/A: npxxy: 5.58: residue A/321 not modelled ; tilt: 2x46: identity check failed at A/182: ILE is not L | identity/A: npxxy: 5.58: identity check failed at A/208: SER is not Y,hcar2,Active,Class A (Rhodopsin),3.43,Electron microscopy,calibration,0
8K5C,hcar2_human,,,,,Q8TDS4,208,294,69,233,,,,,,,sifts/A: npxxy: 5.58: residue A/321 not modelled ; tilt: 2x46: identity check failed at A/182: ILE is not L | identity/A: npxxy: 5.58: identity check failed at A/208: SER is not Y,hcar2,Active,Class A (Rhodopsin),3.13,Electron microscopy,calibration,0
8K5D,hcar2_human,,,,,Q8TDS4,208,294,69,233,,,,,,,sifts/A: npxxy: 5.58: residue A/321 not modelled ; tilt: 2x46: identity check failed at A/182: ILE is not L | identity/A: npxxy: 5.58: identity check failed at A/208: SER is not Y,hcar2,Active,Class A (Rhodopsin),3.74,Electron microscopy,calibration,0
9IQT,hcar2_human,R,sifts,,15.845402,Q8TDS4,208,294,69,233,,,69,233,,,partial (npxxy unavailable: 5.58: identity check failed at R/208: SER is not Y),hcar2,Active,Class A (Rhodopsin),2.9,Electron microscopy,calibration,0
8IHJ,hcar3_human,,,,,P49019,208,294,69,233,,,,,,,sifts/R: npxxy: 5.58: residue R/337 not modelled ; tilt: 2x46: identity check failed at R/198: PHE is not L | identity/R: npxxy: 5.58: identity check failed at R/208: SER is not Y,hcar3,Active,Class A (Rhodopsin),3.07,Electron microscopy,calibration,0
8IHK,hcar3_human,,,,,P49019,208,294,69,233,,,,,,,sifts/R: npxxy: 5.58: residue R/337 not modelled ; tilt: 2x46: identity check failed at R/198: PHE is not L | identity/R: npxxy: 5.58: identity check failed at R/208: SER is not Y,hcar3,Active,Class A (Rhodopsin),3.21,Electron microscopy,calibration,0
8JEF,hcar3_human,A,sifts,,16.55783,P49019,208,294,69,233,,,69,233,,,partial (npxxy unavailable: 5.58: identity check failed at A/208: SER is not Y),hcar3,Active,Class A (Rhodopsin),2.96,Electron microscopy,calibration,0
8JEI,hcar3_human,A,sifts,,16.381756,P49019,208,294,69,233,,,69,233,,,partial (npxxy unavailable: 5.58: identity check failed at A/208: SER is not Y),hcar3,Active,Class A (Rhodopsin),2.73,Electron microscopy,calibration,0
7DFL,hrh1_human,R,sifts,4.050086,17.289711,P35367,210,468,69,417,210,468,69,417,,,ok,hrh1,Active,Class A (Rhodopsin),3.3,Electron microscopy,application,1
8YN2,hrh1_human,R,identity,4.505451,17.385388,P35367,210,468,69,417,210,468,69,417,[identity; SIFTS unusable: sifts/R: npxxy: 5.58: residue R/263 not modelled ; tilt: 2x46: identity check failed at R/122: CYS is not L],,ok,hrh1,Active,Class A (Rhodopsin),2.66,Electron microscopy,application,1
8POK,hrh2_human,A,sifts,5.070471,19.320282,P25021,202,288,60,236,208,294,66,242,,,ok,hrh2,Active,Class A (Rhodopsin),3.4,Electron microscopy,calibration,0
8YN3,hrh2_human,R,identity,4.596945,18.322469,P25021,202,288,60,236,202,288,60,236,[identity; SIFTS unusable: sifts/R: npxxy: 5.58: identity check failed at R/287: LEU is not Y ; tilt: 2x46: identity check failed at R/145: ILE is not L],,ok,hrh2,Active,Class A (Rhodopsin),2.56,Electron microscopy,calibration,0
8YN4,hrh2_human,R,identity,4.294248,18.186117,P25021,202,288,60,236,202,288,60,236,[identity; SIFTS unusable: sifts/R: npxxy: 5.58: identity check failed at R/287: LEU is not Y ; tilt: 2x46: identity check failed at R/145: ILE is not L],,ok,hrh2,Active,Class A (Rhodopsin),2.97,Electron microscopy,calibration,0
8YUT,hrh2_human,R,identity,4.775159,18.749245,P25021,202,288,60,236,202,288,60,236,[identity; SIFTS unusable: sifts/R: npxxy: 5.58: identity check failed at R/235: THR is not Y ; tilt: 2x46: identity check failed at R/93: ILE is not L],,ok,hrh2,Active,Class A (Rhodopsin),2.7,Electron microscopy,calibration,0
8YN5,hrh3_human,,,,,Q9Y5N1,218,412,76,360,,,,,,,sifts/R: npxxy: 5.58: residue R/271 not modelled ; tilt: 2x46: identity check failed at R/129: SER is not L | identity/R: npxxy: 5.58: identity check failed at R/218: ASN is not Y,hrh3,Active,Class A (Rhodopsin),2.7,Electron microscopy,application,1
8YN6,hrh3_human,,,,,Q9Y5N1,218,412,76,360,,,,,,,sifts/R: npxxy: 5.58: residue R/271 not modelled ; tilt: 2x46: identity check failed at R/129: SER is not L | identity/R: npxxy: 5.58: identity check failed at R/218: ASN is not Y,hrh3,Active,Class A (Rhodopsin),2.77,Electron microscopy,application,1
8YN7,hrh3_human,,,,,Q9Y5N1,218,412,76,360,,,,,,,sifts/R: npxxy: 5.58: residue R/271 not modelled ; tilt: 2x46: identity check failed at R/129: SER is not L | identity/R: npxxy: 5.58: identity check failed at R/218: ASN is not Y,hrh3,Active,Class A (Rhodopsin),2.77,Electron microscopy,application,1
8YN8,hrh3_human,,,,,Q9Y5N1,218,412,76,360,,,,,,,sifts/R: npxxy: 5.58: residue R/271 not modelled ; tilt: 2x46: identity check failed at R/129: SER is not L | identity/R: npxxy: 5.58: identity check failed at R/218: ASN is not Y,hrh3,Active,Class A (Rhodopsin),2.77,Electron microscopy,application,1
8YUU,hrh3_human,,,,,Q9Y5N1,218,412,76,360,,,,,,,sifts/R: npxxy: 5.58: identity check failed at R/234: ASP is not Y ; tilt: 2x46: identity check failed at R/92: VAL is not L | identity/R: npxxy: 5.58: identity check failed at R/218: ASN is not Y,hrh3,Active,Class A (Rhodopsin),2.7,Electron microscopy,application,1
8YUV,hrh3_human,,,,,Q9Y5N1,218,412,76,360,,,,,,,sifts/R: npxxy: 5.58: identity check failed at R/234: ASP is not Y ; tilt: 2x46: identity check failed at R/92: VAL is not L | identity/R: npxxy: 5.58: identity check failed at R/218: ASN is not Y,hrh3,Active,Class A (Rhodopsin),3.0,Electron microscopy,application,1
7YFC,hrh4_human,R,sifts,,18.69983,Q9H3N8,194,358,57,305,,,57,305,,,partial (npxxy unavailable: 5.58: identity check failed at R/194: ASN is not Y),hrh4,Active,Class A (Rhodopsin),3.0,Electron microscopy,calibration,0
7YFD,hrh4_human,R,sifts,,18.319204,Q9H3N8,194,358,57,305,,,57,305,,,partial (npxxy unavailable: 5.58: identity check failed at R/194: ASN is not Y),hrh4,Active,Class A (Rhodopsin),3.1,Electron microscopy,calibration,0
8HN8,hrh4_human,,,,,Q9H3N8,194,358,57,305,,,,,,,sifts/R: npxxy: 5.58: identity check failed at R/353: VAL is not Y ; tilt: 2x46: residue R/216 not modelled | identity/R: npxxy: 5.58: identity check failed at R/194: ASN is not Y,hrh4,Active,Class A (Rhodopsin),3.0,Electron microscopy,calibration,0
8HOC,hrh4_human,,,,,Q9H3N8,194,358,57,305,,,,,,,sifts/R: npxxy: 5.58: identity check failed at R/353: VAL is not Y ; tilt: 2x46: residue R/216 not modelled | identity/R: npxxy: 5.58: identity check failed at R/194: ASN is not Y,hrh4,Active,Class A (Rhodopsin),3.0,Electron microscopy,calibration,0
8JXT,hrh4_human,R,sifts,,19.41564,Q9H3N8,194,358,57,305,,,57,305,,,partial (npxxy unavailable: 5.58: identity check failed at R/194: ASN is not Y),hrh4,Active,Class A (Rhodopsin),3.07,Electron microscopy,calibration,0
8JXV,hrh4_human,R,sifts,,19.362385,Q9H3N8,194,358,57,305,,,57,305,,,partial (npxxy unavailable: 5.58: identity check failed at R/194: ASN is not Y),hrh4,Active,Class A (Rhodopsin),3.21,Electron microscopy,calibration,0
8JXW,hrh4_human,R,sifts,,19.227212,Q9H3N8,194,358,57,305,,,57,305,,,partial (npxxy unavailable: 5.58: identity check failed at R/194: ASN is not Y),hrh4,Active,Class A (Rhodopsin),3.01,Electron microscopy,calibration,0
8JXX,hrh4_human,R,sifts,,19.26309,Q9H3N8,194,358,57,305,,,57,305,,,partial (npxxy unavailable: 5.58: identity check failed at R/194: ASN is not Y),hrh4,Active,Class A (Rhodopsin),3.06,Electron microscopy,calibration,0
8YN9,hrh4_human,,,,,Q9H3N8,194,358,57,305,,,,,,,sifts/R: npxxy: 5.58: residue R/279 not modelled ; tilt: 6x37: residue R/390 not modelled | identity/R: npxxy: 5.58: identity check failed at R/194: ASN is not Y,hrh4,Active,Class A (Rhodopsin),2.3,Electron microscopy,calibration,0
8YNA,hrh4_human,,,,,Q9H3N8,194,358,57,305,,,,,,,sifts/R: npxxy: 5.58: residue R/279 not modelled ; tilt: 6x37: residue R/390 not modelled | identity/R: npxxy: 5.58: identity check failed at R/194: ASN is not Y,hrh4,Active,Class A (Rhodopsin),2.63,Electron microscopy,calibration,0
8XGO,kissr_human,A,sifts,3.91896,16.35865,Q969F8,224,323,84,265,224,323,84,265,,,ok,kissr,Active,Class A (Rhodopsin),2.68,Electron microscopy,calibration,0
8XGS,kissr_human,A,sifts,4.260987,16.933922,Q969F8,224,323,84,265,224,323,84,265,,,ok,kissr,Active,Class A (Rhodopsin),2.95,Electron microscopy,calibration,0
8XGU,kissr_human,A,sifts,3.902103,17.779927,Q969F8,224,323,84,265,224,323,84,265,,,ok,kissr,Active,Class A (Rhodopsin),3.0,Electron microscopy,calibration,0
8ZJD,kissr_human,R,identity,4.675503,16.009607,Q969F8,224,323,84,265,224,323,84,265,[identity; SIFTS unusable: sifts/R: npxxy: 5.58: identity check failed at R/223: CYS is not Y ; tilt: 2x46: identity check failed at R/83: ASN is not L],,ok,kissr,Active,Class A (Rhodopsin),3.06,Electron microscopy,calibration,0
8ZJE,kissr_human,R,sifts,4.338592,15.991265,Q969F8,224,323,84,265,224,323,84,265,,,ok,kissr,Active,Class A (Rhodopsin),3.07,Electron microscopy,calibration,0
7TD0,lpar1_human,R,identity,4.215411,17.765247,Q92633,225,311,91,260,225,311,91,260,[identity; SIFTS unusable: sifts/R: npxxy: 5.58: identity check failed at R/235: ARG is not Y ; tilt: 2x46: identity check failed at R/101: ALA is not L],,ok,lpar1,Active,Class A (Rhodopsin),2.83,Electron microscopy,application,1
7TD1,lpar1_human,R,identity,4.419801,17.832951,Q92633,225,311,91,260,225,311,91,260,[identity; SIFTS unusable: sifts/R: npxxy: 5.58: identity check failed at R/235: ARG is not Y ; tilt: 2x46: identity check failed at R/101: ALA is not L],,ok,lpar1,Active,Class A (Rhodopsin),3.08,Electron microscopy,application,1
7TD2,lpar1_human,R,identity,4.496035,17.88893,Q92633,225,311,91,260,225,311,91,260,[identity; SIFTS unusable: sifts/R: npxxy: 5.58: identity check failed at R/235: ARG is not Y ; tilt: 2x46: identity check failed at R/101: ALA is not L],,ok,lpar1,Active,Class A (Rhodopsin),3.11,Electron microscopy,application,1
7YU3,lpar1_human,R,identity,4.410113,17.570001,Q92633,225,311,91,260,225,311,91,260,[identity; SIFTS unusable: sifts/R: npxxy: 5.58: identity check failed at R/234: GLN is not Y ; tilt: 6x37: identity check failed at R/269: ILE is not V],,ok,lpar1,Active,Class A (Rhodopsin),3.4,Electron microscopy,application,1
7YU4,lpar1_human,A,identity,4.217916,17.453979,Q92633,225,311,91,260,225,311,91,260,[identity; SIFTS unusable: sifts/A: npxxy: 5.58: residue A/234 not modelled ; tilt: 6x37: identity check failed at A/269: ILE is not V],,ok,lpar1,Active,Class A (Rhodopsin),3.3,Electron microscopy,application,1
7YU5,lpar1_human,R,identity,4.347948,17.627995,Q92633,225,311,91,260,225,311,91,260,[identity; SIFTS unusable: sifts/R: npxxy: 5.58: identity check failed at R/234: GLN is not Y ; tilt: 6x37: identity check failed at R/269: ILE is not V],,ok,lpar1,Active,Class A (Rhodopsin),3.3,Electron microscopy,application,1
7YU6,lpar1_human,R,identity,4.215979,17.504127,Q92633,225,311,91,260,225,311,91,260,[identity; SIFTS unusable: sifts/R: npxxy: 5.58: identity check failed at R/234: GLN is not Y ; tilt: 6x37: identity check failed at R/269: ILE is not V],,ok,lpar1,Active,Class A (Rhodopsin),3.5,Electron microscopy,application,1
7YU7,lpar1_human,R,identity,4.186728,17.510442,Q92633,225,311,91,260,225,311,91,260,[identity; SIFTS unusable: sifts/R: npxxy: 5.58: identity check failed at R/234: GLN is not Y ; tilt: 6x37: identity check failed at R/269: ILE is not V],,ok,lpar1,Active,Class A (Rhodopsin),3.8,Electron microscopy,application,1
7YU8,lpar1_human,R,identity,4.194702,17.481256,Q92633,225,311,91,260,225,311,91,260,[identity; SIFTS unusable: sifts/R: npxxy: 5.58: identity check failed at R/234: GLN is not Y ; tilt: 6x37: identity check failed at R/269: ILE is not V],,ok,lpar1,Active,Class A (Rhodopsin),4.5,Electron microscopy,application,1
9IZF,lpar1_human,R,identity,3.575097,17.619587,Q92633,225,311,91,260,225,311,91,260,[identity; SIFTS unusable: sifts/R: npxxy: 5.58: residue R/354 not modelled ; tilt: 2x46: identity check failed at R/220: VAL is not L],,ok,lpar1,Active,Class A (Rhodopsin),3.14,Electron microscopy,application,1
9IZG,lpar1_human,R,identity,4.390197,18.022164,Q92633,225,311,91,260,225,311,91,260,[identity; SIFTS unusable: sifts/R: npxxy: 5.58: residue R/354 not modelled ; tilt: 2x46: identity check failed at R/220: VAL is not L],,ok,lpar1,Active,Class A (Rhodopsin),3.04,Electron microscopy,application,1
9IZH,lpar1_human,R,identity,5.034352,18.03233,Q92633,225,311,91,260,225,311,91,260,[identity; SIFTS unusable: sifts/R: npxxy: 5.58: residue R/354 not modelled ; tilt: 2x46: identity check failed at R/220: VAL is not L],,ok,lpar1,Active,Class A (Rhodopsin),3.04,Electron microscopy,application,1
9J5V,lpar1_human,R,identity,3.33788,17.500789,Q92633,225,311,91,260,225,311,91,260,[identity; SIFTS unusable: sifts/R: npxxy: 5.58: identity check failed at R/235: ARG is not Y ; tilt: 2x46: identity check failed at R/101: ALA is not L],,ok,lpar1,Active,Class A (Rhodopsin),2.86,Electron microscopy,application,1
7FIG,lshr_human,R,identity,3.950977,17.962794,P22888,546,623,401,571,546,623,401,571,[identity; SIFTS unusable: sifts/R: npxxy: 5.58: identity check failed at R/536: VAL is not Y ; tilt: 6x37: identity check failed at R/561: THR is not M],,ok,lshr,Active,Class A (Rhodopsin),3.9,Electron microscopy,application,1
7FIH,lshr_human,R,identity,2.839107,18.452017,P22888,546,623,401,571,546,623,401,571,[identity; SIFTS unusable: sifts/R: npxxy: 5.58: identity check failed at R/536: VAL is not Y ; tilt: 6x37: identity check failed at R/561: THR is not M],,ok,lshr,Active,Class A (Rhodopsin),3.2,Electron microscopy,application,1
7FII,lshr_human,R,identity,4.906372,19.305026,P22888,546,623,401,571,546,623,401,571,[identity; SIFTS unusable: sifts/R: npxxy: 5.58: identity check failed at R/536: VAL is not Y ; tilt: 6x37: identity check failed at R/561: THR is not M],,ok,lshr,Active,Class A (Rhodopsin),4.3,Electron microscopy,application,1
7VKT,lt4r1_human,A,sifts,4.404723,17.916782,Q15722,201,285,60,223,201,285,60,223,,,ok,lt4r1,Active,Class A (Rhodopsin),2.9,Electron microscopy,application,1
8IOC,mc3r_human,R,identity,3.788997,18.862309,P41968,207,299,80,244,207,299,80,244,[identity; SIFTS unusable: sifts/R: npxxy: 5.58: identity check failed at R/222: ALA is not Y ; tilt: 2x46: identity check failed at R/95: THR is not L],,ok,mc3r,Active,Class A (Rhodopsin),2.86,Electron microscopy,calibration,0
7AUE,mc4r_human,R,sifts,4.105038,19.380892,P32245,212,302,86,247,212,302,86,247,,,ok,mc4r,Active,Class A (Rhodopsin),2.97,Electron microscopy,calibration,0
7F53,mc4r_human,R,identity,3.874969,18.943968,P32245,212,302,86,247,212,302,86,247,[identity; SIFTS unusable: sifts/R: npxxy: 5.58: identity check failed at R/214: HIS is not Y ; tilt: 2x46: identity check failed at R/88: VAL is not L],,ok,mc4r,Active,Class A (Rhodopsin),3.0,Electron microscopy,calibration,0
7F54,mc4r_human,R,identity,3.776118,18.954322,P32245,212,302,86,247,212,302,86,247,[identity; SIFTS unusable: sifts/R: npxxy: 5.58: identity check failed at R/214: HIS is not Y ; tilt: 2x46: identity check failed at R/88: VAL is not L],,ok,mc4r,Active,Class A (Rhodopsin),3.0,Electron microscopy,calibration,0
7F55,mc4r_human,R,identity,3.776118,18.954322,P32245,212,302,86,247,212,302,86,247,[identity; SIFTS unusable: sifts/R: npxxy: 5.58: identity check failed at R/214: HIS is not Y ; tilt: 2x46: identity check failed at R/88: VAL is not L],,ok,mc4r,Active,Class A (Rhodopsin),3.1,Electron microscopy,calibration,0
7F58,mc4r_human,R,identity,3.516001,18.742231,P32245,212,302,86,247,212,302,86,247,[identity; SIFTS unusable: sifts/R: npxxy: 5.58: identity check failed at R/214: HIS is not Y ; tilt: 2x46: identity check failed at R/88: VAL is not L],,ok,mc4r,Active,Class A (Rhodopsin),3.1,Electron microscopy,calibration,0
7PIU,mc4r_human,R,identity,3.819657,18.552686,P32245,212,302,86,247,212,302,86,247,[identity; SIFTS unusable: sifts/R: npxxy: 5.58: identity check failed at R/220: ARG is not Y ; tilt: 2x46: identity check failed at R/94: SER is not L],,ok,mc4r,Active,Class A (Rhodopsin),2.58,Electron microscopy,calibration,0
7PIV,mc4r_human,R,identity,3.766521,18.71096,P32245,212,302,86,247,212,302,86,247,[identity; SIFTS unusable: sifts/R: npxxy: 5.58: identity check failed at R/220: ARG is not Y ; tilt: 2x46: identity check failed at R/94: SER is not L],,ok,mc4r,Active,Class A (Rhodopsin),2.86,Electron microscopy,calibration,0
8QJ2,mc4r_human,A,identity,4.169557,19.018563,P32245,212,302,86,247,212,302,86,247,[identity; SIFTS unusable: sifts/A: npxxy: 5.58: residue A/337 not modelled ; tilt: 6x37: residue A/372 not modelled],,ok,mc4r,Active,Class A (Rhodopsin),3.4,Electron microscopy,calibration,0
8INR,mc5r_human,R,identity,3.910106,18.727717,P33032,205,295,78,240,205,295,78,240,[identity; SIFTS unusable: sifts/R: npxxy: 5.58: identity check failed at R/220: ALA is not Y ; tilt: 2x46: identity check failed at R/93: THR is not L],,ok,mc5r,Active,Class A (Rhodopsin),2.73,Electron microscopy,calibration,0
8IOD,mc5r_human,R,identity,3.465626,18.712787,P33032,205,295,78,240,205,295,78,240,[identity; SIFTS unusable: sifts/R: npxxy: 5.58: identity check failed at R/220: ALA is not Y ; tilt: 2x46: identity check failed at R/93: THR is not L],,ok,mc5r,Active,Class A (Rhodopsin),2.59,Electron microscopy,calibration,0
8WSS,mchr1_human,R,identity,11.007585,17.283165,Q99705,297,380,154,327,297,380,154,327,[identity; SIFTS unusable: sifts/R: npxxy: 5.58: identity check failed at R/301: LEU is not Y ; tilt: 2x46: identity check failed at R/158: ASP is not L],,ok,mchr1,Active,Class A (Rhodopsin),3.01,Electron microscopy,application,1
8WWH,mchr1_human,R,identity,10.62285,16.76448,Q99705,297,380,154,327,297,380,154,327,[identity; SIFTS unusable: sifts/R: npxxy: 5.58: residue R/419 not modelled ; tilt: 2x46: identity check failed at R/276: TRP is not L],,ok,mchr1,Active,Class A (Rhodopsin),2.84,Electron microscopy,application,1
8WWI,mchr1_human,R,identity,10.186352,17.32923,Q99705,297,380,154,327,297,380,154,327,[identity; SIFTS unusable: sifts/R: npxxy: 5.58: residue R/419 not modelled ; tilt: 2x46: identity check failed at R/276: TRP is not L],,ok,mchr1,Active,Class A (Rhodopsin),3.43,Electron microscopy,application,1
8WWJ,mchr1_human,R,identity,10.870806,16.737489,Q99705,297,380,154,327,297,380,154,327,[identity; SIFTS unusable: sifts/R: npxxy: 5.58: residue R/419 not modelled ; tilt: 2x46: identity check failed at R/276: TRP is not L],,ok,mchr1,Active,Class A (Rhodopsin),3.03,Electron microscopy,application,1
8WWK,mchr1_human,R,identity,11.635728,16.875158,Q99705,297,380,154,327,297,380,154,327,[identity; SIFTS unusable: sifts/R: npxxy: 5.58: residue R/419 not modelled ; tilt: 2x46: identity check failed at R/276: TRP is not L],,ok,mchr1,Active,Class A (Rhodopsin),2.61,Electron microscopy,application,1
8WWL,mchr1_human,R,identity,10.713423,17.171065,Q99705,297,380,154,327,297,380,154,327,[identity; SIFTS unusable: sifts/R: npxxy: 5.58: residue R/419 not modelled ; tilt: 2x46: identity check failed at R/276: TRP is not L],,ok,mchr1,Active,Class A (Rhodopsin),2.78,Electron microscopy,application,1
8WWM,mchr1_human,R,identity,11.024742,16.694949,Q99705,297,380,154,327,297,380,154,327,[identity; SIFTS unusable: sifts/R: npxxy: 5.58: residue R/419 not modelled ; tilt: 2x46: identity check failed at R/276: TRP is not L],,ok,mchr1,Active,Class A (Rhodopsin),2.81,Electron microscopy,application,1
8WWN,mchr1_human,R,identity,11.458937,16.927796,Q99705,297,380,154,327,297,380,154,327,[identity; SIFTS unusable: sifts/R: npxxy: 5.58: residue R/419 not modelled ; tilt: 2x46: identity check failed at R/276: TRP is not L],,ok,mchr1,Active,Class A (Rhodopsin),2.65,Electron microscopy,application,1
8WST,mchr2_human,R,sifts,19.512635,14.27792,Q969V1,217,306,75,253,217,306,75,253,,,ok,mchr2,Active,Class A (Rhodopsin),2.4,Electron microscopy,calibration,0
7Y12,mrgrd_human,,,,,Q8TDS7,200,276,68,223,,,,,,,sifts/R: npxxy: 5.58: residue R/325 not modelled ; tilt: 2x46: identity check failed at R/193: VAL is not L | identity/R: npxxy: 5.58: identity check failed at R/200: THR is not Y,mrgrd,Active,Class A (Rhodopsin),3.1,Electron microscopy,calibration,0
7Y15,mrgrd_human,,,,,Q8TDS7,200,276,68,223,,,,,,,sifts/R: npxxy: 5.58: residue R/325 not modelled ; tilt: 2x46: identity check failed at R/193: VAL is not L | identity/R: npxxy: 5.58: identity check failed at R/200: THR is not Y,mrgrd,Active,Class A (Rhodopsin),2.9,Electron microscopy,calibration,0
9DQH,mrgrd_human,,,,,Q8TDS7,200,276,68,223,,,,,,,sifts/A: npxxy: 5.58: identity check failed at A/201: LEU is not Y ; tilt: 2x46: identity check failed at A/69: ALA is not L | identity/A: npxxy: 5.58: identity check failed at A/200: THR is not Y,mrgrd,Active,Class A (Rhodopsin),2.92,Electron microscopy,calibration,0
9DQJ,mrgrd_human,,,,,Q8TDS7,200,276,68,223,,,,,,,sifts/A: npxxy: 5.58: identity check failed at A/201: LEU is not Y ; tilt: 2x46: identity check failed at A/69: ALA is not L | identity/A: npxxy: 5.58: identity check failed at A/200: THR is not Y,mrgrd,Active,Class A (Rhodopsin),2.9,Electron microscopy,calibration,0
8DWC,mrgx1_human,,,,,Q96LB2,195,272,68,218,,,,,,,sifts/R: npxxy: 5.58: identity check failed at R/196: LEU is not Y ; tilt: 2x46: identity check failed at R/69: ALA is not L | identity/R: npxxy: 5.58: identity check failed at R/195: SER is not Y,mrgx1,Active,Class A (Rhodopsin),2.87,Electron microscopy,calibration,0
8DWG,mrgx1_human,,,,,Q96LB2,195,272,68,218,,,,,,,sifts/R: npxxy: 5.58: identity check failed at R/196: LEU is not Y ; tilt: 2x46: identity check failed at R/69: ALA is not L | identity/R: npxxy: 5.58: identity check failed at R/195: SER is not Y,mrgx1,Active,Class A (Rhodopsin),2.71,Electron microscopy,calibration,0
8DWH,mrgx1_human,,,,,Q96LB2,195,272,68,218,,,,,,,sifts/R: npxxy: 5.58: identity check failed at R/196: LEU is not Y ; tilt: 2x46: identity check failed at R/69: ALA is not L | identity/R: npxxy: 5.58: identity check failed at R/195: SER is not Y,mrgx1,Active,Class A (Rhodopsin),3.25,Electron microscopy,calibration,0
8HJ5,mrgx1_human,,,,,Q96LB2,195,272,68,218,,,,,,,sifts/F: npxxy: 5.58: residue F/335 not modelled ; tilt: 2x46: identity check failed at F/208: LYS is not L | identity/F: npxxy: 5.58: identity check failed at F/195: SER is not Y,mrgx1,Active,Class A (Rhodopsin),3.0,Electron microscopy,calibration,0
8JGB,mrgx1_human,R,sifts,,18.205629,Q96LB2,195,272,68,218,,,68,218,,,partial (npxxy unavailable: 5.58: identity check failed at R/195: SER is not Y),mrgx1,Active,Class A (Rhodopsin),2.84,Electron microscopy,calibration,0
8JGF,mrgx1_human,R,sifts,,17.109591,Q96LB2,195,272,68,218,,,68,218,,,partial (npxxy unavailable: 5.58: identity check failed at R/195: SER is not Y),mrgx1,Active,Class A (Rhodopsin),2.7,Electron microscopy,calibration,0
8JGG,mrgx1_human,R,sifts,,18.050491,Q96LB2,195,272,68,218,,,68,218,,,partial (npxxy unavailable: 5.58: identity check failed at R/195: SER is not Y),mrgx1,Active,Class A (Rhodopsin),3.0,Electron microscopy,calibration,0
7S8L,mrgx2_human,,,,,Q96LB1,202,279,71,225,,,,,,,sifts/R: npxxy: 5.58: identity check failed at R/203: LEU is not Y ; tilt: 2x46: identity check failed at R/72: ALA is not L | identity/R: npxxy: 5.58: identity check failed at R/202: SER is not Y,mrgx2,Active,Class A (Rhodopsin),2.45,Electron microscopy,calibration,0
7S8M,mrgx2_human,,,,,Q96LB1,202,279,71,225,,,,,,,sifts/R: npxxy: 5.58: residue R/352 not modelled ; tilt: 6x37: residue R/375 not modelled | identity/R: npxxy: 5.58: identity check failed at R/202: SER is not Y,mrgx2,Active,Class A (Rhodopsin),2.54,Electron microscopy,calibration,0
7S8N,mrgx2_human,,,,,Q96LB1,202,279,71,225,,,,,,,sifts/R: npxxy: 5.58: identity check failed at R/203: LEU is not Y ; tilt: 2x46: identity check failed at R/72: ALA is not L | identity/R: npxxy: 5.58: identity check failed at R/202: SER is not Y,mrgx2,Active,Class A (Rhodopsin),2.9,Electron microscopy,calibration,0
7S8O,mrgx2_human,,,,,Q96LB1,202,279,71,225,,,,,,,sifts/R: npxxy: 5.58: residue R/352 not modelled ; tilt: 6x37: residue R/375 not modelled | identity/R: npxxy: 5.58: identity check failed at R/202: SER is not Y,mrgx2,Active,Class A (Rhodopsin),2.58,Electron microscopy,calibration,0
7VDH,mrgx2_human,R,sifts,,17.187143,Q96LB1,202,279,71,225,,,71,225,,,partial (npxxy unavailable: 5.58: identity check failed at R/202: SER is not Y),mrgx2,Active,Class A (Rhodopsin),2.9,Electron microscopy,calibration,0
7VDL,mrgx2_human,R,sifts,,17.172742,Q96LB1,202,279,71,225,,,71,225,,,partial (npxxy unavailable: 5.58: identity check failed at R/202: SER is not Y),mrgx2,Active,Class A (Rhodopsin),3.22,Electron microscopy,calibration,0
7VDM,mrgx2_human,R,sifts,,17.818509,Q96LB1,202,279,71,225,,,71,225,,,partial (npxxy unavailable: 5.58: identity check failed at R/202: SER is not Y),mrgx2,Active,Class A (Rhodopsin),2.98,Electron microscopy,calibration,0
7VUY,mrgx2_human,R,sifts,,17.572627,Q96LB1,202,279,71,225,,,71,225,,,partial (npxxy unavailable: 5.58: identity check failed at R/202: SER is not Y),mrgx2,Active,Class A (Rhodopsin),2.84,Electron microscopy,calibration,0
7VUZ,mrgx2_human,R,sifts,,17.360908,Q96LB1,202,279,71,225,,,71,225,,,partial (npxxy unavailable: 5.58: identity check failed at R/202: SER is not Y),mrgx2,Active,Class A (Rhodopsin),2.89,Electron microscopy,calibration,0
7VV0,mrgx2_human,R,sifts,,17.455711,Q96LB1,202,279,71,225,,,71,225,,,partial (npxxy unavailable: 5.58: identity check failed at R/202: SER is not Y),mrgx2,Active,Class A (Rhodopsin),3.5,Electron microscopy,calibration,0
7VV3,mrgx2_human,R,sifts,,17.341672,Q96LB1,202,279,71,225,,,71,225,,,partial (npxxy unavailable: 5.58: identity check failed at R/202: SER is not Y),mrgx2,Active,Class A (Rhodopsin),2.97,Electron microscopy,calibration,0
7VV4,mrgx2_human,R,sifts,,17.341672,Q96LB1,202,279,71,225,,,71,225,,,partial (npxxy unavailable: 5.58: identity check failed at R/202: SER is not Y),mrgx2,Active,Class A (Rhodopsin),2.97,Electron microscopy,calibration,0
7VV5,mrgx2_human,R,sifts,,17.279401,Q96LB1,202,279,71,225,,,71,225,,,partial (npxxy unavailable: 5.58: identity check failed at R/202: SER is not Y),mrgx2,Active,Class A (Rhodopsin),2.76,Electron microscopy,calibration,0
7VV6,mrgx2_human,R,sifts,,17.279401,Q96LB1,202,279,71,225,,,71,225,,,partial (npxxy unavailable: 5.58: identity check failed at R/202: SER is not Y),mrgx2,Active,Class A (Rhodopsin),3.3,Electron microscopy,calibration,0
7S8P,mrgx4_human,,,,,Q96LA9,195,272,68,218,,,,,,,sifts/R: npxxy: 5.58: residue R/345 not modelled ; tilt: 2x46: identity check failed at R/218: ILE is not L | identity/R: npxxy: 5.58: identity check failed at R/195: SER is not Y,mrgx4,Active,Class A (Rhodopsin),2.6,Electron microscopy,calibration,0
8K4S,mrgx4_human,,,,,Q96LA9,195,272,68,218,,,,,,,sifts/E: npxxy: 5.58: residue E/311 not modelled ; tilt: 6x37: residue E/334 not modelled | identity/E: npxxy: 5.58: identity check failed at E/195: SER is not Y,mrgx4,Active,Class A (Rhodopsin),2.9,Electron microscopy,calibration,0
8KEX,mrgx4_human,,,,,Q96LA9,195,272,68,218,,,,,,,sifts/E: npxxy: 5.58: residue E/311 not modelled ; tilt: 6x37: residue E/334 not modelled | identity/E: npxxy: 5.58: identity check failed at E/195: SER is not Y,mrgx4,Active,Class A (Rhodopsin),3.2,Electron microscopy,calibration,0
8YRG,mrgx4_human,,,,,Q96LA9,195,272,68,218,,,,,,,sifts/R: npxxy: 5.58: residue R/345 not modelled ; tilt: 2x46: identity check failed at R/218: ILE is not L | identity/R: npxxy: 5.58: identity check failed at R/195: SER is not Y,mrgx4,Active,Class A (Rhodopsin),3.14,Electron microscopy,calibration,0
7F4D,mshr_human,R,identity,4.194332,18.182715,Q01726,207,298,80,243,207,298,80,243,[identity; SIFTS unusable: sifts/R: npxxy: 5.58: residue R/338 not modelled ; tilt: 6x37: residue R/374 not modelled],,ok,mshr,Active,Class A (Rhodopsin),3.0,Electron microscopy,calibration,0
7F4F,mshr_human,R,identity,4.203193,18.167578,Q01726,207,298,80,243,207,298,80,243,[identity; SIFTS unusable: sifts/R: npxxy: 5.58: residue R/338 not modelled ; tilt: 6x37: residue R/374 not modelled],,ok,mshr,Active,Class A (Rhodopsin),2.9,Electron microscopy,calibration,0
7F4H,mshr_human,R,identity,3.991207,18.335898,Q01726,207,298,80,243,207,298,80,243,[identity; SIFTS unusable: sifts/R: npxxy: 5.58: residue R/338 not modelled ; tilt: 6x37: residue R/374 not modelled],,ok,mshr,Active,Class A (Rhodopsin),2.7,Electron microscopy,calibration,0
7F4I,mshr_human,R,identity,4.225153,18.430513,Q01726,207,298,80,243,207,298,80,243,[identity; SIFTS unusable: sifts/R: npxxy: 5.58: residue R/338 not modelled ; tilt: 6x37: residue R/374 not modelled],,ok,mshr,Active,Class A (Rhodopsin),3.1,Electron microscopy,calibration,0
8IBU,mtlr_human,R,identity,4.45448,17.774728,O43193,267,355,80,300,267,355,80,300,[identity; SIFTS unusable: sifts/R: npxxy: 5.58: residue R/423 not modelled ; tilt: 2x46: identity check failed at R/236: ARG is not M],,ok,mtlr,Active,Class A (Rhodopsin),3.51,Electron microscopy,calibration,0
8IBV,mtlr_human,R,identity,3.996337,17.431218,O43193,267,355,80,300,267,355,80,300,[identity; SIFTS unusable: sifts/R: npxxy: 5.58: residue R/423 not modelled ; tilt: 2x46: identity check failed at R/236: ARG is not M],,ok,mtlr,Active,Class A (Rhodopsin),3.19,Electron microscopy,calibration,0
7DB6,mtr1a_human,D,identity,4.469707,19.051907,P48039,207,295,69,240,207,295,69,240,[identity; SIFTS unusable: sifts/D: npxxy: 5.58: identity check failed at D/233: ASP is not Y ; tilt: 6x37: identity check failed at D/266: ALA is not M],,ok,mtr1a,Active,Class A (Rhodopsin),3.3,Electron microscopy,calibration,0
7VGY,mtr1a_human,A,sifts,3.772139,18.387249,P48039,207,295,69,240,207,295,69,240,,,ok,mtr1a,Active,Class A (Rhodopsin),3.1,Electron microscopy,calibration,0
7VGZ,mtr1a_human,B,sifts,4.032349,18.022919,P48039,207,295,69,240,207,295,69,240,,,ok,mtr1a,Active,Class A (Rhodopsin),3.3,Electron microscopy,calibration,0
7VH0,mtr1b_human,A,sifts,4.248203,19.038603,P49286,220,308,82,253,220,308,82,253,,,ok,mtr1b,Active,Class A (Rhodopsin),3.46,Electron microscopy,calibration,0
7P00,nk1r_human,R,identity,7.376957,15.832865,P25103,216,305,74,250,216,305,74,250,[identity; SIFTS unusable: sifts/R: npxxy: 5.58: identity check failed at R/263: PRO is not Y ; tilt: 2x46: identity check failed at R/121: TYR is not L],,ok,nk1r,Active,Class A (Rhodopsin),2.71,Electron microscopy,calibration,0
7P02,nk1r_human,R,identity,7.805039,15.390326,P25103,216,305,74,250,216,305,74,250,[identity; SIFTS unusable: sifts/R: npxxy: 5.58: identity check failed at R/263: PRO is not Y ; tilt: 2x46: identity check failed at R/121: TYR is not L],,ok,nk1r,Active,Class A (Rhodopsin),2.87,Electron microscopy,calibration,0
7RMG,nk1r_human,R,identity,7.46298,16.543141,P25103,216,305,74,250,216,305,74,250,[identity; SIFTS unusable: sifts/R: npxxy: 5.58: residue R/227 not modelled ; tilt: 2x46: identity check failed at R/85: ASN is not L],,ok,nk1r,Active,Class A (Rhodopsin),3.0,Electron microscopy,calibration,0
7RMH,nk1r_human,R,identity,7.630135,16.690725,P25103,216,305,74,250,216,305,74,250,[identity; SIFTS unusable: sifts/R: npxxy: 5.58: residue R/227 not modelled ; tilt: 2x46: identity check failed at R/85: ASN is not L],,ok,nk1r,Active,Class A (Rhodopsin),3.1,Electron microscopy,calibration,0
7RMI,nk1r_human,R,identity,7.509467,16.37865,P25103,216,305,74,250,216,305,74,250,[identity; SIFTS unusable: sifts/R: npxxy: 5.58: residue R/227 not modelled ; tilt: 2x46: identity check failed at R/85: ASN is not L],,ok,nk1r,Active,Class A (Rhodopsin),3.2,Electron microscopy,calibration,0
8U26,nk1r_human,R,identity,8.259912,16.793517,P25103,216,305,74,250,216,305,74,250,[identity; SIFTS unusable: sifts/R: npxxy: 5.58: residue R/227 not modelled ; tilt: 2x46: identity check failed at R/85: ASN is not L],,ok,nk1r,Active,Class A (Rhodopsin),2.5,Electron microscopy,calibration,0
7XWO,nk2r_human,B,identity,6.345013,16.16211,P21452,217,307,75,252,217,307,75,252,[identity; SIFTS unusable: sifts/B: npxxy: 5.58: residue B/371 not modelled ; tilt: 2x46: residue B/229 not modelled],,ok,nk2r,Active,Class A (Rhodopsin),2.7,Electron microscopy,calibration,0
8JBF,nk3r_human,B,sifts,7.224083,16.641134,P29371,267,356,127,301,267,356,127,301,,,ok,nk3r,Active,Class A (Rhodopsin),3.0,Electron microscopy,calibration,0
8JBG,nk3r_human,B,identity,7.018617,16.51566,P29371,267,356,127,301,267,356,127,301,[identity; SIFTS unusable: sifts/B: npxxy: 5.58: residue B/389 not modelled ; tilt: 2x46: identity check failed at B/249: ILE is not L],,ok,nk3r,Active,Class A (Rhodopsin),2.8,Electron microscopy,calibration,0
8JBH,nk3r_human,B,identity,7.495626,15.982856,P29371,267,356,127,301,267,356,127,301,[identity; SIFTS unusable: sifts/B: npxxy: 5.58: residue B/389 not modelled ; tilt: 2x46: identity check failed at B/249: ILE is not L],,ok,nk3r,Active,Class A (Rhodopsin),2.9,Electron microscopy,calibration,0
8H0P,nmbr_human,R,sifts,,17.5327,P28336,232,324,85,268,,,85,268,,,partial (npxxy unavailable: 7.53: identity check failed at R/324: LEU is not Y),nmbr,Active,Class A (Rhodopsin),3.15,Electron microscopy,calibration,0
7W53,nmur1_human,R,identity,4.973972,16.215111,Q9HB89,251,356,102,299,251,356,102,299,[identity; SIFTS unusable: sifts/R: npxxy: 5.58: residue R/407 not modelled ; tilt: 6x37: residue R/455 not modelled],,ok,nmur1,Active,Class A (Rhodopsin),3.2,Electron microscopy,calibration,0
7W56,nmur1_human,R,identity,4.923169,16.245439,Q9HB89,251,356,102,299,251,356,102,299,[identity; SIFTS unusable: sifts/R: npxxy: 5.58: residue R/407 not modelled ; tilt: 6x37: residue R/455 not modelled],,ok,nmur1,Active,Class A (Rhodopsin),2.9,Electron microscopy,calibration,0
7W55,nmur2_human,R,identity,4.223036,17.097721,Q9GZQ4,236,327,87,270,236,327,87,270,[identity; SIFTS unusable: sifts/R: npxxy: 5.58: residue R/392 not modelled ; tilt: 6x37: residue R/426 not modelled],,ok,nmur2,Active,Class A (Rhodopsin),2.8,Electron microscopy,calibration,0
7W57,nmur2_human,R,identity,4.468026,17.155716,Q9GZQ4,236,327,87,270,236,327,87,270,[identity; SIFTS unusable: sifts/R: npxxy: 5.58: residue R/392 not modelled ; tilt: 6x37: residue R/426 not modelled],,ok,nmur2,Active,Class A (Rhodopsin),3.2,Electron microscopy,calibration,0
7XK8,nmur2_human,R,identity,4.991542,18.240931,Q9GZQ4,236,327,87,270,236,327,87,270,[identity; SIFTS unusable: sifts/R: npxxy: 5.58: identity check failed at R/246: ASP is not Y ; tilt: 6x37: identity check failed at R/280: CYS is not L],,ok,nmur2,Active,Class A (Rhodopsin),3.3,Electron microscopy,calibration,0
7VGX,npy1r_human,R,identity,3.884037,18.129644,P25929,231,320,82,265,231,320,82,265,[identity; SIFTS unusable: sifts/R: npxxy: 5.58: identity check failed at R/241: ARG is not Y ; tilt: 2x46: identity check failed at R/92: MET is not L],,ok,npy1r,Active,Class A (Rhodopsin),3.2,Electron microscopy,application,1
7X9A,npy1r_human,R,sifts,3.620798,17.297496,P25929,231,320,82,265,231,320,82,265,,,ok,npy1r,Active,Class A (Rhodopsin),3.2,Electron microscopy,application,1
8K6M,npy1r_human,D,sifts,4.22851,18.082707,P25929,231,320,82,265,231,320,82,265,,,ok,npy1r,Active,Class A (Rhodopsin),3.3,Electron microscopy,application,1
8K6O,npy1r_human,D,sifts,3.907198,18.017778,P25929,231,320,82,265,231,320,82,265,,,ok,npy1r,Active,Class A (Rhodopsin),3.3,Electron microscopy,application,1
7X9B,npy2r_human,R,sifts,4.247502,16.975629,P49146,239,325,92,270,239,325,92,270,,,ok,npy2r,Active,Class A (Rhodopsin),3.4,Electron microscopy,application,1
7YON,npy2r_human,R,identity,4.099063,17.509384,P49146,239,325,92,270,239,325,92,270,[identity; SIFTS unusable: sifts/R: npxxy: 5.58: identity check failed at R/240: THR is not Y ; tilt: 2x46: identity check failed at R/93: ALA is not L],,ok,npy2r,Active,Class A (Rhodopsin),2.95,Electron microscopy,application,1
7YOO,npy2r_human,R,identity,3.670186,17.497709,P49146,239,325,92,270,239,325,92,270,[identity; SIFTS unusable: sifts/R: npxxy: 5.58: identity check failed at R/240: THR is not Y ; tilt: 2x46: identity check failed at R/93: ALA is not L],,ok,npy2r,Active,Class A (Rhodopsin),3.11,Electron microscopy,application,1
8K6N,npy2r_human,E,sifts,3.746335,17.251395,P49146,239,325,92,270,239,325,92,270,,,ok,npy2r,Active,Class A (Rhodopsin),3.2,Electron microscopy,application,1
7X9C,npy4r_human,R,sifts,3.565184,16.526892,P50391,234,322,83,267,234,322,83,267,,,ok,npy4r,Active,Class A (Rhodopsin),3.0,Electron microscopy,calibration,0
6OS9,ntr1_human,,,,,P30989,256,364,108,305,,,,,,,sifts/R: npxxy: 5.58: residue R/276 not modelled ; tilt: 2x46: identity check failed at R/128: ILE is not L | identity/R: npxxy: 5.58: identity check failed at R/256: ASN is not Y,ntr1,Active,Class A (Rhodopsin),3.0,Electron microscopy,calibration,0
6OSA,ntr1_human,,,,,P30989,256,364,108,305,,,,,,,sifts/R: npxxy: 5.58: residue R/276 not modelled ; tilt: 2x46: identity check failed at R/128: ILE is not L | identity/R: npxxy: 5.58: identity check failed at R/256: ASN is not Y,ntr1,Active,Class A (Rhodopsin),3.0,Electron microscopy,calibration,0
6PWC,ntr1_human,R,sifts,,17.485304,P30989,256,364,108,305,,,108,305,,,partial (npxxy unavailable: 5.58: identity check failed at R/256: ASN is not Y),ntr1,Active,Class A (Rhodopsin),4.9,Electron microscopy,calibration,0
6UP7,ntr1_human,R,sifts,,16.889766,P30989,256,364,108,305,,,108,305,,,partial (npxxy unavailable: 5.58: identity check failed at R/256: ASN is not Y),ntr1,Active,Class A (Rhodopsin),4.2,Electron microscopy,calibration,0
8JPB,ntr1_human,R,sifts,,15.939788,P30989,256,364,108,305,,,108,305,,,partial (npxxy unavailable: 5.58: identity check failed at R/256: ASN is not Y),ntr1,Active,Class A (Rhodopsin),3.07,Electron microscopy,calibration,0
8JPC,ntr1_human,R,sifts,,16.017939,P30989,256,364,108,305,,,108,305,,,partial (npxxy unavailable: 5.58: identity check failed at R/256: ASN is not Y),ntr1,Active,Class A (Rhodopsin),3.07,Electron microscopy,calibration,0
8JPF,ntr1_human,R,sifts,,15.741093,P30989,256,364,108,305,,,108,305,,,partial (npxxy unavailable: 5.58: identity check failed at R/256: ASN is not Y),ntr1,Active,Class A (Rhodopsin),3.02,Electron microscopy,calibration,0
4GRV,ntr1_rat,,,,,P20789,257,369,109,310,,,,,,,sifts/A: npxxy: 5.58: identity check failed at A/225: CYS is not Y ; tilt: 2x46: identity check failed at A/77: VAL is not L | identity/A: npxxy: 5.58: identity check failed at A/257: ASN is not Y ; tilt: 6x37: identity check failed at A/310: ALA is not L,ntr1,Active,Class A (Rhodopsin),2.8,X-ray diffraction,calibration,0
4XEE,ntr1_rat,,,,,P20789,257,369,109,310,,,,,,,sifts/A: npxxy: 5.58: identity check failed at A/225: CYS is not Y ; tilt: 2x46: identity check failed at A/77: VAL is not L | identity/A: npxxy: 5.58: identity check failed at A/257: ASN is not Y,ntr1,Active,Class A (Rhodopsin),2.9,X-ray diffraction,calibration,0
4XES,ntr1_rat,,,,,P20789,257,369,109,310,,,,,,,sifts/A: npxxy: 5.58: identity check failed at A/225: CYS is not Y ; tilt: 2x46: identity check failed at A/77: VAL is not L | identity/A: npxxy: 5.58: identity check failed at A/257: ASN is not Y,ntr1,Active,Class A (Rhodopsin),2.6,X-ray diffraction,calibration,0
5T04,ntr1_rat,A,sifts,,16.665372,P20789,257,369,109,310,,,109,310,,,partial (npxxy unavailable: 5.58: identity check failed at A/257: ASN is not Y),ntr1,Active,Class A (Rhodopsin),3.3,X-ray diffraction,calibration,0
7L0P,ntr1_rat,,,,,P20789,257,369,109,310,,,,,,,sifts/C: npxxy: 5.58: identity check failed at C/212: ASN is not Y ; tilt: 2x46: identity check failed at C/64: LYS is not L | identity/C: npxxy: 5.58: identity check failed at C/257: ASN is not Y,ntr1,Active,Class A (Rhodopsin),4.1,Electron microscopy,calibration,0
7L0Q,ntr1_rat,,,,,P20789,257,369,109,310,,,,,,,sifts/C: npxxy: 5.58: identity check failed at C/212: ASN is not Y ; tilt: 2x46: identity check failed at C/64: LYS is not L | identity/C: npxxy: 5.58: identity check failed at C/257: ASN is not Y,ntr1,Active,Class A (Rhodopsin),4.3,Electron microscopy,calibration,0
7L0R,ntr1_rat,,,,,P20789,257,369,109,310,,,,,,,sifts/C: npxxy: 5.58: identity check failed at C/212: ASN is not Y ; tilt: 2x46: identity check failed at C/64: LYS is not L | identity/C: npxxy: 5.58: identity check failed at C/257: ASN is not Y,ntr1,Active,Class A (Rhodopsin),4.2,Electron microscopy,calibration,0
7L0S,ntr1_rat,,,,,P20789,257,369,109,310,,,,,,,sifts/C: npxxy: 5.58: identity check failed at C/212: ASN is not Y ; tilt: 2x46: identity check failed at C/64: LYS is not L | identity/C: npxxy: 5.58: identity check failed at C/257: ASN is not Y,ntr1,Active,Class A (Rhodopsin),4.5,Electron microscopy,calibration,0
8FMZ,ntr1_rat,,,,,P20789,257,369,109,310,,,,,,,sifts/A: npxxy: 5.58: identity check failed at A/242: THR is not Y ; tilt: 2x46: residue A/94 not modelled | identity/A: npxxy: 5.58: identity check failed at A/257: ASN is not Y,ntr1,Active,Class A (Rhodopsin),2.59,Electron microscopy,calibration,0
8FN0,ntr1_rat,,,,,P20789,257,369,109,310,,,,,,,sifts/A: npxxy: 5.58: identity check failed at A/242: THR is not Y ; tilt: 2x46: residue A/94 not modelled | identity/A: npxxy: 5.58: identity check failed at A/257: ASN is not Y,ntr1,Active,Class A (Rhodopsin),2.89,Electron microscopy,calibration,0
8FN1,ntr1_rat,,,,,P20789,257,369,109,310,,,,,,,sifts/A: npxxy: 5.58: identity check failed at A/241: ASN is not Y ; tilt: 2x46: residue A/93 not modelled | identity/A: npxxy: 5.58: identity check failed at A/257: ASN is not Y,ntr1,Active,Class A (Rhodopsin),2.88,Electron microscopy,calibration,0
6PT2,oprd_human,A,sifts,16.748669,15.782532,P41143,233,318,91,263,233,318,91,263,,,ok,oprd,Active,Class A (Rhodopsin),2.8,X-ray diffraction,application,1
6PT3,oprd_human,A,sifts,16.93612,15.62557,P41143,233,318,91,263,233,318,91,263,,,ok,oprd,Active,Class A (Rhodopsin),3.3,X-ray diffraction,application,1
8F7S,oprd_human,R,identity,7.61827,17.269953,P41143,233,318,91,263,233,318,91,263,[identity; SIFTS unusable: sifts/R: npxxy: 5.58: identity check failed at R/243: VAL is not Y ; tilt: 2x46: identity check failed at R/101: THR is not L],,ok,oprd,Active,Class A (Rhodopsin),3.0,Electron microscopy,application,1
8Y45,oprd_human,A,identity,5.594013,17.790241,P41143,233,318,91,263,233,318,91,263,[identity; SIFTS unusable: sifts/A: npxxy: 5.58: identity check failed at A/206: SER is not Y ; tilt: 6x37: identity check failed at A/236: MET is not V],,ok,oprd,Active,Class A (Rhodopsin),3.45,Electron microscopy,application,1
6B73,oprk_human,A,sifts,3.824234,17.407328,P41145,246,330,101,276,246,330,101,276,,,ok,oprk,Active,Class A (Rhodopsin),3.1,X-ray diffraction,application,1
7Y1F,oprk_human,R,sifts,4.203354,17.411822,P41145,246,330,101,276,348,432,203,378,,,ok,oprk,Active,Class A (Rhodopsin),3.3,Electron microscopy,application,1
7YIT,oprk_human,A,identity,4.046676,17.983245,P41145,246,330,101,276,246,330,101,276,[identity; SIFTS unusable: sifts/A: npxxy: 5.58: identity check failed at A/193: ALA is not Y ; tilt: 2x46: residue A/48 not modelled],,ok,oprk,Active,Class A (Rhodopsin),3.3,X-ray diffraction,application,1
8DZP,oprk_human,A,identity,3.628694,16.936253,P41145,246,330,101,276,246,330,101,276,[identity; SIFTS unusable: sifts/A: npxxy: 5.58: identity check failed at A/196: LEU is not Y ; tilt: 2x46: residue A/51 not modelled],,ok,oprk,Active,Class A (Rhodopsin),2.71,Electron microscopy,application,1
8DZQ,oprk_human,A,identity,2.502306,17.1781,P41145,246,330,101,276,246,330,101,276,[identity; SIFTS unusable: sifts/A: npxxy: 5.58: identity check failed at A/196: LEU is not Y ; tilt: 2x46: residue A/51 not modelled],,ok,oprk,Active,Class A (Rhodopsin),2.82,Electron microscopy,application,1
8DZR,oprk_human,A,identity,4.30359,17.114039,P41145,246,330,101,276,246,330,101,276,[identity; SIFTS unusable: sifts/A: npxxy: 5.58: identity check failed at A/195: VAL is not Y ; tilt: 2x46: residue A/50 not modelled],,ok,oprk,Active,Class A (Rhodopsin),2.61,Electron microscopy,application,1
8DZS,oprk_human,A,identity,2.863245,17.585798,P41145,246,330,101,276,246,330,101,276,[identity; SIFTS unusable: sifts/A: npxxy: 5.58: identity check failed at A/196: LEU is not Y ; tilt: 2x46: residue A/51 not modelled],,ok,oprk,Active,Class A (Rhodopsin),2.65,Electron microscopy,application,1
8F7W,oprk_human,R,identity,5.039259,17.459581,P41145,246,330,101,276,246,330,101,276,[identity; SIFTS unusable: sifts/R: npxxy: 5.58: identity check failed at R/244: VAL is not Y ; tilt: 2x46: identity check failed at R/99: PHE is not L],,ok,oprk,Active,Class A (Rhodopsin),3.19,Electron microscopy,application,1
8FEG,oprk_human,B,identity,4.608657,17.253205,P41145,246,330,101,276,246,330,101,276,[identity; SIFTS unusable: sifts/B: npxxy: 5.58: identity check failed at B/196: LEU is not Y ; tilt: 2x46: residue B/51 not modelled],,ok,oprk,Active,Class A (Rhodopsin),2.54,Electron microscopy,application,1
8EF5,oprm_human,R,identity,4.745722,17.394328,P35372,254,338,112,284,254,338,112,284,[identity; SIFTS unusable: sifts/R: npxxy: 5.58: identity check failed at R/253: CYS is not Y ; tilt: 2x46: identity check failed at R/111: ASN is not L],,ok,oprm,Active,Class A (Rhodopsin),3.3,Electron microscopy,calibration,0
8EF6,oprm_human,R,identity,4.676134,17.228974,P35372,254,338,112,284,254,338,112,284,[identity; SIFTS unusable: sifts/R: npxxy: 5.58: identity check failed at R/253: CYS is not Y ; tilt: 2x46: identity check failed at R/111: ASN is not L],,ok,oprm,Active,Class A (Rhodopsin),3.2,Electron microscopy,calibration,0
8EFB,oprm_human,R,identity,3.622313,17.184778,P35372,254,338,112,284,254,338,112,284,[identity; SIFTS unusable: sifts/R: npxxy: 5.58: identity check failed at R/253: CYS is not Y ; tilt: 2x46: identity check failed at R/111: ASN is not L],,ok,oprm,Active,Class A (Rhodopsin),3.2,Electron microscopy,calibration,0
8EFL,oprm_human,R,identity,4.686328,17.498006,P35372,254,338,112,284,254,338,112,284,[identity; SIFTS unusable: sifts/R: npxxy: 5.58: identity check failed at R/253: CYS is not Y ; tilt: 2x46: identity check failed at R/111: ASN is not L],,ok,oprm,Active,Class A (Rhodopsin),3.2,Electron microscopy,calibration,0
8EFO,oprm_human,R,identity,4.546887,16.957914,P35372,254,338,112,284,254,338,112,284,[identity; SIFTS unusable: sifts/R: npxxy: 5.58: identity check failed at R/253: CYS is not Y ; tilt: 2x46: identity check failed at R/111: ASN is not L],,ok,oprm,Active,Class A (Rhodopsin),2.8,Electron microscopy,calibration,0
8EFQ,oprm_human,R,identity,3.984472,17.470206,P35372,254,338,112,284,254,338,112,284,[identity; SIFTS unusable: sifts/R: npxxy: 5.58: identity check failed at R/253: CYS is not Y ; tilt: 2x46: identity check failed at R/111: ASN is not L],,ok,oprm,Active,Class A (Rhodopsin),3.3,Electron microscopy,calibration,0
8F7Q,oprm_human,R,identity,4.759335,17.333192,P35372,254,338,112,284,254,338,112,284,[identity; SIFTS unusable: sifts/R: npxxy: 5.58: identity check failed at R/261: LEU is not Y ; tilt: 2x46: identity check failed at R/119: ALA is not L],,ok,oprm,Active,Class A (Rhodopsin),3.22,Electron microscopy,calibration,0
8F7R,oprm_human,R,identity,4.591255,17.190045,P35372,254,338,112,284,254,338,112,284,[identity; SIFTS unusable: sifts/R: npxxy: 5.58: identity check failed at R/261: LEU is not Y ; tilt: 2x46: identity check failed at R/119: ALA is not L],,ok,oprm,Active,Class A (Rhodopsin),3.28,Electron microscopy,calibration,0
8K9K,oprm_human,R,identity,3.679367,17.272678,P35372,254,338,112,284,254,338,112,284,[identity; SIFTS unusable: sifts/R: npxxy: 5.58: identity check failed at R/329: THR is not Y ; tilt: 2x46: identity check failed at R/187: LYS is not L],,ok,oprm,Active,Class A (Rhodopsin),2.98,Electron microscopy,calibration,0
8K9L,oprm_human,R,identity,4.152241,17.021628,P35372,254,338,112,284,254,338,112,284,[identity; SIFTS unusable: sifts/R: npxxy: 5.58: identity check failed at R/329: THR is not Y ; tilt: 2x46: identity check failed at R/187: LYS is not L],,ok,oprm,Active,Class A (Rhodopsin),3.05,Electron microscopy,calibration,0
5C1M,oprm_mouse,A,sifts,4.549609,17.87418,P42866,252,336,110,282,252,336,110,282,,,ok,oprm,Active,Class A (Rhodopsin),2.07,X-ray diffraction,calibration,0
6DDE,oprm_mouse,R,identity,4.424185,16.867957,P42866,252,336,110,282,252,336,110,282,[identity; SIFTS unusable: sifts/R: npxxy: 5.58: identity check failed at R/250: VAL is not Y ; tilt: 2x46: identity check failed at R/108: PHE is not L],,ok,oprm,Active,Class A (Rhodopsin),3.5,Electron microscopy,calibration,0
6DDF,oprm_mouse,R,identity,4.152975,16.748642,P42866,252,336,110,282,252,336,110,282,[identity; SIFTS unusable: sifts/R: npxxy: 5.58: identity check failed at R/250: VAL is not Y ; tilt: 2x46: identity check failed at R/108: PHE is not L],,ok,oprm,Active,Class A (Rhodopsin),3.5,Electron microscopy,calibration,0
7SBF,oprm_mouse,R,sifts,3.165236,16.692032,P42866,252,336,110,282,252,336,110,282,,,ok,oprm,Active,Class A (Rhodopsin),2.9,Electron microscopy,calibration,0
7SCG,oprm_mouse,D,identity,4.280405,17.393562,P42866,252,336,110,282,252,336,110,282,[identity; SIFTS unusable: sifts/D: npxxy: 5.58: identity check failed at D/250: VAL is not Y ; tilt: 2x46: identity check failed at D/108: PHE is not L],,ok,oprm,Active,Class A (Rhodopsin),3.0,Electron microscopy,calibration,0
7T2G,oprm_mouse,R,sifts,4.35469,16.566825,P42866,252,336,110,282,252,336,110,282,,,ok,oprm,Active,Class A (Rhodopsin),2.5,Electron microscopy,calibration,0
7T2H,oprm_mouse,D,identity,4.067258,17.22188,P42866,252,336,110,282,252,336,110,282,[identity; SIFTS unusable: sifts/D: npxxy: 5.58: identity check failed at D/250: VAL is not Y ; tilt: 2x46: identity check failed at D/108: PHE is not L],,ok,oprm,Active,Class A (Rhodopsin),3.2,Electron microscopy,calibration,0
7U2K,oprm_mouse,D,identity,4.151733,17.266564,P42866,252,336,110,282,252,336,110,282,[identity; SIFTS unusable: sifts/D: npxxy: 5.58: identity check failed at D/250: VAL is not Y ; tilt: 2x46: identity check failed at D/108: PHE is not L],,ok,oprm,Active,Class A (Rhodopsin),3.3,Electron microscopy,calibration,0
7U2L,oprm_mouse,D,identity,3.518265,16.926951,P42866,252,336,110,282,252,336,110,282,[identity; SIFTS unusable: sifts/D: npxxy: 5.58: identity check failed at D/250: VAL is not Y ; tilt: 2x46: identity check failed at D/108: PHE is not L],,ok,oprm,Active,Class A (Rhodopsin),3.2,Electron microscopy,calibration,0
8E0G,oprm_mouse,A,sifts,4.532486,17.84331,P42866,252,336,110,282,252,336,110,282,,,ok,oprm,Active,Class A (Rhodopsin),2.1,X-ray diffraction,calibration,0
9BQJ,oprm_mouse,D,identity,3.358113,17.668488,P42866,252,336,110,282,252,336,110,282,[identity; SIFTS unusable: sifts/D: npxxy: 5.58: identity check failed at D/250: VAL is not Y ; tilt: 2x46: identity check failed at D/108: PHE is not L],,ok,oprm,Active,Class A (Rhodopsin),3.3,Electron microscopy,calibration,0
8F7X,oprx_human,R,identity,5.102259,17.800571,P41146,235,319,93,265,235,319,93,265,[identity; SIFTS unusable: sifts/R: npxxy: 5.58: identity check failed at R/234: CYS is not Y ; tilt: 2x46: identity check failed at R/92: ASN is not L],,ok,oprx,Active,Class A (Rhodopsin),3.28,Electron microscopy,application,1
2X72,opsd_bovin,A,sifts,5.183272,17.574217,P02699,223,306,79,254,223,306,79,254,,,ok,opsd,Active,Class A (Rhodopsin),3.0,X-ray diffraction,application,1
3CAP,opsd_bovin,A,sifts,4.655542,17.475141,P02699,223,306,79,254,223,306,79,254,,,ok,opsd,Active,Class A (Rhodopsin),2.9,X-ray diffraction,application,1
3DQB,opsd_bovin,A,sifts,5.318868,17.377954,P02699,223,306,79,254,223,306,79,254,,,ok,opsd,Active,Class A (Rhodopsin),3.2,X-ray diffraction,application,1
3PQR,opsd_bovin,A,sifts,5.025475,17.510923,P02699,223,306,79,254,223,306,79,254,,,ok,opsd,Active,Class A (Rhodopsin),2.85,X-ray diffraction,application,1
3PXO,opsd_bovin,A,sifts,5.401241,17.376189,P02699,223,306,79,254,223,306,79,254,,,ok,opsd,Active,Class A (Rhodopsin),3.0,X-ray diffraction,application,1
4A4M,opsd_bovin,A,sifts,4.743577,17.385297,P02699,223,306,79,254,223,306,79,254,,,ok,opsd,Active,Class A (Rhodopsin),3.3,X-ray diffraction,application,1
4BEY,opsd_bovin,A,sifts,4.505325,17.530614,P02699,223,306,79,254,223,306,79,254,,,ok,opsd,Active,Class A (Rhodopsin),2.9,X-ray diffraction,application,1
4BEZ,opsd_bovin,A,sifts,4.5562,17.431543,P02699,223,306,79,254,223,306,79,254,,,ok,opsd,Active,Class A (Rhodopsin),3.3,X-ray diffraction,application,1
4J4Q,opsd_bovin,A,sifts,4.792047,17.513745,P02699,223,306,79,254,223,306,79,254,,,ok,opsd,Active,Class A (Rhodopsin),2.65,X-ray diffraction,application,1
4PXF,opsd_bovin,A,sifts,4.365934,17.571101,P02699,223,306,79,254,223,306,79,254,,,ok,opsd,Active,Class A (Rhodopsin),2.75,X-ray diffraction,application,1
4X1H,opsd_bovin,A,sifts,4.920884,17.58616,P02699,223,306,79,254,223,306,79,254,,,ok,opsd,Active,Class A (Rhodopsin),2.29,X-ray diffraction,application,1
5DYS,opsd_bovin,A,sifts,4.650017,17.536223,P02699,223,306,79,254,223,306,79,254,,,ok,opsd,Active,Class A (Rhodopsin),2.3,X-ray diffraction,application,1
5EN0,opsd_bovin,A,sifts,4.872303,17.661232,P02699,223,306,79,254,223,306,79,254,,,ok,opsd,Active,Class A (Rhodopsin),2.81,X-ray diffraction,application,1
5TE3,opsd_bovin,A,sifts,4.991123,17.548493,P02699,223,306,79,254,223,306,79,254,,,ok,opsd,Active,Class A (Rhodopsin),2.7,X-ray diffraction,application,1
5WKT,opsd_bovin,A,sifts,5.286559,17.729039,P02699,223,306,79,254,223,306,79,254,,,ok,opsd,Active,Class A (Rhodopsin),3.2,X-ray diffraction,application,1
6FK6,opsd_bovin,A,sifts,4.98391,17.67529,P02699,223,306,79,254,223,306,79,254,,,ok,opsd,Active,Class A (Rhodopsin),2.36,X-ray diffraction,application,1
6FK7,opsd_bovin,A,sifts,5.032208,17.591465,P02699,223,306,79,254,223,306,79,254,,,ok,opsd,Active,Class A (Rhodopsin),2.62,X-ray diffraction,application,1
6FK8,opsd_bovin,A,sifts,4.631473,17.461499,P02699,223,306,79,254,223,306,79,254,,,ok,opsd,Active,Class A (Rhodopsin),2.87,X-ray diffraction,application,1
6FK9,opsd_bovin,A,sifts,4.587745,17.566845,P02699,223,306,79,254,223,306,79,254,,,ok,opsd,Active,Class A (Rhodopsin),2.63,X-ray diffraction,application,1
6FKA,opsd_bovin,A,sifts,4.700816,17.599477,P02699,223,306,79,254,223,306,79,254,,,ok,opsd,Active,Class A (Rhodopsin),2.7,X-ray diffraction,application,1
6FKB,opsd_bovin,A,sifts,4.489561,17.574633,P02699,223,306,79,254,223,306,79,254,,,ok,opsd,Active,Class A (Rhodopsin),3.03,X-ray diffraction,application,1
6FKC,opsd_bovin,A,sifts,4.750519,17.567838,P02699,223,306,79,254,223,306,79,254,,,ok,opsd,Active,Class A (Rhodopsin),2.46,X-ray diffraction,application,1
6FKD,opsd_bovin,A,sifts,4.716202,17.638137,P02699,223,306,79,254,223,306,79,254,,,ok,opsd,Active,Class A (Rhodopsin),2.49,X-ray diffraction,application,1
6FUF,opsd_bovin,A,sifts,4.477078,17.50232,P02699,223,306,79,254,223,306,79,254,,,ok,opsd,Active,Class A (Rhodopsin),3.12,X-ray diffraction,application,1
6NWE,opsd_bovin,A,sifts,5.138932,17.562757,P02699,223,306,79,254,223,306,79,254,,,ok,opsd,Active,Class A (Rhodopsin),2.71,X-ray diffraction,application,1
6OY9,opsd_bovin,R,sifts,5.19543,18.058006,P02699,223,306,79,254,223,306,79,254,,,ok,opsd,Active,Class A (Rhodopsin),3.9,Electron microscopy,application,1
6OYA,opsd_bovin,R,sifts,4.221124,17.7019,P02699,223,306,79,254,223,306,79,254,,,ok,opsd,Active,Class A (Rhodopsin),3.3,Electron microscopy,application,1
6PEL,opsd_bovin,A,sifts,4.80397,17.671571,P02699,223,306,79,254,223,306,79,254,,,ok,opsd,Active,Class A (Rhodopsin),3.19,X-ray diffraction,application,1
6PGS,opsd_bovin,A,sifts,5.277407,17.608492,P02699,223,306,79,254,223,306,79,254,,,ok,opsd,Active,Class A (Rhodopsin),2.91,X-ray diffraction,application,1
6PH7,opsd_bovin,A,sifts,5.159054,17.612095,P02699,223,306,79,254,223,306,79,254,,,ok,opsd,Active,Class A (Rhodopsin),2.9,X-ray diffraction,application,1
6QNO,opsd_bovin,R,sifts,4.493511,17.872365,P02699,223,306,79,254,223,306,79,254,,,ok,opsd,Active,Class A (Rhodopsin),4.38,Electron microscopy,application,1
7MT8,opsd_bovin,R,sifts,3.563415,18.410583,P02699,223,306,79,254,223,306,79,254,,,ok,opsd,Active,Class A (Rhodopsin),5.8,Electron microscopy,application,1
7MT9,opsd_bovin,R,sifts,3.675436,18.167694,P02699,223,306,79,254,223,306,79,254,,,ok,opsd,Active,Class A (Rhodopsin),7.0,Electron microscopy,application,1
7MTA,opsd_bovin,R,sifts,4.542559,18.78523,P02699,223,306,79,254,223,306,79,254,,,ok,opsd,Active,Class A (Rhodopsin),4.1,Electron microscopy,application,1
7MTB,opsd_bovin,R,sifts,3.631256,17.844721,P02699,223,306,79,254,223,306,79,254,,,ok,opsd,Active,Class A (Rhodopsin),4.0,Electron microscopy,application,1
8P12,opsd_bovin,R,sifts,5.421382,19.290328,P02699,223,306,79,254,223,306,79,254,,,ok,opsd,Active,Class A (Rhodopsin),3.21,Electron microscopy,application,1
8P13,opsd_bovin,R,sifts,4.595384,18.679337,P02699,223,306,79,254,223,306,79,254,,,ok,opsd,Active,Class A (Rhodopsin),5.2,Electron microscopy,application,1
8P15,opsd_bovin,R,sifts,5.622576,18.643643,P02699,223,306,79,254,223,306,79,254,,,ok,opsd,Active,Class A (Rhodopsin),5.9,Electron microscopy,application,1
4ZWJ,opsd_human,A,sifts,4.714866,17.929926,P08100,223,306,79,254,223,306,79,254,,,ok,opsd,Active,Class A (Rhodopsin),3.3,X-ray diffraction,application,1
5DGY,opsd_human,A,sifts,4.714521,17.929177,P08100,223,306,79,254,223,306,79,254,,,ok,opsd,Active,Class A (Rhodopsin),7.7,X-ray diffraction,application,1
5W0P,opsd_human,D,sifts,4.66944,17.726767,P08100,223,306,79,254,223,306,79,254,,,ok,opsd,Active,Class A (Rhodopsin),3.01,X-ray diffraction,application,1
6CMO,opsd_human,R,sifts,6.212018,19.248785,P08100,223,306,79,254,223,306,79,254,,,ok,opsd,Active,Class A (Rhodopsin),4.5,Electron microscopy,application,1
8IU2,opsr_human,R,sifts,4.83873,18.339388,P04000,239,322,95,270,239,322,95,270,,,ok,opsr,Active,Class A (Rhodopsin),3.35,Electron microscopy,calibration,0
7L1U,ox2r_human,R,identity,4.336618,17.098211,O43614,243,364,96,306,243,364,96,306,[identity; SIFTS unusable: sifts/R: npxxy: 5.58: identity check failed at R/249: LYS is not Y ; tilt: 6x37: identity check failed at R/312: VAL is not L],,ok,ox2r,Active,Class A (Rhodopsin),3.2,Electron microscopy,application,1
7L1V,ox2r_human,R,identity,4.306731,16.980802,O43614,243,364,96,306,243,364,96,306,[identity; SIFTS unusable: sifts/R: npxxy: 5.58: identity check failed at R/249: LYS is not Y ; tilt: 6x37: identity check failed at R/312: VAL is not L],,ok,ox2r,Active,Class A (Rhodopsin),3.0,Electron microscopy,application,1
7SQO,ox2r_human,R,sifts,4.036464,17.039924,O43614,243,364,96,306,243,364,96,306,,,ok,ox2r,Active,Class A (Rhodopsin),3.17,Electron microscopy,application,1
7SR8,ox2r_human,R,identity,5.277001,16.890905,O43614,243,364,96,306,243,364,96,306,[identity; SIFTS unusable: sifts/R: npxxy: 5.58: identity check failed at R/242: ALA is not Y ; tilt: 2x46: identity check failed at R/95: ASN is not L],,ok,ox2r,Active,Class A (Rhodopsin),3.3,Electron microscopy,application,1
7QVM,oxyr_human,R,sifts,3.286818,18.392134,P30559,220,329,81,277,220,329,81,277,,,ok,oxyr,Active,Class A (Rhodopsin),3.25,Electron microscopy,calibration,0
7RYC,oxyr_human,O,identity,3.993505,19.009561,P30559,220,329,81,277,220,329,81,277,[identity; SIFTS unusable: sifts/O: npxxy: 5.58: identity check failed at O/275: LYS is not Y ; tilt: 2x46: identity check failed at O/136: ASP is not L],,ok,oxyr,Active,Class A (Rhodopsin),2.9,Electron microscopy,calibration,0
4XNV,p2ry1_human,A,identity,12.895498,13.898754,P47900,237,324,93,261,237,324,93,261,[identity; SIFTS unusable: sifts/A: npxxy: 5.58: identity check failed at A/236: CYS is not Y ; tilt: 2x46: identity check failed at A/92: ASN is not L],,ok,p2ry1,Active,Class A (Rhodopsin),2.2,X-ray diffraction,calibration,0
4XNW,p2ry1_human,A,identity,13.302866,14.052897,P47900,237,324,93,261,237,324,93,261,[identity; SIFTS unusable: sifts/A: npxxy: 5.58: identity check failed at A/236: CYS is not Y ; tilt: 2x46: identity check failed at A/92: ASN is not L],,ok,p2ry1,Active,Class A (Rhodopsin),2.7,X-ray diffraction,calibration,0
7XXH,p2ry1_human,R,identity,2.893418,18.204886,P47900,237,324,93,261,237,324,93,261,[identity; SIFTS unusable: sifts/R: npxxy: 5.58: identity check failed at R/239: LEU is not Y ; tilt: 6x37: identity check failed at R/263: ILE is not L],,ok,p2ry1,Active,Class A (Rhodopsin),2.9,Electron microscopy,calibration,0
8WJX,p2ry1_human,R,identity,3.329983,17.307849,P47900,237,324,93,261,237,324,93,261,[identity; SIFTS unusable: sifts/R: npxxy: 5.58: residue R/399 not modelled ; tilt: 2x46: identity check failed at R/255: ARG is not L],,ok,p2ry1,Active,Class A (Rhodopsin),3.2,Electron microscopy,calibration,0
8KGG,p2y10_human,R,sifts,,17.987285,O00398,218,305,76,244,,,76,244,,,partial (npxxy unavailable: 5.58: identity check failed at R/218: THR is not Y),p2y10,Active,Class A (Rhodopsin),3.06,Electron microscopy,calibration,0
4NTJ,p2y12_human,A,identity,15.119211,18.443757,Q9H244,209,298,66,237,209,298,66,237,[identity; SIFTS unusable: sifts/A: npxxy: 5.58: identity check failed at A/218: ARG is not Y ; tilt: 2x46: identity check failed at A/75: LEU is not T],,ok,p2y12,Active,Class A (Rhodopsin),2.62,X-ray diffraction,calibration,0
4PXZ,p2y12_human,,,,,Q9H244,209,298,66,237,,,,,,,sifts/A: npxxy: 5.58: identity check failed at A/218: ARG is not Y ; tilt: 2x46: identity check failed at A/75: LEU is not T | identity/A: npxxy: 7.53: atom OH absent at A/298 (TYR),p2y12,Active,Class A (Rhodopsin),2.5,X-ray diffraction,calibration,0
4PY0,p2y12_human,,,,,Q9H244,209,298,66,237,,,,,,,sifts/A: npxxy: 5.58: identity check failed at A/218: ARG is not Y ; tilt: 2x46: identity check failed at A/75: LEU is not T | identity/A: npxxy: 7.53: atom OH absent at A/298 (TYR),p2y12,Active,Class A (Rhodopsin),3.1,X-ray diffraction,calibration,0
7PP1,p2y12_human,AAA,identity,14.674032,18.050716,Q9H244,209,298,66,237,209,298,66,237,[identity; SIFTS unusable: sifts/AAA: npxxy: 5.58: identity check failed at AAA/218: ARG is not Y ; tilt: 2x46: identity check failed at AAA/75: LEU is not T],,ok,p2y12,Active,Class A (Rhodopsin),2.78,X-ray diffraction,calibration,0
7XXI,p2y12_human,A,identity,5.924879,19.475647,Q9H244,209,298,66,237,209,298,66,237,[identity; SIFTS unusable: sifts/A: npxxy: 5.58: identity check failed at A/211: LEU is not Y ; tilt: 2x46: identity check failed at A/68: ILE is not T],,ok,p2y12,Active,Class A (Rhodopsin),3.0,Electron microscopy,calibration,0
3VW7,par1_human,A,identity,19.261875,14.21866,P25116,290,371,144,314,290,371,144,314,[identity; SIFTS unusable: sifts/A: npxxy: 5.58: identity check failed at A/208: MET is not Y ; tilt: 2x46: residue A/62 not modelled],,ok,par1,Active,Class A (Rhodopsin),2.2,X-ray diffraction,calibration,0
8XOR,par1_human,R,sifts,4.315732,17.308421,P25116,290,371,144,314,290,371,144,314,,,ok,par1,Active,Class A (Rhodopsin),3.0,Electron microscopy,calibration,0
8XOS,par1_human,R,sifts,4.283086,17.435019,P25116,290,371,144,314,290,371,144,314,,,ok,par1,Active,Class A (Rhodopsin),3.2,Electron microscopy,calibration,0
5NDD,par2_human,A,sifts,12.229743,15.16257,P55085,262,344,117,288,262,344,117,288,,,ok,par2,Active,Class A (Rhodopsin),2.8,X-ray diffraction,calibration,0
5NDZ,par2_human,A,sifts,12.231257,15.078219,P55085,262,344,117,288,262,344,117,288,,,ok,par2,Active,Class A (Rhodopsin),3.6,X-ray diffraction,calibration,0
5NJ6,par2_human,A,identity,12.240357,15.164164,P55085,262,344,117,288,262,344,117,288,[identity; SIFTS unusable: sifts/A: npxxy: 5.58: identity check failed at A/209: LEU is not Y ; tilt: 2x46: identity check failed at A/64: PHE is not L],,ok,par2,Active,Class A (Rhodopsin),4.0,X-ray diffraction,calibration,0
8XXU,pd2r2_human,A,sifts,,17.953396,Q9Y5Y4,226,304,73,248,,,73,248,,,partial (npxxy unavailable: 5.58: identity check failed at A/226: HIS is not Y),pd2r2,Active,Class A (Rhodopsin),2.54,Electron microscopy,calibration,0
8XXV,pd2r2_human,A,sifts,,17.693676,Q9Y5Y4,226,304,73,248,,,73,248,,,partial (npxxy unavailable: 5.58: identity check failed at A/226: HIS is not Y),pd2r2,Active,Class A (Rhodopsin),2.33,Electron microscopy,calibration,0
9IYB,pd2r2_human,A,sifts,,17.798345,Q9Y5Y4,226,304,73,248,,,73,248,,,partial (npxxy unavailable: 5.58: identity check failed at A/226: HIS is not Y),pd2r2,Active,Class A (Rhodopsin),2.82,Electron microscopy,calibration,0
7CX2,pe2r2_human,R,sifts,,16.904025,P43116,217,315,74,266,,,74,266,,,partial (npxxy unavailable: 5.58: identity check failed at R/217: SER is not Y),pe2r2,Active,Class A (Rhodopsin),2.8,Electron microscopy,calibration,0
7CX3,pe2r2_human,R,sifts,,17.08612,P43116,217,315,74,266,,,74,266,,,partial (npxxy unavailable: 5.58: identity check failed at R/217: SER is not Y),pe2r2,Active,Class A (Rhodopsin),2.8,Electron microscopy,calibration,0
7CX4,pe2r2_human,R,sifts,,17.195348,P43116,217,315,74,266,,,74,266,,,partial (npxxy unavailable: 5.58: identity check failed at R/217: SER is not Y),pe2r2,Active,Class A (Rhodopsin),2.9,Electron microscopy,calibration,0
6AK3,pe2r3_human,,,,,P43115,249,346,95,284,,,,,,,sifts/B: npxxy: 5.58: identity check failed at B/211: SER is not Y ; tilt: 2x46: identity check failed at B/57: THR is not L | sifts/A: npxxy: 5.58: identity check failed at A/211: SER is not Y ; tilt: 2x46: identity check failed at A/57: THR is not L | identity/B: npxxy: 5.58: identity check failed at B/249: ASN is not Y | identity/A: npxxy: 5.58: identity check failed at A/249: ASN is not Y,pe2r3,Active,Class A (Rhodopsin),2.9,X-ray diffraction,calibration,0
6M9T,pe2r3_human,,,,,P43115,249,346,95,284,,,,,,,sifts/A: npxxy: 5.58: residue A/261 not modelled ; tilt: 2x46: identity check failed at A/107: THR is not L | identity/A: npxxy: 5.58: identity check failed at A/249: ASN is not Y,pe2r3,Active,Class A (Rhodopsin),2.5,X-ray diffraction,calibration,0
7WU9,pe2r3_human,,,,,P43115,249,346,95,284,,,,,,,sifts/R: npxxy: 5.58: identity check failed at R/207: TRP is not Y ; tilt: 2x46: identity check failed at R/53: ALA is not L | identity/R: npxxy: 5.58: identity check failed at R/249: ASN is not Y,pe2r3,Active,Class A (Rhodopsin),3.38,Electron microscopy,calibration,0
8GDC,pe2r3_human,R,sifts,,17.123145,P43115,249,346,95,284,,,95,284,,,partial (npxxy unavailable: 5.58: identity check failed at R/249: ASN is not Y),pe2r3,Active,Class A (Rhodopsin),3.5,Electron microscopy,calibration,0
7D7M,pe2r4_human,,,,,P35408,203,329,61,274,,,,,,,sifts/A: npxxy: 5.58: identity check failed at A/204: VAL is not Y ; tilt: 2x46: identity check failed at A/62: ALA is not L | identity/A: npxxy: 5.58: identity check failed at A/203: ASN is not Y,pe2r4,Active,Class A (Rhodopsin),3.3,Electron microscopy,calibration,0
8GCM,pe2r4_human,R,sifts,,17.681062,P35408,203,329,61,274,,,61,274,,,partial (npxxy unavailable: 5.58: identity check failed at R/203: ASN is not Y),pe2r4,Active,Class A (Rhodopsin),3.5,Electron microscopy,calibration,0
8GCP,pe2r4_human,R,sifts,,17.126065,P35408,203,329,61,274,,,61,274,,,partial (npxxy unavailable: 5.58: identity check failed at R/203: ASN is not Y),pe2r4,Active,Class A (Rhodopsin),3.1,Electron microscopy,calibration,0
8GD9,pe2r4_human,R,sifts,,16.917635,P35408,203,329,61,274,,,61,274,,,partial (npxxy unavailable: 5.58: identity check failed at R/203: ASN is not Y),pe2r4,Active,Class A (Rhodopsin),3.2,Electron microscopy,calibration,0
8GDA,pe2r4_human,R,sifts,,16.788719,P35408,203,329,61,274,,,61,274,,,partial (npxxy unavailable: 5.58: identity check failed at R/203: ASN is not Y),pe2r4,Active,Class A (Rhodopsin),3.3,Electron microscopy,calibration,0
8GDB,pe2r4_human,R,sifts,,17.093679,P35408,203,329,61,274,,,61,274,,,partial (npxxy unavailable: 5.58: identity check failed at R/203: ASN is not Y),pe2r4,Active,Class A (Rhodopsin),3.1,Electron microscopy,calibration,0
8IQ4,pf2r_human,,,,,P43088,222,304,73,251,,,,,,,sifts/R: npxxy: 5.58: residue R/230 not modelled ; tilt: 2x46: identity check failed at R/81: HIS is not L | identity/R: npxxy: 5.58: identity check failed at R/222: ILE is not Y,pf2r,Active,Class A (Rhodopsin),2.7,Electron microscopy,calibration,0
8IQ6,pf2r_human,,,,,P43088,222,304,73,251,,,,,,,sifts/R: npxxy: 5.58: residue R/230 not modelled ; tilt: 2x46: identity check failed at R/81: HIS is not L | identity/R: npxxy: 5.58: identity check failed at R/222: ILE is not Y,pf2r,Active,Class A (Rhodopsin),3.4,Electron microscopy,calibration,0
8IUK,pf2r_human,R,sifts,,17.23435,P43088,222,304,73,251,,,73,251,,,partial (npxxy unavailable: 5.58: identity check failed at R/222: ILE is not Y),pf2r,Active,Class A (Rhodopsin),2.67,Electron microscopy,calibration,0
8IUL,pf2r_human,R,sifts,,16.947065,P43088,222,304,73,251,,,73,251,,,partial (npxxy unavailable: 5.58: identity check failed at R/222: ILE is not Y),pf2r,Active,Class A (Rhodopsin),2.78,Electron microscopy,calibration,0
8IUM,pf2r_human,R,sifts,,17.28441,P43088,222,304,73,251,,,73,251,,,partial (npxxy unavailable: 5.58: identity check failed at R/222: ILE is not Y),pf2r,Active,Class A (Rhodopsin),3.14,Electron microscopy,calibration,0
8XJK,pf2r_human,,,,,P43088,222,304,73,251,,,,,,,sifts/R: npxxy: 5.58: identity check failed at R/307: LEU is not Y ; tilt: 2x46: identity check failed at R/158: GLY is not L | identity/R: npxxy: 5.58: identity check failed at R/222: ILE is not Y,pf2r,Active,Class A (Rhodopsin),2.63,Electron microscopy,calibration,0
8XJL,pf2r_human,,,,,P43088,222,304,73,251,,,,,,,sifts/R: npxxy: 5.58: identity check failed at R/307: LEU is not Y ; tilt: 2x46: identity check failed at R/158: GLY is not L | identity/R: npxxy: 5.58: identity check failed at R/222: ILE is not Y,pf2r,Active,Class A (Rhodopsin),2.77,Electron microscopy,calibration,0
8XJM,pf2r_human,,,,,P43088,222,304,73,251,,,,,,,sifts/R: npxxy: 5.58: identity check failed at R/307: LEU is not Y ; tilt: 2x46: identity check failed at R/158: GLY is not L | identity/R: npxxy: 5.58: identity check failed at R/222: ILE is not Y,pf2r,Active,Class A (Rhodopsin),2.85,Electron microscopy,calibration,0
8X79,pi2r_human,R,sifts,,16.627187,P43119,205,292,56,241,,,56,241,,,partial (npxxy unavailable: 5.58: identity check failed at R/205: SER is not Y),pi2r,Active,Class A (Rhodopsin),2.41,Electron microscopy,calibration,0
8X7A,pi2r_human,R,sifts,,16.462163,P43119,205,292,56,241,,,56,241,,,partial (npxxy unavailable: 5.58: identity check failed at R/205: SER is not Y),pi2r,Active,Class A (Rhodopsin),2.56,Electron microscopy,calibration,0
8ZPS,prlhr_human,R,sifts,4.226959,17.340918,P49683,245,335,102,280,245,335,102,280,,,ok,prlhr,Active,Class A (Rhodopsin),2.97,Electron microscopy,calibration,0
8ZPT,prlhr_human,R,sifts,3.755221,17.323453,P49683,245,335,102,280,245,335,102,280,,,ok,prlhr,Active,Class A (Rhodopsin),2.96,Electron microscopy,calibration,0
5ZKQ,ptafr_human,,,,,P25105,206,293,59,233,,,,,,,sifts/B: npxxy: 5.58: identity check failed at B/208: VAL is not Y ; tilt: 2x46: identity check failed at B/61: MET is not L | sifts/A: npxxy: 5.58: identity check failed at A/208: VAL is not Y ; tilt: 2x46: identity check failed at A/61: MET is not L | identity/B: npxxy: 5.58: identity check failed at B/206: ASN is not Y | identity/A: npxxy: 5.58: identity check failed at A/206: ASN is not Y,ptafr,Active,Class A (Rhodopsin),2.9,X-ray diffraction,calibration,0
8XYD,ptafr_human,A,sifts,,17.79812,P25105,206,293,59,233,,,59,233,,,partial (npxxy unavailable: 5.58: identity check failed at A/206: ASN is not Y),ptafr,Active,Class A (Rhodopsin),2.9,Electron microscopy,calibration,0
5XSZ,q08bg4_danre,,,,,Q08BG4,214,302,69,242,,,,,,,sifts/A: npxxy: 5.58: identity check failed at A/215: ALA is not Y ; tilt: 2x46: identity check failed at A/70: VAL is not L | identity/A: npxxy: 5.58: identity check failed at A/214: SER is not Y,q08bg4,Active,Class A (Rhodopsin),3.2,X-ray diffraction,calibration,0
7JHJ,q3ksp2_ebvg,,,,,Q3KSP2,205,282,75,227,,,,,,,"SIFTS has no segment for Q3KSP2 in 7JHJ (present: ['A0A0B4J1H6', 'P0DXP0', 'P59768', 'P62873', 'P63096'])",q3ksp2,Active,Class A (Rhodopsin),3.2,Electron microscopy,calibration,0
8K4O,q76sf8_hhv8,,,,,Q76SF8,231,314,89,253,,,,,,,"SIFTS has no segment for Q76SF8 in 8K4O (present: ['P09341', 'P59768', 'P62873', 'P63096', 'Q98146'])",q76sf8,Active,Class A (Rhodopsin),3.01,Electron microscopy,calibration,0
8K4P,q76sf8_hhv8,,,,,Q76SF8,231,314,89,253,,,,,,,"SIFTS has no segment for Q76SF8 in 8K4P (present: ['P59768', 'P62873', 'P63096', 'Q98146'])",q76sf8,Active,Class A (Rhodopsin),2.81,Electron microscopy,calibration,0
5WB1,q80km9_hcmv,,,,,Q80KM9,208,291,75,230,,,,,,,SIFTS has no segment for Q80KM9 in 5WB1 (present: ['P69333']),q80km9,Active,Class A (Rhodopsin),3.51,X-ray diffraction,calibration,0
5WB2,q80km9_hcmv,,,,,Q80KM9,208,291,75,230,,,,,,,"SIFTS has no segment for Q80KM9 in 5WB2 (present: ['P69333', 'P78423'])",q80km9,Active,Class A (Rhodopsin),3.5,X-ray diffraction,calibration,0
8WZ2,qrfpr_human,R,sifts,4.677294,16.420444,Q96P65,234,332,87,275,234,332,87,275,,,ok,qrfpr,Active,Class A (Rhodopsin),2.73,Electron microscopy,calibration,0
8ZH8,qrfpr_human,R,identity,4.858713,16.841981,Q96P65,234,332,87,275,234,332,87,275,[identity; SIFTS unusable: sifts/R: npxxy: 5.58: residue R/257 not modelled ; tilt: 2x46: identity check failed at R/110: ASN is not L],,ok,qrfpr,Active,Class A (Rhodopsin),3.19,Electron microscopy,calibration,0
7YJ4,rl3r2_human,R,sifts,4.480114,17.791139,Q8TDU9,224,309,83,248,224,309,83,248,,,ok,rl3r2,Active,Class A (Rhodopsin),3.19,Electron microscopy,calibration,0
7YK6,rl3r2_human,R,sifts,4.748138,17.663808,Q8TDU9,224,309,83,248,224,309,83,248,,,ok,rl3r2,Active,Class A (Rhodopsin),3.03,Electron microscopy,calibration,0
7YK7,rl3r2_human,R,sifts,4.141379,17.958679,Q8TDU9,224,309,83,248,224,309,83,248,,,ok,rl3r2,Active,Class A (Rhodopsin),2.75,Electron microscopy,calibration,0
7TMW,rxfp1_human,R,identity,3.559275,18.258036,Q9HBX9,599,681,447,630,599,681,447,630,[identity; SIFTS unusable: sifts/R: npxxy: 5.58: identity check failed at R/598: SER is not Y ; tilt: 2x46: identity check failed at R/446: SER is not L],,ok,rxfp1,Active,Class A (Rhodopsin),3.2,Electron microscopy,calibration,0
7EO2,s1pr1_human,A,sifts,3.962554,18.066116,P21453,221,311,87,258,221,311,87,258,,,ok,s1pr1,Active,Class A (Rhodopsin),2.89,Electron microscopy,calibration,0
7EO4,s1pr1_human,A,sifts,3.701174,17.910412,P21453,221,311,87,258,221,311,87,258,,,ok,s1pr1,Active,Class A (Rhodopsin),2.86,Electron microscopy,calibration,0
7EVY,s1pr1_human,D,identity,3.561774,18.437116,P21453,221,311,87,258,221,311,87,258,[identity; SIFTS unusable: sifts/D: npxxy: 5.58: residue D/405 not modelled ; tilt: 2x46: identity check failed at D/271: PRO is not L],,ok,s1pr1,Active,Class A (Rhodopsin),2.98,Electron microscopy,calibration,0
7EVZ,s1pr1_human,D,identity,3.413281,17.873853,P21453,221,311,87,258,221,311,87,258,[identity; SIFTS unusable: sifts/D: npxxy: 5.58: identity check failed at D/405: PLM is not Y ; tilt: 2x46: identity check failed at D/271: PRO is not L],,ok,s1pr1,Active,Class A (Rhodopsin),3.07,Electron microscopy,calibration,0
7EW0,s1pr1_human,D,identity,4.127333,18.282645,P21453,221,311,87,258,221,311,87,258,[identity; SIFTS unusable: sifts/D: npxxy: 5.58: residue D/405 not modelled ; tilt: 2x46: identity check failed at D/271: PRO is not L],,ok,s1pr1,Active,Class A (Rhodopsin),3.42,Electron microscopy,calibration,0
7EW7,s1pr1_human,D,identity,3.265615,18.074115,P21453,221,311,87,258,221,311,87,258,[identity; SIFTS unusable: sifts/D: npxxy: 5.58: residue D/405 not modelled ; tilt: 2x46: identity check failed at D/271: PRO is not L],,ok,s1pr1,Active,Class A (Rhodopsin),3.27,Electron microscopy,calibration,0
7TD3,s1pr1_human,R,identity,3.905388,17.322132,P21453,221,311,87,258,221,311,87,258,[identity; SIFTS unusable: sifts/R: npxxy: 5.58: identity check failed at R/231: ARG is not Y ; tilt: 2x46: identity check failed at R/97: ALA is not L],,ok,s1pr1,Active,Class A (Rhodopsin),3.0,Electron microscopy,calibration,0
7TD4,s1pr1_human,R,identity,3.97643,17.33472,P21453,221,311,87,258,221,311,87,258,[identity; SIFTS unusable: sifts/R: npxxy: 5.58: identity check failed at R/231: ARG is not Y ; tilt: 2x46: identity check failed at R/97: ALA is not L],,ok,s1pr1,Active,Class A (Rhodopsin),2.6,Electron microscopy,calibration,0
7VIE,s1pr1_human,F,sifts,3.607608,16.952395,P21453,221,311,87,258,221,311,87,258,,,ok,s1pr1,Active,Class A (Rhodopsin),2.86,Electron microscopy,calibration,0
7VIF,s1pr1_human,F,sifts,3.417477,17.06686,P21453,221,311,87,258,221,311,87,258,,,ok,s1pr1,Active,Class A (Rhodopsin),2.83,Electron microscopy,calibration,0
7VIG,s1pr1_human,F,sifts,3.528273,17.079885,P21453,221,311,87,258,221,311,87,258,,,ok,s1pr1,Active,Class A (Rhodopsin),2.89,Electron microscopy,calibration,0
7VIH,s1pr1_human,F,sifts,3.459785,17.249481,P21453,221,311,87,258,221,311,87,258,,,ok,s1pr1,Active,Class A (Rhodopsin),2.98,Electron microscopy,calibration,0
7WF7,s1pr1_human,A,sifts,3.520267,17.607629,P21453,221,311,87,258,221,311,87,258,,,ok,s1pr1,Active,Class A (Rhodopsin),3.4,Electron microscopy,calibration,0
8G94,s1pr1_human,A,sifts,3.659333,17.190304,P21453,221,311,87,258,221,311,87,258,,,ok,s1pr1,Active,Class A (Rhodopsin),3.15,Electron microscopy,calibration,0
8YIC,s1pr1_human,R,identity,4.076224,18.07349,P21453,221,311,87,258,221,311,87,258,[identity; SIFTS unusable: sifts/R: npxxy: 5.58: residue R/389 not modelled ; tilt: 6x37: residue R/426 not modelled],,ok,s1pr1,Active,Class A (Rhodopsin),3.47,Electron microscopy,calibration,0
7T6B,s1pr2_human,R,sifts,3.953792,17.925789,O95136,209,288,75,235,209,288,75,235,,,ok,s1pr2,Active,Class A (Rhodopsin),3.19,Electron microscopy,calibration,0
7C4S,s1pr3_human,A,sifts,4.293411,18.057711,Q99500,215,298,81,245,215,298,81,245,,,ok,s1pr3,Active,Class A (Rhodopsin),3.2,X-ray diffraction,calibration,0
7EW2,s1pr3_human,R,identity,3.70172,18.480584,Q99500,215,298,81,245,215,298,81,245,[identity; SIFTS unusable: sifts/R: npxxy: 5.58: identity check failed at R/249: VAL is not Y ; tilt: 2x46: identity check failed at R/115: GLU is not L],,ok,s1pr3,Active,Class A (Rhodopsin),3.1,Electron microscopy,calibration,0
7EW3,s1pr3_human,R,identity,3.157916,18.547492,Q99500,215,298,81,245,215,298,81,245,[identity; SIFTS unusable: sifts/R: npxxy: 5.58: identity check failed at R/249: VAL is not Y ; tilt: 2x46: identity check failed at R/115: GLU is not L],,ok,s1pr3,Active,Class A (Rhodopsin),3.1,Electron microscopy,calibration,0
7EW4,s1pr3_human,R,identity,4.00074,18.480243,Q99500,215,298,81,245,215,298,81,245,[identity; SIFTS unusable: sifts/R: npxxy: 5.58: identity check failed at R/249: VAL is not Y ; tilt: 2x46: identity check failed at R/115: GLU is not L],,ok,s1pr3,Active,Class A (Rhodopsin),3.2,Electron microscopy,calibration,0
7EW1,s1pr5_human,A,identity,4.419239,18.35314,Q9H228,212,306,78,253,212,306,78,253,[identity; SIFTS unusable: sifts/A: npxxy: 5.58: identity check failed at A/245: ARG is not Y ; tilt: 2x46: identity check failed at A/111: ARG is not L],,ok,s1pr5,Active,Class A (Rhodopsin),3.4,Electron microscopy,calibration,0
8XIO,ssr1_human,A,sifts,3.696014,17.392568,P30872,243,323,100,273,243,323,100,273,,,ok,ssr1,Active,Class A (Rhodopsin),2.65,Electron microscopy,calibration,0
8XIP,ssr1_human,A,sifts,5.189563,17.570781,P30872,243,323,100,273,243,323,100,273,,,ok,ssr1,Active,Class A (Rhodopsin),3.29,Electron microscopy,calibration,0
7T10,ssr2_human,R,identity,5.534021,18.229259,P30874,228,312,85,258,228,312,85,258,[identity; SIFTS unusable: sifts/R: npxxy: 5.58: identity check failed at R/267: PHE is not Y ; tilt: 2x46: identity check failed at R/124: ILE is not L],,ok,ssr2,Active,Class A (Rhodopsin),2.5,Electron microscopy,calibration,0
7T11,ssr2_human,R,identity,4.376639,18.024554,P30874,228,312,85,258,228,312,85,258,[identity; SIFTS unusable: sifts/R: npxxy: 5.58: identity check failed at R/267: PHE is not Y ; tilt: 2x46: identity check failed at R/124: ILE is not L],,ok,ssr2,Active,Class A (Rhodopsin),2.7,Electron microscopy,calibration,0
7WIC,ssr2_human,R,sifts,3.883325,18.251983,P30874,228,312,85,258,228,312,85,258,,,ok,ssr2,Active,Class A (Rhodopsin),2.8,Electron microscopy,calibration,0
7WIG,ssr2_human,R,sifts,4.283396,18.282294,P30874,228,312,85,258,228,312,85,258,,,ok,ssr2,Active,Class A (Rhodopsin),2.7,Electron microscopy,calibration,0
7WJ5,ssr2_human,R,identity,5.07145,17.408378,P30874,228,312,85,258,228,312,85,258,[identity; SIFTS unusable: sifts/R: npxxy: 5.58: residue R/377 not modelled ; tilt: 2x46: identity check failed at R/234: LYS is not L],,ok,ssr2,Active,Class A (Rhodopsin),3.72,Electron microscopy,calibration,0
7XAT,ssr2_human,A,identity,4.056413,17.569422,P30874,228,312,85,258,228,312,85,258,[identity; SIFTS unusable: sifts/A: npxxy: 5.58: identity check failed at A/274: ILE is not Y ; tilt: 2x46: identity check failed at A/131: PHE is not L],,ok,ssr2,Active,Class A (Rhodopsin),2.85,Electron microscopy,calibration,0
7XAU,ssr2_human,A,identity,3.679941,17.682715,P30874,228,312,85,258,228,312,85,258,[identity; SIFTS unusable: sifts/A: npxxy: 5.58: identity check failed at A/274: ILE is not Y ; tilt: 2x46: identity check failed at A/131: PHE is not L],,ok,ssr2,Active,Class A (Rhodopsin),2.97,Electron microscopy,calibration,0
7XAV,ssr2_human,A,identity,3.686094,17.68796,P30874,228,312,85,258,228,312,85,258,[identity; SIFTS unusable: sifts/A: npxxy: 5.58: identity check failed at A/274: ILE is not Y ; tilt: 2x46: identity check failed at A/131: PHE is not L],,ok,ssr2,Active,Class A (Rhodopsin),2.87,Electron microscopy,calibration,0
7XMR,ssr2_human,R,identity,4.03343,18.128217,P30874,228,312,85,258,228,312,85,258,[identity; SIFTS unusable: sifts/R: npxxy: 5.58: identity check failed at R/237: SER is not Y ; tilt: 6x37: identity check failed at R/267: PHE is not V],,ok,ssr2,Active,Class A (Rhodopsin),3.1,Electron microscopy,calibration,0
7Y24,ssr2_human,E,sifts,3.025295,17.533128,P30874,228,312,85,258,228,312,85,258,,,ok,ssr2,Active,Class A (Rhodopsin),3.25,Electron microscopy,calibration,0
7Y26,ssr2_human,E,sifts,5.595676,18.906072,P30874,228,312,85,258,228,312,85,258,,,ok,ssr2,Active,Class A (Rhodopsin),3.3,Electron microscopy,calibration,0
7Y27,ssr2_human,E,sifts,3.588484,19.258586,P30874,228,312,85,258,228,312,85,258,,,ok,ssr2,Active,Class A (Rhodopsin),3.48,Electron microscopy,calibration,0
7YAC,ssr2_human,E,identity,4.138885,18.356692,P30874,228,312,85,258,228,312,85,258,[identity; SIFTS unusable: sifts/E: npxxy: 5.58: identity check failed at E/222: THR is not Y ; tilt: 2x46: identity check failed at E/79: ASN is not L],,ok,ssr2,Active,Class A (Rhodopsin),3.24,Electron microscopy,calibration,0
7YAE,ssr2_human,E,identity,4.42904,18.958983,P30874,228,312,85,258,228,312,85,258,[identity; SIFTS unusable: sifts/E: npxxy: 5.58: identity check failed at E/236: LYS is not Y ; tilt: 2x46: identity check failed at E/93: MET is not L],,ok,ssr2,Active,Class A (Rhodopsin),3.37,Electron microscopy,calibration,0
8XIQ,ssr3_human,A,sifts,4.032098,18.102663,P32745,226,313,86,259,226,313,86,259,,,ok,ssr3,Active,Class A (Rhodopsin),2.71,Electron microscopy,calibration,0
8XIR,ssr3_human,A,sifts,3.753805,17.114185,P32745,226,313,86,259,226,313,86,259,,,ok,ssr3,Active,Class A (Rhodopsin),2.52,Electron microscopy,calibration,0
7XMS,ssr4_human,R,identity,4.49807,17.126717,P31391,231,311,89,261,231,311,89,261,[identity; SIFTS unusable: sifts/R: npxxy: 5.58: identity check failed at R/240: ALA is not Y ; tilt: 6x37: identity check failed at R/270: LEU is not V],,ok,ssr4,Active,Class A (Rhodopsin),2.9,Electron microscopy,calibration,0
7XMT,ssr4_human,R,identity,4.778924,17.2551,P31391,231,311,89,261,231,311,89,261,[identity; SIFTS unusable: sifts/R: npxxy: 5.58: identity check failed at R/240: ALA is not Y ; tilt: 6x37: identity check failed at R/270: LEU is not V],,ok,ssr4,Active,Class A (Rhodopsin),2.8,Electron microscopy,calibration,0
8X8L,ssr5_human,R,sifts,3.179405,17.884133,P35346,221,304,82,250,221,304,82,250,,,ok,ssr5,Active,Class A (Rhodopsin),2.7,Electron microscopy,calibration,0
8X8N,ssr5_human,R,sifts,4.884089,19.715093,P35346,221,304,82,250,221,304,82,250,,,ok,ssr5,Active,Class A (Rhodopsin),2.9,Electron microscopy,calibration,0
8ZBE,ssr5_human,A,identity,3.130185,17.637634,P35346,221,304,82,250,221,304,82,250,[identity; SIFTS unusable: sifts/A: npxxy: 5.58: identity check failed at A/269: ILE is not Y ; tilt: 6x37: identity check failed at A/298: CYS is not V],,ok,ssr5,Active,Class A (Rhodopsin),3.24,Electron microscopy,calibration,0
8ZCJ,ssr5_human,G,identity,3.227534,17.450072,P35346,221,304,82,250,221,304,82,250,[identity; SIFTS unusable: sifts/G: npxxy: 5.58: identity check failed at G/269: ILE is not Y ; tilt: 6x37: identity check failed at G/298: CYS is not V],,ok,ssr5,Active,Class A (Rhodopsin),3.09,Electron microscopy,calibration,0
8JPN,sucr1_human,R,identity,4.376326,18.033033,Q9BXA5,207,295,65,234,207,295,65,234,[identity; SIFTS unusable: sifts/R: npxxy: 5.58: residue R/370 not modelled ; tilt: 2x46: identity check failed at R/228: GLU is not L],,ok,sucr1,Active,Class A (Rhodopsin),2.9,Electron microscopy,calibration,0
8JPP,sucr1_human,R,identity,4.005732,16.938739,Q9BXA5,207,295,65,234,207,295,65,234,[identity; SIFTS unusable: sifts/R: npxxy: 5.58: residue R/370 not modelled ; tilt: 2x46: identity check failed at R/228: GLU is not L],,ok,sucr1,Active,Class A (Rhodopsin),3.2,Electron microscopy,calibration,0
8WOG,sucr1_human,A,sifts,4.37451,17.567927,Q9BXA5,207,295,65,234,207,295,65,234,,,ok,sucr1,Active,Class A (Rhodopsin),2.97,Electron microscopy,calibration,0
8WP1,sucr1_human,A,sifts,4.378028,17.609835,Q9BXA5,207,295,65,234,207,295,65,234,,,ok,sucr1,Active,Class A (Rhodopsin),3.15,Electron microscopy,calibration,0
8YKV,sucr1_human,R,sifts,4.14851,16.987832,Q9BXA5,207,295,65,234,207,295,65,234,,,ok,sucr1,Active,Class A (Rhodopsin),2.48,Electron microscopy,calibration,0
8YKW,sucr1_human,R,sifts,3.991181,16.884578,Q9BXA5,207,295,65,234,207,295,65,234,,,ok,sucr1,Active,Class A (Rhodopsin),2.75,Electron microscopy,calibration,0
8YKX,sucr1_human,R,sifts,4.085439,16.96071,Q9BXA5,207,295,65,234,207,295,65,234,,,ok,sucr1,Active,Class A (Rhodopsin),2.69,Electron microscopy,calibration,0
6IBB,sucr1_rat,A,identity,25.347454,15.378137,Q6IYF9,203,290,61,230,203,290,61,230,[identity; SIFTS unusable: sifts/A: npxxy: 5.58: identity check failed at A/210: LEU is not Y ; tilt: 2x46: identity check failed at A/68: PHE is not L],,ok,sucr1,Active,Class A (Rhodopsin),2.12,X-ray diffraction,calibration,0
6RNK,sucr1_rat,A,identity,25.593577,15.235253,Q6IYF9,203,290,61,230,203,290,61,230,[identity; SIFTS unusable: sifts/A: npxxy: 5.58: identity check failed at A/210: LEU is not Y ; tilt: 2x46: identity check failed at A/68: PHE is not L],,ok,sucr1,Active,Class A (Rhodopsin),1.94,X-ray diffraction,calibration,0
6Z10,sucr1_rat,A,identity,25.568362,15.27668,Q6IYF9,203,290,61,230,203,290,61,230,[identity; SIFTS unusable: sifts/A: npxxy: 5.58: identity check failed at A/210: LEU is not Y ; tilt: 2x46: identity check failed at A/68: PHE is not L],,ok,sucr1,Active,Class A (Rhodopsin),2.27,X-ray diffraction,calibration,0
8XJN,ta2r_human,,,,,P21731,215,308,70,247,,,,,,,sifts/R: npxxy: 5.58: identity check failed at R/268: THR is not Y ; tilt: 2x46: identity check failed at R/123: GLY is not L | identity/R: npxxy: 5.58: identity check failed at R/215: ASN is not Y,ta2r,Active,Class A (Rhodopsin),3.06,Electron microscopy,calibration,0
8XJO,ta2r_human,,,,,P21731,215,308,70,247,,,,,,,sifts/R: npxxy: 5.58: identity check failed at R/268: THR is not Y ; tilt: 2x46: identity check failed at R/123: GLY is not L | identity/R: npxxy: 5.58: identity check failed at R/215: ASN is not Y,ta2r,Active,Class A (Rhodopsin),3.11,Electron microscopy,calibration,0
8PM2,taa7f_mouse,R,identity,3.647727,18.528919,Q5QD08,232,326,89,275,232,326,89,275,[identity; SIFTS unusable: sifts/R: npxxy: 5.58: identity check failed at R/233: SER is not Y ; tilt: 2x46: identity check failed at R/90: ALA is not L],,ok,taa7f,Active,Class A (Rhodopsin),2.92,Electron microscopy,calibration,0
8JLN,taar1_human,R,identity,4.19565,19.387619,Q96RJ0,210,304,65,253,210,304,65,253,[identity; SIFTS unusable: sifts/R: npxxy: 5.58: residue R/341 not modelled ; tilt: 6x37: residue R/384 not modelled],,ok,taar1,Active,Class A (Rhodopsin),3.24,Electron microscopy,calibration,0
8JLO,taar1_human,R,identity,4.11802,19.106349,Q96RJ0,210,304,65,253,210,304,65,253,[identity; SIFTS unusable: sifts/R: npxxy: 5.58: residue R/341 not modelled ; tilt: 6x37: residue R/384 not modelled],,ok,taar1,Active,Class A (Rhodopsin),3.52,Electron microscopy,calibration,0
8JLP,taar1_human,R,identity,4.519694,19.090734,Q96RJ0,210,304,65,253,210,304,65,253,[identity; SIFTS unusable: sifts/R: npxxy: 5.58: residue R/341 not modelled ; tilt: 6x37: residue R/384 not modelled],,ok,taar1,Active,Class A (Rhodopsin),3.23,Electron microscopy,calibration,0
8JLQ,taar1_human,R,identity,5.045725,18.917881,Q96RJ0,210,304,65,253,210,304,65,253,[identity; SIFTS unusable: sifts/R: npxxy: 5.58: residue R/341 not modelled ; tilt: 6x37: residue R/384 not modelled],,ok,taar1,Active,Class A (Rhodopsin),2.84,Electron microscopy,calibration,0
8JLR,taar1_human,R,identity,4.225185,18.363997,Q96RJ0,210,304,65,253,210,304,65,253,[identity; SIFTS unusable: sifts/R: npxxy: 5.58: residue R/341 not modelled ; tilt: 6x37: residue R/384 not modelled],,ok,taar1,Active,Class A (Rhodopsin),3.0,Electron microscopy,calibration,0
8JSO,taar1_human,R,identity,4.785032,19.467438,Q96RJ0,210,304,65,253,210,304,65,253,[identity; SIFTS unusable: sifts/R: npxxy: 5.58: residue R/341 not modelled ; tilt: 6x37: residue R/384 not modelled],,ok,taar1,Active,Class A (Rhodopsin),3.4,Electron microscopy,calibration,0
8UHB,taar1_human,A,identity,4.079385,18.216859,Q96RJ0,210,304,65,253,210,304,65,253,[identity; SIFTS unusable: sifts/A: npxxy: 5.58: residue A/395 not modelled ; tilt: 2x46: identity check failed at A/250: VAL is not M],,ok,taar1,Active,Class A (Rhodopsin),3.35,Electron microscopy,calibration,0
8W87,taar1_human,R,sifts,3.977533,18.475343,Q96RJ0,210,304,65,253,210,304,65,253,,,ok,taar1,Active,Class A (Rhodopsin),2.8,Electron microscopy,calibration,0
8W88,taar1_human,R,sifts,4.055295,18.426962,Q96RJ0,210,304,65,253,210,304,65,253,,,ok,taar1,Active,Class A (Rhodopsin),2.6,Electron microscopy,calibration,0
8W89,taar1_human,R,sifts,3.824435,18.50097,Q96RJ0,210,304,65,253,210,304,65,253,,,ok,taar1,Active,Class A (Rhodopsin),3.0,Electron microscopy,calibration,0
8W8A,taar1_human,R,sifts,3.711836,18.570508,Q96RJ0,210,304,65,253,210,304,65,253,,,ok,taar1,Active,Class A (Rhodopsin),2.8,Electron microscopy,calibration,0
8WC8,taar1_human,R,sifts,3.896364,18.52282,Q96RJ0,210,304,65,253,210,304,65,253,,,ok,taar1,Active,Class A (Rhodopsin),2.9,Electron microscopy,calibration,0
8WCA,taar1_human,R,sifts,4.637089,19.359833,Q96RJ0,210,304,65,253,210,304,65,253,,,ok,taar1,Active,Class A (Rhodopsin),3.48,Electron microscopy,calibration,0
8ZSJ,taar1_human,R,identity,3.711992,18.42371,Q96RJ0,210,304,65,253,210,304,65,253,[identity; SIFTS unusable: sifts/R: npxxy: 5.58: residue R/366 not modelled ; tilt: 2x46: identity check failed at R/221: ALA is not M],,ok,taar1,Active,Class A (Rhodopsin),2.8,Electron microscopy,calibration,0
8ZSP,taar1_human,R,identity,4.273383,18.469769,Q96RJ0,210,304,65,253,210,304,65,253,[identity; SIFTS unusable: sifts/R: npxxy: 5.58: residue R/366 not modelled ; tilt: 2x46: identity check failed at R/221: ALA is not M],,ok,taar1,Active,Class A (Rhodopsin),3.14,Electron microscopy,calibration,0
8ZSS,taar1_human,R,identity,3.680531,18.45652,Q96RJ0,210,304,65,253,210,304,65,253,[identity; SIFTS unusable: sifts/R: npxxy: 5.58: residue R/366 not modelled ; tilt: 2x46: identity check failed at R/221: ALA is not M],,ok,taar1,Active,Class A (Rhodopsin),3.07,Electron microscopy,calibration,0
9JKQ,taar1_human,R,identity,4.300381,18.985785,Q96RJ0,210,304,65,253,210,304,65,253,[identity; SIFTS unusable: sifts/R: npxxy: 5.58: residue R/335 not modelled ; tilt: 2x46: identity check failed at R/190: SER is not M],,ok,taar1,Active,Class A (Rhodopsin),2.66,Electron microscopy,calibration,0
8JLJ,taar1_mouse,R,identity,5.052807,19.508492,Q923Y8,209,301,64,250,209,301,64,250,[identity; SIFTS unusable: sifts/R: npxxy: 5.58: residue R/323 not modelled ; tilt: 2x46: identity check failed at R/178: LEU is not M],,ok,taar1,Active,Class A (Rhodopsin),3.1,Electron microscopy,calibration,0
8JLK,taar1_mouse,R,identity,4.54204,18.86245,Q923Y8,209,301,64,250,209,301,64,250,[identity; SIFTS unusable: sifts/R: npxxy: 5.58: residue R/323 not modelled ; tilt: 2x46: identity check failed at R/178: LEU is not M],,ok,taar1,Active,Class A (Rhodopsin),3.22,Electron microscopy,calibration,0
8WC3,taar1_mouse,R,sifts,4.58698,19.051255,Q923Y8,209,301,64,250,209,301,64,250,,,ok,taar1,Active,Class A (Rhodopsin),3.0,Electron microscopy,calibration,0
8WC4,taar1_mouse,R,sifts,4.533232,19.534939,Q923Y8,209,301,64,250,209,301,64,250,,,ok,taar1,Active,Class A (Rhodopsin),3.1,Electron microscopy,calibration,0
8WC5,taar1_mouse,R,sifts,5.375781,19.949743,Q923Y8,209,301,64,250,209,301,64,250,,,ok,taar1,Active,Class A (Rhodopsin),3.3,Electron microscopy,calibration,0
8WC6,taar1_mouse,R,sifts,4.084169,19.442399,Q923Y8,209,301,64,250,209,301,64,250,,,ok,taar1,Active,Class A (Rhodopsin),3.2,Electron microscopy,calibration,0
8WC7,taar1_mouse,R,sifts,4.230384,19.808105,Q923Y8,209,301,64,250,209,301,64,250,,,ok,taar1,Active,Class A (Rhodopsin),3.1,Electron microscopy,calibration,0
8WC9,taar1_mouse,R,sifts,4.529451,19.37131,Q923Y8,209,301,64,250,209,301,64,250,,,ok,taar1,Active,Class A (Rhodopsin),3.2,Electron microscopy,calibration,0
8WCB,taar1_mouse,R,sifts,3.659137,19.633617,Q923Y8,209,301,64,250,209,301,64,250,,,ok,taar1,Active,Class A (Rhodopsin),3.1,Electron microscopy,calibration,0
8WCC,taar1_mouse,R,sifts,4.543455,19.441879,Q923Y8,209,301,64,250,209,301,64,250,,,ok,taar1,Active,Class A (Rhodopsin),3.04,Electron microscopy,calibration,0
8ZSV,taar1_mouse,R,identity,3.933209,18.502781,Q923Y8,209,301,64,250,209,301,64,250,[identity; SIFTS unusable: sifts/R: npxxy: 5.58: residue R/365 not modelled ; tilt: 2x46: identity check failed at R/220: ALA is not M],,ok,taar1,Active,Class A (Rhodopsin),2.96,Electron microscopy,calibration,0
8ITF,taar9_mouse,R,sifts,5.379654,18.918953,Q5QD04,217,311,74,260,217,311,74,260,,,ok,taar9,Active,Class A (Rhodopsin),3.46,Electron microscopy,calibration,0
8IW1,taar9_mouse,R,sifts,3.858019,18.873719,Q5QD04,217,311,74,260,217,311,74,260,,,ok,taar9,Active,Class A (Rhodopsin),3.4,Electron microscopy,calibration,0
8IW4,taar9_mouse,R,sifts,3.960322,18.729591,Q5QD04,217,311,74,260,217,311,74,260,,,ok,taar9,Active,Class A (Rhodopsin),3.49,Electron microscopy,calibration,0
8IW7,taar9_mouse,R,sifts,4.357433,19.120175,Q5QD04,217,311,74,260,217,311,74,260,,,ok,taar9,Active,Class A (Rhodopsin),2.97,Electron microscopy,calibration,0
8IW9,taar9_mouse,R,sifts,3.968798,18.996847,Q5QD04,217,311,74,260,217,311,74,260,,,ok,taar9,Active,Class A (Rhodopsin),3.08,Electron microscopy,calibration,0
8IWE,taar9_mouse,R,sifts,3.960322,18.729591,Q5QD04,217,311,74,260,217,311,74,260,,,ok,taar9,Active,Class A (Rhodopsin),3.4,Electron microscopy,calibration,0
8IWM,taar9_mouse,R,sifts,4.357433,19.120175,Q5QD04,217,311,74,260,217,311,74,260,,,ok,taar9,Active,Class A (Rhodopsin),3.17,Electron microscopy,calibration,0
7WKD,trfr_human,R,sifts,4.29304,16.857552,P34981,211,320,67,268,211,320,67,268,,,ok,trfr,Active,Class A (Rhodopsin),3.01,Electron microscopy,calibration,0
7X1T,trfr_human,A,sifts,4.644279,17.966504,P34981,211,320,67,268,211,320,67,268,,,ok,trfr,Active,Class A (Rhodopsin),3.26,Electron microscopy,calibration,0
7X1U,trfr_human,A,sifts,4.620798,17.565631,P34981,211,320,67,268,211,320,67,268,,,ok,trfr,Active,Class A (Rhodopsin),3.19,Electron microscopy,calibration,0
7XW9,trfr_human,R,sifts,4.620576,17.24523,P34981,211,320,67,268,211,320,67,268,,,ok,trfr,Active,Class A (Rhodopsin),2.7,Electron microscopy,calibration,0
7T9I,tshr_human,R,sifts,4.110166,17.976342,P16473,601,678,456,626,601,678,456,626,,,ok,tshr,Active,Class A (Rhodopsin),2.9,Electron microscopy,calibration,0
7T9N,tshr_human,R,identity,4.258265,18.283137,P16473,601,678,456,626,601,678,456,626,[identity; SIFTS unusable: sifts/R: npxxy: 5.58: identity check failed at R/589: LEU is not Y ; tilt: 2x46: identity check failed at R/444: TYR is not L],,ok,tshr,Active,Class A (Rhodopsin),2.9,Electron microscopy,calibration,0
7UTZ,tshr_human,R,sifts,3.675178,17.64872,P16473,601,678,456,626,601,678,456,626,,,ok,tshr,Active,Class A (Rhodopsin),2.4,Electron microscopy,calibration,0
7XW5,tshr_human,R,identity,3.719677,18.241415,P16473,601,678,456,626,601,678,456,626,[identity; SIFTS unusable: sifts/R: npxxy: 5.58: identity check failed at R/581: ALA is not Y ; tilt: 6x37: identity check failed at R/606: ILE is not M],,ok,tshr,Active,Class A (Rhodopsin),2.96,Electron microscopy,calibration,0
7XW6,tshr_human,R,identity,3.621847,18.092133,P16473,601,678,456,626,601,678,456,626,[identity; SIFTS unusable: sifts/R: npxxy: 5.58: identity check failed at R/581: ALA is not Y ; tilt: 6x37: identity check failed at R/606: ILE is not M],,ok,tshr,Active,Class A (Rhodopsin),2.78,Electron microscopy,calibration,0
4XT1,us28_hcmva,A,identity,4.887403,16.688043,P69332,208,291,75,230,208,291,75,230,[identity; SIFTS unusable: sifts/A: npxxy: 5.58: identity check failed at A/216: ALA is not Y ; tilt: 2x46: identity check failed at A/83: VAL is not L],,ok,us28,Active,Class A (Rhodopsin),2.89,X-ray diffraction,calibration,0
4XT3,us28_hcmva,A,identity,4.606579,16.659701,P69332,208,291,75,230,208,291,75,230,[identity; SIFTS unusable: sifts/A: npxxy: 5.58: identity check failed at A/216: ALA is not Y ; tilt: 2x46: identity check failed at A/83: VAL is not L],,ok,us28,Active,Class A (Rhodopsin),3.8,X-ray diffraction,calibration,0
7RKF,us28_hcmva,R,identity,4.812892,18.720843,P69332,208,291,75,230,208,291,75,230,[identity; SIFTS unusable: sifts/R: npxxy: 5.58: identity check failed at R/216: ALA is not Y ; tilt: 2x46: identity check failed at R/83: VAL is not L],,ok,us28,Active,Class A (Rhodopsin),4.0,Electron microscopy,calibration,0
7RKM,us28_hcmva,R,identity,3.756982,17.756925,P69332,208,291,75,230,208,291,75,230,[identity; SIFTS unusable: sifts/R: npxxy: 5.58: identity check failed at R/216: ALA is not Y ; tilt: 2x46: identity check failed at R/83: VAL is not L],,ok,us28,Active,Class A (Rhodopsin),3.5,Electron microscopy,calibration,0
7RKN,us28_hcmva,R,identity,3.22144,16.851898,P69332,208,291,75,230,208,291,75,230,[identity; SIFTS unusable: sifts/R: npxxy: 5.58: identity check failed at R/216: ALA is not Y ; tilt: 2x46: identity check failed at R/83: VAL is not L],,ok,us28,Active,Class A (Rhodopsin),3.6,Electron microscopy,calibration,0
7BB6,v2r_human,,,,,P30518,225,325,81,273,,,,,,,sifts/A: npxxy: 5.58: identity check failed at A/264: ALA is not Y ; tilt: 2x46: identity check failed at A/120: MET is not L | identity/A: npxxy: 5.58: identity check failed at A/225: GLN is not Y,v2r,Active,Class A (Rhodopsin),4.2,Electron microscopy,calibration,0
7BB7,v2r_human,A,sifts,,18.98676,P30518,225,325,81,273,,,81,273,,,partial (npxxy unavailable: 5.58: identity check failed at A/225: GLN is not Y),v2r,Active,Class A (Rhodopsin),4.4,Electron microscopy,calibration,0
7DW9,v2r_human,,,,,P30518,225,325,81,273,,,,,,,sifts/R: npxxy: 5.58: residue R/341 not modelled ; tilt: 2x46: identity check failed at R/197: ALA is not L | identity/R: npxxy: 5.58: identity check failed at R/225: GLN is not Y,v2r,Active,Class A (Rhodopsin),2.6,Electron microscopy,calibration,0
7KH0,v2r_human,,,,,P30518,225,325,81,273,,,,,,,sifts/R: npxxy: 5.58: identity check failed at R/234: ALA is not Y ; tilt: 6x37: identity check failed at R/282: LEU is not T | identity/R: npxxy: 5.58: identity check failed at R/225: GLN is not Y,v2r,Active,Class A (Rhodopsin),2.8,Electron microscopy,calibration,0
7R0C,v2r_human,,,,,P30518,225,325,81,273,,,,,,,sifts/A: npxxy: 5.58: identity check failed at A/232: ILE is not Y ; tilt: 2x46: identity check failed at A/88: VAL is not L | identity/A: npxxy: 5.58: identity check failed at A/225: GLN is not Y,v2r,Active,Class A (Rhodopsin),4.73,Electron microscopy,calibration,0
9AST,xcr1_human,R,sifts,5.069126,18.788547,P46094,205,287,73,227,205,287,73,227,,,ok,xcr1,Active,Class A (Rhodopsin),3.07,Electron microscopy,calibration,0
4IAQ,5ht1b_human,A,identity,11.96802,13.021249,P28222,228,369,91,316,228,369,91,316,[identity; SIFTS unusable: sifts/A: npxxy: 5.58: identity check failed at A/199: CYS is not Y ; tilt: 2x46: identity check failed at A/62: ALA is not L],,ok,5ht1b,Inactive,Class A (Rhodopsin),2.8,X-ray diffraction,application,1
4IAR,5ht1b_human,A,identity,12.806994,14.307471,P28222,228,369,91,316,228,369,91,316,[identity; SIFTS unusable: sifts/A: npxxy: 5.58: identity check failed at A/199: CYS is not Y ; tilt: 2x46: identity check failed at A/62: ALA is not L],,ok,5ht1b,Inactive,Class A (Rhodopsin),2.7,X-ray diffraction,application,1
5V54,5ht1b_human,A,identity,14.549854,13.592392,P28222,228,369,91,316,228,369,91,316,[identity; SIFTS unusable: sifts/A: npxxy: 5.58: residue A/192 not modelled ; tilt: 6x37: residue A/1118 not modelled],,ok,5ht1b,Inactive,Class A (Rhodopsin),3.9,X-ray diffraction,application,1
7C61,5ht1b_human,,,,,P28222,228,369,91,316,,,,,,,sifts/A: npxxy: 5.58: identity check failed at A/197: SER is not Y ; tilt: 2x46: identity check failed at A/60: THR is not L | identity/A: npxxy: 7.53: identity check failed at A/369: PRO is not Y ; tilt: 6x37: identity check failed at A/316: LYS is not L,5ht1b,Inactive,Class A (Rhodopsin),3.0,X-ray diffraction,application,1
6A93,5ht2a_human,A,sifts,15.164731,12.70921,P28223,254,380,116,325,254,380,116,325,,,ok,5ht2a,Inactive,Class A (Rhodopsin),3.0,X-ray diffraction,calibration,0
6A94,5ht2a_human,A,sifts,15.038454,12.43304,P28223,254,380,116,325,254,380,116,325,,,ok,5ht2a,Inactive,Class A (Rhodopsin),2.9,X-ray diffraction,calibration,0
6WGT,5ht2a_human,B,identity,15.081573,13.018572,P28223,254,380,116,325,254,380,116,325,[identity; SIFTS unusable: sifts/B: npxxy: 5.58: identity check failed at B/215: LEU is not Y ; tilt: 2x46: identity check failed at B/77: SER is not L],,ok,5ht2a,Inactive,Class A (Rhodopsin),3.4,X-ray diffraction,calibration,0
6WH4,5ht2a_human,C,identity,13.744095,13.047553,P28223,254,380,116,325,254,380,116,325,[identity; SIFTS unusable: sifts/C: npxxy: 5.58: residue C/215 not modelled ; tilt: 2x46: identity check failed at C/77: SER is not L],,ok,5ht2a,Inactive,Class A (Rhodopsin),3.4,X-ray diffraction,calibration,0
7VOD,5ht2a_human,A,identity,14.266594,12.417704,P28223,254,380,116,325,254,380,116,325,[identity; SIFTS unusable: sifts/A: npxxy: 5.58: identity check failed at A/188: SER is not Y ; tilt: 2x46: residue A/50 not modelled],,ok,5ht2a,Inactive,Class A (Rhodopsin),3.3,X-ray diffraction,calibration,0
7VOE,5ht2a_human,A,identity,14.058259,12.593407,P28223,254,380,116,325,254,380,116,325,[identity; SIFTS unusable: sifts/A: npxxy: 5.58: identity check failed at A/188: SER is not Y ; tilt: 2x46: residue A/50 not modelled],,ok,5ht2a,Inactive,Class A (Rhodopsin),2.9,X-ray diffraction,calibration,0
7WC4,5ht2a_human,A,identity,14.278634,12.423992,P28223,254,380,116,325,254,380,116,325,[identity; SIFTS unusable: sifts/A: npxxy: 7.53: residue A/1174 not modelled ; tilt: 6x37: residue A/1119 not modelled],,ok,5ht2a,Inactive,Class A (Rhodopsin),3.2,X-ray diffraction,calibration,0
7WC5,5ht2a_human,A,identity,13.764913,12.35431,P28223,254,380,116,325,254,380,116,325,[identity; SIFTS unusable: sifts/A: npxxy: 7.53: residue A/1174 not modelled ; tilt: 6x37: residue A/1119 not modelled],,ok,5ht2a,Inactive,Class A (Rhodopsin),3.2,X-ray diffraction,calibration,0
7WC6,5ht2a_human,A,identity,13.888387,12.538891,P28223,254,380,116,325,254,380,116,325,[identity; SIFTS unusable: sifts/A: npxxy: 5.58: identity check failed at A/188: SER is not Y ; tilt: 2x46: residue A/50 not modelled],,ok,5ht2a,Inactive,Class A (Rhodopsin),2.6,X-ray diffraction,calibration,0
7WC7,5ht2a_human,A,identity,13.840313,12.441438,P28223,254,380,116,325,254,380,116,325,[identity; SIFTS unusable: sifts/A: npxxy: 5.58: identity check failed at A/188: SER is not Y ; tilt: 2x46: residue A/50 not modelled],,ok,5ht2a,Inactive,Class A (Rhodopsin),2.6,X-ray diffraction,calibration,0
7WC8,5ht2a_human,A,identity,13.815783,12.288113,P28223,254,380,116,325,254,380,116,325,[identity; SIFTS unusable: sifts/A: npxxy: 5.58: identity check failed at A/188: SER is not Y ; tilt: 2x46: residue A/50 not modelled],,ok,5ht2a,Inactive,Class A (Rhodopsin),2.45,X-ray diffraction,calibration,0
7WC9,5ht2a_human,A,identity,13.842844,12.485793,P28223,254,380,116,325,254,380,116,325,[identity; SIFTS unusable: sifts/A: npxxy: 5.58: identity check failed at A/188: SER is not Y ; tilt: 2x46: residue A/50 not modelled],,ok,5ht2a,Inactive,Class A (Rhodopsin),2.5,X-ray diffraction,calibration,0
8JT8,5ht2a_human,A,identity,13.82286,12.284232,P28223,254,380,116,325,254,380,116,325,[identity; SIFTS unusable: sifts/A: npxxy: 5.58: identity check failed at A/188: SER is not Y ; tilt: 2x46: residue A/50 not modelled],,ok,5ht2a,Inactive,Class A (Rhodopsin),2.7,X-ray diffraction,calibration,0
8ZMG,5ht2a_human,A,identity,14.623713,12.270048,P28223,254,380,116,325,254,380,116,325,[identity; SIFTS unusable: sifts/A: npxxy: 5.58: identity check failed at A/218: ASP is not Y],,ok,5ht2a,Inactive,Class A (Rhodopsin),3.4,X-ray diffraction,calibration,0
6BQH,5ht2c_human,A,identity,13.786539,13.065319,P28335,234,368,95,313,234,368,95,313,[identity; SIFTS unusable: sifts/A: npxxy: 5.58: identity check failed at A/221: VAL is not Y ; tilt: 2x46: identity check failed at A/82: LYS is not L],,ok,5ht2c,Inactive,Class A (Rhodopsin),2.7,X-ray diffraction,application,1
8ZMF,5ht2c_human,A,identity,13.991021,13.00067,P28335,234,368,95,313,234,368,95,313,[identity; SIFTS unusable: sifts/A: npxxy: 5.58: identity check failed at A/221: VAL is not Y ; tilt: 2x46: identity check failed at A/82: LYS is not L],,ok,5ht2c,Inactive,Class A (Rhodopsin),3.6,X-ray diffraction,application,1
7UM4,5ht5a_human,A,identity,19.337905,12.984186,P47898,220,338,82,287,220,338,82,287,[identity; SIFTS unusable: sifts/A: npxxy: 5.58: identity check failed at A/199: SER is not Y ; tilt: 2x46: identity check failed at A/61: VAL is not M],,ok,5ht5a,Inactive,Class A (Rhodopsin),2.8,X-ray diffraction,application,1
5N2S,aa1r_human,,,,,P30542,200,288,51,236,,,,,,,sifts/A: npxxy: 5.58: residue A/307 not modelled ; tilt: 2x46: residue A/158 not modelled | identity/A: npxxy: 5.58: residue A/200 not modelled ; tilt: 2x46: residue A/51 not modelled,aa1r,Inactive,Class A (Rhodopsin),3.3,X-ray diffraction,application,1
5UEN,aa1r_human,B,identity,9.289201,12.139582,P30542,200,288,51,236,200,288,51,236,[identity; SIFTS unusable: sifts/B: npxxy: 5.58: identity check failed at B/201: LEU is not Y ; tilt: 2x46: identity check failed at B/52: ALA is not L],,ok,aa1r,Inactive,Class A (Rhodopsin),3.2,X-ray diffraction,application,1
3EML,aa2ar_human,A,identity,9.584919,12.188631,P29274,197,288,48,235,197,288,48,235,[identity; SIFTS unusable: sifts/A: npxxy: 5.58: residue A/212 not modelled ; tilt: 2x46: identity check failed at A/63: ALA is not L],,ok,aa2ar,Inactive,Class A (Rhodopsin),2.6,X-ray diffraction,application,1
3PWH,aa2ar_human,A,sifts,9.652295,,P29274,197,288,48,235,197,288,,,,,partial (tilt unavailable: 6x37: identity check failed at A/235: ALA is not L),aa2ar,Inactive,Class A (Rhodopsin),3.3,X-ray diffraction,application,1
3REY,aa2ar_human,A,sifts,9.71292,,P29274,197,288,48,235,197,288,,,,,partial (tilt unavailable: 6x37: identity check failed at A/235: ALA is not L),aa2ar,Inactive,Class A (Rhodopsin),3.31,X-ray diffraction,application,1
3RFM,aa2ar_human,A,sifts,10.008587,,P29274,197,288,48,235,197,288,,,,,partial (tilt unavailable: 6x37: identity check failed at A/235: ALA is not L),aa2ar,Inactive,Class A (Rhodopsin),3.6,X-ray diffraction,application,1
3UZA,aa2ar_human,A,sifts,10.34665,,P29274,197,288,48,235,197,288,,,,,partial (tilt unavailable: 6x37: identity check failed at A/235: ALA is not L),aa2ar,Inactive,Class A (Rhodopsin),3.27,X-ray diffraction,application,1
3UZC,aa2ar_human,A,sifts,10.08622,,P29274,197,288,48,235,197,288,,,,,partial (tilt unavailable: 6x37: identity check failed at A/235: ALA is not L),aa2ar,Inactive,Class A (Rhodopsin),3.34,X-ray diffraction,application,1
3VG9,aa2ar_human,A,sifts,9.921028,11.916123,P29274,197,288,48,235,197,288,48,235,,,ok,aa2ar,Inactive,Class A (Rhodopsin),2.7,X-ray diffraction,application,1
3VGA,aa2ar_human,A,sifts,9.423721,11.907121,P29274,197,288,48,235,197,288,48,235,,,ok,aa2ar,Inactive,Class A (Rhodopsin),3.1,X-ray diffraction,application,1
4EIY,aa2ar_human,A,sifts,9.444139,12.196576,P29274,197,288,48,235,197,288,48,235,,,ok,aa2ar,Inactive,Class A (Rhodopsin),1.8,X-ray diffraction,application,1
5IU4,aa2ar_human,A,sifts,9.481079,,P29274,197,288,48,235,197,288,,,,,partial (tilt unavailable: 6x37: identity check failed at A/235: ALA is not L),aa2ar,Inactive,Class A (Rhodopsin),1.72,X-ray diffraction,application,1
5IU7,aa2ar_human,A,sifts,9.438901,,P29274,197,288,48,235,197,288,,,,,partial (tilt unavailable: 6x37: identity check failed at A/235: ALA is not L),aa2ar,Inactive,Class A (Rhodopsin),1.9,X-ray diffraction,application,1
5IU8,aa2ar_human,A,sifts,9.792825,,P29274,197,288,48,235,197,288,,,,,partial (tilt unavailable: 6x37: identity check failed at A/235: ALA is not L),aa2ar,Inactive,Class A (Rhodopsin),2.0,X-ray diffraction,application,1
5IUA,aa2ar_human,A,sifts,9.339821,,P29274,197,288,48,235,197,288,,,,,partial (tilt unavailable: 6x37: identity check failed at A/235: ALA is not L),aa2ar,Inactive,Class A (Rhodopsin),2.2,X-ray diffraction,application,1
5IUB,aa2ar_human,A,sifts,9.399891,,P29274,197,288,48,235,197,288,,,,,partial (tilt unavailable: 6x37: identity check failed at A/235: ALA is not L),aa2ar,Inactive,Class A (Rhodopsin),2.1,X-ray diffraction,application,1
5JTB,aa2ar_human,A,sifts,9.402676,12.099042,P29274,197,288,48,235,197,288,48,235,,,ok,aa2ar,Inactive,Class A (Rhodopsin),2.8,X-ray diffraction,application,1
5K2A,aa2ar_human,A,sifts,9.726277,12.249547,P29274,197,288,48,235,197,288,48,235,,,ok,aa2ar,Inactive,Class A (Rhodopsin),2.5,X-ray diffraction,application,1
5K2B,aa2ar_human,A,sifts,9.739022,12.320077,P29274,197,288,48,235,197,288,48,235,,,ok,aa2ar,Inactive,Class A (Rhodopsin),2.5,X-ray diffraction,application,1
5K2C,aa2ar_human,A,sifts,9.710631,12.325685,P29274,197,288,48,235,197,288,48,235,,,ok,aa2ar,Inactive,Class A (Rhodopsin),1.9,X-ray diffraction,application,1
5K2D,aa2ar_human,A,sifts,9.716188,12.338013,P29274,197,288,48,235,197,288,48,235,,,ok,aa2ar,Inactive,Class A (Rhodopsin),1.9,X-ray diffraction,application,1
5MZJ,aa2ar_human,A,sifts,9.366234,,P29274,197,288,48,235,197,288,,,,,partial (tilt unavailable: 6x37: identity check failed at A/235: ALA is not L),aa2ar,Inactive,Class A (Rhodopsin),2.0,X-ray diffraction,application,1
5MZP,aa2ar_human,A,sifts,9.603189,,P29274,197,288,48,235,197,288,,,,,partial (tilt unavailable: 6x37: identity check failed at A/235: ALA is not L),aa2ar,Inactive,Class A (Rhodopsin),2.1,X-ray diffraction,application,1
5N2R,aa2ar_human,A,sifts,9.636054,,P29274,197,288,48,235,197,288,,,,,partial (tilt unavailable: 6x37: identity check failed at A/235: ALA is not L),aa2ar,Inactive,Class A (Rhodopsin),2.8,X-ray diffraction,application,1
5NLX,aa2ar_human,A,sifts,9.97031,,P29274,197,288,48,235,206,393,,,,,partial (tilt unavailable: 6x37: identity check failed at A/340: ALA is not L),aa2ar,Inactive,Class A (Rhodopsin),2.14,X-ray diffraction,application,1
5NM2,aa2ar_human,A,sifts,9.484373,,P29274,197,288,48,235,197,288,,,,,partial (tilt unavailable: 6x37: identity check failed at A/235: ALA is not L),aa2ar,Inactive,Class A (Rhodopsin),1.95,X-ray diffraction,application,1
5NM4,aa2ar_human,A,sifts,9.728057,,P29274,197,288,48,235,206,393,,,,,partial (tilt unavailable: 6x37: identity check failed at A/340: ALA is not L),aa2ar,Inactive,Class A (Rhodopsin),1.7,X-ray diffraction,application,1
5OLG,aa2ar_human,A,sifts,9.449863,,P29274,197,288,48,235,197,288,,,,,partial (tilt unavailable: 6x37: identity check failed at A/235: ALA is not L),aa2ar,Inactive,Class A (Rhodopsin),1.87,X-ray diffraction,application,1
5OLH,aa2ar_human,A,sifts,9.196598,,P29274,197,288,48,235,197,288,,,,,partial (tilt unavailable: 6x37: identity check failed at A/235: ALA is not L),aa2ar,Inactive,Class A (Rhodopsin),2.6,X-ray diffraction,application,1
5OLO,aa2ar_human,A,sifts,9.670824,,P29274,197,288,48,235,197,288,,,,,partial (tilt unavailable: 6x37: identity check failed at A/235: ALA is not L),aa2ar,Inactive,Class A (Rhodopsin),3.1,X-ray diffraction,application,1
5OLV,aa2ar_human,A,sifts,9.461023,,P29274,197,288,48,235,197,288,,,,,partial (tilt unavailable: 6x37: identity check failed at A/235: ALA is not L),aa2ar,Inactive,Class A (Rhodopsin),2.0,X-ray diffraction,application,1
5OLZ,aa2ar_human,A,sifts,9.503852,,P29274,197,288,48,235,197,288,,,,,partial (tilt unavailable: 6x37: identity check failed at A/235: ALA is not L),aa2ar,Inactive,Class A (Rhodopsin),1.9,X-ray diffraction,application,1
5OM1,aa2ar_human,A,sifts,9.441783,,P29274,197,288,48,235,197,288,,,,,partial (tilt unavailable: 6x37: identity check failed at A/235: ALA is not L),aa2ar,Inactive,Class A (Rhodopsin),2.1,X-ray diffraction,application,1
5OM4,aa2ar_human,A,sifts,9.434207,,P29274,197,288,48,235,197,288,,,,,partial (tilt unavailable: 6x37: identity check failed at A/235: ALA is not L),aa2ar,Inactive,Class A (Rhodopsin),2.0,X-ray diffraction,application,1
5UIG,aa2ar_human,A,identity,13.037085,12.701843,P29274,197,288,48,235,197,288,48,235,[identity; SIFTS unusable: sifts/A: npxxy: 5.58: identity check failed at A/223: SER is not Y ; tilt: 2x46: identity check failed at A/74: CYS is not L],,ok,aa2ar,Inactive,Class A (Rhodopsin),3.5,X-ray diffraction,application,1
5UVI,aa2ar_human,A,sifts,10.023403,12.240091,P29274,197,288,48,235,197,288,48,235,,,ok,aa2ar,Inactive,Class A (Rhodopsin),3.2,X-ray diffraction,application,1
5VRA,aa2ar_human,A,sifts,9.593696,12.32871,P29274,197,288,48,235,197,288,48,235,,,ok,aa2ar,Inactive,Class A (Rhodopsin),2.35,X-ray diffraction,application,1
6AQF,aa2ar_human,A,sifts,9.719028,12.221797,P29274,197,288,48,235,197,288,48,235,,,ok,aa2ar,Inactive,Class A (Rhodopsin),2.51,X-ray diffraction,application,1
6GT3,aa2ar_human,A,sifts,9.443683,,P29274,197,288,48,235,197,288,,,,,partial (tilt unavailable: 6x37: identity check failed at A/235: ALA is not L),aa2ar,Inactive,Class A (Rhodopsin),2.0,X-ray diffraction,application,1
6JZH,aa2ar_human,A,sifts,9.586566,12.22613,P29274,197,288,48,235,197,288,48,235,,,ok,aa2ar,Inactive,Class A (Rhodopsin),2.25,X-ray diffraction,application,1
6LPJ,aa2ar_human,A,sifts,9.605368,12.241523,P29274,197,288,48,235,197,288,48,235,,,ok,aa2ar,Inactive,Class A (Rhodopsin),1.8,X-ray diffraction,application,1
6LPK,aa2ar_human,A,sifts,9.661323,12.236752,P29274,197,288,48,235,197,288,48,235,,,ok,aa2ar,Inactive,Class A (Rhodopsin),1.8,X-ray diffraction,application,1
6LPL,aa2ar_human,A,sifts,9.539484,12.1373,P29274,197,288,48,235,197,288,48,235,,,ok,aa2ar,Inactive,Class A (Rhodopsin),2.0,X-ray diffraction,application,1
6MH8,aa2ar_human,A,sifts,10.176698,11.890937,P29274,197,288,48,235,197,288,48,235,,,ok,aa2ar,Inactive,Class A (Rhodopsin),4.2,X-ray diffraction,application,1
6PS7,aa2ar_human,A,sifts,9.801094,12.293513,P29274,197,288,48,235,197,288,48,235,,,ok,aa2ar,Inactive,Class A (Rhodopsin),1.85,X-ray diffraction,application,1
6S0L,aa2ar_human,A,sifts,10.045131,,P29274,197,288,48,235,197,288,,,,,partial (tilt unavailable: 6x37: identity check failed at A/235: ALA is not L),aa2ar,Inactive,Class A (Rhodopsin),2.65,X-ray diffraction,application,1
6S0Q,aa2ar_human,A,sifts,10.126235,,P29274,197,288,48,235,197,288,,,,,partial (tilt unavailable: 6x37: identity check failed at A/235: ALA is not L),aa2ar,Inactive,Class A (Rhodopsin),2.65,X-ray diffraction,application,1
6WQA,aa2ar_human,A,sifts,9.704244,12.309874,P29274,197,288,48,235,197,288,48,235,,,ok,aa2ar,Inactive,Class A (Rhodopsin),2.0,X-ray diffraction,application,1
6ZDR,aa2ar_human,A,sifts,9.755692,,P29274,197,288,48,235,197,288,,,,,partial (tilt unavailable: 6x37: identity check failed at A/235: ALA is not L),aa2ar,Inactive,Class A (Rhodopsin),1.92,X-ray diffraction,application,1
6ZDV,aa2ar_human,A,sifts,9.615941,,P29274,197,288,48,235,197,288,,,,,partial (tilt unavailable: 6x37: identity check failed at A/235: ALA is not L),aa2ar,Inactive,Class A (Rhodopsin),2.13,X-ray diffraction,application,1
7ARO,aa2ar_human,A,sifts,9.452011,,P29274,197,288,48,235,197,288,,,,,partial (tilt unavailable: 6x37: identity check failed at A/235: ALA is not L),aa2ar,Inactive,Class A (Rhodopsin),3.12,X-ray diffraction,application,1
7PX4,aa2ar_human,A,sifts,9.664967,12.039905,P29274,197,288,48,235,197,288,48,235,,,ok,aa2ar,Inactive,Class A (Rhodopsin),2.25,X-ray diffraction,application,1
7PYR,aa2ar_human,A,sifts,9.812746,12.135709,P29274,197,288,48,235,197,288,48,235,,,ok,aa2ar,Inactive,Class A (Rhodopsin),2.6,X-ray diffraction,application,1
7RM5,aa2ar_human,A,sifts,9.508266,12.077241,P29274,197,288,48,235,197,288,48,235,,,ok,aa2ar,Inactive,Class A (Rhodopsin),2.79,Electron crystallography,application,1
7T32,aa2ar_human,A,sifts,8.309107,12.268619,P29274,197,288,48,235,197,384,48,331,,,ok,aa2ar,Inactive,Class A (Rhodopsin),3.4,Electron microscopy,application,1
8A2O,aa2ar_human,A,sifts,9.916007,,P29274,197,288,48,235,197,288,,,,,partial (tilt unavailable: 6x37: identity check failed at A/235: ALA is not L),aa2ar,Inactive,Class A (Rhodopsin),3.45,X-ray diffraction,application,1
8A2P,aa2ar_human,A,sifts,9.795556,,P29274,197,288,48,235,197,288,,,,,partial (tilt unavailable: 6x37: identity check failed at A/235: ALA is not L),aa2ar,Inactive,Class A (Rhodopsin),3.5,X-ray diffraction,application,1
8C9W,aa2ar_human,A,sifts,9.665346,12.191532,P29274,197,288,48,235,197,288,48,235,,,ok,aa2ar,Inactive,Class A (Rhodopsin),2.11,X-ray diffraction,application,1
8CIC,aa2ar_human,A,sifts,9.427343,,P29274,197,288,48,235,197,288,,,,,partial (tilt unavailable: 6x37: identity check failed at A/235: ALA is not L),aa2ar,Inactive,Class A (Rhodopsin),2.1,X-ray diffraction,application,1
8CU6,aa2ar_human,A,sifts,9.893768,,P29274,197,288,48,235,197,288,,,,,partial (tilt unavailable: 6x37: identity check failed at A/235: ALA is not L),aa2ar,Inactive,Class A (Rhodopsin),2.8,X-ray diffraction,application,1
8CU7,aa2ar_human,A,sifts,9.708347,,P29274,197,288,48,235,197,288,,,,,partial (tilt unavailable: 6x37: identity check failed at A/235: ALA is not L),aa2ar,Inactive,Class A (Rhodopsin),2.05,X-ray diffraction,application,1
8DU3,aa2ar_human,A,sifts,9.553008,,P29274,197,288,48,235,197,288,,,,,partial (tilt unavailable: 6x37: identity check failed at A/235: ALA is not L),aa2ar,Inactive,Class A (Rhodopsin),2.5,X-ray diffraction,application,1
8FYN,aa2ar_human,A,identity,9.250579,12.046496,P29274,197,288,48,235,197,288,48,235,[identity; SIFTS unusable: sifts/A: npxxy: 7.53: residue A/1176 not modelled ; tilt: 6x37: residue A/1123 not modelled],,ok,aa2ar,Inactive,Class A (Rhodopsin),2.0,Electron crystallography,application,1
8GNE,aa2ar_human,A,sifts,9.554903,12.141977,P29274,197,288,48,235,197,288,48,235,,,ok,aa2ar,Inactive,Class A (Rhodopsin),2.3,X-ray diffraction,application,1
8GNG,aa2ar_human,X,identity,9.836281,11.694425,P29274,197,288,48,235,197,288,48,235,[identity; SIFTS unusable: sifts/X: npxxy: 5.58: identity check failed at X/204: ALA is not Y ; tilt: 2x46: identity check failed at X/55: VAL is not L],,ok,aa2ar,Inactive,Class A (Rhodopsin),3.2,X-ray diffraction,application,1
8JWY,aa2ar_human,,,,,P29274,197,288,48,235,,,,,,,sifts/A: npxxy: 5.58: identity check failed at A/205: ARG is not Y ; tilt: 2x46: identity check failed at A/56: GLY is not L | identity/A: npxxy: 7.53: identity check failed at A/288: ASN is not Y ; tilt: 6x37: identity check failed at A/235: GLY is not L,aa2ar,Inactive,Class A (Rhodopsin),2.33,X-ray diffraction,application,1
8JWZ,aa2ar_human,,,,,P29274,197,288,48,235,,,,,,,sifts/A: npxxy: 5.58: identity check failed at A/205: ARG is not Y ; tilt: 2x46: identity check failed at A/56: GLY is not L | identity/A: npxxy: 7.53: identity check failed at A/288: ASN is not Y ; tilt: 6x37: identity check failed at A/235: GLY is not L,aa2ar,Inactive,Class A (Rhodopsin),2.37,X-ray diffraction,application,1
8PWN,aa2ar_human,A,sifts,9.58227,,P29274,197,288,48,235,222,409,,,,,partial (tilt unavailable: 6x37: identity check failed at A/356: ALA is not L),aa2ar,Inactive,Class A (Rhodopsin),2.4,X-ray diffraction,application,1
8RLN,aa2ar_human,A,identity,10.016667,12.302709,P29274,197,288,48,235,197,288,48,235,[identity; SIFTS unusable: sifts/A: npxxy: 7.53: residue A/1176 not modelled ; tilt: 6x37: residue A/1123 not modelled],,ok,aa2ar,Inactive,Class A (Rhodopsin),2.43,X-ray diffraction,application,1
8RQQ,aa2ar_human,A,sifts,9.879952,12.20234,P29274,197,288,48,235,197,288,48,235,,,ok,aa2ar,Inactive,Class A (Rhodopsin),2.37,X-ray diffraction,application,1
5CXV,acm1_human,A,identity,17.726865,12.250804,P11229,208,418,67,367,208,418,67,367,[identity; SIFTS unusable: sifts/A: npxxy: 5.58: residue A/233 not modelled ; tilt: 2x46: identity check failed at A/92: ALA is not L],,ok,acm1,Inactive,Class A (Rhodopsin),2.7,X-ray diffraction,application,1
6WJC,acm1_human,A,identity,15.979301,12.70368,P11229,208,418,67,367,208,418,67,367,[identity; SIFTS unusable: sifts/A: npxxy: 5.58: identity check failed at A/217: ASN is not Y ; tilt: 2x46: identity check failed at A/76: THR is not L],,ok,acm1,Inactive,Class A (Rhodopsin),2.55,X-ray diffraction,application,1
6ZFZ,acm1_human,A,sifts,13.663578,13.04154,P11229,208,418,67,367,208,418,67,367,,,ok,acm1,Inactive,Class A (Rhodopsin),2.17,X-ray diffraction,application,1
6ZG4,acm1_human,A,sifts,13.876767,12.674949,P11229,208,418,67,367,208,418,67,367,,,ok,acm1,Inactive,Class A (Rhodopsin),2.33,X-ray diffraction,application,1
6ZG9,acm1_human,A,sifts,13.669353,12.802442,P11229,208,418,67,367,208,418,67,367,,,ok,acm1,Inactive,Class A (Rhodopsin),2.5,X-ray diffraction,application,1
3UON,acm2_human,A,sifts,12.592258,11.976371,P08172,206,440,65,389,206,440,65,389,,,ok,acm2,Inactive,Class A (Rhodopsin),3.0,X-ray diffraction,application,1
5YC8,acm2_human,A,identity,18.002746,12.325766,P08172,206,440,65,389,206,440,65,389,[identity; SIFTS unusable: sifts/A: npxxy: 5.58: identity check failed at A/208: HIS is not Y ; tilt: 2x46: identity check failed at A/67: CYS is not L],,ok,acm2,Inactive,Class A (Rhodopsin),2.5,X-ray diffraction,application,1
5ZK3,acm2_human,A,identity,18.359536,12.299286,P08172,206,440,65,389,206,440,65,389,[identity; SIFTS unusable: sifts/A: npxxy: 5.58: identity check failed at A/208: HIS is not Y ; tilt: 2x46: identity check failed at A/67: CYS is not L],,ok,acm2,Inactive,Class A (Rhodopsin),2.6,X-ray diffraction,application,1
5ZK8,acm2_human,A,identity,18.20685,12.59239,P08172,206,440,65,389,206,440,65,389,[identity; SIFTS unusable: sifts/A: npxxy: 5.58: identity check failed at A/208: HIS is not Y ; tilt: 2x46: identity check failed at A/67: CYS is not L],,ok,acm2,Inactive,Class A (Rhodopsin),3.0,X-ray diffraction,application,1
5ZKB,acm2_human,A,identity,19.185611,12.663067,P08172,206,440,65,389,206,440,65,389,[identity; SIFTS unusable: sifts/A: npxxy: 5.58: identity check failed at A/208: HIS is not Y ; tilt: 2x46: identity check failed at A/67: CYS is not L],,ok,acm2,Inactive,Class A (Rhodopsin),2.95,X-ray diffraction,application,1
5ZKC,acm2_human,A,identity,18.217092,12.439141,P08172,206,440,65,389,206,440,65,389,[identity; SIFTS unusable: sifts/A: npxxy: 5.58: identity check failed at A/208: HIS is not Y ; tilt: 2x46: identity check failed at A/67: CYS is not L],,ok,acm2,Inactive,Class A (Rhodopsin),2.3,X-ray diffraction,application,1
4DAJ,acm3_rat,A,identity,15.622937,12.341192,P08483,250,543,109,492,250,543,109,492,[identity; SIFTS unusable: sifts/A: npxxy: 5.58: identity check failed at A/195: SER is not Y ; tilt: 2x46: residue A/54 not modelled],,ok,acm3,Inactive,Class A (Rhodopsin),3.4,X-ray diffraction,calibration,0
4U14,acm3_rat,A,identity,15.721043,12.471715,P08483,250,543,109,492,250,543,109,492,[identity; SIFTS unusable: sifts/A: npxxy: 5.58: identity check failed at A/195: SER is not Y ; tilt: 2x46: residue A/54 not modelled],,ok,acm3,Inactive,Class A (Rhodopsin),3.57,X-ray diffraction,calibration,0
4U15,acm3_rat,B,identity,15.941083,13.216801,P08483,250,543,109,492,250,543,109,492,[identity; SIFTS unusable: sifts/B: npxxy: 5.58: identity check failed at B/195: SER is not Y ; tilt: 2x46: residue B/54 not modelled],,ok,acm3,Inactive,Class A (Rhodopsin),2.8,X-ray diffraction,calibration,0
4U16,acm3_rat,B,identity,15.913582,13.23179,P08483,250,543,109,492,250,543,109,492,[identity; SIFTS unusable: sifts/B: npxxy: 5.58: identity check failed at B/195: SER is not Y ; tilt: 2x46: residue B/54 not modelled],,ok,acm3,Inactive,Class A (Rhodopsin),3.7,X-ray diffraction,calibration,0
5ZHP,acm3_rat,B,identity,16.123086,13.334059,P08483,250,543,109,492,250,543,109,492,[identity; SIFTS unusable: sifts/B: npxxy: 5.58: identity check failed at B/195: SER is not Y ; tilt: 2x46: residue B/54 not modelled],,ok,acm3,Inactive,Class A (Rhodopsin),3.1,X-ray diffraction,calibration,0
5DSG,acm4_human,B,identity,16.433725,11.981812,P08173,215,453,74,402,215,453,74,402,[identity; SIFTS unusable: sifts/B: npxxy: 5.58: identity check failed at B/196: THR is not Y],,ok,acm4,Inactive,Class A (Rhodopsin),2.6,X-ray diffraction,application,1
6KP6,acm4_human,A,identity,12.030249,11.614387,P08173,215,453,74,402,215,453,74,402,[identity; SIFTS unusable: sifts/A: npxxy: 5.58: identity check failed at A/194: ALA is not Y ; tilt: 2x46: identity check failed at A/53: VAL is not L],,ok,acm4,Inactive,Class A (Rhodopsin),3.0,X-ray diffraction,application,1
6OL9,acm5_human,A,identity,15.828572,12.429325,P08912,213,495,72,444,213,495,72,444,[identity; SIFTS unusable: sifts/A: npxxy: 5.58: identity check failed at A/195: PHE is not Y ; tilt: 2x46: identity check failed at A/54: SER is not L],,ok,acm5,Inactive,Class A (Rhodopsin),2.54,X-ray diffraction,calibration,0
7YMJ,ada1a_human,,,,,P35348,204,326,68,274,,,,,,,sifts/A: npxxy: 5.58: identity check failed at A/228: ARG is not Y ; tilt: 2x46: identity check failed at A/92: TRP is not L | identity/A: tilt: 6x37: residue A/274 not modelled,ada1a,Inactive,Class A (Rhodopsin),3.35,Electron microscopy,calibration,0
8HN1,ada1a_human,A,identity,13.522417,12.384053,P35348,204,326,68,274,204,326,68,274,[identity; SIFTS unusable: sifts/A: npxxy: 5.58: identity check failed at A/212: LYS is not Y ; tilt: 2x46: identity check failed at A/76: THR is not L],,ok,ada1a,Inactive,Class A (Rhodopsin),2.9,Electron microscopy,calibration,0
7B6W,ada1b_human,AAA,no-sifts-identity,10.108482,11.031957,P35368,223,348,87,296,223,348,87,296,[no-sifts-identity; SIFTS unusable: n/a],,ok,ada1b,Inactive,Class A (Rhodopsin),2.87,X-ray diffraction,calibration,0
6KUX,ada2a_human,,,,,P08913,231,441,90,391,,,,,,,sifts/A: npxxy: 5.58: identity check failed at A/197: VAL is not Y ; tilt: 2x46: identity check failed at A/56: ILE is not L | identity/A: npxxy: 5.58: residue A/231 not modelled ; tilt: 2x46: identity check failed at A/90: SER is not L,ada2a,Inactive,Class A (Rhodopsin),2.7,X-ray diffraction,application,1
6KUY,ada2a_human,,,,,P08913,231,441,90,391,,,,,,,sifts/A: npxxy: 5.58: identity check failed at A/197: VAL is not Y ; tilt: 2x46: identity check failed at A/56: ILE is not L | identity/A: npxxy: 5.58: residue A/231 not modelled ; tilt: 2x46: identity check failed at A/90: SER is not L,ada2a,Inactive,Class A (Rhodopsin),3.2,X-ray diffraction,application,1
6KUW,ada2c_human,A,identity,10.040724,11.923057,P18825,230,437,93,384,230,437,93,384,[identity; SIFTS unusable: sifts/A: npxxy: 5.58: identity check failed at A/202: CYS is not Y ; tilt: 2x46: identity check failed at A/65: THR is not L],,ok,ada2c,Inactive,Class A (Rhodopsin),2.8,X-ray diffraction,calibration,0
7BVQ,adrb1_human,A,sifts,13.029647,12.020207,P08588,244,377,100,326,1244,1377,1100,1326,,,ok,adrb1,Inactive,Class A (Rhodopsin),2.5,X-ray diffraction,application,1
2VT4,adrb1_melga,,,,,P07700,227,343,83,292,,,,,,,sifts/B: npxxy: 5.58: identity check failed at B/197: GLY is not Y ; tilt: 6x37: residue B/262 not modelled | sifts/A: npxxy: 5.58: identity check failed at A/197: GLY is not Y ; tilt: 6x37: residue A/262 not modelled | sifts/C: npxxy: 5.58: identity check failed at C/197: GLY is not Y ; tilt: 6x37: residue C/262 not modelled | sifts/D: npxxy: 5.58: identity check failed at D/197: GLY is not Y ; tilt: 6x37: residue D/262 not modelled,adrb1,Inactive,Class A (Rhodopsin),2.7,X-ray diffraction,application,1
2Y00,adrb1_melga,B,sifts,,11.940963,P07700,227,343,83,292,,,83,292,,,partial (npxxy unavailable: 5.58: identity check failed at B/227: ALA is not Y),adrb1,Inactive,Class A (Rhodopsin),2.5,X-ray diffraction,application,1
2Y01,adrb1_melga,A,sifts,,12.03026,P07700,227,343,83,292,,,83,292,,,partial (npxxy unavailable: 5.58: identity check failed at A/227: ALA is not Y),adrb1,Inactive,Class A (Rhodopsin),2.6,X-ray diffraction,application,1
2Y02,adrb1_melga,B,sifts,,11.98809,P07700,227,343,83,292,,,83,292,,,partial (npxxy unavailable: 5.58: identity check failed at B/227: ALA is not Y),adrb1,Inactive,Class A (Rhodopsin),2.6,X-ray diffraction,application,1
2Y03,adrb1_melga,B,sifts,,11.908155,P07700,227,343,83,292,,,83,292,,,partial (npxxy unavailable: 5.58: identity check failed at B/227: ALA is not Y),adrb1,Inactive,Class A (Rhodopsin),2.85,X-ray diffraction,application,1
2Y04,adrb1_melga,B,sifts,,12.076107,P07700,227,343,83,292,,,83,292,,,partial (npxxy unavailable: 5.58: identity check failed at B/227: ALA is not Y),adrb1,Inactive,Class A (Rhodopsin),3.05,X-ray diffraction,application,1
2YCW,adrb1_melga,A,sifts,,11.782134,P07700,227,343,83,292,,,83,292,,,partial (npxxy unavailable: 5.58: identity check failed at A/227: ALA is not Y),adrb1,Inactive,Class A (Rhodopsin),3.0,X-ray diffraction,application,1
2YCX,adrb1_melga,,,,,P07700,227,343,83,292,,,,,,,sifts/A: npxxy: 5.58: identity check failed at A/197: GLY is not Y ; tilt: 6x37: residue A/262 not modelled | sifts/B: npxxy: 5.58: identity check failed at B/197: GLY is not Y ; tilt: 6x37: residue B/262 not modelled | identity/A: npxxy: 5.58: identity check failed at A/227: ALA is not Y | identity/B: npxxy: 5.58: identity check failed at B/227: ALA is not Y,adrb1,Inactive,Class A (Rhodopsin),3.25,X-ray diffraction,application,1
2YCY,adrb1_melga,,,,,P07700,227,343,83,292,,,,,,,sifts/A: npxxy: 5.58: identity check failed at A/197: GLY is not Y ; tilt: 6x37: residue A/262 not modelled | sifts/B: npxxy: 5.58: identity check failed at B/197: GLY is not Y ; tilt: 6x37: residue B/262 not modelled | identity/A: npxxy: 5.58: identity check failed at A/227: ALA is not Y | identity/B: npxxy: 5.58: identity check failed at B/227: ALA is not Y,adrb1,Inactive,Class A (Rhodopsin),3.15,X-ray diffraction,application,1
2YCZ,adrb1_melga,,,,,P07700,227,343,83,292,,,,,,,sifts/B: npxxy: 5.58: identity check failed at B/197: GLY is not Y ; tilt: 6x37: residue B/262 not modelled | sifts/A: npxxy: 5.58: identity check failed at A/197: GLY is not Y ; tilt: 6x37: residue A/262 not modelled | identity/B: npxxy: 5.58: identity check failed at B/227: ALA is not Y | identity/A: npxxy: 5.58: identity check failed at A/227: ALA is not Y,adrb1,Inactive,Class A (Rhodopsin),3.65,X-ray diffraction,application,1
3ZPQ,adrb1_melga,B,sifts,,11.868635,P07700,227,343,83,292,,,83,292,,,partial (npxxy unavailable: 5.58: identity check failed at B/227: ALA is not Y),adrb1,Inactive,Class A (Rhodopsin),2.8,X-ray diffraction,application,1
3ZPR,adrb1_melga,B,sifts,,11.922562,P07700,227,343,83,292,,,83,292,,,partial (npxxy unavailable: 5.58: identity check failed at B/227: ALA is not Y),adrb1,Inactive,Class A (Rhodopsin),2.7,X-ray diffraction,application,1
4AMI,adrb1_melga,A,sifts,,11.895608,P07700,227,343,83,292,,,83,292,,,partial (npxxy unavailable: 5.58: identity check failed at A/227: ALA is not Y),adrb1,Inactive,Class A (Rhodopsin),3.2,X-ray diffraction,application,1
4AMJ,adrb1_melga,B,sifts,,11.979138,P07700,227,343,83,292,,,83,292,,,partial (npxxy unavailable: 5.58: identity check failed at B/227: ALA is not Y),adrb1,Inactive,Class A (Rhodopsin),2.3,X-ray diffraction,application,1
4BVN,adrb1_melga,,,,,P07700,227,343,83,292,,,,,,,sifts/A: npxxy: 5.58: identity check failed at A/197: GLY is not Y ; tilt: 6x37: residue A/262 not modelled | identity/A: npxxy: 5.58: identity check failed at A/227: ALA is not Y,adrb1,Inactive,Class A (Rhodopsin),2.1,X-ray diffraction,application,1
4GPO,adrb1_melga,,,,,P07700,227,343,83,292,,,,,,,sifts/B: npxxy: 5.58: identity check failed at B/197: GLY is not Y ; tilt: 6x37: residue B/262 not modelled | sifts/A: npxxy: 5.58: identity check failed at A/197: GLY is not Y ; tilt: 6x37: residue A/262 not modelled | identity/B: npxxy: 5.58: identity check failed at B/227: ALA is not Y | identity/A: npxxy: 5.58: identity check failed at A/227: ALA is not Y,adrb1,Inactive,Class A (Rhodopsin),3.5,X-ray diffraction,application,1
5A8E,adrb1_melga,,,,,P07700,227,343,83,292,,,,,,,sifts/A: npxxy: 5.58: identity check failed at A/197: GLY is not Y ; tilt: 6x37: residue A/262 not modelled | identity/A: npxxy: 5.58: identity check failed at A/227: ALA is not Y,adrb1,Inactive,Class A (Rhodopsin),2.4,X-ray diffraction,application,1
5F8U,adrb1_melga,,,,,P07700,227,343,83,292,,,,,,,sifts/A: npxxy: 5.58: identity check failed at A/197: GLY is not Y ; tilt: 6x37: residue A/262 not modelled | sifts/B: npxxy: 5.58: identity check failed at B/197: GLY is not Y ; tilt: 6x37: residue B/262 not modelled | identity/A: npxxy: 5.58: identity check failed at A/227: ALA is not Y | identity/B: npxxy: 5.58: identity check failed at B/227: ALA is not Y,adrb1,Inactive,Class A (Rhodopsin),3.35,X-ray diffraction,application,1
2R4R,adrb2_human,A,sifts,,12.340804,P07550,219,326,75,275,,,75,275,,,partial (npxxy unavailable: 7.53: atom OH absent at A/326 (TYR)),adrb2,Inactive,Class A (Rhodopsin),3.4,X-ray diffraction,application,1
2R4S,adrb2_human,,,,,P07550,219,326,75,275,,,,,,,sifts/A: npxxy: 5.58: residue A/196 not modelled ; tilt: 2x46: identity check failed at A/52: VAL is not L | identity/A: npxxy: 7.53: atom OH absent at A/326 (TYR),adrb2,Inactive,Class A (Rhodopsin),3.4,X-ray diffraction,application,1
2RH1,adrb2_human,A,identity,11.472679,11.928282,P07550,219,326,75,275,219,326,75,275,[identity; SIFTS unusable: sifts/A: npxxy: 5.58: identity check failed at A/226: ALA is not Y ; tilt: 2x46: identity check failed at A/82: MET is not L],,ok,adrb2,Inactive,Class A (Rhodopsin),2.4,X-ray diffraction,application,1
3D4S,adrb2_human,A,identity,10.778401,11.692854,P07550,219,326,75,275,219,326,75,275,[identity; SIFTS unusable: sifts/A: npxxy: 5.58: identity check failed at A/227: LYS is not Y ; tilt: 2x46: identity check failed at A/83: GLY is not L],,ok,adrb2,Inactive,Class A (Rhodopsin),2.8,X-ray diffraction,application,1
3KJ6,adrb2_human,,,,,P07550,219,326,75,275,,,,,,,sifts/A: npxxy: 5.58: identity check failed at A/220: SER is not Y ; tilt: 2x46: identity check failed at A/76: ALA is not L | identity/A: npxxy: 7.53: atom OH absent at A/326 (TYR),adrb2,Inactive,Class A (Rhodopsin),3.4,X-ray diffraction,application,1
3NY8,adrb2_human,A,identity,10.883519,12.023091,P07550,219,326,75,275,219,326,75,275,[identity; SIFTS unusable: sifts/A: npxxy: 5.58: identity check failed at A/227: LYS is not Y ; tilt: 2x46: identity check failed at A/83: GLY is not L],,ok,adrb2,Inactive,Class A (Rhodopsin),2.84,X-ray diffraction,application,1
3NY9,adrb2_human,A,identity,10.800239,11.778464,P07550,219,326,75,275,219,326,75,275,[identity; SIFTS unusable: sifts/A: npxxy: 5.58: identity check failed at A/227: LYS is not Y ; tilt: 2x46: identity check failed at A/83: GLY is not L],,ok,adrb2,Inactive,Class A (Rhodopsin),2.84,X-ray diffraction,application,1
3NYA,adrb2_human,A,identity,11.394298,11.968936,P07550,219,326,75,275,219,326,75,275,[identity; SIFTS unusable: sifts/A: npxxy: 5.58: identity check failed at A/227: LYS is not Y ; tilt: 2x46: identity check failed at A/83: GLY is not L],,ok,adrb2,Inactive,Class A (Rhodopsin),3.16,X-ray diffraction,application,1
3PDS,adrb2_human,A,identity,11.410538,11.869201,P07550,219,326,75,275,219,326,75,275,[identity; SIFTS unusable: sifts/A: npxxy: 5.58: identity check failed at A/195: THR is not Y ; tilt: 2x46: identity check failed at A/51: ASN is not L],,ok,adrb2,Inactive,Class A (Rhodopsin),3.5,X-ray diffraction,application,1
4GBR,adrb2_human,,,,,P07550,219,326,75,275,,,,,,,sifts/A: npxxy: 7.53: residue A/326 not modelled ; tilt: 6x37: identity check failed at A/275: ILE is not L | identity/A: npxxy: 7.53: residue A/326 not modelled ; tilt: 6x37: identity check failed at A/275: ILE is not L,adrb2,Inactive,Class A (Rhodopsin),3.99,X-ray diffraction,application,1
5D5A,adrb2_human,A,identity,11.259944,11.820815,P07550,219,326,75,275,219,326,75,275,[identity; SIFTS unusable: sifts/A: npxxy: 5.58: identity check failed at A/226: ALA is not Y ; tilt: 2x46: identity check failed at A/82: MET is not L],,ok,adrb2,Inactive,Class A (Rhodopsin),2.48,X-ray diffraction,application,1
5D5B,adrb2_human,A,identity,11.327078,11.874733,P07550,219,326,75,275,219,326,75,275,[identity; SIFTS unusable: sifts/A: npxxy: 5.58: identity check failed at A/226: ALA is not Y ; tilt: 2x46: identity check failed at A/82: MET is not L],,ok,adrb2,Inactive,Class A (Rhodopsin),3.8,X-ray diffraction,application,1
5D6L,adrb2_human,A,identity,11.315689,11.903273,P07550,219,326,75,275,219,326,75,275,[identity; SIFTS unusable: sifts/A: npxxy: 5.58: identity check failed at A/226: ALA is not Y ; tilt: 2x46: identity check failed at A/82: MET is not L],,ok,adrb2,Inactive,Class A (Rhodopsin),3.2,X-ray diffraction,application,1
5JQH,adrb2_human,A,sifts,11.161062,11.830317,P07550,219,326,75,275,1219,1326,1075,1275,,,ok,adrb2,Inactive,Class A (Rhodopsin),3.2,X-ray diffraction,application,1
5X7D,adrb2_human,A,identity,11.344196,11.886358,P07550,219,326,75,275,219,326,75,275,[identity; SIFTS unusable: sifts/A: npxxy: 5.58: identity check failed at A/226: ALA is not Y ; tilt: 2x46: identity check failed at A/82: MET is not L],,ok,adrb2,Inactive,Class A (Rhodopsin),2.7,X-ray diffraction,application,1
6OBA,adrb2_human,A,identity,10.758588,11.701316,P07550,219,326,75,275,219,326,75,275,[identity; SIFTS unusable: sifts/A: npxxy: 5.58: identity check failed at A/226: ALA is not Y ; tilt: 2x46: identity check failed at A/82: MET is not L],,ok,adrb2,Inactive,Class A (Rhodopsin),3.1,X-ray diffraction,application,1
6PRZ,adrb2_human,A,identity,11.698342,11.724816,P07550,219,326,75,275,219,326,75,275,[identity; SIFTS unusable: sifts/A: npxxy: 5.58: residue A/243 not modelled ; tilt: 2x46: identity check failed at A/99: TRP is not L],,ok,adrb2,Inactive,Class A (Rhodopsin),2.8,X-ray diffraction,application,1
6PS0,adrb2_human,A,identity,11.411081,11.893291,P07550,219,326,75,275,219,326,75,275,[identity; SIFTS unusable: sifts/A: npxxy: 5.58: residue A/243 not modelled ; tilt: 2x46: identity check failed at A/99: TRP is not L],,ok,adrb2,Inactive,Class A (Rhodopsin),3.4,X-ray diffraction,application,1
6PS1,adrb2_human,A,identity,11.631455,11.834107,P07550,219,326,75,275,219,326,75,275,[identity; SIFTS unusable: sifts/A: npxxy: 5.58: residue A/243 not modelled ; tilt: 2x46: identity check failed at A/99: TRP is not L],,ok,adrb2,Inactive,Class A (Rhodopsin),3.2,X-ray diffraction,application,1
6PS2,adrb2_human,A,identity,11.329339,11.751301,P07550,219,326,75,275,219,326,75,275,[identity; SIFTS unusable: sifts/A: npxxy: 5.58: residue A/243 not modelled ; tilt: 2x46: identity check failed at A/99: TRP is not L],,ok,adrb2,Inactive,Class A (Rhodopsin),2.4,X-ray diffraction,application,1
6PS3,adrb2_human,A,identity,12.025638,11.886885,P07550,219,326,75,275,219,326,75,275,[identity; SIFTS unusable: sifts/A: npxxy: 5.58: residue A/243 not modelled ; tilt: 2x46: identity check failed at A/99: TRP is not L],,ok,adrb2,Inactive,Class A (Rhodopsin),2.5,X-ray diffraction,application,1
6PS4,adrb2_human,A,identity,12.13452,11.854178,P07550,219,326,75,275,219,326,75,275,[identity; SIFTS unusable: sifts/A: npxxy: 5.58: residue A/243 not modelled ; tilt: 2x46: identity check failed at A/99: TRP is not L],,ok,adrb2,Inactive,Class A (Rhodopsin),2.6,X-ray diffraction,application,1
6PS5,adrb2_human,A,identity,12.040512,11.937047,P07550,219,326,75,275,219,326,75,275,[identity; SIFTS unusable: sifts/A: npxxy: 5.58: residue A/243 not modelled ; tilt: 2x46: identity check failed at A/99: TRP is not L],,ok,adrb2,Inactive,Class A (Rhodopsin),2.9,X-ray diffraction,application,1
6PS6,adrb2_human,A,identity,11.569394,11.898272,P07550,219,326,75,275,219,326,75,275,[identity; SIFTS unusable: sifts/A: npxxy: 5.58: residue A/243 not modelled ; tilt: 2x46: identity check failed at A/99: TRP is not L],,ok,adrb2,Inactive,Class A (Rhodopsin),2.7,X-ray diffraction,application,1
8JJL,adrb2_human,A,sifts,10.579208,11.755654,P07550,219,326,75,275,219,393,75,342,,,ok,adrb2,Inactive,Class A (Rhodopsin),3.2,Electron microscopy,application,1
8JJO,adrb2_human,F,sifts,11.995189,12.108179,P07550,219,326,75,275,219,393,75,342,,,ok,adrb2,Inactive,Class A (Rhodopsin),3.4,Electron microscopy,application,1
8W1V,adrb2_human,A,identity,11.630192,11.884667,P07550,219,326,75,275,219,326,75,275,[identity; SIFTS unusable: sifts/A: npxxy: 5.58: residue A/243 not modelled ; tilt: 2x46: identity check failed at A/99: TRP is not L],,ok,adrb2,Inactive,Class A (Rhodopsin),3.0,X-ray diffraction,application,1
4YAY,agtr1_human,A,sifts,11.710032,10.897242,P30556,215,302,70,242,215,302,70,242,,,ok,agtr1,Inactive,Class A (Rhodopsin),2.9,X-ray diffraction,application,1
4ZUD,agtr1_human,A,sifts,11.779238,11.228495,P30556,215,302,70,242,215,302,70,242,,,ok,agtr1,Inactive,Class A (Rhodopsin),2.8,X-ray diffraction,application,1
8TH3,agtr1_human,A,sifts,,19.062392,P30556,215,302,70,242,,,205,1242,,,partial (npxxy unavailable: 5.58: residue A/350 not modelled),agtr1,Inactive,Class A (Rhodopsin),3.0,Electron microscopy,application,1
8TH4,agtr1_human,,,,,P30556,215,302,70,242,,,,,,,sifts/A: npxxy: 5.58: identity check failed at A/222: LEU is not Y ; tilt: 2x46: identity check failed at A/77: PHE is not L | identity/A: npxxy: 7.53: identity check failed at A/302: LYS is not Y,agtr1,Inactive,Class A (Rhodopsin),3.3,Electron microscopy,application,1
5VBL,apj_human,B,identity,17.788362,12.065866,P35414,221,309,71,250,221,309,71,250,[identity; SIFTS unusable: sifts/B: npxxy: 5.58: residue B/239 not modelled ; tilt: 2x46: identity check failed at B/89: THR is not L],,ok,apj,Inactive,Class A (Rhodopsin),2.6,X-ray diffraction,application,1
6KNM,apj_human,B,identity,17.610362,11.789724,P35414,221,309,71,250,221,309,71,250,[identity; SIFTS unusable: sifts/B: npxxy: 5.58: residue B/239 not modelled ; tilt: 2x46: identity check failed at B/89: THR is not L],,ok,apj,Inactive,Class A (Rhodopsin),3.2,X-ray diffraction,application,1
7SUS,apj_human,,,,,P35414,221,309,71,250,,,,,,,sifts/A: npxxy: 5.58: residue A/239 not modelled ; tilt: 2x46: identity check failed at A/89: THR is not L | identity/A: tilt: 6x37: identity check failed at A/250: CYS is not I,apj,Inactive,Class A (Rhodopsin),2.7,X-ray diffraction,application,1
8S4D,apj_human,A,identity,24.623482,15.174833,P35414,221,309,71,250,221,309,71,250,[identity; SIFTS unusable: sifts/A: npxxy: 5.58: identity check failed at A/239: GLY is not Y ; tilt: 2x46: identity check failed at A/89: THR is not L],,ok,apj,Inactive,Class A (Rhodopsin),2.58,X-ray diffraction,application,1
6I9K,b1b1u5_9arac,A,sifts,10.512672,10.982377,B1B1U5,234,331,92,279,234,331,92,279,,,ok,b1b1u5,Inactive,Class A (Rhodopsin),2.15,X-ray diffraction,application,1
5O9H,c5ar1_human,A,sifts,11.685223,11.003106,P21730,222,300,78,244,222,300,78,244,,,ok,c5ar1,Inactive,Class A (Rhodopsin),2.7,X-ray diffraction,calibration,0
6C1Q,c5ar1_human,B,sifts,11.303666,10.94593,P21730,222,300,78,244,308,386,164,330,,,ok,c5ar1,Inactive,Class A (Rhodopsin),2.9,X-ray diffraction,calibration,0
6C1R,c5ar1_human,B,sifts,11.487642,10.946238,P21730,222,300,78,244,308,386,164,330,,,ok,c5ar1,Inactive,Class A (Rhodopsin),2.2,X-ray diffraction,calibration,0
7F8U,cckar_human,A,sifts,10.715012,12.163517,P32238,229,370,83,315,229,370,83,315,,,ok,cckar,Inactive,Class A (Rhodopsin),2.8,X-ray diffraction,application,1
7F8X,cckar_human,A,sifts,,24.48567,P32238,229,370,83,315,,,92,549,,,partial (npxxy unavailable: 5.58: identity check failed at A/238: GLN is not Y),cckar,Inactive,Class A (Rhodopsin),3.0,X-ray diffraction,application,1
7F8Y,cckar_human,A,sifts,10.546945,12.384393,P32238,229,370,83,315,229,370,83,315,,,ok,cckar,Inactive,Class A (Rhodopsin),2.5,X-ray diffraction,application,1
5T1A,ccr2_human,A,identity,15.991032,11.809793,P41597,222,305,84,245,222,305,84,245,[identity; SIFTS unusable: sifts/A: npxxy: 5.58: identity check failed at A/232: ARG is not Y ; tilt: 2x46: identity check failed at A/94: THR is not L],,ok,ccr2,Inactive,Class A (Rhodopsin),2.81,X-ray diffraction,calibration,0
6GPS,ccr2_human,A,identity,10.913404,11.266075,P41597,222,305,84,245,222,305,84,245,[identity; SIFTS unusable: sifts/A: npxxy: 5.58: identity check failed at A/221: CYS is not Y ; tilt: 2x46: identity check failed at A/83: ASN is not L],,ok,ccr2,Inactive,Class A (Rhodopsin),3.3,X-ray diffraction,calibration,0
6GPX,ccr2_human,B,identity,11.39932,11.17898,P41597,222,305,84,245,222,305,84,245,[identity; SIFTS unusable: sifts/B: npxxy: 5.58: identity check failed at B/194: PHE is not Y ; tilt: 2x46: identity check failed at B/56: GLY is not L],,ok,ccr2,Inactive,Class A (Rhodopsin),2.7,X-ray diffraction,calibration,0
4MBS,ccr5_human,A,identity,12.193962,11.759782,P51681,214,297,72,237,214,297,72,237,[identity; SIFTS unusable: sifts/A: npxxy: 5.58: identity check failed at A/216: GLY is not Y ; tilt: 2x46: identity check failed at A/74: ILE is not L],,ok,ccr5,Inactive,Class A (Rhodopsin),2.71,X-ray diffraction,application,1
5UIW,ccr5_human,A,identity,12.623324,12.239835,P51681,214,297,72,237,214,297,72,237,[identity; SIFTS unusable: sifts/A: npxxy: 5.58: identity check failed at A/216: GLY is not Y ; tilt: 2x46: identity check failed at A/74: ILE is not L],,ok,ccr5,Inactive,Class A (Rhodopsin),2.2,X-ray diffraction,application,1
6AKX,ccr5_human,B,identity,11.841632,11.769187,P51681,214,297,72,237,214,297,72,237,[identity; SIFTS unusable: sifts/B: npxxy: 5.58: identity check failed at B/216: GLY is not Y ; tilt: 2x46: identity check failed at B/74: ILE is not L],,ok,ccr5,Inactive,Class A (Rhodopsin),2.8,X-ray diffraction,application,1
6AKY,ccr5_human,A,identity,11.857116,11.616023,P51681,214,297,72,237,214,297,72,237,[identity; SIFTS unusable: sifts/A: npxxy: 5.58: identity check failed at A/216: GLY is not Y ; tilt: 2x46: identity check failed at A/74: ILE is not L],,ok,ccr5,Inactive,Class A (Rhodopsin),2.8,X-ray diffraction,application,1
6MEO,ccr5_human,B,sifts,11.78596,12.387768,P51681,214,297,72,237,214,297,72,237,,,ok,ccr5,Inactive,Class A (Rhodopsin),3.9,Electron microscopy,application,1
6MET,ccr5_human,B,sifts,11.78596,12.387768,P51681,214,297,72,237,214,297,72,237,,,ok,ccr5,Inactive,Class A (Rhodopsin),4.5,Electron microscopy,application,1
7F1T,ccr5_human,A,identity,12.391227,11.493824,P51681,214,297,72,237,214,297,72,237,[identity; SIFTS unusable: sifts/A: npxxy: 5.58: identity check failed at A/306: ASN is not Y ; tilt: 2x46: identity check failed at A/164: ILE is not L],,ok,ccr5,Inactive,Class A (Rhodopsin),2.6,X-ray diffraction,application,1
9D3E,ccr6_human,,,,,P51684,234,316,88,256,,,,,,,no-sifts-identity/A: npxxy: 7.53: identity check failed at A/316: GLN is not Y ; tilt: 6x37: identity check failed at A/256: ASN is not I,ccr6,Inactive,Class A (Rhodopsin),3.02,Electron microscopy,calibration,0
9D3G,ccr6_human,,,,,P51684,234,316,88,256,,,,,,,no-sifts-identity/A: npxxy: 7.53: identity check failed at A/316: GLN is not Y ; tilt: 6x37: identity check failed at A/256: ASN is not I,ccr6,Inactive,Class A (Rhodopsin),3.26,Electron microscopy,calibration,0
6QZH,ccr7_human,A,identity,11.090898,12.137931,P32248,243,326,100,265,243,326,100,265,[identity; SIFTS unusable: sifts/A: npxxy: 5.58: identity check failed at A/202: SER is not Y ; tilt: 2x46: identity check failed at A/59: TRP is not L],,ok,ccr7,Inactive,Class A (Rhodopsin),2.1,X-ray diffraction,calibration,0
8TLM,ccr8_human,C,identity,8.951152,12.877405,P51685,218,300,77,240,218,300,77,240,[identity; SIFTS unusable: sifts/C: npxxy: 5.58: identity check failed at C/253: PRO is not Y ; tilt: 2x46: identity check failed at C/112: PHE is not L],,ok,ccr8,Inactive,Class A (Rhodopsin),2.9,Electron microscopy,calibration,0
5LWE,ccr9_human,B,identity,14.665767,12.832077,P51686,234,317,90,256,234,317,90,256,[identity; SIFTS unusable: sifts/B: npxxy: 5.58: identity check failed at B/212: SER is not Y ; tilt: 6x37: identity check failed at B/234: TYR is not T],,ok,ccr9,Inactive,Class A (Rhodopsin),2.8,X-ray diffraction,calibration,0
5TGZ,cnr1_human,A,sifts,10.497016,11.851464,P21554,294,397,159,345,294,397,159,345,,,ok,cnr1,Inactive,Class A (Rhodopsin),2.8,X-ray diffraction,application,1
5U09,cnr1_human,A,identity,11.607256,11.101174,P21554,294,397,159,345,294,397,159,345,[identity; SIFTS unusable: sifts/A: npxxy: 5.58: identity check failed at A/206: SER is not Y ; tilt: 2x46: residue A/71 not modelled],,ok,cnr1,Inactive,Class A (Rhodopsin),2.6,X-ray diffraction,application,1
6KQI,cnr1_human,A,identity,11.749971,11.001004,P21554,294,397,159,345,294,397,159,345,[identity; SIFTS unusable: sifts/A: npxxy: 5.58: identity check failed at A/202: ALA is not Y ; tilt: 2x46: residue A/67 not modelled],,ok,cnr1,Inactive,Class A (Rhodopsin),3.25,X-ray diffraction,application,1
7FEE,cnr1_human,A,identity,10.773362,11.735858,P21554,294,397,159,345,294,397,159,345,[identity; SIFTS unusable: sifts/A: npxxy: 5.58: identity check failed at A/253: LEU is not Y ; tilt: 2x46: identity check failed at A/118: ALA is not L],,ok,cnr1,Inactive,Class A (Rhodopsin),2.7,X-ray diffraction,application,1
9B9Y,cnr1_human,R,identity,10.858012,11.200482,P21554,294,397,159,345,294,397,159,345,[identity; SIFTS unusable: sifts/R: npxxy: 5.58: identity check failed at R/232: LYS is not Y ; tilt: 2x46: residue R/97 not modelled],,ok,cnr1,Inactive,Class A (Rhodopsin),3.5,Electron microscopy,application,1
9B9Z,cnr1_human,R,identity,10.825682,11.318531,P21554,294,397,159,345,294,397,159,345,[identity; SIFTS unusable: sifts/R: npxxy: 5.58: identity check failed at R/232: LYS is not Y ; tilt: 2x46: residue R/97 not modelled],,ok,cnr1,Inactive,Class A (Rhodopsin),3.3,Electron microscopy,application,1
9BA0,cnr1_human,R,identity,10.856413,11.264308,P21554,294,397,159,345,294,397,159,345,[identity; SIFTS unusable: sifts/R: npxxy: 5.58: identity check failed at R/232: LYS is not Y ; tilt: 2x46: residue R/97 not modelled],,ok,cnr1,Inactive,Class A (Rhodopsin),3.13,Electron microscopy,application,1
5ZTY,cnr2_human,A,sifts,10.07939,11.501553,P34972,209,299,76,247,209,299,76,247,,,ok,cnr2,Inactive,Class A (Rhodopsin),2.8,X-ray diffraction,application,1
6KPC,cnr2_human,A,sifts,10.42228,11.406292,P34972,209,299,76,247,209,299,76,247,,,ok,cnr2,Inactive,Class A (Rhodopsin),3.2,X-ray diffraction,application,1
6LFL,cxcr2_human,A,identity,10.154104,12.122142,P25025,231,314,90,253,231,314,90,253,[identity; SIFTS unusable: sifts/A: npxxy: 5.58: identity check failed at A/195: ALA is not Y ; tilt: 2x46: identity check failed at A/54: ILE is not L],,ok,cxcr2,Inactive,Class A (Rhodopsin),3.2,X-ray diffraction,application,1
8HNN,cxcr3_human,,,,,P49682,235,318,95,257,,,,,,,sifts/R: npxxy: 5.58: residue R/373 not modelled ; tilt: 2x46: identity check failed at R/233: TYR is not L | identity/R: npxxy: 7.53: identity check failed at R/318: HIS is not Y ; tilt: 6x37: identity check failed at R/257: ASN is not V,cxcr3,Inactive,Class A (Rhodopsin),3.6,Electron microscopy,calibration,0
8K2W,cxcr3_human,,,,,P49682,235,318,95,257,,,,,,,sifts/R: npxxy: 5.58: residue R/373 not modelled ; tilt: 2x46: identity check failed at R/233: TYR is not L | identity/R: npxxy: 7.53: identity check failed at R/318: HIS is not Y ; tilt: 6x37: identity check failed at R/257: ASN is not V,cxcr3,Inactive,Class A (Rhodopsin),3.0,Electron microscopy,calibration,0
3ODU,cxcr4_human,A,identity,13.799197,12.850828,P61073,219,302,80,241,219,302,80,241,[identity; SIFTS unusable: sifts/A: npxxy: 5.58: identity check failed at A/229: SER is not Y ; tilt: 2x46: identity check failed at A/90: THR is not L],,ok,cxcr4,Inactive,Class A (Rhodopsin),2.5,X-ray diffraction,application,1
3OE0,cxcr4_human,A,identity,21.417044,12.742957,P61073,219,302,80,241,219,302,80,241,[identity; SIFTS unusable: sifts/A: npxxy: 5.58: residue A/229 not modelled ; tilt: 2x46: identity check failed at A/90: THR is not L],,ok,cxcr4,Inactive,Class A (Rhodopsin),2.9,X-ray diffraction,application,1
3OE6,cxcr4_human,A,identity,12.969529,12.564785,P61073,219,302,80,241,219,302,80,241,[identity; SIFTS unusable: sifts/A: npxxy: 5.58: residue A/229 not modelled ; tilt: 2x46: identity check failed at A/90: THR is not L],,ok,cxcr4,Inactive,Class A (Rhodopsin),3.2,X-ray diffraction,application,1
3OE8,cxcr4_human,A,identity,13.782181,12.85951,P61073,219,302,80,241,219,302,80,241,[identity; SIFTS unusable: sifts/A: npxxy: 5.58: identity check failed at A/229: SER is not Y ; tilt: 2x46: identity check failed at A/90: THR is not L],,ok,cxcr4,Inactive,Class A (Rhodopsin),3.1,X-ray diffraction,application,1
3OE9,cxcr4_human,A,identity,14.7344,12.989298,P61073,219,302,80,241,219,302,80,241,[identity; SIFTS unusable: sifts/A: npxxy: 5.58: residue A/229 not modelled ; tilt: 2x46: identity check failed at A/90: THR is not L],,ok,cxcr4,Inactive,Class A (Rhodopsin),3.1,X-ray diffraction,application,1
4RWS,cxcr4_human,A,identity,23.671899,12.932769,P61073,219,302,80,241,219,302,80,241,[identity; SIFTS unusable: sifts/A: npxxy: 5.58: identity check failed at A/228: HIS is not Y ; tilt: 2x46: identity check failed at A/89: ILE is not L],,ok,cxcr4,Inactive,Class A (Rhodopsin),3.1,X-ray diffraction,application,1
8U4R,cxcr4_human,R,identity,14.453916,12.838664,P61073,219,302,80,241,219,302,80,241,[identity; SIFTS unusable: sifts/R: npxxy: 5.58: identity check failed at R/237: ALA is not Y ; tilt: 2x46: identity check failed at R/98: ALA is not L],,ok,cxcr4,Inactive,Class A (Rhodopsin),3.1,Electron microscopy,application,1
8U4T,cxcr4_human,R,identity,14.188601,12.737678,P61073,219,302,80,241,219,302,80,241,[identity; SIFTS unusable: sifts/R: npxxy: 5.58: identity check failed at R/237: ALA is not Y ; tilt: 2x46: identity check failed at R/98: ALA is not L],,ok,cxcr4,Inactive,Class A (Rhodopsin),3.38,Electron microscopy,application,1
6CM4,drd2_human,,,,,P14416,209,426,76,375,,,,,,,sifts/A: npxxy: 7.53: identity check failed at A/413: TRP is not Y ; tilt: 6x37: residue A/362 not modelled | identity/A: tilt: 6x37: identity check failed at A/375: ALA is not L,drd2,Inactive,Class A (Rhodopsin),2.87,X-ray diffraction,application,1
6LUQ,drd2_human,A,sifts,10.11372,,P14416,209,426,76,375,209,447,,,,,partial (tilt unavailable: 6x37: identity check failed at A/396: ALA is not L),drd2,Inactive,Class A (Rhodopsin),3.1,X-ray diffraction,application,1
7DFP,drd2_human,A,sifts,10.03916,11.724272,P14416,209,426,76,375,209,426,76,375,,,ok,drd2,Inactive,Class A (Rhodopsin),3.1,X-ray diffraction,application,1
3PBL,drd3_human,A,identity,10.782954,11.75604,P35462,208,383,71,331,208,383,71,331,[identity; SIFTS unusable: sifts/A: npxxy: 5.58: identity check failed at A/217: GLN is not Y ; tilt: 2x46: identity check failed at A/80: THR is not L],,ok,drd3,Inactive,Class A (Rhodopsin),2.89,X-ray diffraction,application,1
5WIU,drd4_human,,,,,P21917,212,400,76,348,,,,,,,sifts/A: npxxy: 5.58: identity check failed at A/216: PHE is not Y ; tilt: 2x46: identity check failed at A/80: ASP is not L | identity/A: npxxy: 7.53: identity check failed at A/400: VAL is not Y ; tilt: 6x37: residue A/348 not modelled,drd4,Inactive,Class A (Rhodopsin),1.96,X-ray diffraction,calibration,0
5WIV,drd4_human,,,,,P21917,212,400,76,348,,,,,,,sifts/A: npxxy: 5.58: identity check failed at A/216: PHE is not Y ; tilt: 2x46: identity check failed at A/80: ASP is not L | identity/A: npxxy: 7.53: identity check failed at A/400: VAL is not Y ; tilt: 6x37: residue A/348 not modelled,drd4,Inactive,Class A (Rhodopsin),2.14,X-ray diffraction,calibration,0
6IQL,drd4_mouse,A,identity,15.72661,14.080499,P51436,207,368,73,316,207,368,73,316,[identity; SIFTS unusable: sifts/A: npxxy: 5.58: identity check failed at A/195: SER is not Y ; tilt: 2x46: identity check failed at A/61: THR is not L],,ok,drd4,Inactive,Class A (Rhodopsin),3.5,X-ray diffraction,calibration,0
8XVJ,ednra_human,,,,,P25101,275,369,122,308,,,,,,,sifts/R: npxxy: 5.58: residue R/552 not modelled ; tilt: 2x46: residue R/399 not modelled | identity/R: npxxy: 7.53: identity check failed at R/369: LEU is not Y,ednra,Inactive,Class A (Rhodopsin),3.26,Electron microscopy,application,1
8XVK,ednra_human,,,,,P25101,275,369,122,308,,,,,,,sifts/R: npxxy: 5.58: residue R/552 not modelled ; tilt: 2x46: residue R/399 not modelled | identity/R: npxxy: 7.53: identity check failed at R/369: LEU is not Y,ednra,Inactive,Class A (Rhodopsin),3.21,Electron microscopy,application,1
8XVL,ednra_human,,,,,P25101,275,369,122,308,,,,,,,sifts/R: npxxy: 5.58: residue R/552 not modelled ; tilt: 2x46: residue R/399 not modelled | identity/R: npxxy: 7.53: identity check failed at R/369: LEU is not Y,ednra,Inactive,Class A (Rhodopsin),3.22,Electron microscopy,application,1
5GLH,ednrb_human,,,,,P24530,293,386,143,325,,,,,,,sifts/A: npxxy: 5.58: identity check failed at A/231: VAL is not Y ; tilt: 2x46: residue A/81 not modelled | identity/A: npxxy: 7.53: identity check failed at A/386: LEU is not Y,ednrb,Inactive,Class A (Rhodopsin),2.8,X-ray diffraction,application,1
5GLI,ednrb_human,,,,,P24530,293,386,143,325,,,,,,,sifts/A: npxxy: 5.58: identity check failed at A/231: VAL is not Y ; tilt: 2x46: residue A/81 not modelled | identity/A: npxxy: 7.53: identity check failed at A/386: LEU is not Y,ednrb,Inactive,Class A (Rhodopsin),2.5,X-ray diffraction,application,1
5X93,ednrb_human,,,,,P24530,293,386,143,325,,,,,,,sifts/A: npxxy: 5.58: identity check failed at A/231: VAL is not Y ; tilt: 2x46: residue A/81 not modelled | identity/A: npxxy: 7.53: identity check failed at A/386: LEU is not Y,ednrb,Inactive,Class A (Rhodopsin),2.2,X-ray diffraction,application,1
5XPR,ednrb_human,,,,,P24530,293,386,143,325,,,,,,,sifts/A: npxxy: 5.58: identity check failed at A/231: VAL is not Y ; tilt: 2x46: residue A/81 not modelled | identity/A: npxxy: 7.53: identity check failed at A/386: LEU is not Y,ednrb,Inactive,Class A (Rhodopsin),3.6,X-ray diffraction,application,1
6IGK,ednrb_human,,,,,P24530,293,386,143,325,,,,,,,sifts/A: npxxy: 5.58: identity check failed at A/231: VAL is not Y ; tilt: 2x46: residue A/81 not modelled | identity/A: npxxy: 7.53: identity check failed at A/386: LEU is not Y,ednrb,Inactive,Class A (Rhodopsin),2.0,X-ray diffraction,application,1
6IGL,ednrb_human,,,,,P24530,293,386,143,325,,,,,,,sifts/A: npxxy: 5.58: identity check failed at A/231: VAL is not Y ; tilt: 2x46: residue A/81 not modelled | identity/A: npxxy: 7.53: identity check failed at A/386: LEU is not Y,ednrb,Inactive,Class A (Rhodopsin),2.7,X-ray diffraction,application,1
6K1Q,ednrb_human,,,,,P24530,293,386,143,325,,,,,,,sifts/A: npxxy: 5.58: identity check failed at A/231: VAL is not Y ; tilt: 2x46: residue A/81 not modelled | identity/A: npxxy: 7.53: identity check failed at A/386: LEU is not Y,ednrb,Inactive,Class A (Rhodopsin),2.7,X-ray diffraction,application,1
6LRY,ednrb_human,,,,,P24530,293,386,143,325,,,,,,,sifts/A: npxxy: 5.58: identity check failed at A/231: VAL is not Y ; tilt: 2x46: residue A/81 not modelled | identity/A: npxxy: 7.53: identity check failed at A/386: LEU is not Y,ednrb,Inactive,Class A (Rhodopsin),3.0,X-ray diffraction,application,1
8I2H,fshr_human,,,,,P23945,549,626,404,574,,,,,,,sifts/A: npxxy: 5.58: identity check failed at A/536: VAL is not Y ; tilt: 2x46: identity check failed at A/391: GLN is not L | identity/A: npxxy: 5.58: atom OH absent at A/549 (TYR),fshr,Inactive,Class A (Rhodopsin),6.0,Electron microscopy,application,1
6KO5,ghsr_human,A,identity,9.835447,12.466906,Q92847,232,323,85,265,232,323,85,265,[identity; SIFTS unusable: sifts/A: npxxy: 5.58: identity check failed at A/310: VAL is not Y ; tilt: 2x46: identity check failed at A/163: VAL is not M],,ok,ghsr,Inactive,Class A (Rhodopsin),3.3,X-ray diffraction,application,1
7F83,ghsr_human,A,identity,10.05596,12.686695,Q92847,232,323,85,265,232,323,85,265,[identity; SIFTS unusable: sifts/A: npxxy: 7.53: residue A/1182 not modelled ; tilt: 6x37: residue A/1124 not modelled],,ok,ghsr,Inactive,Class A (Rhodopsin),2.94,X-ray diffraction,application,1
7BR3,gnrhr_human,,,,,P30968,231,323,83,269,,,,,,,sifts/A: npxxy: 5.58: identity check failed at A/239: THR is not Y ; tilt: 2x46: identity check failed at A/91: THR is not L | identity/A: npxxy: 5.58: identity check failed at A/231: ASN is not Y,gnrhr,Inactive,Class A (Rhodopsin),2.79,X-ray diffraction,calibration,0
6LI0,gpr52_human,,,,,Q9Y2T5,222,317,83,267,,,,,,,sifts/A: npxxy: 5.58: identity check failed at A/207: ILE is not Y ; tilt: 2x46: identity check failed at A/68: ALA is not M | identity/A: npxxy: 5.58: identity check failed at A/222: THR is not Y,gpr52,Inactive,Class A (Rhodopsin),2.2,X-ray diffraction,calibration,0
6LI1,gpr52_human,,,,,Q9Y2T5,222,317,83,267,,,,,,,sifts/A: npxxy: 5.58: identity check failed at A/207: ILE is not Y ; tilt: 2x46: identity check failed at A/68: ALA is not M | identity/A: npxxy: 5.58: identity check failed at A/222: THR is not Y,gpr52,Inactive,Class A (Rhodopsin),2.9,X-ray diffraction,calibration,0
6LI2,gpr52_human,,,,,Q9Y2T5,222,317,83,267,,,,,,,sifts/A: npxxy: 5.58: identity check failed at A/207: ILE is not Y ; tilt: 2x46: residue A/68 not modelled | identity/A: npxxy: 5.58: identity check failed at A/222: THR is not Y,gpr52,Inactive,Class A (Rhodopsin),2.8,X-ray diffraction,calibration,0
8T1V,gpr6_human,A,identity,12.097972,12.953086,P46095,245,329,114,281,245,329,114,281,[identity; SIFTS unusable: sifts/A: npxxy: 5.58: identity check failed at A/225: SER is not Y ; tilt: 2x46: identity check failed at A/94: VAL is not L],,ok,gpr6,Inactive,Class A (Rhodopsin),2.6,X-ray diffraction,calibration,0
8T1W,gpr6_human,A,identity,12.020754,12.910133,P46095,245,329,114,281,245,329,114,281,[identity; SIFTS unusable: sifts/A: npxxy: 5.58: identity check failed at A/225: SER is not Y ; tilt: 2x46: identity check failed at A/94: VAL is not L],,ok,gpr6,Inactive,Class A (Rhodopsin),3.49,X-ray diffraction,calibration,0
7W41,grpr_human,A,sifts,,11.592279,P30550,230,322,82,266,,,82,450,,,partial (npxxy unavailable: 7.53: identity check failed at A/506: LEU is not Y),grpr,Inactive,Class A (Rhodopsin),2.95,X-ray diffraction,application,1
3RZE,hrh1_human,A,identity,15.63917,12.387394,P35367,210,468,69,417,210,468,69,417,[identity; SIFTS unusable: sifts/A: npxxy: 5.58: identity check failed at A/191: LYS is not Y ; tilt: 2x46: identity check failed at A/50: TYR is not L],,ok,hrh1,Inactive,Class A (Rhodopsin),3.1,X-ray diffraction,application,1
8X5X,hrh1_human,B,identity,17.972759,12.619937,P35367,210,468,69,417,210,468,69,417,[identity; SIFTS unusable: sifts/B: npxxy: 5.58: identity check failed at B/199: PHE is not Y],,ok,hrh1,Inactive,Class A (Rhodopsin),3.5,Electron microscopy,application,1
8X5Y,hrh1_human,B,sifts,15.220014,12.298115,P35367,210,468,69,417,210,468,69,417,,,ok,hrh1,Inactive,Class A (Rhodopsin),3.0,Electron microscopy,application,1
8X63,hrh1_human,B,identity,14.809587,12.443692,P35367,210,468,69,417,210,468,69,417,[identity; SIFTS unusable: sifts/B: npxxy: 5.58: identity check failed at B/199: PHE is not Y],,ok,hrh1,Inactive,Class A (Rhodopsin),3.2,Electron microscopy,application,1
8X64,hrh1_human,B,identity,15.296338,13.183623,P35367,210,468,69,417,210,468,69,417,[identity; SIFTS unusable: sifts/B: npxxy: 5.58: identity check failed at B/199: PHE is not Y],,ok,hrh1,Inactive,Class A (Rhodopsin),3.4,Electron microscopy,application,1
7UL3,hrh2_human,,,,,P25021,202,288,60,236,,,,,,,sifts/A: npxxy: 5.58: UniProt 202 outside every sifts segment of chain A ; tilt: 2x46: identity check failed at A/99: VAL is not L | identity/A: tilt: 6x37: identity check failed at A/236: VAL is not L,hrh2,Inactive,Class A (Rhodopsin),3.0,Electron microscopy,calibration,0
7F61,hrh3_human,A,sifts,,13.677417,Q9Y5N1,218,412,76,360,,,76,360,,,partial (npxxy unavailable: 5.58: identity check failed at A/218: ASN is not Y),hrh3,Inactive,Class A (Rhodopsin),2.6,X-ray diffraction,application,1
8WVU,lgr4_human,A,sifts,15.593024,11.502058,Q9BXB1,725,801,580,749,725,801,580,749,,,ok,lgr4,Inactive,Class A (Rhodopsin),3.61,Electron microscopy,calibration,0
8WVV,lgr4_human,A,sifts,14.107705,11.356435,Q9BXB1,725,801,580,749,725,801,580,749,,,ok,lgr4,Inactive,Class A (Rhodopsin),3.35,Electron microscopy,calibration,0
8WVW,lgr4_human,A,sifts,14.694341,11.591694,Q9BXB1,725,801,580,749,725,801,580,749,,,ok,lgr4,Inactive,Class A (Rhodopsin),3.53,Electron microscopy,calibration,0
8WVX,lgr4_human,A,sifts,,10.505058,Q9BXB1,725,801,580,749,,,580,749,,,partial (npxxy unavailable: 5.58: atom OH absent at A/725 (TYR)),lgr4,Inactive,Class A (Rhodopsin),3.32,Electron microscopy,calibration,0
8WVY,lgr4_human,A,sifts,14.499721,11.4586,Q9BXB1,725,801,580,749,725,801,580,749,,,ok,lgr4,Inactive,Class A (Rhodopsin),3.29,Electron microscopy,calibration,0
8XFP,lgr4_human,A,sifts,20.334199,11.019712,Q9BXB1,725,801,580,749,725,801,580,749,,,ok,lgr4,Inactive,Class A (Rhodopsin),3.21,Electron microscopy,calibration,0
8XFS,lgr4_human,A,sifts,19.85947,11.578021,Q9BXB1,725,801,580,749,725,801,580,749,,,ok,lgr4,Inactive,Class A (Rhodopsin),3.2,Electron microscopy,calibration,0
8XFT,lgr4_human,A,sifts,,11.244699,Q9BXB1,725,801,580,749,,,580,749,,,partial (npxxy unavailable: 5.58: atom OH absent at A/725 (TYR)),lgr4,Inactive,Class A (Rhodopsin),3.24,Electron microscopy,calibration,0
8Y69,lgr4_human,D,sifts,18.029881,11.501894,Q9BXB1,725,801,580,749,725,801,580,749,,,ok,lgr4,Inactive,Class A (Rhodopsin),3.38,Electron microscopy,calibration,0
4Z34,lpar1_human,A,identity,9.423052,11.283059,Q92633,225,311,91,260,225,311,91,260,[identity; SIFTS unusable: sifts/A: npxxy: 5.58: residue A/243 not modelled ; tilt: 2x46: identity check failed at A/109: THR is not L],,ok,lpar1,Inactive,Class A (Rhodopsin),3.0,X-ray diffraction,application,1
4Z35,lpar1_human,A,identity,9.405595,11.241971,Q92633,225,311,91,260,225,311,91,260,[identity; SIFTS unusable: sifts/A: npxxy: 5.58: residue A/243 not modelled ; tilt: 2x46: identity check failed at A/109: THR is not L],,ok,lpar1,Inactive,Class A (Rhodopsin),2.9,X-ray diffraction,application,1
4Z36,lpar1_human,A,identity,9.408003,11.225246,Q92633,225,311,91,260,225,311,91,260,[identity; SIFTS unusable: sifts/A: npxxy: 5.58: residue A/243 not modelled ; tilt: 2x46: identity check failed at A/109: THR is not L],,ok,lpar1,Inactive,Class A (Rhodopsin),2.9,X-ray diffraction,application,1
7FIJ,lshr_human,,,,,P22888,546,623,401,571,,,,,,,sifts/R: npxxy: 5.58: identity check failed at R/536: VAL is not Y ; tilt: 6x37: identity check failed at R/561: THR is not M | identity/R: npxxy: 5.58: atom OH absent at R/546 (TYR),lshr,Inactive,Class A (Rhodopsin),3.8,Electron microscopy,application,1
7K15,lt4r1_human,A,identity,12.572243,12.003328,Q15722,201,285,60,223,201,285,60,223,[identity; SIFTS unusable: sifts/A: npxxy: 5.58: identity check failed at A/224: VAL is not Y ; tilt: 2x46: identity check failed at A/83: TRP is not L],,ok,lt4r1,Inactive,Class A (Rhodopsin),2.88,X-ray diffraction,application,1
8YNS,mchr1_human,,,,,Q99705,297,380,154,327,,,,,,,"SIFTS has no segment for Q99705 in 8YNS (present: ['A0A2R9AFP0', 'P0ABE7'])",mchr1,Inactive,Class A (Rhodopsin),3.33,Electron microscopy,application,1
8YNT,mchr1_human,,,,,Q99705,297,380,154,327,,,,,,,"SIFTS has no segment for Q99705 in 8YNT (present: ['A0A2R9AFP0', 'P0ABE7'])",mchr1,Inactive,Class A (Rhodopsin),3.43,Electron microscopy,application,1
6ME2,mtr1a_human,A,identity,9.416388,11.677921,P48039,207,295,69,240,207,295,69,240,[identity; SIFTS unusable: sifts/A: npxxy: 5.58: identity check failed at A/198: VAL is not Y ; tilt: 2x46: identity check failed at A/60: ASN is not L],,ok,mtr1a,Inactive,Class A (Rhodopsin),2.8,X-ray diffraction,calibration,0
6ME3,mtr1a_human,A,identity,9.45181,11.892704,P48039,207,295,69,240,207,295,69,240,[identity; SIFTS unusable: sifts/A: npxxy: 5.58: identity check failed at A/198: VAL is not Y ; tilt: 2x46: identity check failed at A/60: ASN is not L],,ok,mtr1a,Inactive,Class A (Rhodopsin),2.9,X-ray diffraction,calibration,0
6ME4,mtr1a_human,A,identity,9.221404,11.811232,P48039,207,295,69,240,207,295,69,240,[identity; SIFTS unusable: sifts/A: npxxy: 5.58: identity check failed at A/198: VAL is not Y ; tilt: 2x46: identity check failed at A/60: ASN is not L],,ok,mtr1a,Inactive,Class A (Rhodopsin),3.2,X-ray diffraction,calibration,0
6ME5,mtr1a_human,A,identity,9.411153,11.599678,P48039,207,295,69,240,207,295,69,240,[identity; SIFTS unusable: sifts/A: npxxy: 5.58: identity check failed at A/198: VAL is not Y ; tilt: 2x46: identity check failed at A/60: ASN is not L],,ok,mtr1a,Inactive,Class A (Rhodopsin),3.2,X-ray diffraction,calibration,0
6PS8,mtr1a_human,A,identity,9.136324,11.687809,P48039,207,295,69,240,207,295,69,240,[identity; SIFTS unusable: sifts/A: npxxy: 5.58: identity check failed at A/198: VAL is not Y ; tilt: 2x46: identity check failed at A/60: ASN is not L],,ok,mtr1a,Inactive,Class A (Rhodopsin),3.3,X-ray diffraction,calibration,0
6ME6,mtr1b_human,A,sifts,10.044824,11.596618,P49286,220,308,82,253,220,308,82,253,,,ok,mtr1b,Inactive,Class A (Rhodopsin),2.8,X-ray diffraction,calibration,0
6ME7,mtr1b_human,A,sifts,9.601339,11.821779,P49286,220,308,82,253,220,308,82,253,,,ok,mtr1b,Inactive,Class A (Rhodopsin),3.2,X-ray diffraction,calibration,0
6ME8,mtr1b_human,A,sifts,9.709396,11.618477,P49286,220,308,82,253,220,308,82,253,,,ok,mtr1b,Inactive,Class A (Rhodopsin),3.1,X-ray diffraction,calibration,0
6ME9,mtr1b_human,B,sifts,10.089615,11.723989,P49286,220,308,82,253,220,308,82,253,,,ok,mtr1b,Inactive,Class A (Rhodopsin),3.3,X-ray diffraction,calibration,0
6E59,nk1r_human,A,sifts,9.838288,11.98386,P25103,216,305,74,250,216,305,74,250,,,ok,nk1r,Inactive,Class A (Rhodopsin),3.4,X-ray diffraction,calibration,0
6HLL,nk1r_human,A,sifts,9.289692,,P25103,216,305,74,250,216,305,,,,,partial (tilt unavailable: 2x46: identity check failed at A/74: ALA is not L),nk1r,Inactive,Class A (Rhodopsin),3.27,X-ray diffraction,calibration,0
6HLO,nk1r_human,A,sifts,9.539717,,P25103,216,305,74,250,216,305,,,,,partial (tilt unavailable: 2x46: identity check failed at A/74: ALA is not L),nk1r,Inactive,Class A (Rhodopsin),2.4,X-ray diffraction,calibration,0
6HLP,nk1r_human,A,sifts,9.546758,,P25103,216,305,74,250,216,305,,,,,partial (tilt unavailable: 2x46: identity check failed at A/74: ALA is not L),nk1r,Inactive,Class A (Rhodopsin),2.2,X-ray diffraction,calibration,0
6J20,nk1r_human,A,identity,9.874055,12.007593,P25103,216,305,74,250,216,305,74,250,[identity; SIFTS unusable: sifts/A: npxxy: 5.58: identity check failed at A/215: ALA is not Y ; tilt: 2x46: identity check failed at A/73: ASN is not L],,ok,nk1r,Inactive,Class A (Rhodopsin),2.7,X-ray diffraction,calibration,0
6J21,nk1r_human,A,identity,9.545216,12.230442,P25103,216,305,74,250,216,305,74,250,[identity; SIFTS unusable: sifts/A: npxxy: 5.58: identity check failed at A/215: ALA is not Y ; tilt: 2x46: identity check failed at A/73: ASN is not L],,ok,nk1r,Inactive,Class A (Rhodopsin),3.2,X-ray diffraction,calibration,0
5ZBH,npy1r_human,A,identity,10.104368,12.169938,P25929,231,320,82,265,231,320,82,265,[identity; SIFTS unusable: sifts/A: npxxy: 5.58: identity check failed at A/240: ARG is not Y ; tilt: 2x46: identity check failed at A/91: ILE is not L],,ok,npy1r,Inactive,Class A (Rhodopsin),3.0,X-ray diffraction,application,1
5ZBQ,npy1r_human,A,identity,9.590837,12.25733,P25929,231,320,82,265,231,320,82,265,[identity; SIFTS unusable: sifts/A: npxxy: 5.58: identity check failed at A/230: CYS is not Y ; tilt: 2x46: identity check failed at A/81: ASN is not L],,ok,npy1r,Inactive,Class A (Rhodopsin),2.7,X-ray diffraction,application,1
7DDZ,npy2r_human,A,identity,9.90019,11.916927,P49146,239,325,92,270,239,325,92,270,[identity; SIFTS unusable: sifts/A: npxxy: 5.58: residue A/402 not modelled ; tilt: 2x46: residue A/255 not modelled],,ok,npy2r,Inactive,Class A (Rhodopsin),2.8,X-ray diffraction,application,1
7UL2,ntr1_human,,,,,P30989,256,364,108,305,,,,,,,sifts/R: npxxy: 5.58: UniProt 256 outside every sifts segment of chain R ; tilt: 2x46: identity check failed at R/128: ILE is not L | identity/R: tilt: 6x37: identity check failed at R/305: VAL is not L,ntr1,Inactive,Class A (Rhodopsin),2.4,Electron microscopy,calibration,0
3ZEV,ntr1_rat,,,,,P20789,257,369,109,310,,,,,,,sifts/A: npxxy: 5.58: identity check failed at A/212: ASN is not Y ; tilt: 2x46: identity check failed at A/64: LYS is not L | sifts/B: npxxy: 5.58: identity check failed at B/212: ASN is not Y ; tilt: 2x46: identity check failed at B/64: LYS is not L | identity/A: npxxy: 5.58: identity check failed at A/257: ASN is not Y | identity/B: npxxy: 5.58: identity check failed at B/257: ASN is not Y,ntr1,Inactive,Class A (Rhodopsin),3.0,X-ray diffraction,calibration,0
4BUO,ntr1_rat,B,sifts,,12.149415,P20789,257,369,109,310,,,109,310,,,partial (npxxy unavailable: 5.58: identity check failed at B/257: ASN is not Y),ntr1,Inactive,Class A (Rhodopsin),2.75,X-ray diffraction,calibration,0
4BV0,ntr1_rat,,,,,P20789,257,369,109,310,,,,,,,sifts/A: npxxy: 5.58: identity check failed at A/212: ASN is not Y ; tilt: 2x46: identity check failed at A/64: LYS is not L | sifts/B: npxxy: 5.58: identity check failed at B/212: ASN is not Y ; tilt: 2x46: identity check failed at B/64: LYS is not L | identity/A: npxxy: 5.58: identity check failed at A/257: ASN is not Y | identity/B: npxxy: 5.58: identity check failed at B/257: ASN is not Y,ntr1,Inactive,Class A (Rhodopsin),3.1,X-ray diffraction,calibration,0
4BWB,ntr1_rat,,,,,P20789,257,369,109,310,,,,,,,sifts/A: npxxy: 5.58: identity check failed at A/212: ASN is not Y ; tilt: 2x46: identity check failed at A/64: LYS is not L | sifts/B: npxxy: 5.58: identity check failed at B/212: ASN is not Y ; tilt: 2x46: identity check failed at B/64: LYS is not L | identity/A: npxxy: 5.58: identity check failed at A/257: ASN is not Y | identity/B: npxxy: 5.58: identity check failed at B/257: ASN is not Y,ntr1,Inactive,Class A (Rhodopsin),3.57,X-ray diffraction,calibration,0
6YVR,ntr1_rat,AAA,sifts,,11.991325,P20789,257,369,109,310,,,109,310,,,partial (npxxy unavailable: 5.58: identity check failed at AAA/257: ASN is not Y),ntr1,Inactive,Class A (Rhodopsin),2.46,X-ray diffraction,calibration,0
6Z4Q,ntr1_rat,,,,,P20789,257,369,109,310,,,,,,,sifts/AAA: npxxy: 5.58: identity check failed at AAA/212: ASN is not Y ; tilt: 2x46: identity check failed at AAA/64: LYS is not L | identity/AAA: npxxy: 5.58: identity check failed at AAA/257: ASN is not Y,ntr1,Inactive,Class A (Rhodopsin),2.92,X-ray diffraction,calibration,0
6Z4S,ntr1_rat,,,,,P20789,257,369,109,310,,,,,,,sifts/AAA: npxxy: 5.58: identity check failed at AAA/212: ASN is not Y ; tilt: 2x46: identity check failed at AAA/64: LYS is not L | identity/AAA: npxxy: 5.58: identity check failed at AAA/257: ASN is not Y,ntr1,Inactive,Class A (Rhodopsin),2.71,X-ray diffraction,calibration,0
6ZIN,ntr1_rat,,,,,P20789,257,369,109,310,,,,,,,sifts/AAA: npxxy: 5.58: identity check failed at AAA/212: ASN is not Y ; tilt: 2x46: identity check failed at AAA/64: LYS is not L | identity/AAA: npxxy: 5.58: identity check failed at AAA/257: ASN is not Y,ntr1,Inactive,Class A (Rhodopsin),2.64,X-ray diffraction,calibration,0
4N6H,oprd_human,A,sifts,14.250999,12.054163,P41143,233,318,91,263,233,318,91,263,,,ok,oprd,Inactive,Class A (Rhodopsin),1.8,X-ray diffraction,application,1
4RWA,oprd_human,A,sifts,12.550314,12.07537,P41143,233,318,91,263,233,318,91,263,,,ok,oprd,Inactive,Class A (Rhodopsin),3.28,X-ray diffraction,application,1
4RWD,oprd_human,A,sifts,12.897662,11.813082,P41143,233,318,91,263,233,318,91,263,,,ok,oprd,Inactive,Class A (Rhodopsin),2.7,X-ray diffraction,application,1
4EJ4,oprd_mouse,A,identity,12.625015,11.92233,P32300,233,318,91,263,233,318,91,263,[identity; SIFTS unusable: sifts/A: npxxy: 5.58: identity check failed at A/198: CYS is not Y ; tilt: 2x46: identity check failed at A/56: TYR is not L],,ok,oprd,Inactive,Class A (Rhodopsin),3.4,X-ray diffraction,application,1
4DJH,oprk_human,A,identity,12.439244,11.406164,P41145,246,330,101,276,246,330,101,276,[identity; SIFTS unusable: sifts/A: npxxy: 5.58: identity check failed at A/209: GLU is not Y ; tilt: 2x46: identity check failed at A/64: ALA is not L],,ok,oprk,Inactive,Class A (Rhodopsin),2.9,X-ray diffraction,application,1
6VI4,oprk_human,B,identity,12.087825,11.8141,P41145,246,330,101,276,246,330,101,276,[identity; SIFTS unusable: sifts/B: npxxy: 5.58: identity check failed at B/195: VAL is not Y ; tilt: 2x46: residue B/50 not modelled],,ok,oprk,Inactive,Class A (Rhodopsin),3.3,X-ray diffraction,application,1
4DKL,oprm_mouse,A,identity,13.194219,11.671055,P42866,252,336,110,282,252,336,110,282,[identity; SIFTS unusable: sifts/A: npxxy: 5.58: identity check failed at A/201: PRO is not Y ; tilt: 2x46: residue A/59 not modelled],,ok,oprm,Inactive,Class A (Rhodopsin),2.8,X-ray diffraction,calibration,0
7UL4,oprm_mouse,A,identity,12.286131,11.878547,P42866,252,336,110,282,252,336,110,282,[identity; SIFTS unusable: sifts/A: npxxy: 5.58: identity check failed at A/272: ASP is not Y ; tilt: 2x46: identity check failed at A/130: MET is not L],,ok,oprm,Inactive,Class A (Rhodopsin),2.8,Electron microscopy,calibration,0
8QOT,oprm_mouse,A,identity,11.047345,12.523099,P42866,252,336,110,282,252,336,110,282,[identity; SIFTS unusable: sifts/A: npxxy: 5.58: identity check failed at A/278: ILE is not Y ; tilt: 2x46: identity check failed at A/136: GLY is not L],,ok,oprm,Inactive,Class A (Rhodopsin),3.2,Electron microscopy,calibration,0
9BJK,oprm_mouse,R,identity,10.004663,11.744167,P42866,252,336,110,282,252,336,110,282,[identity; SIFTS unusable: sifts/R: npxxy: 5.58: identity check failed at R/272: ASP is not Y ; tilt: 2x46: identity check failed at R/130: MET is not L],,ok,oprm,Inactive,Class A (Rhodopsin),3.26,Electron microscopy,calibration,0
4EA3,oprx_human,A,identity,12.173125,11.91581,P41146,235,319,93,265,235,319,93,265,[identity; SIFTS unusable: sifts/A: npxxy: 7.53: residue A/393 not modelled ; tilt: 2x46: identity check failed at A/167: ALA is not L],,ok,oprx,Inactive,Class A (Rhodopsin),3.01,X-ray diffraction,application,1
5DHG,oprx_human,A,identity,12.350918,11.880752,P41146,235,319,93,265,235,319,93,265,[identity; SIFTS unusable: sifts/A: npxxy: 7.53: residue A/393 not modelled ; tilt: 2x46: identity check failed at A/167: ALA is not L],,ok,oprx,Inactive,Class A (Rhodopsin),3.0,X-ray diffraction,application,1
5DHH,oprx_human,A,identity,11.763285,11.940725,P41146,235,319,93,265,235,319,93,265,[identity; SIFTS unusable: sifts/A: npxxy: 7.53: residue A/393 not modelled ; tilt: 2x46: identity check failed at A/167: ALA is not L],,ok,oprx,Inactive,Class A (Rhodopsin),3.0,X-ray diffraction,application,1
1F88,opsd_bovin,A,sifts,22.202148,13.457409,P02699,223,306,79,254,223,306,79,254,,,ok,opsd,Inactive,Class A (Rhodopsin),2.8,X-ray diffraction,application,1
1GZM,opsd_bovin,A,sifts,23.844307,13.283867,P02699,223,306,79,254,223,306,79,254,,,ok,opsd,Inactive,Class A (Rhodopsin),2.65,X-ray diffraction,application,1
1HZX,opsd_bovin,A,sifts,22.092957,13.203514,P02699,223,306,79,254,223,306,79,254,,,ok,opsd,Inactive,Class A (Rhodopsin),2.8,X-ray diffraction,application,1
1L9H,opsd_bovin,A,sifts,22.099025,13.143866,P02699,223,306,79,254,223,306,79,254,,,ok,opsd,Inactive,Class A (Rhodopsin),2.6,X-ray diffraction,application,1
1U19,opsd_bovin,A,sifts,22.44558,13.189646,P02699,223,306,79,254,223,306,79,254,,,ok,opsd,Inactive,Class A (Rhodopsin),2.2,X-ray diffraction,application,1
2G87,opsd_bovin,A,sifts,22.309199,13.290054,P02699,223,306,79,254,223,306,79,254,,,ok,opsd,Inactive,Class A (Rhodopsin),2.6,X-ray diffraction,application,1
2HPY,opsd_bovin,B,sifts,22.447846,13.286336,P02699,223,306,79,254,223,306,79,254,,,ok,opsd,Inactive,Class A (Rhodopsin),2.8,X-ray diffraction,application,1
2I35,opsd_bovin,A,sifts,23.188361,13.017028,P02699,223,306,79,254,223,306,79,254,,,ok,opsd,Inactive,Class A (Rhodopsin),3.8,X-ray diffraction,application,1
2I36,opsd_bovin,A,sifts,23.126861,13.358492,P02699,223,306,79,254,223,306,79,254,,,ok,opsd,Inactive,Class A (Rhodopsin),4.1,X-ray diffraction,application,1
2I37,opsd_bovin,A,sifts,21.677758,13.333212,P02699,223,306,79,254,223,306,79,254,,,ok,opsd,Inactive,Class A (Rhodopsin),4.15,X-ray diffraction,application,1
2J4Y,opsd_bovin,B,sifts,21.521375,13.663654,P02699,223,306,79,254,223,306,79,254,,,ok,opsd,Inactive,Class A (Rhodopsin),3.4,X-ray diffraction,application,1
2PED,opsd_bovin,B,sifts,22.222131,13.254368,P02699,223,306,79,254,223,306,79,254,,,ok,opsd,Inactive,Class A (Rhodopsin),2.95,X-ray diffraction,application,1
3C9L,opsd_bovin,A,sifts,23.851506,13.308758,P02699,223,306,79,254,223,306,79,254,,,ok,opsd,Inactive,Class A (Rhodopsin),2.65,X-ray diffraction,application,1
3C9M,opsd_bovin,A,sifts,21.188433,13.461282,P02699,223,306,79,254,223,306,79,254,,,ok,opsd,Inactive,Class A (Rhodopsin),3.4,X-ray diffraction,application,1
3OAX,opsd_bovin,A,sifts,22.265652,13.233467,P02699,223,306,79,254,223,306,79,254,,,ok,opsd,Inactive,Class A (Rhodopsin),2.6,X-ray diffraction,application,1
5TE5,opsd_bovin,A,sifts,23.72833,12.655804,P02699,223,306,79,254,223,306,79,254,,,ok,opsd,Inactive,Class A (Rhodopsin),4.01,X-ray diffraction,application,1
6OFJ,opsd_bovin,A,sifts,21.715186,15.091709,P02699,223,306,79,254,223,306,79,254,,,ok,opsd,Inactive,Class A (Rhodopsin),4.5,Electron microscopy,application,1
7ZBC,opsd_bovin,A,sifts,24.735076,13.470468,P02699,223,306,79,254,223,306,79,254,,,ok,opsd,Inactive,Class A (Rhodopsin),1.8,X-ray diffraction,application,1
7ZBE,opsd_bovin,A,sifts,24.518276,13.53892,P02699,223,306,79,254,223,306,79,254,,,ok,opsd,Inactive,Class A (Rhodopsin),1.8,X-ray diffraction,application,1
8A6C,opsd_bovin,A,sifts,21.55291,13.579379,P02699,223,306,79,254,223,306,79,254,,,ok,opsd,Inactive,Class A (Rhodopsin),1.8,X-ray diffraction,application,1
8A6D,opsd_bovin,A,sifts,15.469763,13.486616,P02699,223,306,79,254,223,306,79,254,,,ok,opsd,Inactive,Class A (Rhodopsin),1.8,X-ray diffraction,application,1
8A6E,opsd_bovin,A,sifts,25.42172,13.449665,P02699,223,306,79,254,624,707,480,655,,,ok,opsd,Inactive,Class A (Rhodopsin),1.8,X-ray diffraction,application,1
8FCZ,opsd_bovin,A,sifts,23.567689,13.472633,P02699,223,306,79,254,223,306,79,254,,,ok,opsd,Inactive,Class A (Rhodopsin),3.7,X-ray diffraction,application,1
8FD0,opsd_bovin,A,sifts,22.485892,13.558591,P02699,223,306,79,254,223,306,79,254,,,ok,opsd,Inactive,Class A (Rhodopsin),3.71,X-ray diffraction,application,1
8FD1,opsd_bovin,A,sifts,21.820774,13.431514,P02699,223,306,79,254,223,306,79,254,,,ok,opsd,Inactive,Class A (Rhodopsin),4.25,X-ray diffraction,application,1
2Z73,opsd_todpa,A,sifts,10.158331,11.445831,P31356,220,315,76,263,220,315,76,263,,,ok,opsd,Inactive,Class A (Rhodopsin),2.5,X-ray diffraction,application,1
2ZIY,opsd_todpa,A,identity,10.13188,11.453075,P31356,220,315,76,263,220,315,76,263,[identity; SIFTS unusable: sifts/A: npxxy: 5.58: identity check failed at A/219: CYS is not Y ; tilt: 2x46: identity check failed at A/75: ASN is not L],,ok,opsd,Inactive,Class A (Rhodopsin),3.7,X-ray diffraction,application,1
3AYM,opsd_todpa,B,sifts,10.259868,11.500721,P31356,220,315,76,263,220,315,76,263,,,ok,opsd,Inactive,Class A (Rhodopsin),2.8,X-ray diffraction,application,1
3AYN,opsd_todpa,B,sifts,10.092553,11.561547,P31356,220,315,76,263,220,315,76,263,,,ok,opsd,Inactive,Class A (Rhodopsin),2.7,X-ray diffraction,application,1
4WW3,opsd_todpa,A,sifts,10.113877,11.522703,P31356,220,315,76,263,220,315,76,263,,,ok,opsd,Inactive,Class A (Rhodopsin),2.8,X-ray diffraction,application,1
4ZJ8,ox1r_human,A,identity,9.652868,12.263599,O43613,235,358,88,300,235,358,88,300,[identity; SIFTS unusable: sifts/A: npxxy: 5.58: identity check failed at A/243: TRP is not Y ; tilt: 2x46: identity check failed at A/96: THR is not L],,ok,ox1r,Inactive,Class A (Rhodopsin),2.75,X-ray diffraction,calibration,0
4ZJC,ox1r_human,A,identity,9.852644,12.471481,O43613,235,358,88,300,235,358,88,300,[identity; SIFTS unusable: sifts/A: npxxy: 5.58: identity check failed at A/243: TRP is not Y ; tilt: 2x46: identity check failed at A/96: THR is not L],,ok,ox1r,Inactive,Class A (Rhodopsin),2.83,X-ray diffraction,calibration,0
6TO7,ox1r_human,A,identity,10.6955,12.266258,O43613,235,358,88,300,235,358,88,300,[identity; SIFTS unusable: sifts/A: npxxy: 5.58: identity check failed at A/211: ALA is not Y ; tilt: 2x46: identity check failed at A/64: ASN is not L],,ok,ox1r,Inactive,Class A (Rhodopsin),2.26,X-ray diffraction,calibration,0
6TOD,ox1r_human,A,identity,10.434164,12.239496,O43613,235,358,88,300,235,358,88,300,[identity; SIFTS unusable: sifts/A: npxxy: 5.58: identity check failed at A/211: ALA is not Y ; tilt: 2x46: identity check failed at A/64: ASN is not L],,ok,ox1r,Inactive,Class A (Rhodopsin),2.11,X-ray diffraction,calibration,0
6TOS,ox1r_human,A,sifts,10.317304,12.175292,O43613,235,358,88,300,235,358,88,300,,,ok,ox1r,Inactive,Class A (Rhodopsin),2.13,X-ray diffraction,calibration,0
6TOT,ox1r_human,A,sifts,10.618588,12.207756,O43613,235,358,88,300,235,358,88,300,,,ok,ox1r,Inactive,Class A (Rhodopsin),2.22,X-ray diffraction,calibration,0
6TP3,ox1r_human,B,sifts,10.293588,12.153753,O43613,235,358,88,300,235,358,88,300,,,ok,ox1r,Inactive,Class A (Rhodopsin),3.04,X-ray diffraction,calibration,0
6TP4,ox1r_human,A,sifts,10.297752,12.320174,O43613,235,358,88,300,235,358,88,300,,,ok,ox1r,Inactive,Class A (Rhodopsin),3.01,X-ray diffraction,calibration,0
6TP6,ox1r_human,A,sifts,10.434196,12.262574,O43613,235,358,88,300,235,358,88,300,,,ok,ox1r,Inactive,Class A (Rhodopsin),2.34,X-ray diffraction,calibration,0
6TQ4,ox1r_human,A,sifts,10.490488,12.157546,O43613,235,358,88,300,235,358,88,300,,,ok,ox1r,Inactive,Class A (Rhodopsin),2.3,X-ray diffraction,calibration,0
6TQ6,ox1r_human,A,sifts,10.524727,12.344176,O43613,235,358,88,300,235,358,88,300,,,ok,ox1r,Inactive,Class A (Rhodopsin),2.55,X-ray diffraction,calibration,0
6TQ7,ox1r_human,B,sifts,10.357475,12.439649,O43613,235,358,88,300,235,358,88,300,,,ok,ox1r,Inactive,Class A (Rhodopsin),2.66,X-ray diffraction,calibration,0
6TQ9,ox1r_human,A,sifts,10.380072,12.374831,O43613,235,358,88,300,235,358,88,300,,,ok,ox1r,Inactive,Class A (Rhodopsin),2.66,X-ray diffraction,calibration,0
6V9S,ox1r_human,A,identity,9.610718,12.090509,O43613,235,358,88,300,235,358,88,300,[identity; SIFTS unusable: sifts/A: npxxy: 5.58: identity check failed at A/243: TRP is not Y ; tilt: 2x46: identity check failed at A/96: THR is not L],,ok,ox1r,Inactive,Class A (Rhodopsin),3.5,X-ray diffraction,calibration,0
4S0V,ox2r_human,A,identity,9.857552,12.177949,O43614,243,364,96,306,243,364,96,306,[identity; SIFTS unusable: sifts/A: npxxy: 5.58: identity check failed at A/249: LYS is not Y],,ok,ox2r,Inactive,Class A (Rhodopsin),2.5,X-ray diffraction,application,1
5WQC,ox2r_human,A,identity,10.303294,12.333062,O43614,243,364,96,306,243,364,96,306,[identity; SIFTS unusable: sifts/A: npxxy: 5.58: identity check failed at A/250: LEU is not Y ; tilt: 2x46: identity check failed at A/103: VAL is not L],,ok,ox2r,Inactive,Class A (Rhodopsin),1.96,X-ray diffraction,application,1
5WS3,ox2r_human,A,identity,10.193793,12.360561,O43614,243,364,96,306,243,364,96,306,[identity; SIFTS unusable: sifts/A: npxxy: 5.58: identity check failed at A/250: LEU is not Y ; tilt: 2x46: identity check failed at A/103: VAL is not L],,ok,ox2r,Inactive,Class A (Rhodopsin),2.3,X-ray diffraction,application,1
6TPG,ox2r_human,A,identity,10.223425,12.362399,O43614,243,364,96,306,243,364,96,306,[identity; SIFTS unusable: sifts/A: npxxy: 5.58: identity check failed at A/254: GLN is not Y ; tilt: 2x46: identity check failed at A/107: CYS is not L],,ok,ox2r,Inactive,Class A (Rhodopsin),2.74,X-ray diffraction,application,1
6TPJ,ox2r_human,A,identity,10.322388,12.400375,O43614,243,364,96,306,243,364,96,306,[identity; SIFTS unusable: sifts/A: npxxy: 5.58: identity check failed at A/254: GLN is not Y ; tilt: 2x46: identity check failed at A/107: CYS is not L],,ok,ox2r,Inactive,Class A (Rhodopsin),2.74,X-ray diffraction,application,1
6TPN,ox2r_human,A,identity,9.746501,12.109708,O43614,243,364,96,306,243,364,96,306,[identity; SIFTS unusable: sifts/A: npxxy: 5.58: identity check failed at A/254: GLN is not Y ; tilt: 2x46: identity check failed at A/107: CYS is not L],,ok,ox2r,Inactive,Class A (Rhodopsin),2.61,X-ray diffraction,application,1
7XRR,ox2r_human,A,identity,9.798425,12.888738,O43614,243,364,96,306,243,364,96,306,[identity; SIFTS unusable: sifts/A: npxxy: 5.58: identity check failed at A/215: GLY is not Y ; tilt: 2x46: identity check failed at A/68: ALA is not L],,ok,ox2r,Inactive,Class A (Rhodopsin),2.89,X-ray diffraction,application,1
6TPK,oxyr_human,A,sifts,9.683001,11.595472,P30559,220,329,81,277,220,329,81,277,,,ok,oxyr,Inactive,Class A (Rhodopsin),3.2,X-ray diffraction,calibration,0
6D26,pd2r2_human,,,,,Q9Y5Y4,226,304,73,248,,,,,,,sifts/A: npxxy: 5.58: identity check failed at A/227: ALA is not Y ; tilt: 2x46: identity check failed at A/74: ALA is not L | identity/A: npxxy: 5.58: identity check failed at A/226: HIS is not Y ; tilt: 6x37: residue A/248 not modelled,pd2r2,Inactive,Class A (Rhodopsin),2.8,X-ray diffraction,calibration,0
6D27,pd2r2_human,,,,,Q9Y5Y4,226,304,73,248,,,,,,,sifts/A: npxxy: 5.58: identity check failed at A/227: ALA is not Y ; tilt: 2x46: identity check failed at A/74: ALA is not L | identity/A: npxxy: 5.58: identity check failed at A/226: HIS is not Y ; tilt: 6x37: residue A/248 not modelled,pd2r2,Inactive,Class A (Rhodopsin),2.74,X-ray diffraction,calibration,0
7M8W,pd2r2_human,,,,,Q9Y5Y4,226,304,73,248,,,,,,,sifts/A: npxxy: 5.58: identity check failed at A/227: ALA is not Y ; tilt: 2x46: identity check failed at A/74: ALA is not L | identity/A: npxxy: 5.58: identity check failed at A/226: HIS is not Y,pd2r2,Inactive,Class A (Rhodopsin),2.61,X-ray diffraction,calibration,0
5YHL,pe2r4_human,A,sifts,,12.414314,P35408,203,329,61,274,,,61,274,,,partial (npxxy unavailable: 5.58: identity check failed at A/203: ASN is not Y),pe2r4,Inactive,Class A (Rhodopsin),4.2,X-ray diffraction,calibration,0
5YWY,pe2r4_human,A,sifts,,12.454623,P35408,203,329,61,274,,,61,274,,,partial (npxxy unavailable: 5.58: identity check failed at A/203: ASN is not Y),pe2r4,Inactive,Class A (Rhodopsin),3.2,X-ray diffraction,calibration,0
5X33,q9wtk1_cavpo,A,sifts,13.104199,12.176815,Q9WTK1,203,284,62,225,203,284,62,225,,,ok,q9wtk1,Inactive,Class A (Rhodopsin),3.7,X-ray diffraction,calibration,0
3V2W,s1pr1_human,A,identity,9.55081,11.690674,P21453,221,311,87,258,221,311,87,258,[identity; SIFTS unusable: sifts/A: npxxy: 5.58: residue A/239 not modelled ; tilt: 2x46: identity check failed at A/105: SER is not L],,ok,s1pr1,Inactive,Class A (Rhodopsin),3.35,X-ray diffraction,calibration,0
3V2Y,s1pr1_human,A,identity,10.322653,11.720561,P21453,221,311,87,258,221,311,87,258,[identity; SIFTS unusable: sifts/A: npxxy: 5.58: residue A/239 not modelled ; tilt: 2x46: identity check failed at A/105: SER is not L],,ok,s1pr1,Inactive,Class A (Rhodopsin),2.8,X-ray diffraction,calibration,0
7YXA,s1pr5_human,A,identity,15.964473,11.160142,Q9H228,212,306,78,253,212,306,78,253,[identity; SIFTS unusable: sifts/A: npxxy: 5.58: residue A/239 not modelled ; tilt: 2x46: identity check failed at A/105: PRO is not L],,ok,s1pr5,Inactive,Class A (Rhodopsin),2.2,X-ray diffraction,calibration,0
7UL5,ssr2_human,A,identity,11.587393,12.869259,P30874,228,312,85,258,228,312,85,258,[identity; SIFTS unusable: sifts/A: npxxy: 5.58: identity check failed at A/267: PHE is not Y ; tilt: 2x46: identity check failed at A/124: ILE is not L],,ok,ssr2,Inactive,Class A (Rhodopsin),3.1,Electron microscopy,calibration,0
7XN9,ssr2_human,A,identity,11.758589,11.974084,P30874,228,312,85,258,228,312,85,258,[identity; SIFTS unusable: sifts/A: npxxy: 5.58: identity check failed at A/253: LYS is not Y ; tilt: 2x46: identity check failed at A/110: PHE is not L],,ok,ssr2,Inactive,Class A (Rhodopsin),2.6,X-ray diffraction,calibration,0
7XNA,ssr2_human,A,identity,11.333022,12.035052,P30874,228,312,85,258,228,312,85,258,[identity; SIFTS unusable: sifts/A: npxxy: 5.58: identity check failed at A/253: LYS is not Y ; tilt: 2x46: identity check failed at A/110: PHE is not L],,ok,ssr2,Inactive,Class A (Rhodopsin),2.65,X-ray diffraction,calibration,0
6IIU,ta2r_human,,,,,P21731,215,308,70,247,,,,,,,sifts/A: npxxy: 5.58: identity check failed at A/215: ASN is not Y ; tilt: 6x37: identity check failed at A/247: ALA is not L | identity/A: npxxy: 5.58: identity check failed at A/215: ASN is not Y ; tilt: 6x37: identity check failed at A/247: ALA is not L,ta2r,Inactive,Class A (Rhodopsin),2.5,X-ray diffraction,calibration,0
6IIV,ta2r_human,,,,,P21731,215,308,70,247,,,,,,,sifts/A: npxxy: 5.58: identity check failed at A/215: ASN is not Y ; tilt: 6x37: identity check failed at A/247: ALA is not L | identity/A: npxxy: 5.58: identity check failed at A/215: ASN is not Y ; tilt: 6x37: identity check failed at A/247: ALA is not L,ta2r,Inactive,Class A (Rhodopsin),3.0,X-ray diffraction,calibration,0
7T9M,tshr_human,R,identity,13.176747,13.459469,P16473,601,678,456,626,601,678,456,626,[identity; SIFTS unusable: sifts/R: npxxy: 5.58: identity check failed at R/589: LEU is not Y ; tilt: 2x46: identity check failed at R/444: TYR is not L],,ok,tshr,Inactive,Class A (Rhodopsin),3.1,Electron microscopy,calibration,0
7XW7,tshr_human,,,,,P16473,601,678,456,626,,,,,,,sifts/R: npxxy: 5.58: identity check failed at R/581: ALA is not Y ; tilt: 6x37: identity check failed at R/606: ILE is not M | identity/R: npxxy: 5.58: atom OH absent at R/601 (TYR),tshr,Inactive,Class A (Rhodopsin),5.5,Electron microscopy,calibration,0
4IB4,5ht2b_human,A,identity,15.383955,14.663995,P41595,237,380,96,326,237,380,96,326,[identity; SIFTS unusable: sifts/A: npxxy: 5.58: identity check failed at A/212: GLU is not Y ; tilt: 2x46: identity check failed at A/71: GLY is not L],,ok,5ht2b,Intermediate,Class A (Rhodopsin),2.7,X-ray diffraction,calibration,0
4NC3,5ht2b_human,A,identity,15.777882,15.023091,P41595,237,380,96,326,237,380,96,326,[identity; SIFTS unusable: sifts/A: npxxy: 5.58: identity check failed at A/212: GLU is not Y ; tilt: 2x46: identity check failed at A/71: GLY is not L],,ok,5ht2b,Intermediate,Class A (Rhodopsin),2.8,X-ray diffraction,calibration,0
5TVN,5ht2b_human,A,sifts,16.078723,15.456166,P41595,237,380,96,326,237,380,96,326,,,ok,5ht2b,Intermediate,Class A (Rhodopsin),2.9,X-ray diffraction,calibration,0
6DRX,5ht2b_human,A,identity,15.508004,14.628259,P41595,237,380,96,326,237,380,96,326,[identity; SIFTS unusable: sifts/A: npxxy: 5.58: identity check failed at A/202: PRO is not Y ; tilt: 2x46: identity check failed at A/61: ILE is not L],,ok,5ht2b,Intermediate,Class A (Rhodopsin),3.1,X-ray diffraction,calibration,0
6DRY,5ht2b_human,A,identity,16.433524,15.469563,P41595,237,380,96,326,237,380,96,326,[identity; SIFTS unusable: sifts/A: npxxy: 5.58: identity check failed at A/202: PRO is not Y ; tilt: 2x46: identity check failed at A/61: ILE is not L],,ok,5ht2b,Intermediate,Class A (Rhodopsin),2.92,X-ray diffraction,calibration,0
6DRZ,5ht2b_human,A,identity,15.557688,15.284118,P41595,237,380,96,326,237,380,96,326,[identity; SIFTS unusable: sifts/A: npxxy: 5.58: identity check failed at A/202: PRO is not Y ; tilt: 2x46: identity check failed at A/61: ILE is not L],,ok,5ht2b,Intermediate,Class A (Rhodopsin),3.1,X-ray diffraction,calibration,0
6DS0,5ht2b_human,A,identity,15.546699,14.917185,P41595,237,380,96,326,237,380,96,326,[identity; SIFTS unusable: sifts/A: npxxy: 5.58: identity check failed at A/202: PRO is not Y ; tilt: 2x46: identity check failed at A/61: ILE is not L],,ok,5ht2b,Intermediate,Class A (Rhodopsin),3.19,X-ray diffraction,calibration,0
7SRQ,5ht2b_human,R,identity,15.139222,16.340371,P41595,237,380,96,326,237,380,96,326,[identity; SIFTS unusable: sifts/R: npxxy: 5.58: identity check failed at R/202: PRO is not Y ; tilt: 2x46: identity check failed at R/61: ILE is not L],,ok,5ht2b,Intermediate,Class A (Rhodopsin),2.7,Electron microscopy,calibration,0
8JPS,ackr1_human,A,sifts,,20.441952,Q16570,226,304,102,242,,,102,242,,,partial (npxxy unavailable: 5.58: identity check failed at A/226: PHE is not Y),ackr1,Intermediate,Class A (Rhodopsin),3.65,Electron microscopy,calibration,0
9CHU,adrb2_human,,,,,P07550,219,326,75,275,,,,,,,sifts/A: npxxy: 5.58: identity check failed at A/191: CYS is not Y ; tilt: 2x46: identity check failed at A/47: ILE is not L | identity/A: npxxy: 7.53: identity check failed at A/326: GLU is not Y ; tilt: 6x37: identity check failed at A/275: ASP is not L,adrb2,Intermediate,Class A (Rhodopsin),3.49,Electron microscopy,application,1
9CHV,adrb2_human,,,,,P07550,219,326,75,275,,,,,,,sifts/A: npxxy: 5.58: identity check failed at A/191: CYS is not Y ; tilt: 2x46: identity check failed at A/47: ILE is not L | identity/A: npxxy: 7.53: identity check failed at A/326: GLU is not Y ; tilt: 6x37: identity check failed at A/275: ASP is not L,adrb2,Intermediate,Class A (Rhodopsin),3.95,Electron microscopy,application,1
9CHX,adrb2_human,,,,,P07550,219,326,75,275,,,,,,,sifts/A: npxxy: 5.58: identity check failed at A/191: CYS is not Y ; tilt: 2x46: identity check failed at A/47: ILE is not L | identity/A: npxxy: 7.53: identity check failed at A/326: GLU is not Y ; tilt: 6x37: identity check failed at A/275: ASP is not L,adrb2,Intermediate,Class A (Rhodopsin),3.5,Electron microscopy,application,1
6W25,mc4r_human,A,identity,22.68545,11.852314,P32245,212,302,86,247,212,302,86,247,[identity; SIFTS unusable: sifts/A: npxxy: 5.58: residue A/224 not modelled ; tilt: 2x46: identity check failed at A/98: GLY is not L],,ok,mc4r,Intermediate,Class A (Rhodopsin),2.75,X-ray diffraction,calibration,0
8WKY,mc4r_human,A,identity,22.084449,12.052876,P32245,212,302,86,247,212,302,86,247,[identity; SIFTS unusable: sifts/A: npxxy: 5.58: residue A/224 not modelled ; tilt: 2x46: identity check failed at A/98: GLY is not L],,ok,mc4r,Intermediate,Class A (Rhodopsin),2.9,X-ray diffraction,calibration,0
8WKZ,mc4r_human,A,identity,22.688951,12.062669,P32245,212,302,86,247,212,302,86,247,[identity; SIFTS unusable: sifts/A: npxxy: 5.58: residue A/224 not modelled ; tilt: 2x46: identity check failed at A/98: GLY is not L],,ok,mc4r,Intermediate,Class A (Rhodopsin),3.3,X-ray diffraction,calibration,0
7Y13,mrgrd_human,,,,,Q8TDS7,200,276,68,223,,,,,,,sifts/R: npxxy: 5.58: residue R/325 not modelled ; tilt: 2x46: identity check failed at R/193: VAL is not L | identity/R: npxxy: 5.58: identity check failed at R/200: THR is not Y,mrgrd,Intermediate,Class A (Rhodopsin),3.1,Electron microscopy,calibration,0
7Y14,mrgrd_human,,,,,Q8TDS7,200,276,68,223,,,,,,,sifts/R: npxxy: 5.58: residue R/325 not modelled ; tilt: 2x46: identity check failed at R/193: VAL is not L | identity/R: npxxy: 5.58: identity check failed at R/200: THR is not Y,mrgrd,Intermediate,Class A (Rhodopsin),3.2,Electron microscopy,calibration,0
6Z4V,ntr1_rat,,,,,P20789,257,369,109,310,,,,,,,sifts/AAA: npxxy: 5.58: identity check failed at AAA/212: ASN is not Y ; tilt: 2x46: identity check failed at AAA/64: LYS is not L | identity/AAA: npxxy: 5.58: identity check failed at AAA/257: ASN is not Y,ntr1,Intermediate,Class A (Rhodopsin),2.6,X-ray diffraction,calibration,0
6Z66,ntr1_rat,,,,,P20789,257,369,109,310,,,,,,,sifts/AAA: npxxy: 5.58: identity check failed at AAA/212: ASN is not Y ; tilt: 2x46: identity check failed at AAA/64: LYS is not L | identity/AAA: npxxy: 5.58: identity check failed at AAA/257: ASN is not Y,ntr1,Intermediate,Class A (Rhodopsin),3.19,X-ray diffraction,calibration,0
6Z8N,ntr1_rat,,,,,P20789,257,369,109,310,,,,,,,sifts/AAA: npxxy: 5.58: identity check failed at AAA/212: ASN is not Y ; tilt: 2x46: identity check failed at AAA/64: LYS is not L | identity/AAA: npxxy: 5.58: identity check failed at AAA/257: ASN is not Y,ntr1,Intermediate,Class A (Rhodopsin),2.8,X-ray diffraction,calibration,0
6ZA8,ntr1_rat,,,,,P20789,257,369,109,310,,,,,,,sifts/AAA: npxxy: 5.58: identity check failed at AAA/212: ASN is not Y ; tilt: 2x46: identity check failed at AAA/64: LYS is not L | identity/AAA: npxxy: 5.58: identity check failed at AAA/257: ASN is not Y,ntr1,Intermediate,Class A (Rhodopsin),2.72,X-ray diffraction,calibration,0
