receptor_slug	rung	in_core32_provisional	in_g10_scan	cognate_family	cognate_subtype	cognate_accession	evidence_class	verdict	rule_r_active_pdb	reverses_blockb_prior	blockb_prior	len	sha256	option_a_tip_subtype	option_a_sha256	option_b_scaffold_subtype	option_b_sha256	option_c_deposited_tip_sha256	caveat
5HT1B	R1_ct11	no	no	Gi/o	Go	P09471	STRUCTURE_NEAR	frozen	6G79	no	Gi	11	d60406903dc7214e1ccd1b00dc108e1bdaf9a6238ce74c096debd76845cd744b						deposited tip is engineered -- 1 of 21 substitutions from Go -- but every canonical at the best score is in one family, so family and subtype are unambiguous.
5HT1B	R2_ct15	no	no	Gi/o	Go	P09471	STRUCTURE_NEAR	frozen	6G79	no	Gi	15	9e405081e97124530a3a62cfd5ea07707b4e09d0b6bee8828de8e141ccca569b						deposited tip is engineered -- 1 of 21 substitutions from Go -- but every canonical at the best score is in one family, so family and subtype are unambiguous.
5HT1B	R3_ct21	no	no	Gi/o	Go	P09471	STRUCTURE_NEAR	frozen	6G79	no	Gi	21	1d939254f60124bd3f2d64b363bf9df5b4a2efd63ec759fa3bb755add97f8c72						deposited tip is engineered -- 1 of 21 substitutions from Go -- but every canonical at the best score is in one family, so family and subtype are unambiguous.
5HT1B	R4_a5helix	no	no	Gi/o	Go	P09471	STRUCTURE_NEAR	frozen	6G79	no	Gi	26	88080a713f9acf058a3c96f406403ba2d2b1f2f8274db300698948390801ca97						deposited tip is engineered -- 1 of 21 substitutions from Go -- but every canonical at the best score is in one family, so family and subtype are unambiguous.
5HT1B	R5_a5plus	no	no	Gi/o	Go	P09471	STRUCTURE_NEAR	frozen	6G79	no	Gi	36	a468f97a33ba8406527975c818a1283c3bbb2b65440eb0584699299847b4179a						deposited tip is engineered -- 1 of 21 substitutions from Go -- but every canonical at the best score is in one family, so family and subtype are unambiguous.
5HT1B	R6a_da5	no	no	Gi/o	Go	P09471	STRUCTURE_NEAR	frozen	6G79	no	Gi	328	2b951794efb82c9b1f9bde193882283fd0c8f5efcc3703b9a3fe8e6b4d4dbb73						deposited tip is engineered -- 1 of 21 substitutions from Go -- but every canonical at the best score is in one family, so family and subtype are unambiguous.
5HT1B	R7_full	no	no	Gi/o	Go	P09471	STRUCTURE_NEAR	frozen	6G79	no	Gi	354	399d5823731a6349264db56f7b03c14aa432873cde289287156f13d28598e282						deposited tip is engineered -- 1 of 21 substitutions from Go -- but every canonical at the best score is in one family, so family and subtype are unambiguous.
5HT2A	R1_ct11	yes	no	Gq/11;Gs			CHIMERA_SPLIT	needs_decision	8UWL	no			PENDING:PI-DECISION	Gq	352936d3e72c33c9d67da7fdb4ee3e5781d58dc3f59637aa2d6d7db2b02aabd6	Gs	f159565cbda52c2b94610c95af8e362fab6620b027e2ee6a1d6e0fa09b5e8509	see g1_partner_registry reftip_ct11/5HT2A	deposited tip matches no canonical human Ga at ct21 (best 0.62). Scaffold reads Gs, alpha5 tip reads Gq/11. Two honest answers; the rule does not choose. Annotation backs: A/tip.
5HT2A	R2_ct15	yes	no	Gq/11;Gs			CHIMERA_SPLIT	needs_decision	8UWL	no			PENDING:PI-DECISION	Gq	7861ee15ebd234c9d6e9d8f1fa0022dcbee49aba1099911631ca05c6c48e488d	Gs	fb163fbce24f88f971d728fb69573e92b64d73b9cee95f1b75c793daf8c48c5f		deposited tip matches no canonical human Ga at ct21 (best 0.62). Scaffold reads Gs, alpha5 tip reads Gq/11. Two honest answers; the rule does not choose. Annotation backs: A/tip.
5HT2A	R3_ct21	yes	no	Gq/11;Gs			CHIMERA_SPLIT	needs_decision	8UWL	no			PENDING:PI-DECISION	Gq	ca9c43b3512da42d954f460071ed681cb95a05eb4a66fc95bf75f9f8fddfa443	Gs	39355d83d34556e438109cf065c187714a66052bf2d892a6746407e972c1f4e7	reftip_ct21/5HT2A	deposited tip matches no canonical human Ga at ct21 (best 0.62). Scaffold reads Gs, alpha5 tip reads Gq/11. Two honest answers; the rule does not choose. Annotation backs: A/tip.
5HT2A	R4_a5helix	yes	no	Gq/11;Gs			CHIMERA_SPLIT	needs_decision	8UWL	no			PENDING:PI-DECISION	Gq	04cdb830714025abed85ae985c0fde900515913447b9902df70a9a9c0854a138	Gs	95d5cf5e3eab4dc5be7728e8fdf688de0f7565461800c7c3f211a09b4a0a3411		deposited tip matches no canonical human Ga at ct21 (best 0.62). Scaffold reads Gs, alpha5 tip reads Gq/11. Two honest answers; the rule does not choose. Annotation backs: A/tip.
5HT2A	R5_a5plus	yes	no	Gq/11;Gs			CHIMERA_SPLIT	needs_decision	8UWL	no			PENDING:PI-DECISION	Gq	324cb7f2f4220c7e848a90486bd27f744bcfc81a57cc63deef3d3fa3b5b649a1	Gs	52ab88cba555bdfc50374dea3e1b81a6a37145c13c6b4278fc3dff463c2b7a25		deposited tip matches no canonical human Ga at ct21 (best 0.62). Scaffold reads Gs, alpha5 tip reads Gq/11. Two honest answers; the rule does not choose. Annotation backs: A/tip.
5HT2A	R6a_da5	yes	no	Gq/11;Gs			CHIMERA_SPLIT	needs_decision	8UWL	no			PENDING:PI-DECISION	Gq	b596d3ee285fb9fe2504c944ec3dce54567c45f2169ae66f5d7f86977de646c0	Gs	7c75cc25b56cb2dac657baecbcc2a034e87e56c3f39fae2e9c982319927bde90		deposited tip matches no canonical human Ga at ct21 (best 0.62). Scaffold reads Gs, alpha5 tip reads Gq/11. Two honest answers; the rule does not choose. Annotation backs: A/tip.
5HT2A	R7_full	yes	no	Gq/11;Gs			CHIMERA_SPLIT	needs_decision	8UWL	no			PENDING:PI-DECISION	Gq	aae9e1c2493fd38402f4ff11436a321d9eae94449b07c61568995565cdcdefc0	Gs	6dedace6845efaa21a29f1b95f01b291bbbc27a72e2d8835a9ae15b3909c91bb		deposited tip matches no canonical human Ga at ct21 (best 0.62). Scaffold reads Gs, alpha5 tip reads Gq/11. Two honest answers; the rule does not choose. Annotation backs: A/tip.
5HT2C	R1_ct11	no	no	Gq/11;Gs			CHIMERA_SPLIT	needs_decision	8DPF	no	Gq		PENDING:PI-DECISION	Gq	352936d3e72c33c9d67da7fdb4ee3e5781d58dc3f59637aa2d6d7db2b02aabd6	Gs	f159565cbda52c2b94610c95af8e362fab6620b027e2ee6a1d6e0fa09b5e8509	see g1_partner_registry reftip_ct11/5HT2C	deposited tip matches no canonical human Ga at ct21 (best 0.62). Scaffold reads Gs, alpha5 tip reads Gq/11. Two honest answers; the rule does not choose. Annotation backs: A/tip.
5HT2C	R2_ct15	no	no	Gq/11;Gs			CHIMERA_SPLIT	needs_decision	8DPF	no	Gq		PENDING:PI-DECISION	Gq	7861ee15ebd234c9d6e9d8f1fa0022dcbee49aba1099911631ca05c6c48e488d	Gs	fb163fbce24f88f971d728fb69573e92b64d73b9cee95f1b75c793daf8c48c5f		deposited tip matches no canonical human Ga at ct21 (best 0.62). Scaffold reads Gs, alpha5 tip reads Gq/11. Two honest answers; the rule does not choose. Annotation backs: A/tip.
5HT2C	R3_ct21	no	no	Gq/11;Gs			CHIMERA_SPLIT	needs_decision	8DPF	no	Gq		PENDING:PI-DECISION	Gq	ca9c43b3512da42d954f460071ed681cb95a05eb4a66fc95bf75f9f8fddfa443	Gs	39355d83d34556e438109cf065c187714a66052bf2d892a6746407e972c1f4e7	reftip_ct21/5HT2C	deposited tip matches no canonical human Ga at ct21 (best 0.62). Scaffold reads Gs, alpha5 tip reads Gq/11. Two honest answers; the rule does not choose. Annotation backs: A/tip.
5HT2C	R4_a5helix	no	no	Gq/11;Gs			CHIMERA_SPLIT	needs_decision	8DPF	no	Gq		PENDING:PI-DECISION	Gq	04cdb830714025abed85ae985c0fde900515913447b9902df70a9a9c0854a138	Gs	95d5cf5e3eab4dc5be7728e8fdf688de0f7565461800c7c3f211a09b4a0a3411		deposited tip matches no canonical human Ga at ct21 (best 0.62). Scaffold reads Gs, alpha5 tip reads Gq/11. Two honest answers; the rule does not choose. Annotation backs: A/tip.
5HT2C	R5_a5plus	no	no	Gq/11;Gs			CHIMERA_SPLIT	needs_decision	8DPF	no	Gq		PENDING:PI-DECISION	Gq	324cb7f2f4220c7e848a90486bd27f744bcfc81a57cc63deef3d3fa3b5b649a1	Gs	52ab88cba555bdfc50374dea3e1b81a6a37145c13c6b4278fc3dff463c2b7a25		deposited tip matches no canonical human Ga at ct21 (best 0.62). Scaffold reads Gs, alpha5 tip reads Gq/11. Two honest answers; the rule does not choose. Annotation backs: A/tip.
5HT2C	R6a_da5	no	no	Gq/11;Gs			CHIMERA_SPLIT	needs_decision	8DPF	no	Gq		PENDING:PI-DECISION	Gq	b596d3ee285fb9fe2504c944ec3dce54567c45f2169ae66f5d7f86977de646c0	Gs	7c75cc25b56cb2dac657baecbcc2a034e87e56c3f39fae2e9c982319927bde90		deposited tip matches no canonical human Ga at ct21 (best 0.62). Scaffold reads Gs, alpha5 tip reads Gq/11. Two honest answers; the rule does not choose. Annotation backs: A/tip.
5HT2C	R7_full	no	no	Gq/11;Gs			CHIMERA_SPLIT	needs_decision	8DPF	no	Gq		PENDING:PI-DECISION	Gq	aae9e1c2493fd38402f4ff11436a321d9eae94449b07c61568995565cdcdefc0	Gs	6dedace6845efaa21a29f1b95f01b291bbbc27a72e2d8835a9ae15b3909c91bb		deposited tip matches no canonical human Ga at ct21 (best 0.62). Scaffold reads Gs, alpha5 tip reads Gq/11. Two honest answers; the rule does not choose. Annotation backs: A/tip.
5HT5A	R1_ct11	no	no	Gi/o	Gi1	P63096	STRUCTURE_EXACT	frozen	7X5H	no	Gi	11	07f3c67495a3d42d48d5ea02b6adb8c67bea34d3fceabc8a27beeeded8ebb7d4						
5HT5A	R2_ct15	no	no	Gi/o	Gi1	P63096	STRUCTURE_EXACT	frozen	7X5H	no	Gi	15	a79fe76aa984b5e3bac3da9992122e185050f45837a8c34dcf893ebedc91dbcd						
5HT5A	R3_ct21	no	no	Gi/o	Gi1	P63096	STRUCTURE_EXACT	frozen	7X5H	no	Gi	21	ff6db386f5b9f5497eb2fd7777e0006bb86e2e45592cc1055ccf38003591642f						
5HT5A	R4_a5helix	no	no	Gi/o	Gi1	P63096	STRUCTURE_EXACT	frozen	7X5H	no	Gi	26	083c1a4dccd253e12449ab2055b1cd257c0d850ea2b61cc6e09ce473afc91f49						
5HT5A	R5_a5plus	no	no	Gi/o	Gi1	P63096	STRUCTURE_EXACT	frozen	7X5H	no	Gi	36	e931f1049440108a647eb4682c64de95a0c3b99668d22ce4f412bea48891127e						
5HT5A	R6a_da5	no	no	Gi/o	Gi1	P63096	STRUCTURE_EXACT	frozen	7X5H	no	Gi	328	9e30e74d599d9fa771b539d49633e2652f1d97a9517daacc4fb208fab9a0233d						
5HT5A	R7_full	no	no	Gi/o	Gi1	P63096	STRUCTURE_EXACT	frozen	7X5H	no	Gi	354	57f8013fce15aa580c1c618f1fb4f45d76af5361d9190eb56bbbebf5997999d1						
AA1R	R1_ct11	yes	no	Gi/o	Gi1	P63096	STRUCTURE_EXACT	frozen	7LD3	no	Gi	11	07f3c67495a3d42d48d5ea02b6adb8c67bea34d3fceabc8a27beeeded8ebb7d4						
AA1R	R2_ct15	yes	no	Gi/o	Gi1	P63096	STRUCTURE_EXACT	frozen	7LD3	no	Gi	15	a79fe76aa984b5e3bac3da9992122e185050f45837a8c34dcf893ebedc91dbcd						
AA1R	R3_ct21	yes	no	Gi/o	Gi1	P63096	STRUCTURE_EXACT	frozen	7LD3	no	Gi	21	ff6db386f5b9f5497eb2fd7777e0006bb86e2e45592cc1055ccf38003591642f						
AA1R	R4_a5helix	yes	no	Gi/o	Gi1	P63096	STRUCTURE_EXACT	frozen	7LD3	no	Gi	26	083c1a4dccd253e12449ab2055b1cd257c0d850ea2b61cc6e09ce473afc91f49						
AA1R	R5_a5plus	yes	no	Gi/o	Gi1	P63096	STRUCTURE_EXACT	frozen	7LD3	no	Gi	36	e931f1049440108a647eb4682c64de95a0c3b99668d22ce4f412bea48891127e						
AA1R	R6a_da5	yes	no	Gi/o	Gi1	P63096	STRUCTURE_EXACT	frozen	7LD3	no	Gi	328	9e30e74d599d9fa771b539d49633e2652f1d97a9517daacc4fb208fab9a0233d						
AA1R	R7_full	yes	no	Gi/o	Gi1	P63096	STRUCTURE_EXACT	frozen	7LD3	no	Gi	354	57f8013fce15aa580c1c618f1fb4f45d76af5361d9190eb56bbbebf5997999d1						
AA2AR	R1_ct11	no	no	Gs	Gs	P63092	CONVENTION_FALLBACK	frozen_by_convention	8WDT	no	Gs	11	f159565cbda52c2b94610c95af8e362fab6620b027e2ee6a1d6e0fa09b5e8509						8WDT contains no G-alpha entity (nanobody/antibody, other). Family from coupling_assignments.csv:recommended_family; subtype is the DECLARED representative of that family, NOT a structure read. An off
AA2AR	R2_ct15	no	no	Gs	Gs	P63092	CONVENTION_FALLBACK	frozen_by_convention	8WDT	no	Gs	15	fb163fbce24f88f971d728fb69573e92b64d73b9cee95f1b75c793daf8c48c5f						8WDT contains no G-alpha entity (nanobody/antibody, other). Family from coupling_assignments.csv:recommended_family; subtype is the DECLARED representative of that family, NOT a structure read. An off
AA2AR	R3_ct21	no	no	Gs	Gs	P63092	CONVENTION_FALLBACK	frozen_by_convention	8WDT	no	Gs	21	39355d83d34556e438109cf065c187714a66052bf2d892a6746407e972c1f4e7						8WDT contains no G-alpha entity (nanobody/antibody, other). Family from coupling_assignments.csv:recommended_family; subtype is the DECLARED representative of that family, NOT a structure read. An off
AA2AR	R4_a5helix	no	no	Gs	Gs	P63092	CONVENTION_FALLBACK	frozen_by_convention	8WDT	no	Gs	26	95d5cf5e3eab4dc5be7728e8fdf688de0f7565461800c7c3f211a09b4a0a3411						8WDT contains no G-alpha entity (nanobody/antibody, other). Family from coupling_assignments.csv:recommended_family; subtype is the DECLARED representative of that family, NOT a structure read. An off
AA2AR	R5_a5plus	no	no	Gs	Gs	P63092	CONVENTION_FALLBACK	frozen_by_convention	8WDT	no	Gs	36	52ab88cba555bdfc50374dea3e1b81a6a37145c13c6b4278fc3dff463c2b7a25						8WDT contains no G-alpha entity (nanobody/antibody, other). Family from coupling_assignments.csv:recommended_family; subtype is the DECLARED representative of that family, NOT a structure read. An off
AA2AR	R6a_da5	no	no	Gs	Gs	P63092	CONVENTION_FALLBACK	frozen_by_convention	8WDT	no	Gs	368	7c75cc25b56cb2dac657baecbcc2a034e87e56c3f39fae2e9c982319927bde90						8WDT contains no G-alpha entity (nanobody/antibody, other). Family from coupling_assignments.csv:recommended_family; subtype is the DECLARED representative of that family, NOT a structure read. An off
AA2AR	R7_full	no	no	Gs	Gs	P63092	CONVENTION_FALLBACK	frozen_by_convention	8WDT	no	Gs	394	6dedace6845efaa21a29f1b95f01b291bbbc27a72e2d8835a9ae15b3909c91bb						8WDT contains no G-alpha entity (nanobody/antibody, other). Family from coupling_assignments.csv:recommended_family; subtype is the DECLARED representative of that family, NOT a structure read. An off
ACM1	R1_ct11	no	no	Gq/11	Gq	P50148	STRUCTURE_EXACT	frozen	6OIJ	no	Gq	11	352936d3e72c33c9d67da7fdb4ee3e5781d58dc3f59637aa2d6d7db2b02aabd6						
ACM1	R2_ct15	no	no	Gq/11	Gq	P50148	STRUCTURE_EXACT	frozen	6OIJ	no	Gq	15	7861ee15ebd234c9d6e9d8f1fa0022dcbee49aba1099911631ca05c6c48e488d						
ACM1	R3_ct21	no	no	Gq/11	Gq	P50148	STRUCTURE_EXACT	frozen	6OIJ	no	Gq	21	ca9c43b3512da42d954f460071ed681cb95a05eb4a66fc95bf75f9f8fddfa443						
ACM1	R4_a5helix	no	no	Gq/11	Gq	P50148	STRUCTURE_EXACT	frozen	6OIJ	no	Gq	26	04cdb830714025abed85ae985c0fde900515913447b9902df70a9a9c0854a138						
ACM1	R5_a5plus	no	no	Gq/11	Gq	P50148	STRUCTURE_EXACT	frozen	6OIJ	no	Gq	36	324cb7f2f4220c7e848a90486bd27f744bcfc81a57cc63deef3d3fa3b5b649a1						
ACM1	R6a_da5	no	no	Gq/11	Gq	P50148	STRUCTURE_EXACT	frozen	6OIJ	no	Gq	333	b596d3ee285fb9fe2504c944ec3dce54567c45f2169ae66f5d7f86977de646c0						
ACM1	R7_full	no	no	Gq/11	Gq	P50148	STRUCTURE_EXACT	frozen	6OIJ	no	Gq	359	aae9e1c2493fd38402f4ff11436a321d9eae94449b07c61568995565cdcdefc0						
ACM2	R1_ct11	no	no	Gi/o	Go	P09471	STRUCTURE_EXACT	frozen	7T94	no	Gi	11	d60406903dc7214e1ccd1b00dc108e1bdaf9a6238ce74c096debd76845cd744b						
ACM2	R2_ct15	no	no	Gi/o	Go	P09471	STRUCTURE_EXACT	frozen	7T94	no	Gi	15	9e405081e97124530a3a62cfd5ea07707b4e09d0b6bee8828de8e141ccca569b						
ACM2	R3_ct21	no	no	Gi/o	Go	P09471	STRUCTURE_EXACT	frozen	7T94	no	Gi	21	1d939254f60124bd3f2d64b363bf9df5b4a2efd63ec759fa3bb755add97f8c72						
ACM2	R4_a5helix	no	no	Gi/o	Go	P09471	STRUCTURE_EXACT	frozen	7T94	no	Gi	26	88080a713f9acf058a3c96f406403ba2d2b1f2f8274db300698948390801ca97						
ACM2	R5_a5plus	no	no	Gi/o	Go	P09471	STRUCTURE_EXACT	frozen	7T94	no	Gi	36	a468f97a33ba8406527975c818a1283c3bbb2b65440eb0584699299847b4179a						
ACM2	R6a_da5	no	no	Gi/o	Go	P09471	STRUCTURE_EXACT	frozen	7T94	no	Gi	328	2b951794efb82c9b1f9bde193882283fd0c8f5efcc3703b9a3fe8e6b4d4dbb73						
ACM2	R7_full	no	no	Gi/o	Go	P09471	STRUCTURE_EXACT	frozen	7T94	no	Gi	354	399d5823731a6349264db56f7b03c14aa432873cde289287156f13d28598e282						
ACM4	R1_ct11	yes	yes	Gi/o	Gi1	P63096	STRUCTURE_EXACT	frozen	7TRP	no	Gi	11	07f3c67495a3d42d48d5ea02b6adb8c67bea34d3fceabc8a27beeeded8ebb7d4						
ACM4	R2_ct15	yes	yes	Gi/o	Gi1	P63096	STRUCTURE_EXACT	frozen	7TRP	no	Gi	15	a79fe76aa984b5e3bac3da9992122e185050f45837a8c34dcf893ebedc91dbcd						
ACM4	R3_ct21	yes	yes	Gi/o	Gi1	P63096	STRUCTURE_EXACT	frozen	7TRP	no	Gi	21	ff6db386f5b9f5497eb2fd7777e0006bb86e2e45592cc1055ccf38003591642f						
ACM4	R4_a5helix	yes	yes	Gi/o	Gi1	P63096	STRUCTURE_EXACT	frozen	7TRP	no	Gi	26	083c1a4dccd253e12449ab2055b1cd257c0d850ea2b61cc6e09ce473afc91f49						
ACM4	R5_a5plus	yes	yes	Gi/o	Gi1	P63096	STRUCTURE_EXACT	frozen	7TRP	no	Gi	36	e931f1049440108a647eb4682c64de95a0c3b99668d22ce4f412bea48891127e						
ACM4	R6a_da5	yes	yes	Gi/o	Gi1	P63096	STRUCTURE_EXACT	frozen	7TRP	no	Gi	328	9e30e74d599d9fa771b539d49633e2652f1d97a9517daacc4fb208fab9a0233d						
ACM4	R7_full	yes	yes	Gi/o	Gi1	P63096	STRUCTURE_EXACT	frozen	7TRP	no	Gi	354	57f8013fce15aa580c1c618f1fb4f45d76af5361d9190eb56bbbebf5997999d1						
ADA1A	R1_ct11	no	no	Gq/11;Gs			CHIMERA_SPLIT	needs_decision	7YM8	no			PENDING:PI-DECISION	Gq	352936d3e72c33c9d67da7fdb4ee3e5781d58dc3f59637aa2d6d7db2b02aabd6	Gs	f159565cbda52c2b94610c95af8e362fab6620b027e2ee6a1d6e0fa09b5e8509	see g1_partner_registry reftip_ct11/ADA1A	deposited tip matches no canonical human Ga at ct21 (best 0.62). Scaffold reads Gs, alpha5 tip reads Gq/11. Two honest answers; the rule does not choose. Annotation backs: A/tip.
ADA1A	R2_ct15	no	no	Gq/11;Gs			CHIMERA_SPLIT	needs_decision	7YM8	no			PENDING:PI-DECISION	Gq	7861ee15ebd234c9d6e9d8f1fa0022dcbee49aba1099911631ca05c6c48e488d	Gs	fb163fbce24f88f971d728fb69573e92b64d73b9cee95f1b75c793daf8c48c5f		deposited tip matches no canonical human Ga at ct21 (best 0.62). Scaffold reads Gs, alpha5 tip reads Gq/11. Two honest answers; the rule does not choose. Annotation backs: A/tip.
ADA1A	R3_ct21	no	no	Gq/11;Gs			CHIMERA_SPLIT	needs_decision	7YM8	no			PENDING:PI-DECISION	Gq	ca9c43b3512da42d954f460071ed681cb95a05eb4a66fc95bf75f9f8fddfa443	Gs	39355d83d34556e438109cf065c187714a66052bf2d892a6746407e972c1f4e7	reftip_ct21/ADA1A	deposited tip matches no canonical human Ga at ct21 (best 0.62). Scaffold reads Gs, alpha5 tip reads Gq/11. Two honest answers; the rule does not choose. Annotation backs: A/tip.
ADA1A	R4_a5helix	no	no	Gq/11;Gs			CHIMERA_SPLIT	needs_decision	7YM8	no			PENDING:PI-DECISION	Gq	04cdb830714025abed85ae985c0fde900515913447b9902df70a9a9c0854a138	Gs	95d5cf5e3eab4dc5be7728e8fdf688de0f7565461800c7c3f211a09b4a0a3411		deposited tip matches no canonical human Ga at ct21 (best 0.62). Scaffold reads Gs, alpha5 tip reads Gq/11. Two honest answers; the rule does not choose. Annotation backs: A/tip.
ADA1A	R5_a5plus	no	no	Gq/11;Gs			CHIMERA_SPLIT	needs_decision	7YM8	no			PENDING:PI-DECISION	Gq	324cb7f2f4220c7e848a90486bd27f744bcfc81a57cc63deef3d3fa3b5b649a1	Gs	52ab88cba555bdfc50374dea3e1b81a6a37145c13c6b4278fc3dff463c2b7a25		deposited tip matches no canonical human Ga at ct21 (best 0.62). Scaffold reads Gs, alpha5 tip reads Gq/11. Two honest answers; the rule does not choose. Annotation backs: A/tip.
ADA1A	R6a_da5	no	no	Gq/11;Gs			CHIMERA_SPLIT	needs_decision	7YM8	no			PENDING:PI-DECISION	Gq	b596d3ee285fb9fe2504c944ec3dce54567c45f2169ae66f5d7f86977de646c0	Gs	7c75cc25b56cb2dac657baecbcc2a034e87e56c3f39fae2e9c982319927bde90		deposited tip matches no canonical human Ga at ct21 (best 0.62). Scaffold reads Gs, alpha5 tip reads Gq/11. Two honest answers; the rule does not choose. Annotation backs: A/tip.
ADA1A	R7_full	no	no	Gq/11;Gs			CHIMERA_SPLIT	needs_decision	7YM8	no			PENDING:PI-DECISION	Gq	aae9e1c2493fd38402f4ff11436a321d9eae94449b07c61568995565cdcdefc0	Gs	6dedace6845efaa21a29f1b95f01b291bbbc27a72e2d8835a9ae15b3909c91bb		deposited tip matches no canonical human Ga at ct21 (best 0.62). Scaffold reads Gs, alpha5 tip reads Gq/11. Two honest answers; the rule does not choose. Annotation backs: A/tip.
ADA2A	R1_ct11	no	no	Gi/o	Go	P09471	STRUCTURE_EXACT	frozen	7EJ8	no	Gi	11	d60406903dc7214e1ccd1b00dc108e1bdaf9a6238ce74c096debd76845cd744b						
ADA2A	R2_ct15	no	no	Gi/o	Go	P09471	STRUCTURE_EXACT	frozen	7EJ8	no	Gi	15	9e405081e97124530a3a62cfd5ea07707b4e09d0b6bee8828de8e141ccca569b						
ADA2A	R3_ct21	no	no	Gi/o	Go	P09471	STRUCTURE_EXACT	frozen	7EJ8	no	Gi	21	1d939254f60124bd3f2d64b363bf9df5b4a2efd63ec759fa3bb755add97f8c72						
ADA2A	R4_a5helix	no	no	Gi/o	Go	P09471	STRUCTURE_EXACT	frozen	7EJ8	no	Gi	26	88080a713f9acf058a3c96f406403ba2d2b1f2f8274db300698948390801ca97						
ADA2A	R5_a5plus	no	no	Gi/o	Go	P09471	STRUCTURE_EXACT	frozen	7EJ8	no	Gi	36	a468f97a33ba8406527975c818a1283c3bbb2b65440eb0584699299847b4179a						
ADA2A	R6a_da5	no	no	Gi/o	Go	P09471	STRUCTURE_EXACT	frozen	7EJ8	no	Gi	328	2b951794efb82c9b1f9bde193882283fd0c8f5efcc3703b9a3fe8e6b4d4dbb73						
ADA2A	R7_full	no	no	Gi/o	Go	P09471	STRUCTURE_EXACT	frozen	7EJ8	no	Gi	354	399d5823731a6349264db56f7b03c14aa432873cde289287156f13d28598e282						
ADRB1	R1_ct11	yes	no	Gs	Gs	P63092	CONVENTION_FALLBACK	frozen_by_convention	7BU7	no	Gs	11	f159565cbda52c2b94610c95af8e362fab6620b027e2ee6a1d6e0fa09b5e8509						7BU7 contains no G-alpha entity (nanobody/antibody, other). Family from coupling_assignments.csv:recommended_family; subtype is the DECLARED representative of that family, NOT a structure read. An off
ADRB1	R2_ct15	yes	no	Gs	Gs	P63092	CONVENTION_FALLBACK	frozen_by_convention	7BU7	no	Gs	15	fb163fbce24f88f971d728fb69573e92b64d73b9cee95f1b75c793daf8c48c5f						7BU7 contains no G-alpha entity (nanobody/antibody, other). Family from coupling_assignments.csv:recommended_family; subtype is the DECLARED representative of that family, NOT a structure read. An off
ADRB1	R3_ct21	yes	no	Gs	Gs	P63092	CONVENTION_FALLBACK	frozen_by_convention	7BU7	no	Gs	21	39355d83d34556e438109cf065c187714a66052bf2d892a6746407e972c1f4e7						7BU7 contains no G-alpha entity (nanobody/antibody, other). Family from coupling_assignments.csv:recommended_family; subtype is the DECLARED representative of that family, NOT a structure read. An off
ADRB1	R4_a5helix	yes	no	Gs	Gs	P63092	CONVENTION_FALLBACK	frozen_by_convention	7BU7	no	Gs	26	95d5cf5e3eab4dc5be7728e8fdf688de0f7565461800c7c3f211a09b4a0a3411						7BU7 contains no G-alpha entity (nanobody/antibody, other). Family from coupling_assignments.csv:recommended_family; subtype is the DECLARED representative of that family, NOT a structure read. An off
ADRB1	R5_a5plus	yes	no	Gs	Gs	P63092	CONVENTION_FALLBACK	frozen_by_convention	7BU7	no	Gs	36	52ab88cba555bdfc50374dea3e1b81a6a37145c13c6b4278fc3dff463c2b7a25						7BU7 contains no G-alpha entity (nanobody/antibody, other). Family from coupling_assignments.csv:recommended_family; subtype is the DECLARED representative of that family, NOT a structure read. An off
ADRB1	R6a_da5	yes	no	Gs	Gs	P63092	CONVENTION_FALLBACK	frozen_by_convention	7BU7	no	Gs	368	7c75cc25b56cb2dac657baecbcc2a034e87e56c3f39fae2e9c982319927bde90						7BU7 contains no G-alpha entity (nanobody/antibody, other). Family from coupling_assignments.csv:recommended_family; subtype is the DECLARED representative of that family, NOT a structure read. An off
ADRB1	R7_full	yes	no	Gs	Gs	P63092	CONVENTION_FALLBACK	frozen_by_convention	7BU7	no	Gs	394	6dedace6845efaa21a29f1b95f01b291bbbc27a72e2d8835a9ae15b3909c91bb						7BU7 contains no G-alpha entity (nanobody/antibody, other). Family from coupling_assignments.csv:recommended_family; subtype is the DECLARED representative of that family, NOT a structure read. An off
ADRB2	R1_ct11	no	no	Gs	Gs	P63092	STRUCTURE_EXACT	frozen	8GG0	no	Gs	11	f159565cbda52c2b94610c95af8e362fab6620b027e2ee6a1d6e0fa09b5e8509						
ADRB2	R2_ct15	no	no	Gs	Gs	P63092	STRUCTURE_EXACT	frozen	8GG0	no	Gs	15	fb163fbce24f88f971d728fb69573e92b64d73b9cee95f1b75c793daf8c48c5f						
ADRB2	R3_ct21	no	no	Gs	Gs	P63092	STRUCTURE_EXACT	frozen	8GG0	no	Gs	21	39355d83d34556e438109cf065c187714a66052bf2d892a6746407e972c1f4e7						
ADRB2	R4_a5helix	no	no	Gs	Gs	P63092	STRUCTURE_EXACT	frozen	8GG0	no	Gs	26	95d5cf5e3eab4dc5be7728e8fdf688de0f7565461800c7c3f211a09b4a0a3411						
ADRB2	R5_a5plus	no	no	Gs	Gs	P63092	STRUCTURE_EXACT	frozen	8GG0	no	Gs	36	52ab88cba555bdfc50374dea3e1b81a6a37145c13c6b4278fc3dff463c2b7a25						
ADRB2	R6a_da5	no	no	Gs	Gs	P63092	STRUCTURE_EXACT	frozen	8GG0	no	Gs	368	7c75cc25b56cb2dac657baecbcc2a034e87e56c3f39fae2e9c982319927bde90						
ADRB2	R7_full	no	no	Gs	Gs	P63092	STRUCTURE_EXACT	frozen	8GG0	no	Gs	394	6dedace6845efaa21a29f1b95f01b291bbbc27a72e2d8835a9ae15b3909c91bb						
AGTR1	R1_ct11	yes	no	Gq/11	Gq	P50148	CONVENTION_FALLBACK	frozen_by_convention	6OS2	no	Gq	11	352936d3e72c33c9d67da7fdb4ee3e5781d58dc3f59637aa2d6d7db2b02aabd6						6OS2 contains no G-alpha entity (nanobody/antibody, other). Family from coupling_assignments.csv:recommended_family; subtype is the DECLARED representative of that family, NOT a structure read. An off
AGTR1	R2_ct15	yes	no	Gq/11	Gq	P50148	CONVENTION_FALLBACK	frozen_by_convention	6OS2	no	Gq	15	7861ee15ebd234c9d6e9d8f1fa0022dcbee49aba1099911631ca05c6c48e488d						6OS2 contains no G-alpha entity (nanobody/antibody, other). Family from coupling_assignments.csv:recommended_family; subtype is the DECLARED representative of that family, NOT a structure read. An off
AGTR1	R3_ct21	yes	no	Gq/11	Gq	P50148	CONVENTION_FALLBACK	frozen_by_convention	6OS2	no	Gq	21	ca9c43b3512da42d954f460071ed681cb95a05eb4a66fc95bf75f9f8fddfa443						6OS2 contains no G-alpha entity (nanobody/antibody, other). Family from coupling_assignments.csv:recommended_family; subtype is the DECLARED representative of that family, NOT a structure read. An off
AGTR1	R4_a5helix	yes	no	Gq/11	Gq	P50148	CONVENTION_FALLBACK	frozen_by_convention	6OS2	no	Gq	26	04cdb830714025abed85ae985c0fde900515913447b9902df70a9a9c0854a138						6OS2 contains no G-alpha entity (nanobody/antibody, other). Family from coupling_assignments.csv:recommended_family; subtype is the DECLARED representative of that family, NOT a structure read. An off
AGTR1	R5_a5plus	yes	no	Gq/11	Gq	P50148	CONVENTION_FALLBACK	frozen_by_convention	6OS2	no	Gq	36	324cb7f2f4220c7e848a90486bd27f744bcfc81a57cc63deef3d3fa3b5b649a1						6OS2 contains no G-alpha entity (nanobody/antibody, other). Family from coupling_assignments.csv:recommended_family; subtype is the DECLARED representative of that family, NOT a structure read. An off
AGTR1	R6a_da5	yes	no	Gq/11	Gq	P50148	CONVENTION_FALLBACK	frozen_by_convention	6OS2	no	Gq	333	b596d3ee285fb9fe2504c944ec3dce54567c45f2169ae66f5d7f86977de646c0						6OS2 contains no G-alpha entity (nanobody/antibody, other). Family from coupling_assignments.csv:recommended_family; subtype is the DECLARED representative of that family, NOT a structure read. An off
AGTR1	R7_full	yes	no	Gq/11	Gq	P50148	CONVENTION_FALLBACK	frozen_by_convention	6OS2	no	Gq	359	aae9e1c2493fd38402f4ff11436a321d9eae94449b07c61568995565cdcdefc0						6OS2 contains no G-alpha entity (nanobody/antibody, other). Family from coupling_assignments.csv:recommended_family; subtype is the DECLARED representative of that family, NOT a structure read. An off
APJ	R1_ct11	yes	yes	Gi/o	Gi1	P63096	STRUCTURE_EXACT	frozen	8XZH	no	Gi	11	07f3c67495a3d42d48d5ea02b6adb8c67bea34d3fceabc8a27beeeded8ebb7d4						
APJ	R2_ct15	yes	yes	Gi/o	Gi1	P63096	STRUCTURE_EXACT	frozen	8XZH	no	Gi	15	a79fe76aa984b5e3bac3da9992122e185050f45837a8c34dcf893ebedc91dbcd						
APJ	R3_ct21	yes	yes	Gi/o	Gi1	P63096	STRUCTURE_EXACT	frozen	8XZH	no	Gi	21	ff6db386f5b9f5497eb2fd7777e0006bb86e2e45592cc1055ccf38003591642f						
APJ	R4_a5helix	yes	yes	Gi/o	Gi1	P63096	STRUCTURE_EXACT	frozen	8XZH	no	Gi	26	083c1a4dccd253e12449ab2055b1cd257c0d850ea2b61cc6e09ce473afc91f49						
APJ	R5_a5plus	yes	yes	Gi/o	Gi1	P63096	STRUCTURE_EXACT	frozen	8XZH	no	Gi	36	e931f1049440108a647eb4682c64de95a0c3b99668d22ce4f412bea48891127e						
APJ	R6a_da5	yes	yes	Gi/o	Gi1	P63096	STRUCTURE_EXACT	frozen	8XZH	no	Gi	328	9e30e74d599d9fa771b539d49633e2652f1d97a9517daacc4fb208fab9a0233d						
APJ	R7_full	yes	yes	Gi/o	Gi1	P63096	STRUCTURE_EXACT	frozen	8XZH	no	Gi	354	57f8013fce15aa580c1c618f1fb4f45d76af5361d9190eb56bbbebf5997999d1						
B1B1U5	R1_ct11	yes	no	Gq/11	Gq	P50148	STRUCTURE_NEAR	frozen	9EPP	yes	Gi	11	352936d3e72c33c9d67da7fdb4ee3e5781d58dc3f59637aa2d6d7db2b02aabd6						deposited tip is engineered -- 3 of 21 substitutions from G11/Gq -- but every canonical at the best score is in one family, so family and subtype are unambiguous.
B1B1U5	R2_ct15	yes	no	Gq/11	Gq	P50148	STRUCTURE_NEAR	frozen	9EPP	yes	Gi	15	7861ee15ebd234c9d6e9d8f1fa0022dcbee49aba1099911631ca05c6c48e488d						deposited tip is engineered -- 3 of 21 substitutions from G11/Gq -- but every canonical at the best score is in one family, so family and subtype are unambiguous.
B1B1U5	R3_ct21	yes	no	Gq/11	Gq	P50148	STRUCTURE_NEAR	frozen	9EPP	yes	Gi	21	ca9c43b3512da42d954f460071ed681cb95a05eb4a66fc95bf75f9f8fddfa443						deposited tip is engineered -- 3 of 21 substitutions from G11/Gq -- but every canonical at the best score is in one family, so family and subtype are unambiguous.
B1B1U5	R4_a5helix	yes	no	Gq/11	Gq	P50148	STRUCTURE_NEAR	frozen	9EPP	yes	Gi	26	04cdb830714025abed85ae985c0fde900515913447b9902df70a9a9c0854a138						deposited tip is engineered -- 3 of 21 substitutions from G11/Gq -- but every canonical at the best score is in one family, so family and subtype are unambiguous.
B1B1U5	R5_a5plus	yes	no	Gq/11	Gq	P50148	STRUCTURE_NEAR	frozen	9EPP	yes	Gi	36	324cb7f2f4220c7e848a90486bd27f744bcfc81a57cc63deef3d3fa3b5b649a1						deposited tip is engineered -- 3 of 21 substitutions from G11/Gq -- but every canonical at the best score is in one family, so family and subtype are unambiguous.
B1B1U5	R6a_da5	yes	no	Gq/11	Gq	P50148	STRUCTURE_NEAR	frozen	9EPP	yes	Gi	333	b596d3ee285fb9fe2504c944ec3dce54567c45f2169ae66f5d7f86977de646c0						deposited tip is engineered -- 3 of 21 substitutions from G11/Gq -- but every canonical at the best score is in one family, so family and subtype are unambiguous.
B1B1U5	R7_full	yes	no	Gq/11	Gq	P50148	STRUCTURE_NEAR	frozen	9EPP	yes	Gi	359	aae9e1c2493fd38402f4ff11436a321d9eae94449b07c61568995565cdcdefc0						deposited tip is engineered -- 3 of 21 substitutions from G11/Gq -- but every canonical at the best score is in one family, so family and subtype are unambiguous.
C5AR1	R1_ct11	yes	yes	Gi/o	Gi1	P63096	STRUCTURE_EXACT	frozen	7Y66	no		11	07f3c67495a3d42d48d5ea02b6adb8c67bea34d3fceabc8a27beeeded8ebb7d4						
C5AR1	R2_ct15	yes	yes	Gi/o	Gi1	P63096	STRUCTURE_EXACT	frozen	7Y66	no		15	a79fe76aa984b5e3bac3da9992122e185050f45837a8c34dcf893ebedc91dbcd						
C5AR1	R3_ct21	yes	yes	Gi/o	Gi1	P63096	STRUCTURE_EXACT	frozen	7Y66	no		21	ff6db386f5b9f5497eb2fd7777e0006bb86e2e45592cc1055ccf38003591642f						
C5AR1	R4_a5helix	yes	yes	Gi/o	Gi1	P63096	STRUCTURE_EXACT	frozen	7Y66	no		26	083c1a4dccd253e12449ab2055b1cd257c0d850ea2b61cc6e09ce473afc91f49						
C5AR1	R5_a5plus	yes	yes	Gi/o	Gi1	P63096	STRUCTURE_EXACT	frozen	7Y66	no		36	e931f1049440108a647eb4682c64de95a0c3b99668d22ce4f412bea48891127e						
C5AR1	R6a_da5	yes	yes	Gi/o	Gi1	P63096	STRUCTURE_EXACT	frozen	7Y66	no		328	9e30e74d599d9fa771b539d49633e2652f1d97a9517daacc4fb208fab9a0233d						
C5AR1	R7_full	yes	yes	Gi/o	Gi1	P63096	STRUCTURE_EXACT	frozen	7Y66	no		354	57f8013fce15aa580c1c618f1fb4f45d76af5361d9190eb56bbbebf5997999d1						
CCKAR	R1_ct11	yes	no	Gs	Gs	P63092	STRUCTURE_EXACT	frozen	7MBX	yes	Gq	11	f159565cbda52c2b94610c95af8e362fab6620b027e2ee6a1d6e0fa09b5e8509						
CCKAR	R2_ct15	yes	no	Gs	Gs	P63092	STRUCTURE_EXACT	frozen	7MBX	yes	Gq	15	fb163fbce24f88f971d728fb69573e92b64d73b9cee95f1b75c793daf8c48c5f						
CCKAR	R3_ct21	yes	no	Gs	Gs	P63092	STRUCTURE_EXACT	frozen	7MBX	yes	Gq	21	39355d83d34556e438109cf065c187714a66052bf2d892a6746407e972c1f4e7						
CCKAR	R4_a5helix	yes	no	Gs	Gs	P63092	STRUCTURE_EXACT	frozen	7MBX	yes	Gq	26	95d5cf5e3eab4dc5be7728e8fdf688de0f7565461800c7c3f211a09b4a0a3411						
CCKAR	R5_a5plus	yes	no	Gs	Gs	P63092	STRUCTURE_EXACT	frozen	7MBX	yes	Gq	36	52ab88cba555bdfc50374dea3e1b81a6a37145c13c6b4278fc3dff463c2b7a25						
CCKAR	R6a_da5	yes	no	Gs	Gs	P63092	STRUCTURE_EXACT	frozen	7MBX	yes	Gq	368	7c75cc25b56cb2dac657baecbcc2a034e87e56c3f39fae2e9c982319927bde90						
CCKAR	R7_full	yes	no	Gs	Gs	P63092	STRUCTURE_EXACT	frozen	7MBX	yes	Gq	394	6dedace6845efaa21a29f1b95f01b291bbbc27a72e2d8835a9ae15b3909c91bb						
CCR2	R1_ct11	yes	yes	Gi/o	Gi1	P63096	STRUCTURE_EXACT	frozen	7XA3	no		11	07f3c67495a3d42d48d5ea02b6adb8c67bea34d3fceabc8a27beeeded8ebb7d4						
CCR2	R2_ct15	yes	yes	Gi/o	Gi1	P63096	STRUCTURE_EXACT	frozen	7XA3	no		15	a79fe76aa984b5e3bac3da9992122e185050f45837a8c34dcf893ebedc91dbcd						
CCR2	R3_ct21	yes	yes	Gi/o	Gi1	P63096	STRUCTURE_EXACT	frozen	7XA3	no		21	ff6db386f5b9f5497eb2fd7777e0006bb86e2e45592cc1055ccf38003591642f						
CCR2	R4_a5helix	yes	yes	Gi/o	Gi1	P63096	STRUCTURE_EXACT	frozen	7XA3	no		26	083c1a4dccd253e12449ab2055b1cd257c0d850ea2b61cc6e09ce473afc91f49						
CCR2	R5_a5plus	yes	yes	Gi/o	Gi1	P63096	STRUCTURE_EXACT	frozen	7XA3	no		36	e931f1049440108a647eb4682c64de95a0c3b99668d22ce4f412bea48891127e						
CCR2	R6a_da5	yes	yes	Gi/o	Gi1	P63096	STRUCTURE_EXACT	frozen	7XA3	no		328	9e30e74d599d9fa771b539d49633e2652f1d97a9517daacc4fb208fab9a0233d						
CCR2	R7_full	yes	yes	Gi/o	Gi1	P63096	STRUCTURE_EXACT	frozen	7XA3	no		354	57f8013fce15aa580c1c618f1fb4f45d76af5361d9190eb56bbbebf5997999d1						
CCR5	R1_ct11	no	no	Gi/o	Gi1	P63096	STRUCTURE_EXACT	frozen	7O7F	no	Gi	11	07f3c67495a3d42d48d5ea02b6adb8c67bea34d3fceabc8a27beeeded8ebb7d4						
CCR5	R2_ct15	no	no	Gi/o	Gi1	P63096	STRUCTURE_EXACT	frozen	7O7F	no	Gi	15	a79fe76aa984b5e3bac3da9992122e185050f45837a8c34dcf893ebedc91dbcd						
CCR5	R3_ct21	no	no	Gi/o	Gi1	P63096	STRUCTURE_EXACT	frozen	7O7F	no	Gi	21	ff6db386f5b9f5497eb2fd7777e0006bb86e2e45592cc1055ccf38003591642f						
CCR5	R4_a5helix	no	no	Gi/o	Gi1	P63096	STRUCTURE_EXACT	frozen	7O7F	no	Gi	26	083c1a4dccd253e12449ab2055b1cd257c0d850ea2b61cc6e09ce473afc91f49						
CCR5	R5_a5plus	no	no	Gi/o	Gi1	P63096	STRUCTURE_EXACT	frozen	7O7F	no	Gi	36	e931f1049440108a647eb4682c64de95a0c3b99668d22ce4f412bea48891127e						
CCR5	R6a_da5	no	no	Gi/o	Gi1	P63096	STRUCTURE_EXACT	frozen	7O7F	no	Gi	328	9e30e74d599d9fa771b539d49633e2652f1d97a9517daacc4fb208fab9a0233d						
CCR5	R7_full	no	no	Gi/o	Gi1	P63096	STRUCTURE_EXACT	frozen	7O7F	no	Gi	354	57f8013fce15aa580c1c618f1fb4f45d76af5361d9190eb56bbbebf5997999d1						
CCR6	R1_ct11	no	no	Gi/o	Go	P09471	STRUCTURE_NEAR	frozen	6WWZ	no		11	d60406903dc7214e1ccd1b00dc108e1bdaf9a6238ce74c096debd76845cd744b						deposited tip is engineered -- 1 of 21 substitutions from Go -- but every canonical at the best score is in one family, so family and subtype are unambiguous.
CCR6	R2_ct15	no	no	Gi/o	Go	P09471	STRUCTURE_NEAR	frozen	6WWZ	no		15	9e405081e97124530a3a62cfd5ea07707b4e09d0b6bee8828de8e141ccca569b						deposited tip is engineered -- 1 of 21 substitutions from Go -- but every canonical at the best score is in one family, so family and subtype are unambiguous.
CCR6	R3_ct21	no	no	Gi/o	Go	P09471	STRUCTURE_NEAR	frozen	6WWZ	no		21	1d939254f60124bd3f2d64b363bf9df5b4a2efd63ec759fa3bb755add97f8c72						deposited tip is engineered -- 1 of 21 substitutions from Go -- but every canonical at the best score is in one family, so family and subtype are unambiguous.
CCR6	R4_a5helix	no	no	Gi/o	Go	P09471	STRUCTURE_NEAR	frozen	6WWZ	no		26	88080a713f9acf058a3c96f406403ba2d2b1f2f8274db300698948390801ca97						deposited tip is engineered -- 1 of 21 substitutions from Go -- but every canonical at the best score is in one family, so family and subtype are unambiguous.
CCR6	R5_a5plus	no	no	Gi/o	Go	P09471	STRUCTURE_NEAR	frozen	6WWZ	no		36	a468f97a33ba8406527975c818a1283c3bbb2b65440eb0584699299847b4179a						deposited tip is engineered -- 1 of 21 substitutions from Go -- but every canonical at the best score is in one family, so family and subtype are unambiguous.
CCR6	R6a_da5	no	no	Gi/o	Go	P09471	STRUCTURE_NEAR	frozen	6WWZ	no		328	2b951794efb82c9b1f9bde193882283fd0c8f5efcc3703b9a3fe8e6b4d4dbb73						deposited tip is engineered -- 1 of 21 substitutions from Go -- but every canonical at the best score is in one family, so family and subtype are unambiguous.
CCR6	R7_full	no	no	Gi/o	Go	P09471	STRUCTURE_NEAR	frozen	6WWZ	no		354	399d5823731a6349264db56f7b03c14aa432873cde289287156f13d28598e282						deposited tip is engineered -- 1 of 21 substitutions from Go -- but every canonical at the best score is in one family, so family and subtype are unambiguous.
CCR8	R1_ct11	no	no	Gi/o	Gi1	P63096	STRUCTURE_EXACT	frozen	8KFX	no		11	07f3c67495a3d42d48d5ea02b6adb8c67bea34d3fceabc8a27beeeded8ebb7d4						
CCR8	R2_ct15	no	no	Gi/o	Gi1	P63096	STRUCTURE_EXACT	frozen	8KFX	no		15	a79fe76aa984b5e3bac3da9992122e185050f45837a8c34dcf893ebedc91dbcd						
CCR8	R3_ct21	no	no	Gi/o	Gi1	P63096	STRUCTURE_EXACT	frozen	8KFX	no		21	ff6db386f5b9f5497eb2fd7777e0006bb86e2e45592cc1055ccf38003591642f						
CCR8	R4_a5helix	no	no	Gi/o	Gi1	P63096	STRUCTURE_EXACT	frozen	8KFX	no		26	083c1a4dccd253e12449ab2055b1cd257c0d850ea2b61cc6e09ce473afc91f49						
CCR8	R5_a5plus	no	no	Gi/o	Gi1	P63096	STRUCTURE_EXACT	frozen	8KFX	no		36	e931f1049440108a647eb4682c64de95a0c3b99668d22ce4f412bea48891127e						
CCR8	R6a_da5	no	no	Gi/o	Gi1	P63096	STRUCTURE_EXACT	frozen	8KFX	no		328	9e30e74d599d9fa771b539d49633e2652f1d97a9517daacc4fb208fab9a0233d						
CCR8	R7_full	no	no	Gi/o	Gi1	P63096	STRUCTURE_EXACT	frozen	8KFX	no		354	57f8013fce15aa580c1c618f1fb4f45d76af5361d9190eb56bbbebf5997999d1						
CNR1	R1_ct11	no	no	Gi/o	Gi1	P63096	STRUCTURE_EXACT	frozen	8GHV	no	Gi	11	07f3c67495a3d42d48d5ea02b6adb8c67bea34d3fceabc8a27beeeded8ebb7d4						
CNR1	R2_ct15	no	no	Gi/o	Gi1	P63096	STRUCTURE_EXACT	frozen	8GHV	no	Gi	15	a79fe76aa984b5e3bac3da9992122e185050f45837a8c34dcf893ebedc91dbcd						
CNR1	R3_ct21	no	no	Gi/o	Gi1	P63096	STRUCTURE_EXACT	frozen	8GHV	no	Gi	21	ff6db386f5b9f5497eb2fd7777e0006bb86e2e45592cc1055ccf38003591642f						
CNR1	R4_a5helix	no	no	Gi/o	Gi1	P63096	STRUCTURE_EXACT	frozen	8GHV	no	Gi	26	083c1a4dccd253e12449ab2055b1cd257c0d850ea2b61cc6e09ce473afc91f49						
CNR1	R5_a5plus	no	no	Gi/o	Gi1	P63096	STRUCTURE_EXACT	frozen	8GHV	no	Gi	36	e931f1049440108a647eb4682c64de95a0c3b99668d22ce4f412bea48891127e						
CNR1	R6a_da5	no	no	Gi/o	Gi1	P63096	STRUCTURE_EXACT	frozen	8GHV	no	Gi	328	9e30e74d599d9fa771b539d49633e2652f1d97a9517daacc4fb208fab9a0233d						
CNR1	R7_full	no	no	Gi/o	Gi1	P63096	STRUCTURE_EXACT	frozen	8GHV	no	Gi	354	57f8013fce15aa580c1c618f1fb4f45d76af5361d9190eb56bbbebf5997999d1						
CNR2	R1_ct11	yes	yes	Gi/o	Gi1	P63096	STRUCTURE_EXACT	frozen	8GUR	no	Gi	11	07f3c67495a3d42d48d5ea02b6adb8c67bea34d3fceabc8a27beeeded8ebb7d4						
CNR2	R2_ct15	yes	yes	Gi/o	Gi1	P63096	STRUCTURE_EXACT	frozen	8GUR	no	Gi	15	a79fe76aa984b5e3bac3da9992122e185050f45837a8c34dcf893ebedc91dbcd						
CNR2	R3_ct21	yes	yes	Gi/o	Gi1	P63096	STRUCTURE_EXACT	frozen	8GUR	no	Gi	21	ff6db386f5b9f5497eb2fd7777e0006bb86e2e45592cc1055ccf38003591642f						
CNR2	R4_a5helix	yes	yes	Gi/o	Gi1	P63096	STRUCTURE_EXACT	frozen	8GUR	no	Gi	26	083c1a4dccd253e12449ab2055b1cd257c0d850ea2b61cc6e09ce473afc91f49						
CNR2	R5_a5plus	yes	yes	Gi/o	Gi1	P63096	STRUCTURE_EXACT	frozen	8GUR	no	Gi	36	e931f1049440108a647eb4682c64de95a0c3b99668d22ce4f412bea48891127e						
CNR2	R6a_da5	yes	yes	Gi/o	Gi1	P63096	STRUCTURE_EXACT	frozen	8GUR	no	Gi	328	9e30e74d599d9fa771b539d49633e2652f1d97a9517daacc4fb208fab9a0233d						
CNR2	R7_full	yes	yes	Gi/o	Gi1	P63096	STRUCTURE_EXACT	frozen	8GUR	no	Gi	354	57f8013fce15aa580c1c618f1fb4f45d76af5361d9190eb56bbbebf5997999d1						
CXCR2	R1_ct11	no	no	Gi/o	Gi1	P63096	STRUCTURE_EXACT	frozen	6LFO	no	Gi	11	07f3c67495a3d42d48d5ea02b6adb8c67bea34d3fceabc8a27beeeded8ebb7d4						
CXCR2	R2_ct15	no	no	Gi/o	Gi1	P63096	STRUCTURE_EXACT	frozen	6LFO	no	Gi	15	a79fe76aa984b5e3bac3da9992122e185050f45837a8c34dcf893ebedc91dbcd						
CXCR2	R3_ct21	no	no	Gi/o	Gi1	P63096	STRUCTURE_EXACT	frozen	6LFO	no	Gi	21	ff6db386f5b9f5497eb2fd7777e0006bb86e2e45592cc1055ccf38003591642f						
CXCR2	R4_a5helix	no	no	Gi/o	Gi1	P63096	STRUCTURE_EXACT	frozen	6LFO	no	Gi	26	083c1a4dccd253e12449ab2055b1cd257c0d850ea2b61cc6e09ce473afc91f49						
CXCR2	R5_a5plus	no	no	Gi/o	Gi1	P63096	STRUCTURE_EXACT	frozen	6LFO	no	Gi	36	e931f1049440108a647eb4682c64de95a0c3b99668d22ce4f412bea48891127e						
CXCR2	R6a_da5	no	no	Gi/o	Gi1	P63096	STRUCTURE_EXACT	frozen	6LFO	no	Gi	328	9e30e74d599d9fa771b539d49633e2652f1d97a9517daacc4fb208fab9a0233d						
CXCR2	R7_full	no	no	Gi/o	Gi1	P63096	STRUCTURE_EXACT	frozen	6LFO	no	Gi	354	57f8013fce15aa580c1c618f1fb4f45d76af5361d9190eb56bbbebf5997999d1						
CXCR3	R1_ct11	no	no	Gi/o	Gi1	P63096	STRUCTURE_EXACT	frozen	8HNM	no		11	07f3c67495a3d42d48d5ea02b6adb8c67bea34d3fceabc8a27beeeded8ebb7d4						
CXCR3	R2_ct15	no	no	Gi/o	Gi1	P63096	STRUCTURE_EXACT	frozen	8HNM	no		15	a79fe76aa984b5e3bac3da9992122e185050f45837a8c34dcf893ebedc91dbcd						
CXCR3	R3_ct21	no	no	Gi/o	Gi1	P63096	STRUCTURE_EXACT	frozen	8HNM	no		21	ff6db386f5b9f5497eb2fd7777e0006bb86e2e45592cc1055ccf38003591642f						
CXCR3	R4_a5helix	no	no	Gi/o	Gi1	P63096	STRUCTURE_EXACT	frozen	8HNM	no		26	083c1a4dccd253e12449ab2055b1cd257c0d850ea2b61cc6e09ce473afc91f49						
CXCR3	R5_a5plus	no	no	Gi/o	Gi1	P63096	STRUCTURE_EXACT	frozen	8HNM	no		36	e931f1049440108a647eb4682c64de95a0c3b99668d22ce4f412bea48891127e						
CXCR3	R6a_da5	no	no	Gi/o	Gi1	P63096	STRUCTURE_EXACT	frozen	8HNM	no		328	9e30e74d599d9fa771b539d49633e2652f1d97a9517daacc4fb208fab9a0233d						
CXCR3	R7_full	no	no	Gi/o	Gi1	P63096	STRUCTURE_EXACT	frozen	8HNM	no		354	57f8013fce15aa580c1c618f1fb4f45d76af5361d9190eb56bbbebf5997999d1						
CXCR4	R1_ct11	no	no	Gi/o	Gi1	P63096	STRUCTURE_EXACT	frozen	8U4N	no	Gi	11	07f3c67495a3d42d48d5ea02b6adb8c67bea34d3fceabc8a27beeeded8ebb7d4						
CXCR4	R2_ct15	no	no	Gi/o	Gi1	P63096	STRUCTURE_EXACT	frozen	8U4N	no	Gi	15	a79fe76aa984b5e3bac3da9992122e185050f45837a8c34dcf893ebedc91dbcd						
CXCR4	R3_ct21	no	no	Gi/o	Gi1	P63096	STRUCTURE_EXACT	frozen	8U4N	no	Gi	21	ff6db386f5b9f5497eb2fd7777e0006bb86e2e45592cc1055ccf38003591642f						
CXCR4	R4_a5helix	no	no	Gi/o	Gi1	P63096	STRUCTURE_EXACT	frozen	8U4N	no	Gi	26	083c1a4dccd253e12449ab2055b1cd257c0d850ea2b61cc6e09ce473afc91f49						
CXCR4	R5_a5plus	no	no	Gi/o	Gi1	P63096	STRUCTURE_EXACT	frozen	8U4N	no	Gi	36	e931f1049440108a647eb4682c64de95a0c3b99668d22ce4f412bea48891127e						
CXCR4	R6a_da5	no	no	Gi/o	Gi1	P63096	STRUCTURE_EXACT	frozen	8U4N	no	Gi	328	9e30e74d599d9fa771b539d49633e2652f1d97a9517daacc4fb208fab9a0233d						
CXCR4	R7_full	no	no	Gi/o	Gi1	P63096	STRUCTURE_EXACT	frozen	8U4N	no	Gi	354	57f8013fce15aa580c1c618f1fb4f45d76af5361d9190eb56bbbebf5997999d1						
DRD2	R1_ct11	no	no	Gi/o	Go	P09471	STRUCTURE_EXACT	frozen	8TZQ	no	Gi	11	d60406903dc7214e1ccd1b00dc108e1bdaf9a6238ce74c096debd76845cd744b						
DRD2	R2_ct15	no	no	Gi/o	Go	P09471	STRUCTURE_EXACT	frozen	8TZQ	no	Gi	15	9e405081e97124530a3a62cfd5ea07707b4e09d0b6bee8828de8e141ccca569b						
DRD2	R3_ct21	no	no	Gi/o	Go	P09471	STRUCTURE_EXACT	frozen	8TZQ	no	Gi	21	1d939254f60124bd3f2d64b363bf9df5b4a2efd63ec759fa3bb755add97f8c72						
DRD2	R4_a5helix	no	no	Gi/o	Go	P09471	STRUCTURE_EXACT	frozen	8TZQ	no	Gi	26	88080a713f9acf058a3c96f406403ba2d2b1f2f8274db300698948390801ca97						
DRD2	R5_a5plus	no	no	Gi/o	Go	P09471	STRUCTURE_EXACT	frozen	8TZQ	no	Gi	36	a468f97a33ba8406527975c818a1283c3bbb2b65440eb0584699299847b4179a						
DRD2	R6a_da5	no	no	Gi/o	Go	P09471	STRUCTURE_EXACT	frozen	8TZQ	no	Gi	328	2b951794efb82c9b1f9bde193882283fd0c8f5efcc3703b9a3fe8e6b4d4dbb73						
DRD2	R7_full	no	no	Gi/o	Go	P09471	STRUCTURE_EXACT	frozen	8TZQ	no	Gi	354	399d5823731a6349264db56f7b03c14aa432873cde289287156f13d28598e282						
DRD3	R1_ct11	yes	yes	Gi/o	Gi1	P63096	STRUCTURE_EXACT	frozen	8IRT	no	Gi	11	07f3c67495a3d42d48d5ea02b6adb8c67bea34d3fceabc8a27beeeded8ebb7d4						
DRD3	R2_ct15	yes	yes	Gi/o	Gi1	P63096	STRUCTURE_EXACT	frozen	8IRT	no	Gi	15	a79fe76aa984b5e3bac3da9992122e185050f45837a8c34dcf893ebedc91dbcd						
DRD3	R3_ct21	yes	yes	Gi/o	Gi1	P63096	STRUCTURE_EXACT	frozen	8IRT	no	Gi	21	ff6db386f5b9f5497eb2fd7777e0006bb86e2e45592cc1055ccf38003591642f						
DRD3	R4_a5helix	yes	yes	Gi/o	Gi1	P63096	STRUCTURE_EXACT	frozen	8IRT	no	Gi	26	083c1a4dccd253e12449ab2055b1cd257c0d850ea2b61cc6e09ce473afc91f49						
DRD3	R5_a5plus	yes	yes	Gi/o	Gi1	P63096	STRUCTURE_EXACT	frozen	8IRT	no	Gi	36	e931f1049440108a647eb4682c64de95a0c3b99668d22ce4f412bea48891127e						
DRD3	R6a_da5	yes	yes	Gi/o	Gi1	P63096	STRUCTURE_EXACT	frozen	8IRT	no	Gi	328	9e30e74d599d9fa771b539d49633e2652f1d97a9517daacc4fb208fab9a0233d						
DRD3	R7_full	yes	yes	Gi/o	Gi1	P63096	STRUCTURE_EXACT	frozen	8IRT	no	Gi	354	57f8013fce15aa580c1c618f1fb4f45d76af5361d9190eb56bbbebf5997999d1						
DRD4	R1_ct11	no	no	Gi/o			CHIMERA_SPLIT	needs_decision	8IRU	no			PENDING:PI-DECISION	Gi1	07f3c67495a3d42d48d5ea02b6adb8c67bea34d3fceabc8a27beeeded8ebb7d4	Gs	f159565cbda52c2b94610c95af8e362fab6620b027e2ee6a1d6e0fa09b5e8509	see g1_partner_registry reftip_ct11/DRD4	deposited tip matches no canonical human Ga at ct21 (best 0.71). Scaffold reads Gs, alpha5 tip reads Gi/o. Two honest answers; the rule does not choose. Annotation backs: A/tip.
DRD4	R2_ct15	no	no	Gi/o			CHIMERA_SPLIT	needs_decision	8IRU	no			PENDING:PI-DECISION	Gi1	a79fe76aa984b5e3bac3da9992122e185050f45837a8c34dcf893ebedc91dbcd	Gs	fb163fbce24f88f971d728fb69573e92b64d73b9cee95f1b75c793daf8c48c5f		deposited tip matches no canonical human Ga at ct21 (best 0.71). Scaffold reads Gs, alpha5 tip reads Gi/o. Two honest answers; the rule does not choose. Annotation backs: A/tip.
DRD4	R3_ct21	no	no	Gi/o			CHIMERA_SPLIT	needs_decision	8IRU	no			PENDING:PI-DECISION	Gi1	ff6db386f5b9f5497eb2fd7777e0006bb86e2e45592cc1055ccf38003591642f	Gs	39355d83d34556e438109cf065c187714a66052bf2d892a6746407e972c1f4e7	reftip_ct21/DRD4	deposited tip matches no canonical human Ga at ct21 (best 0.71). Scaffold reads Gs, alpha5 tip reads Gi/o. Two honest answers; the rule does not choose. Annotation backs: A/tip.
DRD4	R4_a5helix	no	no	Gi/o			CHIMERA_SPLIT	needs_decision	8IRU	no			PENDING:PI-DECISION	Gi1	083c1a4dccd253e12449ab2055b1cd257c0d850ea2b61cc6e09ce473afc91f49	Gs	95d5cf5e3eab4dc5be7728e8fdf688de0f7565461800c7c3f211a09b4a0a3411		deposited tip matches no canonical human Ga at ct21 (best 0.71). Scaffold reads Gs, alpha5 tip reads Gi/o. Two honest answers; the rule does not choose. Annotation backs: A/tip.
DRD4	R5_a5plus	no	no	Gi/o			CHIMERA_SPLIT	needs_decision	8IRU	no			PENDING:PI-DECISION	Gi1	e931f1049440108a647eb4682c64de95a0c3b99668d22ce4f412bea48891127e	Gs	52ab88cba555bdfc50374dea3e1b81a6a37145c13c6b4278fc3dff463c2b7a25		deposited tip matches no canonical human Ga at ct21 (best 0.71). Scaffold reads Gs, alpha5 tip reads Gi/o. Two honest answers; the rule does not choose. Annotation backs: A/tip.
DRD4	R6a_da5	no	no	Gi/o			CHIMERA_SPLIT	needs_decision	8IRU	no			PENDING:PI-DECISION	Gi1	9e30e74d599d9fa771b539d49633e2652f1d97a9517daacc4fb208fab9a0233d	Gs	7c75cc25b56cb2dac657baecbcc2a034e87e56c3f39fae2e9c982319927bde90		deposited tip matches no canonical human Ga at ct21 (best 0.71). Scaffold reads Gs, alpha5 tip reads Gi/o. Two honest answers; the rule does not choose. Annotation backs: A/tip.
DRD4	R7_full	no	no	Gi/o			CHIMERA_SPLIT	needs_decision	8IRU	no			PENDING:PI-DECISION	Gi1	57f8013fce15aa580c1c618f1fb4f45d76af5361d9190eb56bbbebf5997999d1	Gs	6dedace6845efaa21a29f1b95f01b291bbbc27a72e2d8835a9ae15b3909c91bb		deposited tip matches no canonical human Ga at ct21 (best 0.71). Scaffold reads Gs, alpha5 tip reads Gi/o. Two honest answers; the rule does not choose. Annotation backs: A/tip.
EDNRA	R1_ct11	no	no	Gq/11;Gs			CHIMERA_SPLIT	needs_decision	8HCQ	no	Gq		PENDING:PI-DECISION	Gq	352936d3e72c33c9d67da7fdb4ee3e5781d58dc3f59637aa2d6d7db2b02aabd6	Gs	f159565cbda52c2b94610c95af8e362fab6620b027e2ee6a1d6e0fa09b5e8509	see g1_partner_registry reftip_ct11/EDNRA	deposited tip matches no canonical human Ga at ct21 (best 0.62). Scaffold reads Gs, alpha5 tip reads Gq/11. Two honest answers; the rule does not choose. Annotation backs: A/tip.
EDNRA	R2_ct15	no	no	Gq/11;Gs			CHIMERA_SPLIT	needs_decision	8HCQ	no	Gq		PENDING:PI-DECISION	Gq	7861ee15ebd234c9d6e9d8f1fa0022dcbee49aba1099911631ca05c6c48e488d	Gs	fb163fbce24f88f971d728fb69573e92b64d73b9cee95f1b75c793daf8c48c5f		deposited tip matches no canonical human Ga at ct21 (best 0.62). Scaffold reads Gs, alpha5 tip reads Gq/11. Two honest answers; the rule does not choose. Annotation backs: A/tip.
EDNRA	R3_ct21	no	no	Gq/11;Gs			CHIMERA_SPLIT	needs_decision	8HCQ	no	Gq		PENDING:PI-DECISION	Gq	ca9c43b3512da42d954f460071ed681cb95a05eb4a66fc95bf75f9f8fddfa443	Gs	39355d83d34556e438109cf065c187714a66052bf2d892a6746407e972c1f4e7	reftip_ct21/EDNRA	deposited tip matches no canonical human Ga at ct21 (best 0.62). Scaffold reads Gs, alpha5 tip reads Gq/11. Two honest answers; the rule does not choose. Annotation backs: A/tip.
EDNRA	R4_a5helix	no	no	Gq/11;Gs			CHIMERA_SPLIT	needs_decision	8HCQ	no	Gq		PENDING:PI-DECISION	Gq	04cdb830714025abed85ae985c0fde900515913447b9902df70a9a9c0854a138	Gs	95d5cf5e3eab4dc5be7728e8fdf688de0f7565461800c7c3f211a09b4a0a3411		deposited tip matches no canonical human Ga at ct21 (best 0.62). Scaffold reads Gs, alpha5 tip reads Gq/11. Two honest answers; the rule does not choose. Annotation backs: A/tip.
EDNRA	R5_a5plus	no	no	Gq/11;Gs			CHIMERA_SPLIT	needs_decision	8HCQ	no	Gq		PENDING:PI-DECISION	Gq	324cb7f2f4220c7e848a90486bd27f744bcfc81a57cc63deef3d3fa3b5b649a1	Gs	52ab88cba555bdfc50374dea3e1b81a6a37145c13c6b4278fc3dff463c2b7a25		deposited tip matches no canonical human Ga at ct21 (best 0.62). Scaffold reads Gs, alpha5 tip reads Gq/11. Two honest answers; the rule does not choose. Annotation backs: A/tip.
EDNRA	R6a_da5	no	no	Gq/11;Gs			CHIMERA_SPLIT	needs_decision	8HCQ	no	Gq		PENDING:PI-DECISION	Gq	b596d3ee285fb9fe2504c944ec3dce54567c45f2169ae66f5d7f86977de646c0	Gs	7c75cc25b56cb2dac657baecbcc2a034e87e56c3f39fae2e9c982319927bde90		deposited tip matches no canonical human Ga at ct21 (best 0.62). Scaffold reads Gs, alpha5 tip reads Gq/11. Two honest answers; the rule does not choose. Annotation backs: A/tip.
EDNRA	R7_full	no	no	Gq/11;Gs			CHIMERA_SPLIT	needs_decision	8HCQ	no	Gq		PENDING:PI-DECISION	Gq	aae9e1c2493fd38402f4ff11436a321d9eae94449b07c61568995565cdcdefc0	Gs	6dedace6845efaa21a29f1b95f01b291bbbc27a72e2d8835a9ae15b3909c91bb		deposited tip matches no canonical human Ga at ct21 (best 0.62). Scaffold reads Gs, alpha5 tip reads Gq/11. Two honest answers; the rule does not choose. Annotation backs: A/tip.
EDNRB	R1_ct11	yes	yes	Gi/o	Gi1	P63096	STRUCTURE_EXACT	frozen	8IY5	yes	Gq	11	07f3c67495a3d42d48d5ea02b6adb8c67bea34d3fceabc8a27beeeded8ebb7d4						
EDNRB	R2_ct15	yes	yes	Gi/o	Gi1	P63096	STRUCTURE_EXACT	frozen	8IY5	yes	Gq	15	a79fe76aa984b5e3bac3da9992122e185050f45837a8c34dcf893ebedc91dbcd						
EDNRB	R3_ct21	yes	yes	Gi/o	Gi1	P63096	STRUCTURE_EXACT	frozen	8IY5	yes	Gq	21	ff6db386f5b9f5497eb2fd7777e0006bb86e2e45592cc1055ccf38003591642f						
EDNRB	R4_a5helix	yes	yes	Gi/o	Gi1	P63096	STRUCTURE_EXACT	frozen	8IY5	yes	Gq	26	083c1a4dccd253e12449ab2055b1cd257c0d850ea2b61cc6e09ce473afc91f49						
EDNRB	R5_a5plus	yes	yes	Gi/o	Gi1	P63096	STRUCTURE_EXACT	frozen	8IY5	yes	Gq	36	e931f1049440108a647eb4682c64de95a0c3b99668d22ce4f412bea48891127e						
EDNRB	R6a_da5	yes	yes	Gi/o	Gi1	P63096	STRUCTURE_EXACT	frozen	8IY5	yes	Gq	328	9e30e74d599d9fa771b539d49633e2652f1d97a9517daacc4fb208fab9a0233d						
EDNRB	R7_full	yes	yes	Gi/o	Gi1	P63096	STRUCTURE_EXACT	frozen	8IY5	yes	Gq	354	57f8013fce15aa580c1c618f1fb4f45d76af5361d9190eb56bbbebf5997999d1						
FSHR	R1_ct11	no	no	Gs	Gs	P63092	STRUCTURE_EXACT	frozen	8I2G	no	Gs	11	f159565cbda52c2b94610c95af8e362fab6620b027e2ee6a1d6e0fa09b5e8509						
FSHR	R2_ct15	no	no	Gs	Gs	P63092	STRUCTURE_EXACT	frozen	8I2G	no	Gs	15	fb163fbce24f88f971d728fb69573e92b64d73b9cee95f1b75c793daf8c48c5f						
FSHR	R3_ct21	no	no	Gs	Gs	P63092	STRUCTURE_EXACT	frozen	8I2G	no	Gs	21	39355d83d34556e438109cf065c187714a66052bf2d892a6746407e972c1f4e7						
FSHR	R4_a5helix	no	no	Gs	Gs	P63092	STRUCTURE_EXACT	frozen	8I2G	no	Gs	26	95d5cf5e3eab4dc5be7728e8fdf688de0f7565461800c7c3f211a09b4a0a3411						
FSHR	R5_a5plus	no	no	Gs	Gs	P63092	STRUCTURE_EXACT	frozen	8I2G	no	Gs	36	52ab88cba555bdfc50374dea3e1b81a6a37145c13c6b4278fc3dff463c2b7a25						
FSHR	R6a_da5	no	no	Gs	Gs	P63092	STRUCTURE_EXACT	frozen	8I2G	no	Gs	368	7c75cc25b56cb2dac657baecbcc2a034e87e56c3f39fae2e9c982319927bde90						
FSHR	R7_full	no	no	Gs	Gs	P63092	STRUCTURE_EXACT	frozen	8I2G	no	Gs	394	6dedace6845efaa21a29f1b95f01b291bbbc27a72e2d8835a9ae15b3909c91bb						
GHSR	R1_ct11	yes	no	Gi/o	Gi1	P63096	STRUCTURE_EXACT	frozen	7NA7	yes	Gq	11	07f3c67495a3d42d48d5ea02b6adb8c67bea34d3fceabc8a27beeeded8ebb7d4						
GHSR	R2_ct15	yes	no	Gi/o	Gi1	P63096	STRUCTURE_EXACT	frozen	7NA7	yes	Gq	15	a79fe76aa984b5e3bac3da9992122e185050f45837a8c34dcf893ebedc91dbcd						
GHSR	R3_ct21	yes	no	Gi/o	Gi1	P63096	STRUCTURE_EXACT	frozen	7NA7	yes	Gq	21	ff6db386f5b9f5497eb2fd7777e0006bb86e2e45592cc1055ccf38003591642f						
GHSR	R4_a5helix	yes	no	Gi/o	Gi1	P63096	STRUCTURE_EXACT	frozen	7NA7	yes	Gq	26	083c1a4dccd253e12449ab2055b1cd257c0d850ea2b61cc6e09ce473afc91f49						
GHSR	R5_a5plus	yes	no	Gi/o	Gi1	P63096	STRUCTURE_EXACT	frozen	7NA7	yes	Gq	36	e931f1049440108a647eb4682c64de95a0c3b99668d22ce4f412bea48891127e						
GHSR	R6a_da5	yes	no	Gi/o	Gi1	P63096	STRUCTURE_EXACT	frozen	7NA7	yes	Gq	328	9e30e74d599d9fa771b539d49633e2652f1d97a9517daacc4fb208fab9a0233d						
GHSR	R7_full	yes	no	Gi/o	Gi1	P63096	STRUCTURE_EXACT	frozen	7NA7	yes	Gq	354	57f8013fce15aa580c1c618f1fb4f45d76af5361d9190eb56bbbebf5997999d1						
GPR52	R1_ct11	yes	no	Gs	Gs	P63092	STRUCTURE_NEAR	frozen	8HMP	no		11	f159565cbda52c2b94610c95af8e362fab6620b027e2ee6a1d6e0fa09b5e8509						deposited tip is engineered -- 1 of 21 substitutions from Gs -- but every canonical at the best score is in one family, so family and subtype are unambiguous.
GPR52	R2_ct15	yes	no	Gs	Gs	P63092	STRUCTURE_NEAR	frozen	8HMP	no		15	fb163fbce24f88f971d728fb69573e92b64d73b9cee95f1b75c793daf8c48c5f						deposited tip is engineered -- 1 of 21 substitutions from Gs -- but every canonical at the best score is in one family, so family and subtype are unambiguous.
GPR52	R3_ct21	yes	no	Gs	Gs	P63092	STRUCTURE_NEAR	frozen	8HMP	no		21	39355d83d34556e438109cf065c187714a66052bf2d892a6746407e972c1f4e7						deposited tip is engineered -- 1 of 21 substitutions from Gs -- but every canonical at the best score is in one family, so family and subtype are unambiguous.
GPR52	R4_a5helix	yes	no	Gs	Gs	P63092	STRUCTURE_NEAR	frozen	8HMP	no		26	95d5cf5e3eab4dc5be7728e8fdf688de0f7565461800c7c3f211a09b4a0a3411						deposited tip is engineered -- 1 of 21 substitutions from Gs -- but every canonical at the best score is in one family, so family and subtype are unambiguous.
GPR52	R5_a5plus	yes	no	Gs	Gs	P63092	STRUCTURE_NEAR	frozen	8HMP	no		36	52ab88cba555bdfc50374dea3e1b81a6a37145c13c6b4278fc3dff463c2b7a25						deposited tip is engineered -- 1 of 21 substitutions from Gs -- but every canonical at the best score is in one family, so family and subtype are unambiguous.
GPR52	R6a_da5	yes	no	Gs	Gs	P63092	STRUCTURE_NEAR	frozen	8HMP	no		368	7c75cc25b56cb2dac657baecbcc2a034e87e56c3f39fae2e9c982319927bde90						deposited tip is engineered -- 1 of 21 substitutions from Gs -- but every canonical at the best score is in one family, so family and subtype are unambiguous.
GPR52	R7_full	yes	no	Gs	Gs	P63092	STRUCTURE_NEAR	frozen	8HMP	no		394	6dedace6845efaa21a29f1b95f01b291bbbc27a72e2d8835a9ae15b3909c91bb						deposited tip is engineered -- 1 of 21 substitutions from Gs -- but every canonical at the best score is in one family, so family and subtype are unambiguous.
GPR6	R1_ct11	no	no	Gs	Gs	P63092	STRUCTURE_EXACT	frozen	8TYW	no		11	f159565cbda52c2b94610c95af8e362fab6620b027e2ee6a1d6e0fa09b5e8509						
GPR6	R2_ct15	no	no	Gs	Gs	P63092	STRUCTURE_EXACT	frozen	8TYW	no		15	fb163fbce24f88f971d728fb69573e92b64d73b9cee95f1b75c793daf8c48c5f						
GPR6	R3_ct21	no	no	Gs	Gs	P63092	STRUCTURE_EXACT	frozen	8TYW	no		21	39355d83d34556e438109cf065c187714a66052bf2d892a6746407e972c1f4e7						
GPR6	R4_a5helix	no	no	Gs	Gs	P63092	STRUCTURE_EXACT	frozen	8TYW	no		26	95d5cf5e3eab4dc5be7728e8fdf688de0f7565461800c7c3f211a09b4a0a3411						
GPR6	R5_a5plus	no	no	Gs	Gs	P63092	STRUCTURE_EXACT	frozen	8TYW	no		36	52ab88cba555bdfc50374dea3e1b81a6a37145c13c6b4278fc3dff463c2b7a25						
GPR6	R6a_da5	no	no	Gs	Gs	P63092	STRUCTURE_EXACT	frozen	8TYW	no		368	7c75cc25b56cb2dac657baecbcc2a034e87e56c3f39fae2e9c982319927bde90						
GPR6	R7_full	no	no	Gs	Gs	P63092	STRUCTURE_EXACT	frozen	8TYW	no		394	6dedace6845efaa21a29f1b95f01b291bbbc27a72e2d8835a9ae15b3909c91bb						
GRPR	R1_ct11	yes	no	Gq/11;Gs			CHIMERA_SPLIT	needs_decision	8H0Q	no	Gq		PENDING:PI-DECISION	Gq	352936d3e72c33c9d67da7fdb4ee3e5781d58dc3f59637aa2d6d7db2b02aabd6	Gs	f159565cbda52c2b94610c95af8e362fab6620b027e2ee6a1d6e0fa09b5e8509	see g1_partner_registry reftip_ct11/GRPR	deposited tip matches no canonical human Ga at ct21 (best 0.62). Scaffold reads Gs, alpha5 tip reads Gq/11. Two honest answers; the rule does not choose. Annotation backs: A/tip.
GRPR	R2_ct15	yes	no	Gq/11;Gs			CHIMERA_SPLIT	needs_decision	8H0Q	no	Gq		PENDING:PI-DECISION	Gq	7861ee15ebd234c9d6e9d8f1fa0022dcbee49aba1099911631ca05c6c48e488d	Gs	fb163fbce24f88f971d728fb69573e92b64d73b9cee95f1b75c793daf8c48c5f		deposited tip matches no canonical human Ga at ct21 (best 0.62). Scaffold reads Gs, alpha5 tip reads Gq/11. Two honest answers; the rule does not choose. Annotation backs: A/tip.
GRPR	R3_ct21	yes	no	Gq/11;Gs			CHIMERA_SPLIT	needs_decision	8H0Q	no	Gq		PENDING:PI-DECISION	Gq	ca9c43b3512da42d954f460071ed681cb95a05eb4a66fc95bf75f9f8fddfa443	Gs	39355d83d34556e438109cf065c187714a66052bf2d892a6746407e972c1f4e7	reftip_ct21/GRPR	deposited tip matches no canonical human Ga at ct21 (best 0.62). Scaffold reads Gs, alpha5 tip reads Gq/11. Two honest answers; the rule does not choose. Annotation backs: A/tip.
GRPR	R4_a5helix	yes	no	Gq/11;Gs			CHIMERA_SPLIT	needs_decision	8H0Q	no	Gq		PENDING:PI-DECISION	Gq	04cdb830714025abed85ae985c0fde900515913447b9902df70a9a9c0854a138	Gs	95d5cf5e3eab4dc5be7728e8fdf688de0f7565461800c7c3f211a09b4a0a3411		deposited tip matches no canonical human Ga at ct21 (best 0.62). Scaffold reads Gs, alpha5 tip reads Gq/11. Two honest answers; the rule does not choose. Annotation backs: A/tip.
GRPR	R5_a5plus	yes	no	Gq/11;Gs			CHIMERA_SPLIT	needs_decision	8H0Q	no	Gq		PENDING:PI-DECISION	Gq	324cb7f2f4220c7e848a90486bd27f744bcfc81a57cc63deef3d3fa3b5b649a1	Gs	52ab88cba555bdfc50374dea3e1b81a6a37145c13c6b4278fc3dff463c2b7a25		deposited tip matches no canonical human Ga at ct21 (best 0.62). Scaffold reads Gs, alpha5 tip reads Gq/11. Two honest answers; the rule does not choose. Annotation backs: A/tip.
GRPR	R6a_da5	yes	no	Gq/11;Gs			CHIMERA_SPLIT	needs_decision	8H0Q	no	Gq		PENDING:PI-DECISION	Gq	b596d3ee285fb9fe2504c944ec3dce54567c45f2169ae66f5d7f86977de646c0	Gs	7c75cc25b56cb2dac657baecbcc2a034e87e56c3f39fae2e9c982319927bde90		deposited tip matches no canonical human Ga at ct21 (best 0.62). Scaffold reads Gs, alpha5 tip reads Gq/11. Two honest answers; the rule does not choose. Annotation backs: A/tip.
GRPR	R7_full	yes	no	Gq/11;Gs			CHIMERA_SPLIT	needs_decision	8H0Q	no	Gq		PENDING:PI-DECISION	Gq	aae9e1c2493fd38402f4ff11436a321d9eae94449b07c61568995565cdcdefc0	Gs	6dedace6845efaa21a29f1b95f01b291bbbc27a72e2d8835a9ae15b3909c91bb		deposited tip matches no canonical human Ga at ct21 (best 0.62). Scaffold reads Gs, alpha5 tip reads Gq/11. Two honest answers; the rule does not choose. Annotation backs: A/tip.
HRH1	R1_ct11	no	no	Gq/11;Gs			CHIMERA_SPLIT	needs_decision	8YN2	no	Gq		PENDING:PI-DECISION	Gq	352936d3e72c33c9d67da7fdb4ee3e5781d58dc3f59637aa2d6d7db2b02aabd6	Gs	f159565cbda52c2b94610c95af8e362fab6620b027e2ee6a1d6e0fa09b5e8509	see g1_partner_registry reftip_ct11/HRH1	deposited tip matches no canonical human Ga at ct21 (best 0.62). Scaffold reads Gs, alpha5 tip reads Gq/11. Two honest answers; the rule does not choose. Annotation backs: A/tip.
HRH1	R2_ct15	no	no	Gq/11;Gs			CHIMERA_SPLIT	needs_decision	8YN2	no	Gq		PENDING:PI-DECISION	Gq	7861ee15ebd234c9d6e9d8f1fa0022dcbee49aba1099911631ca05c6c48e488d	Gs	fb163fbce24f88f971d728fb69573e92b64d73b9cee95f1b75c793daf8c48c5f		deposited tip matches no canonical human Ga at ct21 (best 0.62). Scaffold reads Gs, alpha5 tip reads Gq/11. Two honest answers; the rule does not choose. Annotation backs: A/tip.
HRH1	R3_ct21	no	no	Gq/11;Gs			CHIMERA_SPLIT	needs_decision	8YN2	no	Gq		PENDING:PI-DECISION	Gq	ca9c43b3512da42d954f460071ed681cb95a05eb4a66fc95bf75f9f8fddfa443	Gs	39355d83d34556e438109cf065c187714a66052bf2d892a6746407e972c1f4e7	reftip_ct21/HRH1	deposited tip matches no canonical human Ga at ct21 (best 0.62). Scaffold reads Gs, alpha5 tip reads Gq/11. Two honest answers; the rule does not choose. Annotation backs: A/tip.
HRH1	R4_a5helix	no	no	Gq/11;Gs			CHIMERA_SPLIT	needs_decision	8YN2	no	Gq		PENDING:PI-DECISION	Gq	04cdb830714025abed85ae985c0fde900515913447b9902df70a9a9c0854a138	Gs	95d5cf5e3eab4dc5be7728e8fdf688de0f7565461800c7c3f211a09b4a0a3411		deposited tip matches no canonical human Ga at ct21 (best 0.62). Scaffold reads Gs, alpha5 tip reads Gq/11. Two honest answers; the rule does not choose. Annotation backs: A/tip.
HRH1	R5_a5plus	no	no	Gq/11;Gs			CHIMERA_SPLIT	needs_decision	8YN2	no	Gq		PENDING:PI-DECISION	Gq	324cb7f2f4220c7e848a90486bd27f744bcfc81a57cc63deef3d3fa3b5b649a1	Gs	52ab88cba555bdfc50374dea3e1b81a6a37145c13c6b4278fc3dff463c2b7a25		deposited tip matches no canonical human Ga at ct21 (best 0.62). Scaffold reads Gs, alpha5 tip reads Gq/11. Two honest answers; the rule does not choose. Annotation backs: A/tip.
HRH1	R6a_da5	no	no	Gq/11;Gs			CHIMERA_SPLIT	needs_decision	8YN2	no	Gq		PENDING:PI-DECISION	Gq	b596d3ee285fb9fe2504c944ec3dce54567c45f2169ae66f5d7f86977de646c0	Gs	7c75cc25b56cb2dac657baecbcc2a034e87e56c3f39fae2e9c982319927bde90		deposited tip matches no canonical human Ga at ct21 (best 0.62). Scaffold reads Gs, alpha5 tip reads Gq/11. Two honest answers; the rule does not choose. Annotation backs: A/tip.
HRH1	R7_full	no	no	Gq/11;Gs			CHIMERA_SPLIT	needs_decision	8YN2	no	Gq		PENDING:PI-DECISION	Gq	aae9e1c2493fd38402f4ff11436a321d9eae94449b07c61568995565cdcdefc0	Gs	6dedace6845efaa21a29f1b95f01b291bbbc27a72e2d8835a9ae15b3909c91bb		deposited tip matches no canonical human Ga at ct21 (best 0.62). Scaffold reads Gs, alpha5 tip reads Gq/11. Two honest answers; the rule does not choose. Annotation backs: A/tip.
HRH2	R1_ct11	no	no	Gs	Gs	P63092	STRUCTURE_NEAR	frozen	8YN3	no		11	f159565cbda52c2b94610c95af8e362fab6620b027e2ee6a1d6e0fa09b5e8509						deposited tip is engineered -- 1 of 21 substitutions from Gs -- but every canonical at the best score is in one family, so family and subtype are unambiguous.
HRH2	R2_ct15	no	no	Gs	Gs	P63092	STRUCTURE_NEAR	frozen	8YN3	no		15	fb163fbce24f88f971d728fb69573e92b64d73b9cee95f1b75c793daf8c48c5f						deposited tip is engineered -- 1 of 21 substitutions from Gs -- but every canonical at the best score is in one family, so family and subtype are unambiguous.
HRH2	R3_ct21	no	no	Gs	Gs	P63092	STRUCTURE_NEAR	frozen	8YN3	no		21	39355d83d34556e438109cf065c187714a66052bf2d892a6746407e972c1f4e7						deposited tip is engineered -- 1 of 21 substitutions from Gs -- but every canonical at the best score is in one family, so family and subtype are unambiguous.
HRH2	R4_a5helix	no	no	Gs	Gs	P63092	STRUCTURE_NEAR	frozen	8YN3	no		26	95d5cf5e3eab4dc5be7728e8fdf688de0f7565461800c7c3f211a09b4a0a3411						deposited tip is engineered -- 1 of 21 substitutions from Gs -- but every canonical at the best score is in one family, so family and subtype are unambiguous.
HRH2	R5_a5plus	no	no	Gs	Gs	P63092	STRUCTURE_NEAR	frozen	8YN3	no		36	52ab88cba555bdfc50374dea3e1b81a6a37145c13c6b4278fc3dff463c2b7a25						deposited tip is engineered -- 1 of 21 substitutions from Gs -- but every canonical at the best score is in one family, so family and subtype are unambiguous.
HRH2	R6a_da5	no	no	Gs	Gs	P63092	STRUCTURE_NEAR	frozen	8YN3	no		368	7c75cc25b56cb2dac657baecbcc2a034e87e56c3f39fae2e9c982319927bde90						deposited tip is engineered -- 1 of 21 substitutions from Gs -- but every canonical at the best score is in one family, so family and subtype are unambiguous.
HRH2	R7_full	no	no	Gs	Gs	P63092	STRUCTURE_NEAR	frozen	8YN3	no		394	6dedace6845efaa21a29f1b95f01b291bbbc27a72e2d8835a9ae15b3909c91bb						deposited tip is engineered -- 1 of 21 substitutions from Gs -- but every canonical at the best score is in one family, so family and subtype are unambiguous.
HRH3	R1_ct11	yes	yes	Gi/o	Gi1	P63096	STRUCTURE_EXACT	frozen	8YN5	no	Gi	11	07f3c67495a3d42d48d5ea02b6adb8c67bea34d3fceabc8a27beeeded8ebb7d4						
HRH3	R2_ct15	yes	yes	Gi/o	Gi1	P63096	STRUCTURE_EXACT	frozen	8YN5	no	Gi	15	a79fe76aa984b5e3bac3da9992122e185050f45837a8c34dcf893ebedc91dbcd						
HRH3	R3_ct21	yes	yes	Gi/o	Gi1	P63096	STRUCTURE_EXACT	frozen	8YN5	no	Gi	21	ff6db386f5b9f5497eb2fd7777e0006bb86e2e45592cc1055ccf38003591642f						
HRH3	R4_a5helix	yes	yes	Gi/o	Gi1	P63096	STRUCTURE_EXACT	frozen	8YN5	no	Gi	26	083c1a4dccd253e12449ab2055b1cd257c0d850ea2b61cc6e09ce473afc91f49						
HRH3	R5_a5plus	yes	yes	Gi/o	Gi1	P63096	STRUCTURE_EXACT	frozen	8YN5	no	Gi	36	e931f1049440108a647eb4682c64de95a0c3b99668d22ce4f412bea48891127e						
HRH3	R6a_da5	yes	yes	Gi/o	Gi1	P63096	STRUCTURE_EXACT	frozen	8YN5	no	Gi	328	9e30e74d599d9fa771b539d49633e2652f1d97a9517daacc4fb208fab9a0233d						
HRH3	R7_full	yes	yes	Gi/o	Gi1	P63096	STRUCTURE_EXACT	frozen	8YN5	no	Gi	354	57f8013fce15aa580c1c618f1fb4f45d76af5361d9190eb56bbbebf5997999d1						
LPAR1	R1_ct11	yes	no	Gi/o	Gi1	P63096	STRUCTURE_EXACT	frozen	7TD0	no	Gi	11	07f3c67495a3d42d48d5ea02b6adb8c67bea34d3fceabc8a27beeeded8ebb7d4						
LPAR1	R2_ct15	yes	no	Gi/o	Gi1	P63096	STRUCTURE_EXACT	frozen	7TD0	no	Gi	15	a79fe76aa984b5e3bac3da9992122e185050f45837a8c34dcf893ebedc91dbcd						
LPAR1	R3_ct21	yes	no	Gi/o	Gi1	P63096	STRUCTURE_EXACT	frozen	7TD0	no	Gi	21	ff6db386f5b9f5497eb2fd7777e0006bb86e2e45592cc1055ccf38003591642f						
LPAR1	R4_a5helix	yes	no	Gi/o	Gi1	P63096	STRUCTURE_EXACT	frozen	7TD0	no	Gi	26	083c1a4dccd253e12449ab2055b1cd257c0d850ea2b61cc6e09ce473afc91f49						
LPAR1	R5_a5plus	yes	no	Gi/o	Gi1	P63096	STRUCTURE_EXACT	frozen	7TD0	no	Gi	36	e931f1049440108a647eb4682c64de95a0c3b99668d22ce4f412bea48891127e						
LPAR1	R6a_da5	yes	no	Gi/o	Gi1	P63096	STRUCTURE_EXACT	frozen	7TD0	no	Gi	328	9e30e74d599d9fa771b539d49633e2652f1d97a9517daacc4fb208fab9a0233d						
LPAR1	R7_full	yes	no	Gi/o	Gi1	P63096	STRUCTURE_EXACT	frozen	7TD0	no	Gi	354	57f8013fce15aa580c1c618f1fb4f45d76af5361d9190eb56bbbebf5997999d1						
LSHR	R1_ct11	no	no	Gs	Gs	P63092	STRUCTURE_NEAR	frozen	7FII	no	Gs	11	f159565cbda52c2b94610c95af8e362fab6620b027e2ee6a1d6e0fa09b5e8509						deposited tip is engineered -- 1 of 21 substitutions from Gs -- but every canonical at the best score is in one family, so family and subtype are unambiguous.
LSHR	R2_ct15	no	no	Gs	Gs	P63092	STRUCTURE_NEAR	frozen	7FII	no	Gs	15	fb163fbce24f88f971d728fb69573e92b64d73b9cee95f1b75c793daf8c48c5f						deposited tip is engineered -- 1 of 21 substitutions from Gs -- but every canonical at the best score is in one family, so family and subtype are unambiguous.
LSHR	R3_ct21	no	no	Gs	Gs	P63092	STRUCTURE_NEAR	frozen	7FII	no	Gs	21	39355d83d34556e438109cf065c187714a66052bf2d892a6746407e972c1f4e7						deposited tip is engineered -- 1 of 21 substitutions from Gs -- but every canonical at the best score is in one family, so family and subtype are unambiguous.
LSHR	R4_a5helix	no	no	Gs	Gs	P63092	STRUCTURE_NEAR	frozen	7FII	no	Gs	26	95d5cf5e3eab4dc5be7728e8fdf688de0f7565461800c7c3f211a09b4a0a3411						deposited tip is engineered -- 1 of 21 substitutions from Gs -- but every canonical at the best score is in one family, so family and subtype are unambiguous.
LSHR	R5_a5plus	no	no	Gs	Gs	P63092	STRUCTURE_NEAR	frozen	7FII	no	Gs	36	52ab88cba555bdfc50374dea3e1b81a6a37145c13c6b4278fc3dff463c2b7a25						deposited tip is engineered -- 1 of 21 substitutions from Gs -- but every canonical at the best score is in one family, so family and subtype are unambiguous.
LSHR	R6a_da5	no	no	Gs	Gs	P63092	STRUCTURE_NEAR	frozen	7FII	no	Gs	368	7c75cc25b56cb2dac657baecbcc2a034e87e56c3f39fae2e9c982319927bde90						deposited tip is engineered -- 1 of 21 substitutions from Gs -- but every canonical at the best score is in one family, so family and subtype are unambiguous.
LSHR	R7_full	no	no	Gs	Gs	P63092	STRUCTURE_NEAR	frozen	7FII	no	Gs	394	6dedace6845efaa21a29f1b95f01b291bbbc27a72e2d8835a9ae15b3909c91bb						deposited tip is engineered -- 1 of 21 substitutions from Gs -- but every canonical at the best score is in one family, so family and subtype are unambiguous.
LT4R1	R1_ct11	yes	no	Gi/o	Gi1	P63096	STRUCTURE_EXACT	frozen	7VKT	no	Gi	11	07f3c67495a3d42d48d5ea02b6adb8c67bea34d3fceabc8a27beeeded8ebb7d4						
LT4R1	R2_ct15	yes	no	Gi/o	Gi1	P63096	STRUCTURE_EXACT	frozen	7VKT	no	Gi	15	a79fe76aa984b5e3bac3da9992122e185050f45837a8c34dcf893ebedc91dbcd						
LT4R1	R3_ct21	yes	no	Gi/o	Gi1	P63096	STRUCTURE_EXACT	frozen	7VKT	no	Gi	21	ff6db386f5b9f5497eb2fd7777e0006bb86e2e45592cc1055ccf38003591642f						
LT4R1	R4_a5helix	yes	no	Gi/o	Gi1	P63096	STRUCTURE_EXACT	frozen	7VKT	no	Gi	26	083c1a4dccd253e12449ab2055b1cd257c0d850ea2b61cc6e09ce473afc91f49						
LT4R1	R5_a5plus	yes	no	Gi/o	Gi1	P63096	STRUCTURE_EXACT	frozen	7VKT	no	Gi	36	e931f1049440108a647eb4682c64de95a0c3b99668d22ce4f412bea48891127e						
LT4R1	R6a_da5	yes	no	Gi/o	Gi1	P63096	STRUCTURE_EXACT	frozen	7VKT	no	Gi	328	9e30e74d599d9fa771b539d49633e2652f1d97a9517daacc4fb208fab9a0233d						
LT4R1	R7_full	yes	no	Gi/o	Gi1	P63096	STRUCTURE_EXACT	frozen	7VKT	no	Gi	354	57f8013fce15aa580c1c618f1fb4f45d76af5361d9190eb56bbbebf5997999d1						
MCHR1	R1_ct11	yes	no	Gi/o	Gi1	P63096	STRUCTURE_EXACT	frozen	8WWK	no	Gi	11	07f3c67495a3d42d48d5ea02b6adb8c67bea34d3fceabc8a27beeeded8ebb7d4						
MCHR1	R2_ct15	yes	no	Gi/o	Gi1	P63096	STRUCTURE_EXACT	frozen	8WWK	no	Gi	15	a79fe76aa984b5e3bac3da9992122e185050f45837a8c34dcf893ebedc91dbcd						
MCHR1	R3_ct21	yes	no	Gi/o	Gi1	P63096	STRUCTURE_EXACT	frozen	8WWK	no	Gi	21	ff6db386f5b9f5497eb2fd7777e0006bb86e2e45592cc1055ccf38003591642f						
MCHR1	R4_a5helix	yes	no	Gi/o	Gi1	P63096	STRUCTURE_EXACT	frozen	8WWK	no	Gi	26	083c1a4dccd253e12449ab2055b1cd257c0d850ea2b61cc6e09ce473afc91f49						
MCHR1	R5_a5plus	yes	no	Gi/o	Gi1	P63096	STRUCTURE_EXACT	frozen	8WWK	no	Gi	36	e931f1049440108a647eb4682c64de95a0c3b99668d22ce4f412bea48891127e						
MCHR1	R6a_da5	yes	no	Gi/o	Gi1	P63096	STRUCTURE_EXACT	frozen	8WWK	no	Gi	328	9e30e74d599d9fa771b539d49633e2652f1d97a9517daacc4fb208fab9a0233d						
MCHR1	R7_full	yes	no	Gi/o	Gi1	P63096	STRUCTURE_EXACT	frozen	8WWK	no	Gi	354	57f8013fce15aa580c1c618f1fb4f45d76af5361d9190eb56bbbebf5997999d1						
MTR1A	R1_ct11	yes	no	Gi/o	Gi1	P63096	STRUCTURE_EXACT	frozen	7VGY	no		11	07f3c67495a3d42d48d5ea02b6adb8c67bea34d3fceabc8a27beeeded8ebb7d4						
MTR1A	R2_ct15	yes	no	Gi/o	Gi1	P63096	STRUCTURE_EXACT	frozen	7VGY	no		15	a79fe76aa984b5e3bac3da9992122e185050f45837a8c34dcf893ebedc91dbcd						
MTR1A	R3_ct21	yes	no	Gi/o	Gi1	P63096	STRUCTURE_EXACT	frozen	7VGY	no		21	ff6db386f5b9f5497eb2fd7777e0006bb86e2e45592cc1055ccf38003591642f						
MTR1A	R4_a5helix	yes	no	Gi/o	Gi1	P63096	STRUCTURE_EXACT	frozen	7VGY	no		26	083c1a4dccd253e12449ab2055b1cd257c0d850ea2b61cc6e09ce473afc91f49						
MTR1A	R5_a5plus	yes	no	Gi/o	Gi1	P63096	STRUCTURE_EXACT	frozen	7VGY	no		36	e931f1049440108a647eb4682c64de95a0c3b99668d22ce4f412bea48891127e						
MTR1A	R6a_da5	yes	no	Gi/o	Gi1	P63096	STRUCTURE_EXACT	frozen	7VGY	no		328	9e30e74d599d9fa771b539d49633e2652f1d97a9517daacc4fb208fab9a0233d						
MTR1A	R7_full	yes	no	Gi/o	Gi1	P63096	STRUCTURE_EXACT	frozen	7VGY	no		354	57f8013fce15aa580c1c618f1fb4f45d76af5361d9190eb56bbbebf5997999d1						
MTR1B	R1_ct11	no	no	Gi/o	Gi1	P63096	STRUCTURE_EXACT	frozen	7VH0	no		11	07f3c67495a3d42d48d5ea02b6adb8c67bea34d3fceabc8a27beeeded8ebb7d4						
MTR1B	R2_ct15	no	no	Gi/o	Gi1	P63096	STRUCTURE_EXACT	frozen	7VH0	no		15	a79fe76aa984b5e3bac3da9992122e185050f45837a8c34dcf893ebedc91dbcd						
MTR1B	R3_ct21	no	no	Gi/o	Gi1	P63096	STRUCTURE_EXACT	frozen	7VH0	no		21	ff6db386f5b9f5497eb2fd7777e0006bb86e2e45592cc1055ccf38003591642f						
MTR1B	R4_a5helix	no	no	Gi/o	Gi1	P63096	STRUCTURE_EXACT	frozen	7VH0	no		26	083c1a4dccd253e12449ab2055b1cd257c0d850ea2b61cc6e09ce473afc91f49						
MTR1B	R5_a5plus	no	no	Gi/o	Gi1	P63096	STRUCTURE_EXACT	frozen	7VH0	no		36	e931f1049440108a647eb4682c64de95a0c3b99668d22ce4f412bea48891127e						
MTR1B	R6a_da5	no	no	Gi/o	Gi1	P63096	STRUCTURE_EXACT	frozen	7VH0	no		328	9e30e74d599d9fa771b539d49633e2652f1d97a9517daacc4fb208fab9a0233d						
MTR1B	R7_full	no	no	Gi/o	Gi1	P63096	STRUCTURE_EXACT	frozen	7VH0	no		354	57f8013fce15aa580c1c618f1fb4f45d76af5361d9190eb56bbbebf5997999d1						
NK1R	R1_ct11	yes	no	Gs	Gs	P63092	STRUCTURE_NEAR	frozen	8U26	no		11	f159565cbda52c2b94610c95af8e362fab6620b027e2ee6a1d6e0fa09b5e8509						deposited tip is engineered -- 1 of 21 substitutions from Gs -- but every canonical at the best score is in one family, so family and subtype are unambiguous.
NK1R	R2_ct15	yes	no	Gs	Gs	P63092	STRUCTURE_NEAR	frozen	8U26	no		15	fb163fbce24f88f971d728fb69573e92b64d73b9cee95f1b75c793daf8c48c5f						deposited tip is engineered -- 1 of 21 substitutions from Gs -- but every canonical at the best score is in one family, so family and subtype are unambiguous.
NK1R	R3_ct21	yes	no	Gs	Gs	P63092	STRUCTURE_NEAR	frozen	8U26	no		21	39355d83d34556e438109cf065c187714a66052bf2d892a6746407e972c1f4e7						deposited tip is engineered -- 1 of 21 substitutions from Gs -- but every canonical at the best score is in one family, so family and subtype are unambiguous.
NK1R	R4_a5helix	yes	no	Gs	Gs	P63092	STRUCTURE_NEAR	frozen	8U26	no		26	95d5cf5e3eab4dc5be7728e8fdf688de0f7565461800c7c3f211a09b4a0a3411						deposited tip is engineered -- 1 of 21 substitutions from Gs -- but every canonical at the best score is in one family, so family and subtype are unambiguous.
NK1R	R5_a5plus	yes	no	Gs	Gs	P63092	STRUCTURE_NEAR	frozen	8U26	no		36	52ab88cba555bdfc50374dea3e1b81a6a37145c13c6b4278fc3dff463c2b7a25						deposited tip is engineered -- 1 of 21 substitutions from Gs -- but every canonical at the best score is in one family, so family and subtype are unambiguous.
NK1R	R6a_da5	yes	no	Gs	Gs	P63092	STRUCTURE_NEAR	frozen	8U26	no		368	7c75cc25b56cb2dac657baecbcc2a034e87e56c3f39fae2e9c982319927bde90						deposited tip is engineered -- 1 of 21 substitutions from Gs -- but every canonical at the best score is in one family, so family and subtype are unambiguous.
NK1R	R7_full	yes	no	Gs	Gs	P63092	STRUCTURE_NEAR	frozen	8U26	no		394	6dedace6845efaa21a29f1b95f01b291bbbc27a72e2d8835a9ae15b3909c91bb						deposited tip is engineered -- 1 of 21 substitutions from Gs -- but every canonical at the best score is in one family, so family and subtype are unambiguous.
NPY1R	R1_ct11	yes	no	Gi/o	Gi1	P63096	STRUCTURE_EXACT	frozen	7X9A	no	Gi	11	07f3c67495a3d42d48d5ea02b6adb8c67bea34d3fceabc8a27beeeded8ebb7d4						
NPY1R	R2_ct15	yes	no	Gi/o	Gi1	P63096	STRUCTURE_EXACT	frozen	7X9A	no	Gi	15	a79fe76aa984b5e3bac3da9992122e185050f45837a8c34dcf893ebedc91dbcd						
NPY1R	R3_ct21	yes	no	Gi/o	Gi1	P63096	STRUCTURE_EXACT	frozen	7X9A	no	Gi	21	ff6db386f5b9f5497eb2fd7777e0006bb86e2e45592cc1055ccf38003591642f						
NPY1R	R4_a5helix	yes	no	Gi/o	Gi1	P63096	STRUCTURE_EXACT	frozen	7X9A	no	Gi	26	083c1a4dccd253e12449ab2055b1cd257c0d850ea2b61cc6e09ce473afc91f49						
NPY1R	R5_a5plus	yes	no	Gi/o	Gi1	P63096	STRUCTURE_EXACT	frozen	7X9A	no	Gi	36	e931f1049440108a647eb4682c64de95a0c3b99668d22ce4f412bea48891127e						
NPY1R	R6a_da5	yes	no	Gi/o	Gi1	P63096	STRUCTURE_EXACT	frozen	7X9A	no	Gi	328	9e30e74d599d9fa771b539d49633e2652f1d97a9517daacc4fb208fab9a0233d						
NPY1R	R7_full	yes	no	Gi/o	Gi1	P63096	STRUCTURE_EXACT	frozen	7X9A	no	Gi	354	57f8013fce15aa580c1c618f1fb4f45d76af5361d9190eb56bbbebf5997999d1						
NPY2R	R1_ct11	no	no	Gi/o	Gi1	P63096	STRUCTURE_EXACT	frozen	8K6N	no	Gi	11	07f3c67495a3d42d48d5ea02b6adb8c67bea34d3fceabc8a27beeeded8ebb7d4						
NPY2R	R2_ct15	no	no	Gi/o	Gi1	P63096	STRUCTURE_EXACT	frozen	8K6N	no	Gi	15	a79fe76aa984b5e3bac3da9992122e185050f45837a8c34dcf893ebedc91dbcd						
NPY2R	R3_ct21	no	no	Gi/o	Gi1	P63096	STRUCTURE_EXACT	frozen	8K6N	no	Gi	21	ff6db386f5b9f5497eb2fd7777e0006bb86e2e45592cc1055ccf38003591642f						
NPY2R	R4_a5helix	no	no	Gi/o	Gi1	P63096	STRUCTURE_EXACT	frozen	8K6N	no	Gi	26	083c1a4dccd253e12449ab2055b1cd257c0d850ea2b61cc6e09ce473afc91f49						
NPY2R	R5_a5plus	no	no	Gi/o	Gi1	P63096	STRUCTURE_EXACT	frozen	8K6N	no	Gi	36	e931f1049440108a647eb4682c64de95a0c3b99668d22ce4f412bea48891127e						
NPY2R	R6a_da5	no	no	Gi/o	Gi1	P63096	STRUCTURE_EXACT	frozen	8K6N	no	Gi	328	9e30e74d599d9fa771b539d49633e2652f1d97a9517daacc4fb208fab9a0233d						
NPY2R	R7_full	no	no	Gi/o	Gi1	P63096	STRUCTURE_EXACT	frozen	8K6N	no	Gi	354	57f8013fce15aa580c1c618f1fb4f45d76af5361d9190eb56bbbebf5997999d1						
NTR1	R1_ct11	yes	no	Gi/o	Gi1	P63096	CONVENTION_FALLBACK	frozen_by_convention	8JPF	no		11	07f3c67495a3d42d48d5ea02b6adb8c67bea34d3fceabc8a27beeeded8ebb7d4						8JPF contains no G-alpha entity (other). Family from coupling_assignments.csv:recommended_family; subtype is the DECLARED representative of that family, NOT a structure read. An off-Rule-R active refe
NTR1	R2_ct15	yes	no	Gi/o	Gi1	P63096	CONVENTION_FALLBACK	frozen_by_convention	8JPF	no		15	a79fe76aa984b5e3bac3da9992122e185050f45837a8c34dcf893ebedc91dbcd						8JPF contains no G-alpha entity (other). Family from coupling_assignments.csv:recommended_family; subtype is the DECLARED representative of that family, NOT a structure read. An off-Rule-R active refe
NTR1	R3_ct21	yes	no	Gi/o	Gi1	P63096	CONVENTION_FALLBACK	frozen_by_convention	8JPF	no		21	ff6db386f5b9f5497eb2fd7777e0006bb86e2e45592cc1055ccf38003591642f						8JPF contains no G-alpha entity (other). Family from coupling_assignments.csv:recommended_family; subtype is the DECLARED representative of that family, NOT a structure read. An off-Rule-R active refe
NTR1	R4_a5helix	yes	no	Gi/o	Gi1	P63096	CONVENTION_FALLBACK	frozen_by_convention	8JPF	no		26	083c1a4dccd253e12449ab2055b1cd257c0d850ea2b61cc6e09ce473afc91f49						8JPF contains no G-alpha entity (other). Family from coupling_assignments.csv:recommended_family; subtype is the DECLARED representative of that family, NOT a structure read. An off-Rule-R active refe
NTR1	R5_a5plus	yes	no	Gi/o	Gi1	P63096	CONVENTION_FALLBACK	frozen_by_convention	8JPF	no		36	e931f1049440108a647eb4682c64de95a0c3b99668d22ce4f412bea48891127e						8JPF contains no G-alpha entity (other). Family from coupling_assignments.csv:recommended_family; subtype is the DECLARED representative of that family, NOT a structure read. An off-Rule-R active refe
NTR1	R6a_da5	yes	no	Gi/o	Gi1	P63096	CONVENTION_FALLBACK	frozen_by_convention	8JPF	no		328	9e30e74d599d9fa771b539d49633e2652f1d97a9517daacc4fb208fab9a0233d						8JPF contains no G-alpha entity (other). Family from coupling_assignments.csv:recommended_family; subtype is the DECLARED representative of that family, NOT a structure read. An off-Rule-R active refe
NTR1	R7_full	yes	no	Gi/o	Gi1	P63096	CONVENTION_FALLBACK	frozen_by_convention	8JPF	no		354	57f8013fce15aa580c1c618f1fb4f45d76af5361d9190eb56bbbebf5997999d1						8JPF contains no G-alpha entity (other). Family from coupling_assignments.csv:recommended_family; subtype is the DECLARED representative of that family, NOT a structure read. An off-Rule-R active refe
OPRD	R1_ct11	yes	no	Gi/o	Gi1	P63096	CONVENTION_FALLBACK	frozen_by_convention	6PT2	no	Gi	11	07f3c67495a3d42d48d5ea02b6adb8c67bea34d3fceabc8a27beeeded8ebb7d4						6PT2 contains no G-alpha entity (other). Family from coupling_assignments.csv:recommended_family; subtype is the DECLARED representative of that family, NOT a structure read. An off-Rule-R active refe
OPRD	R2_ct15	yes	no	Gi/o	Gi1	P63096	CONVENTION_FALLBACK	frozen_by_convention	6PT2	no	Gi	15	a79fe76aa984b5e3bac3da9992122e185050f45837a8c34dcf893ebedc91dbcd						6PT2 contains no G-alpha entity (other). Family from coupling_assignments.csv:recommended_family; subtype is the DECLARED representative of that family, NOT a structure read. An off-Rule-R active refe
OPRD	R3_ct21	yes	no	Gi/o	Gi1	P63096	CONVENTION_FALLBACK	frozen_by_convention	6PT2	no	Gi	21	ff6db386f5b9f5497eb2fd7777e0006bb86e2e45592cc1055ccf38003591642f						6PT2 contains no G-alpha entity (other). Family from coupling_assignments.csv:recommended_family; subtype is the DECLARED representative of that family, NOT a structure read. An off-Rule-R active refe
OPRD	R4_a5helix	yes	no	Gi/o	Gi1	P63096	CONVENTION_FALLBACK	frozen_by_convention	6PT2	no	Gi	26	083c1a4dccd253e12449ab2055b1cd257c0d850ea2b61cc6e09ce473afc91f49						6PT2 contains no G-alpha entity (other). Family from coupling_assignments.csv:recommended_family; subtype is the DECLARED representative of that family, NOT a structure read. An off-Rule-R active refe
OPRD	R5_a5plus	yes	no	Gi/o	Gi1	P63096	CONVENTION_FALLBACK	frozen_by_convention	6PT2	no	Gi	36	e931f1049440108a647eb4682c64de95a0c3b99668d22ce4f412bea48891127e						6PT2 contains no G-alpha entity (other). Family from coupling_assignments.csv:recommended_family; subtype is the DECLARED representative of that family, NOT a structure read. An off-Rule-R active refe
OPRD	R6a_da5	yes	no	Gi/o	Gi1	P63096	CONVENTION_FALLBACK	frozen_by_convention	6PT2	no	Gi	328	9e30e74d599d9fa771b539d49633e2652f1d97a9517daacc4fb208fab9a0233d						6PT2 contains no G-alpha entity (other). Family from coupling_assignments.csv:recommended_family; subtype is the DECLARED representative of that family, NOT a structure read. An off-Rule-R active refe
OPRD	R7_full	yes	no	Gi/o	Gi1	P63096	CONVENTION_FALLBACK	frozen_by_convention	6PT2	no	Gi	354	57f8013fce15aa580c1c618f1fb4f45d76af5361d9190eb56bbbebf5997999d1						6PT2 contains no G-alpha entity (other). Family from coupling_assignments.csv:recommended_family; subtype is the DECLARED representative of that family, NOT a structure read. An off-Rule-R active refe
OPRK	R1_ct11	no	no	Gi/o	Gi1	P63096	STRUCTURE_EXACT	frozen	8FEG	no	Gi	11	07f3c67495a3d42d48d5ea02b6adb8c67bea34d3fceabc8a27beeeded8ebb7d4						
OPRK	R2_ct15	no	no	Gi/o	Gi1	P63096	STRUCTURE_EXACT	frozen	8FEG	no	Gi	15	a79fe76aa984b5e3bac3da9992122e185050f45837a8c34dcf893ebedc91dbcd						
OPRK	R3_ct21	no	no	Gi/o	Gi1	P63096	STRUCTURE_EXACT	frozen	8FEG	no	Gi	21	ff6db386f5b9f5497eb2fd7777e0006bb86e2e45592cc1055ccf38003591642f						
OPRK	R4_a5helix	no	no	Gi/o	Gi1	P63096	STRUCTURE_EXACT	frozen	8FEG	no	Gi	26	083c1a4dccd253e12449ab2055b1cd257c0d850ea2b61cc6e09ce473afc91f49						
OPRK	R5_a5plus	no	no	Gi/o	Gi1	P63096	STRUCTURE_EXACT	frozen	8FEG	no	Gi	36	e931f1049440108a647eb4682c64de95a0c3b99668d22ce4f412bea48891127e						
OPRK	R6a_da5	no	no	Gi/o	Gi1	P63096	STRUCTURE_EXACT	frozen	8FEG	no	Gi	328	9e30e74d599d9fa771b539d49633e2652f1d97a9517daacc4fb208fab9a0233d						
OPRK	R7_full	no	no	Gi/o	Gi1	P63096	STRUCTURE_EXACT	frozen	8FEG	no	Gi	354	57f8013fce15aa580c1c618f1fb4f45d76af5361d9190eb56bbbebf5997999d1						
OPRM	R1_ct11	no	no	Gi/o	Gi1	P63096	CONVENTION_FALLBACK	frozen_by_convention	5C1M	no		11	07f3c67495a3d42d48d5ea02b6adb8c67bea34d3fceabc8a27beeeded8ebb7d4						5C1M contains no G-alpha entity (nanobody/antibody, other). Family from coupling_assignments.csv:recommended_family; subtype is the DECLARED representative of that family, NOT a structure read. No act
OPRM	R2_ct15	no	no	Gi/o	Gi1	P63096	CONVENTION_FALLBACK	frozen_by_convention	5C1M	no		15	a79fe76aa984b5e3bac3da9992122e185050f45837a8c34dcf893ebedc91dbcd						5C1M contains no G-alpha entity (nanobody/antibody, other). Family from coupling_assignments.csv:recommended_family; subtype is the DECLARED representative of that family, NOT a structure read. No act
OPRM	R3_ct21	no	no	Gi/o	Gi1	P63096	CONVENTION_FALLBACK	frozen_by_convention	5C1M	no		21	ff6db386f5b9f5497eb2fd7777e0006bb86e2e45592cc1055ccf38003591642f						5C1M contains no G-alpha entity (nanobody/antibody, other). Family from coupling_assignments.csv:recommended_family; subtype is the DECLARED representative of that family, NOT a structure read. No act
OPRM	R4_a5helix	no	no	Gi/o	Gi1	P63096	CONVENTION_FALLBACK	frozen_by_convention	5C1M	no		26	083c1a4dccd253e12449ab2055b1cd257c0d850ea2b61cc6e09ce473afc91f49						5C1M contains no G-alpha entity (nanobody/antibody, other). Family from coupling_assignments.csv:recommended_family; subtype is the DECLARED representative of that family, NOT a structure read. No act
OPRM	R5_a5plus	no	no	Gi/o	Gi1	P63096	CONVENTION_FALLBACK	frozen_by_convention	5C1M	no		36	e931f1049440108a647eb4682c64de95a0c3b99668d22ce4f412bea48891127e						5C1M contains no G-alpha entity (nanobody/antibody, other). Family from coupling_assignments.csv:recommended_family; subtype is the DECLARED representative of that family, NOT a structure read. No act
OPRM	R6a_da5	no	no	Gi/o	Gi1	P63096	CONVENTION_FALLBACK	frozen_by_convention	5C1M	no		328	9e30e74d599d9fa771b539d49633e2652f1d97a9517daacc4fb208fab9a0233d						5C1M contains no G-alpha entity (nanobody/antibody, other). Family from coupling_assignments.csv:recommended_family; subtype is the DECLARED representative of that family, NOT a structure read. No act
OPRM	R7_full	no	no	Gi/o	Gi1	P63096	CONVENTION_FALLBACK	frozen_by_convention	5C1M	no		354	57f8013fce15aa580c1c618f1fb4f45d76af5361d9190eb56bbbebf5997999d1						5C1M contains no G-alpha entity (nanobody/antibody, other). Family from coupling_assignments.csv:recommended_family; subtype is the DECLARED representative of that family, NOT a structure read. No act
OPRX	R1_ct11	no	no	Gi/o	Gi1	P63096	STRUCTURE_EXACT	frozen	8F7X	no	Gi	11	07f3c67495a3d42d48d5ea02b6adb8c67bea34d3fceabc8a27beeeded8ebb7d4						
OPRX	R2_ct15	no	no	Gi/o	Gi1	P63096	STRUCTURE_EXACT	frozen	8F7X	no	Gi	15	a79fe76aa984b5e3bac3da9992122e185050f45837a8c34dcf893ebedc91dbcd						
OPRX	R3_ct21	no	no	Gi/o	Gi1	P63096	STRUCTURE_EXACT	frozen	8F7X	no	Gi	21	ff6db386f5b9f5497eb2fd7777e0006bb86e2e45592cc1055ccf38003591642f						
OPRX	R4_a5helix	no	no	Gi/o	Gi1	P63096	STRUCTURE_EXACT	frozen	8F7X	no	Gi	26	083c1a4dccd253e12449ab2055b1cd257c0d850ea2b61cc6e09ce473afc91f49						
OPRX	R5_a5plus	no	no	Gi/o	Gi1	P63096	STRUCTURE_EXACT	frozen	8F7X	no	Gi	36	e931f1049440108a647eb4682c64de95a0c3b99668d22ce4f412bea48891127e						
OPRX	R6a_da5	no	no	Gi/o	Gi1	P63096	STRUCTURE_EXACT	frozen	8F7X	no	Gi	328	9e30e74d599d9fa771b539d49633e2652f1d97a9517daacc4fb208fab9a0233d						
OPRX	R7_full	no	no	Gi/o	Gi1	P63096	STRUCTURE_EXACT	frozen	8F7X	no	Gi	354	57f8013fce15aa580c1c618f1fb4f45d76af5361d9190eb56bbbebf5997999d1						
OPSD	R1_ct11	yes	no	Gi/o	Gt1	P11488	PEPTIDE_ENTITY	frozen_with_caveat	4X1H	no	Gt	11	e16ad41084f6a7b9e739f0f14e7b9310188a6bb0d164adf191cf64b8b577ff89						partner entity is a 11-residue peptide, so ct21 does not exist; scored on ct11. Nearest canonical Ggust/Gt1/Gt2 at 4 of 11 substitutions; the nearest canonical of any OTHER family is 7 substitutions a
OPSD	R2_ct15	yes	no	Gi/o	Gt1	P11488	PEPTIDE_ENTITY	frozen_with_caveat	4X1H	no	Gt	15	2a011e9407b8234d7e953ef9ef82668b70c91788e7f63ac7e457aa224865e6ce						partner entity is a 11-residue peptide, so ct21 does not exist; scored on ct11. Nearest canonical Ggust/Gt1/Gt2 at 4 of 11 substitutions; the nearest canonical of any OTHER family is 7 substitutions a
OPSD	R3_ct21	yes	no	Gi/o	Gt1	P11488	PEPTIDE_ENTITY	frozen_with_caveat	4X1H	no	Gt	21	309f3b882916ffb0db9af5bde9552d19a2c7954440ffe0f7901551ff8bb33f94						partner entity is a 11-residue peptide, so ct21 does not exist; scored on ct11. Nearest canonical Ggust/Gt1/Gt2 at 4 of 11 substitutions; the nearest canonical of any OTHER family is 7 substitutions a
OPSD	R4_a5helix	yes	no	Gi/o	Gt1	P11488	PEPTIDE_ENTITY	frozen_with_caveat	4X1H	no	Gt	26	c9d74b339d55e83e48a40c74ffd01132126feab43f20cf972cfa2c07d6185a52						partner entity is a 11-residue peptide, so ct21 does not exist; scored on ct11. Nearest canonical Ggust/Gt1/Gt2 at 4 of 11 substitutions; the nearest canonical of any OTHER family is 7 substitutions a
OPSD	R5_a5plus	yes	no	Gi/o	Gt1	P11488	PEPTIDE_ENTITY	frozen_with_caveat	4X1H	no	Gt	36	723c7d83e340185bcb55123a1a135e39ce962dda2287369b6fd57bace2ce3aa3						partner entity is a 11-residue peptide, so ct21 does not exist; scored on ct11. Nearest canonical Ggust/Gt1/Gt2 at 4 of 11 substitutions; the nearest canonical of any OTHER family is 7 substitutions a
OPSD	R6a_da5	yes	no	Gi/o	Gt1	P11488	PEPTIDE_ENTITY	frozen_with_caveat	4X1H	no	Gt	324	b6f08c45cad4f4e6bd72e9de8103311800ce10ec520e4b8fa76485d331108de1						partner entity is a 11-residue peptide, so ct21 does not exist; scored on ct11. Nearest canonical Ggust/Gt1/Gt2 at 4 of 11 substitutions; the nearest canonical of any OTHER family is 7 substitutions a
OPSD	R7_full	yes	no	Gi/o	Gt1	P11488	PEPTIDE_ENTITY	frozen_with_caveat	4X1H	no	Gt	350	61cc7bb7a310e3f27cba5c004577361eb07c1791de6527a97f7e762001a67157						partner entity is a 11-residue peptide, so ct21 does not exist; scored on ct11. Nearest canonical Ggust/Gt1/Gt2 at 4 of 11 substitutions; the nearest canonical of any OTHER family is 7 substitutions a
OX2R	R1_ct11	yes	no	Gq/11;Gs			CHIMERA_SPLIT	needs_decision	7L1V	no	Gq		PENDING:PI-DECISION	Gq	352936d3e72c33c9d67da7fdb4ee3e5781d58dc3f59637aa2d6d7db2b02aabd6	Gs	f159565cbda52c2b94610c95af8e362fab6620b027e2ee6a1d6e0fa09b5e8509	see g1_partner_registry reftip_ct11/OX2R	deposited tip matches no canonical human Ga at ct21 (best 0.62). Scaffold reads Gs, alpha5 tip reads Gq/11. Two honest answers; the rule does not choose. Annotation backs: A/tip+B/scaffold.
OX2R	R2_ct15	yes	no	Gq/11;Gs			CHIMERA_SPLIT	needs_decision	7L1V	no	Gq		PENDING:PI-DECISION	Gq	7861ee15ebd234c9d6e9d8f1fa0022dcbee49aba1099911631ca05c6c48e488d	Gs	fb163fbce24f88f971d728fb69573e92b64d73b9cee95f1b75c793daf8c48c5f		deposited tip matches no canonical human Ga at ct21 (best 0.62). Scaffold reads Gs, alpha5 tip reads Gq/11. Two honest answers; the rule does not choose. Annotation backs: A/tip+B/scaffold.
OX2R	R3_ct21	yes	no	Gq/11;Gs			CHIMERA_SPLIT	needs_decision	7L1V	no	Gq		PENDING:PI-DECISION	Gq	ca9c43b3512da42d954f460071ed681cb95a05eb4a66fc95bf75f9f8fddfa443	Gs	39355d83d34556e438109cf065c187714a66052bf2d892a6746407e972c1f4e7	reftip_ct21/OX2R	deposited tip matches no canonical human Ga at ct21 (best 0.62). Scaffold reads Gs, alpha5 tip reads Gq/11. Two honest answers; the rule does not choose. Annotation backs: A/tip+B/scaffold.
OX2R	R4_a5helix	yes	no	Gq/11;Gs			CHIMERA_SPLIT	needs_decision	7L1V	no	Gq		PENDING:PI-DECISION	Gq	04cdb830714025abed85ae985c0fde900515913447b9902df70a9a9c0854a138	Gs	95d5cf5e3eab4dc5be7728e8fdf688de0f7565461800c7c3f211a09b4a0a3411		deposited tip matches no canonical human Ga at ct21 (best 0.62). Scaffold reads Gs, alpha5 tip reads Gq/11. Two honest answers; the rule does not choose. Annotation backs: A/tip+B/scaffold.
OX2R	R5_a5plus	yes	no	Gq/11;Gs			CHIMERA_SPLIT	needs_decision	7L1V	no	Gq		PENDING:PI-DECISION	Gq	324cb7f2f4220c7e848a90486bd27f744bcfc81a57cc63deef3d3fa3b5b649a1	Gs	52ab88cba555bdfc50374dea3e1b81a6a37145c13c6b4278fc3dff463c2b7a25		deposited tip matches no canonical human Ga at ct21 (best 0.62). Scaffold reads Gs, alpha5 tip reads Gq/11. Two honest answers; the rule does not choose. Annotation backs: A/tip+B/scaffold.
OX2R	R6a_da5	yes	no	Gq/11;Gs			CHIMERA_SPLIT	needs_decision	7L1V	no	Gq		PENDING:PI-DECISION	Gq	b596d3ee285fb9fe2504c944ec3dce54567c45f2169ae66f5d7f86977de646c0	Gs	7c75cc25b56cb2dac657baecbcc2a034e87e56c3f39fae2e9c982319927bde90		deposited tip matches no canonical human Ga at ct21 (best 0.62). Scaffold reads Gs, alpha5 tip reads Gq/11. Two honest answers; the rule does not choose. Annotation backs: A/tip+B/scaffold.
OX2R	R7_full	yes	no	Gq/11;Gs			CHIMERA_SPLIT	needs_decision	7L1V	no	Gq		PENDING:PI-DECISION	Gq	aae9e1c2493fd38402f4ff11436a321d9eae94449b07c61568995565cdcdefc0	Gs	6dedace6845efaa21a29f1b95f01b291bbbc27a72e2d8835a9ae15b3909c91bb		deposited tip matches no canonical human Ga at ct21 (best 0.62). Scaffold reads Gs, alpha5 tip reads Gq/11. Two honest answers; the rule does not choose. Annotation backs: A/tip+B/scaffold.
OXYR	R1_ct11	yes	no	Gq/11;Gs			CHIMERA_SPLIT	needs_decision	7RYC	no			PENDING:PI-DECISION	Gq	352936d3e72c33c9d67da7fdb4ee3e5781d58dc3f59637aa2d6d7db2b02aabd6	Gs	f159565cbda52c2b94610c95af8e362fab6620b027e2ee6a1d6e0fa09b5e8509	see g1_partner_registry reftip_ct11/OXYR	deposited tip matches no canonical human Ga at ct21 (best 0.62). Scaffold reads Gs, alpha5 tip reads Gq/11. Two honest answers; the rule does not choose. Annotation backs: A/tip.
OXYR	R2_ct15	yes	no	Gq/11;Gs			CHIMERA_SPLIT	needs_decision	7RYC	no			PENDING:PI-DECISION	Gq	7861ee15ebd234c9d6e9d8f1fa0022dcbee49aba1099911631ca05c6c48e488d	Gs	fb163fbce24f88f971d728fb69573e92b64d73b9cee95f1b75c793daf8c48c5f		deposited tip matches no canonical human Ga at ct21 (best 0.62). Scaffold reads Gs, alpha5 tip reads Gq/11. Two honest answers; the rule does not choose. Annotation backs: A/tip.
OXYR	R3_ct21	yes	no	Gq/11;Gs			CHIMERA_SPLIT	needs_decision	7RYC	no			PENDING:PI-DECISION	Gq	ca9c43b3512da42d954f460071ed681cb95a05eb4a66fc95bf75f9f8fddfa443	Gs	39355d83d34556e438109cf065c187714a66052bf2d892a6746407e972c1f4e7	reftip_ct21/OXYR	deposited tip matches no canonical human Ga at ct21 (best 0.62). Scaffold reads Gs, alpha5 tip reads Gq/11. Two honest answers; the rule does not choose. Annotation backs: A/tip.
OXYR	R4_a5helix	yes	no	Gq/11;Gs			CHIMERA_SPLIT	needs_decision	7RYC	no			PENDING:PI-DECISION	Gq	04cdb830714025abed85ae985c0fde900515913447b9902df70a9a9c0854a138	Gs	95d5cf5e3eab4dc5be7728e8fdf688de0f7565461800c7c3f211a09b4a0a3411		deposited tip matches no canonical human Ga at ct21 (best 0.62). Scaffold reads Gs, alpha5 tip reads Gq/11. Two honest answers; the rule does not choose. Annotation backs: A/tip.
OXYR	R5_a5plus	yes	no	Gq/11;Gs			CHIMERA_SPLIT	needs_decision	7RYC	no			PENDING:PI-DECISION	Gq	324cb7f2f4220c7e848a90486bd27f744bcfc81a57cc63deef3d3fa3b5b649a1	Gs	52ab88cba555bdfc50374dea3e1b81a6a37145c13c6b4278fc3dff463c2b7a25		deposited tip matches no canonical human Ga at ct21 (best 0.62). Scaffold reads Gs, alpha5 tip reads Gq/11. Two honest answers; the rule does not choose. Annotation backs: A/tip.
OXYR	R6a_da5	yes	no	Gq/11;Gs			CHIMERA_SPLIT	needs_decision	7RYC	no			PENDING:PI-DECISION	Gq	b596d3ee285fb9fe2504c944ec3dce54567c45f2169ae66f5d7f86977de646c0	Gs	7c75cc25b56cb2dac657baecbcc2a034e87e56c3f39fae2e9c982319927bde90		deposited tip matches no canonical human Ga at ct21 (best 0.62). Scaffold reads Gs, alpha5 tip reads Gq/11. Two honest answers; the rule does not choose. Annotation backs: A/tip.
OXYR	R7_full	yes	no	Gq/11;Gs			CHIMERA_SPLIT	needs_decision	7RYC	no			PENDING:PI-DECISION	Gq	aae9e1c2493fd38402f4ff11436a321d9eae94449b07c61568995565cdcdefc0	Gs	6dedace6845efaa21a29f1b95f01b291bbbc27a72e2d8835a9ae15b3909c91bb		deposited tip matches no canonical human Ga at ct21 (best 0.62). Scaffold reads Gs, alpha5 tip reads Gq/11. Two honest answers; the rule does not choose. Annotation backs: A/tip.
PD2R2	R1_ct11	yes	yes	Gi/o	Gi1	P63096	STRUCTURE_EXACT	frozen	8XXV	no		11	07f3c67495a3d42d48d5ea02b6adb8c67bea34d3fceabc8a27beeeded8ebb7d4						
PD2R2	R2_ct15	yes	yes	Gi/o	Gi1	P63096	STRUCTURE_EXACT	frozen	8XXV	no		15	a79fe76aa984b5e3bac3da9992122e185050f45837a8c34dcf893ebedc91dbcd						
PD2R2	R3_ct21	yes	yes	Gi/o	Gi1	P63096	STRUCTURE_EXACT	frozen	8XXV	no		21	ff6db386f5b9f5497eb2fd7777e0006bb86e2e45592cc1055ccf38003591642f						
PD2R2	R4_a5helix	yes	yes	Gi/o	Gi1	P63096	STRUCTURE_EXACT	frozen	8XXV	no		26	083c1a4dccd253e12449ab2055b1cd257c0d850ea2b61cc6e09ce473afc91f49						
PD2R2	R5_a5plus	yes	yes	Gi/o	Gi1	P63096	STRUCTURE_EXACT	frozen	8XXV	no		36	e931f1049440108a647eb4682c64de95a0c3b99668d22ce4f412bea48891127e						
PD2R2	R6a_da5	yes	yes	Gi/o	Gi1	P63096	STRUCTURE_EXACT	frozen	8XXV	no		328	9e30e74d599d9fa771b539d49633e2652f1d97a9517daacc4fb208fab9a0233d						
PD2R2	R7_full	yes	yes	Gi/o	Gi1	P63096	STRUCTURE_EXACT	frozen	8XXV	no		354	57f8013fce15aa580c1c618f1fb4f45d76af5361d9190eb56bbbebf5997999d1						
PE2R4	R1_ct11	no	no	Gs	Gs	P63092	STRUCTURE_EXACT	frozen	8GDB	no		11	f159565cbda52c2b94610c95af8e362fab6620b027e2ee6a1d6e0fa09b5e8509						
PE2R4	R2_ct15	no	no	Gs	Gs	P63092	STRUCTURE_EXACT	frozen	8GDB	no		15	fb163fbce24f88f971d728fb69573e92b64d73b9cee95f1b75c793daf8c48c5f						
PE2R4	R3_ct21	no	no	Gs	Gs	P63092	STRUCTURE_EXACT	frozen	8GDB	no		21	39355d83d34556e438109cf065c187714a66052bf2d892a6746407e972c1f4e7						
PE2R4	R4_a5helix	no	no	Gs	Gs	P63092	STRUCTURE_EXACT	frozen	8GDB	no		26	95d5cf5e3eab4dc5be7728e8fdf688de0f7565461800c7c3f211a09b4a0a3411						
PE2R4	R5_a5plus	no	no	Gs	Gs	P63092	STRUCTURE_EXACT	frozen	8GDB	no		36	52ab88cba555bdfc50374dea3e1b81a6a37145c13c6b4278fc3dff463c2b7a25						
PE2R4	R6a_da5	no	no	Gs	Gs	P63092	STRUCTURE_EXACT	frozen	8GDB	no		368	7c75cc25b56cb2dac657baecbcc2a034e87e56c3f39fae2e9c982319927bde90						
PE2R4	R7_full	no	no	Gs	Gs	P63092	STRUCTURE_EXACT	frozen	8GDB	no		394	6dedace6845efaa21a29f1b95f01b291bbbc27a72e2d8835a9ae15b3909c91bb						
S1PR1	R1_ct11	yes	yes	Gi/o	Gi1	P63096	STRUCTURE_EXACT	frozen	7TD4	no		11	07f3c67495a3d42d48d5ea02b6adb8c67bea34d3fceabc8a27beeeded8ebb7d4						
S1PR1	R2_ct15	yes	yes	Gi/o	Gi1	P63096	STRUCTURE_EXACT	frozen	7TD4	no		15	a79fe76aa984b5e3bac3da9992122e185050f45837a8c34dcf893ebedc91dbcd						
S1PR1	R3_ct21	yes	yes	Gi/o	Gi1	P63096	STRUCTURE_EXACT	frozen	7TD4	no		21	ff6db386f5b9f5497eb2fd7777e0006bb86e2e45592cc1055ccf38003591642f						
S1PR1	R4_a5helix	yes	yes	Gi/o	Gi1	P63096	STRUCTURE_EXACT	frozen	7TD4	no		26	083c1a4dccd253e12449ab2055b1cd257c0d850ea2b61cc6e09ce473afc91f49						
S1PR1	R5_a5plus	yes	yes	Gi/o	Gi1	P63096	STRUCTURE_EXACT	frozen	7TD4	no		36	e931f1049440108a647eb4682c64de95a0c3b99668d22ce4f412bea48891127e						
S1PR1	R6a_da5	yes	yes	Gi/o	Gi1	P63096	STRUCTURE_EXACT	frozen	7TD4	no		328	9e30e74d599d9fa771b539d49633e2652f1d97a9517daacc4fb208fab9a0233d						
S1PR1	R7_full	yes	yes	Gi/o	Gi1	P63096	STRUCTURE_EXACT	frozen	7TD4	no		354	57f8013fce15aa580c1c618f1fb4f45d76af5361d9190eb56bbbebf5997999d1						
S1PR5	R1_ct11	no	no	Gi/o	Gi1	P63096	STRUCTURE_EXACT	frozen	7EW1	no		11	07f3c67495a3d42d48d5ea02b6adb8c67bea34d3fceabc8a27beeeded8ebb7d4						
S1PR5	R2_ct15	no	no	Gi/o	Gi1	P63096	STRUCTURE_EXACT	frozen	7EW1	no		15	a79fe76aa984b5e3bac3da9992122e185050f45837a8c34dcf893ebedc91dbcd						
S1PR5	R3_ct21	no	no	Gi/o	Gi1	P63096	STRUCTURE_EXACT	frozen	7EW1	no		21	ff6db386f5b9f5497eb2fd7777e0006bb86e2e45592cc1055ccf38003591642f						
S1PR5	R4_a5helix	no	no	Gi/o	Gi1	P63096	STRUCTURE_EXACT	frozen	7EW1	no		26	083c1a4dccd253e12449ab2055b1cd257c0d850ea2b61cc6e09ce473afc91f49						
S1PR5	R5_a5plus	no	no	Gi/o	Gi1	P63096	STRUCTURE_EXACT	frozen	7EW1	no		36	e931f1049440108a647eb4682c64de95a0c3b99668d22ce4f412bea48891127e						
S1PR5	R6a_da5	no	no	Gi/o	Gi1	P63096	STRUCTURE_EXACT	frozen	7EW1	no		328	9e30e74d599d9fa771b539d49633e2652f1d97a9517daacc4fb208fab9a0233d						
S1PR5	R7_full	no	no	Gi/o	Gi1	P63096	STRUCTURE_EXACT	frozen	7EW1	no		354	57f8013fce15aa580c1c618f1fb4f45d76af5361d9190eb56bbbebf5997999d1						
SSR2	R1_ct11	yes	no	Gi/o	Gi3	P08754	STRUCTURE_EXACT	frozen	7T10	no		11	3936e9d85248d9ceb1f40e2f1264649276ec182ebae65aeb94f160b4c8a93779						
SSR2	R2_ct15	yes	no	Gi/o	Gi3	P08754	STRUCTURE_EXACT	frozen	7T10	no		15	98917a156f0269115840a413e4150d81cbd71077648552faf52e2537de829d63						
SSR2	R3_ct21	yes	no	Gi/o	Gi3	P08754	STRUCTURE_EXACT	frozen	7T10	no		21	67c29b5a903d7dd0e2ac71d6e6088e4f4d47a7aa315dae4dc855fd2d3de44090						
SSR2	R4_a5helix	yes	no	Gi/o	Gi3	P08754	STRUCTURE_EXACT	frozen	7T10	no		26	681947a66b7530161162eff953a9518c293c99cd1da54e2cd37cb8cf723bdcee						
SSR2	R5_a5plus	yes	no	Gi/o	Gi3	P08754	STRUCTURE_EXACT	frozen	7T10	no		36	a047cc1bc1557214ef5cb418589965dbdb56f47b9116548ab628d8edca011743						
SSR2	R6a_da5	yes	no	Gi/o	Gi3	P08754	STRUCTURE_EXACT	frozen	7T10	no		328	d1518b6c4a99cca1d3e60112feed4f7308bbecf35083bf7ad1305b725e63a603						
SSR2	R7_full	yes	no	Gi/o	Gi3	P08754	STRUCTURE_EXACT	frozen	7T10	no		354	22093c00de41583d7f83fa6270f4affb602588f5a7e67074e2477e67c4a448d4						
TA2R	R1_ct11	no	no	Gq/11;Gs			CHIMERA_SPLIT	needs_decision	8XJN	no			PENDING:PI-DECISION	Gq	352936d3e72c33c9d67da7fdb4ee3e5781d58dc3f59637aa2d6d7db2b02aabd6	Gs	f159565cbda52c2b94610c95af8e362fab6620b027e2ee6a1d6e0fa09b5e8509	see g1_partner_registry reftip_ct11/TA2R	deposited tip matches no canonical human Ga at ct21 (best 0.62). Scaffold reads Gs, alpha5 tip reads Gq/11. Two honest answers; the rule does not choose. Annotation backs: A/tip.
TA2R	R2_ct15	no	no	Gq/11;Gs			CHIMERA_SPLIT	needs_decision	8XJN	no			PENDING:PI-DECISION	Gq	7861ee15ebd234c9d6e9d8f1fa0022dcbee49aba1099911631ca05c6c48e488d	Gs	fb163fbce24f88f971d728fb69573e92b64d73b9cee95f1b75c793daf8c48c5f		deposited tip matches no canonical human Ga at ct21 (best 0.62). Scaffold reads Gs, alpha5 tip reads Gq/11. Two honest answers; the rule does not choose. Annotation backs: A/tip.
TA2R	R3_ct21	no	no	Gq/11;Gs			CHIMERA_SPLIT	needs_decision	8XJN	no			PENDING:PI-DECISION	Gq	ca9c43b3512da42d954f460071ed681cb95a05eb4a66fc95bf75f9f8fddfa443	Gs	39355d83d34556e438109cf065c187714a66052bf2d892a6746407e972c1f4e7	reftip_ct21/TA2R	deposited tip matches no canonical human Ga at ct21 (best 0.62). Scaffold reads Gs, alpha5 tip reads Gq/11. Two honest answers; the rule does not choose. Annotation backs: A/tip.
TA2R	R4_a5helix	no	no	Gq/11;Gs			CHIMERA_SPLIT	needs_decision	8XJN	no			PENDING:PI-DECISION	Gq	04cdb830714025abed85ae985c0fde900515913447b9902df70a9a9c0854a138	Gs	95d5cf5e3eab4dc5be7728e8fdf688de0f7565461800c7c3f211a09b4a0a3411		deposited tip matches no canonical human Ga at ct21 (best 0.62). Scaffold reads Gs, alpha5 tip reads Gq/11. Two honest answers; the rule does not choose. Annotation backs: A/tip.
TA2R	R5_a5plus	no	no	Gq/11;Gs			CHIMERA_SPLIT	needs_decision	8XJN	no			PENDING:PI-DECISION	Gq	324cb7f2f4220c7e848a90486bd27f744bcfc81a57cc63deef3d3fa3b5b649a1	Gs	52ab88cba555bdfc50374dea3e1b81a6a37145c13c6b4278fc3dff463c2b7a25		deposited tip matches no canonical human Ga at ct21 (best 0.62). Scaffold reads Gs, alpha5 tip reads Gq/11. Two honest answers; the rule does not choose. Annotation backs: A/tip.
TA2R	R6a_da5	no	no	Gq/11;Gs			CHIMERA_SPLIT	needs_decision	8XJN	no			PENDING:PI-DECISION	Gq	b596d3ee285fb9fe2504c944ec3dce54567c45f2169ae66f5d7f86977de646c0	Gs	7c75cc25b56cb2dac657baecbcc2a034e87e56c3f39fae2e9c982319927bde90		deposited tip matches no canonical human Ga at ct21 (best 0.62). Scaffold reads Gs, alpha5 tip reads Gq/11. Two honest answers; the rule does not choose. Annotation backs: A/tip.
TA2R	R7_full	no	no	Gq/11;Gs			CHIMERA_SPLIT	needs_decision	8XJN	no			PENDING:PI-DECISION	Gq	aae9e1c2493fd38402f4ff11436a321d9eae94449b07c61568995565cdcdefc0	Gs	6dedace6845efaa21a29f1b95f01b291bbbc27a72e2d8835a9ae15b3909c91bb		deposited tip matches no canonical human Ga at ct21 (best 0.62). Scaffold reads Gs, alpha5 tip reads Gq/11. Two honest answers; the rule does not choose. Annotation backs: A/tip.
TSHR	R1_ct11	yes	no	Gs	Gs	P63092	STRUCTURE_NEAR	frozen	7UTZ	no		11	f159565cbda52c2b94610c95af8e362fab6620b027e2ee6a1d6e0fa09b5e8509						deposited tip is engineered -- 1 of 21 substitutions from Gs -- but every canonical at the best score is in one family, so family and subtype are unambiguous.
TSHR	R2_ct15	yes	no	Gs	Gs	P63092	STRUCTURE_NEAR	frozen	7UTZ	no		15	fb163fbce24f88f971d728fb69573e92b64d73b9cee95f1b75c793daf8c48c5f						deposited tip is engineered -- 1 of 21 substitutions from Gs -- but every canonical at the best score is in one family, so family and subtype are unambiguous.
TSHR	R3_ct21	yes	no	Gs	Gs	P63092	STRUCTURE_NEAR	frozen	7UTZ	no		21	39355d83d34556e438109cf065c187714a66052bf2d892a6746407e972c1f4e7						deposited tip is engineered -- 1 of 21 substitutions from Gs -- but every canonical at the best score is in one family, so family and subtype are unambiguous.
TSHR	R4_a5helix	yes	no	Gs	Gs	P63092	STRUCTURE_NEAR	frozen	7UTZ	no		26	95d5cf5e3eab4dc5be7728e8fdf688de0f7565461800c7c3f211a09b4a0a3411						deposited tip is engineered -- 1 of 21 substitutions from Gs -- but every canonical at the best score is in one family, so family and subtype are unambiguous.
TSHR	R5_a5plus	yes	no	Gs	Gs	P63092	STRUCTURE_NEAR	frozen	7UTZ	no		36	52ab88cba555bdfc50374dea3e1b81a6a37145c13c6b4278fc3dff463c2b7a25						deposited tip is engineered -- 1 of 21 substitutions from Gs -- but every canonical at the best score is in one family, so family and subtype are unambiguous.
TSHR	R6a_da5	yes	no	Gs	Gs	P63092	STRUCTURE_NEAR	frozen	7UTZ	no		368	7c75cc25b56cb2dac657baecbcc2a034e87e56c3f39fae2e9c982319927bde90						deposited tip is engineered -- 1 of 21 substitutions from Gs -- but every canonical at the best score is in one family, so family and subtype are unambiguous.
TSHR	R7_full	yes	no	Gs	Gs	P63092	STRUCTURE_NEAR	frozen	7UTZ	no		394	6dedace6845efaa21a29f1b95f01b291bbbc27a72e2d8835a9ae15b3909c91bb						deposited tip is engineered -- 1 of 21 substitutions from Gs -- but every canonical at the best score is in one family, so family and subtype are unambiguous.
