slug,gpcrdb_slug,gpcrdb_proteins,gpcr_class,species_modal,species_all,n_active,n_inactive,both_state_species_strict,both_state_crossspecies_only,in_our48,in_our40A,in_confornets,cn_test_case,paralog_cluster,our_active,our_inactive,our_active_species,our_inactive_species,our_active_fusion,our_inactive_fusion,our_active_stab,our_inactive_stab,our_active_icl3_missing,our_inactive_icl3_missing,cn_active,cn_inactive,cn_active_species,cn_inactive_species,cn_active_res,cn_inactive_res,cn_active_date,cn_inactive_date,cn_active_method,cn_inactive_method,gdb_species_pair,gdb_active,gdb_active_res,gdb_active_method,gdb_active_date,gdb_inactive,gdb_inactive_res,gdb_inactive_method,gdb_inactive_date,earliest_active_date,earliest_inactive_date,active_post_boltz2,active_post_protenix,active_post_chai,both_post_boltz2,n_agonist_lig,n_agonist_smiles,n_antag_lig,n_antag_smiles,blockc_agonist,blockc_antagonist,blockc_decoy,uniprot_acc,uniprot_entry,protein_name,gene,organism,gpcrdb_primary_protein,cluster_gpcrdb_fam3,our_active_title,our_active_recdesc,our_active_nmut_rcsb,our_active_fiducial,our_active_obsolete,our_active_res_rcsb,our_active_method_rcsb,our_active_release_rcsb,our_active_organism,cn_active_title,cn_active_recdesc,cn_active_nmut_rcsb,cn_active_fusion,cn_active_fiducial,cn_active_obsolete,cn_active_res_rcsb,cn_active_method_rcsb,cn_active_release_rcsb,cn_active_organism,gdb_active_title,gdb_active_recdesc,gdb_active_nmut_rcsb,gdb_active_fusion,gdb_active_fiducial,gdb_active_obsolete,gdb_active_res_rcsb,gdb_active_method_rcsb,gdb_active_release_rcsb,gdb_active_organism,our_inactive_title,our_inactive_recdesc,our_inactive_nmut_rcsb,our_inactive_fiducial,our_inactive_obsolete,our_inactive_res_rcsb,our_inactive_method_rcsb,our_inactive_release_rcsb,our_inactive_organism,cn_inactive_title,cn_inactive_recdesc,cn_inactive_nmut_rcsb,cn_inactive_fusion,cn_inactive_fiducial,cn_inactive_obsolete,cn_inactive_res_rcsb,cn_inactive_method_rcsb,cn_inactive_release_rcsb,cn_inactive_organism,gdb_inactive_title,gdb_inactive_recdesc,gdb_inactive_nmut_rcsb,gdb_inactive_fusion,gdb_inactive_fiducial,gdb_inactive_obsolete,gdb_inactive_res_rcsb,gdb_inactive_method_rcsb,gdb_inactive_release_rcsb,gdb_inactive_organism,agonist_modalities,antagonist_modalities,agonist_example,antagonist_example,tier,tier_note,gdb_active_altres,gdb_inactive_altres,confornets_member,ref_activation_degree,n_mut_active,n_mut_inactive,passes_strict,strict_active_pdb,strict_inactive_pdb,strict_fail_reason
5HT1B,5ht1b,5ht1b_human,A,Homo sapiens,Homo sapiens:5,1,4,1,0,1,1,1,5HT1B,serotonin,6G79,4IAR,human,human,0,1,mini-Ga,BRIL,58,58,6G79,5V54,Homo sapiens,Homo sapiens,3.78,3.9,2018-06-20,2018-02-07,Electron microscopy,X-ray diffraction,Homo sapiens,6G79,3.78,Electron microscopy,2018-06-20,5V54,3.9,X-ray diffraction,2018-02-07,2018-06-20,2013-03-13,0,0,0,0,3,3,2,2,1,1,1,P28222,5HT1B_HUMAN,5-hydroxytryptamine receptor 1B,HTR1B,Homo sapiens (Human),5ht1b_human,001_001_001,Coupling specificity of heterotrimeric Go to the serotonin 5-HT1B receptor,5-hydroxytryptamine receptor 1B,0,0,0,3.78,EM,2018-06-20,Homo sapiens,Coupling specificity of heterotrimeric Go to the serotonin 5-HT1B receptor,5-hydroxytryptamine receptor 1B,0,0,0,0,3.78,EM,2018-06-20,Homo sapiens,Coupling specificity of heterotrimeric Go to the serotonin 5-HT1B receptor,5-hydroxytryptamine receptor 1B,0,0,0,0,3.78,EM,2018-06-20,Homo sapiens,Crystal structure of the chimeric protein of 5-HT1B-BRIL in complex with ergotamine (PSI Community Target),Chimera protein of human 5-hydroxytryptamine receptor 1B and E. Coli soluble cytochrome b562,4,0,0,2.7,X-ray,2013-03-13,Homo sapiens;Escherichia coli;Homo sapiens,Crystal structure of 5-HT1B receptor in complex with methiothepin,"5-hydroxytryptamine receptor 1B,OB-1 fused 5-HT1b receptor,5-hydroxytryptamine receptor 1B",1,0,0,0,3.9,X-ray,2018-02-07,Homo sapiens;Spodoptera frugiperda;Homo sapiens,Crystal structure of 5-HT1B receptor in complex with methiothepin,"5-hydroxytryptamine receptor 1B,OB-1 fused 5-HT1b receptor,5-hydroxytryptamine receptor 1B",1,0,0,0,3.9,X-ray,2018-02-07,Homo sapiens;Spodoptera frugiperda;Homo sapiens,small-molecule,small-molecule,ERM,89F,C1,,6G79,4IAR,TRUE,100,0,1,TRUE,6G79,4IAR,
5HT2A,5ht2a,5ht2a_human,A,Homo sapiens,Homo sapiens:18,4,14,1,0,0,0,1,5HT2A,,,7WC8,,human,,1,,none,,,8UWL,7WC7,Homo sapiens,Homo sapiens,2.8,2.6,2024-05-29,2022-01-26,Electron microscopy,X-ray diffraction,Homo sapiens,8UWL,2.8,Electron microscopy,2024-05-29,7WC7,2.6,X-ray diffraction,2022-01-26,2020-09-23,2019-02-13,0,0,0,0,14,14,4,4,0,0,0,P28223,5HT2A_HUMAN,5-hydroxytryptamine receptor 2A,HTR2A,Homo sapiens (Human),5ht2a_human,001_001_001,,,,,0,,,,,5-HT2AR bound to Lisuride in complex with a mini-Gq protein and an active-state stabilizing single-chain variable fragment (scFv16) obtained by cryo-electron microscopy (cryoEM),5-hydroxytryptamine receptor 2A,0,0,1,0,2.8,EM,2024-05-29,Homo sapiens,5-HT2AR bound to Lisuride in complex with a mini-Gq protein and an active-state stabilizing single-chain variable fragment (scFv16) obtained by cryo-electron microscopy (cryoEM),5-hydroxytryptamine receptor 2A,0,0,1,0,2.8,EM,2024-05-29,Homo sapiens,Crystal structure of serotonin 2A receptor in complex with lumateperone,"5-hydroxytryptamine receptor 2A,5-hydroxytryptamine receptor 2A,Soluble cytochrome b562",7,0,0,2.45,X-ray,2022-01-26,Homo sapiens;Homo sapiens;Homo sapiens,Crystal structure of serotonin 2A receptor in complex with lisuride,"5-hydroxytryptamine receptor 2A,5-hydroxytryptamine receptor 2A,Soluble cytochrome b562",0,1,0,0,2.6,X-ray,2022-01-26,Homo sapiens;Homo sapiens;Homo sapiens,Crystal structure of serotonin 2A receptor in complex with lisuride,"5-hydroxytryptamine receptor 2A,5-hydroxytryptamine receptor 2A,Soluble cytochrome b562",0,1,0,0,2.6,X-ray,2022-01-26,Homo sapiens;Homo sapiens;Homo sapiens,small-molecule,small-molecule,7LD,A1L11,C1|C1r,,8UWL,7WC8,TRUE,100,0,0,TRUE,8UWL,7WC8,
5HT2C,5ht2c,5ht2c_human,A,Homo sapiens,Homo sapiens:7,5,2,1,0,1,1,1,5HT2C,serotonin,8DPF,6BQH,human,human,0,1,none,BRIL,49,49,8DPF,6BQH,Homo sapiens,Homo sapiens,2.84,2.7,2022-08-24,2018-02-14,Electron microscopy,X-ray diffraction,Homo sapiens,8DPF,2.84,Electron microscopy,2022-08-24,6BQH,2.7,X-ray diffraction,2018-02-14,2018-02-14,2018-02-14,0,0,0,0,5,5,2,2,1,0,1,P28335,5HT2C_HUMAN,5-hydroxytryptamine receptor 2C,HTR2C,Homo sapiens (Human),5ht2c_human,001_001_001,Cryo-EM structure of the 5HT2C receptor (INI isoform) bound to lorcaserin,5-hydroxytryptamine receptor 2C,0,1,0,2.84,EM,2022-08-24,Homo sapiens,Cryo-EM structure of the 5HT2C receptor (INI isoform) bound to lorcaserin,5-hydroxytryptamine receptor 2C,0,0,1,0,2.84,EM,2022-08-24,Homo sapiens,Cryo-EM structure of the 5HT2C receptor (INI isoform) bound to lorcaserin,5-hydroxytryptamine receptor 2C,0,0,1,0,2.84,EM,2022-08-24,Homo sapiens,Crystal structure of 5-HT2C in complex with ritanserin,"5-hydroxytryptamine receptor 2C,Soluble cytochrome b562",0,0,0,2.7,X-ray,2018-02-14,Homo sapiens;Escherichia coli;Homo sapiens,Crystal structure of 5-HT2C in complex with ritanserin,"5-hydroxytryptamine receptor 2C,Soluble cytochrome b562",0,1,0,0,2.7,X-ray,2018-02-14,Homo sapiens;Escherichia coli;Homo sapiens,Crystal structure of 5-HT2C in complex with ritanserin,"5-hydroxytryptamine receptor 2C,Soluble cytochrome b562",0,1,0,0,2.7,X-ray,2018-02-14,Homo sapiens;Escherichia coli;Homo sapiens,small-molecule,small-molecule,ERM,A1L10,C1|C1r,,8DPF,6BQH,TRUE,100,0,1,TRUE,8DPF,8ZMF,
5HT5A,5ht5a,5ht5a_human,A,Homo sapiens,Homo sapiens:5,4,1,1,0,1,1,0,,serotonin,7UM5,7UM4,human,human,0,0,scFv,none,35,35,,,,,,,,,,,Homo sapiens,7X5H,3.1,Electron microscopy,2022-09-14,7UM4,2.8,X-ray diffraction,2022-07-20,2022-07-20,2022-07-20,0,1,1,0,4,4,1,1,1,1,1,P47898,5HT5A_HUMAN,5-hydroxytryptamine receptor 5A,HTR5A,Homo sapiens (Human),5ht5a_human,001_001_001,CryoEM structure of Go-coupled 5-HT5AR in complex with 5-CT,5-hydroxytryptamine receptor 5A,1,1,0,2.73,EM,2022-07-20,Homo sapiens,,,,,,0,,,,,Serotonin 5A (5-HT5A) receptor-Gi protein complex,"Soluble cytochrome b562,5-hydroxytryptamine receptor 5A,hydroxytryptamine receptor 5A",0,1,1,0,3.1,EM,2022-09-14,Escherichia coli;Homo sapiens;Homo sapiens,Crystal structure of inactive 5-HT5AR in complex with AS2674723,5-hydroxytryptamine receptor 5A,2,0,0,2.8,X-ray,2022-07-20,Homo sapiens,,,,,,0,,,,,Crystal structure of inactive 5-HT5AR in complex with AS2674723,5-hydroxytryptamine receptor 5A,2,0,0,0,2.8,X-ray,2022-07-20,Homo sapiens,small-molecule,small-molecule,H8G,NN6,C1|H-protenix,,7UM5,7UM4,FALSE,100,0,0,TRUE,7UM5,7UM4,
AA1R,aa1r,aa1r_human,A,Homo sapiens,Homo sapiens:5,3,2,1,0,1,1,1,AA1R,adenosine,7LD3,5UEN,human,human,0,1,none,BRIL,5,5,7LD3,5UEN,Homo sapiens,Homo sapiens,3.2,3.2,2021-09-08,2017-03-01,Electron microscopy,X-ray diffraction,Homo sapiens,7LD3,3.2,Electron microscopy,2021-09-08,5UEN,3.2,X-ray diffraction,2017-03-01,2018-06-20,2017-03-01,0,0,0,0,5,5,1,1,1,1,1,P30542,AA1R_HUMAN,Adenosine receptor A1,ADORA1,Homo sapiens (Human),aa1r_human,001_006_001,Cryo-EM structure of the human adenosine A1 receptor-Gi2-protein complex bound to its endogenous agonist and an allosteric ligand,Chimera protein of Muscarinic acetylcholine receptor M4 and Adenosine receptor A1,0,0,0,3.2,EM,2021-09-08,Homo sapiens;Homo sapiens,Cryo-EM structure of the human adenosine A1 receptor-Gi2-protein complex bound to its endogenous agonist and an allosteric ligand,Chimera protein of Muscarinic acetylcholine receptor M4 and Adenosine receptor A1,0,0,0,0,3.2,EM,2021-09-08,Homo sapiens;Homo sapiens,Cryo-EM structure of the human adenosine A1 receptor-Gi2-protein complex bound to its endogenous agonist and an allosteric ligand,Chimera protein of Muscarinic acetylcholine receptor M4 and Adenosine receptor A1,0,0,0,0,3.2,EM,2021-09-08,Homo sapiens;Homo sapiens,Crystal structure of the human adenosine A1 receptor A1AR-bRIL in complex with the covalent antagonist DU172 at 3.2A resolution,"Adenosine receptor A1,Soluble cytochrome b562,Adenosine receptor A1",0,0,0,3.2,X-ray,2017-03-01,Homo sapiens;Escherichia coli;Homo sapiens,Crystal structure of the human adenosine A1 receptor A1AR-bRIL in complex with the covalent antagonist DU172 at 3.2A resolution,"Adenosine receptor A1,Soluble cytochrome b562,Adenosine receptor A1",0,1,0,0,3.2,X-ray,2017-03-01,Homo sapiens;Escherichia coli;Homo sapiens,Crystal structure of the human adenosine A1 receptor A1AR-bRIL in complex with the covalent antagonist DU172 at 3.2A resolution,"Adenosine receptor A1,Soluble cytochrome b562,Adenosine receptor A1",0,1,0,0,3.2,X-ray,2017-03-01,Homo sapiens;Escherichia coli;Homo sapiens,small-molecule,small-molecule,ADN,DU1,C1,,7LD3,5UEN,TRUE,100,0,1,TRUE,7LD3,5UEN,
AA2AR,aa2ar,aa2ar_human,A,Homo sapiens,Homo sapiens:80,12,68,1,0,1,1,1,AA2AR,adenosine,5G53,5NM4,human,human,0,1,mini-Ga,none,5,5,6GDG,5NM4,Homo sapiens,Homo sapiens,4.11,1.7,2018-05-16,2017-09-27,Electron microscopy,X-ray diffraction,Homo sapiens,8WDT,3.34,X-ray diffraction,2024-01-17,6S0L,2.65,X-ray diffraction,2020-07-15,2011-03-09,2008-10-14,0,0,0,0,14,14,66,65,1,1,1,P29274,AA2AR_HUMAN,Adenosine receptor A2a,ADORA2A,Homo sapiens (Human),aa2ar_human,001_006_001,Structure of the adenosine A2A receptor bound to an engineered G protein,ADENOSINE RECEPTOR A2A,1,0,0,3.4,X-ray,2016-08-03,Homo sapiens,Cryo-EM structure of the adenosine A2A receptor bound to a miniGs heterotrimer,"TrxA,Adenosine receptor A2a",0,0,1,0,4.11,EM,2018-05-16,Escherichia coli;Homo sapiens,Crystal structure of the human adenosine A2A receptor in complex with photoresponsive ligand photoNECA(blue),Adenosine receptor A2a,0,0,1,0,3.34,X-ray,2024-01-17,Homo sapiens,A2A Adenosine receptor room-temperature structure determined by serial femtosecond crystallography,"Adenosine receptor A2a,Soluble cytochrome b562,Adenosine receptor A2a",0,0,0,1.7,X-ray,2017-09-27,Homo sapiens;Escherichia coli;Homo sapiens,A2A Adenosine receptor room-temperature structure determined by serial femtosecond crystallography,"Adenosine receptor A2a,Soluble cytochrome b562,Adenosine receptor A2a",0,1,0,0,1.7,X-ray,2017-09-27,Homo sapiens;Escherichia coli;Homo sapiens,Structure of the A2A adenosine receptor determined at SwissFEL using native-SAD at 4.57 keV from all available diffraction patterns,A2a adenosine receptor,0,0,0,0,2.65,X-ray,2020-07-15,Homo sapiens,small-molecule,small-molecule,ADN,T4E,C1,,2YDV,5NM4,TRUE,69,0,0,TRUE,5G53,4EIY,
ACM1,acm1,acm1_human,A,Homo sapiens,Homo sapiens:6,1,5,1,0,1,1,0,,muscarinic,,6ZFZ,,human,,0,,T4L,,128,,,,,,,,,,,Homo sapiens,6OIJ,3.3,Electron microscopy,2019-05-08,6WJC,2.55,X-ray diffraction,2020-07-08,2019-05-08,2016-03-09,0,0,0,0,4,4,2,2,1,1,1,P11229,ACM1_HUMAN,Muscarinic acetylcholine receptor M1,CHRM1,Homo sapiens (Human),acm1_human,001_001_002,,,,,0,,,,,,,,,,0,,,,,Muscarinic acetylcholine receptor 1-G11 protein complex,Muscarinic acetylcholine receptor M1,2,0,1,0,3.3,EM,2019-05-08,Homo sapiens;Homo sapiens,Structure of M1-StaR-T4L in complex with 77-LH-28-1 at 2.17A,"Muscarinic acetylcholine receptor M1,Endolysin,Muscarinic acetylcholine receptor M1",12,0,0,2.17,X-ray,2021-10-06,Homo sapiens;Tequatrovirus T4;Homo sapiens,,,,,,0,,,,,Muscarinic acetylcholine receptor 1 - muscarinic toxin 7 complex,"Muscarinic acetylcholine receptor M1,Endolysin fusion",0,1,0,0,2.55,X-ray,2020-07-08,Homo sapiens;Tequatrovirus T4;Homo sapiens,small-molecule,small-molecule,QK2,OIN,C1,,6OIJ,6ZFZ,FALSE,100,3,3,FALSE,,,no Active with degree=100 and <=1 mutation
ACM2,acm2,acm2_human,A,Homo sapiens,Homo sapiens:14,8,6,1,0,1,1,1,ACM2,muscarinic,7T94,5ZKC,human,human,0,1,scFv,none,152,152,7T94,5ZK8,Homo sapiens,Homo sapiens,3.16,3.0,2023-01-25,2018-11-21,Electron microscopy,X-ray diffraction,Homo sapiens,7T94,3.16,Electron microscopy,2023-01-25,5ZK8,3.0,X-ray diffraction,2018-11-21,2013-11-27,2012-02-01,0,0,0,0,9,9,6,6,1,1,1,P08172,ACM2_HUMAN,Muscarinic acetylcholine receptor M2,CHRM2,Homo sapiens (Human),acm2_human,001_001_002,Cryo-EM structure of S1 state ACh-bound M2R-Go signaling complex with a PAM,"Muscarinic acetylcholine receptor M2,muscarinic acetylcholine receptor M2 chimera",0,1,0,3.16,EM,2023-01-25,Homo sapiens;Homo sapiens,Cryo-EM structure of S1 state ACh-bound M2R-Go signaling complex with a PAM,"Muscarinic acetylcholine receptor M2,muscarinic acetylcholine receptor M2 chimera",0,0,1,0,3.16,EM,2023-01-25,Homo sapiens;Homo sapiens,Cryo-EM structure of S1 state ACh-bound M2R-Go signaling complex with a PAM,"Muscarinic acetylcholine receptor M2,muscarinic acetylcholine receptor M2 chimera",0,0,1,0,3.16,EM,2023-01-25,Homo sapiens;Homo sapiens,Crystal structure of rationally thermostabilized M2 muscarinic acetylcholine receptor bound with NMS,"Muscarinic acetylcholine receptor M2,Apo-cytochrome b562,Muscarinic acetylcholine receptor M2",1,0,0,2.3,X-ray,2018-11-21,Homo sapiens;Homo sapiens;Homo sapiens,Crystal structure of M2 muscarinic acetylcholine receptor bound with NMS,"Muscarinic acetylcholine receptor M2,Redesigned apo-cytochrome b562,Muscarinic acetylcholine receptor M2",0,1,0,0,3.0,X-ray,2018-11-21,Homo sapiens;Homo sapiens;Homo sapiens,Crystal structure of M2 muscarinic acetylcholine receptor bound with NMS,"Muscarinic acetylcholine receptor M2,Redesigned apo-cytochrome b562,Muscarinic acetylcholine receptor M2",0,1,0,0,3.0,X-ray,2018-11-21,Homo sapiens;Homo sapiens;Homo sapiens,small-molecule,small-molecule,ACH,3C0,C1,,7T94,5ZKC,TRUE,100,2,0,TRUE,6U1N,5ZKC,
ACM3,acm3,acm3_human;acm3_rat,A,Rattus norvegicus,Rattus norvegicus:5;Homo sapiens:4,4,5,0,1,0,0,1,ACM3,,8E9Z,,human,,0,,scFv,,,,8E9Z,4U15,Homo sapiens,Rattus norvegicus,2.69,2.8,2022-11-30,2014-11-26,Electron microscopy,X-ray diffraction,,,,,,,,,,2022-11-30,2012-02-22,0,1,1,0,4,4,5,5,0,0,0,P20309,ACM3_HUMAN,Muscarinic acetylcholine receptor M3,CHRM3,Homo sapiens (Human),acm3_human,001_001_002,CryoEM structure of miniGq-coupled hM3R in complex with Iperoxo,Muscarinic acetylcholine receptor M3,0,1,0,2.69,EM,2022-11-30,Homo sapiens;Homo sapiens,CryoEM structure of miniGq-coupled hM3R in complex with Iperoxo,Muscarinic acetylcholine receptor M3,0,0,1,0,2.69,EM,2022-11-30,Homo sapiens;Homo sapiens,,,,,,,,,,,,,,,0,,,,,M3-mT4L receptor bound to tiotropium,"Muscarinic acetylcholine receptor M3,Lysozyme,Muscarinic acetylcholine receptor M3",0,1,0,0,2.8,X-ray,2014-11-26,Rattus norvegicus;Tequatrovirus T4;Rattus norvegicus,,,,,,,,,,,,,,,X,Class A but both states only under cross-species pairing,,,TRUE,NO_REFERENCE,NO_REFERENCE,NO_REFERENCE,FALSE,,,no Active and Inactive for one UniProt entry
ACM4,acm4,acm4_human,A,Homo sapiens,Homo sapiens:11,9,2,1,0,1,1,1,ACM4,muscarinic,7TRP,5DSG,human,human,0,0,scFv,T4L,83,152,7TRP,5DSG,Homo sapiens,Homo sapiens,2.4,2.6,2023-05-17,2016-03-16,Electron microscopy,X-ray diffraction,Homo sapiens,7TRP,2.4,Electron microscopy,2023-05-17,5DSG,2.6,X-ray diffraction,2016-03-16,2022-05-11,2016-03-16,0,1,1,0,8,8,1,1,1,1,1,P08173,ACM4_HUMAN,Muscarinic acetylcholine receptor M4,CHRM4,Homo sapiens (Human),acm4_human,001_001_002,Human M4 muscarinic acetylcholine receptor complex with Gi1 and the agonist iperoxo and positive allosteric modulator LY2033298,Muscarinic acetylcholine receptor M4,0,1,0,2.4,EM,2023-05-17,Homo sapiens;Homo sapiens,Human M4 muscarinic acetylcholine receptor complex with Gi1 and the agonist iperoxo and positive allosteric modulator LY2033298,Muscarinic acetylcholine receptor M4,0,0,1,0,2.4,EM,2023-05-17,Homo sapiens;Homo sapiens,Human M4 muscarinic acetylcholine receptor complex with Gi1 and the agonist iperoxo and positive allosteric modulator LY2033298,Muscarinic acetylcholine receptor M4,0,0,1,0,2.4,EM,2023-05-17,Homo sapiens;Homo sapiens,Structure of the M4 muscarinic acetylcholine receptor (M4-mT4L) bound to tiotropium,"Muscarinic acetylcholine receptor M4,Endolysin,Endolysin,Muscarinic acetylcholine receptor M4",0,0,0,2.6,X-ray,2016-03-16,Homo sapiens;Tequatrovirus T4;Tequatrovirus T4;Homo sapiens,Structure of the M4 muscarinic acetylcholine receptor (M4-mT4L) bound to tiotropium,"Muscarinic acetylcholine receptor M4,Endolysin,Endolysin,Muscarinic acetylcholine receptor M4",0,0,0,0,2.6,X-ray,2016-03-16,Homo sapiens;Tequatrovirus T4;Tequatrovirus T4;Homo sapiens,Structure of the M4 muscarinic acetylcholine receptor (M4-mT4L) bound to tiotropium,"Muscarinic acetylcholine receptor M4,Endolysin,Endolysin,Muscarinic acetylcholine receptor M4",0,1,0,0,2.6,X-ray,2016-03-16,Homo sapiens;Tequatrovirus T4;Tequatrovirus T4;Homo sapiens,small-molecule,small-molecule,IXO,0HK,C1|C1r|H-protenix,,7TRP,5DSG,TRUE,100,0,0,TRUE,7TRP,5DSG,
ADA1A,ada1a,ada1a_human,A,Homo sapiens,Homo sapiens:6,4,2,1,0,0,0,1,ADA1A,,,8HN1,,human,,0,,nanobody,,,8THK,8HN1,Homo sapiens,Homo sapiens,2.6,2.9,2023-08-16,2023-12-20,Electron microscopy,Electron microscopy,Homo sapiens,7YM8,2.92,Electron microscopy,2023-07-05,8HN1,2.9,Electron microscopy,2023-12-20,2023-07-05,2023-07-05,1,1,1,1,4,4,2,1,0,0,0,P35348,ADA1A_HUMAN,Alpha-1A adrenergic receptor,ADRA1A,Homo sapiens (Human),ada1a_human,001_001_003,,,,,0,,,,,Cryo-EM structure of A61603-bound alpha-1A-adrenergic receptor in complex with heterotrimeric Gq-protein,"Endolysin,Alpha-1A adrenergic receptor",0,0,1,0,2.6,EM,2023-08-16,Tequatrovirus T4;Homo sapiens,Cryo-EM structure of Nb29-alpha1AAR-miniGsq complex bound to oxymetazoline,alpha1A adrenergic receptor,0,0,1,0,2.92,EM,2023-07-05,Homo sapiens,Cryo-EM structure of AdTx1-alpha1AAR-Nb6,Alpha-1A adrenergic receptor,0,1,0,2.9,EM,2023-12-20,Homo sapiens,Cryo-EM structure of AdTx1-alpha1AAR-Nb6,Alpha-1A adrenergic receptor,0,0,1,0,2.9,EM,2023-12-20,Homo sapiens,Cryo-EM structure of AdTx1-alpha1AAR-Nb6,Alpha-1A adrenergic receptor,0,0,1,0,2.9,EM,2023-12-20,Homo sapiens,small-molecule,peptide;small-molecule,E5E,JGX,C1|C1r|H-protenix|H-boltz2|H-boltz2-both,,8THK,8HN1,TRUE,100,0,0,TRUE,8THK,8HN1,
ADA2A,ada2a,ada2a_human,A,Homo sapiens,Homo sapiens:10,8,2,1,0,1,1,1,ADA2A,adrenergic_alpha,,6KUX,,human,,0,,none,,32,9CBL,6KUX,Homo sapiens,Homo sapiens,2.8,2.7,2024-09-11,2019-12-04,Electron microscopy,X-ray diffraction,Homo sapiens,7EJ8,3.0,Electron microscopy,2022-04-13,6KUX,2.7,X-ray diffraction,2019-12-04,2022-04-13,2019-12-04,0,1,1,0,9,9,1,1,1,0,1,P08913,ADA2A_HUMAN,Alpha-2A adrenergic receptor,ADRA2A,Homo sapiens (Human),ada2a_human,001_001_003,,,,,0,,,,,Cryo-EM structure of epinephrine-bound alpha-2A-adrenergic receptor in complex with heterotrimeric Gi-protein,"Endolysin,Alpha-2A adrenergic receptor",0,0,0,0,2.8,EM,2024-09-11,Tequatrovirus T4;Homo sapiens;Homo sapiens,Structure of the alpha2A-adrenergic receptor GoA signaling complex bound to brimonidine,Alpha-2A adrenergic receptor,0,0,1,0,3.0,EM,2022-04-13,Homo sapiens,Crystal structures of the alpha2A adrenergic receptor in complex with an antagonist RSC.,alpha2A adrenergic receptor,0,0,0,2.7,X-ray,2019-12-04,Homo sapiens,Crystal structures of the alpha2A adrenergic receptor in complex with an antagonist RSC.,alpha2A adrenergic receptor,0,0,0,0,2.7,X-ray,2019-12-04,Homo sapiens,Crystal structures of the alpha2A adrenergic receptor in complex with an antagonist RSC.,alpha2A adrenergic receptor,0,0,0,0,2.7,X-ray,2019-12-04,Homo sapiens,small-molecule,small-molecule,J59,E3F,C1|C1r|H-protenix,,9CBL,6KUX,TRUE,100,0,0,TRUE,9CBL,6KUX,
ADRB1,adrb1,adrb1_human;adrb1_melga,A,Meleagris gallopavo,Meleagris gallopavo:30;Homo sapiens:4,15,19,1,0,1,1,1,ADRB1,adrenergic_beta,,7BVQ,,human,,0,,none,,0,8DCS,4BVN,Meleagris gallopavo,Meleagris gallopavo,2.5,2.1,2022-07-27,2014-04-02,Electron microscopy,X-ray diffraction,Homo sapiens,7BU7,2.6,X-ray diffraction,2020-12-02,7BVQ,2.5,X-ray diffraction,2020-12-02,2018-10-17,2008-06-24,0,0,0,0,20,20,13,12,1,0,1,P08588,ADRB1_HUMAN,Beta-1 adrenergic receptor,ADRB1,Homo sapiens (Human),adrb1_human,001_001_003,,,,,0,,,,,Cryo-EM structure of cyanopindolol-bound beta1-adrenergic receptor in complex with heterotrimeric Gs-protein,"Endolysin,Endolysin,Beta-1 adrenergic receptor chimera",0,0,1,0,2.5,EM,2022-07-27,Meleagris gallopavo;Meleagris gallopavo,Structure of human beta1 adrenergic receptor bound to BI-167107 and nanobody 6B9,"Endolysin,Endolysin,Beta-1 adrenergic receptor chimera",2,1,1,0,2.6,X-ray,2020-12-02,Tequatrovirus T4;Homo sapiens,Structure of human beta1 adrenergic receptor bound to carazolol,"Endolysin,Beta-1 adrenergic receptor chimera",2,0,0,2.5,X-ray,2020-12-02,Tequatrovirus T4;Homo sapiens,Ultra-thermostable beta1-adrenoceptor with cyanopindolol bound,BETA-1 ADRENERGIC RECEPTOR,1,0,0,0,2.1,X-ray,2014-04-02,Meleagris gallopavo,Structure of human beta1 adrenergic receptor bound to carazolol,"Endolysin,Beta-1 adrenergic receptor chimera",2,1,0,0,2.5,X-ray,2020-12-02,Tequatrovirus T4;Homo sapiens,small-molecule,small-molecule,E5E,P32,C1|C1r,,7BU7,7BVQ,TRUE,99,0,0,FALSE,,,no Active with degree=100 and <=1 mutation
ADRB2,adrb2,adrb2_human,A,Homo sapiens,Homo sapiens:123,96,27,1,0,1,1,1,ADRB2,adrenergic_beta,4LDE,6PS2,human,human,1,1,nanobody,none,0,24,8GG0,6PS2,Homo sapiens,Homo sapiens,2.9,2.4,2024-03-06,2019-11-13,Electron microscopy,X-ray diffraction,Homo sapiens,8GG0,2.9,Electron microscopy,2024-03-06,2R4R,3.4,X-ray diffraction,2007-11-06,2011-01-19,2007-10-30,0,0,0,0,98,98,26,25,1,1,1,P07550,ADRB2_HUMAN,Beta-2 adrenergic receptor,ADRB2,Homo sapiens (Human),adrb2_human,001_001_003,Structure of beta2 adrenoceptor bound to BI167107 and an engineered nanobody,"Lysozyme, Beta-2 adrenergic receptor",6,1,0,2.79,X-ray,2013-09-25,Tequatrovirus T4;Homo sapiens;Homo sapiens,CryoEM structure of beta-2-adrenergic receptor in complex with GTP-bound Gs heterotrimer (transition intermediate #6 of 20),Beta-2 adrenergic receptor,0,0,0,0,2.9,EM,2024-03-06,Homo sapiens,CryoEM structure of beta-2-adrenergic receptor in complex with GTP-bound Gs heterotrimer (transition intermediate #6 of 20),Beta-2 adrenergic receptor,0,0,0,0,2.9,EM,2024-03-06,Homo sapiens,XFEL beta2 AR structure by ligand exchange from Timolol to Alprenolol.,Fusion protein of Beta-2 adrenergic receptor and T4 Lysozyme,0,0,0,2.4,X-ray,2019-11-13,Homo sapiens;Tequatrovirus T4;Homo sapiens,XFEL beta2 AR structure by ligand exchange from Timolol to Alprenolol.,Fusion protein of Beta-2 adrenergic receptor and T4 Lysozyme,0,1,0,0,2.4,X-ray,2019-11-13,Homo sapiens;Tequatrovirus T4;Homo sapiens,Crystal structure of the human beta2 adrenoceptor,Beta-2 adrenergic receptor,0,0,1,0,3.4,X-ray,2007-11-06,Homo sapiens,small-molecule,small-molecule,P0G,CAU,C1,,4LDE,2RH1,TRUE,100,0,2,TRUE,8GG0,8JJO,
AGRE5,agre5,agre5_human,B2,Homo sapiens,Homo sapiens:6,5,1,1,0,0,0,1,AGRE5,,,,,,,,,,,,8IKL,8IKJ,Homo sapiens,Homo sapiens,2.33,3.2,2024-01-24,2024-02-14,Electron microscopy,Electron microscopy,Homo sapiens,8IKL,2.33,Electron microscopy,2024-01-24,8IKJ,3.2,Electron microscopy,2024-02-14,2023-07-12,2024-02-14,1,1,1,1,0,0,0,0,0,0,0,P48960,AGRE5_HUMAN,Adhesion G protein-coupled receptor E5,ADGRE5,Homo sapiens (Human),agre5_human,003_001_002,,,,,0,,,,,Cryo-EM structure of the CD97-G13 complex,Adhesion G protein-coupled receptor E5,0,0,0,0,2.33,EM,2024-01-24,Homo sapiens,Cryo-EM structure of the CD97-G13 complex,Adhesion G protein-coupled receptor E5,0,0,0,0,2.33,EM,2024-01-24,Homo sapiens,,,,,0,,,,,Cryo-EM structure of the inactive CD97,"Adhesion G protein-coupled receptor E5,Soluble cytochrome b562,Adhesion G protein-coupled receptor E5 subunit beta",0,1,0,0,3.2,EM,2024-02-14,Homo sapiens;Escherichia coli;Homo sapiens,Cryo-EM structure of the inactive CD97,"Adhesion G protein-coupled receptor E5,Soluble cytochrome b562,Adhesion G protein-coupled receptor E5 subunit beta",0,1,0,0,3.2,EM,2024-02-14,Homo sapiens;Escherichia coli;Homo sapiens,,,,,E-scope,,8IKL,8IKJ,TRUE,100,0,0,TRUE,8IKL,8IKJ,
AGTR1,agtr1,agtr1_human,A,Homo sapiens,Homo sapiens:9,5,4,1,0,1,1,0,,angiotensin,6OS2,4ZUD,human,human,1,1,nanobody,BRIL,3,7,,,,,,,,,,,Homo sapiens,6OS2,2.7,X-ray diffraction,2020-02-19,8TH3,3.0,Electron microscopy,2024-05-22,2019-01-30,2015-04-22,0,0,0,0,5,1,4,2,1,1,1,P30556,AGTR1_HUMAN,Type-1 angiotensin II receptor,AGTR1,Homo sapiens (Human),agtr1_human,001_002_001,Structure of synthetic nanobody-stabilized angiotensin II type 1 receptor bound to TRV026,"Type-1 angiotensin II receptor,Soluble cytochrome b562 BRIL fusion protein",0,1,0,2.7,X-ray,2020-02-19,Homo sapiens;Escherichia coli;Homo sapiens,,,,,,0,,,,,Structure of synthetic nanobody-stabilized angiotensin II type 1 receptor bound to TRV026,"Type-1 angiotensin II receptor,Soluble cytochrome b562 BRIL fusion protein",0,1,1,0,2.7,X-ray,2020-02-19,Homo sapiens;Escherichia coli;Homo sapiens,Crystal Structure of Human Angiotensin Receptor in Complex with Inverse Agonist Olmesartan at 2.8A resolution.,Chimera protein of Soluble cytochrome b562 and Type-1 angiotensin II receptor,3,0,0,2.8,X-ray,2015-10-07,Escherichia coli;Homo sapiens;Homo sapiens,,,,,,0,,,,,Structure of AT118-H Nanobody Antagonist in Complex with the Angiotensin II Type I Receptor,"AT118-H nanobody, Type-1 angiotensin II receptor, Soluble cytochrome b562 complex",0,1,1,0,3.0,EM,2024-05-22,Camelidae;Homo sapiens;Escherichia coli;Homo sapiens,peptide;protein,protein;small-molecule,CHEMBL404594,OLM,C1|C1r,,6OS2,4ZUD,FALSE,93,0,0,TRUE,7F6G,4ZUD,
APJ,apj,apj_human,A,Homo sapiens,Homo sapiens:14,10,4,1,0,1,1,0,,apelin,8XZH,8S4D,human,human,0,1,none,none,0,2,,,,,,,,,,,Homo sapiens,8XZH,2.6,Electron microscopy,2024-03-20,5VBL,2.6,X-ray diffraction,2017-05-31,2022-07-27,2017-05-31,0,1,1,0,14,5,0,0,1,0,1,P35414,APJ_HUMAN,Apelin receptor,APLNR,Homo sapiens (Human),apj_human,001_002_002,Cryo-EM structure of the MM07-bound human APLNR-Gi complex,Apelin receptor,0,1,0,2.6,EM,2024-03-20,Homo sapiens,,,,,,0,,,,,Cryo-EM structure of the MM07-bound human APLNR-Gi complex,Apelin receptor,0,0,1,0,2.6,EM,2024-03-20,Homo sapiens,Crystal structure of a peptidergic GPCR in complex with a small synthetic G protein-biased agonist,"Apelin receptor,Soluble cytochrome b562",9,0,0,2.584,X-ray,2024-12-04,Homo sapiens;Escherichia coli O139:H28 str. E24377A;Homo sapiens,,,,,,0,,,,,Structure of apelin receptor in complex with agonist peptide,"Apelin receptor,Rubredoxin,Apelin receptor Chimera",5,1,0,0,2.6,X-ray,2017-05-31,Homo sapiens;Clostridium pasteurianum;Homo sapiens,peptide;protein;small-molecule,,A1D5N,,C1|C1r|H-protenix,,8XZH,8S4D,FALSE,100,0,5,TRUE,8XZH,8S4D,
B1B1U5,b1b1u5,b1b1u5_9arac,A,Hasarius adansoni,Hasarius adansoni:4,3,1,1,0,1,1,1,B1B1U5,opsin_invertebrate_jsr1,9EPR,6I9K,9arac,9arac,0,0,none,none,0,6,9EPP,6I9K,Hasarius adansoni,Hasarius adansoni,4.06,2.15,2024-10-23,2019-07-03,Electron microscopy,X-ray diffraction,Hasarius adansoni,9EPP,4.06,Electron microscopy,2024-10-23,6I9K,2.15,X-ray diffraction,2019-07-03,2024-10-23,2019-07-03,1,1,1,0,3,3,1,1,0,0,0,B1B1U5,B1B1U5_9ARAC,Kumopsin1,HaRh1,Hasarius adansoni,b1b1u5_9arac,001_009_001_inv,Cryo-EM Structure of Jumping Spider Rhodopsin-1 bound to a Gi heterotrimer,Kumopsin1,0,0,0,4.9,EM,2024-10-30,Hasarius adansoni,Cryo-EM Structure of Jumping Spider Rhodopsin-1 bound to a Giq heterotrimer,Kumopsin1,0,0,0,0,4.06,EM,2024-10-23,Hasarius adansoni,Cryo-EM Structure of Jumping Spider Rhodopsin-1 bound to a Giq heterotrimer,Kumopsin1,0,0,0,0,4.06,EM,2024-10-23,Hasarius adansoni,Crystal structure of Jumping Spider Rhodopsin-1 bound to 9-cis retinal,Kumopsin1,1,0,0,2.145,X-ray,2019-07-03,Hasarius adansoni,Crystal structure of Jumping Spider Rhodopsin-1 bound to 9-cis retinal,Kumopsin1,1,0,0,0,2.145,X-ray,2019-07-03,Hasarius adansoni,Crystal structure of Jumping Spider Rhodopsin-1 bound to 9-cis retinal,Kumopsin1,1,0,0,0,2.145,X-ray,2019-07-03,Hasarius adansoni,small-molecule,small-molecule,RET,RET,C1|H-protenix|H-boltz2,,9EPP,6I9K,TRUE,100,0,0,TRUE,9EPP,6I9K,
C5AR1,c5ar1,c5ar1_human;c5ar1_mouse,A,Homo sapiens,Homo sapiens:10;Mus musculus:2,9,3,1,0,0,0,0,,,,,,,,,,,,,,,,,,,,,,,Homo sapiens,7Y66,2.9,Electron microscopy,2023-03-01,6C1R,2.2,X-ray diffraction,2018-05-30,2023-03-01,2018-01-10,0,1,1,0,9,0,3,1,0,0,0,P21730,C5AR1_HUMAN,C5a anaphylatoxin chemotactic receptor 1,C5AR1,Homo sapiens (Human),c5ar1_human,001_002_006,,,,,0,,,,,,,,,,0,,,,,Cryo-EM structure of BM213-bound C5aR1 in complex with Gi protein,C5a anaphylatoxin chemotactic receptor 1,0,0,1,0,2.9,EM,2023-03-01,Homo sapiens,,,,,0,,,,,,,,,,0,,,,,Crystal structure of human C5a receptor in complex with an orthosteric antagonist PMX53 and an allosteric antagonist avacopan,"Soluble cytochrome b562, C5a anaphylatoxin chemotactic receptor 1 chimera",3,1,0,0,2.2,X-ray,2018-05-30,Escherichia coli;Homo sapiens,peptide,peptide;small-molecule,C5a,9P2,C1|C1r|H-protenix,,7Y67,6C1R,FALSE,100,0,0,TRUE,7Y67,6C1R,
CALRL,calrl,calrl_human,B1,Homo sapiens,Homo sapiens:6,4,2,1,0,0,0,1,CALRL,,,,,,,,,,,,6UVA,7KNT,Homo sapiens,Homo sapiens,2.3,3.15,2020-04-01,2021-02-24,Electron microscopy,Electron microscopy,Homo sapiens,6UVA,2.3,Electron microscopy,2020-04-01,7KNT,3.15,Electron microscopy,2021-02-24,2018-09-19,2021-02-24,0,0,0,0,5,0,0,0,0,0,0,Q16602,CALRL_HUMAN,Calcitonin gene-related peptide type 1 receptor,CALCRL,Homo sapiens (Human),calrl_human,002_001_001,,,,,0,,,,,CryoEM Structure of the active Adrenomedullin 2 receptor G protein complex with adrenomedullin 2 peptide,Calcitonin gene-related peptide type 1 receptor,0,0,1,0,2.3,EM,2020-04-01,Homo sapiens,CryoEM Structure of the active Adrenomedullin 2 receptor G protein complex with adrenomedullin 2 peptide,Calcitonin gene-related peptide type 1 receptor,0,0,1,0,2.3,EM,2020-04-01,Homo sapiens,,,,,0,,,,,CryoEM structure of the apo-CGRP receptor in a detergent micelle,Calcitonin gene-related peptide type 1 receptor,0,0,0,0,3.15,EM,2021-02-24,Homo sapiens,CryoEM structure of the apo-CGRP receptor in a detergent micelle,Calcitonin gene-related peptide type 1 receptor,0,0,0,0,3.15,EM,2021-02-24,Homo sapiens,peptide,,Calcitonin gene-related peptide 1,,E-B1,,6UVA,7KNT,TRUE,100,0,0,TRUE,6UVA,7KNT,
CCKAR,cckar,cckar_human,A,Homo sapiens,Homo sapiens:12,9,3,1,0,1,1,1,CCKAR,cholecystokinin,,7F8Y,,human,,0,,none,,55,7MBX,7F8U,Homo sapiens,Homo sapiens,1.95,2.8,2021-05-26,2021-10-13,Electron microscopy,X-ray diffraction,Homo sapiens,7MBX,1.95,Electron microscopy,2021-05-26,7F8U,2.8,X-ray diffraction,2021-10-13,2021-05-26,2021-10-13,0,0,1,0,10,5,2,2,1,1,1,P32238,CCKAR_HUMAN,Cholecystokinin receptor type A,CCKAR,Homo sapiens (Human),cckar_human,001_002_005,,,,,0,,,,,Human Cholecystokinin 1 receptor (CCK1R) Gs complex,Cholecystokinin receptor type A,0,0,1,0,1.95,EM,2021-05-26,Homo sapiens,Human Cholecystokinin 1 receptor (CCK1R) Gs complex,Cholecystokinin receptor type A,0,0,1,0,1.95,EM,2021-05-26,Homo sapiens,Crystal structure of the cholecystokinin receptor CCKAR in complex with devazepide,fusion protein of Cholecystokinin receptor type A and Endolysin,6,0,0,2.5,X-ray,2021-10-13,Homo sapiens;Tequatrovirus T4;Homo sapiens,Crystal structure of the cholecystokinin receptor CCKAR in complex with lintitript,Fusion protein of Cholecystokinin receptor type A and Endolysin,0,0,0,0,2.8,X-ray,2021-10-13,Homo sapiens;Tequatrovirus T4;Homo sapiens,Crystal structure of the cholecystokinin receptor CCKAR in complex with lintitript,Fusion protein of Cholecystokinin receptor type A and Endolysin,0,1,0,0,2.8,X-ray,2021-10-13,Homo sapiens;Tequatrovirus T4;Homo sapiens,peptide;protein;small-molecule,small-molecule,IA1,1OZ,C1|C1r,,7MBX,7F8Y,TRUE,100,0,0,TRUE,7MBX,7F8Y,
CCR2,ccr2,ccr2_human,A,Homo sapiens,Homo sapiens:4,1,3,1,0,0,0,1,CCR2,,7XA3,,human,,0,,none,,,,7XA3,6GPX,Homo sapiens,Homo sapiens,2.9,2.7,2022-08-24,2019-01-02,Electron microscopy,X-ray diffraction,Homo sapiens,7XA3,2.9,Electron microscopy,2022-08-24,6GPX,2.7,X-ray diffraction,2019-01-02,2022-08-24,2016-12-14,0,1,1,0,1,0,4,4,0,0,0,P41597,CCR2_HUMAN,C-C chemokine receptor type 2,CCR2,Homo sapiens (Human),ccr2_human,001_003_002,Cryo-EM structure of the CCL2 bound CCR2-Gi complex,Isoform B of C-C chemokine receptor type 2,0,1,0,2.9,EM,2022-08-24,Homo sapiens,Cryo-EM structure of the CCL2 bound CCR2-Gi complex,Isoform B of C-C chemokine receptor type 2,0,0,1,0,2.9,EM,2022-08-24,Homo sapiens,Cryo-EM structure of the CCL2 bound CCR2-Gi complex,Isoform B of C-C chemokine receptor type 2,0,0,1,0,2.9,EM,2022-08-24,Homo sapiens,,,,,0,,,,,CRYSTAL STRUCTURE OF CCR2A IN COMPLEX WITH MK-0812,"C-C chemokine receptor type 2,Rubredoxin,C-C chemokine receptor type 2",0,1,0,0,2.7,X-ray,2019-01-02,Homo sapiens;Clostridium pasteurianum;Homo sapiens,CRYSTAL STRUCTURE OF CCR2A IN COMPLEX WITH MK-0812,"C-C chemokine receptor type 2,Rubredoxin,C-C chemokine receptor type 2",0,1,0,0,2.7,X-ray,2019-01-02,Homo sapiens;Clostridium pasteurianum;Homo sapiens,peptide,small-molecule,C-C motif chemokine 2,F7N,C1|C1r|H-protenix,,7XA3,6GPX,TRUE,100,0,0,TRUE,7XA3,6GPX,
CCR5,ccr5,ccr5_human,A,Homo sapiens,Homo sapiens:11,4,7,1,0,1,1,1,CCR5,chemokine_ccr,7F1S,5UIW,human,human,0,1,none,none,0,1,7O7F,6MEO,Homo sapiens,Homo sapiens,3.15,3.9,2021-06-30,2018-12-12,Electron microscopy,Electron microscopy,Homo sapiens,7O7F,3.15,Electron microscopy,2021-06-30,6MEO,3.9,Electron microscopy,2018-12-12,2021-06-30,2013-09-11,0,0,1,0,4,0,6,3,1,1,1,P51681,CCR5_HUMAN,C-C chemokine receptor type 5,CCR5,Homo sapiens (Human),ccr5_human,001_003_002,Cryo-EM structure of the apo chemokine receptor CCR5 in complex with Gi,C-C chemokine receptor type 5,1,0,0,2.8,EM,2021-07-14,Homo sapiens,Structural basis of the activation of the CC chemokine receptor 5 by a chemokine agonist,C-C chemokine receptor type 5,0,0,1,0,3.15,EM,2021-06-30,Homo sapiens,Structural basis of the activation of the CC chemokine receptor 5 by a chemokine agonist,C-C chemokine receptor type 5,0,0,1,0,3.15,EM,2021-06-30,Homo sapiens,Crystal Structure of CC Chemokine Receptor 5 (CCR5) in complex with high potency HIV entry inhibitor 5P7-CCL5,"C-C chemokine receptor type 5,Rubredoxin chimera",4,0,0,2.204,X-ray,2017-06-28,Homo sapiens;Clostridium pasteurianum;Homo sapiens,Structural basis of coreceptor recognition by HIV-1 envelope spike,C-C chemokine receptor type 5,0,0,0,0,3.9,EM,2018-12-12,Homo sapiens,Structural basis of coreceptor recognition by HIV-1 envelope spike,C-C chemokine receptor type 5,0,0,0,0,3.9,EM,2018-12-12,Homo sapiens,peptide,protein;small-molecule,CCL3,A4X,C1,,7F1S,5UIW,TRUE,100,0,0,TRUE,7O7F,6MEO,
CCR6,ccr6,ccr6_human,A,Homo sapiens,Homo sapiens:3,1,2,1,0,0,0,1,CCR6,,6WWZ,,human,,0,,scFv,,,,6WWZ,9D3G,Homo sapiens,Homo sapiens,3.34,3.26,2020-06-24,2024-09-11,Electron microscopy,Electron microscopy,Homo sapiens,6WWZ,3.34,Electron microscopy,2020-06-24,9D3G,3.26,Electron microscopy,2024-09-11,2020-06-24,2024-09-11,0,0,0,0,1,0,3,2,0,0,0,P51684,CCR6_HUMAN,C-C chemokine receptor type 6,CCR6,Homo sapiens (Human),ccr6_human,001_003_002,Cryo-EM structure of the human chemokine receptor CCR6 in complex with CCL20 and a Go protein,"C-C chemokine receptor type 6,C-C chemokine receptor type 6",0,1,0,3.34,EM,2020-06-24,Homo sapiens;Homo sapiens,Cryo-EM structure of the human chemokine receptor CCR6 in complex with CCL20 and a Go protein,"C-C chemokine receptor type 6,C-C chemokine receptor type 6",0,0,1,0,3.34,EM,2020-06-24,Homo sapiens;Homo sapiens,Cryo-EM structure of the human chemokine receptor CCR6 in complex with CCL20 and a Go protein,"C-C chemokine receptor type 6,C-C chemokine receptor type 6",0,0,1,0,3.34,EM,2020-06-24,Homo sapiens;Homo sapiens,,,,,0,,,,,Cryo-EM structure of CCR6 bound by SQA1 and OXM1,"CCR6, Soluble cytochrome b562",0,1,1,0,3.26,EM,2024-09-11,Homo sapiens,Cryo-EM structure of CCR6 bound by SQA1 and OXM1,"CCR6, Soluble cytochrome b562",0,1,1,0,3.26,EM,2024-09-11,Homo sapiens,peptide,small-molecule,CCL20,EBX,C1,,6WWZ,9D3E,TRUE,100,0,0,TRUE,6WWZ,9D3E,
CCR8,ccr8,ccr8_human,A,Homo sapiens,Homo sapiens:6,5,1,1,0,0,0,1,CCR8,,8XML,,human,,1,,scFv,,,,8XML,8TLM,Homo sapiens,Homo sapiens,2.58,2.9,2025-01-01,2023-12-20,Electron microscopy,Electron microscopy,Homo sapiens,8KFX,2.96,Electron microscopy,2024-02-07,8TLM,2.9,Electron microscopy,2023-12-20,2023-12-20,2023-12-20,1,1,1,1,3,2,1,0,0,0,0,P51685,CCR8_HUMAN,C-C chemokine receptor type 8,CCR8,Homo sapiens (Human),ccr8_human,001_003_002,Cryo-EM structure of the Apo CCR8-Gi complex,"Soluble cytochrome b562,C-C chemokine receptor type 8",0,1,0,2.58,EM,2025-01-01,Escherichia coli;Homo sapiens,Cryo-EM structure of the Apo CCR8-Gi complex,"Soluble cytochrome b562,C-C chemokine receptor type 8",0,1,1,0,2.58,EM,2025-01-01,Escherichia coli;Homo sapiens,Gi bound CCR8 complex with nonpeptide agonist LMD-009,"C-C chemokine receptor type 8,Fusion protein",0,0,1,0,2.96,EM,2024-02-07,Homo sapiens;synthetic construct,,,,,0,,,,,Structure of a class A GPCR/Fab complex,"C-C chemokine receptor type 8, Green fluorescent protein fusion",0,0,1,0,2.9,EM,2023-12-20,Homo sapiens;Aequorea victoria,Structure of a class A GPCR/Fab complex,"C-C chemokine receptor type 8, Green fluorescent protein fusion",0,1,1,0,2.9,EM,2023-12-20,Homo sapiens;Aequorea victoria,protein;small-molecule,protein,OXF,mAb1,C1|C1r|H-protenix|H-boltz2|H-boltz2-both,,8XML,8TLM,TRUE,100,0,0,TRUE,8XML,8TLM,
CNR1,cnr1,cnr1_human,A,Homo sapiens,Homo sapiens:21,14,7,1,0,1,1,1,CNR1,cannabinoid,5XRA,5U09,human,human,1,1,none,none,19,19,8GHV,9BA0,Homo sapiens,Homo sapiens,2.8,3.13,2023-05-24,2024-11-20,Electron microscopy,Electron microscopy,Homo sapiens,8GHV,2.8,Electron microscopy,2023-05-24,9BA0,3.13,Electron microscopy,2024-11-20,2017-07-12,2016-11-02,0,0,0,0,16,16,5,5,1,1,1,P21554,CNR1_HUMAN,Cannabinoid receptor 1,CNR1,Homo sapiens (Human),cnr1_human,001_004_005,Crystal structure of the human CB1 in complex with agonist AM11542,"Cannabinoid receptor 1,Flavodoxin,Cannabinoid receptor 1",5,0,0,2.8,X-ray,2017-07-12,Homo sapiens;Nitratidesulfovibrio vulgaris str. Hildenborough;Homo sapiens,Cannabinoid Receptor 1-G Protein Complex,Cannabinoid receptor 1,0,0,1,0,2.8,EM,2023-05-24,Homo sapiens,Cannabinoid Receptor 1-G Protein Complex,Cannabinoid receptor 1,0,0,1,0,2.8,EM,2023-05-24,Homo sapiens,High-resolution crystal structure of the human CB1 cannabinoid receptor,"Cannabinoid receptor 1,GlgA glycogen synthase",1,0,0,2.6,X-ray,2016-12-07,Homo sapiens;Pyrococcus abyssi GE5;Homo sapiens,Structural mechanism of CB1R binding to peripheral and biased inverse agonists,"Cannabinoid receptor 1,Glycogen synthase",0,1,0,0,3.13,EM,2024-11-20,Homo sapiens;Pyrococcus abyssi GE5;Homo sapiens,Structural mechanism of CB1R binding to peripheral and biased inverse agonists,"Cannabinoid receptor 1,Glycogen synthase",0,1,0,0,3.13,EM,2024-11-20,Homo sapiens;Pyrococcus abyssi GE5;Homo sapiens,small-molecule,small-molecule,9GF,7DY,C1,,5XRA,5U09,TRUE,100,0,0,TRUE,8GHV,7FEE,
CNR2,cnr2,cnr2_human,A,Homo sapiens,Homo sapiens:9,7,2,1,0,1,1,0,,cannabinoid,8GUR,5ZTY,human,human,0,1,none,none,9,9,,,,,,,,,,,Homo sapiens,8GUR,2.84,Electron microscopy,2023-05-10,5ZTY,2.8,X-ray diffraction,2019-01-30,2020-02-12,2019-01-30,0,0,0,0,8,8,1,1,1,1,1,P34972,CNR2_HUMAN,Cannabinoid receptor 2,CNR2,Homo sapiens (Human),cnr2_human,001_004_005,Cryo-EM structure of CP-CB2-G protein complex,Cannabinoid receptor 2,0,1,0,2.84,EM,2023-05-10,Homo sapiens,,,,,,0,,,,,Cryo-EM structure of CP-CB2-G protein complex,Cannabinoid receptor 2,0,0,1,0,2.84,EM,2023-05-10,Homo sapiens,Crystal structure of human G protein coupled receptor,"G protein coupled receptor,T4 lysozyme,G protein coupled receptor",7,0,0,2.8,X-ray,2019-01-30,Homo sapiens;Tequatrovirus T4;Homo sapiens,,,,,,0,,,,,Crystal structure of human G protein coupled receptor,"G protein coupled receptor,T4 lysozyme,G protein coupled receptor",7,1,0,0,2.8,X-ray,2019-01-30,Homo sapiens;Tequatrovirus T4;Homo sapiens,small-molecule,small-molecule,KO3,9JU,C1|C1r,,8GUR,5ZTY,FALSE,100,0,0,TRUE,8GUR,5ZTY,
CRHR1,crfr1,crfr1_human,B1,Homo sapiens,Homo sapiens:7,2,5,1,0,1,0,0,,,6P9X,4K5Y,human,human,0,1,native_Gs,CP-376395+T4L,,,,,,,,,,,,,Homo sapiens,6P9X,2.91,Electron microscopy,2020-02-05,8GTI,2.2,X-ray diffraction,2023-09-13,2020-02-05,2013-07-17,0,0,0,0,2,0,5,5,0,0,0,P34998,CRHR1_HUMAN,Corticotropin-releasing hormone receptor 1,CRHR1,Homo sapiens (Human),crfr1_human,002_001_002,CRF1 Receptor Gs GPCR protein complex with CRF1 peptide,Corticotropin-releasing factor receptor 1,0,1,0,2.91,EM,2020-02-05,Homo sapiens,,,,,,0,,,,,CRF1 Receptor Gs GPCR protein complex with CRF1 peptide,Corticotropin-releasing factor receptor 1,0,0,1,0,2.91,EM,2020-02-05,Homo sapiens,Crystal structure of human corticotropin-releasing factor receptor 1 (CRF1R) in complex with the antagonist CP-376395,"Corticotropin-releasing factor receptor 1, T4-Lysozyme chimeric construct",16,0,0,2.977,X-ray,2013-07-17,Homo sapiens;Tequatrovirus T4;Homo sapiens,,,,,,0,,,,,Corticotropin-releasing hormone receptor 1(CRF1R) bound with BMK-C205 by XFEL,Isoform CRF-R2 of Corticotropin-releasing factor receptor 1,11,0,0,0,2.2,X-ray,2023-09-13,Homo sapiens,peptide,small-molecule,Urocortin,1Q5,E-B1,,6P9X,8GTI,FALSE,100,0,2,FALSE,,,no Inactive with <=1 mutation
CXCR2,cxcr2,cxcr2_human,A,Homo sapiens,Homo sapiens:3,2,1,1,0,1,1,0,,chemokine_cxcr,6LFO,6LFL,human,human,0,1,none,none,0,2,,,,,,,,,,,Homo sapiens,6LFO,3.4,Electron microscopy,2020-09-02,6LFL,3.2,X-ray diffraction,2020-09-02,2020-09-02,2020-09-02,0,0,0,0,2,0,1,1,1,1,1,P25025,CXCR2_HUMAN,C-X-C chemokine receptor type 2,CXCR2,Homo sapiens (Human),cxcr2_human,001_003_002,Cryo-EM structure of a class A GPCR monomer,C-X-C chemokine receptor type 2,0,1,0,3.4,EM,2020-09-02,Homo sapiens,,,,,,0,,,,,Cryo-EM structure of a class A GPCR monomer,C-X-C chemokine receptor type 2,0,0,1,0,3.4,EM,2020-09-02,Homo sapiens,Crystal structure of a class A GPCR,"C-X-C chemokine receptor type 2,GlgA glycogen synthase,C-X-C chemokine receptor type 2",3,0,0,3.2,X-ray,2020-09-02,Homo sapiens;Pyrococcus abyssi GE5;Homo sapiens,,,,,,0,,,,,Crystal structure of a class A GPCR,"C-X-C chemokine receptor type 2,GlgA glycogen synthase,C-X-C chemokine receptor type 2",3,1,0,0,3.2,X-ray,2020-09-02,Homo sapiens;Pyrococcus abyssi GE5;Homo sapiens,protein,small-molecule,Interleukin-8,EBX,C1,,6LFO,6LFL,FALSE,100,0,0,TRUE,6LFO,6LFL,
CXCR3,cxcr3,cxcr3_human,A,Homo sapiens,Homo sapiens:6,4,2,1,0,0,0,1,CXCR3,,8HNM,,human,,1,,scFv,,,,8HNM,8K2W,Homo sapiens,Homo sapiens,2.94,3.0,2023-11-29,2023-11-29,Electron microscopy,Electron microscopy,Homo sapiens,8HNM,2.94,Electron microscopy,2023-11-29,8K2W,3.0,Electron microscopy,2023-11-29,2023-11-29,2023-11-29,1,1,1,1,5,3,1,1,0,0,0,P49682,CXCR3_HUMAN,C-X-C chemokine receptor type 3,CXCR3,Homo sapiens (Human),cxcr3_human,001_003_002,CXCR3-DNGi complex activated by VUF11222,"Soluble cytochrome b562,C-X-C chemokine receptor type 3,Oplophorus-luciferin 2-monooxygenase catalytic subunit",0,1,0,2.94,EM,2023-11-29,Escherichia coli;Homo sapiens;Oplophorus gracilirostris,CXCR3-DNGi complex activated by VUF11222,"Soluble cytochrome b562,C-X-C chemokine receptor type 3,Oplophorus-luciferin 2-monooxygenase catalytic subunit",0,1,1,0,2.94,EM,2023-11-29,Escherichia coli;Homo sapiens;Oplophorus gracilirostris,CXCR3-DNGi complex activated by VUF11222,"Soluble cytochrome b562,C-X-C chemokine receptor type 3,Oplophorus-luciferin 2-monooxygenase catalytic subunit",0,1,1,0,2.94,EM,2023-11-29,Escherichia coli;Homo sapiens;Oplophorus gracilirostris,,,,,0,,,,,Structure of CXCR3 complexed with antagonist AMG487,"Soluble cytochrome b562,C-X-C chemokine receptor type 3,Kappa-type opioid receptor",0,1,1,0,3.0,EM,2023-11-29,Escherichia coli;Homo sapiens;Homo sapiens;Homo sapiens,Structure of CXCR3 complexed with antagonist AMG487,"Soluble cytochrome b562,C-X-C chemokine receptor type 3,Kappa-type opioid receptor",0,1,1,0,3.0,EM,2023-11-29,Escherichia coli;Homo sapiens;Homo sapiens;Homo sapiens,peptide;small-molecule,small-molecule,FI6,43I,C1|C1r|H-protenix|H-boltz2|H-boltz2-both,,8HNM,8K2W,TRUE,100,0,0,TRUE,8HNM,8K2W,
CXCR4,cxcr4,cxcr4_human,A,Homo sapiens,Homo sapiens:14,6,8,1,0,1,1,1,CXCR4,chemokine_cxcr,8U4N,3ODU,human,human,0,1,none,T4L,0,0,8U4N,3OE0,Homo sapiens,Homo sapiens,2.72,2.9,2024-03-13,2010-10-27,Electron microscopy,X-ray diffraction,Homo sapiens,8U4N,2.72,Electron microscopy,2024-03-13,8U4R,3.1,Electron microscopy,2024-03-13,2024-03-13,2010-10-27,1,1,1,0,7,1,6,4,1,1,1,P61073,CXCR4_HUMAN,C-X-C chemokine receptor type 4,CXCR4,Homo sapiens (Human),cxcr4_human,001_003_002,Structure of Apo CXCR4/Gi complex,C-X-C chemokine receptor type 4,0,0,0,2.72,EM,2024-03-13,Homo sapiens;Homo sapiens,Structure of Apo CXCR4/Gi complex,C-X-C chemokine receptor type 4,0,0,0,0,2.72,EM,2024-03-13,Homo sapiens;Homo sapiens,Structure of Apo CXCR4/Gi complex,C-X-C chemokine receptor type 4,0,0,0,0,2.72,EM,2024-03-13,Homo sapiens;Homo sapiens,The 2.5 A structure of the CXCR4 chemokine receptor in complex with small molecule antagonist IT1t,"C-X-C chemokine receptor type 4, Lysozyme Chimera",3,0,0,2.5,X-ray,2010-10-27,Homo sapiens;Homo sapiens;Tequatrovirus T4,Crystal structure of the CXCR4 chemokine receptor in complex with a cyclic peptide antagonist CVX15,"C-X-C chemokine receptor type 4, Lysozyme Chimera",4,1,0,0,2.9,X-ray,2010-10-27,Homo sapiens;Homo sapiens;Tequatrovirus T4,Structure of REGN7663-Fab bound CXCR4,C-X-C chemokine receptor type 4,0,0,1,0,3.1,EM,2024-03-13,Homo sapiens;Homo sapiens,peptide;protein;small-molecule,peptide;small-molecule,VH6,ITD,C1|H-protenix|H-boltz2,,8U4N,3ODU,TRUE,100,0,0,TRUE,8U4N,8U4R,
DRD2,drd2,drd2_human,A,Homo sapiens,Homo sapiens:8,5,3,1,0,1,1,1,DRD2,dopamine,7JVR,6CM4,human,human,1,0,none,none,135,135,7JVR,6CM4,Homo sapiens,Homo sapiens,2.8,2.87,2021-02-24,2018-03-14,Electron microscopy,X-ray diffraction,Homo sapiens,8TZQ,3.2,Electron microscopy,2024-08-21,6CM4,2.87,X-ray diffraction,2018-03-14,2020-06-17,2018-03-14,0,0,0,0,5,5,3,3,1,0,1,P14416,DRD2_HUMAN,Dopamine receptor D2,DRD2,Homo sapiens (Human),drd2_human,001_001_004,Cryo-EM structure of Bromocriptine-bound dopamine receptor 2 in complex with Gi protein,"Soluble cytochrome b562,D(2) dopamine receptor",0,1,0,2.8,EM,2021-02-24,Escherichia coli;Homo sapiens,Cryo-EM structure of Bromocriptine-bound dopamine receptor 2 in complex with Gi protein,"Soluble cytochrome b562,D(2) dopamine receptor",0,1,1,0,2.8,EM,2021-02-24,Escherichia coli;Homo sapiens,"CryoEM structure of D2 dopamine receptor in complex with GoA KE Mutant, scFv16, and dopamine",D(2) dopamine receptor,0,0,1,0,3.2,EM,2024-08-21,Homo sapiens,Structure of the D2 Dopamine Receptor Bound to the Atypical Antipsychotic Drug Risperidone,"D(2) dopamine receptor, endolysin chimera",0,0,0,2.867,X-ray,2018-03-14,Homo sapiens;Tequatrovirus T4;Homo sapiens,Structure of the D2 Dopamine Receptor Bound to the Atypical Antipsychotic Drug Risperidone,"D(2) dopamine receptor, endolysin chimera",0,0,0,0,2.867,X-ray,2018-03-14,Homo sapiens;Tequatrovirus T4;Homo sapiens,Structure of the D2 Dopamine Receptor Bound to the Atypical Antipsychotic Drug Risperidone,"D(2) dopamine receptor, endolysin chimera",0,1,0,0,2.867,X-ray,2018-03-14,Homo sapiens;Tequatrovirus T4;Homo sapiens,small-molecule,small-molecule,08Y,GMJ,C1,,7JVR,6CM4,TRUE,100,0,3,TRUE,7JVR,6LUQ,
DRD3,drd3,drd3_human,A,Homo sapiens,Homo sapiens:6,5,1,1,0,1,1,0,,dopamine,,3PBL,,human,,1,,T4L,,91,,,,,,,,,,,Homo sapiens,8IRT,2.7,Electron microscopy,2023-06-07,3PBL,2.89,X-ray diffraction,2010-11-03,2021-03-10,2010-11-03,0,0,1,0,5,5,1,1,1,1,1,P35462,DRD3_HUMAN,Dopamine receptor D3,DRD3,Homo sapiens (Human),drd3_human,001_001_004,,,,,0,,,,,,,,,,0,,,,,Dopamine Receptor D3R-Gi-Rotigotine complex,"Soluble cytochrome b562,D(3) dopamine receptor",0,1,1,0,2.7,EM,2023-06-07,Escherichia coli;Homo sapiens,Structure of the human dopamine D3 receptor in complex with eticlopride,"D(3) dopamine receptor, Lysozyme chimera",3,0,0,2.89,X-ray,2010-11-03,Homo sapiens;Homo sapiens;Tequatrovirus T4,,,,,,0,,,,,Structure of the human dopamine D3 receptor in complex with eticlopride,"D(3) dopamine receptor, Lysozyme chimera",3,1,0,0,2.89,X-ray,2010-11-03,Homo sapiens;Homo sapiens;Tequatrovirus T4,small-molecule,small-molecule,A1H9N,ETQ,C1|C1r,,7CMV,3PBL,FALSE,100,0,1,TRUE,7CMV,3PBL,
DRD4,drd4,drd4_human;drd4_mouse,A,Homo sapiens,Homo sapiens:3;Mus musculus:1,1,3,1,0,0,0,1,DRD4,,,5WIU,,human,,1,,none,,,8IRU,5WIU,Homo sapiens,Homo sapiens,3.2,1.96,2023-06-21,2017-10-18,Electron microscopy,X-ray diffraction,Homo sapiens,8IRU,3.2,Electron microscopy,2023-06-21,5WIU,1.96,X-ray diffraction,2017-10-18,2023-06-21,2017-10-18,1,1,1,0,1,1,3,3,0,0,0,P21917,DRD4_HUMAN,Dopamine receptor D4,DRD4,Homo sapiens (Human),drd4_human,001_001_004,,,,,0,,,,,Dopamine Receptor D4R-Gi-Rotigotine complex,D(4) dopamine receptor,0,0,1,0,3.2,EM,2023-06-21,Homo sapiens,Dopamine Receptor D4R-Gi-Rotigotine complex,D(4) dopamine receptor,0,0,1,0,3.2,EM,2023-06-21,Homo sapiens,Structure of the human D4 Dopamine receptor in complex with Nemonapride,"D(4) dopamine receptor, soluble cytochrome b562 chimera",0,0,0,1.962,X-ray,2017-10-18,Homo sapiens;Escherichia coli;Homo sapiens,Structure of the human D4 Dopamine receptor in complex with Nemonapride,"D(4) dopamine receptor, soluble cytochrome b562 chimera",0,1,0,0,1.962,X-ray,2017-10-18,Homo sapiens;Escherichia coli;Homo sapiens,Structure of the human D4 Dopamine receptor in complex with Nemonapride,"D(4) dopamine receptor, soluble cytochrome b562 chimera",0,1,0,0,1.962,X-ray,2017-10-18,Homo sapiens;Escherichia coli;Homo sapiens,small-molecule,small-molecule,R5F,AQD,C1|H-protenix|H-boltz2,,8IRU,5WIU,TRUE,100,0,0,TRUE,8IRU,5WIU,
EDNRA,ednra,ednra_human,A,Homo sapiens,Homo sapiens:5,2,3,1,0,1,1,1,EDNRA,endothelin,,8XVK,,human,,1,,none,,5,8HCQ,8XVL,Homo sapiens,Homo sapiens,3.01,3.22,2023-03-22,2024-08-28,Electron microscopy,Electron microscopy,Homo sapiens,8HCQ,3.01,Electron microscopy,2023-03-22,8XVK,3.21,Electron microscopy,2024-08-28,2023-03-22,2024-08-28,0,1,1,0,2,2,3,3,1,1,1,P25101,EDNRA_HUMAN,Endothelin-1 receptor,EDNRA,Homo sapiens (Human),ednra_human,001_002_007,,,,,0,,,,,Cryo-EM structure of endothelin1-bound ETAR-Gq complex,"Endothelin-1 receptor,Oplophorus-luciferin 2-monooxygenase catalytic subunit chimera",0,0,1,0,3.01,EM,2023-03-22,Homo sapiens;Homo sapiens,Cryo-EM structure of endothelin1-bound ETAR-Gq complex,"Endothelin-1 receptor,Oplophorus-luciferin 2-monooxygenase catalytic subunit chimera",0,1,1,0,3.01,EM,2023-03-22,Homo sapiens;Homo sapiens,Cryo-EM structure of ETAR bound with Ambrisentan,"Endoglucanase H,Endothelin-1 receptor,Soluble cytochrome b562",0,1,0,3.21,EM,2024-08-28,Acetivibrio thermocellus ATCC 27405;Homo sapiens;Escherichia coli;Homo sapiens,Cryo-EM structure of ETAR bound with Zibotentan,"Endoglucanase H,Endothelin-1 receptor,Soluble cytochrome b562",0,1,1,0,3.22,EM,2024-08-28,Acetivibrio thermocellus ATCC 27405;Homo sapiens;Escherichia coli;Homo sapiens,Cryo-EM structure of ETAR bound with Ambrisentan,"Endoglucanase H,Endothelin-1 receptor,Soluble cytochrome b562",0,1,1,0,3.21,EM,2024-08-28,Acetivibrio thermocellus ATCC 27405;Homo sapiens;Escherichia coli;Homo sapiens,protein,small-molecule,ENDOTHELIN,A1D5I,C1|H-protenix,,8HCQ,8XVK,TRUE,100,0,0,TRUE,8HCQ,8XVK,
EDNRB,ednrb,ednrb_human,A,Homo sapiens,Homo sapiens:18,10,8,1,0,1,1,1,EDNRB,endothelin,8IY5,6IGK,human,human,0,0,scFv,none,0,0,8IY5,5GLI,Homo sapiens,Homo sapiens,2.8,2.5,2023-08-16,2016-09-07,Electron microscopy,X-ray diffraction,Homo sapiens,8IY5,2.8,Electron microscopy,2023-08-16,5GLI,2.5,X-ray diffraction,2016-09-07,2023-03-22,2016-09-07,0,1,1,0,14,9,3,2,1,1,1,P24530,EDNRB_HUMAN,Endothelin receptor type B,EDNRB,Homo sapiens (Human),ednrb_human,001_002_007,ETB-Gi complex bound to endothelin-1,Endothelin type B receptor,0,1,0,2.8,EM,2023-08-16,Homo sapiens,ETB-Gi complex bound to endothelin-1,Endothelin type B receptor,0,0,1,0,2.8,EM,2023-08-16,Homo sapiens,ETB-Gi complex bound to endothelin-1,Endothelin type B receptor,0,0,1,0,2.8,EM,2023-08-16,Homo sapiens,Crystal Structure of human ETB receptor in complex with Endothelin-3,"Endothelin receptor type B,Endolysin,Endothelin receptor type B",10,0,0,2.0,X-ray,2018-11-21,Homo sapiens;Enterobacteria phage RB59;Homo sapiens,Human endothelin receptor type-B in the ligand-free form,Endothelin Receptor Subtype-B,0,0,0,0,2.5,X-ray,2016-09-07,Homo sapiens,Human endothelin receptor type-B in the ligand-free form,Endothelin Receptor Subtype-B,0,0,0,0,2.5,X-ray,2016-09-07,Homo sapiens,peptide;protein,peptide;small-molecule,ENDOTHELIN,K87,C1|C1r|H-protenix,,8IY5,6IGK,TRUE,100,0,0,TRUE,8IY5,6IGK,
FSHR,fshr,fshr_human,A,Homo sapiens,Homo sapiens:2,1,1,1,0,1,1,1,FSHR,glycohormone,8I2G,8I2H,human,human,0,0,none,none,0,0,8I2G,8I2H,Homo sapiens,Homo sapiens,2.8,6.0,2023-03-29,2023-03-22,Electron microscopy,Electron microscopy,Homo sapiens,8I2G,2.8,Electron microscopy,2023-03-29,8I2H,6.0,Electron microscopy,2023-03-22,2023-03-29,2023-03-22,0,1,1,0,3,1,0,0,0,0,0,P23945,FSHR_HUMAN,Follicle-stimulating hormone receptor,FSHR,Homo sapiens (Human),fshr_human,001_003_003,FSHR-Follicle stimulating hormone-compound 716340-Gs complex,Follicle-stimulating hormone receptor,1,1,0,2.8,EM,2023-03-29,Homo sapiens,FSHR-Follicle stimulating hormone-compound 716340-Gs complex,Follicle-stimulating hormone receptor,1,0,1,0,2.8,EM,2023-03-29,Homo sapiens,FSHR-Follicle stimulating hormone-compound 716340-Gs complex,Follicle-stimulating hormone receptor,1,0,1,0,2.8,EM,2023-03-29,Homo sapiens,Follicle stimulating hormone receptor,Follicle-stimulating hormone receptor,0,0,0,6.0,EM,2023-03-22,Homo sapiens,Follicle stimulating hormone receptor,Follicle-stimulating hormone receptor,0,0,0,0,6.0,EM,2023-03-22,Homo sapiens,Follicle stimulating hormone receptor,Follicle-stimulating hormone receptor,0,0,0,0,6.0,EM,2023-03-22,Homo sapiens,peptide;small-molecule,,O6F,,C1|H-protenix,,8I2G,8I2H,TRUE,100,0,0,TRUE,8I2G,8I2H,
FZD4,fzd4,fzd4_human,F,Homo sapiens,Homo sapiens:3,2,1,1,0,1,0,0,,,8WMA,6BD4,human,human,0,1,none,none,,,,,,,,,,,,,Homo sapiens,8WMA,3.47,Electron microscopy,2024-09-11,6BD4,2.4,X-ray diffraction,2018-08-22,2024-09-11,2018-08-22,1,1,1,0,0,0,0,0,0,0,0,Q9ULV1,FZD4_HUMAN,Frizzled-4,FZD4,Homo sapiens (Human),fzd4_human,006_001_001,Fzd4/DEP complex (local refined),Frizzled-4,0,0,0,3.47,EM,2024-09-11,Homo sapiens,,,,,,0,,,,,Fzd4/DEP complex (local refined),Frizzled-4,0,0,0,0,3.47,EM,2024-09-11,Homo sapiens,Crystal structure of human apo-Frizzled4 receptor,Frizzled-4/Rubredoxin chimeric protein,4,0,0,2.4,X-ray,2018-08-22,Homo sapiens;Clostridium pasteurianum;Homo sapiens,,,,,,0,,,,,Crystal structure of human apo-Frizzled4 receptor,Frizzled-4/Rubredoxin chimeric protein,4,1,0,0,2.4,X-ray,2018-08-22,Homo sapiens;Clostridium pasteurianum;Homo sapiens,,,,,E-scope,,8WMA,6BD4,FALSE,78,0,0,FALSE,,,no Active with degree=100 and <=1 mutation
FZD6,fzd6,fzd6_human,F,Homo sapiens,Homo sapiens:2,2,0,0,0,1,0,0,,,8JHB,8JH7,human,human,0,1,Nb35+XLas_Gs,apo_cryoEM,,,,,,,,,,,,,,,,,,,,,,2024-01-17,,1,1,1,0,0,0,0,0,0,0,0,O60353,FZD6_HUMAN,Frizzled-6,FZD6,Homo sapiens (Human),fzd6_human,006_001_001,FZD6 Gs complex,Frizzled-6,0,1,0,3.3,EM,2024-01-17,Homo sapiens,,,,,,0,,,,,,,,,,,,,,,FZD6 in inactive state,"Frizzled-6,Soluble cytochrome b562",0,1,0,3.2,EM,2024-01-17,Homo sapiens;Escherichia coli;Homo sapiens,,,,,,0,,,,,,,,,,,,,,,,,,,E-scope,no inactive structure in the snapshot,,,FALSE,NO_REFERENCE,NO_REFERENCE,NO_REFERENCE,FALSE,,,no Active and Inactive for one UniProt entry
FZD7,fzd7,fzd7_human,F,Homo sapiens,Homo sapiens:4,3,1,1,0,1,0,1,FZD7,,9EW2,9EPO,human,human,0,0,none,none,,,7EVW,9EPO,Homo sapiens,Homo sapiens,3.22,1.9,2021-08-04,2024-10-02,Electron microscopy,Electron microscopy,Homo sapiens,9EW2,3.2,Electron microscopy,2024-10-02,9EPO,1.9,Electron microscopy,2024-10-02,2021-08-04,2024-10-02,0,0,1,0,0,0,0,0,0,0,0,O75084,FZD7_HUMAN,Frizzled-7,FZD7,Homo sapiens (Human),fzd7_human,006_001_001,High resolution structure of FZD7 in complex with miniGs protein,Frizzled-7,0,1,0,3.2,EM,2024-10-02,Homo sapiens;Homo sapiens,,,,,,1,,,,,High resolution structure of FZD7 in complex with miniGs protein,Frizzled-7,0,0,1,0,3.2,EM,2024-10-02,Homo sapiens;Homo sapiens,High resolution structure of FZD7 in inactive conformation,Frizzled-7,0,0,0,1.9,EM,2024-10-02,Homo sapiens,High resolution structure of FZD7 in inactive conformation,Frizzled-7,0,0,0,0,1.9,EM,2024-10-02,Homo sapiens,High resolution structure of FZD7 in inactive conformation,Frizzled-7,0,0,0,0,1.9,EM,2024-10-02,Homo sapiens,,,,,E-scope,,9EW2,9EPO,TRUE,100,0,0,TRUE,9EW2,9EPO,
GHSR,ghsr,ghsr_human,A,Homo sapiens,Homo sapiens:7,5,2,1,0,1,1,1,GHSR,ghrelin,7NA7,7F83,human,human,0,1,none,none,5,0,7NA8,6KO5,Homo sapiens,Homo sapiens,2.7,3.3,2021-12-15,2020-08-12,Electron microscopy,X-ray diffraction,Homo sapiens,7NA7,2.7,Electron microscopy,2021-12-15,6KO5,3.3,X-ray diffraction,2020-08-12,2021-08-18,2020-08-12,0,0,1,0,5,1,2,2,1,0,1,Q92847,GHSR_HUMAN,Growth hormone secretagogue receptor type 1,GHSR,Homo sapiens (Human),ghsr_human,001_002_010,Structures of human ghrelin receptor-Gi complexes with ghrelin and a synthetic agonist,Growth hormone secretagogue receptor type 1,0,1,0,2.7,EM,2021-12-15,Homo sapiens,Structures of human ghrelin receptor-Gi complexes with ghrelin and a synthetic agonist,Growth hormone secretagogue receptor type 1,0,0,1,0,2.7,EM,2021-12-15,Homo sapiens,Structures of human ghrelin receptor-Gi complexes with ghrelin and a synthetic agonist,Growth hormone secretagogue receptor type 1,0,0,1,0,2.7,EM,2021-12-15,Homo sapiens,Crystal Structure of a receptor in Complex with inverse agonist,"Growth hormone secretagogue receptor type 1,Soluble cytochrome b562",5,0,0,2.94,X-ray,2022-01-19,Homo sapiens;Escherichia coli;Homo sapiens,Complex structure of Ghrelin receptor with Fab,Chimera of Soluble cytochrome b562 and Growth hormone secretagogue receptor type 1,0,1,0,0,3.3,X-ray,2020-08-12,Escherichia coli;Homo sapiens,Complex structure of Ghrelin receptor with Fab,Chimera of Soluble cytochrome b562 and Growth hormone secretagogue receptor type 1,0,1,0,0,3.3,X-ray,2020-08-12,Escherichia coli;Homo sapiens,peptide;small-molecule,small-molecule,1KD,1KQ,C1,,7NA7,7F83,TRUE,100,0,0,TRUE,7NA7,7F83,
GLP1R,glp1r,glp1r_human,B1,Homo sapiens,Homo sapiens:43,37,6,1,0,1,0,1,GLP1R,,6X18,5VEW,human,human,0,0,native_Gs,none,,,7RTB,5VEW,Homo sapiens,Homo sapiens,2.14,2.7,2021-10-06,2017-05-24,Electron microscopy,X-ray diffraction,Homo sapiens,6X18,2.1,Electron microscopy,2020-09-09,5VEW,2.7,X-ray diffraction,2017-05-24,2018-02-21,2017-05-17,0,0,0,0,37,20,0,0,0,0,0,P43220,GLP1R_HUMAN,Glucagon-like peptide 1 receptor,GLP1R,Homo sapiens (Human),glp1r_human,002_001_003,GLP-1 peptide hormone bound to Glucagon-Like peptide-1 (GLP-1) Receptor,Glucagon-like peptide 1 receptor,0,1,0,2.1,EM,2020-09-09,Homo sapiens,Peptide-19 bound to the Glucagon-Like Peptide-1 Receptor (GLP-1R),Glucagon-like peptide 1 receptor,0,0,1,0,2.14,EM,2021-10-06,Homo sapiens,GLP-1 peptide hormone bound to Glucagon-Like peptide-1 (GLP-1) Receptor,Glucagon-like peptide 1 receptor,0,0,1,0,2.1,EM,2020-09-09,Homo sapiens,Structure of the human GLP-1 receptor complex with PF-06372222,"Glucagon-like peptide 1 receptor,Endolysin chimera",0,0,0,2.7,X-ray,2017-05-24,Homo sapiens;Tequatrovirus T4;Homo sapiens,Structure of the human GLP-1 receptor complex with PF-06372222,"Glucagon-like peptide 1 receptor,Endolysin chimera",0,0,0,0,2.7,X-ray,2017-05-24,Homo sapiens;Tequatrovirus T4;Homo sapiens,Structure of the human GLP-1 receptor complex with PF-06372222,"Glucagon-like peptide 1 receptor,Endolysin chimera",0,1,0,0,2.7,X-ray,2017-05-24,Homo sapiens;Tequatrovirus T4;Homo sapiens,peptide;protein;small-molecule,,UK4,,E-B1,,6X18,5VEW,TRUE,100,0,10,TRUE,6X18,6KK1,
GCGR,glr,glr_human,B1,Homo sapiens,Homo sapiens:18,13,5,1,0,1,0,0,,,6LMK,5XEZ,human,human,0,0,native_Gs,NNC1702_glucagon_analog+BRIL,,,,,,,,,,,,,Homo sapiens,8WG8,2.71,Electron microscopy,2024-03-06,5XEZ,3.0,X-ray diffraction,2017-05-24,2020-04-01,2013-07-24,0,0,0,0,13,0,1,1,0,0,0,P47871,GLR_HUMAN,Glucagon receptor,GCGR,Homo sapiens (Human),glr_human,002_001_003,Cryo-EM structure of the human glucagon receptor in complex with Gs,Glucagon receptor,0,1,0,3.7,EM,2020-04-01,Homo sapiens,,,,,,0,,,,,Cryo-EM structures of peptide free and Gs-coupled GCGR,Glucagon receptor,0,0,1,0,2.71,EM,2024-03-06,Homo sapiens,Structure of the Full-length glucagon class B G protein-coupled receptor,"Glucagon receptor,Endolysin,Glucagon receptor",2,1,0,3.0,X-ray,2017-05-24,Homo sapiens;Tequatrovirus T4;Homo sapiens,,,,,,0,,,,,Structure of the Full-length glucagon class B G protein-coupled receptor,"Glucagon receptor,Endolysin,Glucagon receptor",2,1,1,0,3.0,X-ray,2017-05-24,Homo sapiens;Tequatrovirus T4;Homo sapiens,peptide,small-molecule,SAR425899,PE5,E-B1,,8WG8,5EE7,FALSE,100,0,0,TRUE,8WG8,5XEZ,
GPR52,gpr52,gpr52_human,A,Homo sapiens,Homo sapiens:5,2,3,1,0,0,0,0,,,,,,,,,,,,,,,,,,,,,,,Homo sapiens,8HMP,2.77,Electron microscopy,2023-06-21,6LI2,2.8,X-ray diffraction,2020-02-26,2020-02-26,2020-02-26,0,0,0,0,2,2,0,0,0,0,0,Q9Y2T5,GPR52_HUMAN,G protein-coupled receptor 52,GPR52,Homo sapiens (Human),gpr52_human,001_010_001,,,,,0,,,,,,,,,,0,,,,,GPR52 with Gs and c17,G-protein coupled receptor 52,0,0,1,0,2.77,EM,2023-06-21,Homo sapiens,,,,,0,,,,,,,,,,0,,,,,Crystal structure of GPR52 ligand free form with rubredoxin fusion,Chimera of G-protein coupled receptor 52 and Rubredoxin,5,1,0,0,2.8,X-ray,2020-02-26,Homo sapiens;Clostridium pasteurianum;Homo sapiens,small-molecule,,EN6,,C1|C1r,,8HMP,6LI0,FALSE,100,0,0,TRUE,8HMP,6LI0,
GPR6,gpr6,gpr6_human,A,Homo sapiens,Homo sapiens:4,2,2,1,0,0,0,1,GPR6,,,8TF5,,human,,1,,BRIL,,,8TYW,8T1V,Homo sapiens,Homo sapiens,3.43,2.6,2024-12-04,2024-12-04,Electron microscopy,X-ray diffraction,Homo sapiens,8TYW,3.43,Electron microscopy,2024-12-04,8T1V,2.6,X-ray diffraction,2024-12-04,2024-12-04,2024-12-04,1,1,1,1,0,0,3,3,0,0,0,P46095,GPR6_HUMAN,G protein-coupled receptor 6,GPR6,Homo sapiens (Human),gpr6_human,001_010_001,,,,,0,,,,,cryo-EM structure of GPR6-Gs-Nb35 complex,G-protein coupled receptor 6,0,0,1,0,3.43,EM,2024-12-04,Homo sapiens,cryo-EM structure of GPR6-Gs-Nb35 complex,G-protein coupled receptor 6,0,0,1,0,3.43,EM,2024-12-04,Homo sapiens,"Crystal structure of orphan G protein-coupled receptor 6, pseudoapo form","G-protein coupled receptor 6,Soluble cytochrome b562 chimera,Soluble cytochrome b562,G-protein coupled receptor 6",9,0,0,2.1,X-ray,2024-12-04,Homo sapiens;Escherichia coli;Homo sapiens,Crystal structure of orphan G protein-coupled receptor 6 with bound inverse agonist 3h,"G-protein coupled receptor 6, Soluble cytochrome b562 chimera",0,1,0,0,2.6,X-ray,2024-12-04,Homo sapiens;Escherichia coli;Homo sapiens,Crystal structure of orphan G protein-coupled receptor 6 with bound inverse agonist 3h,"G-protein coupled receptor 6, Soluble cytochrome b562 chimera",0,1,0,0,2.6,X-ray,2024-12-04,Homo sapiens;Escherichia coli;Homo sapiens,,small-molecule,,OLA,C1|H-protenix|H-boltz2|H-boltz2-both,,8TF5,8T1V,TRUE,100,0,0,TRUE,8TYW,8T1V,
GRPR,grpr,grpr_human,A,Homo sapiens,Homo sapiens:4,3,1,1,0,1,1,0,,bombesin,7W40,7W41,human,human,0,1,scFv,none,0,4,,,,,,,,,,,Homo sapiens,8H0Q,3.3,Electron microscopy,2023-08-09,7W41,2.95,X-ray diffraction,2023-02-22,2023-02-22,2023-02-22,0,1,1,0,3,0,1,1,1,1,1,P30550,GRPR_HUMAN,Gastrin-releasing peptide receptor,GRPR,Homo sapiens (Human),grpr_human,001_002_003,"Cryo-EM Structure of Human Gastrin Releasing Peptide Receptor in complex with the agonist Bombesin (6-14) [D-Phe6, beta-Ala11, Phe13, Nle14] and Gq heterotrimers","Maltodextrin-binding protein,Gastrin-releasing peptide receptor",4,1,0,3.0,EM,2023-02-22,Escherichia coli;Homo sapiens,,,,,,0,,,,,Structure of the GRP14-27-GRPR-Gq complex,Gastrin-releasing peptide receptor,1,0,1,0,3.3,EM,2023-08-09,Homo sapiens,Crystal Structure of Human Gastrin Releasing Peptide Receptor in complex with the antagonist PD176252,"Gastrin-releasing peptide receptor,GlgA glycogen synthase",3,0,0,2.952,X-ray,2023-02-22,Homo sapiens;Pyrococcus abyssi GE5;Homo sapiens,,,,,,0,,,,,Crystal Structure of Human Gastrin Releasing Peptide Receptor in complex with the antagonist PD176252,"Gastrin-releasing peptide receptor,GlgA glycogen synthase",3,1,0,0,2.952,X-ray,2023-02-22,Homo sapiens;Pyrococcus abyssi GE5;Homo sapiens,peptide,small-molecule,Bombesin,8B8,C1|H-protenix,,7W40,7W41,FALSE,100,0,0,TRUE,7W40,7W41,
HRH1,hrh1,hrh1_human,A,Homo sapiens,Homo sapiens:7,2,5,1,0,1,1,1,HRH1,histamine,8YN2,8X5Y,human,human,0,1,scFv,BRIL,175,175,8YN2,8X5Y,Homo sapiens,Homo sapiens,2.66,3.0,2024-10-09,2024-01-17,Electron microscopy,Electron microscopy,Homo sapiens,8YN2,2.66,Electron microscopy,2024-10-09,8X5Y,3.0,Electron microscopy,2024-01-17,2021-03-31,2011-06-15,0,0,1,0,2,2,4,4,1,0,1,P35367,HRH1_HUMAN,Histamine H1 receptor,HRH1,Homo sapiens (Human),hrh1_human,001_001_005,Cryo-EM structure of histamine H1 receptor in complex with histamine and miniGq,Histamine H1 receptor,0,1,0,2.66,EM,2024-10-09,Homo sapiens;Homo sapiens,Cryo-EM structure of histamine H1 receptor in complex with histamine and miniGq,Histamine H1 receptor,0,0,1,0,2.66,EM,2024-10-09,Homo sapiens;Homo sapiens,Cryo-EM structure of histamine H1 receptor in complex with histamine and miniGq,Histamine H1 receptor,0,0,1,0,2.66,EM,2024-10-09,Homo sapiens;Homo sapiens,CryoEM structure of the histamine H1 receptor-BRIL/Anti BRIL Fab complex with astemizole,"Histamine H1 receptor,Soluble cytochrome b562",0,0,0,3.0,EM,2024-01-17,Homo sapiens;Escherichia coli;Escherichia coli;Homo sapiens,CryoEM structure of the histamine H1 receptor-BRIL/Anti BRIL Fab complex with astemizole,"Histamine H1 receptor,Soluble cytochrome b562",0,1,0,0,3.0,EM,2024-01-17,Homo sapiens;Escherichia coli;Escherichia coli;Homo sapiens,CryoEM structure of the histamine H1 receptor-BRIL/Anti BRIL Fab complex with astemizole,"Histamine H1 receptor,Soluble cytochrome b562",0,1,0,0,3.0,EM,2024-01-17,Homo sapiens;Escherichia coli;Escherichia coli;Homo sapiens,small-molecule,small-molecule,HSM,Y5R,C1|C1r,,8YN2,8X5Y,TRUE,100,0,0,TRUE,8YN2,8X5Y,
HRH2,hrh2,hrh2_human,A,Homo sapiens,Homo sapiens:5,4,1,1,0,0,0,1,HRH2,,,7UL3,,human,,0,,nanobody,,,8YN3,7UL3,Homo sapiens,Homo sapiens,2.56,3.0,2024-10-09,2022-06-29,Electron microscopy,Electron microscopy,Homo sapiens,8YN3,2.56,Electron microscopy,2024-10-09,7UL3,3.0,Electron microscopy,2022-06-29,2024-03-06,2022-06-29,1,1,1,0,4,4,1,1,0,0,0,P25021,HRH2_HUMAN,Histamine H2 receptor,HRH2,Homo sapiens (Human),hrh2_human,001_001_005,,,,,0,,,,,Cryo-EM structure of histamine H2 receptor in complex with histamine and miniGs,Histamine H2 receptor,0,0,1,0,2.56,EM,2024-10-09,Homo sapiens;Homo sapiens,Cryo-EM structure of histamine H2 receptor in complex with histamine and miniGs,Histamine H2 receptor,0,0,1,0,2.56,EM,2024-10-09,Homo sapiens;Homo sapiens,"CryoEM Structure of Inactive H2R Bound to Famotidine, Nb6M, and NabFab",Histamine H2 receptor,0,1,0,3.0,EM,2022-06-29,Homo sapiens;Homo sapiens;Homo sapiens,"CryoEM Structure of Inactive H2R Bound to Famotidine, Nb6M, and NabFab",Histamine H2 receptor,0,0,1,0,3.0,EM,2022-06-29,Homo sapiens;Homo sapiens;Homo sapiens,"CryoEM Structure of Inactive H2R Bound to Famotidine, Nb6M, and NabFab",Histamine H2 receptor,0,0,1,0,3.0,EM,2022-06-29,Homo sapiens;Homo sapiens;Homo sapiens,small-molecule,small-molecule,HSM,FO9,C1|C1r|H-protenix|H-boltz2,,8YN3,7UL3,TRUE,100,0,0,TRUE,8YN3,7UL3,
HRH3,hrh3,hrh3_human,A,Homo sapiens,Homo sapiens:7,6,1,1,0,1,1,1,HRH3,histamine,,7F61,,human,,0,,none,,105,8YN5,7F61,Homo sapiens,Homo sapiens,2.7,2.6,2024-10-09,2022-10-26,Electron microscopy,X-ray diffraction,Homo sapiens,8YN5,2.7,Electron microscopy,2024-10-09,7F61,2.6,X-ray diffraction,2022-10-26,2024-06-05,2022-10-26,1,1,1,0,6,6,1,0,0,1,1,Q9Y5N1,HRH3_HUMAN,Histamine H3 receptor,HRH3,Homo sapiens (Human),hrh3_human,001_001_005,,,,,0,,,,,Cryo-EM structure of histamine H3 receptor in complex with histamine and Gi,Histamine H3 receptor,0,0,1,0,2.7,EM,2024-10-09,Homo sapiens;Homo sapiens,Cryo-EM structure of histamine H3 receptor in complex with histamine and Gi,Histamine H3 receptor,0,0,1,0,2.7,EM,2024-10-09,Homo sapiens;Homo sapiens,Crystal structure of human histamine receptor H3R in complex with antagonist PF03654746,Histamine H3 receptor,1,0,0,2.6,X-ray,2022-10-26,Homo sapiens,Crystal structure of human histamine receptor H3R in complex with antagonist PF03654746,Histamine H3 receptor,1,0,0,0,2.6,X-ray,2022-10-26,Homo sapiens,Crystal structure of human histamine receptor H3R in complex with antagonist PF03654746,Histamine H3 receptor,1,0,0,0,2.6,X-ray,2022-10-26,Homo sapiens,lipid;small-molecule,small-molecule,HSM,N-ethyl-3-fluoro-3-[3-fluoro-4-(pyrrolidin-1-ylmethyl)phenyl]cyclobutane-1-carboxamide,C1|C1r|H-protenix|H-boltz2,,8YUU,7F61,TRUE,100,0,0,TRUE,8YUU,7F61,
LPAR1,lpar1,lpar1_human,A,Homo sapiens,Homo sapiens:16,13,3,1,0,1,1,0,,lysophosphatidic,7TD0,4Z36,human,human,0,1,none,none,4,4,,,,,,,,,,,Homo sapiens,7TD0,2.83,Electron microscopy,2022-02-09,4Z36,2.9,X-ray diffraction,2015-06-03,2022-02-09,2015-06-03,0,1,1,0,13,13,3,3,1,1,1,Q92633,LPAR1_HUMAN,Lysophosphatidic acid receptor 1,LPAR1,Homo sapiens (Human),lpar1_human,001_004_003,Lysophosphatidic acid receptor 1-Gi complex bound to LPA,Lysophosphatidic acid receptor 1,0,0,0,2.83,EM,2022-02-09,Homo sapiens,,,,,,0,,,,,Lysophosphatidic acid receptor 1-Gi complex bound to LPA,Lysophosphatidic acid receptor 1,0,0,0,0,2.83,EM,2022-02-09,Homo sapiens,Crystal Structure of Human Lysophosphatidic Acid Receptor 1 in complex with ONO-3080573,"Lysophosphatidic acid receptor 1,Soluble cytochrome b562",3,0,0,2.9,X-ray,2015-06-03,Homo sapiens;Escherichia coli;Escherichia coli;Homo sapiens,,,,,,0,,,,,Crystal Structure of Human Lysophosphatidic Acid Receptor 1 in complex with ONO-3080573,"Lysophosphatidic acid receptor 1,Soluble cytochrome b562",3,1,0,0,2.9,X-ray,2015-06-03,Homo sapiens;Escherichia coli;Escherichia coli;Homo sapiens,small-molecule,small-molecule,NKP,ON7,C1|C1r|H-protenix,,7TD0,4Z36,FALSE,100,0,2,TRUE,7TD0,4Z35,
LSHR,lshr,lshr_human,A,Homo sapiens,Homo sapiens:4,3,1,1,0,1,1,1,LSHR,glycohormone,7FIH,7FIJ,human,human,0,0,none,none,0,0,7FII,7FIJ,Homo sapiens,Homo sapiens,4.3,3.8,2021-09-29,2021-09-29,Electron microscopy,Electron microscopy,Homo sapiens,7FII,4.3,Electron microscopy,2021-09-29,7FIJ,3.8,Electron microscopy,2021-09-29,2021-09-29,2021-09-29,0,0,1,0,7,1,0,0,0,0,0,P22888,LSHR_HUMAN,Lutropin-choriogonadotropic hormone receptor,LHCGR,Homo sapiens (Human),lshr_human,001_003_003,luteinizing hormone/choriogonadotropin receptor(S277I)-chorionic gonadotropin-Gs-Org43553 complex,Lutropin-choriogonadotropic hormone receptor,1,0,0,3.2,EM,2021-09-29,Homo sapiens,luteinizing hormone/choriogonadotropin receptor-chorionic gonadotropin-Gs complex,Lutropin-choriogonadotropic hormone receptor,0,0,0,0,4.3,EM,2021-09-29,Homo sapiens,luteinizing hormone/choriogonadotropin receptor-chorionic gonadotropin-Gs complex,Lutropin-choriogonadotropic hormone receptor,0,0,0,0,4.3,EM,2021-09-29,Homo sapiens,luteinizing hormone/choriogonadotropin receptor,Lutropin-choriogonadotropic hormone receptor,0,0,0,3.8,EM,2021-09-29,Homo sapiens,luteinizing hormone/choriogonadotropin receptor,Lutropin-choriogonadotropic hormone receptor,0,0,0,0,3.8,EM,2021-09-29,Homo sapiens,luteinizing hormone/choriogonadotropin receptor,Lutropin-choriogonadotropic hormone receptor,0,0,0,0,3.8,EM,2021-09-29,Homo sapiens,protein;small-molecule,,55Z,,C1,,7FIH,7FIJ,TRUE,100,0,0,TRUE,7FIH,7FIJ,
LT4R1,lt4r1,lt4r1_human,A,Homo sapiens,Homo sapiens:2,1,1,1,0,1,1,0,,leukotriene,7VKT,7K15,human,human,0,1,none,none,0,0,,,,,,,,,,,Homo sapiens,7VKT,2.9,Electron microscopy,2022-03-09,7K15,2.88,X-ray diffraction,2021-02-17,2022-03-09,2021-02-17,0,1,1,0,1,1,1,1,1,1,1,Q15722,LT4R1_HUMAN,Leukotriene B4 receptor 1,LTB4R,Homo sapiens (Human),lt4r1_human,001_004_002,cryo-EM structure of LTB4-bound BLT1 in complex with Gi protein,Leukotriene B4 receptor 1,1,1,0,2.9,EM,2022-03-09,Homo sapiens,,,,,,0,,,,,cryo-EM structure of LTB4-bound BLT1 in complex with Gi protein,Leukotriene B4 receptor 1,1,0,1,0,2.9,EM,2022-03-09,Homo sapiens,Crystal structure of the Human Leukotriene B4 Receptor 1 in Complex with Selective Antagonist MK-D-046,"Leukotriene B4 receptor 1,Flavodoxin,Leukotriene B4 receptor 1",0,0,0,2.88,X-ray,2021-02-17,Homo sapiens;Nitratidesulfovibrio vulgaris str. Hildenborough;Homo sapiens,,,,,,0,,,,,Crystal structure of the Human Leukotriene B4 Receptor 1 in Complex with Selective Antagonist MK-D-046,"Leukotriene B4 receptor 1,Flavodoxin,Leukotriene B4 receptor 1",0,1,0,0,2.88,X-ray,2021-02-17,Homo sapiens;Nitratidesulfovibrio vulgaris str. Hildenborough;Homo sapiens,small-molecule,small-molecule,LTB,VRJ,C1|C1r|H-protenix,,7VKT,7K15,FALSE,100,0,0,TRUE,7VKT,7K15,
MCHR1,mchr1,mchr1_human,A,Homo sapiens,Homo sapiens:10,8,2,1,0,1,1,1,MCHR1,melanin_concentrating_hormone,8WWK,8YNS,human,human,0,1,none,none,0,8,8WWK,8YNS,Homo sapiens,Homo sapiens,2.61,3.33,2024-11-13,2024-12-18,Electron microscopy,Electron microscopy,Homo sapiens,8WWK,2.61,Electron microscopy,2024-11-13,8YNS,3.33,Electron microscopy,2024-12-18,2024-06-19,2024-12-18,1,1,1,1,5,0,2,2,1,1,1,Q99705,MCHR1_HUMAN,Melanin-concentrating hormone receptor 1,MCHR1,Homo sapiens (Human),mchr1_human,001_002_013,"MCH-MCHR1-Gi complex, T1 state","Fusion protein 1,Melanin-concentrating hormone receptor 1,Fusion protein 2",0,1,0,2.61,EM,2024-11-13,Homo sapiens;Homo sapiens;Homo sapiens,"MCH-MCHR1-Gi complex, T1 state","Fusion protein 1,Melanin-concentrating hormone receptor 1,Fusion protein 2",0,0,1,0,2.61,EM,2024-11-13,Homo sapiens;Homo sapiens;Homo sapiens,"MCH-MCHR1-Gi complex, T1 state","Fusion protein 1,Melanin-concentrating hormone receptor 1,Fusion protein 2",0,0,1,0,2.61,EM,2024-11-13,Homo sapiens;Homo sapiens;Homo sapiens,"Cryo-EM structure of SNAP-94847-bound MCHR1, S1 state","Melanin-concentrating hormone receptor 1,Soluble cytochrome b562",0,1,0,3.33,EM,2024-12-18,Homo sapiens;Homo sapiens;Escherichia coli;Escherichia coli CFT073;Homo sapiens,"Cryo-EM structure of SNAP-94847-bound MCHR1, S1 state","Melanin-concentrating hormone receptor 1,Soluble cytochrome b562",0,1,1,0,3.33,EM,2024-12-18,Homo sapiens;Homo sapiens;Escherichia coli;Escherichia coli CFT073;Homo sapiens,"Cryo-EM structure of SNAP-94847-bound MCHR1, S1 state","Melanin-concentrating hormone receptor 1,Soluble cytochrome b562",0,1,1,0,3.33,EM,2024-12-18,Homo sapiens;Homo sapiens;Escherichia coli;Escherichia coli CFT073;Homo sapiens,peptide,small-molecule,pro-MCH,A1D6T,C1|H-protenix|H-boltz2|H-boltz2-both,,8WWK,8YNS,TRUE,100,0,0,TRUE,8WWK,8YNS,
MTR1A,mtr1a,mtr1a_human,A,Homo sapiens,Homo sapiens:8,3,5,1,0,0,0,1,MTR1A,,,6ME2,,human,,1,,none,,,7VGY,6ME2,Homo sapiens,Homo sapiens,3.1,2.8,2022-03-02,2019-04-24,Electron microscopy,X-ray diffraction,Homo sapiens,7VGY,3.1,Electron microscopy,2022-03-02,6ME2,2.8,X-ray diffraction,2019-04-24,2021-08-18,2019-04-24,0,0,1,0,8,8,0,0,0,0,0,P48039,MTR1A_HUMAN,Melatonin receptor type 1A,MTNR1A,Homo sapiens (Human),mtr1a_human,001_005_001,,,,,0,,,,,Melatonin receptor1-2-Iodomelatonin-Gicomplex,Melatonin receptor type 1A,0,0,1,0,3.1,EM,2022-03-02,Homo sapiens,Melatonin receptor1-2-Iodomelatonin-Gicomplex,Melatonin receptor type 1A,0,0,1,0,3.1,EM,2022-03-02,Homo sapiens,XFEL crystal structure of human melatonin receptor MT1 in complex with ramelteon,chimera protein of Melatonin receptor type 1A and GlgA glycogen synthase,0,0,0,2.8,X-ray,2019-04-24,Homo sapiens;Pyrococcus abyssi GE5;Homo sapiens,XFEL crystal structure of human melatonin receptor MT1 in complex with ramelteon,chimera protein of Melatonin receptor type 1A and GlgA glycogen synthase,0,1,0,0,2.8,X-ray,2019-04-24,Homo sapiens;Pyrococcus abyssi GE5;Homo sapiens,XFEL crystal structure of human melatonin receptor MT1 in complex with ramelteon,chimera protein of Melatonin receptor type 1A and GlgA glycogen synthase,0,1,0,0,2.8,X-ray,2019-04-24,Homo sapiens;Pyrococcus abyssi GE5;Homo sapiens,small-molecule,,AWY,,C1,,7VGY,6ME2,TRUE,100,0,0,TRUE,7VGY,6ME2,
MTR1B,mtr1b,mtr1b_human,A,Homo sapiens,Homo sapiens:5,1,4,1,0,0,0,0,,,,6ME6,,human,,1,,BRIL,,,,,,,,,,,,,Homo sapiens,7VH0,3.46,Electron microscopy,2022-03-02,6ME6,2.8,X-ray diffraction,2019-04-24,2022-03-02,2019-04-24,0,1,1,0,5,5,0,0,0,0,0,P49286,MTR1B_HUMAN,Melatonin receptor type 1B,MTNR1B,Homo sapiens (Human),mtr1b_human,001_005_001,,,,,0,,,,,,,,,,0,,,,,MT2-remalteon-Gi complex,Melatonin receptor type 1B,0,0,1,0,3.46,EM,2022-03-02,Homo sapiens,XFEL crystal structure of human melatonin receptor MT2 in complex with 2-phenylmelatonin,"Soluble cytochrome b562,Melatonin receptor type 1B,Rubredoxin",11,0,0,2.8,X-ray,2019-04-24,Escherichia coli;Homo sapiens;Clostridium pasteurianum;Homo sapiens,,,,,,0,,,,,XFEL crystal structure of human melatonin receptor MT2 in complex with 2-phenylmelatonin,"Soluble cytochrome b562,Melatonin receptor type 1B,Rubredoxin",11,1,0,0,2.8,X-ray,2019-04-24,Escherichia coli;Homo sapiens;Clostridium pasteurianum;Homo sapiens,small-molecule,,JEV,,C1|H-protenix,,7VH0,6ME6,FALSE,100,0,0,TRUE,7VH0,6ME6,
NK1R,nk1r,nk1r_human,A,Homo sapiens,Homo sapiens:12,6,6,1,0,0,0,1,NK1R,,8U26,,human,,0,,none,,,,8U26,6E59,Homo sapiens,Homo sapiens,2.5,3.4,2023-11-15,2018-12-12,Electron microscopy,X-ray diffraction,Homo sapiens,8U26,2.5,Electron microscopy,2023-11-15,6E59,3.4,X-ray diffraction,2018-12-12,2021-11-03,2018-12-12,0,1,1,0,6,0,6,6,0,0,0,P25103,NK1R_HUMAN,Substance-P receptor,TACR1,Homo sapiens (Human),nk1r_human,001_002_029,Gaussian Mixture Models based single particle refinement - GPCR (Substance P bound to active human neurokinin 1 receptor in complex with miniGs399 from EMPIAR-10786),Substance-P receptor,0,1,0,2.5,EM,2023-11-15,Homo sapiens,Gaussian Mixture Models based single particle refinement - GPCR (Substance P bound to active human neurokinin 1 receptor in complex with miniGs399 from EMPIAR-10786),Substance-P receptor,0,0,1,0,2.5,EM,2023-11-15,Homo sapiens,Gaussian Mixture Models based single particle refinement - GPCR (Substance P bound to active human neurokinin 1 receptor in complex with miniGs399 from EMPIAR-10786),Substance-P receptor,0,0,1,0,2.5,EM,2023-11-15,Homo sapiens,,,,,0,,,,,Crystal structure of the human NK1 tachykinin receptor,"Substance-P receptor, GlgA glycogen synthase, Substance-P receptor chimera",0,1,0,0,3.4,X-ray,2018-12-12,Homo sapiens;Pyrococcus abyssi GE5;Homo sapiens,Crystal structure of the human NK1 tachykinin receptor,"Substance-P receptor, GlgA glycogen synthase, Substance-P receptor chimera",0,1,0,0,3.4,X-ray,2018-12-12,Homo sapiens;Pyrococcus abyssi GE5;Homo sapiens,peptide,small-molecule,substance P,GAW,C1|H-protenix,,8U26,6HLP,TRUE,100,0,0,TRUE,8U26,6HLP,
NPY1R,npy1r,npy1r_human,A,Homo sapiens,Homo sapiens:6,4,2,1,0,1,1,0,,npy,7X9A,5ZBQ,human,human,0,1,none,none,0,3,,,,,,,,,,,Homo sapiens,7X9A,3.2,Electron microscopy,2022-05-18,5ZBQ,2.7,X-ray diffraction,2018-04-25,2022-02-23,2018-04-25,0,1,1,0,4,0,2,2,1,1,1,P25929,NPY1R_HUMAN,Neuropeptide Y receptor type 1,NPY1R,Homo sapiens (Human),npy1r_human,001_002_020,Cryo-EM structure of neuropeptide Y Y1 receptor in complex with NPY and Gi,Neuropeptide Y receptor type 1,0,0,0,3.2,EM,2022-05-18,Homo sapiens,,,,,,0,,,,,Cryo-EM structure of neuropeptide Y Y1 receptor in complex with NPY and Gi,Neuropeptide Y receptor type 1,0,0,0,0,3.2,EM,2022-05-18,Homo sapiens,The Crystal Structure of human neuropeptide Y Y1 receptor with UR-MK299,"Neuropeptide Y receptor type 1,T4 Lysozyme",3,0,0,2.7,X-ray,2018-04-25,Homo sapiens;Enterobacteria phage RB55,,,,,,0,,,,,The Crystal Structure of human neuropeptide Y Y1 receptor with UR-MK299,"Neuropeptide Y receptor type 1,T4 Lysozyme",3,1,0,0,2.7,X-ray,2018-04-25,Homo sapiens;Enterobacteria phage RB55,peptide,small-molecule,neuropeptide Y,9AO,C1|H-protenix,,7VGX,5ZBQ,FALSE,100,0,1,TRUE,7VGX,5ZBQ,
NPY2R,npy2r,npy2r_human,A,Homo sapiens,Homo sapiens:5,4,1,1,0,1,1,1,NPY2R,npy,7YON,7DDZ,human,human,0,0,scFv,none,0,0,8K6N,7DDZ,Homo sapiens,Homo sapiens,3.2,2.8,2024-07-31,2021-01-27,Electron microscopy,X-ray diffraction,Homo sapiens,8K6N,3.2,Electron microscopy,2024-07-31,7DDZ,2.8,X-ray diffraction,2021-01-27,2022-05-18,2021-01-27,0,1,1,0,4,0,1,1,1,1,1,P49146,NPY2R_HUMAN,Neuropeptide Y receptor type 2,NPY2R,Homo sapiens (Human),npy2r_human,001_002_020,Complex structure of Neuropeptide Y Y2 receptor in complex with PYY(3-36) and Gi,Neuropeptide Y receptor type 2,2,1,0,2.95,EM,2023-03-22,Homo sapiens,Structural complex of neuropeptide Y receptor 2,Neuropeptide Y receptor type 2,0,0,1,0,3.2,EM,2024-07-31,Homo sapiens,Structural complex of neuropeptide Y receptor 2,Neuropeptide Y receptor type 2,0,0,1,0,3.2,EM,2024-07-31,Homo sapiens,The Crystal Structure of Human Neuropeptide Y Y2 Receptor with JNJ-31020028,Human Neuropeptide Y Y2 Receptor fusion protein,0,0,0,2.8,X-ray,2021-01-27,Enterobacteria phage RB59;Homo sapiens;Nitratidesulfovibrio vulgaris str. Hildenborough;Homo sapiens,The Crystal Structure of Human Neuropeptide Y Y2 Receptor with JNJ-31020028,Human Neuropeptide Y Y2 Receptor fusion protein,0,0,0,0,2.8,X-ray,2021-01-27,Enterobacteria phage RB59;Homo sapiens;Nitratidesulfovibrio vulgaris str. Hildenborough;Homo sapiens,The Crystal Structure of Human Neuropeptide Y Y2 Receptor with JNJ-31020028,Human Neuropeptide Y Y2 Receptor fusion protein,0,0,0,0,2.8,X-ray,2021-01-27,Enterobacteria phage RB59;Homo sapiens;Nitratidesulfovibrio vulgaris str. Hildenborough;Homo sapiens,peptide,small-molecule,Peptide YY,H46,C1|H-protenix,,7YON,7DDZ,TRUE,100,0,0,TRUE,7YON,7DDZ,
NTR1,ntr1,ntr1_human;ntr1_rat,A,Rattus norvegicus,Rattus norvegicus:19;Homo sapiens:8,18,9,1,0,0,0,1,NTR1,,6OS9,,human,,0,,none,,,,8FN1,7UL2,Rattus norvegicus,Homo sapiens,2.88,2.4,2023-03-29,2022-06-29,Electron microscopy,Electron microscopy,Homo sapiens,8JPF,3.02,Electron microscopy,2023-08-09,7UL2,2.4,Electron microscopy,2022-06-29,2012-10-17,2014-01-29,0,0,0,0,23,0,4,4,0,0,0,P30989,NTR1_HUMAN,Neurotensin receptor type 1,NTSR1,Homo sapiens (Human),ntr1_human,001_002_021,human Neurotensin Receptor 1 (hNTSR1) - Gi1 Protein Complex in canonical conformation (C state),Neurotensin receptor type 1,1,1,0,3.0,EM,2019-07-10,Homo sapiens,CryoEM structure of Go-coupled NTSR1,Neurotensin receptor type 1,0,0,1,0,2.88,EM,2023-03-29,Rattus norvegicus,Focused refiment structure of NTSR1 in NTSR1-GRK2-Galpha(q) complexes,Neurotensin receptor type 1,0,0,0,0,3.02,EM,2023-08-09,Homo sapiens,,,,,0,,,,,CryoEM Structure of Inactive NTSR1 Bound to SR48692 and Nb6,Neurotensin receptor 1,0,0,1,0,2.4,EM,2022-06-29,Homo sapiens;Homo sapiens;Homo sapiens,CryoEM Structure of Inactive NTSR1 Bound to SR48692 and Nb6,Neurotensin receptor 1,0,0,1,0,2.4,EM,2022-06-29,Homo sapiens;Homo sapiens;Homo sapiens,peptide;protein,small-molecule,CHEMBL48981,Q6Q,C1,,6OS9,7UL2,TRUE,83,0,0,TRUE,6OS9,7UL2,
OPRD,oprd,oprd_human;oprd_mouse,A,Homo sapiens,Homo sapiens:7;Mus musculus:1,4,4,1,0,1,1,0,,opioid,6PT2,4N6H,human,human,0,1,none,none,0,0,,,,,,,,,,,Homo sapiens,6PT2,2.8,X-ray diffraction,2019-12-11,4N6H,1.8,X-ray diffraction,2013-12-25,2019-12-11,2012-05-16,0,0,0,0,4,3,4,2,1,1,1,P41143,OPRD_HUMAN,Delta-type opioid receptor,OPRD1,Homo sapiens (Human),oprd_human,001_002_022,Crystal structure of the active delta opioid receptor in complex with the peptide agonist KGCHM07,Delta opioid receptor,0,0,0,2.8,X-ray,2019-12-11,Homo sapiens,,,,,,0,,,,,Crystal structure of the active delta opioid receptor in complex with the peptide agonist KGCHM07,Delta opioid receptor,0,0,0,0,2.8,X-ray,2019-12-11,Homo sapiens,1.8 A Structure of the human delta opioid 7TM receptor (PSI Community Target),"Soluble cytochrome b562, Delta-type opioid receptor chimeric protein",4,0,0,1.8,X-ray,2013-12-25,Escherichia coli;Homo sapiens,,,,,,0,,,,,1.8 A Structure of the human delta opioid 7TM receptor (PSI Community Target),"Soluble cytochrome b562, Delta-type opioid receptor chimeric protein",4,1,0,0,1.8,X-ray,2013-12-25,Escherichia coli;Homo sapiens,peptide;protein;small-molecule,peptide;small-molecule,A1LXY,EJ4,C1|C1r,,6PT2,4N6H,FALSE,69,0,1,TRUE,8F7S,4RWD,
OPRK,oprk,oprk_human,A,Homo sapiens,Homo sapiens:11,9,2,1,0,1,1,1,OPRK,opioid,8FEG,4DJH,human,human,0,1,none,T4L,0,0,8FEG,6VI4,Homo sapiens,Homo sapiens,2.54,3.3,2023-12-06,2020-03-18,Electron microscopy,X-ray diffraction,Homo sapiens,8FEG,2.54,Electron microscopy,2023-12-06,6VI4,3.3,X-ray diffraction,2020-03-18,2018-01-17,2012-03-21,0,0,0,0,9,6,2,2,1,1,1,P41145,OPRK_HUMAN,Kappa-type opioid receptor,OPRK1,Homo sapiens (Human),oprk_human,001_002_022,CryoEM structure of Kappa Opioid Receptor bound to a semi-peptide and Gi1,Kappa-type opioid receptor,0,1,0,2.54,EM,2023-12-06,Homo sapiens,CryoEM structure of Kappa Opioid Receptor bound to a semi-peptide and Gi1,Kappa-type opioid receptor,0,0,1,0,2.54,EM,2023-12-06,Homo sapiens,CryoEM structure of Kappa Opioid Receptor bound to a semi-peptide and Gi1,Kappa-type opioid receptor,0,0,1,0,2.54,EM,2023-12-06,Homo sapiens,Structure of the human kappa opioid receptor in complex with JDTic,"Kappa-type opioid receptor, Lysozyme",3,0,0,2.9,X-ray,2012-03-21,Homo sapiens;Homo sapiens;Tequatrovirus T4,Nanobody-Enabled Monitoring of Kappa Opioid Receptor States,Kappa opioid receptor,1,0,1,0,3.3,X-ray,2020-03-18,Homo sapiens,Nanobody-Enabled Monitoring of Kappa Opioid Receptor States,Kappa opioid receptor,1,0,1,0,3.3,X-ray,2020-03-18,Homo sapiens,peptide;small-molecule,small-molecule,IVB,JDC,C1,,8FEG,4DJH,TRUE,100,0,1,TRUE,8FEG,4DJH,
OPRM,oprm,oprm_human;oprm_mouse,A,Mus musculus,Mus musculus:15;Homo sapiens:10,21,4,1,0,0,0,1,OPRM,,,4DKL,,mouse,,1,,none,,,8E0G,7UL4,Mus musculus,Mus musculus,2.1,2.8,2023-10-18,2022-06-29,X-ray diffraction,Electron microscopy,Mus musculus,5C1M,2.07,X-ray diffraction,2015-08-05,7UL4,2.8,Electron microscopy,2022-06-29,2015-08-05,2012-03-21,0,0,0,0,21,11,4,3,0,0,0,P42866,OPRM_MOUSE,Mu-type opioid receptor,Oprm1,Mus musculus (Mouse),oprm_mouse,001_002_022,,,,,0,,,,,Re-refined model of active mu-opioid receptor (PDB 5c1m) as an adduct with BU72,Mu-type opioid receptor,0,0,1,0,2.1,X-ray,2023-10-18,Mus musculus,Crystal structure of active mu-opioid receptor bound to the agonist BU72,Mu-type opioid receptor,0,0,1,0,2.07,X-ray,2015-08-05,Mus musculus,Crystal structure of the mu-opioid receptor bound to a morphinan antagonist,"Mu-type opioid receptor, lysozyme chimera",3,0,0,2.8,X-ray,2012-03-21,Mus musculus;Mus musculus;Tequatrovirus T4,CryoEM Structure of Inactive MOR Bound to Alvimopan and Mb6,Mu-type opioid receptor,0,0,1,0,2.8,EM,2022-06-29,Mus musculus,CryoEM Structure of Inactive MOR Bound to Alvimopan and Mb6,Mu-type opioid receptor,0,0,1,0,2.8,EM,2022-06-29,Mus musculus,peptide;small-molecule,protein;small-molecule,EID,BF0,C1|C1r,,5C1M,4DKL,TRUE,100,0,0,TRUE,5C1M,4DKL,
OPRX,oprx,oprx_human,A,Homo sapiens,Homo sapiens:4,1,3,1,0,1,1,0,,opioid_nociceptin,8F7X,5DHH,human,human,0,1,none,none,0,0,,,,,,,,,,,Homo sapiens,8F7X,3.28,Electron microscopy,2022-12-14,5DHH,3.0,X-ray diffraction,2015-10-21,2022-12-14,2012-04-25,0,1,1,0,1,0,3,3,1,1,1,P41146,OPRX_HUMAN,Nociceptin receptor,OPRL1,Homo sapiens (Human),oprx_human,001_002_022,Gi bound nociceptin receptor in complex with nociceptin peptide,Nociceptin receptor,0,1,0,3.28,EM,2022-12-14,Homo sapiens,,,,,,0,,,,,Gi bound nociceptin receptor in complex with nociceptin peptide,Nociceptin receptor,0,0,1,0,3.28,EM,2022-12-14,Homo sapiens,The crystal structure of nociceptin/orphanin FQ peptide receptor (NOP) in complex with SB-612111 (PSI Community Target),"Soluble cytochrome b562,Nociceptin receptor",3,0,0,3.004,X-ray,2015-10-21,Escherichia coli;Homo sapiens,,,,,,0,,,,,The crystal structure of nociceptin/orphanin FQ peptide receptor (NOP) in complex with SB-612111 (PSI Community Target),"Soluble cytochrome b562,Nociceptin receptor",3,1,0,0,3.004,X-ray,2015-10-21,Escherichia coli;Homo sapiens,peptide,small-molecule,nociceptin/orphanin FQ,DGW,C1|H-protenix,,8F7X,5DHH,FALSE,100,0,0,TRUE,8F7X,5DHH,
OPSD,opsd,opsd_bovin;opsd_human;opsd_todpa,A,Bos taurus,Bos taurus:63;Todarodes pacificus:5;Homo sapiens:4,42,30,1,0,1,1,1,OPSD,opsin_vertebrate,4X1H,7ZBC,bovin,bovin,0,0,none,none,0,2,4X1H,8A6E,Bos taurus,Bos taurus,2.29,1.8,2015-11-04,2023-03-29,X-ray diffraction,X-ray diffraction,Bos taurus,4X1H,2.29,X-ray diffraction,2015-11-04,7ZBC,1.8,X-ray diffraction,2023-03-29,2008-06-24,2000-08-04,0,0,0,0,30,30,17,17,0,0,0,P02699,OPSD_BOVIN,Rhodopsin,RHO,Bos taurus (Bovine),opsd_bovin,001_009_001_vert,Opsin/G(alpha) peptide complex stabilized by nonyl-glucoside,Rhodopsin,0,0,0,2.29,X-ray,2015-11-04,Bos taurus,Opsin/G(alpha) peptide complex stabilized by nonyl-glucoside,Rhodopsin,0,0,0,0,2.29,X-ray,2015-11-04,Bos taurus,Opsin/G(alpha) peptide complex stabilized by nonyl-glucoside,Rhodopsin,0,0,0,0,2.29,X-ray,2015-11-04,Bos taurus,Dark state crystal structure of bovine rhodopsin in Lipidic Cubic Phase (SACLA),Rhodopsin,0,0,0,1.8,X-ray,2023-03-29,Bos taurus,100 picosecond light activated crystal structure of bovine rhodopsin in Lipidic Cubic Phase (SACLA),Rhodopsin,0,0,0,0,1.8,X-ray,2023-03-29,Bos taurus,Dark state crystal structure of bovine rhodopsin in Lipidic Cubic Phase (SACLA),Rhodopsin,0,0,0,0,1.8,X-ray,2023-03-29,Bos taurus,small-molecule,small-molecule,DOK,RET,C1|C1r,,4X1H,7ZBC,TRUE,100,0,0,TRUE,4X1H,7ZBC,
OX2R,ox2r,ox2r_human,A,Homo sapiens,Homo sapiens:11,4,7,1,0,1,1,1,OX2R,orexin,,5WQC,,human,,1,,none,,32,7L1V,5WQC,Homo sapiens,Homo sapiens,3.0,1.96,2021-02-10,2017-11-29,Electron microscopy,X-ray diffraction,Homo sapiens,7L1V,3.0,Electron microscopy,2021-02-10,7XRR,2.89,X-ray diffraction,2022-11-23,2021-02-10,2015-01-14,0,0,1,0,4,1,7,7,1,1,1,O43614,OX2R_HUMAN,Orexin receptor type 2,HCRTR2,Homo sapiens (Human),ox2r_human,001_002_023,,,,,0,,,,,Orexin Receptor 2 (OX2R) in Complex with G Protein and Small-Molecule Agonist Compound 1,Hypocretin receptor type 2,0,0,1,0,3.0,EM,2021-02-10,Homo sapiens,Orexin Receptor 2 (OX2R) in Complex with G Protein and Small-Molecule Agonist Compound 1,Hypocretin receptor type 2,0,0,1,0,3.0,EM,2021-02-10,Homo sapiens,Crystal structure of human orexin 2 receptor bound to the selective antagonist EMPA determined by the synchrotron light source at SPring-8.,"Orexin receptor type 2,GlgA glycogen synthase,Orexin receptor type 2",0,0,0,1.96,X-ray,2017-11-29,Homo sapiens;Pyrococcus abyssi GE5;Homo sapiens,Crystal structure of human orexin 2 receptor bound to the selective antagonist EMPA determined by the synchrotron light source at SPring-8.,"Orexin receptor type 2,GlgA glycogen synthase,Orexin receptor type 2",0,1,0,0,1.96,X-ray,2017-11-29,Homo sapiens;Pyrococcus abyssi GE5;Homo sapiens,Crystal structure of the human OX2R bound to the insomnia drug lemborexant.,Orexin receptor type 2,0,0,0,0,2.89,X-ray,2022-11-23,Homo sapiens,peptide;small-molecule,small-molecule,XGD,SUV,C1|C1r,,7L1V,5WQC,TRUE,100,0,0,TRUE,7L1V,6TPN,
OXYR,oxyr,oxyr_human,A,Homo sapiens,Homo sapiens:3,2,1,1,0,0,0,1,OXYR,,7RYC,6TPK,human,human,0,0,scFv,none,,,7RYC,6TPK,Homo sapiens,Homo sapiens,2.9,3.2,2022-03-09,2020-08-05,Electron microscopy,X-ray diffraction,Homo sapiens,7RYC,2.9,Electron microscopy,2022-03-09,6TPK,3.2,X-ray diffraction,2020-08-05,2022-03-09,2020-08-05,0,1,1,0,2,0,1,1,0,0,0,P30559,OXYR_HUMAN,Oxytocin receptor,OXTR,Homo sapiens (Human),oxyr_human,001_002_032,Oxytocin receptor (OTR) bound to oxytocin in complex with a heterotrimeric Gq protein,Oxytocin receptor,0,1,0,2.9,EM,2022-03-09,Homo sapiens,Oxytocin receptor (OTR) bound to oxytocin in complex with a heterotrimeric Gq protein,Oxytocin receptor,0,0,1,0,2.9,EM,2022-03-09,Homo sapiens,Oxytocin receptor (OTR) bound to oxytocin in complex with a heterotrimeric Gq protein,Oxytocin receptor,0,0,1,0,2.9,EM,2022-03-09,Homo sapiens,Crystal structure of the human oxytocin receptor,Oxytocin receptor,0,0,0,3.2,X-ray,2020-08-05,Homo sapiens,Crystal structure of the human oxytocin receptor,Oxytocin receptor,0,0,0,0,3.2,X-ray,2020-08-05,Homo sapiens,Crystal structure of the human oxytocin receptor,Oxytocin receptor,0,0,0,0,3.2,X-ray,2020-08-05,Homo sapiens,peptide,small-molecule,oxytocin,NU2,C1|H-protenix,,7RYC,6TPK,TRUE,100,0,0,TRUE,7RYC,6TPK,
PD2R2,pd2r2,pd2r2_human,A,Homo sapiens,Homo sapiens:6,3,3,1,0,0,0,1,PD2R2,,8XXV,7M8W,human,human,0,0,none,none,,,8XXV,7M8W,Homo sapiens,Homo sapiens,2.33,2.61,2024-12-04,2021-08-25,Electron microscopy,X-ray diffraction,Homo sapiens,8XXV,2.33,Electron microscopy,2024-12-04,7M8W,2.61,X-ray diffraction,2021-08-25,2024-12-04,2018-10-03,1,1,1,0,1,0,3,3,0,0,0,Q9Y5Y4,PD2R2_HUMAN,Prostaglandin D2 receptor 2,PTGDR2,Homo sapiens (Human),pd2r2_human,001_004_008,Cryo-EM Structure of the Prostaglandin D2 Receptor 2-indomethacin Coupled to G Protein,Prostaglandin D2 receptor 2,0,1,0,2.33,EM,2024-12-04,Homo sapiens,Cryo-EM Structure of the Prostaglandin D2 Receptor 2-indomethacin Coupled to G Protein,Prostaglandin D2 receptor 2,0,0,1,0,2.33,EM,2024-12-04,Homo sapiens,Cryo-EM Structure of the Prostaglandin D2 Receptor 2-indomethacin Coupled to G Protein,Prostaglandin D2 receptor 2,0,0,1,0,2.33,EM,2024-12-04,Homo sapiens,XFEL crystal structure of the prostaglandin D2 receptor CRTH2 in complex with 15R-methyl-PGD2,"Prostaglandin D2 receptor 2, Endolysin chimera",0,0,0,2.61,X-ray,2021-08-25,Homo sapiens;Tequatrovirus T4;Tequatrovirus T4;Homo sapiens,XFEL crystal structure of the prostaglandin D2 receptor CRTH2 in complex with 15R-methyl-PGD2,"Prostaglandin D2 receptor 2, Endolysin chimera",0,0,0,0,2.61,X-ray,2021-08-25,Homo sapiens;Tequatrovirus T4;Tequatrovirus T4;Homo sapiens,XFEL crystal structure of the prostaglandin D2 receptor CRTH2 in complex with 15R-methyl-PGD2,"Prostaglandin D2 receptor 2, Endolysin chimera",0,1,0,0,2.61,X-ray,2021-08-25,Homo sapiens;Tequatrovirus T4;Tequatrovirus T4;Homo sapiens,lipid,small-molecule,PGD2,YSS,C1|C1r|H-protenix|H-boltz2,,8XXV,7M8W,TRUE,100,0,0,TRUE,8XXV,7M8W,
PE2R4,pe2r4,pe2r4_human,A,Homo sapiens,Homo sapiens:8,6,2,1,0,0,0,0,,,8GCP,5YWY,human,human,0,0,none,none,,,,,,,,,,,,,Homo sapiens,8GDB,3.1,Electron microscopy,2024-01-10,5YHL,4.2,X-ray diffraction,2018-12-05,2020-11-18,2018-12-05,0,0,0,0,6,6,2,2,0,0,0,P35408,PE2R4_HUMAN,Prostaglandin E2 receptor EP4 subtype,PTGER4,Homo sapiens (Human),pe2r4_human,001_004_008,Cryo-EM Structure of the Prostaglandin E2 Receptor 4 Coupled to G Protein,Prostaglandin E2 receptor EP4 subtype,0,1,0,3.1,EM,2024-01-03,Homo sapiens,,,,,,0,,,,,Cryo-EM Structure of the Prostaglandin E2 Receptor 4 Coupled to G Protein,Prostaglandin E2 receptor EP4 subtype,0,0,1,0,3.1,EM,2024-01-10,Homo sapiens,Crystal structure of the human prostaglandin E receptor EP4 in complex with Fab and ONO-AE3-208,"Prostaglandin E2 receptor EP4 subtype,Prostaglandin E2 receptor EP4 subtype",10,1,0,3.2,X-ray,2018-12-05,Homo sapiens;Homo sapiens,,,,,,0,,,,,Crystal structure of the human prostaglandin E receptor EP4 in complex with Fab and an antagonist Br-derivative,Prostaglandin E2 receptor EP4 subtype,5,0,1,0,4.2,X-ray,2018-12-05,Homo sapiens,lipid;small-molecule,small-molecule,P2E,8VL,C1,,8GCP,5YWY,FALSE,100,0,0,TRUE,8GCP,5YWY,
PTH1R,pth1r,pth1r_human,B1,Homo sapiens,Homo sapiens:24,23,1,1,0,1,0,0,,,8FLQ,6FJ3,human,human,0,1,native_Gs,none,,,,,,,,,,,,,Homo sapiens,8FLQ,2.55,Electron microscopy,2023-04-26,6FJ3,2.5,X-ray diffraction,2018-11-21,2019-04-17,2018-11-21,0,0,0,0,24,4,0,0,0,0,0,Q03431,PTH1R_HUMAN,Parathyroid hormone/parathyroid hormone-related peptide receptor,PTH1R,Homo sapiens (Human),pth1r_human,002_001_004,Human PTH1R in complex with PTH(1-34) and Gs,Parathyroid hormone/parathyroid hormone-related peptide receptor,0,1,0,2.55,EM,2023-04-26,Homo sapiens,,,,,,0,,,,,Human PTH1R in complex with PTH(1-34) and Gs,Parathyroid hormone/parathyroid hormone-related peptide receptor,0,0,1,0,2.55,EM,2023-04-26,Homo sapiens,High resolution crystal structure of parathyroid hormone 1 receptor in complex with a peptide agonist.,"Parathyroid hormone/parathyroid hormone-related peptide receptor,Parathyroid hormone/parathyroid hormone-related peptide receptor,GlgA glycogen synthase,Parathyroid hormone/parathyroid hormone-related peptide receptor",40,0,0,2.5,X-ray,2018-11-21,Homo sapiens;Homo sapiens;Pyrococcus abyssi GE5;Homo sapiens,,,,,,0,,,,,High resolution crystal structure of parathyroid hormone 1 receptor in complex with a peptide agonist.,"Parathyroid hormone/parathyroid hormone-related peptide receptor,Parathyroid hormone/parathyroid hormone-related peptide receptor,GlgA glycogen synthase,Parathyroid hormone/parathyroid hormone-related peptide receptor",40,1,0,0,2.5,X-ray,2018-11-21,Homo sapiens;Homo sapiens;Pyrococcus abyssi GE5;Homo sapiens,peptide;small-molecule,,abaloparatide,,E-B1,,8FLQ,6FJ3,FALSE,100,0,0,TRUE,8FLQ,6FJ3,
S1PR1,s1pr1,s1pr1_human,A,Homo sapiens,Homo sapiens:17,15,2,1,0,0,0,0,,,7TD4,,human,,0,,none,,,,,,,,,,,,,,Homo sapiens,7TD4,2.6,Electron microscopy,2022-02-09,3V2Y,2.8,X-ray diffraction,2012-02-15,2021-09-29,2012-02-15,0,0,1,0,15,14,2,2,0,0,0,P21453,S1PR1_HUMAN,Sphingosine 1-phosphate receptor 1,S1PR1,Homo sapiens (Human),s1pr1_human,001_004_004,Sphingosine-1-phosphate receptor 1-Gi complex bound to Siponimod,Sphingosine 1-phosphate receptor 1,0,0,0,2.6,EM,2022-02-09,Homo sapiens,,,,,,0,,,,,Sphingosine-1-phosphate receptor 1-Gi complex bound to Siponimod,Sphingosine 1-phosphate receptor 1,0,0,0,0,2.6,EM,2022-02-09,Homo sapiens,,,,,0,,,,,,,,,,0,,,,,Crystal Structure of a Lipid G protein-Coupled Receptor at 2.80A,"Sphingosine 1-phosphate receptor 1, Lysozyme chimera (E.C.3.2.1.17)",2,1,0,0,2.8,X-ray,2012-02-15,Homo sapiens;Tequatrovirus T4;Homo sapiens,peptide;small-molecule,small-molecule,7I4,ML5,C1|C1r,,7TD4,3V2Y,FALSE,100,0,2,FALSE,,,no Inactive with <=1 mutation
S1PR5,s1pr5,s1pr5_human,A,Homo sapiens,Homo sapiens:2,1,1,1,0,0,0,1,S1PR5,,7EW1,7YXA,human,human,0,1,none,none,,,7EW1,7YXA,Homo sapiens,Homo sapiens,3.4,2.2,2021-09-29,2022-08-10,Electron microscopy,X-ray diffraction,Homo sapiens,7EW1,3.4,Electron microscopy,2021-09-29,7YXA,2.2,X-ray diffraction,2022-08-10,2021-09-29,2022-08-10,0,0,1,0,1,1,1,1,0,0,0,Q9H228,S1PR5_HUMAN,Sphingosine 1-phosphate receptor 5,S1PR5,Homo sapiens (Human),s1pr5_human,001_004_004,Cryo-EM structure of siponimod -bound Sphingosine-1-phosphate receptor 5 in complex with Gi protein,Sphingosine 1-phosphate receptor 5,0,1,0,3.4,EM,2021-09-29,Homo sapiens,Cryo-EM structure of siponimod -bound Sphingosine-1-phosphate receptor 5 in complex with Gi protein,Sphingosine 1-phosphate receptor 5,0,0,1,0,3.4,EM,2021-09-29,Homo sapiens,Cryo-EM structure of siponimod -bound Sphingosine-1-phosphate receptor 5 in complex with Gi protein,Sphingosine 1-phosphate receptor 5,0,0,1,0,3.4,EM,2021-09-29,Homo sapiens,XFEL crystal structure of the human sphingosine 1 phosphate receptor 5 in complex with ONO-5430608,"Sphingosine 1-phosphate receptor 5,Soluble cytochrome b562",0,0,0,2.2,X-ray,2022-08-10,Homo sapiens;Homo sapiens;Homo sapiens,XFEL crystal structure of the human sphingosine 1 phosphate receptor 5 in complex with ONO-5430608,"Sphingosine 1-phosphate receptor 5,Soluble cytochrome b562",0,1,0,0,2.2,X-ray,2022-08-10,Homo sapiens;Homo sapiens;Homo sapiens,XFEL crystal structure of the human sphingosine 1 phosphate receptor 5 in complex with ONO-5430608,"Sphingosine 1-phosphate receptor 5,Soluble cytochrome b562",0,1,0,0,2.2,X-ray,2022-08-10,Homo sapiens;Homo sapiens;Homo sapiens,small-molecule,small-molecule,J8C,B2O,C1,,7EW1,7YXA,TRUE,100,0,0,TRUE,7EW1,7YXA,
SMO,smo,smo_human;smo_mouse,F,Homo sapiens,Homo sapiens:15;Mus musculus:2,6,11,1,0,1,0,1,SMO,,6XBM,4JKV,human,human,0,1,none,none,,,6XBK,7ZI0,Homo sapiens,Homo sapiens,3.24,3.0,2020-09-30,2022-06-15,Electron microscopy,X-ray diffraction,Homo sapiens,6XBM,3.15,Electron microscopy,2020-09-30,7ZI0,3.0,X-ray diffraction,2022-06-15,2019-06-12,2013-04-24,0,0,0,0,8,8,8,7,0,0,0,Q99835,SMO_HUMAN,Protein smoothened,SMO,Homo sapiens (Human),smo_human,006_001_001,"Structure of human SMO-Gi complex with 24(S),25-EC",Smoothened homolog,0,1,0,3.14,EM,2020-09-30,Homo sapiens,Structure of human SMO-G111C/I496C complex with Gi,Smoothened homolog,0,0,1,0,3.24,EM,2020-09-30,Homo sapiens,"Structure of human SMO-Gi complex with 24(S),25-EC",Smoothened homolog,0,0,1,0,3.14,EM,2020-09-30,Homo sapiens,Structure of the human smoothened 7TM receptor in complex with an antitumor agent,"Soluble cytochrome b562, Smoothened homolog",3,0,0,2.45,X-ray,2013-04-24,Escherichia coli;Homo sapiens,Structure of human Smoothened in complex with cholesterol and SAG,"Smoothened homolog,Soluble cytochrome b562",0,1,0,0,3.0,X-ray,2022-06-15,Homo sapiens;Homo sapiens;Homo sapiens,Structure of human Smoothened in complex with cholesterol and SAG,"Smoothened homolog,Soluble cytochrome b562",0,1,0,0,3.0,X-ray,2022-06-15,Homo sapiens;Homo sapiens;Homo sapiens,small-molecule,small-molecule,CLR,836,E-scope,,6XBM,4JKV,TRUE,100,0,0,TRUE,6XBM,4JKV,
SSR2,ssr2,ssr2_human,A,Homo sapiens,Homo sapiens:17,14,3,1,0,0,0,1,SSR2,,,7XN9,,human,,0,,none,,,7T10,7XN9,Homo sapiens,Homo sapiens,2.5,2.6,2022-03-09,2022-08-03,Electron microscopy,X-ray diffraction,Homo sapiens,7T10,2.5,Electron microscopy,2022-03-09,7XN9,2.6,X-ray diffraction,2022-08-03,2022-03-09,2022-06-29,0,1,1,0,15,9,1,0,0,0,0,P30874,SSR2_HUMAN,Somatostatin receptor type 2,SSTR2,Homo sapiens (Human),ssr2_human,001_002_028,,,,,0,,,,,CryoEM structure of somatostatin receptor 2 in complex with somatostatin-14 and Gi3,"Somatostatin receptor type 2,Kappa-type opioid receptor",0,0,1,0,2.5,EM,2022-03-09,Homo sapiens;Homo sapiens;Homo sapiens,CryoEM structure of somatostatin receptor 2 in complex with somatostatin-14 and Gi3,"Somatostatin receptor type 2,Kappa-type opioid receptor",0,0,1,0,2.5,EM,2022-03-09,Homo sapiens;Homo sapiens;Homo sapiens,"Crystal structure of SSTR2 and L-054,522 complex","Somatostatin receptor type 2,Endo-1,4-beta-xylanase",0,0,0,2.6,X-ray,2022-08-03,Homo sapiens;Niallia circulans;Homo sapiens,"Crystal structure of SSTR2 and L-054,522 complex","Somatostatin receptor type 2,Endo-1,4-beta-xylanase",0,0,0,0,2.6,X-ray,2022-08-03,Homo sapiens;Niallia circulans;Homo sapiens,"Crystal structure of SSTR2 and L-054,522 complex","Somatostatin receptor type 2,Endo-1,4-beta-xylanase",0,0,0,0,2.6,X-ray,2022-08-03,Homo sapiens;Niallia circulans;Homo sapiens,peptide;protein;small-molecule,peptide,IUD,CYN 154806,C1|C1r|H-protenix,,7T10,7XN9,TRUE,100,0,0,TRUE,7T10,7XN9,
TA2R,ta2r,ta2r_human,A,Homo sapiens,Homo sapiens:4,2,2,1,0,0,0,0,,,8XJN,6IIU,human,human,0,1,scFv,none,,,,,,,,,,,,,Homo sapiens,8XJN,3.06,Electron microscopy,2024-02-28,6IIU,2.5,X-ray diffraction,2018-12-19,2024-02-28,2018-12-19,1,1,1,0,2,2,2,2,0,0,0,P21731,TA2R_HUMAN,Thromboxane A2 receptor,TBXA2R,Homo sapiens (Human),ta2r_human,001_004_008,Cloprosetnol bound Thromboxane A2 receptor-Gq Protein Complex,"Fusion tag,Thromboxane A2 receptor,LgBiT",0,1,0,3.06,EM,2024-02-28,synthetic construct;Homo sapiens;synthetic construct,,,,,,0,,,,,Cloprosetnol bound Thromboxane A2 receptor-Gq Protein Complex,"Fusion tag,Thromboxane A2 receptor,LgBiT",0,1,1,0,3.06,EM,2024-02-28,synthetic construct;Homo sapiens;synthetic construct,Crystal structure of the human thromboxane A2 receptor bound to ramatroban,"Soluble cytochrome b562,Thromboxane A2 receptor,Rubredoxin,Thromboxane A2 receptor",1,0,0,2.5,X-ray,2018-12-19,Escherichia coli;Homo sapiens;Clostridium pasteurianum;Homo sapiens,,,,,,0,,,,,Crystal structure of the human thromboxane A2 receptor bound to ramatroban,"Soluble cytochrome b562,Thromboxane A2 receptor,Rubredoxin,Thromboxane A2 receptor",1,1,0,0,2.5,X-ray,2018-12-19,Escherichia coli;Homo sapiens;Clostridium pasteurianum;Homo sapiens,small-molecule,small-molecule,A1D5A,A90,C1|H-protenix|H-boltz2,,8XJN,6IIU,FALSE,100,0,0,TRUE,8XJN,6IIU,
TSHR,tshr,tshr_human,A,Homo sapiens,Homo sapiens:7,5,2,1,0,0,0,1,TSHR,,7UTZ,7T9M,human,human,0,0,none,none,,,7UTZ,7T9M,Homo sapiens,Homo sapiens,2.4,3.1,2022-08-03,2022-08-10,Electron microscopy,Electron microscopy,Homo sapiens,7UTZ,2.4,Electron microscopy,2022-08-03,7T9M,3.1,Electron microscopy,2022-08-10,2022-08-03,2022-08-10,0,1,1,0,10,0,4,0,0,0,0,P16473,TSHR_HUMAN,Thyrotropin receptor,TSHR,Homo sapiens (Human),tshr_human,001_003_003,Human thyrotropin analog TR1402 bound to human Thyrotropin receptor in complex with miniGs399 (composite structure),Thyrotropin receptor,0,1,0,2.4,EM,2022-08-03,Homo sapiens,Human thyrotropin analog TR1402 bound to human Thyrotropin receptor in complex with miniGs399 (composite structure),Thyrotropin receptor,0,0,1,0,2.4,EM,2022-08-03,Homo sapiens,Human thyrotropin analog TR1402 bound to human Thyrotropin receptor in complex with miniGs399 (composite structure),Thyrotropin receptor,0,0,1,0,2.4,EM,2022-08-03,Homo sapiens,Human Thyrotropin receptor bound by CS-17 Inverse Agonist Fab/Org 274179-0 Antagonist,Thyrotropin receptor,0,0,0,3.1,EM,2022-08-10,Homo sapiens,Human Thyrotropin receptor bound by CS-17 Inverse Agonist Fab/Org 274179-0 Antagonist,Thyrotropin receptor,0,0,0,0,3.1,EM,2022-08-10,Homo sapiens,Human Thyrotropin receptor bound by CS-17 Inverse Agonist Fab/Org 274179-0 Antagonist,Thyrotropin receptor,0,0,0,0,3.1,EM,2022-08-10,Homo sapiens,protein,protein,Glycoprotein hormones alpha chain analog TR1402,K1-70 scFv heavy chain,C1|H-protenix,,7UTZ,7T9M,TRUE,100,0,0,TRUE,7UTZ,7T9M,
