paper,subset,panel_unit,pdb_id,receptor,receptor_paper,receptor_class,chain,gpcrdb_family,receptor_family_paper,state,state_source,resolution,method,release_date,partner_type,partner_galpha,ligand_modality,ligand_ccd,ligand_pharmacology,provenance
zhang2026generalization,benchmark,structure,8GW8,pth1r_human,,Class B1 (Secretin),,002_001_004_001,,Active,paper Table S2,2.9,Electron microscopy,2023-06-14,G protein,gnas2_human,small-molecule,KHF,Agonist,SI-verified
zhang2026generalization,benchmark,structure,8IHI,hcar2_human,,Class A (Rhodopsin),,001_008_001_002,,Active,paper Table S2,3.11,Electron microscopy,2023-08-30,G protein,gnai1_human,small-molecule,P9X,Agonist,SI-verified
zhang2026generalization,benchmark,structure,8HOC,hrh4_human,,Class A (Rhodopsin),,001_001_005_004,,Active,paper Table S2,3.0,Electron microscopy,2023-12-20,G protein,gnai1_human,small-molecule,ITF,Agonist,SI-verified
zhang2026generalization,benchmark,structure,8JLK,taar1_mouse,,Class A (Rhodopsin),,001_001_006_001,,Active,paper Table S2,3.22,Electron microscopy,2023-11-15,G protein,gnas2_human,small-molecule,UJL,Agonist,SI-verified
zhang2026generalization,benchmark,structure,8KFY,ccr8_human,,Class A (Rhodopsin),,001_003_002_008,,Active,paper Table S2,3.06,Electron microscopy,2024-02-07,G protein,gnai1_human,small-molecule,OXF,Agonist,SI-verified
zhang2026generalization,benchmark,structure,9IIW,t2r14_human,,Class T2 (Taste 2),,009_001_001_010,,Inactive,paper Table S2,3.15,Electron microscopy,2024-07-24,none,,small-molecule,A1AEI,Agonist,SI-verified
zhang2026generalization,benchmark,structure,8IY9,hcar2_human,,Class A (Rhodopsin),,001_008_001_002,,Active,paper Table S2,3.37,Electron microscopy,2024-03-06,G protein,gnao_human,small-molecule,NIO,Agonist,SI-verified
zhang2026generalization,benchmark,structure,8YKY,t2r14_human,,Class T2 (Taste 2),,009_001_001_010,,Active,paper Table S2,2.99,Electron microscopy,2024-07-10,G protein,gnat3_human,small-molecule,A1AEI,Agonist,SI-verified
zhang2026generalization,benchmark,structure,8WCC,taar1_mouse,,Class A (Rhodopsin),,001_001_006_001,,Active,paper Table S2,3.04,Electron microscopy,2023-12-27,none,,small-molecule,HAI,Agonist,SI-verified
zhang2026generalization,benchmark,structure,8JII,hcar2_human,,Class A (Rhodopsin),,001_008_001_002,,Active,paper Table S2,3.17,Electron microscopy,2023-09-06,G protein,gnai1_human,small-molecule,NIO,Agonist,SI-verified
zhang2026generalization,benchmark,structure,8IYH,hcar2_human,,Class A (Rhodopsin),,001_008_001_002,,Active,paper Table S2,3.3,Electron microscopy,2024-03-06,G protein,gnao_human,small-molecule,FI7,Agonist,SI-verified
zhang2026generalization,benchmark,structure,8WCA,taar1_human,,Class A (Rhodopsin),,001_001_006_001,,Active,paper Table S2,3.48,Electron microscopy,2023-12-27,G protein,gnas2_human,small-molecule,PEA,Agonist,SI-verified
zhang2026generalization,benchmark,structure,8W8S,gp101_human,,Class A (Rhodopsin),,001_010_001_039,,Active,paper Table S2,3.3,Electron microscopy,2024-01-03,none,,small-molecule,U7D,Agonist,SI-verified
zhang2026generalization,benchmark,structure,8K5D,hcar2_human,,Class A (Rhodopsin),,001_008_001_002,,Active,paper Table S2,3.74,Electron microscopy,2023-11-22,none,,small-molecule,OKL,Agonist,SI-verified
zhang2026generalization,benchmark,structure,7XZ6,gp119_human,,Class A (Rhodopsin),,001_004_006_003,,Active,paper Table S2,2.8,Electron microscopy,2022-08-24,G protein,gnas2_human,small-molecule,I7J,Agonist,SI-verified
zhang2026generalization,benchmark,structure,8IYX,gpr34_human,,Class A (Rhodopsin),,001_010_001_017,,Active,paper Table S2,3.34,Electron microscopy,2024-03-20,none,,small-molecule,S6R,Antagonist,SI-verified
zhang2026generalization,benchmark,structure,8IYW,hcar2_human,,Class A (Rhodopsin),,001_008_001_002,,Active,paper Table S2,3.45,Electron microscopy,2024-03-06,G protein,gnao_human,small-molecule,OKL,Agonist,SI-verified
zhang2026generalization,benchmark,structure,7UM4,5ht5a_human,,Class A (Rhodopsin),,001_001_001_010,,Inactive,paper Table S2,2.8,X-ray diffraction,2022-07-20,none,,small-molecule,NN6,Antagonist,SI-verified
zhang2026generalization,benchmark,structure,8HJ5,mrgx1_human,,Class A (Rhodopsin),,001_010_001_070,,Active,paper Table S2,3.0,Electron microscopy,2023-05-31,G protein,gnaq_human,small-molecule,U2U,Agonist,SI-verified
zhang2026generalization,benchmark,structure,8TF5,gpr6_human,,Class A (Rhodopsin),,001_010_001_003,,Active,paper Table S2,2.1,X-ray diffraction,2024-12-04,none,,small-molecule,OLA,Inverse agonist,SI-verified
zhang2026generalization,benchmark,structure,8JER,hcar2_human,,Class A (Rhodopsin),,001_008_001_002,,Active,paper Table S2,3.45,Electron microscopy,2024-03-06,G protein,gnao_human,small-molecule,OJX,Agonist,SI-verified
zhang2026generalization,benchmark,structure,8J6R,hcar2_human,,Class A (Rhodopsin),,001_008_001_002,,Active,paper Table S2,2.76,Electron microscopy,2023-12-06,G protein,gnai1_human,small-molecule,FI7,Agonist,SI-verified
zhang2026generalization,benchmark,structure,8W8A,taar1_human,,Class A (Rhodopsin),,001_001_006_001,,Active,paper Table S2,2.8,Electron microscopy,2023-11-22,G protein,gnas2_human,small-molecule,T5U,Agonist,SI-verified
zhang2026generalization,benchmark,structure,8X79,pi2r_human,,Class A (Rhodopsin),,001_004_008_008,,Active,paper Table S2,2.41,Electron microscopy,2024-03-06,G protein,gnas2_human,small-molecule,Y9Q,Agonist,SI-verified
zhang2026generalization,benchmark,structure,8ID4,ffar4_human,,Class A (Rhodopsin),,001_004_001_004,,Active,paper Table S2,3.1,Electron microscopy,2023-03-15,G protein,gnai1_human,small-molecule,EIC,Agonist,SI-verified
zhang2026generalization,benchmark,structure,7XT9,5ht4r_human,,Class A (Rhodopsin),,001_001_001_009,,Active,paper Table S2,3.2,Electron microscopy,2022-07-27,G protein,gnas2_human,small-molecule,SRO,Agonist,SI-verified
zhang2026generalization,benchmark,structure,8G59,ffar4_human,,Class A (Rhodopsin),,001_004_001_004,,Active,paper Table S2,2.64,Electron microscopy,2023-03-08,G protein,gnaq_human,small-molecule,YN9,Agonist,SI-verified
zhang2026generalization,benchmark,structure,8KH5,gp174_human,,Class A (Rhodopsin),,001_010_001_057,,Active,paper Table S2,2.83,Electron microscopy,2023-10-18,G protein,gnas2_human,small-molecule,LPS,Agonist,SI-verified
zhang2026generalization,benchmark,structure,7UM5,5ht5a_human,,Class A (Rhodopsin),,001_001_001_010,,Active,paper Table S2,2.73,Electron microscopy,2022-07-20,G protein,gnao_human,small-molecule,8K3,Agonist,SI-verified
zhang2026generalization,benchmark,structure,8YUT,hrh2_human,,Class A (Rhodopsin),,001_001_005_002,,Active,paper Table S2,2.7,Electron microscopy,2024-06-05,G protein,gnas2_human,small-molecule,A1D67,Agonist,SI-verified
zhang2026generalization,benchmark,structure,8WC8,taar1_human,,Class A (Rhodopsin),,001_001_006_001,,Active,paper Table S2,2.9,Electron microscopy,2023-12-27,G protein,gnas2_human,small-molecule,VMT,Agonist,SI-verified
zhang2026generalization,benchmark,structure,8K5C,hcar2_human,,Class A (Rhodopsin),,001_008_001_002,,Active,paper Table S2,3.13,Electron microscopy,2023-11-22,none,,small-molecule,OJX,Agonist,SI-verified
zhang2026generalization,benchmark,structure,7XKE,agrg2_mouse,,Class B2 (Adhesion),,003_001_008_002,,Active,paper Table S2,2.9,Electron microscopy,2022-08-10,G protein,gnas2_human,small-molecule,AND,Agonist,SI-verified
zhang2026generalization,benchmark,structure,8YUV,hrh3_human,,Class A (Rhodopsin),,001_001_005_003,,Active,paper Table S2,3.0,Electron microscopy,2024-06-05,G protein,gnai1_human,small-molecule,A1LY4,Agonist,SI-verified
zhang2026generalization,benchmark,structure,8DWG,mrgx1_human,,Class A (Rhodopsin),,001_010_001_070,,Active,paper Table S2,2.71,Electron microscopy,2022-11-02,G protein,gnaq_human,small-molecule,U39,PAM,SI-verified
zhang2026generalization,benchmark,structure,8YNT,mchr1_human,,Class A (Rhodopsin),,001_002_013_001,,Inactive,paper Table S2,3.43,Electron microscopy,2024-12-18,none,,small-molecule,A1D6T,Antagonist,SI-verified
zhang2026generalization,benchmark,structure,8HDP,aa2br_human,,Class A (Rhodopsin),,001_006_001_003,,Active,paper Table S2,3.2,Electron microscopy,2023-01-18,G protein,gnas2_human,small-molecule,ADN,Agonist,SI-verified
zhang2026generalization,benchmark,structure,8IJB,hcar2_human,,Class A (Rhodopsin),,001_008_001_002,,Active,paper Table S2,3.23,Electron microscopy,2024-01-03,G protein,gnai1_human,small-molecule,OJX,Agonist,SI-verified
zhang2026generalization,benchmark,structure,7XW5,tshr_human,,Class A (Rhodopsin),,001_003_003_003,,Active,paper Table S2,2.96,Electron microscopy,2022-08-24,G protein,gnas2_human,small-molecule,HOI,PAM,SI-verified
zhang2026generalization,benchmark,structure,7XP6,t2r46_human,,Class T2 (Taste 2),,009_001_001_023,,Active,paper Table S2,3.01,Electron microscopy,2022-10-12,G protein,gnat3_human,small-molecule,SY9,Agonist,SI-verified
zhang2026generalization,benchmark,structure,8K5B,hcar2_human,,Class A (Rhodopsin),,001_008_001_002,,Active,paper Table S2,3.43,Electron microscopy,2023-11-22,none,,small-molecule,NIO,Agonist,SI-verified
zhang2026generalization,benchmark,structure,8XVL,ednra_human,,Class A (Rhodopsin),,001_002_007_001,,Inactive,paper Table S2,3.22,Electron microscopy,2024-08-28,none,,small-molecule,A1D5L,Antagonist,SI-verified
zhang2026generalization,benchmark,structure,8IHK,hcar3_human,,Class A (Rhodopsin),,001_008_001_003,,Active,paper Table S2,3.21,Electron microscopy,2023-08-30,none,,small-molecule,P9X,Agonist,SI-verified
zhang2026generalization,benchmark,structure,8T3O,ffar4_human,,Class A (Rhodopsin),,001_004_001_004,,Active,paper Table S2,3.06,Electron microscopy,2024-01-17,G protein,gnaq_human,small-molecule,YN9,Agonist,SI-verified
zhang2026generalization,benchmark,structure,9D3G,ccr6_human,,Class A (Rhodopsin),,001_003_002_006,,Inactive,paper Table S2,3.26,Electron microscopy,2024-09-11,none,,small-molecule,EBX,NAM,SI-verified
zhang2026generalization,benchmark,structure,8K4N,gpr34_human,,Class A (Rhodopsin),,001_010_001_017,,Active,paper Table S2,2.83,Electron microscopy,2023-10-25,G protein,gnai1_human,small-molecule,VF0,Agonist,SI-verified
zhang2026generalization,benchmark,structure,8KFX,ccr8_human,,Class A (Rhodopsin),,001_003_002_008,,Active,paper Table S2,2.96,Electron microscopy,2024-02-07,G protein,gnai1_human,small-molecule,OS9,Agonist,SI-verified
zhang2026generalization,benchmark,structure,8IWM,taar9_mouse,,Class A (Rhodopsin),,001_010_001_083,,Active,paper Table S2,3.17,Electron microscopy,2023-05-31,none,,small-molecule,PEA,Agonist,SI-verified
zhang2026generalization,benchmark,structure,8JXX,hrh4_human,,Class A (Rhodopsin),,001_001_005_004,,Active,paper Table S2,3.06,Electron microscopy,2024-03-20,G protein,gnai1_human,small-molecule,VCL,Agonist,SI-verified
zhang2026generalization,benchmark,structure,8IQ4,pf2r_human,,Class A (Rhodopsin),,001_004_008_007,,Active,paper Table S2,2.7,Electron microscopy,2024-01-31,G protein,gnas2_human,small-molecule,87Q,Agonist,SI-verified
zhang2026generalization,benchmark,structure,8I7V,hcar2_human,,Class A (Rhodopsin),,001_008_001_002,,Active,paper Table S2,2.77,Electron microscopy,2024-02-07,G protein,gnai1_human,small-molecule,OJX,Agonist,SI-verified
zhang2026generalization,benchmark,structure,8J6I,hcar2_human,,Class A (Rhodopsin),,001_008_001_002,,Active,paper Table S2,2.92,Electron microscopy,2024-04-03,G protein,gnai1_human,small-molecule,FI7,Agonist,SI-verified
zhang2026generalization,benchmark,structure,7F58,mc4r_human,,Class A (Rhodopsin),,001_002_014_004,,Active,paper Table S2,3.1,Electron microscopy,2021-11-03,G protein,gnas2_human,small-molecule,1I8,Agonist,SI-verified
zhang2026generalization,benchmark,structure,7XOV,cckar_human,,Class A (Rhodopsin),,001_002_005_001,,Active,paper Table S2,3.0,Electron microscopy,2022-07-20,G protein,gnas2_human,small-molecule,IA1,Agonist,SI-verified
zhang2026generalization,benchmark,structure,8I7W,hcar2_human,,Class A (Rhodopsin),,001_008_001_002,,Active,paper Table S2,3.39,Electron microscopy,2024-02-07,G protein,gnai1_human,small-molecule,OKL,Agonist,SI-verified
zhang2026generalization,benchmark,structure,8X2K,gpr3_human,,Class A (Rhodopsin),,001_010_001_001,,Active,paper Table S2,3.03,Electron microscopy,2024-04-03,G protein,gnas2_human,small-molecule,5YM,Agonist,SI-verified
zhang2026generalization,benchmark,structure,8PM2,taa7f_mouse,,Class A (Rhodopsin),,001_010_001_081,,Active,paper Table S2,2.92,Electron microscopy,2023-08-09,G protein,gnas2_human,small-molecule,8IA,Agonist,SI-verified
zhang2026generalization,benchmark,structure,7YMJ,ada1a_human,,Class A (Rhodopsin),,001_001_003_001,,Inactive,paper Table S2,3.35,Electron microscopy,2023-07-05,none,,small-molecule,JGX,Antagonist,SI-verified
zhang2026generalization,benchmark,structure,8ID9,ffar4_human,,Class A (Rhodopsin),,001_004_001_004,,Active,paper Table S2,3.0,Electron microscopy,2023-03-15,G protein,gnai1_human,small-molecule,EPA,Agonist,SI-verified
zhang2026generalization,benchmark,structure,7T6B,s1pr2_human,,Class A (Rhodopsin),,001_004_004_002,,Active,paper Table S2,3.19,Electron microscopy,2022-04-06,G protein,gna13_human,small-molecule,S1P,Agonist,SI-verified
zhang2026generalization,benchmark,structure,7XK2,hcar2_human,,Class A (Rhodopsin),,001_008_001_002,,Active,paper Table S2,3.1,Electron microscopy,2023-02-22,G protein,gnai1_human,small-molecule,FI7,Agonist,SI-verified
zhang2026generalization,benchmark,structure,8XQR,t2r14_human,,Class T2 (Taste 2),,009_001_001_010,,Active,paper Table S2,3.2,Electron microscopy,2024-07-10,G protein,gnat3_human,small-molecule,FLF,Agonist,SI-verified
zhang2026generalization,benchmark,structure,8JR9,pth1r_human,,Class B1 (Secretin),,002_001_004_001,,Active,paper Table S2,2.57,Electron microscopy,2023-08-02,G protein,gnas2_human,small-molecule,KHF,Agonist,SI-verified
zhang2026generalization,benchmark,structure,8YN6,hrh3_human,,Class A (Rhodopsin),,001_001_005_003,,Active,paper Table S2,2.77,Electron microscopy,2024-10-09,G protein,gnai1_human,small-molecule,ITF,Agonist,SI-verified
zhang2026generalization,benchmark,structure,7WCM,gp119_human,,Class A (Rhodopsin),,001_004_006_003,,Active,paper Table S2,2.33,Electron microscopy,2022-12-21,G protein,gnas2_human,small-molecule,8VP,Agonist,SI-verified
zhang2026generalization,benchmark,structure,8HDO,aa2br_human,,Class A (Rhodopsin),,001_006_001_003,,Active,paper Table S2,2.87,Electron microscopy,2023-01-18,G protein,gnas2_human,small-molecule,I5D,Agonist,SI-verified
zhang2026generalization,benchmark,structure,9IIX,t2r14_human,,Class T2 (Taste 2),,009_001_001_010,,Active,paper Table S2,2.89,Electron microscopy,2024-07-24,G protein,gnat3_human,small-molecule,A1AEI,Agonist,SI-verified
zhang2026generalization,benchmark,structure,8JHY,hcar2_human,,Class A (Rhodopsin),,001_008_001_002,,Active,paper Table S2,2.87,Electron microscopy,2023-09-06,G protein,gnai1_human,small-molecule,IX8,PAM,SI-verified
zhang2026generalization,benchmark,structure,9JKQ,taar1_human,,Class A (Rhodopsin),,001_001_006_001,,Active,paper Table S2,2.66,Electron microscopy,2024-10-16,G protein,gnas2_human,small-molecule,B40,Agonist,SI-verified
zhang2026generalization,benchmark,structure,8IUK,pf2r_human,,Class A (Rhodopsin),,001_004_008_007,,Active,paper Table S2,2.67,Electron microscopy,2023-07-12,G protein,gnaq_human,small-molecule,UGU,Agonist,SI-verified
zhang2026generalization,benchmark,structure,8YNS,mchr1_human,,Class A (Rhodopsin),,001_002_013_001,,Inactive,paper Table S2,3.33,Electron microscopy,2024-12-18,none,,small-molecule,A1D6T,Antagonist,SI-verified
zhang2026generalization,benchmark,structure,8XQO,t2r14_human,,Class T2 (Taste 2),,009_001_001_010,,Active,paper Table S2,2.77,Electron microscopy,2024-07-10,G protein,gnai1_human,small-molecule,GOQ,Agonist,SI-verified
zhang2026generalization,benchmark,structure,8HQN,gp132_human,,Class A (Rhodopsin),,001_010_001_040,,Active,paper Table S2,3.0,Electron microscopy,2023-10-11,G protein,gnai1_human,small-molecule,9HO,Agonist,SI-verified
zhang2026generalization,benchmark,structure,7VUJ,gp139_human,,Class A (Rhodopsin),,001_010_001_042,,Active,paper Table S2,3.8,Electron microscopy,2021-12-29,G protein,gnas2_human,small-molecule,7ZQ,Agonist,SI-verified
zhang2026generalization,benchmark,structure,9IQT,hcar2_human,,Class A (Rhodopsin),,001_008_001_002,,Active,paper Table S2,2.9,Electron microscopy,2024-10-02,G protein,gnai1_human,small-molecule,NIO,Agonist,SI-verified
zhang2026generalization,benchmark,structure,8TRC,grm3_human,,Class C (Glutamate),,004_002_002_003,,Inactive,paper Table S2,3.3,Electron microscopy,2024-07-31,none,,small-molecule,Z99,Antagonist,SI-verified
zhang2026generalization,benchmark,structure,8XQT,t2r14_human,,Class T2 (Taste 2),,009_001_001_010,,Active,paper Table S2,2.94,Electron microscopy,2024-07-10,G protein,gnai1_human,small-molecule,CLR,Agonist,SI-verified
zhang2026generalization,benchmark,structure,8THK,ada1a_human,,Class A (Rhodopsin),,001_001_003_001,,Active,paper Table S2,2.6,Electron microscopy,2023-08-16,G protein,gnaq_human,small-molecule,CGZ,Agonist,SI-verified
zhang2026generalization,benchmark,structure,8ID6,ffar4_human,,Class A (Rhodopsin),,001_004_001_004,,Active,paper Table S2,2.8,Electron microscopy,2023-03-15,G protein,gnai1_human,small-molecule,OLA,Agonist,SI-verified
zhang2026generalization,benchmark,structure,8ZSV,taar1_mouse,,Class A (Rhodopsin),,001_001_006_001,,Active,paper Table S2,2.96,Electron microscopy,2024-07-24,G protein,gnas2_human,small-molecule,A1D8X,Agonist,SI-verified
zhang2026generalization,benchmark,structure,7W0M,apj_human,,Class A (Rhodopsin),,001_002_002_001,,Active,paper Table S2,3.71,Electron microscopy,2022-07-27,G protein,gnai1_human,small-molecule,8EH,Agonist,SI-verified
zhang2026generalization,benchmark,structure,7UM6,5ht5a_human,,Class A (Rhodopsin),,001_001_001_010,,Active,paper Table S2,2.79,Electron microscopy,2022-07-20,G protein,gnao_human,small-molecule,H8G,Agonist,SI-verified
zhang2026generalization,benchmark,structure,8JXW,hrh4_human,,Class A (Rhodopsin),,001_001_005_004,,Active,paper Table S2,3.01,Electron microscopy,2024-03-20,G protein,gnai1_human,small-molecule,VCF,Agonist,SI-verified
zhang2026generalization,benchmark,structure,8UXY,or1f1_human,,Class O2 (tetrapod specific odorant),,008_001_001_011,,Active,paper Table S2,3.3,Electron microscopy,2024-10-30,G protein,gnas2_human,small-molecule,XUQ,Agonist,SI-verified
zhang2026generalization,benchmark,structure,8TQB,grm3_human,,Class C (Glutamate),,004_002_002_003,,Active,paper Table S2,3.3,Electron microscopy,2024-07-31,none,,small-molecule,W92,Agonist,SI-verified
zhang2026generalization,benchmark,structure,8YRG,mrgx4_human,,Class A (Rhodopsin),,001_010_001_073,,Active,paper Table S2,3.14,Electron microscopy,2024-05-22,G protein,gnaq_human,small-molecule,A1LZU,Agonist,SI-verified
zhang2026generalization,benchmark,structure,8WC7,taar1_mouse,,Class A (Rhodopsin),,001_001_006_001,,Active,paper Table S2,3.1,Electron microscopy,2023-12-27,G protein,gnas2_human,small-molecule,VMK,Agonist,SI-verified
zhang2026generalization,benchmark,structure,7SK7,ackr3_human,,Class A (Rhodopsin),,001_003_002_021,,Active,paper Table S2,3.3,Electron microscopy,2022-07-27,none,,small-molecule,GJ9,Agonist (partial),SI-verified
zhang2026generalization,benchmark,structure,8XQP,t2r14_human,,Class T2 (Taste 2),,009_001_001_010,,Active,paper Table S2,3.29,Electron microscopy,2024-07-10,G protein,gnat3_human,small-molecule,GOQ,Agonist,SI-verified
zhang2026generalization,benchmark,structure,7UL3,hrh2_human,,Class A (Rhodopsin),,001_001_005_002,,Inactive,paper Table S2,3.0,Electron microscopy,2022-06-29,none,,small-molecule,FO9,Antagonist,SI-verified
zhang2026generalization,benchmark,structure,7YS6,5ht6r_human,,Class A (Rhodopsin),,001_001_001_012,,Active,paper Table S2,3.0,Electron microscopy,2023-03-29,G protein,gnas2_human,small-molecule,SRO,Agonist,SI-verified
zhang2026generalization,benchmark,structure,8H4I,ffar4_human,,Class A (Rhodopsin),,001_004_001_004,,Active,paper Table S2,3.06,Electron microscopy,2023-06-21,G protein,gnas2_human,small-molecule,HXA,Agonist,SI-verified
zhang2026generalization,benchmark,structure,8HNM,cxcr3_human,,Class A (Rhodopsin),,001_003_002_013,,Active,paper Table S2,2.94,Electron microscopy,2023-11-29,G protein,gnai1_human,small-molecule,4IE,Agonist,SI-verified
zhang2026generalization,benchmark,structure,8JLN,taar1_human,,Class A (Rhodopsin),,001_001_006_001,,Active,paper Table S2,3.24,Electron microscopy,2023-11-15,G protein,gnas2_human,small-molecule,UJF,Agonist,SI-verified
zhang2026generalization,benchmark,structure,8IHJ,hcar3_human,,Class A (Rhodopsin),,001_008_001_003,,Active,paper Table S2,3.07,Electron microscopy,2023-08-30,G protein,gnai1_human,small-molecule,P9X,Agonist,SI-verified
zhang2026generalization,benchmark,structure,8IHH,hcar2_human,,Class A (Rhodopsin),,001_008_001_002,,Active,paper Table S2,3.06,Electron microscopy,2023-08-30,G protein,gnai1_human,small-molecule,P8A,Agonist,SI-verified
zhang2026generalization,benchmark,structure,8VHF,gp119_human,,Class A (Rhodopsin),,001_004_006_003,,Active,paper Table S2,3.51,Electron microscopy,2024-10-30,G protein,gnas2_human,small-molecule,8VP,Agonist,SI-verified
zhang2026generalization,benchmark,structure,8IUM,pf2r_human,,Class A (Rhodopsin),,001_004_008_007,,Active,paper Table S2,3.14,Electron microscopy,2023-07-12,G protein,gnaq_human,small-molecule,S2F,Agonist,SI-verified
zhang2026generalization,benchmark,structure,8ID8,ffar4_human,,Class A (Rhodopsin),,001_004_001_004,,Active,paper Table S2,3.0,Electron microscopy,2023-03-15,G protein,gnai1_human,small-molecule,YN9,Agonist,SI-verified
zhang2026generalization,benchmark,structure,8JIL,hcar2_human,,Class A (Rhodopsin),,001_008_001_002,,Active,paper Table S2,3.5,Electron microscopy,2023-09-06,G protein,gnai1_human,small-molecule,NIO,Agonist,SI-verified
zhang2026generalization,benchmark,structure,7S8N,mrgx2_human,,Class A (Rhodopsin),,001_010_001_071,,Active,paper Table S2,2.9,Electron microscopy,2021-11-17,G protein,gnaq_human,small-molecule,8IU,Agonist,SI-verified
zhang2026generalization,benchmark,structure,7YM8,ada1a_human,,Class A (Rhodopsin),,001_001_003_001,,Active,paper Table S2,2.92,Electron microscopy,2023-07-05,G protein,gnaq_human,small-molecule,J5C,Agonist,SI-verified
zhang2026generalization,benchmark,structure,8IJA,hcar2_human,,Class A (Rhodopsin),,001_008_001_002,,Active,paper Table S2,2.69,Electron microscopy,2024-01-03,G protein,gnai1_human,small-molecule,NIO,Agonist,SI-verified
zhang2026generalization,benchmark,structure,7SK9,ackr3_human,,Class A (Rhodopsin),,001_003_002_021,,Active,paper Table S2,3.7,Electron microscopy,2022-07-27,none,,small-molecule,GJ9,Agonist (partial),SI-verified
zhang2026generalization,benchmark,structure,8JLP,taar1_human,,Class A (Rhodopsin),,001_001_006_001,,Active,paper Table S2,3.23,Electron microscopy,2023-11-15,G protein,gnas2_human,small-molecule,UJU,Agonist,SI-verified
zhang2026generalization,benchmark,structure,8IRV,drd5_human,,Class A (Rhodopsin),,001_001_004_005,,Active,paper Table S2,3.1,Electron microscopy,2023-06-07,G protein,gnas2_human,small-molecule,R5F,Agonist,SI-verified
zhang2026generalization,benchmark,structure,8ZR5,gp119_human,,Class A (Rhodopsin),,001_004_006_003,,Active,paper Table S2,3.31,Electron microscopy,2024-06-19,G protein,gnas2_human,small-molecule,A1D8M,Agonist,SI-verified
zhang2026generalization,benchmark,structure,8YN4,hrh2_human,,Class A (Rhodopsin),,001_001_005_002,,Active,paper Table S2,2.97,Electron microscopy,2024-10-09,G protein,gnaq_human,small-molecule,HSM,Agonist,SI-verified
zhang2026generalization,benchmark,structure,8HTI,o52e4_human,,Class O1 (fish-like odorant),,007_001_002_009,,Active,paper Table S2,2.97,Electron microscopy,2023-12-20,G protein,gnas2_human,small-molecule,OCA,Agonist,SI-verified
zhang2026generalization,benchmark,structure,8T3Q,ffar4_human,,Class A (Rhodopsin),,001_004_001_004,,Active,paper Table S2,3.14,Electron microscopy,2024-01-24,G protein,gnaq_human,small-molecule,HXA,Agonist,SI-verified
zhang2026generalization,benchmark,structure,8X16,aa3r_human,,Class A (Rhodopsin),,001_006_001_004,,Active,paper Table S2,3.29,Electron microscopy,2024-04-24,G protein,gnai1_human,small-molecule,Q8L,Agonist,SI-verified
zhang2026generalization,benchmark,structure,7S8P,mrgx4_human,,Class A (Rhodopsin),,001_010_001_073,,Active,paper Table S2,2.6,Electron microscopy,2021-11-17,G protein,gnaq_human,small-molecule,8IX,Agonist,SI-verified
zhang2026generalization,benchmark,structure,7F8Y,cckar_human,,Class A (Rhodopsin),,001_002_005_001,,Inactive,paper Table S2,2.5,X-ray diffraction,2021-10-13,none,,small-molecule,1OZ,Antagonist,SI-verified
zhang2026generalization,benchmark,structure,7XW6,tshr_human,,Class A (Rhodopsin),,001_003_003_003,,Active,paper Table S2,2.78,Electron microscopy,2022-08-17,G protein,gnas2_human,small-molecule,HOI,PAM,SI-verified
zhang2026generalization,benchmark,structure,8IHF,hcar2_human,,Class A (Rhodopsin),,001_008_001_002,,Active,paper Table S2,2.97,Electron microscopy,2023-08-30,G protein,gnai1_human,small-molecule,FI7,Agonist,SI-verified
zhang2026generalization,benchmark,structure,7WCN,gp119_human,,Class A (Rhodopsin),,001_004_006_003,,Active,paper Table S2,2.87,Electron microscopy,2022-12-21,G protein,gnas2_human,small-molecule,8WL,Agonist,SI-verified
zhang2026generalization,benchmark,structure,8J6Q,hcar2_human,,Class A (Rhodopsin),,001_008_001_002,,Active,paper Table S2,2.6,Electron microscopy,2023-12-06,G protein,gnai1_human,small-molecule,3HR,Agonist,SI-verified
zhang2026generalization,benchmark,structure,8SAI,gpr34_human,,Class A (Rhodopsin),,001_010_001_017,,Active,paper Table S2,3.27,Electron microscopy,2023-10-04,G protein,gnai1_human,small-molecule,S12,Agonist,SI-verified
zhang2026generalization,benchmark,structure,8XZI,apj_human,,Class A (Rhodopsin),,001_002_002_001,,Active,paper Table S2,2.7,Electron microscopy,2024-03-20,G protein,gnai1_human,small-molecule,A1D5N,Agonist,SI-verified
zhang2026generalization,benchmark,structure,7YFD,hrh4_human,,Class A (Rhodopsin),,001_001_005_004,,Active,paper Table S2,3.1,Electron microscopy,2023-10-25,G protein,gnaq_human,small-molecule,ITF,Agonist,SI-verified
zhang2026generalization,benchmark,structure,8S4D,apj_human,,Class A (Rhodopsin),,001_002_002_001,,Inactive,paper Table S2,2.58,X-ray diffraction,2024-12-04,none,,small-molecule,A1D5N,Agonist,SI-verified
zhang2026generalization,benchmark,structure,7SUS,apj_human,,Class A (Rhodopsin),,001_002_002_001,,Inactive,paper Table S2,2.7,X-ray diffraction,2022-07-27,none,,small-molecule,8EH,Agonist,SI-verified
zhang2026generalization,benchmark,structure,8XBI,gpr34_human,,Class A (Rhodopsin),,001_010_001_017,,Active,paper Table S2,3.06,Electron microscopy,2023-12-27,none,,small-molecule,KW3,Agonist,SI-verified
zhang2026generalization,benchmark,structure,8WC6,taar1_mouse,,Class A (Rhodopsin),,001_001_006_001,,Active,paper Table S2,3.2,Electron microscopy,2023-12-27,G protein,gnas2_human,small-molecule,PEA,Agonist,SI-verified
zhang2026generalization,benchmark,structure,8J6P,hcar2_human,,Class A (Rhodopsin),,001_008_001_002,,Active,paper Table S2,2.55,Electron microscopy,2023-12-06,G protein,gnai1_human,small-molecule,NIO,Agonist,SI-verified
zhang2026generalization,benchmark,structure,8H4L,ffar4_human,,Class A (Rhodopsin),,001_004_001_004,,Active,paper Table S2,3.07,Electron microscopy,2023-06-21,G protein,gnaq_human,small-molecule,HXA,Agonist,SI-verified
zhang2026generalization,benchmark,structure,8JLO,taar1_human,,Class A (Rhodopsin),,001_001_006_001,,Active,paper Table S2,3.52,Electron microscopy,2023-11-15,G protein,gnas2_human,small-molecule,UJL,Agonist,SI-verified
zhang2026generalization,benchmark,structure,7XTA,5ht4r_human,,Class A (Rhodopsin),,001_001_001_009,,Active,paper Table S2,3.2,Electron microscopy,2022-07-27,G protein,gnai1_human,small-molecule,SRO,Agonist,SI-verified
zhang2026generalization,benchmark,structure,8XJL,pf2r_human,,Class A (Rhodopsin),,001_004_008_007,,Active,paper Table S2,2.77,Electron microscopy,2024-02-28,G protein,gnaq_human,small-molecule,UGU,Agonist,SI-verified
zhang2026generalization,benchmark,structure,8W88,taar1_human,,Class A (Rhodopsin),,001_001_006_001,,Active,paper Table S2,2.6,Electron microscopy,2023-11-22,G protein,gnas2_human,small-molecule,UJL,Agonist,SI-verified
zhang2026generalization,benchmark,structure,8IYS,ffar4_human,,Class A (Rhodopsin),,001_004_001_004,,Active,paper Table S2,2.95,Electron microscopy,2023-06-21,G protein,gnaq_human,small-molecule,YN9,Agonist,SI-verified
zhang2026generalization,benchmark,structure,8HNL,cxcr3_human,,Class A (Rhodopsin),,001_003_002_013,,Active,paper Table S2,2.98,Electron microscopy,2023-11-29,none,,small-molecule,4AI,Agonist,SI-verified
zhang2026generalization,benchmark,structure,8I2G,fshr_human,,Class A (Rhodopsin),,001_003_003_001,,Active,paper Table S2,2.8,Electron microscopy,2023-03-29,G protein,gnas2_human,small-molecule,O6F,Allosteric agonist,SI-verified
zhang2026generalization,benchmark,structure,7F8U,cckar_human,,Class A (Rhodopsin),,001_002_005_001,,Inactive,paper Table S2,2.8,X-ray diffraction,2021-10-13,none,,small-molecule,1OE,Antagonist,SI-verified
zhang2026generalization,benchmark,structure,8XBE,gpr34_human,,Class A (Rhodopsin),,001_010_001_017,,Active,paper Table S2,3.4,Electron microscopy,2024-05-15,G protein,gnai1_human,small-molecule,KW0,Agonist,SI-verified
zhang2026generalization,benchmark,structure,8HN8,hrh4_human,,Class A (Rhodopsin),,001_001_005_004,,Active,paper Table S2,3.0,Electron microscopy,2023-12-20,G protein,gnai1_human,small-molecule,HSM,Agonist,SI-verified
zhang2026generalization,benchmark,structure,7XZ5,gp119_human,,Class A (Rhodopsin),,001_004_006_003,,Active,paper Table S2,3.1,Electron microscopy,2022-08-24,G protein,gnas2_human,small-molecule,LSC,Agonist,SI-verified
zhang2026generalization,benchmark,structure,8Y53,brs3_human,,Class A (Rhodopsin),,001_002_003_003,,Active,paper Table S2,2.93,Electron microscopy,2024-09-11,G protein,gnaq_human,small-molecule,A1D54,Agonist,SI-verified
zhang2026generalization,benchmark,structure,8H2G,hcar2_human,,Class A (Rhodopsin),,001_008_001_002,,Active,paper Table S2,3.01,Electron microscopy,2023-10-11,G protein,gnai1_human,small-molecule,NIO,Agonist,SI-verified
zhang2026generalization,benchmark,structure,8YUU,hrh3_human,,Class A (Rhodopsin),,001_001_005_003,,Active,paper Table S2,2.7,Electron microscopy,2024-06-05,G protein,gnai1_human,small-molecule,HSM,Agonist,SI-verified
zhang2026generalization,benchmark,structure,8JSO,taar1_human,,Class A (Rhodopsin),,001_001_006_001,,Active,paper Table S2,3.4,Electron microscopy,2023-11-15,G protein,gnas2_human,small-molecule,1WE,Agonist,SI-verified
zhang2026generalization,benchmark,structure,8XOF,gper1_human,,Class A (Rhodopsin),,001_007_002_001,,Active,paper Table S2,2.6,Electron microscopy,2024-04-10,G protein,gnaq_human,small-molecule,A1LVW,Agonist,SI-verified
zhang2026generalization,benchmark,structure,7XT8,5ht4r_human,,Class A (Rhodopsin),,001_001_001_009,,Active,paper Table S2,3.1,Electron microscopy,2022-07-27,G protein,gnas2_human,small-molecule,SRO,Agonist,SI-verified
zhang2026generalization,benchmark,structure,8W89,taar1_human,,Class A (Rhodopsin),,001_001_006_001,,Active,paper Table S2,3.0,Electron microscopy,2023-11-22,G protein,gnas2_human,small-molecule,PEA,Agonist,SI-verified
zhang2026generalization,benchmark,structure,9D3E,ccr6_human,,Class A (Rhodopsin),,001_003_002_006,,Inactive,paper Table S2,3.02,Electron microscopy,2024-09-11,none,,small-molecule,EBX,Allosteric antagonist,SI-verified
zhang2026generalization,benchmark,structure,8H4K,ffar4_human,,Class A (Rhodopsin),,001_004_001_004,,Active,paper Table S2,3.1,Electron microscopy,2023-06-21,G protein,gnaq_human,small-molecule,WPT,Agonist,SI-verified
zhang2026generalization,benchmark,structure,7SK8,ackr3_human,,Class A (Rhodopsin),,001_003_002_021,,Active,paper Table S2,3.3,Electron microscopy,2022-07-27,none,,small-molecule,GJ9,Agonist (partial),SI-verified
zhang2026generalization,benchmark,structure,7XTC,5ht7r_human,,Class A (Rhodopsin),,001_001_001_013,,Active,paper Table S2,3.2,Electron microscopy,2022-07-27,G protein,gnas2_human,small-molecule,8K3,Agonist,SI-verified
zhang2026generalization,benchmark,structure,8JEF,hcar3_human,,Class A (Rhodopsin),,001_008_001_003,,Active,paper Table S2,2.96,Electron microscopy,2024-12-18,G protein,gnai1_human,small-molecule,3HO,Agonist,SI-verified
zhang2026generalization,benchmark,structure,7XKD,agrg2_mouse,,Class B2 (Adhesion),,003_001_008_002,,Active,paper Table S2,2.4,Electron microscopy,2022-08-10,G protein,gnas2_human,small-molecule,AND,Agonist,SI-verified
zhang2026generalization,benchmark,structure,7YAC,ssr2_human,,Class A (Rhodopsin),,001_002_028_002,,Active,paper Table S2,3.24,Electron microscopy,2023-04-19,G protein,gnai1_human,small-molecule,IUD,Agonist,SI-verified
zhang2026generalization,benchmark,structure,7B6W,ada1b_human,,Class A (Rhodopsin),,001_001_003_002,,Inactive,paper Table S2,2.87,X-ray diffraction,2022-01-12,none,,small-molecule,T0B,Inverse agonist,SI-verified
zhang2026generalization,benchmark,structure,7VUH,gp139_human,,Class A (Rhodopsin),,001_010_001_042,,Active,paper Table S2,3.22,Electron microscopy,2021-12-29,G protein,gnas2_human,small-molecule,7ZQ,Agonist,SI-verified
zhang2026generalization,benchmark,structure,8XQN,t2r14_human,,Class T2 (Taste 2),,009_001_001_010,,Active,paper Table S2,3.05,Electron microscopy,2024-07-10,G protein,gnai1_human,small-molecule,GOQ,Agonist,SI-verified
zhang2026generalization,benchmark,structure,8G2Y,agrf1_human,,Class B2 (Adhesion),,003_001_006_001,,Active,paper Table S2,3.44,Electron microscopy,2023-05-10,G protein,gnaq_human,small-molecule,LPC,Agonist,SI-verified
zhang2026generalization,benchmark,structure,9IJA,t2r14_human,,Class T2 (Taste 2),,009_001_001_010,,Inactive,paper Table S2,3.05,Electron microscopy,2024-07-24,none,,small-molecule,A1AEI,Allosteric agonist,SI-verified
zhang2026generalization,benchmark,structure,8W87,taar1_human,,Class A (Rhodopsin),,001_001_006_001,,Active,paper Table S2,2.8,Electron microscopy,2023-11-22,G protein,gnas2_human,small-molecule,B40,Agonist,SI-verified
zhang2026generalization,benchmark,structure,8YN3,hrh2_human,,Class A (Rhodopsin),,001_001_005_002,,Active,paper Table S2,2.56,Electron microscopy,2024-10-09,G protein,gnas2_human,small-molecule,HSM,Agonist,SI-verified
zhang2026generalization,benchmark,structure,7XKF,agrg2_mouse,,Class B2 (Adhesion),,003_001_008_002,,Active,paper Table S2,2.4,Electron microscopy,2022-08-10,G protein,gnas2_human,small-molecule,AND,Agonist,SI-verified
zhang2026generalization,benchmark,structure,8YN5,hrh3_human,,Class A (Rhodopsin),,001_001_005_003,,Active,paper Table S2,2.7,Electron microscopy,2024-10-09,G protein,gnai1_human,small-molecule,HSM,Agonist,SI-verified
zhang2026generalization,benchmark,structure,8TRD,grm3_human,,Class C (Glutamate),,004_002_002_003,,Inactive,paper Table S2,3.4,Electron microscopy,2024-07-31,none,,small-molecule,Z99,Antagonist,SI-verified
zhang2026generalization,benchmark,structure,7YK6,rl3r2_human,,Class A (Rhodopsin),,001_002_027_004,,Active,paper Table S2,3.03,Electron microscopy,2023-03-01,G protein,gnai2_human,small-molecule,IYF,Agonist,SI-verified
zhang2026generalization,benchmark,structure,8WCB,taar1_mouse,,Class A (Rhodopsin),,001_001_006_001,,Active,paper Table S2,3.1,Electron microscopy,2023-12-27,G protein,gnaq_human,small-molecule,HAI,Agonist,SI-verified
zhang2026generalization,benchmark,structure,8J6J,hcar2_human,,Class A (Rhodopsin),,001_008_001_002,,Active,paper Table S2,2.8,Electron microscopy,2024-01-10,G protein,gnai1_human,small-molecule,OKL,Agonist,SI-verified
zhang2026generalization,benchmark,structure,8HNN,cxcr3_human,,Class A (Rhodopsin),,001_003_002_013,,Inactive,paper Table S2,3.6,Electron microscopy,2023-11-29,none,,small-molecule,43I,Antagonist,SI-verified
zhang2026generalization,benchmark,structure,8XQS,t2r14_human,,Class T2 (Taste 2),,009_001_001_010,,Active,paper Table S2,3.3,Electron microscopy,2024-07-10,G protein,gnai1_human,small-molecule,FLF,Agonist,SI-verified
zhang2026generalization,benchmark,structure,8JHN,hcar2_human,,Class A (Rhodopsin),,001_008_001_002,,Active,paper Table S2,3.75,Electron microscopy,2024-03-06,G protein,gnao_human,small-molecule,UR9,Agonist,SI-verified
zhang2026generalization,benchmark,structure,8J20,ffar3_human,,Class A (Rhodopsin),,001_004_001_003,,Active,paper Table S2,3.2,Electron microscopy,2024-01-24,G protein,gnai1_human,small-molecule,9T4,PAM,SI-verified
zhang2026generalization,benchmark,structure,8DWH,mrgx1_human,,Class A (Rhodopsin),,001_010_001_070,,Active,paper Table S2,3.25,Electron microscopy,2022-11-02,G protein,gnaq_human,small-molecule,U2U,Agonist,SI-verified
zhang2026generalization,benchmark,structure,7UM7,5ht5a_human,,Class A (Rhodopsin),,001_001_001_010,,Active,paper Table S2,2.75,Electron microscopy,2022-07-20,G protein,gnao_human,small-molecule,H8D,Agonist,SI-verified
zhang2026generalization,benchmark,structure,9IJ9,t2r14_human,,Class T2 (Taste 2),,009_001_001_010,,Active,paper Table S2,2.7,Electron microscopy,2024-07-24,G protein,gnai1_human,small-molecule,A1AEI,Allosteric agonist,SI-verified
zhang2026generalization,benchmark,structure,8X7A,pi2r_human,,Class A (Rhodopsin),,001_004_008_008,,Active,paper Table S2,2.56,Electron microscopy,2024-03-06,G protein,gnas2_human,small-molecule,Y9J,Agonist,SI-verified
zhang2026generalization,benchmark,structure,8YNA,hrh4_human,,Class A (Rhodopsin),,001_001_005_004,,Active,paper Table S2,2.63,Electron microscopy,2024-10-09,G protein,gnai1_human,small-molecule,A1LY4,Agonist,SI-verified
zhang2026generalization,benchmark,structure,7EJX,gpr88_human,,Class A (Rhodopsin),,001_010_001_038,,Active,paper Table S2,2.4,Electron microscopy,2022-04-13,G protein,gnai1_human,small-molecule,J5F,Allosteric agonist,SI-verified
zhang2026generalization,benchmark,structure,8ITF,taar9_mouse,,Class A (Rhodopsin),,001_010_001_083,,Active,paper Table S2,3.46,Electron microscopy,2023-05-31,G protein,gnas2_human,small-molecule,8IA,Agonist,SI-verified
zhang2026generalization,benchmark,structure,8WW2,gpr3_human,,Class A (Rhodopsin),,001_010_001_001,,Active,paper Table S2,2.79,Electron microscopy,2024-02-14,G protein,gnas2_human,small-molecule,OLA,Agonist,SI-verified
zhang2026generalization,benchmark,structure,8J19,gpr84_human,,Class A (Rhodopsin),,001_010_001_035,,Active,paper Table S2,3.23,Electron microscopy,2023-06-21,G protein,gnai1_human,small-molecule,SWO,Agonist,SI-verified
zhang2026generalization,benchmark,structure,7WI6,grm3_human,,Class C (Glutamate),,004_002_002_003,,Inactive,paper Table S2,3.71,Electron microscopy,2022-03-16,none,,small-molecule,Z99,Antagonist,SI-verified
zhang2026generalization,benchmark,structure,8T1V,gpr6_human,,Class A (Rhodopsin),,001_010_001_003,,Inactive,paper Table S2,2.6,X-ray diffraction,2024-12-04,none,,small-molecule,XY8,Inverse agonist,SI-verified
zhang2026generalization,benchmark,structure,8XBH,gpr34_human,,Class A (Rhodopsin),,001_010_001_017,,Active,paper Table S2,2.83,Electron microscopy,2023-12-27,G protein,gnai1_human,small-molecule,KW3,Agonist,SI-verified
zhang2026generalization,benchmark,structure,8IW7,taar9_mouse,,Class A (Rhodopsin),,001_010_001_083,,Active,paper Table S2,2.97,Electron microscopy,2023-05-31,G protein,gnas2_human,small-molecule,PEA,Agonist,SI-verified
zhang2026generalization,benchmark,structure,8T1W,gpr6_human,,Class A (Rhodopsin),,001_010_001_003,,Inactive,paper Table S2,3.49,X-ray diffraction,2024-12-04,none,,small-molecule,X7T,Inverse agonist,SI-verified
zhang2026generalization,benchmark,structure,8YN9,hrh4_human,,Class A (Rhodopsin),,001_001_005_004,,Active,paper Table S2,2.3,Electron microscopy,2024-10-09,G protein,gnai1_human,small-molecule,HSM,Agonist,SI-verified
zhang2026generalization,benchmark,structure,8XBG,gpr34_human,,Class A (Rhodopsin),,001_010_001_017,,Active,paper Table S2,3.43,Electron microscopy,2024-05-15,none,,small-molecule,KW0,Agonist,SI-verified
zhang2026generalization,benchmark,structure,8J22,ffar2_human,,Class A (Rhodopsin),,001_004_001_002,,Active,paper Table S2,3.2,Electron microscopy,2024-01-24,G protein,gnai1_human,small-molecule,9UJ,Agonist,SI-verified
zhang2026generalization,benchmark,structure,8UY0,or2t2_human,,Class O2 (tetrapod specific odorant),,008_001_002_047,,Active,paper Table S2,3.2,Electron microscopy,2024-10-30,G protein,gnas2_human,small-molecule,0WU,Agonist,SI-verified
zhang2026generalization,benchmark,structure,7YFC,hrh4_human,,Class A (Rhodopsin),,001_001_005_004,,Active,paper Table S2,3.0,Electron microscopy,2023-10-25,G protein,gnaq_human,small-molecule,HSM,Agonist,SI-verified
zhang2026generalization,benchmark,structure,8ID3,ffar4_human,,Class A (Rhodopsin),,001_004_001_004,,Active,paper Table S2,3.1,Electron microscopy,2023-03-15,G protein,gnai1_human,small-molecule,7NR,Agonist,SI-verified
zhang2026generalization,benchmark,structure,8JEI,hcar3_human,,Class A (Rhodopsin),,001_008_001_003,,Active,paper Table S2,2.73,Electron microscopy,2024-11-20,G protein,gnai1_human,small-molecule,CW3,Agonist,SI-verified
zhang2026generalization,benchmark,structure,8TR2,grm3_human,,Class C (Glutamate),,004_002_002_003,,Active,paper Table S2,3.5,Electron microscopy,2024-07-31,none,,small-molecule,JIX,Agonist,SI-verified
zhang2026generalization,benchmark,structure,8JLR,taar1_human,,Class A (Rhodopsin),,001_001_006_001,,Active,paper Table S2,3.0,Electron microscopy,2023-11-15,G protein,gnas2_human,small-molecule,VRK,Agonist,SI-verified
zhang2026generalization,benchmark,structure,8VY7,t2r14_human,,Class T2 (Taste 2),,009_001_001_010,,Active,paper Table S2,2.68,Electron microscopy,2024-04-03,G protein,gnai1_human,small-molecule,A1AEI,Agonist,SI-verified
zhang2026generalization,benchmark,structure,8H8J,gpr35_human,,Class A (Rhodopsin),,001_010_001_018,,Active,paper Table S2,3.2,Electron microscopy,2023-02-08,G protein,gna13_human,small-molecule,WYB,Agonist,SI-verified
zhang2026generalization,benchmark,structure,7S8O,mrgx2_human,,Class A (Rhodopsin),,001_010_001_071,,Active,paper Table S2,2.58,Electron microscopy,2021-11-17,G protein,gnai1_human,small-molecule,8IU,Agonist,SI-verified
zhang2026generalization,benchmark,structure,8POK,hrh2_human,,Class A (Rhodopsin),,001_001_005_002,,Active,paper Table S2,3.4,Electron microscopy,2024-03-06,G protein,gnas2_human,small-molecule,HSM,Agonist,SI-verified
zhang2026generalization,benchmark,structure,7YMH,ada1a_human,,Class A (Rhodopsin),,001_001_003_001,,Active,paper Table S2,3.52,Electron microscopy,2023-07-05,G protein,gnaq_human,small-molecule,E5E,Agonist,SI-verified
zhang2026generalization,benchmark,structure,7W0L,apj_human,,Class A (Rhodopsin),,001_002_002_001,,Active,paper Table S2,3.57,Electron microscopy,2022-07-27,G protein,gnai1_human,small-molecule,8EH,Agonist,SI-verified
zhang2026generalization,benchmark,structure,7WIG,ssr2_human,,Class A (Rhodopsin),,001_002_028_002,,Active,paper Table S2,2.7,Electron microscopy,2022-06-01,G protein,gnai1_human,small-molecule,9FI,Agonist,SI-verified
zhang2026generalization,benchmark,structure,8J6L,hcar2_human,,Class A (Rhodopsin),,001_008_001_002,,Active,paper Table S2,3.05,Electron microscopy,2024-04-03,G protein,gnai1_human,small-molecule,NIO,Agonist,SI-verified
zhang2026generalization,benchmark,structure,8JLZ,5ht6r_human,,Class A (Rhodopsin),,001_001_001_012,,Active,paper Table S2,3.09,Electron microscopy,2023-06-28,G protein,gnas2_human,small-molecule,UQL,Agonist,SI-verified
zhang2026generalization,benchmark,structure,8J18,gpr84_human,,Class A (Rhodopsin),,001_010_001_035,,Active,paper Table S2,2.89,Electron microscopy,2023-06-21,G protein,gnai1_human,small-molecule,HXD,Agonist,SI-verified
zhang2026generalization,benchmark,structure,8JXT,hrh4_human,,Class A (Rhodopsin),,001_001_005_004,,Active,paper Table S2,3.07,Electron microscopy,2024-03-20,G protein,gnai1_human,small-molecule,HSM,Agonist,SI-verified
zhang2026generalization,benchmark,structure,7VUG,gp139_human,,Class A (Rhodopsin),,001_010_001_042,,Active,paper Table S2,3.2,Electron microscopy,2021-12-29,G protein,gnai1_human,small-molecule,7ZQ,Agonist,SI-verified
zhang2026generalization,benchmark,structure,8WC4,taar1_mouse,,Class A (Rhodopsin),,001_001_006_001,,Active,paper Table S2,3.1,Electron microscopy,2023-12-27,G protein,gnas2_human,small-molecule,VMT,Agonist,SI-verified
zhang2026generalization,benchmark,structure,8ZRK,gp119_human,,Class A (Rhodopsin),,001_004_006_003,,Active,paper Table S2,2.82,Electron microscopy,2024-06-19,G protein,gnas2_human,small-molecule,A1D8Y,Agonist,SI-verified
zhang2026generalization,benchmark,structure,8XJM,pf2r_human,,Class A (Rhodopsin),,001_004_008_007,,Active,paper Table S2,2.85,Electron microscopy,2024-02-28,G protein,gnaq_human,small-molecule,7WT,Agonist,SI-verified
zhang2026generalization,benchmark,structure,8ZSP,taar1_human,,Class A (Rhodopsin),,001_001_006_001,,Active,paper Table S2,3.14,Electron microscopy,2024-07-24,G protein,gnas2_human,small-molecule,7LD,Agonist,SI-verified
zhang2026generalization,benchmark,structure,8K4S,mrgx4_human,,Class A (Rhodopsin),,001_010_001_073,,Active,paper Table S2,2.9,Electron microscopy,2024-11-06,G protein,gnaq_human,small-molecule,JW0,Agonist,SI-verified
zhang2026generalization,benchmark,structure,9DQH,mrgrd_human,,Class A (Rhodopsin),,001_010_001_066,,Active,paper Table S2,2.92,Electron microscopy,2024-12-11,G protein,gnaq_human,small-molecule,A1BE2,Agonist,SI-verified
zhang2026generalization,benchmark,structure,8THL,ada1a_human,,Class A (Rhodopsin),,001_001_003_001,,Active,paper Table S2,3.1,Electron microscopy,2023-08-16,G protein,gnaq_human,small-molecule,ALE,Agonist,SI-verified
zhang2026generalization,benchmark,structure,8VY9,t2r14_human,,Class T2 (Taste 2),,009_001_001_010,,Active,paper Table S2,2.88,Electron microscopy,2024-04-03,G protein,gnat3_human,small-molecule,A1AEI,Agonist,SI-verified
zhang2026generalization,benchmark,structure,8XQL,t2r14_human,,Class T2 (Taste 2),,009_001_001_010,,Active,paper Table S2,2.99,Electron microscopy,2024-07-10,G protein,gnat3_human,small-molecule,GOQ,Agonist,SI-verified
zhang2026generalization,benchmark,structure,8XJK,pf2r_human,,Class A (Rhodopsin),,001_004_008_007,,Active,paper Table S2,2.63,Electron microscopy,2024-02-28,G protein,gnaq_human,small-molecule,A1D5A,Agonist,SI-verified
zhang2026generalization,benchmark,structure,8XIO,ssr1_human,,Class A (Rhodopsin),,001_002_028_001,,Active,paper Table S2,2.65,Electron microscopy,2024-07-03,G protein,gnai1_human,small-molecule,A1D5D,Agonist,SI-verified
zhang2026generalization,benchmark,structure,7XY6,aa2br_human,,Class A (Rhodopsin),,001_006_001_003,,Active,paper Table S2,2.99,Electron microscopy,2023-05-03,G protein,gnas2_human,small-molecule,I5D,Agonist,SI-verified
zhang2026generalization,benchmark,structure,8RQL,t2r14_human,,Class T2 (Taste 2),,009_001_001_010,,Active,paper Table S2,3.03,Electron microscopy,2024-11-27,G protein,gnat3_human,small-molecule,FLF,Agonist,SI-verified
zhang2026generalization,benchmark,structure,8K2W,cxcr3_human,,Class A (Rhodopsin),,001_003_002_013,,Inactive,paper Table S2,3.0,Electron microscopy,2023-11-29,none,,small-molecule,FI6,Agonist,SI-verified
zhang2026generalization,benchmark,structure,8IHB,hcar2_human,,Class A (Rhodopsin),,001_008_001_002,,Active,paper Table S2,2.85,Electron microscopy,2023-09-13,G protein,gnai1_human,small-molecule,OKL,Agonist,SI-verified
zhang2026generalization,benchmark,structure,7XMT,ssr4_human,,Class A (Rhodopsin),,001_002_028_004,,Active,paper Table S2,2.8,Electron microscopy,2022-08-03,G protein,gnai1_human,small-molecule,I8B,Agonist,SI-verified
zhang2026generalization,benchmark,structure,8WC3,taar1_mouse,,Class A (Rhodopsin),,001_001_006_001,,Active,paper Table S2,3.0,Electron microscopy,2023-12-27,G protein,gnas2_human,small-molecule,UJL,Agonist,SI-verified
zhang2026generalization,benchmark,structure,7YK7,rl3r2_human,,Class A (Rhodopsin),,001_002_027_004,,Active,paper Table S2,2.75,Electron microscopy,2023-03-01,G protein,gnai2_human,small-molecule,IYM,Agonist,SI-verified
zhang2026generalization,benchmark,structure,8WC9,taar1_mouse,,Class A (Rhodopsin),,001_001_006_001,,Active,paper Table S2,3.2,Electron microscopy,2023-12-27,G protein,gnaq_human,small-molecule,VMT,Agonist,SI-verified
zhang2026generalization,benchmark,structure,8JLJ,taar1_mouse,,Class A (Rhodopsin),,001_001_006_001,,Active,paper Table S2,3.1,Electron microscopy,2023-11-15,G protein,gnas2_human,small-molecule,UJF,Agonist,SI-verified
zhang2026generalization,benchmark,structure,8JLQ,taar1_human,,Class A (Rhodopsin),,001_001_006_001,,Active,paper Table S2,2.84,Electron microscopy,2023-11-15,G protein,gnas2_human,small-molecule,G3C,Agonist,SI-verified
zhang2026generalization,benchmark,structure,8W8R,gp101_human,,Class A (Rhodopsin),,001_010_001_039,,Active,paper Table S2,3.3,Electron microscopy,2024-01-03,G protein,gnas2_human,small-molecule,U7D,Agonist,SI-verified
zhang2026generalization,benchmark,structure,7VDH,mrgx2_human,,Class A (Rhodopsin),,001_010_001_071,,Active,paper Table S2,2.9,Electron microscopy,2021-12-01,G protein,gnai1_human,small-molecule,6IB,Agonist,SI-verified
zhang2026generalization,benchmark,structure,8X17,aa3r_human,,Class A (Rhodopsin),,001_006_001_004,,Active,paper Table S2,3.19,Electron microscopy,2024-04-24,G protein,gnai1_human,small-molecule,XS0,Agonist,SI-verified
zhang2026generalization,benchmark,structure,8YN8,hrh3_human,,Class A (Rhodopsin),,001_001_005_003,,Active,paper Table S2,2.77,Electron microscopy,2024-10-16,G protein,gnao_human,small-molecule,A1LY3,Agonist,SI-verified
zhang2026generalization,benchmark,structure,7WIH,grm3_human,,Class C (Glutamate),,004_002_002_003,,Active,paper Table S2,3.68,Electron microscopy,2022-03-16,none,,small-molecule,CWY,Agonist,SI-verified
zhang2026generalization,benchmark,structure,8JXV,hrh4_human,,Class A (Rhodopsin),,001_001_005_004,,Active,paper Table S2,3.21,Electron microscopy,2024-03-20,G protein,gnai1_human,small-molecule,VBU,Agonist,SI-verified
zhang2026generalization,benchmark,structure,7WI8,grm3_human,,Class C (Glutamate),,004_002_002_003,,Inactive,paper Table S2,4.17,Electron microscopy,2022-03-16,none,,small-molecule,Z99,Antagonist,SI-verified
zhang2026generalization,benchmark,structure,8JZ7,hcar2_human,,Class A (Rhodopsin),,001_008_001_002,,Active,paper Table S2,2.6,Electron microscopy,2023-10-04,G protein,gnai1_human,small-molecule,FI7,Agonist,SI-verified
zhang2026generalization,benchmark,structure,8HVI,gp132_human,,Class A (Rhodopsin),,001_010_001_040,,Active,paper Table S2,3.04,Electron microscopy,2023-10-11,G protein,gnai1_human,small-molecule,NFI,Agonist,SI-verified
zhang2026generalization,benchmark,structure,8UHB,taar1_human,,Class A (Rhodopsin),,001_001_006_001,,Active,paper Table S2,3.35,Electron microscopy,2024-01-10,G protein,gnas2_human,small-molecule,WV8,Agonist,SI-verified
zhang2026generalization,benchmark,structure,7VV6,mrgx2_human,,Class A (Rhodopsin),,001_010_001_071,,Active,paper Table S2,3.3,Electron microscopy,2021-12-01,none,,small-molecule,6IB,Agonist,SI-verified
zhang2026generalization,benchmark,structure,8TB7,gpr61_human,,Class A (Rhodopsin),,001_010_001_025,,Active,paper Table S2,2.94,Electron microscopy,2023-10-04,none,,small-molecule,ZOB,Inverse agonist,SI-verified
zhang2026generalization,benchmark,structure,7VV5,mrgx2_human,,Class A (Rhodopsin),,001_010_001_071,,Active,paper Table S2,2.76,Electron microscopy,2021-12-01,G protein,gnai1_human,small-molecule,6IB,Agonist,SI-verified
zhang2026generalization,benchmark,structure,8ZX5,gpr55_human,,Class A (Rhodopsin),,001_004_006_002,,Active,paper Table S2,3.03,Electron microscopy,2024-11-13,G protein,gna13_human,small-molecule,A1D9D,Agonist,SI-verified
zhang2026generalization,benchmark,structure,7VUI,gp139_human,,Class A (Rhodopsin),,001_010_001_042,,Active,paper Table S2,3.3,Electron microscopy,2021-12-29,G protein,gnas2_human,small-molecule,7ZQ,Agonist,SI-verified
zhang2026generalization,benchmark,structure,7W41,grpr_human,,Class A (Rhodopsin),,001_002_003_002,,Inactive,paper Table S2,2.95,X-ray diffraction,2023-02-22,none,,small-molecule,8B8,Antagonist,SI-verified
zhang2026generalization,benchmark,structure,8IQ6,pf2r_human,,Class A (Rhodopsin),,001_004_008_007,,Active,paper Table S2,3.4,Electron microscopy,2024-01-31,G protein,gnas2_human,small-molecule,7WT,Agonist,SI-verified
zhang2026generalization,benchmark,structure,7XY7,aa2br_human,,Class A (Rhodopsin),,001_006_001_003,,Active,paper Table S2,3.26,Electron microscopy,2023-05-03,G protein,gnas2_human,small-molecule,NEC,Agonist,SI-verified
zhang2026generalization,benchmark,structure,7XTB,5ht6r_human,,Class A (Rhodopsin),,001_001_001_012,,Active,paper Table S2,3.3,Electron microscopy,2022-07-27,G protein,gnas2_human,small-molecule,SRO,Agonist,SI-verified
zhang2026generalization,benchmark,structure,8TR0,grm3_human,,Class C (Glutamate),,004_002_002_003,,Inactive,paper Table S2,3.2,Electron microscopy,2024-07-31,none,,small-molecule,Z99,Antagonist,SI-verified
zhang2026generalization,benchmark,structure,8IUL,pf2r_human,,Class A (Rhodopsin),,001_004_008_007,,Active,paper Table S2,2.78,Electron microscopy,2023-07-12,G protein,gnaq_human,small-molecule,7WT,Agonist,SI-verified
zhang2026generalization,benchmark,structure,7XN9,ssr2_human,,Class A (Rhodopsin),,001_002_028_002,,Inactive,paper Table S2,2.6,X-ray diffraction,2022-08-03,none,,small-molecule,GI9,Agonist,SI-verified
zhang2026generalization,benchmark,structure,8IJD,hcar2_human,,Class A (Rhodopsin),,001_008_001_002,,Active,paper Table S2,3.25,Electron microscopy,2024-01-03,G protein,gnai1_human,small-molecule,FI7,Agonist,SI-verified
zhang2026generalization,benchmark,structure,8XVK,ednra_human,,Class A (Rhodopsin),,001_002_007_001,,Inactive,paper Table S2,3.21,Electron microscopy,2024-08-28,none,,small-molecule,A1D5J,Antagonist,SI-verified
zhang2026generalization,benchmark,structure,9IYA,gpr55_human,,Class A (Rhodopsin),,001_004_006_002,,Active,paper Table S2,3.04,Electron microscopy,2025-01-01,none,,small-molecule,A1L3E,Antagonist,SI-verified
zhang2026generalization,benchmark,structure,7X5H,5ht5a_human,,Class A (Rhodopsin),,001_001_001_010,,Active,paper Table S2,3.1,Electron microscopy,2022-09-14,G protein,gnai1_human,small-molecule,8K3,Agonist,SI-verified
zhang2026generalization,benchmark,structure,8KEX,mrgx4_human,,Class A (Rhodopsin),,001_010_001_073,,Active,paper Table S2,3.2,Electron microscopy,2024-11-06,none,,small-molecule,JW0,Agonist,SI-verified
zhang2026generalization,benchmark,structure,9DQJ,mrgrd_human,,Class A (Rhodopsin),,001_010_001_066,,Active,paper Table S2,2.9,Electron microscopy,2024-12-11,G protein,gnaq_human,small-molecule,A1BEQ,Agonist,SI-verified
zhang2026generalization,benchmark,structure,8XVJ,ednra_human,,Class A (Rhodopsin),,001_002_007_001,,Inactive,paper Table S2,3.26,Electron microscopy,2024-08-28,none,,small-molecule,A1D5I,Antagonist,SI-verified
chiesa2025templatebias,benchmark,structure,8JSP,5ht1a_human,5HT1A,Class A (Rhodopsin),,001_001_001_001,5-Hydroxytryptamine,Active,paper Table S1 (all active),3.65,Electron microscopy,2023-11-15,G protein,gnai1_human,small-molecule,,,SI-verified
chiesa2025templatebias,benchmark,structure,8W8B,5ht1a_human,5HT1A,Class A (Rhodopsin),,001_001_001_001,5-Hydroxytryptamine,Active,paper Table S1 (all active),3.0,Electron microscopy,2023-11-22,G protein,gnai1_human,small-molecule,,,SI-verified
chiesa2025templatebias,benchmark,structure,7YS6,5ht6r_human,5HT6R,Class A (Rhodopsin),,001_001_001_012,5-Hydroxytryptamine,Active,paper Table S1 (all active),3.0,Electron microscopy,2023-03-29,G protein,gnas2_human,small-molecule,,,SI-verified
chiesa2025templatebias,benchmark,structure,8JLZ,5ht6r_human,5HT6R,Class A (Rhodopsin),,001_001_001_012,5-Hydroxytryptamine,Active,paper Table S1 (all active),3.09,Electron microscopy,2023-06-28,G protein,gnas2_human,small-molecule,,,SI-verified
chiesa2025templatebias,benchmark,structure,8HDP,aa2br_human,AA2BR,Class A (Rhodopsin),,001_006_001_003,Adenosine,Active,paper Table S1 (all active),3.2,Electron microscopy,2023-01-18,G protein,gnas2_human,small-molecule,,,SI-verified
chiesa2025templatebias,benchmark,structure,8HDO,aa2br_human,AA2BR,Class A (Rhodopsin),,001_006_001_003,Adenosine,Active,paper Table S1 (all active),2.87,Electron microscopy,2023-01-18,G protein,gnas2_human,small-molecule,,,SI-verified
chiesa2025templatebias,benchmark,structure,7XY6,aa2br_human,AA2BR,Class A (Rhodopsin),,001_006_001_003,Adenosine,Active,paper Table S1 (all active),2.99,Electron microscopy,2023-05-03,G protein,gnas2_human,small-molecule,,,SI-verified
chiesa2025templatebias,benchmark,structure,7XY7,aa2br_human,AA2BR,Class A (Rhodopsin),,001_006_001_003,Adenosine,Active,paper Table S1 (all active),3.26,Electron microscopy,2023-05-03,G protein,gnas2_human,small-molecule,,,SI-verified
chiesa2025templatebias,benchmark,structure,7TRK,acm4_human,ACM4,Class A (Rhodopsin),,001_001_002_004,Acetylcholine (muscarinic),Active,paper Table S1 (all active),2.8,Electron microscopy,2023-05-17,G protein,gnai1_human,small-molecule,,,SI-verified
chiesa2025templatebias,benchmark,structure,7TRP,acm4_human,ACM4,Class A (Rhodopsin),,001_001_002_004,Acetylcholine (muscarinic),Active,paper Table S1 (all active),2.4,Electron microscopy,2023-05-17,G protein,gnai1_human,small-molecule,,,SI-verified
chiesa2025templatebias,benchmark,structure,7TRS,acm4_human,ACM4,Class A (Rhodopsin),,001_001_002_004,Acetylcholine (muscarinic),Active,paper Table S1 (all active),2.8,Electron microscopy,2023-05-17,G protein,gnai1_human,small-molecule,,,SI-verified
chiesa2025templatebias,benchmark,structure,7TRQ,acm4_human,ACM4,Class A (Rhodopsin),,001_001_002_004,Acetylcholine (muscarinic),Active,paper Table S1 (all active),2.5,Electron microscopy,2023-05-17,G protein,gnai1_human,small-molecule,,,SI-verified
chiesa2025templatebias,benchmark,structure,8GY7,acthr_human,ACTHR,Class A (Rhodopsin),,001_002_014_002,Melanocortin,Active,paper Table S1 (all active),3.3,Electron microscopy,2023-01-11,G protein,gnas2_human,peptide,,,SI-verified
chiesa2025templatebias,benchmark,structure,7F6G,agtr1_human,AGTR1,Class A (Rhodopsin),,001_002_001_001,Angiotensin,Active,paper Table S1 (all active),2.9,Electron microscopy,2023-03-29,G protein,gnaq_human,peptide,,,SI-verified
chiesa2025templatebias,benchmark,structure,8HK3,c3ar_human,C3AR,Class A (Rhodopsin),,001_002_006_001,Complement peptide,Active,paper Table S1 (all active),3.2,Electron microscopy,2023-05-10,G protein,gnai1_human,none,,,SI-verified
chiesa2025templatebias,benchmark,structure,8HK2,c3ar_human,C3AR,Class A (Rhodopsin),,001_002_006_001,Complement peptide,Active,paper Table S1 (all active),2.9,Electron microscopy,2023-05-10,G protein,gnai1_human,peptide,,,SI-verified
chiesa2025templatebias,benchmark,structure,8IA8,c3ar_human,C3AR,Class A (Rhodopsin),,001_002_006_001,Complement peptide,Active,paper Table S1 (all active),2.86,Electron microscopy,2023-05-24,G protein,gnai1_human,peptide,,,SI-verified
chiesa2025templatebias,benchmark,structure,8I9S,c3ar_human,C3AR,Class A (Rhodopsin),,001_002_006_001,Complement peptide,Active,paper Table S1 (all active),3.26,Electron microscopy,2023-10-18,G protein,gnao_human,none,,,SI-verified
chiesa2025templatebias,benchmark,structure,8J6D,c3ar_human,C3AR,Class A (Rhodopsin),,001_002_006_001,Complement peptide,Active,paper Table S1 (all active),3.1,Electron microscopy,2023-10-18,G protein,gnao_human,peptide,,,SI-verified
chiesa2025templatebias,benchmark,structure,8I9L,c3ar_human,C3AR,Class A (Rhodopsin),,001_002_006_001,Complement peptide,Active,paper Table S1 (all active),3.18,Electron microscopy,2023-10-18,G protein,gnao_human,peptide,,,SI-verified
chiesa2025templatebias,benchmark,structure,8I97,c3ar_human,C3AR,Class A (Rhodopsin),,001_002_006_001,Complement peptide,Active,paper Table S1 (all active),3.19,Electron microscopy,2023-10-18,G protein,gnao_human,none,,,SI-verified
chiesa2025templatebias,benchmark,structure,8I95,c3ar_human,C3AR,Class A (Rhodopsin),,001_002_006_001,Complement peptide,Active,paper Table S1 (all active),2.88,Electron microscopy,2023-10-18,G protein,gnao_human,peptide,,,SI-verified
chiesa2025templatebias,benchmark,structure,7Y66,c5ar1_human,C5AR1,Class A (Rhodopsin),,001_002_006_002,Complement peptide,Active,paper Table S1 (all active),2.9,Electron microscopy,2023-03-01,G protein,gnai1_human,peptide,,,SI-verified
chiesa2025templatebias,benchmark,structure,7Y65,c5ar1_human,C5AR1,Class A (Rhodopsin),,001_002_006_002,Complement peptide,Active,paper Table S1 (all active),3.2,Electron microscopy,2023-03-01,G protein,gnai1_human,peptide,,,SI-verified
chiesa2025templatebias,benchmark,structure,7Y67,c5ar1_human,C5AR1,Class A (Rhodopsin),,001_002_006_002,Complement peptide,Active,paper Table S1 (all active),2.8,Electron microscopy,2023-03-01,G protein,gnai1_human,peptide,,,SI-verified
chiesa2025templatebias,benchmark,structure,7Y64,c5ar1_human,C5AR1,Class A (Rhodopsin),,001_002_006_002,Complement peptide,Active,paper Table S1 (all active),2.9,Electron microscopy,2023-03-01,G protein,gnai1_human,peptide,,,SI-verified
chiesa2025templatebias,benchmark,structure,8IA2,c5ar1_human,C5AR1,Class A (Rhodopsin),,001_002_006_002,Complement peptide,Active,paper Table S1 (all active),3.21,Electron microscopy,2023-10-18,G protein,gnao_human,peptide,,,SI-verified
chiesa2025templatebias,benchmark,structure,8JZZ,c5ar1_human,C5AR1,Class A (Rhodopsin),,001_002_006_002,Complement peptide,Active,paper Table S1 (all active),3.31,Electron microscopy,2023-10-18,G protein,gnao_human,peptide,,,SI-verified
chiesa2025templatebias,benchmark,structure,8U1U,ccr8_human,CCR8,Class A (Rhodopsin),,001_003_002_008,Chemokine,Active,paper Table S1 (all active),3.1,Electron microscopy,2023-12-20,G protein,gnai1_human,protein,,,SI-verified
chiesa2025templatebias,benchmark,structure,7YKD,cml1_human,CML1,Class A (Rhodopsin),,001_003_001_001,Chemerin receptor,Active,paper Table S1 (all active),2.81,Electron microscopy,2023-04-19,G protein,gnai1_human,peptide,,,SI-verified
chiesa2025templatebias,benchmark,structure,8SG1,cml1_human,CML1,Class A (Rhodopsin),,001_003_001_001,Chemerin receptor,Active,paper Table S1 (all active),2.94,Electron microscopy,2023-11-01,G protein,gnai1_human,peptide,,,SI-verified
chiesa2025templatebias,benchmark,structure,8GHV,cnr1_human,CNR1,Class A (Rhodopsin),,001_004_005_001,Cannabinoid,Active,paper Table S1 (all active),2.8,Electron microscopy,2023-05-24,G protein,gnai1_human,small-molecule,,,SI-verified
chiesa2025templatebias,benchmark,structure,8GUT,cnr2_human,CNR2,Class A (Rhodopsin),,001_004_005_002,Cannabinoid,Active,paper Table S1 (all active),2.98,Electron microscopy,2023-05-10,G protein,gnai1_human,small-molecule,,,SI-verified
chiesa2025templatebias,benchmark,structure,8GUR,cnr2_human,CNR2,Class A (Rhodopsin),,001_004_005_002,Cannabinoid,Active,paper Table S1 (all active),2.84,Electron microscopy,2023-05-10,G protein,gnai1_human,small-molecule,,,SI-verified
chiesa2025templatebias,benchmark,structure,8GUQ,cnr2_human,CNR2,Class A (Rhodopsin),,001_004_005_002,Cannabinoid,Active,paper Table S1 (all active),3.08,Electron microscopy,2023-05-10,G protein,gnai1_human,small-molecule,,,SI-verified
chiesa2025templatebias,benchmark,structure,8GUS,cnr2_human,CNR2,Class A (Rhodopsin),,001_004_005_002,Cannabinoid,Active,paper Table S1 (all active),2.97,Electron microscopy,2023-05-10,G protein,gnai1_human,small-molecule,,,SI-verified
chiesa2025templatebias,benchmark,structure,8IC0,cxcr1_human,CXCR1,Class A (Rhodopsin),,001_003_002_011,Chemokine,Active,paper Table S1 (all active),3.41,Electron microscopy,2023-07-19,G protein,gnai1_human,protein,,,SI-verified
chiesa2025templatebias,benchmark,structure,8K2X,cxcr3_human,CXCR3,Class A (Rhodopsin),,001_003_002_013,Chemokine,Active,paper Table S1 (all active),3.2,Electron microscopy,2023-11-29,G protein,gnai1_human,small-molecule,,,SI-verified
chiesa2025templatebias,benchmark,structure,8HNM,cxcr3_human,CXCR3,Class A (Rhodopsin),,001_003_002_013,Chemokine,Active,paper Table S1 (all active),2.94,Electron microscopy,2023-11-29,G protein,gnai1_human,small-molecule,,,SI-verified
chiesa2025templatebias,benchmark,structure,8HNK,cxcr3_human,CXCR3,Class A (Rhodopsin),,001_003_002_013,Chemokine,Active,paper Table S1 (all active),3.01,Electron microscopy,2023-11-29,G protein,gnai1_human,peptide,,,SI-verified
chiesa2025templatebias,benchmark,structure,8IRR,drd1_human,DRD1,Class A (Rhodopsin),,001_001_004_001,Dopamine,Active,paper Table S1 (all active),3.2,Electron microscopy,2023-06-21,G protein,gnas2_human,small-molecule,,,SI-verified
chiesa2025templatebias,benchmark,structure,8IRS,drd2_human,DRD2,Class A (Rhodopsin),,001_001_004_002,Dopamine,Active,paper Table S1 (all active),3.0,Electron microscopy,2023-06-07,G protein,gnai1_human,small-molecule,,,SI-verified
chiesa2025templatebias,benchmark,structure,8IRT,drd3_human,DRD3,Class A (Rhodopsin),,001_001_004_003,Dopamine,Active,paper Table S1 (all active),2.7,Electron microscopy,2023-06-07,G protein,gnai1_human,small-molecule,,,SI-verified
chiesa2025templatebias,benchmark,structure,8IRU,drd4_human,DRD4,Class A (Rhodopsin),,001_001_004_004,Dopamine,Active,paper Table S1 (all active),3.2,Electron microscopy,2023-06-21,G protein,gnai1_human,small-molecule,,,SI-verified
chiesa2025templatebias,benchmark,structure,8IRV,drd5_human,DRD5,Class A (Rhodopsin),,001_001_004_005,Dopamine,Active,paper Table S1 (all active),3.1,Electron microscopy,2023-06-07,G protein,gnas2_human,small-molecule,,,SI-verified
chiesa2025templatebias,benchmark,structure,8HBD,ednrb_human,EDNRB,Class A (Rhodopsin),,001_002_007_002,Endothelin,Active,paper Table S1 (all active),2.99,Electron microscopy,2023-03-22,G protein,gnai1_human,peptide,,,SI-verified
chiesa2025templatebias,benchmark,structure,8IY5,ednrb_human,EDNRB,Class A (Rhodopsin),,001_002_007_002,Endothelin,Active,paper Table S1 (all active),2.8,Electron microscopy,2023-08-16,G protein,gnai1_human,protein,,,SI-verified
chiesa2025templatebias,benchmark,structure,8ID9,ffar4_human,FFAR4,Class A (Rhodopsin),,001_004_001_004,Free fatty acid,Active,paper Table S1 (all active),3.0,Electron microscopy,2023-03-15,G protein,gnai1_human,small-molecule,,,SI-verified
chiesa2025templatebias,benchmark,structure,8ID4,ffar4_human,FFAR4,Class A (Rhodopsin),,001_004_001_004,Free fatty acid,Active,paper Table S1 (all active),3.1,Electron microscopy,2023-03-15,G protein,gnai1_human,small-molecule,,,SI-verified
chiesa2025templatebias,benchmark,structure,8ID6,ffar4_human,FFAR4,Class A (Rhodopsin),,001_004_001_004,Free fatty acid,Active,paper Table S1 (all active),2.8,Electron microscopy,2023-03-15,G protein,gnai1_human,small-molecule,,,SI-verified
chiesa2025templatebias,benchmark,structure,8ID8,ffar4_human,FFAR4,Class A (Rhodopsin),,001_004_001_004,Free fatty acid,Active,paper Table S1 (all active),3.0,Electron microscopy,2023-03-15,G protein,gnai1_human,small-molecule,,,SI-verified
chiesa2025templatebias,benchmark,structure,8ID3,ffar4_human,FFAR4,Class A (Rhodopsin),,001_004_001_004,Free fatty acid,Active,paper Table S1 (all active),3.1,Electron microscopy,2023-03-15,G protein,gnai1_human,small-molecule,,,SI-verified
chiesa2025templatebias,benchmark,structure,8H4I,ffar4_human,FFAR4,Class A (Rhodopsin),,001_004_001_004,Free fatty acid,Active,paper Table S1 (all active),3.06,Electron microscopy,2023-06-21,G protein,gnas2_human,small-molecule,,,SI-verified
chiesa2025templatebias,benchmark,structure,8IYS,ffar4_human,FFAR4,Class A (Rhodopsin),,001_004_001_004,Free fatty acid,Active,paper Table S1 (all active),2.95,Electron microscopy,2023-06-21,G protein,gnaq_human,small-molecule,,,SI-verified
chiesa2025templatebias,benchmark,structure,8I2G,fshr_human,FSHR,Class A (Rhodopsin),,001_003_003_001,Glycoprotein hormone,Active,paper Table S1 (all active),2.8,Electron microscopy,2023-03-29,G protein,gnas2_human,small-molecule,,,SI-verified
chiesa2025templatebias,benchmark,structure,7XJJ,galr1_human,GALR1,Class A (Rhodopsin),,001_002_009_001,Galanin,Active,paper Table S1 (all active),3.3,Electron microscopy,2023-05-03,G protein,gnao_human,peptide,,,SI-verified
chiesa2025templatebias,benchmark,structure,8IA7,gasr_human,GASR,Class A (Rhodopsin),,001_002_005_002,Cholecystokinin,Active,paper Table S1 (all active),3.1,Electron microscopy,2023-12-06,G protein,gnaq_human,protein,,,SI-verified
chiesa2025templatebias,benchmark,structure,8W8Q,gp101_human,GP101,Class A (Rhodopsin),,001_010_001_039,A orphans,Active,paper Table S1 (all active),2.89,Electron microscopy,2024-01-03,G protein,gnas2_human,none,,,SI-verified
chiesa2025templatebias,benchmark,structure,8W8R,gp101_human,GP101,Class A (Rhodopsin),,001_010_001_039,A orphans,Active,paper Table S1 (all active),3.3,Electron microscopy,2024-01-03,G protein,gnas2_human,small-molecule,,,SI-verified
chiesa2025templatebias,benchmark,structure,8HVI,gp132_human,GP132,Class A (Rhodopsin),,001_010_001_040,A orphans,Active,paper Table S1 (all active),3.04,Electron microscopy,2023-10-11,G protein,gnai1_human,small-molecule,,,SI-verified
chiesa2025templatebias,benchmark,structure,8HQE,gp132_human,GP132,Class A (Rhodopsin),,001_010_001_040,A orphans,Active,paper Table S1 (all active),2.97,Electron microscopy,2023-10-11,G protein,gnai1_human,none,,,SI-verified
chiesa2025templatebias,benchmark,structure,8HQM,gp132_human,GP132,Class A (Rhodopsin),,001_010_001_040,A orphans,Active,paper Table S1 (all active),2.95,Electron microscopy,2023-10-11,G protein,gnai1_human,small-molecule,,,SI-verified
chiesa2025templatebias,benchmark,structure,8HQN,gp132_human,GP132,Class A (Rhodopsin),,001_010_001_040,A orphans,Active,paper Table S1 (all active),3.0,Electron microscopy,2023-10-11,G protein,gnai1_human,small-molecule,,,SI-verified
chiesa2025templatebias,benchmark,structure,8KH4,gp161_human,GP161,Class A (Rhodopsin),,001_010_001_053,A orphans,Active,paper Table S1 (all active),3.1,Electron microscopy,2023-10-11,G protein,gnas2_human,none,,,SI-verified
chiesa2025templatebias,benchmark,structure,7XV3,gp174_human,GP174,Class A (Rhodopsin),,001_010_001_057,A orphans,Active,paper Table S1 (all active),2.76,Electron microscopy,2023-02-15,G protein,gnas2_human,small-molecule,,,SI-verified
chiesa2025templatebias,benchmark,structure,8KH5,gp174_human,GP174,Class A (Rhodopsin),,001_010_001_057,A orphans,Active,paper Table S1 (all active),2.83,Electron microscopy,2023-10-18,G protein,gnas2_human,small-molecule,,,SI-verified
chiesa2025templatebias,benchmark,structure,8IZB,gp174_human,GP174,Class A (Rhodopsin),,001_010_001_057,A orphans,Active,paper Table S1 (all active),3.06,Electron microscopy,2023-11-01,G protein,gnas2_human,small-molecule,,,SI-verified
chiesa2025templatebias,benchmark,structure,7Y3G,gpr12_human,GPR12,Class A (Rhodopsin),,001_010_001_004,A orphans,Active,paper Table S1 (all active),2.77,Electron microscopy,2023-06-07,G protein,gnas2_human,none,,,SI-verified
chiesa2025templatebias,benchmark,structure,8HSC,gpr20_human,GPR20,Class A (Rhodopsin),,001_010_001_008,A orphans,Active,paper Table S1 (all active),3.22,Electron microscopy,2023-03-08,G protein,gnai1_human,none,,,SI-verified
chiesa2025templatebias,benchmark,structure,8HS3,gpr20_human,GPR20,Class A (Rhodopsin),,001_010_001_008,A orphans,Active,paper Table S1 (all active),3.14,Electron microscopy,2023-03-08,G protein,gnai1_human,none,,,SI-verified
chiesa2025templatebias,benchmark,structure,8HMV,gpr21_human,GPR21,Class A (Rhodopsin),,001_010_001_009,A orphans,Active,paper Table S1 (all active),2.91,Electron microscopy,2023-03-01,G protein,gnas2_human,none,,,SI-verified
chiesa2025templatebias,benchmark,structure,8HJ0,gpr21_human,GPR21,Class A (Rhodopsin),,001_010_001_009,A orphans,Active,paper Table S1 (all active),3.12,Electron microscopy,2023-03-15,G protein,gnas2_human,none,,,SI-verified
chiesa2025templatebias,benchmark,structure,8HIX,gpr21_human,GPR21,Class A (Rhodopsin),,001_010_001_009,A orphans,Active,paper Table S1 (all active),3.12,Electron microscopy,2023-03-15,G protein,gnas2_human,none,,,SI-verified
chiesa2025templatebias,benchmark,structure,8HJ2,gpr21_human,GPR21,Class A (Rhodopsin),,001_010_001_009,A orphans,Active,paper Table S1 (all active),3.8,Electron microscopy,2023-03-15,G protein,gnas2_human,none,,,SI-verified
chiesa2025templatebias,benchmark,structure,8HJ1,gpr21_human,GPR21,Class A (Rhodopsin),,001_010_001_009,A orphans,Active,paper Table S1 (all active),3.27,Electron microscopy,2023-12-27,G protein,gnas2_human,none,,,SI-verified
chiesa2025templatebias,benchmark,structure,8SAI,gpr34_human,GPR34,Class A (Rhodopsin),,001_010_001_017,A orphans,Active,paper Table S1 (all active),3.27,Electron microscopy,2023-10-04,G protein,gnai1_human,small-molecule,,,SI-verified
chiesa2025templatebias,benchmark,structure,8K4N,gpr34_human,GPR34,Class A (Rhodopsin),,001_010_001_017,A orphans,Active,paper Table S1 (all active),2.83,Electron microscopy,2023-10-25,G protein,gnai1_human,small-molecule,,,SI-verified
chiesa2025templatebias,benchmark,structure,8WRB,gpr34_human,GPR34,Class A (Rhodopsin),,001_010_001_017,A orphans,Active,paper Table S1 (all active),2.91,Electron microscopy,2023-11-08,G protein,gnai1_human,small-molecule,,,SI-verified
chiesa2025templatebias,benchmark,structure,8XBH,gpr34_human,GPR34,Class A (Rhodopsin),,001_010_001_017,A orphans,Active,paper Table S1 (all active),2.83,Electron microscopy,2023-12-27,G protein,gnai1_human,small-molecule,,,SI-verified
chiesa2025templatebias,benchmark,structure,8H8J,gpr35_human,GPR35,Class A (Rhodopsin),,001_010_001_018,A orphans,Active,paper Table S1 (all active),3.2,Electron microscopy,2023-02-08,G protein,gna13_human,small-molecule,,,SI-verified
chiesa2025templatebias,benchmark,structure,8HMP,gpr52_human,GPR52,Class A (Rhodopsin),,001_010_001_024,A orphans,Active,paper Table S1 (all active),2.77,Electron microscopy,2023-06-21,G protein,gnas2_human,small-molecule,,,SI-verified
chiesa2025templatebias,benchmark,structure,8KGK,gpr61_human,GPR61,Class A (Rhodopsin),,001_010_001_025,A orphans,Active,paper Table S1 (all active),3.16,Electron microscopy,2023-10-11,G protein,gnas2_human,none,,,SI-verified
chiesa2025templatebias,benchmark,structure,7W3Z,grpr_human,GRPR,Class A (Rhodopsin),,001_002_003_002,Bombesin,Active,paper Table S1 (all active),3.0,Electron microscopy,2023-02-22,G protein,gnaq_human,peptide,,,SI-verified
chiesa2025templatebias,benchmark,structure,7W40,grpr_human,GRPR,Class A (Rhodopsin),,001_002_003_002,Bombesin,Active,paper Table S1 (all active),3.0,Electron microscopy,2023-02-22,G protein,gnaq_human,peptide,,,SI-verified
chiesa2025templatebias,benchmark,structure,7XK2,hcar2_human,HCAR2,Class A (Rhodopsin),,001_008_001_002,Hydroxycarboxylic acid,Active,paper Table S1 (all active),3.1,Electron microscopy,2023-02-22,G protein,gnai1_human,small-molecule,,,SI-verified
chiesa2025templatebias,benchmark,structure,8IHF,hcar2_human,HCAR2,Class A (Rhodopsin),,001_008_001_002,Hydroxycarboxylic acid,Active,paper Table S1 (all active),2.97,Electron microscopy,2023-08-30,G protein,gnai1_human,small-molecule,,,SI-verified
chiesa2025templatebias,benchmark,structure,8IHI,hcar2_human,HCAR2,Class A (Rhodopsin),,001_008_001_002,Hydroxycarboxylic acid,Active,paper Table S1 (all active),3.11,Electron microscopy,2023-08-30,G protein,gnai1_human,small-molecule,,,SI-verified
chiesa2025templatebias,benchmark,structure,8IHH,hcar2_human,HCAR2,Class A (Rhodopsin),,001_008_001_002,Hydroxycarboxylic acid,Active,paper Table S1 (all active),3.06,Electron microscopy,2023-08-30,G protein,gnai1_human,small-molecule,,,SI-verified
chiesa2025templatebias,benchmark,structure,8JIL,hcar2_human,HCAR2,Class A (Rhodopsin),,001_008_001_002,Hydroxycarboxylic acid,Active,paper Table S1 (all active),3.5,Electron microscopy,2023-09-06,G protein,gnai1_human,small-molecule,,,SI-verified
chiesa2025templatebias,benchmark,structure,8JHY,hcar2_human,HCAR2,Class A (Rhodopsin),,001_008_001_002,Hydroxycarboxylic acid,Active,paper Table S1 (all active),2.87,Electron microscopy,2023-09-06,G protein,gnai1_human,small-molecule,,,SI-verified
chiesa2025templatebias,benchmark,structure,8JIM,hcar2_human,HCAR2,Class A (Rhodopsin),,001_008_001_002,Hydroxycarboxylic acid,Active,paper Table S1 (all active),2.98,Electron microscopy,2023-09-06,G protein,gnai1_human,small-molecule,,,SI-verified
chiesa2025templatebias,benchmark,structure,8JII,hcar2_human,HCAR2,Class A (Rhodopsin),,001_008_001_002,Hydroxycarboxylic acid,Active,paper Table S1 (all active),3.17,Electron microscopy,2023-09-06,G protein,gnai1_human,small-molecule,,,SI-verified
chiesa2025templatebias,benchmark,structure,8IHB,hcar2_human,HCAR2,Class A (Rhodopsin),,001_008_001_002,Hydroxycarboxylic acid,Active,paper Table S1 (all active),2.85,Electron microscopy,2023-09-13,G protein,gnai1_human,small-molecule,,,SI-verified
chiesa2025templatebias,benchmark,structure,8JZ7,hcar2_human,HCAR2,Class A (Rhodopsin),,001_008_001_002,Hydroxycarboxylic acid,Active,paper Table S1 (all active),2.6,Electron microscopy,2023-10-04,G protein,gnai1_human,small-molecule,,,SI-verified
chiesa2025templatebias,benchmark,structure,8H2G,hcar2_human,HCAR2,Class A (Rhodopsin),,001_008_001_002,Hydroxycarboxylic acid,Active,paper Table S1 (all active),3.01,Electron microscopy,2023-10-11,G protein,gnai1_human,small-molecule,,,SI-verified
chiesa2025templatebias,benchmark,structure,8J6R,hcar2_human,HCAR2,Class A (Rhodopsin),,001_008_001_002,Hydroxycarboxylic acid,Active,paper Table S1 (all active),2.76,Electron microscopy,2023-12-06,G protein,gnai1_human,small-molecule,,,SI-verified
chiesa2025templatebias,benchmark,structure,8J6Q,hcar2_human,HCAR2,Class A (Rhodopsin),,001_008_001_002,Hydroxycarboxylic acid,Active,paper Table S1 (all active),2.6,Electron microscopy,2023-12-06,G protein,gnai1_human,small-molecule,,,SI-verified
chiesa2025templatebias,benchmark,structure,8J6P,hcar2_human,HCAR2,Class A (Rhodopsin),,001_008_001_002,Hydroxycarboxylic acid,Active,paper Table S1 (all active),2.55,Electron microscopy,2023-12-06,G protein,gnai1_human,small-molecule,,,SI-verified
chiesa2025templatebias,benchmark,structure,8IJB,hcar2_human,HCAR2,Class A (Rhodopsin),,001_008_001_002,Hydroxycarboxylic acid,Active,paper Table S1 (all active),3.23,Electron microscopy,2024-01-03,G protein,gnai1_human,small-molecule,,,SI-verified
chiesa2025templatebias,benchmark,structure,8IJD,hcar2_human,HCAR2,Class A (Rhodopsin),,001_008_001_002,Hydroxycarboxylic acid,Active,paper Table S1 (all active),3.25,Electron microscopy,2024-01-03,G protein,gnai1_human,small-molecule,,,SI-verified
chiesa2025templatebias,benchmark,structure,8IJA,hcar2_human,HCAR2,Class A (Rhodopsin),,001_008_001_002,Hydroxycarboxylic acid,Active,paper Table S1 (all active),2.69,Electron microscopy,2024-01-03,G protein,gnai1_human,small-molecule,,,SI-verified
chiesa2025templatebias,benchmark,structure,8IJ3,hcar2_human,HCAR2,Class A (Rhodopsin),,001_008_001_002,Hydroxycarboxylic acid,Active,paper Table S1 (all active),3.28,Electron microscopy,2024-01-03,G protein,gnai1_human,none,,,SI-verified
chiesa2025templatebias,benchmark,structure,8IHJ,hcar3_human,HCAR3,Class A (Rhodopsin),,001_008_001_003,Hydroxycarboxylic acid,Active,paper Table S1 (all active),3.07,Electron microscopy,2023-08-30,G protein,gnai1_human,small-molecule,,,SI-verified
chiesa2025templatebias,benchmark,structure,8HN8,hrh4_human,HRH4,Class A (Rhodopsin),,001_001_005_004,Histamine,Active,paper Table S1 (all active),3.0,Electron microscopy,2023-12-20,G protein,gnai1_human,small-molecule,,,SI-verified
chiesa2025templatebias,benchmark,structure,8HOC,hrh4_human,HRH4,Class A (Rhodopsin),,001_001_005_004,Histamine,Active,paper Table S1 (all active),3.0,Electron microscopy,2023-12-20,G protein,gnai1_human,small-molecule,,,SI-verified
chiesa2025templatebias,benchmark,structure,8IOC,mc3r_human,MC3R,Class A (Rhodopsin),,001_002_014_003,Melanocortin,Active,paper Table S1 (all active),2.86,Electron microscopy,2023-09-20,G protein,gnas2_human,peptide,,,SI-verified
chiesa2025templatebias,benchmark,structure,8IOD,mc5r_human,MC5R,Class A (Rhodopsin),,001_002_014_005,Melanocortin,Active,paper Table S1 (all active),2.59,Electron microscopy,2023-09-20,G protein,gnas2_human,peptide,,,SI-verified
chiesa2025templatebias,benchmark,structure,8INR,mc5r_human,MC5R,Class A (Rhodopsin),,001_002_014_005,Melanocortin,Active,paper Table S1 (all active),2.73,Electron microscopy,2023-09-20,G protein,gnas2_human,protein,,,SI-verified
chiesa2025templatebias,benchmark,structure,8U26,nk1r_human,NK1R,Class A (Rhodopsin),,001_002_029_001,Tachykinin,Active,paper Table S1 (all active),2.5,Electron microscopy,2023-11-15,G protein,gnas2_human,peptide,,,SI-verified
chiesa2025templatebias,benchmark,structure,7XK8,nmur2_human,NMUR2,Class A (Rhodopsin),,001_002_016_002,Neuromedin U,Active,paper Table S1 (all active),3.3,Electron microscopy,2023-02-22,G protein,gnai1_human,peptide,,,SI-verified
chiesa2025templatebias,benchmark,structure,7YON,npy2r_human,NPY2R,Class A (Rhodopsin),,001_002_020_002,Neuropeptide Y,Active,paper Table S1 (all active),2.95,Electron microscopy,2023-03-22,G protein,gnai1_human,peptide,,,SI-verified
chiesa2025templatebias,benchmark,structure,8JPC,ntr1_human,NTR1,Class A (Rhodopsin),,001_002_021_001,Neurotensin,Active,paper Table S1 (all active),3.07,Electron microscopy,2023-08-09,G protein,gnaq_human,small-molecule,,,SI-verified
chiesa2025templatebias,benchmark,structure,8JPB,ntr1_human,NTR1,Class A (Rhodopsin),,001_002_021_001,Neurotensin,Active,paper Table S1 (all active),3.07,Electron microscopy,2023-08-09,G protein,gnaq_human,small-molecule,,,SI-verified
chiesa2025templatebias,benchmark,structure,8F76,o51e2_human,O51E2,Class O1 (fish-like odorant),,007_001_001_010,Olfactory,Active,paper Table S1 (all active),3.1,Electron microscopy,2023-03-22,G protein,gnas2_human,small-molecule,,,SI-verified
chiesa2025templatebias,benchmark,structure,8DZQ,oprk_human,OPRK,Class A (Rhodopsin),,001_002_022_002,Opioid,Active,paper Table S1 (all active),2.82,Electron microscopy,2023-05-03,G protein,gnao_human,small-molecule,,,SI-verified
chiesa2025templatebias,benchmark,structure,8DZS,oprk_human,OPRK,Class A (Rhodopsin),,001_002_022_002,Opioid,Active,paper Table S1 (all active),2.65,Electron microscopy,2023-05-03,G protein,gnaz_human,small-molecule,,,SI-verified
chiesa2025templatebias,benchmark,structure,8DZP,oprk_human,OPRK,Class A (Rhodopsin),,001_002_022_002,Opioid,Active,paper Table S1 (all active),2.71,Electron microscopy,2023-05-03,G protein,gnai1_human,small-molecule,,,SI-verified
chiesa2025templatebias,benchmark,structure,8DZR,oprk_human,OPRK,Class A (Rhodopsin),,001_002_022_002,Opioid,Active,paper Table S1 (all active),2.61,Electron microscopy,2023-05-03,G protein,gnat3_human,small-molecule,,,SI-verified
chiesa2025templatebias,benchmark,structure,7Y1F,oprk_human,OPRK,Class A (Rhodopsin),,001_002_022_002,Opioid,Active,paper Table S1 (all active),3.3,Electron microscopy,2023-05-24,G protein,gnai1_human,peptide,,,SI-verified
chiesa2025templatebias,benchmark,structure,8FEG,oprk_human,OPRK,Class A (Rhodopsin),,001_002_022_002,Opioid,Active,paper Table S1 (all active),2.54,Electron microscopy,2023-12-06,G protein,gnai1_human,peptide,,,SI-verified
chiesa2025templatebias,benchmark,structure,7XXH,p2ry1_human,P2RY1,Class A (Rhodopsin),,001_006_002_001,P2Y,Active,paper Table S1 (all active),2.9,Electron microscopy,2023-06-07,G protein,gna11_human,small-molecule,,,SI-verified
chiesa2025templatebias,benchmark,structure,7XXI,p2y12_human,P2Y12,Class A (Rhodopsin),,001_006_002_006,P2Y,Active,paper Table S1 (all active),3.0,Electron microscopy,2023-06-07,G protein,gnai2_human,small-molecule,,,SI-verified
chiesa2025templatebias,benchmark,structure,8GDC,pe2r3_human,PE2R3,Class A (Rhodopsin),,001_004_008_005,Prostanoid,Active,paper Table S1 (all active),3.5,Electron microscopy,2024-01-10,G protein,gnai1_human,small-molecule,,,SI-verified
chiesa2025templatebias,benchmark,structure,8GCP,pe2r4_human,PE2R4,Class A (Rhodopsin),,001_004_008_006,Prostanoid,Active,paper Table S1 (all active),3.1,Electron microscopy,2024-01-03,G protein,gnai1_human,small-molecule,,,SI-verified
chiesa2025templatebias,benchmark,structure,8GCM,pe2r4_human,PE2R4,Class A (Rhodopsin),,001_004_008_006,Prostanoid,Active,paper Table S1 (all active),3.5,Electron microscopy,2024-01-03,G protein,gnai1_human,lipid,,,SI-verified
chiesa2025templatebias,benchmark,structure,8GDA,pe2r4_human,PE2R4,Class A (Rhodopsin),,001_004_008_006,Prostanoid,Active,paper Table S1 (all active),3.3,Electron microscopy,2024-01-10,G protein,gnas2_human,small-molecule,,,SI-verified
chiesa2025templatebias,benchmark,structure,8GD9,pe2r4_human,PE2R4,Class A (Rhodopsin),,001_004_008_006,Prostanoid,Active,paper Table S1 (all active),3.2,Electron microscopy,2024-01-10,G protein,gnas2_human,small-molecule,,,SI-verified
chiesa2025templatebias,benchmark,structure,8GDB,pe2r4_human,PE2R4,Class A (Rhodopsin),,001_004_008_006,Prostanoid,Active,paper Table S1 (all active),3.1,Electron microscopy,2024-01-10,G protein,gnas2_human,small-molecule,,,SI-verified
chiesa2025templatebias,benchmark,structure,7YK7,rl3r2_human,RL3R2,Class A (Rhodopsin),,001_002_027_004,Relaxin family peptide,Active,paper Table S1 (all active),2.75,Electron microscopy,2023-03-01,G protein,gnai2_human,small-molecule,,,SI-verified
chiesa2025templatebias,benchmark,structure,7YK6,rl3r2_human,RL3R2,Class A (Rhodopsin),,001_002_027_004,Relaxin family peptide,Active,paper Table S1 (all active),3.03,Electron microscopy,2023-03-01,G protein,gnai2_human,small-molecule,,,SI-verified
chiesa2025templatebias,benchmark,structure,7YJ4,rl3r2_human,RL3R2,Class A (Rhodopsin),,001_002_027_004,Relaxin family peptide,Active,paper Table S1 (all active),3.19,Electron microscopy,2023-03-01,G protein,gnai2_human,peptide,,,SI-verified
chiesa2025templatebias,benchmark,structure,8G94,s1pr1_human,S1PR1,Class A (Rhodopsin),,001_004_004_001,Lysophospholipid (S1P),Active,paper Table S1 (all active),3.15,Electron microscopy,2023-04-19,G protein,gnai1_human,peptide,,,SI-verified
chiesa2025templatebias,benchmark,structure,7YAC,ssr2_human,SSR2,Class A (Rhodopsin),,001_002_028_002,Somatostatin,Active,paper Table S1 (all active),3.24,Electron microscopy,2023-04-19,G protein,gnai1_human,small-molecule,,,SI-verified
chiesa2025templatebias,benchmark,structure,7YAE,ssr2_human,SSR2,Class A (Rhodopsin),,001_002_028_002,Somatostatin,Active,paper Table S1 (all active),3.37,Electron microscopy,2023-04-19,G protein,gnai1_human,peptide,,,SI-verified
chiesa2025templatebias,benchmark,structure,8JLO,taar1_human,TAAR1,Class A (Rhodopsin),,001_001_006_001,Trace amine,Active,paper Table S1 (all active),3.52,Electron microscopy,2023-11-15,G protein,gnas2_human,small-molecule,,,SI-verified
chiesa2025templatebias,benchmark,structure,8JLP,taar1_human,TAAR1,Class A (Rhodopsin),,001_001_006_001,Trace amine,Active,paper Table S1 (all active),3.23,Electron microscopy,2023-11-15,G protein,gnas2_human,small-molecule,,,SI-verified
chiesa2025templatebias,benchmark,structure,8JSO,taar1_human,TAAR1,Class A (Rhodopsin),,001_001_006_001,Trace amine,Active,paper Table S1 (all active),3.4,Electron microscopy,2023-11-15,G protein,gnas2_human,small-molecule,,,SI-verified
chiesa2025templatebias,benchmark,structure,8JLQ,taar1_human,TAAR1,Class A (Rhodopsin),,001_001_006_001,Trace amine,Active,paper Table S1 (all active),2.84,Electron microscopy,2023-11-15,G protein,gnas2_human,small-molecule,,,SI-verified
chiesa2025templatebias,benchmark,structure,8JLR,taar1_human,TAAR1,Class A (Rhodopsin),,001_001_006_001,Trace amine,Active,paper Table S1 (all active),3.0,Electron microscopy,2023-11-15,G protein,gnas2_human,small-molecule,,,SI-verified
chiesa2025templatebias,benchmark,structure,8JLN,taar1_human,TAAR1,Class A (Rhodopsin),,001_001_006_001,Trace amine,Active,paper Table S1 (all active),3.24,Electron microscopy,2023-11-15,G protein,gnas2_human,small-molecule,,,SI-verified
chiesa2025templatebias,benchmark,structure,8W87,taar1_human,TAAR1,Class A (Rhodopsin),,001_001_006_001,Trace amine,Active,paper Table S1 (all active),2.8,Electron microscopy,2023-11-22,G protein,gnas2_human,small-molecule,,,SI-verified
chiesa2025templatebias,benchmark,structure,8W88,taar1_human,TAAR1,Class A (Rhodopsin),,001_001_006_001,Trace amine,Active,paper Table S1 (all active),2.6,Electron microscopy,2023-11-22,G protein,gnas2_human,small-molecule,,,SI-verified
chiesa2025templatebias,benchmark,structure,8W89,taar1_human,TAAR1,Class A (Rhodopsin),,001_001_006_001,Trace amine,Active,paper Table S1 (all active),3.0,Electron microscopy,2023-11-22,G protein,gnas2_human,small-molecule,,,SI-verified
chiesa2025templatebias,benchmark,structure,8WC8,taar1_human,TAAR1,Class A (Rhodopsin),,001_001_006_001,Trace amine,Active,paper Table S1 (all active),2.9,Electron microscopy,2023-12-27,G protein,gnas2_human,small-molecule,,,SI-verified
chiesa2025templatebias,benchmark,structure,8WCA,taar1_human,TAAR1,Class A (Rhodopsin),,001_001_006_001,Trace amine,Active,paper Table S1 (all active),3.48,Electron microscopy,2023-12-27,G protein,gnas2_human,small-molecule,,,SI-verified
lee2026confornets,gpcr-pair:active,structure,6G79,5ht1b_human,5HT1B,Class A (Rhodopsin),S,001_001_001_002,,Active,authors' benchmark file (state cross-checked vs GPCRdb),3.78,Electron microscopy,2018-06-20,G protein,gnao_human,small-molecule,,,authors-repo
lee2026confornets,gpcr-pair:inactive,structure,5V54,5ht1b_human,5HT1B,Class A (Rhodopsin),A,001_001_001_002,,Inactive,authors' benchmark file (state cross-checked vs GPCRdb),3.9,X-ray diffraction,2018-02-07,none,,small-molecule,,,authors-repo
lee2026confornets,gpcr-pair:active,structure,8UWL,5ht2a_human,5HT2A,Class A (Rhodopsin),A,001_001_001_006,,Active,authors' benchmark file (state cross-checked vs GPCRdb),2.8,Electron microscopy,2024-05-29,G protein,gnaq_human,small-molecule,,,authors-repo
lee2026confornets,gpcr-pair:inactive,structure,7WC7,5ht2a_human,5HT2A,Class A (Rhodopsin),A,001_001_001_006,,Inactive,authors' benchmark file (state cross-checked vs GPCRdb),2.6,X-ray diffraction,2022-01-26,none,,small-molecule,,,authors-repo
lee2026confornets,gpcr-pair:active,structure,8DPF,5ht2c_human,5HT2C,Class A (Rhodopsin),A,001_001_001_008,,Active,authors' benchmark file (state cross-checked vs GPCRdb),2.84,Electron microscopy,2022-08-24,G protein,gnaq_human,small-molecule,,,authors-repo
lee2026confornets,gpcr-pair:inactive,structure,6BQH,5ht2c_human,5HT2C,Class A (Rhodopsin),A,001_001_001_008,,Inactive,authors' benchmark file (state cross-checked vs GPCRdb),2.7,X-ray diffraction,2018-02-14,none,,small-molecule,,,authors-repo
lee2026confornets,gpcr-pair:active,structure,7LD3,aa1r_human,AA1R,Class A (Rhodopsin),R,001_006_001_001,,Active,authors' benchmark file (state cross-checked vs GPCRdb),3.2,Electron microscopy,2021-09-08,G protein,gnai2_human,small-molecule,,,authors-repo
lee2026confornets,gpcr-pair:inactive,structure,5UEN,aa1r_human,AA1R,Class A (Rhodopsin),B,001_006_001_001,,Inactive,authors' benchmark file (state cross-checked vs GPCRdb),3.2,X-ray diffraction,2017-03-01,none,,small-molecule,,,authors-repo
lee2026confornets,gpcr-pair:active,structure,6GDG,aa2ar_human,AA2AR,Class A (Rhodopsin),A,001_006_001_002,,Active,authors' benchmark file (state cross-checked vs GPCRdb),4.11,Electron microscopy,2018-05-16,G protein,gnas2_human,small-molecule,,,authors-repo
lee2026confornets,gpcr-pair:inactive,structure,5NM4,aa2ar_human,AA2AR,Class A (Rhodopsin),A,001_006_001_002,,Inactive,authors' benchmark file (state cross-checked vs GPCRdb),1.7,X-ray diffraction,2017-09-27,none,,small-molecule,,,authors-repo
lee2026confornets,gpcr-pair:active,structure,7T94,acm2_human,ACM2,Class A (Rhodopsin),A,001_001_002_002,,Active,authors' benchmark file (state cross-checked vs GPCRdb),3.16,Electron microscopy,2023-01-25,G protein,gnao_human,small-molecule,,,authors-repo
lee2026confornets,gpcr-pair:inactive,structure,5ZK8,acm2_human,ACM2,Class A (Rhodopsin),A,001_001_002_002,,Inactive,authors' benchmark file (state cross-checked vs GPCRdb),3.0,X-ray diffraction,2018-11-21,none,,small-molecule,,,authors-repo
lee2026confornets,gpcr-pair:active,structure,8E9Z,acm3_human,ACM3,Class A (Rhodopsin),A,001_001_002_003,,Active,authors' benchmark file (state cross-checked vs GPCRdb),2.69,Electron microscopy,2022-11-30,G protein,gnaq_human,small-molecule,,,authors-repo
lee2026confornets,gpcr-pair:inactive,structure,4U15,acm3_rat,ACM3,Class A (Rhodopsin),B,001_001_002_003,,Inactive,authors' benchmark file (state cross-checked vs GPCRdb),2.8,X-ray diffraction,2014-11-26,none,,small-molecule,,,authors-repo
lee2026confornets,gpcr-pair:active,structure,7TRP,acm4_human,ACM4,Class A (Rhodopsin),R,001_001_002_004,,Active,authors' benchmark file (state cross-checked vs GPCRdb),2.4,Electron microscopy,2023-05-17,G protein,gnai1_human,small-molecule,,,authors-repo
lee2026confornets,gpcr-pair:inactive,structure,5DSG,acm4_human,ACM4,Class A (Rhodopsin),B,001_001_002_004,,Inactive,authors' benchmark file (state cross-checked vs GPCRdb),2.6,X-ray diffraction,2016-03-16,none,,small-molecule,,,authors-repo
lee2026confornets,gpcr-pair:active,structure,8THK,ada1a_human,ADA1A,Class A (Rhodopsin),R,001_001_003_001,,Active,authors' benchmark file (state cross-checked vs GPCRdb),2.6,Electron microscopy,2023-08-16,G protein,gnaq_human,small-molecule,,,authors-repo
lee2026confornets,gpcr-pair:inactive,structure,8HN1,ada1a_human,ADA1A,Class A (Rhodopsin),A,001_001_003_001,,Inactive,authors' benchmark file (state cross-checked vs GPCRdb),2.9,Electron microscopy,2023-12-20,none,,peptide,,,authors-repo
lee2026confornets,gpcr-pair:active,structure,9CBL,ada2a_human,ADA2A,Class A (Rhodopsin),R,001_001_003_004,,Active,authors' benchmark file (state cross-checked vs GPCRdb),2.8,Electron microscopy,2024-09-11,G protein,gnai1_human,small-molecule,,,authors-repo
lee2026confornets,gpcr-pair:inactive,structure,6KUX,ada2a_human,ADA2A,Class A (Rhodopsin),A,001_001_003_004,,Inactive,authors' benchmark file (state cross-checked vs GPCRdb),2.7,X-ray diffraction,2019-12-04,none,,small-molecule,,,authors-repo
lee2026confornets,gpcr-pair:active,structure,8DCS,adrb1_melga,ADRB1,Class A (Rhodopsin),R,001_001_003_007,,Active,authors' benchmark file (state cross-checked vs GPCRdb),2.5,Electron microscopy,2022-07-27,G protein,gnas2_bovin,small-molecule,,,authors-repo
lee2026confornets,gpcr-pair:inactive,structure,4BVN,adrb1_melga,ADRB1,Class A (Rhodopsin),A,001_001_003_007,,Inactive,authors' benchmark file (state cross-checked vs GPCRdb),2.1,X-ray diffraction,2014-04-02,none,,small-molecule,,,authors-repo
lee2026confornets,gpcr-pair:active,structure,8GG0,adrb2_human,ADRB2,Class A (Rhodopsin),R,001_001_003_008,,Active,authors' benchmark file (state cross-checked vs GPCRdb),2.9,Electron microscopy,2024-03-06,G protein,gnas2_human,small-molecule,,,authors-repo
lee2026confornets,gpcr-pair:inactive,structure,6PS2,adrb2_human,ADRB2,Class A (Rhodopsin),A,001_001_003_008,,Inactive,authors' benchmark file (state cross-checked vs GPCRdb),2.4,X-ray diffraction,2019-11-13,none,,small-molecule,,,authors-repo
lee2026confornets,gpcr-pair:active,structure,8IKL,agre5_human,AGRE5,Class B2 (Adhesion),R,003_001_002_005,,Active,authors' benchmark file (state cross-checked vs GPCRdb),2.33,Electron microscopy,2024-01-24,G protein,gna13_human,none,,,authors-repo
lee2026confornets,gpcr-pair:inactive,structure,8IKJ,agre5_human,AGRE5,Class B2 (Adhesion),R,003_001_002_005,,Inactive,authors' benchmark file (state cross-checked vs GPCRdb),3.2,Electron microscopy,2024-02-14,none,,none,,,authors-repo
lee2026confornets,gpcr-pair:active,structure,9EPP,b1b1u5_9arac,B1B1U5,Class A (Rhodopsin),R,001_009_001_001,,Active,authors' benchmark file (state cross-checked vs GPCRdb),4.06,Electron microscopy,2024-10-23,G protein,gnai1_human,small-molecule,,,authors-repo
lee2026confornets,gpcr-pair:inactive,structure,6I9K,b1b1u5_9arac,B1B1U5,Class A (Rhodopsin),A,001_009_001_001,,Inactive,authors' benchmark file (state cross-checked vs GPCRdb),2.15,X-ray diffraction,2019-07-03,none,,small-molecule,,,authors-repo
lee2026confornets,gpcr-pair:active,structure,6UVA,calrl_human,CALRL,Class B1 (Secretin),R,002_001_001_005,,Active,authors' benchmark file (state cross-checked vs GPCRdb),2.3,Electron microscopy,2020-04-01,G protein,gnas2_human,peptide,,,authors-repo
lee2026confornets,gpcr-pair:inactive,structure,7KNT,calrl_human,CALRL,Class B1 (Secretin),R,002_001_001_005,,Inactive,authors' benchmark file (state cross-checked vs GPCRdb),3.15,Electron microscopy,2021-02-24,none,,none,,,authors-repo
lee2026confornets,gpcr-pair:active,structure,7MBX,cckar_human,CCKAR,Class A (Rhodopsin),R,001_002_005_001,,Active,authors' benchmark file (state cross-checked vs GPCRdb),1.95,Electron microscopy,2021-05-26,G protein,gnas2_human,protein,,,authors-repo
lee2026confornets,gpcr-pair:inactive,structure,7F8U,cckar_human,CCKAR,Class A (Rhodopsin),A,001_002_005_001,,Inactive,authors' benchmark file (state cross-checked vs GPCRdb),2.8,X-ray diffraction,2021-10-13,none,,small-molecule,,,authors-repo
lee2026confornets,gpcr-pair:active,structure,7XA3,ccr2_human,CCR2,Class A (Rhodopsin),R,001_003_002_002,,Active,authors' benchmark file (state cross-checked vs GPCRdb),2.9,Electron microscopy,2022-08-24,G protein,gnai1_human,peptide,,,authors-repo
lee2026confornets,gpcr-pair:inactive,structure,6GPX,ccr2_human,CCR2,Class A (Rhodopsin),B,001_003_002_002,,Inactive,authors' benchmark file (state cross-checked vs GPCRdb),2.7,X-ray diffraction,2019-01-02,none,,small-molecule,,,authors-repo
lee2026confornets,gpcr-pair:active,structure,7O7F,ccr5_human,CCR5,Class A (Rhodopsin),C,001_003_002_005,,Active,authors' benchmark file (state cross-checked vs GPCRdb),3.15,Electron microscopy,2021-06-30,G protein,gnai1_human,peptide,,,authors-repo
lee2026confornets,gpcr-pair:inactive,structure,6MEO,ccr5_human,CCR5,Class A (Rhodopsin),B,001_003_002_005,,Inactive,authors' benchmark file (state cross-checked vs GPCRdb),3.9,Electron microscopy,2018-12-12,none,,protein,,,authors-repo
lee2026confornets,gpcr-pair:active,structure,6WWZ,ccr6_human,CCR6,Class A (Rhodopsin),R,001_003_002_006,,Active,authors' benchmark file (state cross-checked vs GPCRdb),3.34,Electron microscopy,2020-06-24,G protein,gnao_human,peptide,,,authors-repo
lee2026confornets,gpcr-pair:inactive,structure,9D3G,ccr6_human,CCR6,Class A (Rhodopsin),A,001_003_002_006,,Inactive,authors' benchmark file (state cross-checked vs GPCRdb),3.26,Electron microscopy,2024-09-11,none,,small-molecule,,,authors-repo
lee2026confornets,gpcr-pair:active,structure,8XML,ccr8_human,CCR8,Class A (Rhodopsin),R,001_003_002_008,,Active,authors' benchmark file (state cross-checked vs GPCRdb),2.58,Electron microscopy,2025-01-01,G protein,gnai1_human,none,,,authors-repo
lee2026confornets,gpcr-pair:inactive,structure,8TLM,ccr8_human,CCR8,Class A (Rhodopsin),C,001_003_002_008,,Inactive,authors' benchmark file (state cross-checked vs GPCRdb),2.9,Electron microscopy,2023-12-20,none,,protein,,,authors-repo
lee2026confornets,gpcr-pair:active,structure,8GHV,cnr1_human,CNR1,Class A (Rhodopsin),D,001_004_005_001,,Active,authors' benchmark file (state cross-checked vs GPCRdb),2.8,Electron microscopy,2023-05-24,G protein,gnai1_human,small-molecule,,,authors-repo
lee2026confornets,gpcr-pair:inactive,structure,9BA0,cnr1_human,CNR1,Class A (Rhodopsin),R,001_004_005_001,,Inactive,authors' benchmark file (state cross-checked vs GPCRdb),3.13,Electron microscopy,2024-11-20,none,,small-molecule,,,authors-repo
lee2026confornets,gpcr-pair:active,structure,8HNM,cxcr3_human,CXCR3,Class A (Rhodopsin),R,001_003_002_013,,Active,authors' benchmark file (state cross-checked vs GPCRdb),2.94,Electron microscopy,2023-11-29,G protein,gnai1_human,small-molecule,,,authors-repo
lee2026confornets,gpcr-pair:inactive,structure,8K2W,cxcr3_human,CXCR3,Class A (Rhodopsin),R,001_003_002_013,,Inactive,authors' benchmark file (state cross-checked vs GPCRdb),3.0,Electron microscopy,2023-11-29,none,,small-molecule,,,authors-repo
lee2026confornets,gpcr-pair:active,structure,8U4N,cxcr4_human,CXCR4,Class A (Rhodopsin),R,001_003_002_014,,Active,authors' benchmark file (state cross-checked vs GPCRdb),2.72,Electron microscopy,2024-03-13,G protein,gnai1_human,none,,,authors-repo
lee2026confornets,gpcr-pair:inactive,structure,3OE0,cxcr4_human,CXCR4,Class A (Rhodopsin),A,001_003_002_014,,Inactive,authors' benchmark file (state cross-checked vs GPCRdb),2.9,X-ray diffraction,2010-10-27,none,,peptide,,,authors-repo
lee2026confornets,gpcr-pair:active,structure,7JVR,drd2_human,DRD2,Class A (Rhodopsin),R,001_001_004_002,,Active,authors' benchmark file (state cross-checked vs GPCRdb),2.8,Electron microscopy,2021-02-24,G protein,gnai1_human,small-molecule,,,authors-repo
lee2026confornets,gpcr-pair:inactive,structure,6CM4,drd2_human,DRD2,Class A (Rhodopsin),A,001_001_004_002,,Inactive,authors' benchmark file (state cross-checked vs GPCRdb),2.87,X-ray diffraction,2018-03-14,none,,small-molecule,,,authors-repo
lee2026confornets,gpcr-pair:active,structure,8IRU,drd4_human,DRD4,Class A (Rhodopsin),R,001_001_004_004,,Active,authors' benchmark file (state cross-checked vs GPCRdb),3.2,Electron microscopy,2023-06-21,G protein,gnai1_human,small-molecule,,,authors-repo
lee2026confornets,gpcr-pair:inactive,structure,5WIU,drd4_human,DRD4,Class A (Rhodopsin),A,001_001_004_004,,Inactive,authors' benchmark file (state cross-checked vs GPCRdb),1.96,X-ray diffraction,2017-10-18,none,,small-molecule,,,authors-repo
lee2026confornets,gpcr-pair:active,structure,8HCQ,ednra_human,EDNRA,Class A (Rhodopsin),R,001_002_007_001,,Active,authors' benchmark file (state cross-checked vs GPCRdb),3.01,Electron microscopy,2023-03-22,G protein,gnaq_human,protein,,,authors-repo
lee2026confornets,gpcr-pair:inactive,structure,8XVL,ednra_human,EDNRA,Class A (Rhodopsin),R,001_002_007_001,,Inactive,authors' benchmark file (state cross-checked vs GPCRdb),3.22,Electron microscopy,2024-08-28,none,,small-molecule,,,authors-repo
lee2026confornets,gpcr-pair:active,structure,8IY5,ednrb_human,EDNRB,Class A (Rhodopsin),R,001_002_007_002,,Active,authors' benchmark file (state cross-checked vs GPCRdb),2.8,Electron microscopy,2023-08-16,G protein,gnai1_human,protein,,,authors-repo
lee2026confornets,gpcr-pair:inactive,structure,5GLI,ednrb_human,EDNRB,Class A (Rhodopsin),A,001_002_007_002,,Inactive,authors' benchmark file (state cross-checked vs GPCRdb),2.5,X-ray diffraction,2016-09-07,none,,none,,,authors-repo
lee2026confornets,gpcr-pair:active,structure,8I2G,fshr_human,FSHR,Class A (Rhodopsin),R,001_003_003_001,,Active,authors' benchmark file (state cross-checked vs GPCRdb),2.8,Electron microscopy,2023-03-29,G protein,gnas2_human,small-molecule,,,authors-repo
lee2026confornets,gpcr-pair:inactive,structure,8I2H,fshr_human,FSHR,Class A (Rhodopsin),A,001_003_003_001,,Inactive,authors' benchmark file (state cross-checked vs GPCRdb),6.0,Electron microscopy,2023-03-22,none,,none,,,authors-repo
lee2026confornets,gpcr-pair:active,structure,7EVW,fzd7_human,FZD7,Class F (Frizzled),R,006_001_001_007,,Active,authors' benchmark file (state cross-checked vs GPCRdb),3.22,Electron microscopy,2021-08-04,G protein,gnas2_human,none,,,authors-repo
lee2026confornets,gpcr-pair:inactive,structure,9EPO,fzd7_human,FZD7,Class F (Frizzled),D,006_001_001_007,,Inactive,authors' benchmark file (state cross-checked vs GPCRdb),1.9,Electron microscopy,2024-10-02,none,,none,,,authors-repo
lee2026confornets,gpcr-pair:active,structure,7NA8,ghsr_human,GHSR,Class A (Rhodopsin),R,001_002_010_001,,Active,authors' benchmark file (state cross-checked vs GPCRdb),2.7,Electron microscopy,2021-12-15,G protein,gnai1_human,small-molecule,,,authors-repo
lee2026confornets,gpcr-pair:inactive,structure,6KO5,ghsr_human,GHSR,Class A (Rhodopsin),A,001_002_010_001,,Inactive,authors' benchmark file (state cross-checked vs GPCRdb),3.3,X-ray diffraction,2020-08-12,none,,small-molecule,,,authors-repo
lee2026confornets,gpcr-pair:active,structure,7RTB,glp1r_human,GLP1R,Class B1 (Secretin),R,002_001_003_003,,Active,authors' benchmark file (state cross-checked vs GPCRdb),2.14,Electron microscopy,2021-10-06,G protein,gnas2_human,peptide,,,authors-repo
lee2026confornets,gpcr-pair:inactive,structure,5VEW,glp1r_human,GLP1R,Class B1 (Secretin),A,002_001_003_003,,Inactive,authors' benchmark file (state cross-checked vs GPCRdb),2.7,X-ray diffraction,2017-05-24,none,,small-molecule,,,authors-repo
lee2026confornets,gpcr-pair:active,structure,8TYW,gpr6_human,GPR6,Class A (Rhodopsin),A,001_010_001_003,,Active,authors' benchmark file (state cross-checked vs GPCRdb),3.43,Electron microscopy,2024-12-04,G protein,gnas2_human,none,,,authors-repo
lee2026confornets,gpcr-pair:inactive,structure,8T1V,gpr6_human,GPR6,Class A (Rhodopsin),A,001_010_001_003,,Inactive,authors' benchmark file (state cross-checked vs GPCRdb),2.6,X-ray diffraction,2024-12-04,none,,small-molecule,,,authors-repo
lee2026confornets,gpcr-pair:active,structure,8YN2,hrh1_human,HRH1,Class A (Rhodopsin),R,001_001_005_001,,Active,authors' benchmark file (state cross-checked vs GPCRdb),2.66,Electron microscopy,2024-10-09,G protein,gnaq_human,small-molecule,,,authors-repo
lee2026confornets,gpcr-pair:inactive,structure,8X5Y,hrh1_human,HRH1,Class A (Rhodopsin),B,001_001_005_001,,Inactive,authors' benchmark file (state cross-checked vs GPCRdb),3.0,Electron microscopy,2024-01-17,none,,small-molecule,,,authors-repo
lee2026confornets,gpcr-pair:active,structure,8YN3,hrh2_human,HRH2,Class A (Rhodopsin),R,001_001_005_002,,Active,authors' benchmark file (state cross-checked vs GPCRdb),2.56,Electron microscopy,2024-10-09,G protein,gnas2_human,small-molecule,,,authors-repo
lee2026confornets,gpcr-pair:inactive,structure,7UL3,hrh2_human,HRH2,Class A (Rhodopsin),A,001_001_005_002,,Inactive,authors' benchmark file (state cross-checked vs GPCRdb),3.0,Electron microscopy,2022-06-29,none,,small-molecule,,,authors-repo
lee2026confornets,gpcr-pair:active,structure,8YN5,hrh3_human,HRH3,Class A (Rhodopsin),R,001_001_005_003,,Active,authors' benchmark file (state cross-checked vs GPCRdb),2.7,Electron microscopy,2024-10-09,G protein,gnai1_human,small-molecule,,,authors-repo
lee2026confornets,gpcr-pair:inactive,structure,7F61,hrh3_human,HRH3,Class A (Rhodopsin),A,001_001_005_003,,Inactive,authors' benchmark file (state cross-checked vs GPCRdb),2.6,X-ray diffraction,2022-10-26,none,,small-molecule,,,authors-repo
lee2026confornets,gpcr-pair:active,structure,7FII,lshr_human,LSHR,Class A (Rhodopsin),R,001_003_003_002,,Active,authors' benchmark file (state cross-checked vs GPCRdb),4.3,Electron microscopy,2021-09-29,G protein,gnas2_bovin,protein,,,authors-repo
lee2026confornets,gpcr-pair:inactive,structure,7FIJ,lshr_human,LSHR,Class A (Rhodopsin),R,001_003_003_002,,Inactive,authors' benchmark file (state cross-checked vs GPCRdb),3.8,Electron microscopy,2021-09-29,none,,none,,,authors-repo
lee2026confornets,gpcr-pair:active,structure,8WWK,mchr1_human,MCHR1,Class A (Rhodopsin),R,001_002_013_001,,Active,authors' benchmark file (state cross-checked vs GPCRdb),2.61,Electron microscopy,2024-11-13,G protein,gnai1_human,peptide,,,authors-repo
lee2026confornets,gpcr-pair:inactive,structure,8YNS,mchr1_human,MCHR1,Class A (Rhodopsin),R,001_002_013_001,,Inactive,authors' benchmark file (state cross-checked vs GPCRdb),3.33,Electron microscopy,2024-12-18,none,,small-molecule,,,authors-repo
lee2026confornets,gpcr-pair:active,structure,7VGY,mtr1a_human,MTR1A,Class A (Rhodopsin),A,001_005_001_001,,Active,authors' benchmark file (state cross-checked vs GPCRdb),3.1,Electron microscopy,2022-03-02,G protein,gnai1_human,small-molecule,,,authors-repo
lee2026confornets,gpcr-pair:inactive,structure,6ME2,mtr1a_human,MTR1A,Class A (Rhodopsin),A,001_005_001_001,,Inactive,authors' benchmark file (state cross-checked vs GPCRdb),2.8,X-ray diffraction,2019-04-24,none,,small-molecule,,,authors-repo
lee2026confornets,gpcr-pair:active,structure,8U26,nk1r_human,NK1R,Class A (Rhodopsin),R,001_002_029_001,,Active,authors' benchmark file (state cross-checked vs GPCRdb),2.5,Electron microscopy,2023-11-15,G protein,gnas2_human,peptide,,,authors-repo
lee2026confornets,gpcr-pair:inactive,structure,6E59,nk1r_human,NK1R,Class A (Rhodopsin),A,001_002_029_001,,Inactive,authors' benchmark file (state cross-checked vs GPCRdb),3.4,X-ray diffraction,2018-12-12,none,,small-molecule,,,authors-repo
lee2026confornets,gpcr-pair:active,structure,8K6N,npy2r_human,NPY2R,Class A (Rhodopsin),E,001_002_020_002,,Active,authors' benchmark file (state cross-checked vs GPCRdb),3.2,Electron microscopy,2024-07-31,G protein,gnai2_human,peptide,,,authors-repo
lee2026confornets,gpcr-pair:inactive,structure,7DDZ,npy2r_human,NPY2R,Class A (Rhodopsin),A,001_002_020_002,,Inactive,authors' benchmark file (state cross-checked vs GPCRdb),2.8,X-ray diffraction,2021-01-27,none,,small-molecule,,,authors-repo
lee2026confornets,gpcr-pair:active,structure,8FN1,ntr1_rat,NTR1,Class A (Rhodopsin),A,001_002_021_001,,Active,authors' benchmark file (state cross-checked vs GPCRdb),2.88,Electron microscopy,2023-03-29,G protein,gnao_human,peptide,,,authors-repo
lee2026confornets,gpcr-pair:inactive,structure,7UL2,ntr1_human,NTR1,Class A (Rhodopsin),R,001_002_021_001,,Inactive,authors' benchmark file (state cross-checked vs GPCRdb),2.4,Electron microscopy,2022-06-29,none,,small-molecule,,,authors-repo
lee2026confornets,gpcr-pair:active,structure,8FEG,oprk_human,OPRK,Class A (Rhodopsin),B,001_002_022_002,,Active,authors' benchmark file (state cross-checked vs GPCRdb),2.54,Electron microscopy,2023-12-06,G protein,gnai1_human,peptide,,,authors-repo
lee2026confornets,gpcr-pair:inactive,structure,6VI4,oprk_human,OPRK,Class A (Rhodopsin),B,001_002_022_002,,Inactive,authors' benchmark file (state cross-checked vs GPCRdb),3.3,X-ray diffraction,2020-03-18,none,,small-molecule,,,authors-repo
lee2026confornets,gpcr-pair:active,structure,8E0G,oprm_mouse,OPRM,Class A (Rhodopsin),A,001_002_022_003,,Active,authors' benchmark file (state cross-checked vs GPCRdb),2.1,X-ray diffraction,2023-10-18,none,,small-molecule,,,authors-repo
lee2026confornets,gpcr-pair:inactive,structure,7UL4,oprm_mouse,OPRM,Class A (Rhodopsin),A,001_002_022_003,,Inactive,authors' benchmark file (state cross-checked vs GPCRdb),2.8,Electron microscopy,2022-06-29,none,,small-molecule,,,authors-repo
lee2026confornets,gpcr-pair:active,structure,4X1H,opsd_bovin,OPSD,Class A (Rhodopsin),A,001_009_001_001,,Active,authors' benchmark file (state cross-checked vs GPCRdb),2.29,X-ray diffraction,2015-11-04,G protein,gnat1_bovin,small-molecule,,,authors-repo
lee2026confornets,gpcr-pair:inactive,structure,8A6E,opsd_bovin,OPSD,Class A (Rhodopsin),A,001_009_001_001,,Inactive,authors' benchmark file (state cross-checked vs GPCRdb),1.8,X-ray diffraction,2023-03-29,none,,small-molecule,,,authors-repo
lee2026confornets,gpcr-pair:active,structure,7L1V,ox2r_human,OX2R,Class A (Rhodopsin),R,001_002_023_002,,Active,authors' benchmark file (state cross-checked vs GPCRdb),3.0,Electron microscopy,2021-02-10,G protein,gnas2_human,small-molecule,,,authors-repo
lee2026confornets,gpcr-pair:inactive,structure,5WQC,ox2r_human,OX2R,Class A (Rhodopsin),A,001_002_023_002,,Inactive,authors' benchmark file (state cross-checked vs GPCRdb),1.96,X-ray diffraction,2017-11-29,none,,small-molecule,,,authors-repo
lee2026confornets,gpcr-pair:active,structure,7RYC,oxyr_human,OXYR,Class A (Rhodopsin),O,001_002_032_004,,Active,authors' benchmark file (state cross-checked vs GPCRdb),2.9,Electron microscopy,2022-03-09,G protein,gnaq_human,peptide,,,authors-repo
lee2026confornets,gpcr-pair:inactive,structure,6TPK,oxyr_human,OXYR,Class A (Rhodopsin),A,001_002_032_004,,Inactive,authors' benchmark file (state cross-checked vs GPCRdb),3.2,X-ray diffraction,2020-08-05,none,,small-molecule,,,authors-repo
lee2026confornets,gpcr-pair:active,structure,8XXV,pd2r2_human,PD2R2,Class A (Rhodopsin),A,001_004_008_002,,Active,authors' benchmark file (state cross-checked vs GPCRdb),2.33,Electron microscopy,2024-12-04,G protein,gnai1_human,lipid,,,authors-repo
lee2026confornets,gpcr-pair:inactive,structure,7M8W,pd2r2_human,PD2R2,Class A (Rhodopsin),A,001_004_008_002,,Inactive,authors' benchmark file (state cross-checked vs GPCRdb),2.61,X-ray diffraction,2021-08-25,none,,small-molecule,,,authors-repo
lee2026confornets,gpcr-pair:active,structure,7EW1,s1pr5_human,S1PR5,Class A (Rhodopsin),A,001_004_004_005,,Active,authors' benchmark file (state cross-checked vs GPCRdb),3.4,Electron microscopy,2021-09-29,G protein,gnai1_human,small-molecule,,,authors-repo
lee2026confornets,gpcr-pair:inactive,structure,7YXA,s1pr5_human,S1PR5,Class A (Rhodopsin),A,001_004_004_005,,Inactive,authors' benchmark file (state cross-checked vs GPCRdb),2.2,X-ray diffraction,2022-08-10,none,,small-molecule,,,authors-repo
lee2026confornets,gpcr-pair:active,structure,6XBK,smo_human,SMO,Class F (Frizzled),R,006_001_001_011,,Active,authors' benchmark file (state cross-checked vs GPCRdb),3.24,Electron microscopy,2020-09-30,G protein,gnai1_human,small-molecule,,,authors-repo
lee2026confornets,gpcr-pair:inactive,structure,7ZI0,smo_human,SMO,Class F (Frizzled),A,006_001_001_011,,Inactive,authors' benchmark file (state cross-checked vs GPCRdb),3.0,X-ray diffraction,2022-06-15,none,,small-molecule,,,authors-repo
lee2026confornets,gpcr-pair:active,structure,7T10,ssr2_human,SSR2,Class A (Rhodopsin),R,001_002_028_002,,Active,authors' benchmark file (state cross-checked vs GPCRdb),2.5,Electron microscopy,2022-03-09,G protein,gnai3_human,protein,,,authors-repo
lee2026confornets,gpcr-pair:inactive,structure,7XN9,ssr2_human,SSR2,Class A (Rhodopsin),A,001_002_028_002,,Inactive,authors' benchmark file (state cross-checked vs GPCRdb),2.6,X-ray diffraction,2022-08-03,none,,small-molecule,,,authors-repo
lee2026confornets,gpcr-pair:active,structure,7UTZ,tshr_human,TSHR,Class A (Rhodopsin),R,001_003_003_003,,Active,authors' benchmark file (state cross-checked vs GPCRdb),2.4,Electron microscopy,2022-08-03,G protein,gnas2_human,protein,,,authors-repo
lee2026confornets,gpcr-pair:inactive,structure,7T9M,tshr_human,TSHR,Class A (Rhodopsin),R,001_003_003_003,,Inactive,authors' benchmark file (state cross-checked vs GPCRdb),3.1,Electron microscopy,2022-08-10,none,,protein,,,authors-repo
heo2022multistate,benchmark,receptor,,5ht1a_human,5HT1A,Class A,,,,active=3;inactive=0,paper Table S2 (per-state structure counts),,,,none,,,,,SI-verified
heo2022multistate,benchmark,receptor,,5ht1d_human,5HT1D,Class A,,,,active=1;inactive=0,paper Table S2 (per-state structure counts),,,,none,,,,,SI-verified
heo2022multistate,benchmark,receptor,,5ht1e_human,5HT1E,Class A,,,,active=1;inactive=0,paper Table S2 (per-state structure counts),,,,none,,,,,SI-verified
heo2022multistate,benchmark,receptor,,5ht1f_human,5HT1F,Class A,,,,active=1;inactive=0,paper Table S2 (per-state structure counts),,,,none,,,,,SI-verified
heo2022multistate,benchmark,receptor,,5ht2a_human,5HT2A,Class A,,,,active=1;inactive=6,paper Table S2 (per-state structure counts),,,,none,,,,,SI-verified
heo2022multistate,benchmark,receptor,,acm5_human,ACM5,Class A,,,,active=0;inactive=1,paper Table S2 (per-state structure counts),,,,none,,,,,SI-verified
heo2022multistate,benchmark,receptor,,ada2a_human,ADA2A,Class A,,,,active=0;inactive=2,paper Table S2 (per-state structure counts),,,,none,,,,,SI-verified
heo2022multistate,benchmark,receptor,,ada2b_human,ADA2B,Class A,,,,active=1;inactive=0,paper Table S2 (per-state structure counts),,,,none,,,,,SI-verified
heo2022multistate,benchmark,receptor,,ada2c_human,ADA2C,Class A,,,,active=0;inactive=1,paper Table S2 (per-state structure counts),,,,none,,,,,SI-verified
heo2022multistate,benchmark,receptor,,adrb1_human,ADRB1,Class A,,,,active=3;inactive=1,paper Table S2 (per-state structure counts),,,,none,,,,,SI-verified
heo2022multistate,benchmark,receptor,,bkrb1_human,BKRB1,Class A,,,,active=1;inactive=0,paper Table S2 (per-state structure counts),,,,none,,,,,SI-verified
heo2022multistate,benchmark,receptor,,bkrb2_human,BKRB2,Class A,,,,active=1;inactive=0,paper Table S2 (per-state structure counts),,,,none,,,,,SI-verified
heo2022multistate,benchmark,receptor,,cckar_human,CCKAR,Class A,,,,active=5;inactive=3,paper Table S2 (per-state structure counts),,,,none,,,,,SI-verified
heo2022multistate,benchmark,receptor,,ccr6_human,CCR6,Class A,,,,active=1;inactive=0,paper Table S2 (per-state structure counts),,,,none,,,,,SI-verified
heo2022multistate,benchmark,receptor,,ccr7_human,CCR7,Class A,,,,active=0;inactive=1,paper Table S2 (per-state structure counts),,,,none,,,,,SI-verified
heo2022multistate,benchmark,receptor,,cltr1_human,CLTR1,Class A,,,,active=0;inactive=0,paper Table S2 (per-state structure counts),,,,none,,,,,SI-verified
heo2022multistate,benchmark,receptor,,cltr2_human,CLTR2,Class A,,,,active=0;inactive=0,paper Table S2 (per-state structure counts),,,,none,,,,,SI-verified
heo2022multistate,benchmark,receptor,,cnr2_human,CNR2,Class A,,,,active=2;inactive=2,paper Table S2 (per-state structure counts),,,,none,,,,,SI-verified
heo2022multistate,benchmark,receptor,,cxcr2_human,CXCR2,Class A,,,,active=2;inactive=1,paper Table S2 (per-state structure counts),,,,none,,,,,SI-verified
heo2022multistate,benchmark,receptor,,drd1_human,DRD1,Class A,,,,active=11;inactive=0,paper Table S2 (per-state structure counts),,,,none,,,,,SI-verified
heo2022multistate,benchmark,receptor,,fpr2_human,FPR2,Class A,,,,active=2;inactive=0,paper Table S2 (per-state structure counts),,,,none,,,,,SI-verified
heo2022multistate,benchmark,receptor,,gasr_human,GASR,Class A,,,,active=2;inactive=0,paper Table S2 (per-state structure counts),,,,none,,,,,SI-verified
heo2022multistate,benchmark,receptor,,ghsr_human,GHSR,Class A,,,,active=4;inactive=1,paper Table S2 (per-state structure counts),,,,none,,,,,SI-verified
heo2022multistate,benchmark,receptor,,gnrhr_human,GNRHR,Class A,,,,active=0;inactive=1,paper Table S2 (per-state structure counts),,,,none,,,,,SI-verified
heo2022multistate,benchmark,receptor,,gp139_human,GP139,Class A,,,,active=4;inactive=0,paper Table S2 (per-state structure counts),,,,none,,,,,SI-verified
heo2022multistate,benchmark,receptor,,gpbar_human,GPBAR,Class A,,,,active=3;inactive=0,paper Table S2 (per-state structure counts),,,,none,,,,,SI-verified
heo2022multistate,benchmark,receptor,,gpr52_human,GPR52,Class A,,,,active=1;inactive=0,paper Table S2 (per-state structure counts),,,,none,,,,,SI-verified
heo2022multistate,benchmark,receptor,,lshr_human,LSHR,Class A,,,,active=2;inactive=1,paper Table S2 (per-state structure counts),,,,none,,,,,SI-verified
heo2022multistate,benchmark,receptor,,lt4r1_human,LT4R1,Class A,,,,active=0;inactive=1,paper Table S2 (per-state structure counts),,,,none,,,,,SI-verified
heo2022multistate,benchmark,receptor,,mc4r_human,MC4R,Class A,,,,active=7;inactive=0,paper Table S2 (per-state structure counts),,,,none,,,,,SI-verified
heo2022multistate,benchmark,receptor,,mrgx2_human,MRGX2,Class A,,,,active=14;inactive=0,paper Table S2 (per-state structure counts),,,,none,,,,,SI-verified
heo2022multistate,benchmark,receptor,,mrgx4_human,MRGX4,Class A,,,,active=1;inactive=0,paper Table S2 (per-state structure counts),,,,none,,,,,SI-verified
heo2022multistate,benchmark,receptor,,mtr1a_human,MTR1A,Class A,,,,active=1;inactive=5,paper Table S2 (per-state structure counts),,,,none,,,,,SI-verified
heo2022multistate,benchmark,receptor,,mtr1b_human,MTR1B,Class A,,,,active=0;inactive=4,paper Table S2 (per-state structure counts),,,,none,,,,,SI-verified
heo2022multistate,benchmark,receptor,,nk1r_human,NK1R,Class A,,,,active=5;inactive=6,paper Table S2 (per-state structure counts),,,,none,,,,,SI-verified
heo2022multistate,benchmark,receptor,,npy2r_human,NPY2R,Class A,,,,active=0;inactive=1,paper Table S2 (per-state structure counts),,,,none,,,,,SI-verified
heo2022multistate,benchmark,receptor,,ntr1_human,NTR1,Class A,,,,active=2;inactive=0,paper Table S2 (per-state structure counts),,,,none,,,,,SI-verified
heo2022multistate,benchmark,receptor,,oxyr_human,OXYR,Class A,,,,active=0;inactive=1,paper Table S2 (per-state structure counts),,,,none,,,,,SI-verified
heo2022multistate,benchmark,receptor,,pd2r2_human,PD2R2,Class A,,,,active=0;inactive=3,paper Table S2 (per-state structure counts),,,,none,,,,,SI-verified
heo2022multistate,benchmark,receptor,,pe2r2_human,PE2R2,Class A,,,,active=3;inactive=0,paper Table S2 (per-state structure counts),,,,none,,,,,SI-verified
heo2022multistate,benchmark,receptor,,pe2r3_human,PE2R3,Class A,,,,active=2;inactive=0,paper Table S2 (per-state structure counts),,,,none,,,,,SI-verified
heo2022multistate,benchmark,receptor,,pe2r4_human,PE2R4,Class A,,,,active=1;inactive=1,paper Table S2 (per-state structure counts),,,,none,,,,,SI-verified
heo2022multistate,benchmark,receptor,,ptafr_human,PTAFR,Class A,,,,active=0;inactive=0,paper Table S2 (per-state structure counts),,,,none,,,,,SI-verified
heo2022multistate,benchmark,receptor,,s1pr3_human,S1PR3,Class A,,,,active=4;inactive=0,paper Table S2 (per-state structure counts),,,,none,,,,,SI-verified
heo2022multistate,benchmark,receptor,,s1pr5_human,S1PR5,Class A,,,,active=1;inactive=0,paper Table S2 (per-state structure counts),,,,none,,,,,SI-verified
heo2022multistate,benchmark,receptor,,ta2r_human,TA2R,Class A,,,,active=0;inactive=0,paper Table S2 (per-state structure counts),,,,none,,,,,SI-verified
heo2022multistate,benchmark,receptor,,v2r_human,V2R,Class A,,,,active=2;inactive=0,paper Table S2 (per-state structure counts),,,,none,,,,,SI-verified
heo2022multistate,benchmark,receptor,,calrl_human,CALRL,Class B1,,,,active=4;inactive=2,paper Table S2 (per-state structure counts),,,,none,,,,,SI-verified
heo2022multistate,benchmark,receptor,,crfr2_human,CRFR2,Class B1,,,,active=1;inactive=0,paper Table S2 (per-state structure counts),,,,none,,,,,SI-verified
heo2022multistate,benchmark,receptor,,ghrhr_human,GHRHR,Class B1,,,,active=1;inactive=0,paper Table S2 (per-state structure counts),,,,none,,,,,SI-verified
heo2022multistate,benchmark,receptor,,gipr_human,GIPR,Class B1,,,,active=1;inactive=0,paper Table S2 (per-state structure counts),,,,none,,,,,SI-verified
heo2022multistate,benchmark,receptor,,glp2r_human,GLP2R,Class B1,,,,active=1;inactive=0,paper Table S2 (per-state structure counts),,,,none,,,,,SI-verified
heo2022multistate,benchmark,receptor,,pacr_human,PACR,Class B1,,,,active=4;inactive=0,paper Table S2 (per-state structure counts),,,,none,,,,,SI-verified
heo2022multistate,benchmark,receptor,,pth1r_human,PTH1R,Class B1,,,,active=3;inactive=1,paper Table S2 (per-state structure counts),,,,none,,,,,SI-verified
heo2022multistate,benchmark,receptor,,pth2r_human,PTH2R,Class B1,,,,active=1;inactive=0,paper Table S2 (per-state structure counts),,,,none,,,,,SI-verified
heo2022multistate,benchmark,receptor,,sctr_human,SCTR,Class B1,,,,active=2;inactive=0,paper Table S2 (per-state structure counts),,,,none,,,,,SI-verified
heo2022multistate,benchmark,receptor,,vipr1_human,VIPR1,Class B1,,,,active=1;inactive=0,paper Table S2 (per-state structure counts),,,,none,,,,,SI-verified
heo2022multistate,benchmark,receptor,,agrg3_human,AGRG3,Class B2,,,,active=2;inactive=0,paper Table S2 (per-state structure counts),,,,none,,,,,SI-verified
heo2022multistate,benchmark,receptor,,casr_human,CASR,Class C,,,,active=4;inactive=5,paper Table S2 (per-state structure counts),,,,none,,,,,SI-verified
heo2022multistate,benchmark,receptor,,gabr1_human,GABR1,Class C,,,,active=0;inactive=1,paper Table S2 (per-state structure counts),,,,none,,,,,SI-verified
heo2022multistate,benchmark,receptor,,gabr2_human,GABR2,Class C,,,,active=3;inactive=5,paper Table S2 (per-state structure counts),,,,none,,,,,SI-verified
heo2022multistate,benchmark,receptor,,gp158_human,GP158,Class C,,,,active=0;inactive=3,paper Table S2 (per-state structure counts),,,,none,,,,,SI-verified
heo2022multistate,benchmark,receptor,,grm2_human,GRM2,Class C,,,,active=3;inactive=6,paper Table S2 (per-state structure counts),,,,none,,,,,SI-verified
heo2022multistate,benchmark,receptor,,grm4_human,GRM4,Class C,,,,active=1;inactive=0,paper Table S2 (per-state structure counts),,,,none,,,,,SI-verified
heo2022multistate,benchmark,receptor,,grm7_human,GRM7-3,Class C,,,,active=0;inactive=1,paper Table S2 (per-state structure counts),,,,none,,,,,SI-verified
heo2022multistate,benchmark,receptor,,fzd4_human,FZD4,Class F,,,,active=0;inactive=1,paper Table S2 (per-state structure counts),,,,none,,,,,SI-verified
heo2022multistate,benchmark,receptor,,fzd5_human,FZD5,Class F,,,,active=0;inactive=1,paper Table S2 (per-state structure counts),,,,none,,,,,SI-verified
heo2022multistate,benchmark,receptor,,fzd7_human,FZD7,Class F,,,,active=1;inactive=0,paper Table S2 (per-state structure counts),,,,none,,,,,SI-verified
heo2022multistate,docking,structure,7E2Y,5ht1a_human,5HT1A,Class A (Rhodopsin),,001_001_001_001,,Active,paper Table S3,3.0,Electron microscopy,2021-04-14,G protein,gnai1_human,small-molecule,SRO,,SI-verified
heo2022multistate,docking,structure,7E32,5ht1d_human,5HT1D,Class A (Rhodopsin),,001_001_001_003,,Active,paper Table S3,2.9,Electron microscopy,2021-04-21,G protein,gnai1_human,small-molecule,SRO,,SI-verified
heo2022multistate,docking,structure,7E33,5ht1e_human,5HT1E,Class A (Rhodopsin),,001_001_001_004,,Active,paper Table S3,2.9,Electron microscopy,2021-04-14,G protein,gnai1_human,small-molecule,HVU,,SI-verified
heo2022multistate,docking,structure,6WHA,5ht2a_human,5HT2A,Class A (Rhodopsin),,001_001_001_006,,Active,paper Table S3,3.36,Electron microscopy,2020-09-23,G protein,gnaq_human,small-molecule,U0G,,SI-verified
heo2022multistate,docking,structure,6WH4,5ht2a_human,5HT2A,Class A (Rhodopsin),,001_001_001_006,,Inactive,paper Table S3,3.4,X-ray diffraction,2020-09-23,none,,small-molecule,89F,,SI-verified
heo2022multistate,docking,structure,6WGT,5ht2a_human,5HT2A,Class A (Rhodopsin),,001_001_001_006,,Inactive,paper Table S3,3.4,X-ray diffraction,2020-09-23,none,,small-molecule,7LD,,SI-verified
heo2022multistate,docking,structure,6A94,5ht2a_human,5HT2A,Class A (Rhodopsin),,001_001_001_006,,Inactive,paper Table S3,2.9,X-ray diffraction,2019-02-13,none,,small-molecule,ZOT,,SI-verified
heo2022multistate,docking,structure,6KUY,ada2a_human,ADA2A,Class A (Rhodopsin),,001_001_003_004,,Inactive,paper Table S3,3.2,X-ray diffraction,2019-12-04,none,,small-molecule,E39,,SI-verified
heo2022multistate,docking,structure,6KUX,ada2a_human,ADA2A,Class A (Rhodopsin),,001_001_003_004,,Inactive,paper Table S3,2.7,X-ray diffraction,2019-12-04,none,,small-molecule,E3F,,SI-verified
heo2022multistate,docking,structure,6K41,ada2b_human,ADA2B,Class A (Rhodopsin),,001_001_003_005,,Active,paper Table S3,2.9,Electron microscopy,2020-04-15,G protein,gnao_human,small-molecule,CZX,,SI-verified
heo2022multistate,docking,structure,6KUW,ada2c_human,ADA2C,Class A (Rhodopsin),,001_001_003_006,,Inactive,paper Table S3,2.8,X-ray diffraction,2019-12-04,none,,small-molecule,E33,,SI-verified
heo2022multistate,docking,structure,7BU6,adrb1_human,ADRB1,Class A (Rhodopsin),,001_001_003_007,,Active,paper Table S3,2.7,X-ray diffraction,2020-12-02,none,,small-molecule,E5E,,SI-verified
heo2022multistate,docking,structure,7BTS,adrb1_human,ADRB1,Class A (Rhodopsin),,001_001_003_007,,Active,paper Table S3,3.13,X-ray diffraction,2020-12-02,none,,small-molecule,ALE,,SI-verified
heo2022multistate,docking,structure,7BVQ,adrb1_human,ADRB1,Class A (Rhodopsin),,001_001_003_007,,Inactive,paper Table S3,2.5,X-ray diffraction,2020-12-02,none,,small-molecule,CAU,,SI-verified
heo2022multistate,docking,structure,7JVQ,drd1_human,DRD1,Class A (Rhodopsin),,001_001_004_001,,Active,paper Table S3,3.0,Electron microscopy,2021-02-24,G protein,gnas2_human,small-molecule,OR9,,SI-verified
heo2022multistate,docking,structure,7CKW,drd1_human,DRD1,Class A (Rhodopsin),,001_001_004_001,,Active,paper Table S3,3.22,Electron microscopy,2021-03-03,G protein,gnas2_human,small-molecule,G3C,,SI-verified
heo2022multistate,docking,structure,7CRH,drd1_human,DRD1,Class A (Rhodopsin),,001_001_004_001,,Active,paper Table S3,3.3,Electron microscopy,2021-03-03,G protein,gnas2_human,small-molecule,GBU,,SI-verified
heo2022multistate,docking,structure,7JV5,drd1_human,DRD1,Class A (Rhodopsin),,001_001_004_001,,Active,paper Table S3,3.0,Electron microscopy,2021-02-24,G protein,gnas2_human,small-molecule,SK0,,SI-verified
heo2022multistate,docking,structure,7JVP,drd1_human,DRD1,Class A (Rhodopsin),,001_001_004_001,,Active,paper Table S3,2.9,Electron microscopy,2021-02-24,G protein,gnas2_human,small-molecule,SK9,,SI-verified
heo2022multistate,docking,structure,7LJC,drd1_human,DRD1,Class A (Rhodopsin),,001_001_004_001,,Active,paper Table S3,3.0,Electron microscopy,2021-03-03,G protein,gnas2_human,small-molecule,SK0,,SI-verified
heo2022multistate,docking,structure,7CKX,drd1_human,DRD1,Class A (Rhodopsin),,001_001_004_001,,Active,paper Table S3,3.54,Electron microscopy,2021-03-03,G protein,gnas2_human,small-molecule,G3O,,SI-verified
heo2022multistate,docking,structure,7CKZ,drd1_human,DRD1,Class A (Rhodopsin),,001_001_004_001,,Active,paper Table S3,3.1,Electron microscopy,2021-03-03,G protein,gnas2_human,small-molecule,LDP,,SI-verified
heo2022multistate,docking,structure,7LJD,drd1_human,DRD1,Class A (Rhodopsin),,001_001_004_001,,Active,paper Table S3,3.2,Electron microscopy,2021-03-03,G protein,gnas2_human,small-molecule,LDP,,SI-verified
heo2022multistate,docking,structure,7VUG,gp139_human,GP139,Class A (Rhodopsin),,001_010_001_042,,Active,paper Table S3,3.2,Electron microscopy,2021-12-29,G protein,gnai1_human,small-molecule,7ZQ,,SI-verified
heo2022multistate,docking,structure,7VUH,gp139_human,GP139,Class A (Rhodopsin),,001_010_001_042,,Active,paper Table S3,3.22,Electron microscopy,2021-12-29,G protein,gnas2_human,small-molecule,7ZQ,,SI-verified
heo2022multistate,docking,structure,7VUI,gp139_human,GP139,Class A (Rhodopsin),,001_010_001_042,,Active,paper Table S3,3.3,Electron microscopy,2021-12-29,G protein,gnas2_human,small-molecule,7ZQ,,SI-verified
heo2022multistate,docking,structure,7VUJ,gp139_human,GP139,Class A (Rhodopsin),,001_010_001_042,,Active,paper Table S3,3.8,Electron microscopy,2021-12-29,G protein,gnas2_human,small-molecule,7ZQ,,SI-verified
heo2022multistate,docking,structure,7S8N,mrgx2_human,MRGX2,Class A (Rhodopsin),,001_010_001_071,,Active,paper Table S3,2.9,Electron microscopy,2021-11-17,G protein,gnaq_human,small-molecule,8IU,,SI-verified
heo2022multistate,docking,structure,7S8O,mrgx2_human,MRGX2,Class A (Rhodopsin),,001_010_001_071,,Active,paper Table S3,2.58,Electron microscopy,2021-11-17,G protein,gnai1_human,small-molecule,8IU,,SI-verified
heo2022multistate,docking,structure,7DB6,mtr1a_human,MTR1A,Class A (Rhodopsin),,001_005_001_001,,Active,paper Table S3,3.3,Electron microscopy,2021-08-18,G protein,gnai1_human,small-molecule,JEV,,SI-verified
heo2022multistate,docking,structure,6ME2,mtr1a_human,MTR1A,Class A (Rhodopsin),,001_005_001_001,,Inactive,paper Table S3,2.8,X-ray diffraction,2019-04-24,none,,small-molecule,JEV,,SI-verified
heo2022multistate,docking,structure,6ME4,mtr1a_human,MTR1A,Class A (Rhodopsin),,001_005_001_001,,Inactive,paper Table S3,3.2,X-ray diffraction,2019-04-24,none,,small-molecule,ML2,,SI-verified
heo2022multistate,docking,structure,6ME5,mtr1a_human,MTR1A,Class A (Rhodopsin),,001_005_001_001,,Inactive,paper Table S3,3.2,X-ray diffraction,2019-04-24,none,,small-molecule,AWY,,SI-verified
heo2022multistate,docking,structure,6ME3,mtr1a_human,MTR1A,Class A (Rhodopsin),,001_005_001_001,,Inactive,paper Table S3,2.9,X-ray diffraction,2019-04-24,none,,small-molecule,JEY,,SI-verified
heo2022multistate,docking,structure,6PS8,mtr1a_human,MTR1A,Class A (Rhodopsin),,001_005_001_001,,Inactive,paper Table S3,3.3,X-ray diffraction,2019-11-13,none,,small-molecule,JEY,,SI-verified
heo2022multistate,docking,structure,6ME9,mtr1b_human,MTR1B,Class A (Rhodopsin),,001_005_001_002,,Inactive,paper Table S3,3.3,X-ray diffraction,2019-04-24,none,,small-molecule,JEV,,SI-verified
heo2022multistate,docking,structure,6ME6,mtr1b_human,MTR1B,Class A (Rhodopsin),,001_005_001_002,,Inactive,paper Table S3,2.8,X-ray diffraction,2019-04-24,none,,small-molecule,JEY,,SI-verified
heo2022multistate,docking,structure,6ME7,mtr1b_human,MTR1B,Class A (Rhodopsin),,001_005_001_002,,Inactive,paper Table S3,3.2,X-ray diffraction,2019-04-24,none,,small-molecule,JEY,,SI-verified
heo2022multistate,docking,structure,6ME8,mtr1b_human,MTR1B,Class A (Rhodopsin),,001_005_001_002,,Inactive,paper Table S3,3.1,X-ray diffraction,2019-04-24,none,,small-molecule,JEY,,SI-verified
heo2022multistate,docking,structure,6HLL,nk1r_human,NK1R,Class A (Rhodopsin),,001_002_029_001,,Inactive,paper Table S3,3.27,X-ray diffraction,2019-01-16,none,,small-molecule,GBK,,SI-verified
heo2022multistate,docking,structure,7CX2,pe2r2_human,PE2R2,Class A (Rhodopsin),,001_004_008_004,,Active,paper Table S3,2.8,Electron microscopy,2021-05-05,G protein,gnas2_human,small-molecule,P2E,,SI-verified
heo2022multistate,docking,structure,6AK3,pe2r3_human,PE2R3,Class A (Rhodopsin),,001_004_008_005,,Active,paper Table S3,2.9,X-ray diffraction,2018-12-05,none,,small-molecule,P2E,,SI-verified
heo2022multistate,docking,structure,7D7M,pe2r4_human,PE2R4,Class A (Rhodopsin),,001_004_008_006,,Active,paper Table S3,3.3,Electron microscopy,2020-11-18,G protein,gnas2_human,small-molecule,P2E,,SI-verified
heo2022multistate,docking,structure,7EW4,s1pr3_human,S1PR3,Class A (Rhodopsin),,001_004_004_003,,Active,paper Table S3,3.2,Electron microscopy,2021-09-29,G protein,gnai1_human,small-molecule,JF9,,SI-verified
heo2022multistate,docking,structure,7E9G,grm2_human,GRM2,Class C (Glutamate),,004_002_002_002,,Active,paper Table S3,3.5,Electron microscopy,2021-06-23,G protein,gnai1_human,small-molecule,HZR,,SI-verified
