row_id,receptor,backbone,arm,seed_used,stratum,active_predicate_call,p550_f644_ca_distance,d_npxxy_oh,d_tm6_tilt,rmsd_to_active_ref,rmsd_to_inactive_ref,plddt_mean,input_path,input_sha256_hint,cluster_id
0,ADRB2,boltz,apo,1266069518,boltz/apo/ina,False,12.021621704101562,11.772195127587718,11.757984941583317,2.4541,0.7269,77.51265626034494,/hpc/scratch/sengaad1/paper_af3/experiments/018_block_a_switch_test/018_block_a_switch_test_adrb2_apo_boltz/bc630d7b2c11/boltz/seed_1266069518/boltz_results_0003/predictions/0003/0003_model_0.cif,ADRB2__apo__boltz__seed1266069518__samplenan__9e0ea375.cif,ADR
1,CCKAR,boltz,apo,1270194541,boltz/apo/ina,False,11.841826438903809,10.164486313213274,12.193931967310627,,,75.56260985080327,/hpc/scratch/sengaad1/paper_af3/experiments/018_block_a_switch_test/018_block_a_switch_test_cckar_apo_boltz/77c759e62570/boltz/seed_1270194541/boltz_results_0002/predictions/0002/0002_model_0.cif,CCKAR__apo__boltz__seed1270194541__samplenan__7b654993.cif,SINGLETON_CCKAR
2,GHSR,boltz,apo,1998773578,boltz/apo/ina,False,11.372556686401367,9.774644740209231,12.643604899406656,2.1142,1.9421,80.85225687912904,/hpc/scratch/sengaad1/paper_af3/experiments/018_block_a_switch_test/018_block_a_switch_test_ghsr_apo_boltz/ebd21dc8f823/boltz/seed_1998773578/boltz_results_0001/predictions/0001/0001_model_4.cif,GHSR__apo__boltz__seed1998773578__samplenan__04a14ed8.cif,SINGLETON_GHSR
3,LPAR1,boltz,apo,1409640702,boltz/apo/ina,False,11.966606140136719,9.256990131619457,11.386640245190854,2.1697,0.4216,83.2877087855077,/hpc/scratch/sengaad1/paper_af3/experiments/018_block_a_switch_test/018_block_a_switch_test_lpar1_apo_boltz/07aaf7bb3dda/boltz/seed_1409640702/boltz_results_0000/predictions/0000/0000_model_0.cif,LPAR1__apo__boltz__seed1409640702__samplenan__94f0993d.cif,SINGLETON_LPAR1
4,OPRX,boltz,apo,2083506144,boltz/apo/ina,False,11.96484661102295,12.00620813605195,11.73773511618404,2.8753,0.8828,85.9326108984045,/hpc/scratch/sengaad1/paper_af3/experiments/018_block_a_switch_test/018_block_a_switch_test_oprx_apo_boltz/fe66bcee8460/boltz/seed_2083506144/boltz_results_0000/predictions/0000/0000_model_0.cif,OPRX__apo__boltz__seed2083506144__samplenan__95f89449.cif,opioid
5,NPY2R,boltz,apo,1059735713,boltz/apo/ina,False,11.890291213989258,9.532510332063636,11.996856877857631,2.2286,0.7989,78.46153281304467,/hpc/scratch/sengaad1/paper_af3/experiments/018_block_a_switch_test/018_block_a_switch_test_npy2r_apo_boltz/5ab84e028eac/boltz/seed_1059735713/boltz_results_0004/predictions/0004/0004_model_0.cif,NPY2R__apo__boltz__seed1059735713__samplenan__7a6a4d83.cif,NPY
6,FSHR,boltz,apo,202026651,boltz/apo/ina,False,11.242776870727539,11.494914912886482,13.512733548416472,2.1478,1.1522,80.18693103378625,/hpc/scratch/sengaad1/paper_af3/experiments/018_block_a_switch_test/018_block_a_switch_test_fshr_apo_boltz/08aef1dc6b28/boltz/seed_202026651/boltz_results_0003/predictions/0003/0003_model_1.cif,FSHR__apo__boltz__seed202026651__samplenan__63ec734a.cif,GLYCOPROTEIN
7,CXCR2,boltz,apo,521473553,boltz/apo/ina,False,12.378759384155273,10.668007786625394,11.89426631241709,2.1473,1.2417,78.4817666583591,/hpc/scratch/sengaad1/paper_af3/experiments/018_block_a_switch_test/018_block_a_switch_test_cxcr2_apo_boltz/b02d14e55ff4/boltz/seed_521473553/boltz_results_0004/predictions/0004/0004_model_1.cif,CXCR2__apo__boltz__seed521473553__samplenan__278ad040.cif,CXCR
8,DRD3,boltz,apo,944617294,boltz/apo/ina,False,12.217292785644531,10.23969089760526,11.651225004341818,,,77.93021993637085,/hpc/scratch/sengaad1/paper_af3/experiments/018_block_a_switch_test/018_block_a_switch_test_drd3_apo_boltz/8d6551d8276b/boltz/seed_944617294/boltz_results_0004/predictions/0004/0004_model_2.cif,DRD3__apo__boltz__seed944617294__samplenan__6bfe50b7.cif,DRD
9,OPRK,boltz,apo,847625756,boltz/apo/ina,False,11.819562911987305,11.29863152689298,11.528479414675642,2.6685,2.4888,73.09616047708612,/hpc/scratch/sengaad1/paper_af3/experiments/018_block_a_switch_test/018_block_a_switch_test_oprk_apo_boltz/39fed7d62eea/boltz/seed_847625756/boltz_results_0000/predictions/0000/0000_model_3.cif,OPRK__apo__boltz__seed847625756__samplenan__a70c7d2f.cif,opioid
10,HRH1,boltz,apo,1955893826,boltz/apo/ina,False,11.573173522949219,15.801744788234622,13.248602356931844,1.897,0.8463,58.58360160890301,/hpc/scratch/sengaad1/paper_af3/experiments/018_block_a_switch_test/018_block_a_switch_test_hrh1_apo_boltz/cedcd515031c/boltz/seed_1955893826/boltz_results_0004/predictions/0004/0004_model_3.cif,HRH1__apo__boltz__seed1955893826__samplenan__d1f8f77e.cif,HRH
11,ADA2A,boltz,apo,789270461,boltz/apo/ina,False,12.16613483428955,10.320438513057477,11.562000892600729,,,60.83744524883968,/hpc/scratch/sengaad1/paper_af3/experiments/018_block_a_switch_test/018_block_a_switch_test_ada2a_apo_boltz/01d77566361e/boltz/seed_789270461/boltz_results_0003/predictions/0003/0003_model_3.cif,ADA2A__apo__boltz__seed789270461__samplenan__f98d4b9b.cif,ADA_a2a
12,CXCR2,boltz,apo,152965847,boltz/apo/ina,False,12.244154930114746,10.697435669776192,12.21579268190976,2.0829,1.3311,78.56754713058471,/hpc/scratch/sengaad1/paper_af3/experiments/018_block_a_switch_test/018_block_a_switch_test_cxcr2_apo_boltz/b02d14e55ff4/boltz/seed_152965847/boltz_results_0001/predictions/0001/0001_model_2.cif,CXCR2__apo__boltz__seed152965847__samplenan__05c706c5.cif,CXCR
13,NPY1R,boltz,apo,397811291,boltz/apo/ina,False,11.607853889465332,9.307844040737898,12.085654300380265,1.93,1.0033,73.1557422876358,/hpc/scratch/sengaad1/paper_af3/experiments/018_block_a_switch_test/018_block_a_switch_test_npy1r_apo_boltz/4e171185f8d5/boltz/seed_397811291/boltz_results_0004/predictions/0004/0004_model_2.cif,NPY1R__apo__boltz__seed397811291__samplenan__f9a7e730.cif,NPY
14,MCHR1,boltz,apo,1403663870,boltz/apo/ina,False,11.26529312133789,12.161617033643184,11.318466604933729,2.6252,1.6594,68.72158290537612,/hpc/scratch/sengaad1/paper_af3/experiments/018_block_a_switch_test/018_block_a_switch_test_mchr1_apo_boltz/e54cf18f7aec/boltz/seed_1403663870/boltz_results_0000/predictions/0000/0000_model_0.cif,MCHR1__apo__boltz__seed1403663870__samplenan__b1092f0c.cif,SINGLETON_MCHR1
15,CXCR4,boltz,apo,1905864758,boltz/apo/ina,False,12.169360160827637,20.090570121917892,12.68175031427839,2.0936,1.4624,77.6950711445375,/hpc/scratch/sengaad1/paper_af3/experiments/018_block_a_switch_test/018_block_a_switch_test_cxcr4_apo_boltz/d53e944e56be/boltz/seed_1905864758/boltz_results_0001/predictions/0001/0001_model_0.cif,CXCR4__apo__boltz__seed1905864758__samplenan__39f13d38.cif,CXCR
16,DRD2,boltz,apo,289356042,boltz/apo/ina,False,12.570985794067383,9.937240984247085,11.720984631710769,2.1031,1.1383,69.57550345048409,/hpc/scratch/sengaad1/paper_af3/experiments/018_block_a_switch_test/018_block_a_switch_test_drd2_apo_boltz/179600ed6877/boltz/seed_289356042/boltz_results_0004/predictions/0004/0004_model_2.cif,DRD2__apo__boltz__seed289356042__samplenan__f0ae1c0a.cif,DRD
17,ACM4,boltz,apo,1550220029,boltz/apo/ina,False,10.80238151550293,16.24719012166104,11.619678379563696,2.3369,1.0356,70.62178716480359,/hpc/scratch/sengaad1/paper_af3/experiments/018_block_a_switch_test/018_block_a_switch_test_acm4_apo_boltz/a70eb2009849/boltz/seed_1550220029/boltz_results_0002/predictions/0002/0002_model_0.cif,ACM4__apo__boltz__seed1550220029__samplenan__061dd346.cif,ACM
18,HRH1,boltz,apo,1067093281,boltz/apo/ina,False,11.338973999023438,15.159159303965374,11.94903353137399,2.4713,0.8902,58.893404574854415,/hpc/scratch/sengaad1/paper_af3/experiments/018_block_a_switch_test/018_block_a_switch_test_hrh1_apo_boltz/cedcd515031c/boltz/seed_1067093281/boltz_results_0001/predictions/0001/0001_model_3.cif,HRH1__apo__boltz__seed1067093281__samplenan__56393a55.cif,HRH
19,OX2R,boltz,apo,629786522,boltz/apo/ina,False,11.493666648864746,9.859946488140796,12.180260348867751,,,74.95690768473857,/hpc/scratch/sengaad1/paper_af3/experiments/018_block_a_switch_test/018_block_a_switch_test_ox2r_apo_boltz/460d04cbdde6/boltz/seed_629786522/boltz_results_0002/predictions/0002/0002_model_2.cif,OX2R__apo__boltz__seed629786522__samplenan__44f87956.cif,SINGLETON_OX2R
20,OPSD,boltz,apo,1911927023,boltz/apo/ina,False,11.63991928100586,13.966461590632038,12.161335661229812,1.9142,1.091,82.71025277280259,/hpc/scratch/sengaad1/paper_af3/experiments/018_block_a_switch_test/018_block_a_switch_test_opsd_apo_boltz/9d3090c363fb/boltz/seed_1911927023/boltz_results_0001/predictions/0001/0001_model_0.cif,OPSD__apo__boltz__seed1911927023__samplenan__6e2c18f8.cif,OPSIN
21,OPRD,boltz,apo,1093757803,boltz/apo/ina,False,11.69537353515625,17.47236703526171,11.836474785868468,2.6849,0.6423,74.08616126480923,/hpc/scratch/sengaad1/paper_af3/experiments/018_block_a_switch_test/018_block_a_switch_test_oprd_apo_boltz/4b945f6e6485/boltz/seed_1093757803/boltz_results_0003/predictions/0003/0003_model_1.cif,OPRD__apo__boltz__seed1093757803__samplenan__a11fb2ad.cif,opioid
22,GHSR,boltz,apo,101155249,boltz/apo/ina,False,11.434255599975586,10.109870279390334,12.65426047731751,2.1593,1.8369,83.07792083031492,/hpc/scratch/sengaad1/paper_af3/experiments/018_block_a_switch_test/018_block_a_switch_test_ghsr_apo_boltz/ebd21dc8f823/boltz/seed_101155249/boltz_results_0004/predictions/0004/0004_model_3.cif,GHSR__apo__boltz__seed101155249__samplenan__6d8b693e.cif,SINGLETON_GHSR
23,ADRB2,boltz,apo,69055256,boltz/apo/ina,False,12.019721031188965,11.952091479485924,11.910124696786344,2.2808,0.6117,75.0869612151139,/hpc/scratch/sengaad1/paper_af3/experiments/018_block_a_switch_test/018_block_a_switch_test_adrb2_apo_boltz/bc630d7b2c11/boltz/seed_69055256/boltz_results_0001/predictions/0001/0001_model_1.cif,ADRB2__apo__boltz__seed69055256__samplenan__11c35ad9.cif,ADR
24,DRD3,boltz,apo,944617294,boltz/apo/ina,False,12.552237510681152,10.469228259480255,11.626728069414026,,,78.11797992706299,/hpc/scratch/sengaad1/paper_af3/experiments/018_block_a_switch_test/018_block_a_switch_test_drd3_apo_boltz/8d6551d8276b/boltz/seed_944617294/boltz_results_0004/predictions/0004/0004_model_1.cif,DRD3__apo__boltz__seed944617294__samplenan__ff9b972b.cif,DRD
25,AA2AR,boltz,apo,45887960,boltz/apo/ina,False,11.817876815795898,9.713373390475628,11.861256205469976,2.9009,0.3885,73.58167010372125,/hpc/scratch/sengaad1/paper_af3/experiments/018_block_a_switch_test/018_block_a_switch_test_aa2ar_apo_boltz/a37f8d64c3f9/boltz/seed_45887960/boltz_results_0001/predictions/0001/0001_model_0.cif,AA2AR__apo__boltz__seed45887960__samplenan__b69e71f8.cif,ADA_adenosine
26,AA1R,boltz,apo,387165304,boltz/apo/ina,False,12.11948013305664,9.872227593876673,12.199167638084983,2.3855,1.089,92.55465049977684,/hpc/scratch/sengaad1/paper_af3/experiments/018_block_a_switch_test/018_block_a_switch_test_aa1r_apo_boltz/de96ec7f335b/boltz/seed_387165304/boltz_results_0003/predictions/0003/0003_model_1.cif,AA1R__apo__boltz__seed387165304__samplenan__98fece90.cif,SINGLETON_AA1R
27,5HT5A,boltz,apo,1018900203,boltz/apo/ina,False,10.424114227294922,18.315026097914796,13.029447549815764,2.6417,1.4073,76.46571700579646,/hpc/scratch/sengaad1/paper_af3/experiments/018_block_a_switch_test/018_block_a_switch_test_5ht5a_apo_boltz/edf89d7e0092/boltz/seed_1018900203/boltz_results_0003/predictions/0003/0003_model_1.cif,5HT5A__apo__boltz__seed1018900203__samplenan__e405b932.cif,5HT
28,CNR1,boltz,apo,1553395566,boltz/apo/ina,False,11.428092956542969,5.308274000265999,14.72161527257454,1.3218,2.2271,65.07958477634494,/hpc/scratch/sengaad1/paper_af3/experiments/018_block_a_switch_test/018_block_a_switch_test_cnr1_apo_boltz/afe682f7450a/boltz/seed_1553395566/boltz_results_0001/predictions/0001/0001_model_4.cif,CNR1__apo__boltz__seed1553395566__samplenan__1941ccd3.cif,CNR
29,ACM4,boltz,apo,1550220029,boltz/apo/ina,False,11.082559585571289,15.915825543078189,11.759754167439048,2.454,1.0353,68.68080575580636,/hpc/scratch/sengaad1/paper_af3/experiments/018_block_a_switch_test/018_block_a_switch_test_acm4_apo_boltz/a70eb2009849/boltz/seed_1550220029/boltz_results_0002/predictions/0002/0002_model_3.cif,ACM4__apo__boltz__seed1550220029__samplenan__96021d15.cif,ACM
30,LT4R1,boltz,apo,2017675069,boltz/apo/ina,False,11.955798149108887,12.922043294556786,11.50762446549678,2.5611,1.8808,82.06727282567458,/hpc/scratch/sengaad1/paper_af3/experiments/018_block_a_switch_test/018_block_a_switch_test_lt4r1_apo_boltz/324d8252bb9c/boltz/seed_2017675069/boltz_results_0001/predictions/0001/0001_model_2.cif,LT4R1__apo__boltz__seed2017675069__samplenan__337cdcfa.cif,SINGLETON_LT4R1
31,OPRX,boltz,apo,1630277391,boltz/apo/ina,False,11.996981620788574,12.053978171334144,11.752121152553697,2.9081,0.9136,83.74116750150114,/hpc/scratch/sengaad1/paper_af3/experiments/018_block_a_switch_test/018_block_a_switch_test_oprx_apo_boltz/fe66bcee8460/boltz/seed_1630277391/boltz_results_0002/predictions/0002/0002_model_3.cif,OPRX__apo__boltz__seed1630277391__samplenan__3155fbe4.cif,opioid
32,OPSD,boltz,apo,659595727,boltz/apo/act,True,10.480232238769531,5.308501519016454,17.154994385860345,0.7125,1.96,82.10867513459304,/hpc/scratch/sengaad1/paper_af3/experiments/018_block_a_switch_test/018_block_a_switch_test_opsd_apo_boltz/9d3090c363fb/boltz/seed_659595727/boltz_results_0002/predictions/0002/0002_model_2.cif,OPSD__apo__boltz__seed659595727__samplenan__7192eaee.cif,OPSIN
33,CNR1,boltz,apo,180328604,boltz/apo/act,True,11.007671356201172,3.799874556363671,17.180862104891595,1.0965,2.7338,65.65838782261994,/hpc/scratch/sengaad1/paper_af3/experiments/018_block_a_switch_test/018_block_a_switch_test_cnr1_apo_boltz/afe682f7450a/boltz/seed_180328604/boltz_results_0002/predictions/0002/0002_model_2.cif,CNR1__apo__boltz__seed180328604__samplenan__c5cd5fe5.cif,CNR
34,CNR1,boltz,apo,749564794,boltz/apo/act,True,11.169609069824219,3.736961020695828,16.68567258124167,1.1461,2.5606,66.41430084180024,/hpc/scratch/sengaad1/paper_af3/experiments/018_block_a_switch_test/018_block_a_switch_test_cnr1_apo_boltz/afe682f7450a/boltz/seed_749564794/boltz_results_0000/predictions/0000/0000_model_0.cif,CNR1__apo__boltz__seed749564794__samplenan__0662a6a1.cif,CNR
35,CNR2,boltz,apo,1340480356,boltz/apo/act,True,11.927809715270996,3.3491129990640807,15.095750814454378,1.4358,2.0605,83.38783038457235,/hpc/scratch/sengaad1/paper_af3/experiments/018_block_a_switch_test/018_block_a_switch_test_cnr2_apo_boltz/b69c08bf0b37/boltz/seed_1340480356/boltz_results_0001/predictions/0001/0001_model_4.cif,CNR2__apo__boltz__seed1340480356__samplenan__316793e7.cif,CNR
36,FSHR,boltz,apo,488731987,boltz/apo/act,True,9.878901481628418,2.769959899276523,17.648837416603396,1.2538,2.5614,80.80126179756878,/hpc/scratch/sengaad1/paper_af3/experiments/018_block_a_switch_test/018_block_a_switch_test_fshr_apo_boltz/08aef1dc6b28/boltz/seed_488731987/boltz_results_0001/predictions/0001/0001_model_0.cif,FSHR__apo__boltz__seed488731987__samplenan__7ff85653.cif,GLYCOPROTEIN
37,LSHR,boltz,apo,565433888,boltz/apo/act,True,9.870111465454102,3.3859989269342647,17.88871036134243,0.9474,2.9642,81.15838911741417,/hpc/scratch/sengaad1/paper_af3/experiments/018_block_a_switch_test/018_block_a_switch_test_lshr_apo_boltz/36a3d6decb89/boltz/seed_565433888/boltz_results_0003/predictions/0003/0003_model_1.cif,LSHR__apo__boltz__seed565433888__samplenan__f2f5f7b2.cif,GLYCOPROTEIN
38,ACM2,boltz,apo,1720187816,boltz/apo/act,True,10.0513334274292,3.5736597911384904,16.938423925268253,1.0535,2.0771,64.57086046570872,/hpc/scratch/sengaad1/paper_af3/experiments/018_block_a_switch_test/018_block_a_switch_test_acm2_apo_boltz/10ad9648fab2/boltz/seed_1720187816/boltz_results_0000/predictions/0000/0000_model_0.cif,ACM2__apo__boltz__seed1720187816__samplenan__38a73ac6.cif,SINGLETON_ACM2
39,OPSD,boltz,apo,1911927023,boltz/apo/act,True,9.972743034362793,6.0990524831157185,17.58325282544729,0.4017,2.2014,81.71174126109858,/hpc/scratch/sengaad1/paper_af3/experiments/018_block_a_switch_test/018_block_a_switch_test_opsd_apo_boltz/9d3090c363fb/boltz/seed_1911927023/boltz_results_0001/predictions/0001/0001_model_2.cif,OPSD__apo__boltz__seed1911927023__samplenan__0ed11ade.cif,OPSIN
40,CNR1,boltz,apo,180328604,boltz/apo/act,True,11.312051773071289,3.576896665239296,17.081153986862244,1.0319,2.6508,65.95683477692685,/hpc/scratch/sengaad1/paper_af3/experiments/018_block_a_switch_test/018_block_a_switch_test_cnr1_apo_boltz/afe682f7450a/boltz/seed_180328604/boltz_results_0002/predictions/0002/0002_model_3.cif,CNR1__apo__boltz__seed180328604__samplenan__7ab02034.cif,CNR
41,ADA2A,boltz,apo,1925592901,boltz/apo/act,True,11.649985313415527,8.967395559575813,16.982951236593127,,,61.54552478585192,/hpc/scratch/sengaad1/paper_af3/experiments/018_block_a_switch_test/018_block_a_switch_test_ada2a_apo_boltz/01d77566361e/boltz/seed_1925592901/boltz_results_0000/predictions/0000/0000_model_1.cif,ADA2A__apo__boltz__seed1925592901__samplenan__ae84c8ac.cif,ADA_a2a
42,CCR5,boltz,apo,212954466,boltz/apo/act,True,9.250531196594238,7.567080877452019,16.82267713698982,1.8722,1.5248,82.2704999555241,/hpc/scratch/sengaad1/paper_af3/experiments/018_block_a_switch_test/018_block_a_switch_test_ccr5_apo_boltz/d0a77d1634e7/boltz/seed_212954466/boltz_results_0001/predictions/0001/0001_model_1.cif,CCR5__apo__boltz__seed212954466__samplenan__1ef066ec.cif,SINGLETON_CCR5
43,LSHR,boltz,apo,1308958309,boltz/apo/act,True,10.077718734741211,3.5897999490222294,18.004719258269482,1.1038,3.0026,80.87139489824679,/hpc/scratch/sengaad1/paper_af3/experiments/018_block_a_switch_test/018_block_a_switch_test_lshr_apo_boltz/36a3d6decb89/boltz/seed_1308958309/boltz_results_0002/predictions/0002/0002_model_3.cif,LSHR__apo__boltz__seed1308958309__samplenan__eaefa98a.cif,GLYCOPROTEIN
44,CNR1,boltz,apo,1113082828,boltz/apo/act,True,11.261374473571777,4.067706703561604,17.112154552966146,1.0532,2.5971,65.81641737081237,/hpc/scratch/sengaad1/paper_af3/experiments/018_block_a_switch_test/018_block_a_switch_test_cnr1_apo_boltz/afe682f7450a/boltz/seed_1113082828/boltz_results_0004/predictions/0004/0004_model_1.cif,CNR1__apo__boltz__seed1113082828__samplenan__ff09881b.cif,CNR
45,CCR5,boltz,apo,212954466,boltz/apo/act,True,9.135534286499023,7.274615397868122,17.726249699073406,1.7325,1.6917,82.1902244307778,/hpc/scratch/sengaad1/paper_af3/experiments/018_block_a_switch_test/018_block_a_switch_test_ccr5_apo_boltz/d0a77d1634e7/boltz/seed_212954466/boltz_results_0001/predictions/0001/0001_model_4.cif,CCR5__apo__boltz__seed212954466__samplenan__dc3fc380.cif,SINGLETON_CCR5
46,AGTR1,boltz,apo,1974026653,boltz/apo/act,True,11.111309051513672,7.670961169488476,19.345351385149353,0.7736,2.4666,77.23263797388104,/hpc/scratch/sengaad1/paper_af3/experiments/018_block_a_switch_test/018_block_a_switch_test_agtr1_apo_boltz/ad9225be236c/boltz/seed_1974026653/boltz_results_0001/predictions/0001/0001_model_4.cif,AGTR1__apo__boltz__seed1974026653__samplenan__b62b500b.cif,SINGLETON_AGTR1
47,ACM2,boltz,apo,263322833,boltz/apo/act,True,10.685591697692871,3.6430630509778448,16.11012625877588,1.2895,1.9735,62.92823604862066,/hpc/scratch/sengaad1/paper_af3/experiments/018_block_a_switch_test/018_block_a_switch_test_acm2_apo_boltz/10ad9648fab2/boltz/seed_263322833/boltz_results_0001/predictions/0001/0001_model_2.cif,ACM2__apo__boltz__seed263322833__samplenan__25d95962.cif,SINGLETON_ACM2
48,AGTR1,boltz,apo,650975798,boltz/apo/act,True,10.510295867919922,3.0300056001598423,18.99057769855883,0.4104,2.564,80.99727584923875,/hpc/scratch/sengaad1/paper_af3/experiments/018_block_a_switch_test/018_block_a_switch_test_agtr1_apo_boltz/ad9225be236c/boltz/seed_650975798/boltz_results_0002/predictions/0002/0002_model_2.cif,AGTR1__apo__boltz__seed650975798__samplenan__b1374878.cif,SINGLETON_AGTR1
49,FSHR,boltz,apo,1354502915,boltz/apo/act,True,10.244205474853516,3.3610314560414305,17.46735713037894,0.9226,2.2055,80.36686464488078,/hpc/scratch/sengaad1/paper_af3/experiments/018_block_a_switch_test/018_block_a_switch_test_fshr_apo_boltz/08aef1dc6b28/boltz/seed_1354502915/boltz_results_0004/predictions/0004/0004_model_0.cif,FSHR__apo__boltz__seed1354502915__samplenan__1ad30735.cif,GLYCOPROTEIN
50,FSHR,boltz,apo,1402511123,boltz/apo/act,True,10.15291690826416,4.268971088318591,17.171751898958938,0.8835,1.9761,80.05908776152906,/hpc/scratch/sengaad1/paper_af3/experiments/018_block_a_switch_test/018_block_a_switch_test_fshr_apo_boltz/08aef1dc6b28/boltz/seed_1402511123/boltz_results_0002/predictions/0002/0002_model_4.cif,FSHR__apo__boltz__seed1402511123__samplenan__d0f8db08.cif,GLYCOPROTEIN
51,ACM2,boltz,apo,1720187816,boltz/apo/act,True,10.36250114440918,3.8282320544345274,16.696261270029886,1.0947,2.0099,63.30633490075369,/hpc/scratch/sengaad1/paper_af3/experiments/018_block_a_switch_test/018_block_a_switch_test_acm2_apo_boltz/10ad9648fab2/boltz/seed_1720187816/boltz_results_0000/predictions/0000/0000_model_2.cif,ACM2__apo__boltz__seed1720187816__samplenan__95e58c84.cif,SINGLETON_ACM2
52,AGTR1,boltz,apo,1817491615,boltz/apo/act,True,10.483260154724121,4.103738203504214,18.981062187962507,0.4577,2.4695,82.22943166769979,/hpc/scratch/sengaad1/paper_af3/experiments/018_block_a_switch_test/018_block_a_switch_test_agtr1_apo_boltz/ad9225be236c/boltz/seed_1817491615/boltz_results_0003/predictions/0003/0003_model_0.cif,AGTR1__apo__boltz__seed1817491615__samplenan__ccbc7776.cif,SINGLETON_AGTR1
53,LSHR,boltz,apo,923415050,boltz/apo/act,True,9.874579429626465,3.324040467939585,17.642954145145307,1.0097,2.8406,81.52357519474494,/hpc/scratch/sengaad1/paper_af3/experiments/018_block_a_switch_test/018_block_a_switch_test_lshr_apo_boltz/36a3d6decb89/boltz/seed_923415050/boltz_results_0004/predictions/0004/0004_model_0.cif,LSHR__apo__boltz__seed923415050__samplenan__d79bf06d.cif,GLYCOPROTEIN
54,FSHR,boltz,apo,1849434347,boltz/apo/act,True,10.236748695373535,2.726034812286886,17.464123418611656,1.0706,2.3518,80.25048926374038,/hpc/scratch/sengaad1/paper_af3/experiments/018_block_a_switch_test/018_block_a_switch_test_fshr_apo_boltz/08aef1dc6b28/boltz/seed_1849434347/boltz_results_0000/predictions/0000/0000_model_2.cif,FSHR__apo__boltz__seed1849434347__samplenan__04c8c830.cif,GLYCOPROTEIN
55,CNR1,boltz,apo,180328604,boltz/apo/act,True,11.326680183410645,3.2993597644543096,16.65052433874081,1.0967,2.612,67.0508686001018,/hpc/scratch/sengaad1/paper_af3/experiments/018_block_a_switch_test/018_block_a_switch_test_cnr1_apo_boltz/afe682f7450a/boltz/seed_180328604/boltz_results_0002/predictions/0002/0002_model_1.cif,CNR1__apo__boltz__seed180328604__samplenan__657736f9.cif,CNR
56,AA2AR,boltz,apo,387042521,boltz/apo/act,True,11.008904457092285,3.384287072486611,17.504342430842698,1.3636,2.2084,71.00551707073323,/hpc/scratch/sengaad1/paper_af3/experiments/018_block_a_switch_test/018_block_a_switch_test_aa2ar_apo_boltz/a37f8d64c3f9/boltz/seed_387042521/boltz_results_0003/predictions/0003/0003_model_4.cif,AA2AR__apo__boltz__seed387042521__samplenan__f0c75f8b.cif,ADA_adenosine
57,ACM2,boltz,apo,478174123,boltz/apo/act,True,10.607678413391113,4.209972757120882,16.98889565129529,1.1562,2.0766,63.46205357318272,/hpc/scratch/sengaad1/paper_af3/experiments/018_block_a_switch_test/018_block_a_switch_test_acm2_apo_boltz/10ad9648fab2/boltz/seed_478174123/boltz_results_0003/predictions/0003/0003_model_2.cif,ACM2__apo__boltz__seed478174123__samplenan__e8f35418.cif,SINGLETON_ACM2
58,ACM2,boltz,apo,371279004,boltz/apo/act,True,10.196895599365234,7.706895497208976,15.013585871636396,1.519,1.6635,63.77350219022563,/hpc/scratch/sengaad1/paper_af3/experiments/018_block_a_switch_test/018_block_a_switch_test_acm2_apo_boltz/10ad9648fab2/boltz/seed_371279004/boltz_results_0004/predictions/0004/0004_model_1.cif,ACM2__apo__boltz__seed371279004__samplenan__4049e96a.cif,SINGLETON_ACM2
59,CNR1,boltz,apo,1113082828,boltz/apo/act,True,11.356449127197266,3.392701713398925,16.570763346173887,1.2093,2.5017,64.89512076620328,/hpc/scratch/sengaad1/paper_af3/experiments/018_block_a_switch_test/018_block_a_switch_test_cnr1_apo_boltz/afe682f7450a/boltz/seed_1113082828/boltz_results_0004/predictions/0004/0004_model_3.cif,CNR1__apo__boltz__seed1113082828__samplenan__9f161bfb.cif,CNR
60,CCR5,boltz,apo,1382683030,boltz/apo/act,True,9.190485954284668,9.001067487681668,16.24610238793293,1.8639,1.4256,84.34119030562314,/hpc/scratch/sengaad1/paper_af3/experiments/018_block_a_switch_test/018_block_a_switch_test_ccr5_apo_boltz/d0a77d1634e7/boltz/seed_1382683030/boltz_results_0003/predictions/0003/0003_model_0.cif,CCR5__apo__boltz__seed1382683030__samplenan__1d6f2512.cif,SINGLETON_CCR5
61,AGTR1,boltz,apo,188629850,boltz/apo/act,True,10.362351417541504,4.105809091726014,18.593342716321885,0.5386,2.3255,80.48706674177335,/hpc/scratch/sengaad1/paper_af3/experiments/018_block_a_switch_test/018_block_a_switch_test_agtr1_apo_boltz/ad9225be236c/boltz/seed_188629850/boltz_results_0004/predictions/0004/0004_model_2.cif,AGTR1__apo__boltz__seed188629850__samplenan__a8e13164.cif,SINGLETON_AGTR1
62,LSHR,boltz,apo,565433888,boltz/apo/act,True,10.559045791625977,3.389249966260975,17.954004223339705,0.7916,2.9615,81.09425044571381,/hpc/scratch/sengaad1/paper_af3/experiments/018_block_a_switch_test/018_block_a_switch_test_lshr_apo_boltz/36a3d6decb89/boltz/seed_565433888/boltz_results_0003/predictions/0003/0003_model_3.cif,LSHR__apo__boltz__seed565433888__samplenan__244ff019.cif,GLYCOPROTEIN
63,FSHR,boltz,apo,488731987,boltz/apo/act,True,10.22238826751709,3.2777552886388586,17.760784091348558,0.9101,2.3645,80.54176678554617,/hpc/scratch/sengaad1/paper_af3/experiments/018_block_a_switch_test/018_block_a_switch_test_fshr_apo_boltz/08aef1dc6b28/boltz/seed_488731987/boltz_results_0001/predictions/0001/0001_model_1.cif,FSHR__apo__boltz__seed488731987__samplenan__ddc209b2.cif,GLYCOPROTEIN
64,APJ,boltz,cognate,955547528,boltz/cognate/ina,False,8.960840225219727,17.23002147368946,17.071536885766903,1.3814,2.3311,76.07367913095575,/hpc/scratch/sengaad1/paper_af3/experiments/018_block_a_switch_test/018_block_a_switch_test_apj_cognate_boltz/84e1e8084caf/boltz/seed_955547528/boltz_results_0002/predictions/0002/0002_model_3.cif,APJ__cognate__boltz__seed955547528__samplenan__bf700b44.cif,SINGLETON_APJ
65,APJ,boltz,cognate,1735259853,boltz/cognate/ina,False,9.138387680053711,17.539793594777564,16.614449300277755,1.314,2.1681,76.02724466323852,/hpc/scratch/sengaad1/paper_af3/experiments/018_block_a_switch_test/018_block_a_switch_test_apj_cognate_boltz/84e1e8084caf/boltz/seed_1735259853/boltz_results_0001/predictions/0001/0001_model_4.cif,APJ__cognate__boltz__seed1735259853__samplenan__3e8ed79b.cif,SINGLETON_APJ
66,CXCR4,boltz,cognate,1384398578,boltz/cognate/ina,False,10.125799179077148,11.554086284877744,17.76567920723832,1.1914,2.2518,80.47898564555429,/hpc/scratch/sengaad1/paper_af3/experiments/018_block_a_switch_test/018_block_a_switch_test_cxcr4_cognate_boltz/db8aeffdc258/boltz/seed_1384398578/boltz_results_0001/predictions/0001/0001_model_0.cif,CXCR4__cognate__boltz__seed1384398578__samplenan__d5222b07.cif,CXCR
67,CXCR4,boltz,cognate,695916906,boltz/cognate/ina,False,10.289426803588867,11.869695190231296,17.604382278708332,1.0681,2.2581,78.17192337187853,/hpc/scratch/sengaad1/paper_af3/experiments/018_block_a_switch_test/018_block_a_switch_test_cxcr4_cognate_boltz/db8aeffdc258/boltz/seed_695916906/boltz_results_0000/predictions/0000/0000_model_1.cif,CXCR4__cognate__boltz__seed695916906__samplenan__7c459073.cif,CXCR
68,APJ,boltz,cognate,1568668236,boltz/cognate/ina,False,8.960143089294434,16.919457681539324,16.585736772670064,1.4522,2.3079,75.56877089048687,/hpc/scratch/sengaad1/paper_af3/experiments/018_block_a_switch_test/018_block_a_switch_test_apj_cognate_boltz/84e1e8084caf/boltz/seed_1568668236/boltz_results_0003/predictions/0003/0003_model_0.cif,APJ__cognate__boltz__seed1568668236__samplenan__cdb0faf4.cif,SINGLETON_APJ
69,APJ,boltz,cognate,2054505135,boltz/cognate/ina,False,9.219941139221191,16.928377799677087,16.667783814451756,1.4312,2.2293,76.51527638184398,/hpc/scratch/sengaad1/paper_af3/experiments/018_block_a_switch_test/018_block_a_switch_test_apj_cognate_boltz/84e1e8084caf/boltz/seed_2054505135/boltz_results_0000/predictions/0000/0000_model_4.cif,APJ__cognate__boltz__seed2054505135__samplenan__474e8088.cif,SINGLETON_APJ
70,5HT2C,boltz,cognate,1809438209,boltz/cognate/ina,False,11.121883392333984,12.166167933536014,17.086722462839386,0.9114,1.7073,68.79100653802463,/hpc/scratch/sengaad1/paper_af3/experiments/018_block_a_switch_test/018_block_a_switch_test_5ht2c_cognate_boltz/e72a39b8104c/boltz/seed_1809438209/boltz_results_0001/predictions/0001/0001_model_1.cif,5HT2C__cognate__boltz__seed1809438209__samplenan__938283b0.cif,5HT
71,5HT2C,boltz,cognate,1025184208,boltz/cognate/ina,False,11.331002235412598,12.184649154788984,17.209535500849523,0.944,1.7402,68.82594759495498,/hpc/scratch/sengaad1/paper_af3/experiments/018_block_a_switch_test/018_block_a_switch_test_5ht2c_cognate_boltz/e72a39b8104c/boltz/seed_1025184208/boltz_results_0003/predictions/0003/0003_model_4.cif,5HT2C__cognate__boltz__seed1025184208__samplenan__4a5b3ce8.cif,5HT
72,ACM1,boltz,cognate,1576945363,boltz/cognate/ina,False,10.743006706237793,12.540780476461585,16.882632042691093,,,65.85357817774234,/hpc/scratch/sengaad1/paper_af3/experiments/018_block_a_switch_test/018_block_a_switch_test_acm1_cognate_boltz/bb81e15c02a1/boltz/seed_1576945363/boltz_results_0002/predictions/0002/0002_model_3.cif,ACM1__cognate__boltz__seed1576945363__samplenan__adcbb37a.cif,ACM
73,APJ,boltz,cognate,1735259853,boltz/cognate/ina,False,11.60586929321289,17.17724814666482,16.35821737875188,1.397,2.2389,77.14107878333644,/hpc/scratch/sengaad1/paper_af3/experiments/018_block_a_switch_test/018_block_a_switch_test_apj_cognate_boltz/84e1e8084caf/boltz/seed_1735259853/boltz_results_0001/predictions/0001/0001_model_0.cif,APJ__cognate__boltz__seed1735259853__samplenan__34ec2010.cif,SINGLETON_APJ
74,CXCR4,boltz,cognate,695916906,boltz/cognate/ina,False,10.283857345581055,11.466400289615745,17.700208305638665,1.1663,2.2223,78.27104269916362,/hpc/scratch/sengaad1/paper_af3/experiments/018_block_a_switch_test/018_block_a_switch_test_cxcr4_cognate_boltz/db8aeffdc258/boltz/seed_695916906/boltz_results_0000/predictions/0000/0000_model_2.cif,CXCR4__cognate__boltz__seed695916906__samplenan__c6d769fb.cif,CXCR
75,5HT2C,boltz,cognate,975144898,boltz/cognate/ina,False,11.573186874389648,11.708383987929333,17.118972938018217,1.0071,1.7397,68.17817016251743,/hpc/scratch/sengaad1/paper_af3/experiments/018_block_a_switch_test/018_block_a_switch_test_5ht2c_cognate_boltz/e72a39b8104c/boltz/seed_975144898/boltz_results_0004/predictions/0004/0004_model_4.cif,5HT2C__cognate__boltz__seed975144898__samplenan__c5d72dc5.cif,5HT
76,ACM1,boltz,cognate,245341467,boltz/cognate/ina,False,11.220895767211914,13.917753721394842,16.063221929827776,,,65.38862164953481,/hpc/scratch/sengaad1/paper_af3/experiments/018_block_a_switch_test/018_block_a_switch_test_acm1_cognate_boltz/bb81e15c02a1/boltz/seed_245341467/boltz_results_0000/predictions/0000/0000_model_2.cif,ACM1__cognate__boltz__seed245341467__samplenan__2d087e24.cif,ACM
77,APJ,boltz,cognate,1735259853,boltz/cognate/ina,False,9.205205917358398,16.688719023921518,16.239547059832056,1.34,2.2223,76.378542137146,/hpc/scratch/sengaad1/paper_af3/experiments/018_block_a_switch_test/018_block_a_switch_test_apj_cognate_boltz/84e1e8084caf/boltz/seed_1735259853/boltz_results_0001/predictions/0001/0001_model_2.cif,APJ__cognate__boltz__seed1735259853__samplenan__eff7f134.cif,SINGLETON_APJ
78,CXCR4,boltz,cognate,695916906,boltz/cognate/ina,False,9.982370376586914,12.50727384387581,17.866949332107595,1.1654,2.2555,78.03894337740812,/hpc/scratch/sengaad1/paper_af3/experiments/018_block_a_switch_test/018_block_a_switch_test_cxcr4_cognate_boltz/db8aeffdc258/boltz/seed_695916906/boltz_results_0000/predictions/0000/0000_model_3.cif,CXCR4__cognate__boltz__seed695916906__samplenan__15ecdb89.cif,CXCR
79,5HT2C,boltz,cognate,1295249635,boltz/cognate/ina,False,11.215272903442383,12.217216766878618,17.188178451784818,0.9184,1.852,69.0891854232055,/hpc/scratch/sengaad1/paper_af3/experiments/018_block_a_switch_test/018_block_a_switch_test_5ht2c_cognate_boltz/e72a39b8104c/boltz/seed_1295249635/boltz_results_0002/predictions/0002/0002_model_1.cif,5HT2C__cognate__boltz__seed1295249635__samplenan__1b2db44c.cif,5HT
80,APJ,boltz,cognate,1568668236,boltz/cognate/ina,False,8.84152603149414,17.321937181522163,16.856464481266524,1.3356,2.2921,76.37165256801404,/hpc/scratch/sengaad1/paper_af3/experiments/018_block_a_switch_test/018_block_a_switch_test_apj_cognate_boltz/84e1e8084caf/boltz/seed_1568668236/boltz_results_0003/predictions/0003/0003_model_4.cif,APJ__cognate__boltz__seed1568668236__samplenan__b77d580e.cif,SINGLETON_APJ
81,APJ,boltz,cognate,1568668236,boltz/cognate/ina,False,8.96958065032959,16.427040045568162,16.401713845565045,1.3534,2.2042,76.80663957093891,/hpc/scratch/sengaad1/paper_af3/experiments/018_block_a_switch_test/018_block_a_switch_test_apj_cognate_boltz/84e1e8084caf/boltz/seed_1568668236/boltz_results_0003/predictions/0003/0003_model_2.cif,APJ__cognate__boltz__seed1568668236__samplenan__bbf975ea.cif,SINGLETON_APJ
82,CXCR4,boltz,cognate,188423388,boltz/cognate/ina,False,9.96152400970459,19.3629364675325,17.39167188808195,1.2535,2.2902,74.90315329486674,/hpc/scratch/sengaad1/paper_af3/experiments/018_block_a_switch_test/018_block_a_switch_test_cxcr4_cognate_boltz/db8aeffdc258/boltz/seed_188423388/boltz_results_0003/predictions/0003/0003_model_4.cif,CXCR4__cognate__boltz__seed188423388__samplenan__86521f03.cif,CXCR
83,APJ,boltz,cognate,417312355,boltz/cognate/ina,False,9.357948303222656,17.054203832313604,16.533091131246447,1.3962,2.2316,77.22103142487376,/hpc/scratch/sengaad1/paper_af3/experiments/018_block_a_switch_test/018_block_a_switch_test_apj_cognate_boltz/84e1e8084caf/boltz/seed_417312355/boltz_results_0004/predictions/0004/0004_model_4.cif,APJ__cognate__boltz__seed417312355__samplenan__3ebc4427.cif,SINGLETON_APJ
84,ACM1,boltz,cognate,766723779,boltz/cognate/ina,False,11.105677604675293,13.025706339143378,16.923847844388106,,,65.23078491376793,/hpc/scratch/sengaad1/paper_af3/experiments/018_block_a_switch_test/018_block_a_switch_test_acm1_cognate_boltz/bb81e15c02a1/boltz/seed_766723779/boltz_results_0001/predictions/0001/0001_model_3.cif,ACM1__cognate__boltz__seed766723779__samplenan__4d5045cc.cif,ACM
85,CXCR4,boltz,cognate,514033620,boltz/cognate/ina,False,10.432031631469727,13.401564305143635,18.14972281120293,1.1909,2.1329,74.86478407274593,/hpc/scratch/sengaad1/paper_af3/experiments/018_block_a_switch_test/018_block_a_switch_test_cxcr4_cognate_boltz/db8aeffdc258/boltz/seed_514033620/boltz_results_0004/predictions/0004/0004_model_4.cif,CXCR4__cognate__boltz__seed514033620__samplenan__26b2db6c.cif,CXCR
86,APJ,boltz,cognate,955547528,boltz/cognate/ina,False,9.18796157836914,17.218861416168025,16.76603654495898,1.3686,2.2292,76.71232392160516,/hpc/scratch/sengaad1/paper_af3/experiments/018_block_a_switch_test/018_block_a_switch_test_apj_cognate_boltz/84e1e8084caf/boltz/seed_955547528/boltz_results_0002/predictions/0002/0002_model_1.cif,APJ__cognate__boltz__seed955547528__samplenan__53edd43f.cif,SINGLETON_APJ
87,5HT2C,boltz,cognate,1295249635,boltz/cognate/ina,False,11.273496627807617,12.150107865648764,16.89456493079357,0.9187,1.7362,70.16900867978558,/hpc/scratch/sengaad1/paper_af3/experiments/018_block_a_switch_test/018_block_a_switch_test_5ht2c_cognate_boltz/e72a39b8104c/boltz/seed_1295249635/boltz_results_0002/predictions/0002/0002_model_0.cif,5HT2C__cognate__boltz__seed1295249635__samplenan__a3669846.cif,5HT
88,CXCR4,boltz,cognate,695916906,boltz/cognate/ina,False,10.229419708251953,13.101638773016148,18.45821613674789,1.228,2.0481,79.17815088142048,/hpc/scratch/sengaad1/paper_af3/experiments/018_block_a_switch_test/018_block_a_switch_test_cxcr4_cognate_boltz/db8aeffdc258/boltz/seed_695916906/boltz_results_0000/predictions/0000/0000_model_0.cif,CXCR4__cognate__boltz__seed695916906__samplenan__ad4f3f5c.cif,CXCR
89,CXCR4,boltz,cognate,1384398578,boltz/cognate/ina,False,10.029752731323242,12.239444211699322,17.770460099586618,1.2067,2.0752,77.12827275016092,/hpc/scratch/sengaad1/paper_af3/experiments/018_block_a_switch_test/018_block_a_switch_test_cxcr4_cognate_boltz/db8aeffdc258/boltz/seed_1384398578/boltz_results_0001/predictions/0001/0001_model_3.cif,CXCR4__cognate__boltz__seed1384398578__samplenan__a73d3409.cif,CXCR
90,5HT2C,boltz,cognate,1761989802,boltz/cognate/ina,False,11.401254653930664,12.084549844814244,16.80663560420407,0.9398,1.7311,69.33739740463324,/hpc/scratch/sengaad1/paper_af3/experiments/018_block_a_switch_test/018_block_a_switch_test_5ht2c_cognate_boltz/e72a39b8104c/boltz/seed_1761989802/boltz_results_0000/predictions/0000/0000_model_3.cif,5HT2C__cognate__boltz__seed1761989802__samplenan__a68ddb0f.cif,5HT
91,5HT2C,boltz,cognate,1025184208,boltz/cognate/ina,False,11.180713653564453,12.171337361054452,17.272266160391347,0.9218,1.7618,67.86308284409702,/hpc/scratch/sengaad1/paper_af3/experiments/018_block_a_switch_test/018_block_a_switch_test_5ht2c_cognate_boltz/e72a39b8104c/boltz/seed_1025184208/boltz_results_0003/predictions/0003/0003_model_3.cif,5HT2C__cognate__boltz__seed1025184208__samplenan__cd28bccb.cif,5HT
92,B1B1U5,boltz,cognate,1300291011,boltz/cognate/ina,False,12.895133018493652,9.768592622921688,17.27791046703854,1.7278,3.1496,84.72188962915892,/hpc/scratch/sengaad1/paper_af3/experiments/018_block_a_switch_test/018_block_a_switch_test_b1b1u5_cognate_boltz/1f494198ced8/boltz/seed_1300291011/boltz_results_0003/predictions/0003/0003_model_4.cif,B1B1U5__cognate__boltz__seed1300291011__samplenan__df3106a0.cif,SINGLETON_B1B1U5
93,5HT2C,boltz,cognate,1295249635,boltz/cognate/ina,False,11.30174732208252,12.500336108957232,16.95050295541109,0.9918,1.8459,68.84350432683287,/hpc/scratch/sengaad1/paper_af3/experiments/018_block_a_switch_test/018_block_a_switch_test_5ht2c_cognate_boltz/e72a39b8104c/boltz/seed_1295249635/boltz_results_0002/predictions/0002/0002_model_4.cif,5HT2C__cognate__boltz__seed1295249635__samplenan__823f3b3b.cif,5HT
94,5HT2C,boltz,cognate,1761989802,boltz/cognate/ina,False,11.406719207763672,12.28736288465918,16.9304190732864,0.9621,1.6925,69.11296061553288,/hpc/scratch/sengaad1/paper_af3/experiments/018_block_a_switch_test/018_block_a_switch_test_5ht2c_cognate_boltz/e72a39b8104c/boltz/seed_1761989802/boltz_results_0000/predictions/0000/0000_model_2.cif,5HT2C__cognate__boltz__seed1761989802__samplenan__18b2cb2a.cif,5HT
95,CXCR4,boltz,cognate,514033620,boltz/cognate/ina,False,10.075617790222168,12.078236501832542,18.122155267685464,1.2071,1.9626,79.31394905935635,/hpc/scratch/sengaad1/paper_af3/experiments/018_block_a_switch_test/018_block_a_switch_test_cxcr4_cognate_boltz/db8aeffdc258/boltz/seed_514033620/boltz_results_0004/predictions/0004/0004_model_2.cif,CXCR4__cognate__boltz__seed514033620__samplenan__002eee38.cif,CXCR
96,LSHR,boltz,cognate,929667805,boltz/cognate/act,True,10.304244041442871,3.864508606213733,18.234056362241507,0.6623,3.2411,83.91970811006166,/hpc/scratch/sengaad1/paper_af3/experiments/018_block_a_switch_test/018_block_a_switch_test_lshr_cognate_boltz/e933ec6f8bb7/boltz/seed_929667805/boltz_results_0002/predictions/0002/0002_model_0.cif,LSHR__cognate__boltz__seed929667805__samplenan__7b9fb717.cif,GLYCOPROTEIN
97,LSHR,boltz,cognate,929667805,boltz/cognate/act,True,10.239005088806152,3.8078568032162137,18.169131184459538,0.6854,3.2615,82.90418874552321,/hpc/scratch/sengaad1/paper_af3/experiments/018_block_a_switch_test/018_block_a_switch_test_lshr_cognate_boltz/e933ec6f8bb7/boltz/seed_929667805/boltz_results_0002/predictions/0002/0002_model_4.cif,LSHR__cognate__boltz__seed929667805__samplenan__c7f65edf.cif,GLYCOPROTEIN
98,AA2AR,boltz,cognate,1790038135,boltz/cognate/act,True,42.88965606689453,4.206605626309651,18.19934156769964,0.6383,2.7054,71.19358500693609,/hpc/scratch/sengaad1/paper_af3/experiments/018_block_a_switch_test/018_block_a_switch_test_aa2ar_cognate_boltz/ab603c61fcf8/boltz/seed_1790038135/boltz_results_0000/predictions/0000/0000_model_4.cif,AA2AR__cognate__boltz__seed1790038135__samplenan__e8bda90b.cif,ADA_adenosine
99,ACM2,boltz,cognate,728700154,boltz/cognate/act,True,10.625177383422852,4.0380363727188,17.492695338529163,1.0392,2.1942,68.05921229170116,/hpc/scratch/sengaad1/paper_af3/experiments/018_block_a_switch_test/018_block_a_switch_test_acm2_cognate_boltz/b3225b0a0709/boltz/seed_728700154/boltz_results_0003/predictions/0003/0003_model_2.cif,ACM2__cognate__boltz__seed728700154__samplenan__ba973056.cif,SINGLETON_ACM2
100,5HT5A,boltz,cognate,1830564872,boltz/cognate/act,True,37.269832611083984,3.348914575515476,18.358491267764897,1.3437,3.0672,77.20459938583588,/hpc/scratch/sengaad1/paper_af3/experiments/018_block_a_switch_test/018_block_a_switch_test_5ht5a_cognate_boltz/80d9a3dde4c3/boltz/seed_1830564872/boltz_results_0003/predictions/0003/0003_model_4.cif,5HT5A__cognate__boltz__seed1830564872__samplenan__7b7f8167.cif,5HT
101,AA1R,boltz,cognate,1699229868,boltz/cognate/act,True,10.736939430236816,4.385478178477234,17.992246476385322,0.73,2.4192,91.57973628833982,/hpc/scratch/sengaad1/paper_af3/experiments/018_block_a_switch_test/018_block_a_switch_test_aa1r_cognate_boltz/251ba24a7c6d/boltz/seed_1699229868/boltz_results_0000/predictions/0000/0000_model_3.cif,AA1R__cognate__boltz__seed1699229868__samplenan__1a6a100f.cif,SINGLETON_AA1R
102,B1B1U5,boltz,cognate,1197375478,boltz/cognate/act,True,12.936059951782227,4.243828013409591,17.19617497567991,1.9273,3.1411,85.65884416846819,/hpc/scratch/sengaad1/paper_af3/experiments/018_block_a_switch_test/018_block_a_switch_test_b1b1u5_cognate_boltz/1f494198ced8/boltz/seed_1197375478/boltz_results_0002/predictions/0002/0002_model_4.cif,B1B1U5__cognate__boltz__seed1197375478__samplenan__6beca41f.cif,SINGLETON_B1B1U5
103,OPRX,boltz,cognate,1500215553,boltz/cognate/act,True,9.015632629394531,4.94428160005071,17.477915525373728,0.8398,2.6606,82.9562647896844,/hpc/scratch/sengaad1/paper_af3/experiments/018_block_a_switch_test/018_block_a_switch_test_oprx_cognate_boltz/9c49bedf5cf6/boltz/seed_1500215553/boltz_results_0001/predictions/0001/0001_model_3.cif,OPRX__cognate__boltz__seed1500215553__samplenan__673bef2e.cif,opioid
104,CNR2,boltz,cognate,1271296654,boltz/cognate/act,True,15.71838092803955,4.174248475126991,16.205909462850272,0.8378,2.1815,81.15640017191569,/hpc/scratch/sengaad1/paper_af3/experiments/018_block_a_switch_test/018_block_a_switch_test_cnr2_cognate_boltz/2b1259a06044/boltz/seed_1271296654/boltz_results_0004/predictions/0004/0004_model_3.cif,CNR2__cognate__boltz__seed1271296654__samplenan__6cf10503.cif,CNR
105,LSHR,boltz,cognate,46802797,boltz/cognate/act,True,10.031760215759277,3.805479982039059,17.837998955967567,0.6888,3.151,83.29905008417002,/hpc/scratch/sengaad1/paper_af3/experiments/018_block_a_switch_test/018_block_a_switch_test_lshr_cognate_boltz/e933ec6f8bb7/boltz/seed_46802797/boltz_results_0004/predictions/0004/0004_model_4.cif,LSHR__cognate__boltz__seed46802797__samplenan__de90fcec.cif,GLYCOPROTEIN
106,NPY1R,boltz,cognate,2097255305,boltz/cognate/act,True,18.17774772644043,3.918752757408919,16.976586058916556,0.8574,1.9621,75.75525254507859,/hpc/scratch/sengaad1/paper_af3/experiments/018_block_a_switch_test/018_block_a_switch_test_npy1r_cognate_boltz/7108dac582ba/boltz/seed_2097255305/boltz_results_0000/predictions/0000/0000_model_4.cif,NPY1R__cognate__boltz__seed2097255305__samplenan__021c8ac7.cif,NPY
107,ADRB1,boltz,cognate,1829208123,boltz/cognate/act,True,40.84663391113281,3.764668251758713,17.886664956866607,,,68.90014668830536,/hpc/scratch/sengaad1/paper_af3/experiments/018_block_a_switch_test/018_block_a_switch_test_adrb1_cognate_boltz/23d8fb90e1b8/boltz/seed_1829208123/boltz_results_0000/predictions/0000/0000_model_1.cif,ADRB1__cognate__boltz__seed1829208123__samplenan__4ea6f5c6.cif,ADR
108,LT4R1,boltz,cognate,1880950787,boltz/cognate/act,True,9.8390474319458,4.85672569381883,17.520880650252714,1.2975,2.8891,83.97117034413598,/hpc/scratch/sengaad1/paper_af3/experiments/018_block_a_switch_test/018_block_a_switch_test_lt4r1_cognate_boltz/334ca5d22472/boltz/seed_1880950787/boltz_results_0003/predictions/0003/0003_model_1.cif,LT4R1__cognate__boltz__seed1880950787__samplenan__2316a51f.cif,SINGLETON_LT4R1
109,5HT1B,boltz,cognate,2059943960,boltz/cognate/act,True,10.730378150939941,4.396759536681532,17.860765445391753,0.7702,1.4628,78.14855877802923,/hpc/scratch/sengaad1/paper_af3/experiments/018_block_a_switch_test/018_block_a_switch_test_5ht1b_cognate_boltz/8dc54de13bc6/boltz/seed_2059943960/boltz_results_0001/predictions/0001/0001_model_0.cif,5HT1B__cognate__boltz__seed2059943960__samplenan__f527a276.cif,5HT
110,LPAR1,boltz,cognate,621814916,boltz/cognate/act,True,20.51503562927246,4.514272931281403,16.95084450975526,0.9883,1.8848,82.23655495276817,/hpc/scratch/sengaad1/paper_af3/experiments/018_block_a_switch_test/018_block_a_switch_test_lpar1_cognate_boltz/a73dbbf8625a/boltz/seed_621814916/boltz_results_0002/predictions/0002/0002_model_4.cif,LPAR1__cognate__boltz__seed621814916__samplenan__575ff031.cif,SINGLETON_LPAR1
111,ACM2,boltz,cognate,1211203322,boltz/cognate/act,True,10.391423225402832,3.9052935757763447,17.28698787297544,1.0999,2.1822,68.35946787887377,/hpc/scratch/sengaad1/paper_af3/experiments/018_block_a_switch_test/018_block_a_switch_test_acm2_cognate_boltz/b3225b0a0709/boltz/seed_1211203322/boltz_results_0004/predictions/0004/0004_model_3.cif,ACM2__cognate__boltz__seed1211203322__samplenan__094e996d.cif,SINGLETON_ACM2
112,OX2R,boltz,cognate,1149749591,boltz/cognate/act,True,10.261466979980469,6.925651429764569,15.95797616714914,,,76.17598870423463,/hpc/scratch/sengaad1/paper_af3/experiments/018_block_a_switch_test/018_block_a_switch_test_ox2r_cognate_boltz/e06366e681f6/boltz/seed_1149749591/boltz_results_0002/predictions/0002/0002_model_1.cif,OX2R__cognate__boltz__seed1149749591__samplenan__2eef4818.cif,SINGLETON_OX2R
113,OX2R,boltz,cognate,1149749591,boltz/cognate/act,True,10.133127212524414,6.325590697642395,15.527701991080328,,,74.34949544958167,/hpc/scratch/sengaad1/paper_af3/experiments/018_block_a_switch_test/018_block_a_switch_test_ox2r_cognate_boltz/e06366e681f6/boltz/seed_1149749591/boltz_results_0002/predictions/0002/0002_model_4.cif,OX2R__cognate__boltz__seed1149749591__samplenan__a52c72a7.cif,SINGLETON_OX2R
114,OPSD,boltz,cognate,752404648,boltz/cognate/act,True,9.974506378173828,4.6208664942952,17.640212437978178,0.4485,2.2774,86.50084201768897,/hpc/scratch/sengaad1/paper_af3/experiments/018_block_a_switch_test/018_block_a_switch_test_opsd_cognate_boltz/8c7bc2650ff9/boltz/seed_752404648/boltz_results_0000/predictions/0000/0000_model_3.cif,OPSD__cognate__boltz__seed752404648__samplenan__4a816b27.cif,OPSIN
115,NPY1R,boltz,cognate,791868447,boltz/cognate/act,True,18.27452850341797,3.9465302430996263,17.28227061668692,0.9185,1.9431,77.6683229257663,/hpc/scratch/sengaad1/paper_af3/experiments/018_block_a_switch_test/018_block_a_switch_test_npy1r_cognate_boltz/7108dac582ba/boltz/seed_791868447/boltz_results_0003/predictions/0003/0003_model_2.cif,NPY1R__cognate__boltz__seed791868447__samplenan__27b77a1e.cif,NPY
116,CNR1,boltz,cognate,1476118039,boltz/cognate/act,True,11.206747055053711,3.83804347867504,17.086060289420146,1.1107,2.6295,69.4659997608702,/hpc/scratch/sengaad1/paper_af3/experiments/018_block_a_switch_test/018_block_a_switch_test_cnr1_cognate_boltz/96b851919b76/boltz/seed_1476118039/boltz_results_0002/predictions/0002/0002_model_1.cif,CNR1__cognate__boltz__seed1476118039__samplenan__e979758b.cif,CNR
117,OPSD,boltz,cognate,1597309450,boltz/cognate/act,True,9.931605339050293,4.40728356431714,17.571938341816477,0.4564,2.3046,86.24725291372715,/hpc/scratch/sengaad1/paper_af3/experiments/018_block_a_switch_test/018_block_a_switch_test_opsd_cognate_boltz/8c7bc2650ff9/boltz/seed_1597309450/boltz_results_0004/predictions/0004/0004_model_3.cif,OPSD__cognate__boltz__seed1597309450__samplenan__ed89633c.cif,OPSIN
118,OPSD,boltz,cognate,752404648,boltz/cognate/act,True,9.820907592773438,4.457536624022286,17.567599801569365,0.3237,2.3991,86.32811787484707,/hpc/scratch/sengaad1/paper_af3/experiments/018_block_a_switch_test/018_block_a_switch_test_opsd_cognate_boltz/8c7bc2650ff9/boltz/seed_752404648/boltz_results_0000/predictions/0000/0000_model_1.cif,OPSD__cognate__boltz__seed752404648__samplenan__010d4946.cif,OPSIN
119,HRH1,boltz,cognate,1228217894,boltz/cognate/act,True,11.05496883392334,3.673965645811077,17.33788081120066,0.7559,2.1182,63.17633256775153,/hpc/scratch/sengaad1/paper_af3/experiments/018_block_a_switch_test/018_block_a_switch_test_hrh1_cognate_boltz/8b490680a601/boltz/seed_1228217894/boltz_results_0001/predictions/0001/0001_model_4.cif,HRH1__cognate__boltz__seed1228217894__samplenan__e4f83ee3.cif,HRH
120,CNR1,boltz,cognate,354770586,boltz/cognate/act,True,11.146539688110352,4.132273103244751,17.04400151271115,1.1862,2.6517,68.05878591941575,/hpc/scratch/sengaad1/paper_af3/experiments/018_block_a_switch_test/018_block_a_switch_test_cnr1_cognate_boltz/96b851919b76/boltz/seed_354770586/boltz_results_0004/predictions/0004/0004_model_4.cif,CNR1__cognate__boltz__seed354770586__samplenan__c0f3039a.cif,CNR
121,5HT5A,boltz,cognate,1286596953,boltz/cognate/act,True,37.31667709350586,3.5441117285294492,18.66954849985398,1.2313,2.6907,76.90580122811454,/hpc/scratch/sengaad1/paper_af3/experiments/018_block_a_switch_test/018_block_a_switch_test_5ht5a_cognate_boltz/80d9a3dde4c3/boltz/seed_1286596953/boltz_results_0000/predictions/0000/0000_model_2.cif,5HT5A__cognate__boltz__seed1286596953__samplenan__ba911755.cif,5HT
122,OX2R,boltz,cognate,579541605,boltz/cognate/act,True,10.29947566986084,6.4528494981597095,15.992264716399614,,,74.37826814307823,/hpc/scratch/sengaad1/paper_af3/experiments/018_block_a_switch_test/018_block_a_switch_test_ox2r_cognate_boltz/e06366e681f6/boltz/seed_579541605/boltz_results_0003/predictions/0003/0003_model_4.cif,OX2R__cognate__boltz__seed579541605__samplenan__cac8fd7a.cif,SINGLETON_OX2R
123,CNR1,boltz,cognate,479752786,boltz/cognate/act,True,11.160024642944336,3.90991341684186,17.19594274639515,1.0838,2.6461,68.23600005295317,/hpc/scratch/sengaad1/paper_af3/experiments/018_block_a_switch_test/018_block_a_switch_test_cnr1_cognate_boltz/96b851919b76/boltz/seed_479752786/boltz_results_0000/predictions/0000/0000_model_3.cif,CNR1__cognate__boltz__seed479752786__samplenan__02739bd6.cif,CNR
124,OX2R,boltz,cognate,1149749591,boltz/cognate/act,True,10.233163833618164,6.610003582949104,15.870982848188705,,,76.0465158599991,/hpc/scratch/sengaad1/paper_af3/experiments/018_block_a_switch_test/018_block_a_switch_test_ox2r_cognate_boltz/e06366e681f6/boltz/seed_1149749591/boltz_results_0002/predictions/0002/0002_model_3.cif,OX2R__cognate__boltz__seed1149749591__samplenan__fbc9a7b1.cif,SINGLETON_OX2R
125,LPAR1,boltz,cognate,412039493,boltz/cognate/act,True,20.684267044067383,4.664828892735509,17.200907953770926,0.9422,1.9369,83.54454950709919,/hpc/scratch/sengaad1/paper_af3/experiments/018_block_a_switch_test/018_block_a_switch_test_lpar1_cognate_boltz/a73dbbf8625a/boltz/seed_412039493/boltz_results_0004/predictions/0004/0004_model_3.cif,LPAR1__cognate__boltz__seed412039493__samplenan__9c48b711.cif,SINGLETON_LPAR1
126,CNR2,boltz,cognate,1271296654,boltz/cognate/act,True,16.330049514770508,4.252398478317854,15.85452762490261,0.8581,2.0929,82.23942794799805,/hpc/scratch/sengaad1/paper_af3/experiments/018_block_a_switch_test/018_block_a_switch_test_cnr2_cognate_boltz/2b1259a06044/boltz/seed_1271296654/boltz_results_0004/predictions/0004/0004_model_2.cif,CNR2__cognate__boltz__seed1271296654__samplenan__119f2107.cif,CNR
127,AA1R,boltz,cognate,628071985,boltz/cognate/act,True,10.690179824829102,4.487604476065152,18.02711472052586,0.8518,2.4542,91.80157972698562,/hpc/scratch/sengaad1/paper_af3/experiments/018_block_a_switch_test/018_block_a_switch_test_aa1r_cognate_boltz/251ba24a7c6d/boltz/seed_628071985/boltz_results_0004/predictions/0004/0004_model_0.cif,AA1R__cognate__boltz__seed628071985__samplenan__dce669f2.cif,SINGLETON_AA1R
128,NPY2R,chai,apo,1868971247,chai/apo/ina,False,11.847021102905273,9.241890174634191,12.19670594873878,2.2409,0.9031,77.71799678179374,/hpc/scratch/sengaad1/paper_af3/experiments/018_block_a_switch_test/018_block_a_switch_test_npy2r_apo_chai/8d544f28b08f/chai/seed_1868971247/pred.model_idx_4.cif,NPY2R__apo__chai__seed1868971247__sample4__8b65b271.cif,NPY
129,APJ,chai,apo,377736644,chai/apo/ina,False,11.15355396270752,9.683460693367842,12.048051502213958,2.4861,1.6374,77.08821591116279,/hpc/scratch/sengaad1/paper_af3/experiments/018_block_a_switch_test/018_block_a_switch_test_apj_apo_chai/03fe24584566/chai/seed_377736644/pred.model_idx_0.cif,APJ__apo__chai__seed377736644__sample0__05507dd3.cif,SINGLETON_APJ
130,FSHR,chai,apo,869262037,chai/apo/ina,False,11.560511589050293,18.740733550210887,11.99962507747638,2.5671,0.776,81.16223764729577,/hpc/scratch/sengaad1/paper_af3/experiments/018_block_a_switch_test/018_block_a_switch_test_fshr_apo_chai/711f5414311e/chai/seed_869262037/pred.model_idx_2.cif,FSHR__apo__chai__seed869262037__sample2__47c7b2aa.cif,GLYCOPROTEIN
131,ACM4,chai,apo,1059941916,chai/apo/ina,False,10.602129936218262,18.63826314332964,12.66111563014887,2.162,0.9899,70.66806766469188,/hpc/scratch/sengaad1/paper_af3/experiments/018_block_a_switch_test/018_block_a_switch_test_acm4_apo_chai/625bc47050b7/chai/seed_1059941916/pred.model_idx_2.cif,ACM4__apo__chai__seed1059941916__sample2__ba740654.cif,ACM
132,LPAR1,chai,apo,988203066,chai/apo/ina,False,12.1244535446167,9.393857993391215,11.501012172848093,2.0943,0.8323,77.49946415199135,/hpc/scratch/sengaad1/paper_af3/experiments/018_block_a_switch_test/018_block_a_switch_test_lpar1_apo_chai/6e030d9abc31/chai/seed_988203066/pred.model_idx_3.cif,LPAR1__apo__chai__seed988203066__sample3__56f0c77a.cif,SINGLETON_LPAR1
133,5HT2C,chai,apo,395131368,chai/apo/ina,False,11.727686882019043,11.39719974379672,13.934886185398144,1.7103,1.182,72.06360414777255,/hpc/scratch/sengaad1/paper_af3/experiments/018_block_a_switch_test/018_block_a_switch_test_5ht2c_apo_chai/bf9b38ae64d4/chai/seed_395131368/pred.model_idx_1.cif,5HT2C__apo__chai__seed395131368__sample1__f6ab7599.cif,5HT
134,NPY2R,chai,apo,1911373383,chai/apo/ina,False,11.845317840576172,9.56722101762053,11.929127964775963,2.2334,0.9915,77.62903879411212,/hpc/scratch/sengaad1/paper_af3/experiments/018_block_a_switch_test/018_block_a_switch_test_npy2r_apo_chai/8d544f28b08f/chai/seed_1911373383/pred.model_idx_2.cif,NPY2R__apo__chai__seed1911373383__sample2__c3f2b6a8.cif,NPY
135,OPRD,chai,apo,667765146,chai/apo/ina,False,11.696362495422363,11.20625053262687,11.692706188047316,2.6185,1.1319,75.48540868795686,/hpc/scratch/sengaad1/paper_af3/experiments/018_block_a_switch_test/018_block_a_switch_test_oprd_apo_chai/fa8677953bc2/chai/seed_667765146/pred.model_idx_3.cif,OPRD__apo__chai__seed667765146__sample3__c8c4e192.cif,opioid
136,LPAR1,chai,apo,464580019,chai/apo/ina,False,12.011968612670898,8.976345525880786,11.131508208684032,2.2798,0.8225,77.66078691599574,/hpc/scratch/sengaad1/paper_af3/experiments/018_block_a_switch_test/018_block_a_switch_test_lpar1_apo_chai/6e030d9abc31/chai/seed_464580019/pred.model_idx_3.cif,LPAR1__apo__chai__seed464580019__sample3__a2742d79.cif,SINGLETON_LPAR1
137,LPAR1,chai,apo,1393865952,chai/apo/ina,False,12.081476211547852,9.284020573006073,11.273433993242698,2.2624,0.7665,77.67410726681776,/hpc/scratch/sengaad1/paper_af3/experiments/018_block_a_switch_test/018_block_a_switch_test_lpar1_apo_chai/6e030d9abc31/chai/seed_1393865952/pred.model_idx_1.cif,LPAR1__apo__chai__seed1393865952__sample1__68311f22.cif,SINGLETON_LPAR1
138,AA1R,chai,apo,2043625013,chai/apo/ina,False,11.99540901184082,9.26797464390144,12.11234981331038,2.3421,1.2046,87.67705569115981,/hpc/scratch/sengaad1/paper_af3/experiments/018_block_a_switch_test/018_block_a_switch_test_aa1r_apo_chai/ce467d21a8b9/chai/seed_2043625013/pred.model_idx_2.cif,AA1R__apo__chai__seed2043625013__sample2__ed379698.cif,SINGLETON_AA1R
139,APJ,chai,apo,1808742961,chai/apo/ina,False,11.228559494018555,11.31178323696136,11.9057536510714,2.4158,1.668,76.78083310698453,/hpc/scratch/sengaad1/paper_af3/experiments/018_block_a_switch_test/018_block_a_switch_test_apj_apo_chai/03fe24584566/chai/seed_1808742961/pred.model_idx_0.cif,APJ__apo__chai__seed1808742961__sample0__f56c0a4b.cif,SINGLETON_APJ
140,ACM4,chai,apo,1467564479,chai/apo/ina,False,9.948490142822266,13.468372581718995,14.61145187857798,1.8487,1.2681,70.86740970316662,/hpc/scratch/sengaad1/paper_af3/experiments/018_block_a_switch_test/018_block_a_switch_test_acm4_apo_chai/625bc47050b7/chai/seed_1467564479/pred.model_idx_1.cif,ACM4__apo__chai__seed1467564479__sample1__40ea30cf.cif,ACM
141,DRD2,chai,apo,6874062,chai/apo/ina,False,12.27837085723877,9.693809467902698,11.881233942650905,2.1455,1.0785,70.59753561632611,/hpc/scratch/sengaad1/paper_af3/experiments/018_block_a_switch_test/018_block_a_switch_test_drd2_apo_chai/f32ae8215cb1/chai/seed_6874062/pred.model_idx_3.cif,DRD2__apo__chai__seed6874062__sample3__b482f9ea.cif,DRD
142,OPRX,chai,apo,1508352289,chai/apo/ina,False,11.813982009887695,11.69446215094991,11.84632377575423,2.697,0.9817,78.97739898696928,/hpc/scratch/sengaad1/paper_af3/experiments/018_block_a_switch_test/018_block_a_switch_test_oprx_apo_chai/5f92492f0dbf/chai/seed_1508352289/pred.model_idx_0.cif,OPRX__apo__chai__seed1508352289__sample0__09042240.cif,opioid
143,DRD3,chai,apo,874159022,chai/apo/ina,False,12.000614166259766,10.367030722439283,11.539153651806531,,,73.50443863776752,/hpc/scratch/sengaad1/paper_af3/experiments/018_block_a_switch_test/018_block_a_switch_test_drd3_apo_chai/9979e9996080/chai/seed_874159022/pred.model_idx_4.cif,DRD3__apo__chai__seed874159022__sample4__f2b6ba64.cif,DRD
144,HRH1,chai,apo,1437156642,chai/apo/ina,False,11.592540740966797,16.159267372006692,13.905637058401892,1.979,0.9242,65.9726990984564,/hpc/scratch/sengaad1/paper_af3/experiments/018_block_a_switch_test/018_block_a_switch_test_hrh1_apo_chai/fd546e25c68a/chai/seed_1437156642/pred.model_idx_0.cif,HRH1__apo__chai__seed1437156642__sample0__f150460e.cif,HRH
145,B1B1U5,chai,apo,359476744,chai/apo/ina,False,11.275982856750488,10.174209846469653,10.899767612201648,2.9629,0.7349,87.90201063260709,/hpc/scratch/sengaad1/paper_af3/experiments/018_block_a_switch_test/018_block_a_switch_test_b1b1u5_apo_chai/4340ce789980/chai/seed_359476744/pred.model_idx_0.cif,B1B1U5__apo__chai__seed359476744__sample0__40dfca04.cif,SINGLETON_B1B1U5
146,5HT5A,chai,apo,1427456321,chai/apo/ina,False,10.864487648010254,13.800692808696231,16.599146664813826,1.545,2.1868,74.63635968282135,/hpc/scratch/sengaad1/paper_af3/experiments/018_block_a_switch_test/018_block_a_switch_test_5ht5a_apo_chai/a539685b9dac/chai/seed_1427456321/pred.model_idx_3.cif,5HT5A__apo__chai__seed1427456321__sample3__3b46ee90.cif,5HT
147,ACM4,chai,apo,649498626,chai/apo/ina,False,10.44260025024414,18.42421762246636,13.268220717187363,2.1404,1.0785,70.46772770971576,/hpc/scratch/sengaad1/paper_af3/experiments/018_block_a_switch_test/018_block_a_switch_test_acm4_apo_chai/625bc47050b7/chai/seed_649498626/pred.model_idx_2.cif,ACM4__apo__chai__seed649498626__sample2__69eb9d37.cif,ACM
148,5HT2C,chai,apo,1840682194,chai/apo/ina,False,12.15363883972168,10.018924143839,13.758822987450635,1.5598,1.1969,71.81506218965474,/hpc/scratch/sengaad1/paper_af3/experiments/018_block_a_switch_test/018_block_a_switch_test_5ht2c_apo_chai/bf9b38ae64d4/chai/seed_1840682194/pred.model_idx_2.cif,5HT2C__apo__chai__seed1840682194__sample2__d1d5a6ea.cif,5HT
149,AA2AR,chai,apo,803904901,chai/apo/ina,False,11.735283851623535,9.546281422627349,12.14456508072644,2.7898,0.3881,77.92862131114393,/hpc/scratch/sengaad1/paper_af3/experiments/018_block_a_switch_test/018_block_a_switch_test_aa2ar_apo_chai/9a3ecf1ca13d/chai/seed_803904901/pred.model_idx_0.cif,AA2AR__apo__chai__seed803904901__sample0__9cbc9bcb.cif,ADA_adenosine
150,5HT1B,chai,apo,1419042019,chai/apo/ina,False,10.36711311340332,13.61258858557034,15.277496424480026,1.4846,1.0,74.7982323146633,/hpc/scratch/sengaad1/paper_af3/experiments/018_block_a_switch_test/018_block_a_switch_test_5ht1b_apo_chai/6c60faf66064/chai/seed_1419042019/pred.model_idx_1.cif,5HT1B__apo__chai__seed1419042019__sample1__6171a0b6.cif,5HT
151,FSHR,chai,apo,1833503047,chai/apo/ina,False,12.021797180175781,6.5809152858853945,13.152555074965472,2.4957,0.9267,80.98626397368058,/hpc/scratch/sengaad1/paper_af3/experiments/018_block_a_switch_test/018_block_a_switch_test_fshr_apo_chai/711f5414311e/chai/seed_1833503047/pred.model_idx_1.cif,FSHR__apo__chai__seed1833503047__sample1__2edb744f.cif,GLYCOPROTEIN
152,OX2R,chai,apo,153447524,chai/apo/ina,False,11.521296501159668,9.80435336980466,12.232301255283078,,,75.99316333477923,/hpc/scratch/sengaad1/paper_af3/experiments/018_block_a_switch_test/018_block_a_switch_test_ox2r_apo_chai/e66591dda386/chai/seed_153447524/pred.model_idx_4.cif,OX2R__apo__chai__seed153447524__sample4__6ad76873.cif,SINGLETON_OX2R
153,OPRK,chai,apo,940190046,chai/apo/ina,False,11.39826488494873,11.025384392391947,12.042158195273805,2.5061,2.3347,75.18266247046947,/hpc/scratch/sengaad1/paper_af3/experiments/018_block_a_switch_test/018_block_a_switch_test_oprk_apo_chai/3615dedb13a5/chai/seed_940190046/pred.model_idx_0.cif,OPRK__apo__chai__seed940190046__sample0__484a9473.cif,opioid
154,ACM2,chai,apo,12574360,chai/apo/ina,False,10.237298965454102,18.915440835465613,14.132780688880729,1.7216,0.8778,70.37174579793766,/hpc/scratch/sengaad1/paper_af3/experiments/018_block_a_switch_test/018_block_a_switch_test_acm2_apo_chai/4a3447dcefae/chai/seed_12574360/pred.model_idx_3.cif,ACM2__apo__chai__seed12574360__sample3__0ba158f4.cif,SINGLETON_ACM2
155,NPY1R,chai,apo,676245695,chai/apo/ina,False,11.379907608032227,8.966277321162892,12.247763306008164,1.829,0.8736,74.50806235217217,/hpc/scratch/sengaad1/paper_af3/experiments/018_block_a_switch_test/018_block_a_switch_test_npy1r_apo_chai/7ab9dda0e6a1/chai/seed_676245695/pred.model_idx_4.cif,NPY1R__apo__chai__seed676245695__sample4__f23a3591.cif,NPY
156,CXCR2,chai,apo,1558882461,chai/apo/ina,False,12.282462120056152,10.458482155647635,12.54939715683586,2.0634,1.3364,74.33435113427863,/hpc/scratch/sengaad1/paper_af3/experiments/018_block_a_switch_test/018_block_a_switch_test_cxcr2_apo_chai/a9a66b6811e0/chai/seed_1558882461/pred.model_idx_2.cif,CXCR2__apo__chai__seed1558882461__sample2__ed2ae587.cif,CXCR
157,B1B1U5,chai,apo,1896566760,chai/apo/ina,False,11.288573265075684,10.298257182649888,10.82689295227398,2.8909,0.6784,87.83064618119795,/hpc/scratch/sengaad1/paper_af3/experiments/018_block_a_switch_test/018_block_a_switch_test_b1b1u5_apo_chai/4340ce789980/chai/seed_1896566760/pred.model_idx_1.cif,B1B1U5__apo__chai__seed1896566760__sample1__06df3e1e.cif,SINGLETON_B1B1U5
158,ACM1,chai,apo,171541934,chai/apo/ina,False,11.069764137268066,18.286344850734935,12.78732165076018,,,71.09139676347252,/hpc/scratch/sengaad1/paper_af3/experiments/018_block_a_switch_test/018_block_a_switch_test_acm1_apo_chai/54c8deba3727/chai/seed_171541934/pred.model_idx_4.cif,ACM1__apo__chai__seed171541934__sample4__04bf6766.cif,ACM
159,ACM1,chai,apo,171541934,chai/apo/ina,False,11.15927791595459,17.67800707093421,12.451667920403276,,,70.66153020196626,/hpc/scratch/sengaad1/paper_af3/experiments/018_block_a_switch_test/018_block_a_switch_test_acm1_apo_chai/54c8deba3727/chai/seed_171541934/pred.model_idx_2.cif,ACM1__apo__chai__seed171541934__sample2__9472712f.cif,ACM
160,MCHR1,chai,apo,409017681,chai/apo/act,True,9.851972579956055,4.106448830802595,17.479753716800477,1.6307,2.2433,68.19324169549068,/hpc/scratch/sengaad1/paper_af3/experiments/018_block_a_switch_test/018_block_a_switch_test_mchr1_apo_chai/f22ec89c7e83/chai/seed_409017681/pred.model_idx_2.cif,MCHR1__apo__chai__seed409017681__sample2__c5643676.cif,SINGLETON_MCHR1
161,FSHR,chai,apo,2139522684,chai/apo/act,True,10.75909423828125,3.2880220498044106,18.82717817411839,1.1714,2.7699,80.97506239755981,/hpc/scratch/sengaad1/paper_af3/experiments/018_block_a_switch_test/018_block_a_switch_test_fshr_apo_chai/711f5414311e/chai/seed_2139522684/pred.model_idx_4.cif,FSHR__apo__chai__seed2139522684__sample4__d82ec0d5.cif,GLYCOPROTEIN
162,ADRB2,chai,apo,1467964833,chai/apo/act,True,10.815585136413574,4.405840782415996,18.335847321572025,1.046,2.2397,73.2435924299162,/hpc/scratch/sengaad1/paper_af3/experiments/018_block_a_switch_test/018_block_a_switch_test_adrb2_apo_chai/da80e1c67b4a/chai/seed_1467964833/pred.model_idx_1.cif,ADRB2__apo__chai__seed1467964833__sample1__9c02642b.cif,ADR
163,OPSD,chai,apo,456940880,chai/apo/act,True,10.315149307250977,4.778932935290053,17.321679999353414,0.6658,2.2037,85.42969503792501,/hpc/scratch/sengaad1/paper_af3/experiments/018_block_a_switch_test/018_block_a_switch_test_opsd_apo_chai/b5a8d46acb04/chai/seed_456940880/pred.model_idx_1.cif,OPSD__apo__chai__seed456940880__sample1__e3210902.cif,OPSIN
164,OPRK,chai,apo,999186159,chai/apo/act,True,10.789380073547363,4.652789485889083,16.568834479226354,1.6598,2.5698,74.85713638536514,/hpc/scratch/sengaad1/paper_af3/experiments/018_block_a_switch_test/018_block_a_switch_test_oprk_apo_chai/3615dedb13a5/chai/seed_999186159/pred.model_idx_0.cif,OPRK__apo__chai__seed999186159__sample0__524ae047.cif,opioid
165,OPSD,chai,apo,617105828,chai/apo/act,True,10.228081703186035,4.565497234694157,17.724742762590378,0.6957,2.2449,85.44365831973299,/hpc/scratch/sengaad1/paper_af3/experiments/018_block_a_switch_test/018_block_a_switch_test_opsd_apo_chai/b5a8d46acb04/chai/seed_617105828/pred.model_idx_0.cif,OPSD__apo__chai__seed617105828__sample0__36b8df2a.cif,OPSIN
166,OPRK,chai,apo,1732832746,chai/apo/act,True,10.38829231262207,4.2908732211520775,16.977253281965254,1.0417,2.2242,75.47632718440711,/hpc/scratch/sengaad1/paper_af3/experiments/018_block_a_switch_test/018_block_a_switch_test_oprk_apo_chai/3615dedb13a5/chai/seed_1732832746/pred.model_idx_2.cif,OPRK__apo__chai__seed1732832746__sample2__d9d01fa2.cif,opioid
167,AGTR1,chai,apo,722816625,chai/apo/act,True,9.958399772644043,4.756329046649317,19.09272547333146,0.5902,2.5347,82.2596699956442,/hpc/scratch/sengaad1/paper_af3/experiments/018_block_a_switch_test/018_block_a_switch_test_agtr1_apo_chai/180bd1ca88e7/chai/seed_722816625/pred.model_idx_1.cif,AGTR1__apo__chai__seed722816625__sample1__6cb40646.cif,SINGLETON_AGTR1
168,MCHR1,chai,apo,2057650429,chai/apo/act,True,9.877103805541992,6.109710385934835,17.218597503861922,1.5448,2.1071,68.3145601746557,/hpc/scratch/sengaad1/paper_af3/experiments/018_block_a_switch_test/018_block_a_switch_test_mchr1_apo_chai/f22ec89c7e83/chai/seed_2057650429/pred.model_idx_0.cif,MCHR1__apo__chai__seed2057650429__sample0__43607ba5.cif,SINGLETON_MCHR1
169,OPRK,chai,apo,1732832746,chai/apo/act,True,10.185981750488281,3.992484189073265,16.842172929880515,1.298,2.2826,75.33162752436479,/hpc/scratch/sengaad1/paper_af3/experiments/018_block_a_switch_test/018_block_a_switch_test_oprk_apo_chai/3615dedb13a5/chai/seed_1732832746/pred.model_idx_3.cif,OPRK__apo__chai__seed1732832746__sample3__9d1c5763.cif,opioid
170,CCKAR,chai,apo,1095878968,chai/apo/act,True,9.723039627075195,3.777976310142773,17.15871574448391,,,71.57576535878404,/hpc/scratch/sengaad1/paper_af3/experiments/018_block_a_switch_test/018_block_a_switch_test_cckar_apo_chai/b8f43a3e7fee/chai/seed_1095878968/pred.model_idx_0.cif,CCKAR__apo__chai__seed1095878968__sample0__8530b148.cif,SINGLETON_CCKAR
171,ADA2A,chai,apo,957233104,chai/apo/act,True,11.064594268798828,3.969650488393153,18.57530591941893,,,65.26271101632909,/hpc/scratch/sengaad1/paper_af3/experiments/018_block_a_switch_test/018_block_a_switch_test_ada2a_apo_chai/66f57ab7bc0b/chai/seed_957233104/pred.model_idx_0.cif,ADA2A__apo__chai__seed957233104__sample0__acd7369e.cif,ADA_a2a
172,CNR1,chai,apo,320676067,chai/apo/act,True,11.39755630493164,3.8362450390974767,16.39568812218627,1.4394,2.45,67.80503787815513,/hpc/scratch/sengaad1/paper_af3/experiments/018_block_a_switch_test/018_block_a_switch_test_cnr1_apo_chai/eaeab06b3dac/chai/seed_320676067/pred.model_idx_2.cif,CNR1__apo__chai__seed320676067__sample2__a2a85a06.cif,CNR
173,ADRB2,chai,apo,2088715045,chai/apo/act,True,10.78183364868164,4.196008698751708,18.413876588051743,1.2635,2.4637,72.97291805426748,/hpc/scratch/sengaad1/paper_af3/experiments/018_block_a_switch_test/018_block_a_switch_test_adrb2_apo_chai/da80e1c67b4a/chai/seed_2088715045/pred.model_idx_0.cif,ADRB2__apo__chai__seed2088715045__sample0__b78fcb3d.cif,ADR
174,CCKAR,chai,apo,1549674737,chai/apo/act,True,9.597338676452637,3.736055406441398,16.68360374739223,,,71.23736334185313,/hpc/scratch/sengaad1/paper_af3/experiments/018_block_a_switch_test/018_block_a_switch_test_cckar_apo_chai/b8f43a3e7fee/chai/seed_1549674737/pred.model_idx_2.cif,CCKAR__apo__chai__seed1549674737__sample2__252322bb.cif,SINGLETON_CCKAR
175,ADA2A,chai,apo,957233104,chai/apo/act,True,10.780848503112793,4.53330265920995,18.642263435538077,,,65.17395591031175,/hpc/scratch/sengaad1/paper_af3/experiments/018_block_a_switch_test/018_block_a_switch_test_ada2a_apo_chai/66f57ab7bc0b/chai/seed_957233104/pred.model_idx_4.cif,ADA2A__apo__chai__seed957233104__sample4__82500898.cif,ADA_a2a
176,CCKAR,chai,apo,1549674737,chai/apo/act,True,9.679601669311523,3.628539237764972,16.99693413530805,,,71.2982073758525,/hpc/scratch/sengaad1/paper_af3/experiments/018_block_a_switch_test/018_block_a_switch_test_cckar_apo_chai/b8f43a3e7fee/chai/seed_1549674737/pred.model_idx_4.cif,CCKAR__apo__chai__seed1549674737__sample4__afc791eb.cif,SINGLETON_CCKAR
177,OPRK,chai,apo,999186159,chai/apo/act,True,10.177284240722656,4.291529447644511,16.609908699327637,1.5067,2.4093,75.08505740682565,/hpc/scratch/sengaad1/paper_af3/experiments/018_block_a_switch_test/018_block_a_switch_test_oprk_apo_chai/3615dedb13a5/chai/seed_999186159/pred.model_idx_2.cif,OPRK__apo__chai__seed999186159__sample2__da62c366.cif,opioid
178,CNR2,chai,apo,1148426395,chai/apo/act,True,11.67644214630127,2.564904871530327,16.081574456501453,1.0205,2.0227,78.74965758539783,/hpc/scratch/sengaad1/paper_af3/experiments/018_block_a_switch_test/018_block_a_switch_test_cnr2_apo_chai/436479a5544e/chai/seed_1148426395/pred.model_idx_3.cif,CNR2__apo__chai__seed1148426395__sample3__7c51278e.cif,CNR
179,5HT5A,chai,apo,1415380962,chai/apo/act,True,10.663765907287598,3.159567850197239,18.5413723602111,1.1969,2.4584,74.65485762960218,/hpc/scratch/sengaad1/paper_af3/experiments/018_block_a_switch_test/018_block_a_switch_test_5ht5a_apo_chai/a539685b9dac/chai/seed_1415380962/pred.model_idx_2.cif,5HT5A__apo__chai__seed1415380962__sample2__b5b42a14.cif,5HT
180,ADRB1,chai,apo,1119678580,chai/apo/act,True,11.113751411437988,4.253234651415321,18.33138221738885,,,70.99691081204234,/hpc/scratch/sengaad1/paper_af3/experiments/018_block_a_switch_test/018_block_a_switch_test_adrb1_apo_chai/68b058d12066/chai/seed_1119678580/pred.model_idx_2.cif,ADRB1__apo__chai__seed1119678580__sample2__ac313c12.cif,ADR
181,ADA2A,chai,apo,1372603860,chai/apo/act,True,10.852066993713379,4.346685288814915,18.53168408429196,,,65.24466362334539,/hpc/scratch/sengaad1/paper_af3/experiments/018_block_a_switch_test/018_block_a_switch_test_ada2a_apo_chai/66f57ab7bc0b/chai/seed_1372603860/pred.model_idx_1.cif,ADA2A__apo__chai__seed1372603860__sample1__3125504e.cif,ADA_a2a
182,ADA2A,chai,apo,738407865,chai/apo/act,True,11.088532447814941,4.596395021638589,18.17512973818894,,,65.30365800489889,/hpc/scratch/sengaad1/paper_af3/experiments/018_block_a_switch_test/018_block_a_switch_test_ada2a_apo_chai/66f57ab7bc0b/chai/seed_738407865/pred.model_idx_0.cif,ADA2A__apo__chai__seed738407865__sample0__96434a7e.cif,ADA_a2a
183,AGTR1,chai,apo,1475865057,chai/apo/act,True,9.94732666015625,4.577928898530426,19.129259473382653,0.4253,2.546,82.02225029872345,/hpc/scratch/sengaad1/paper_af3/experiments/018_block_a_switch_test/018_block_a_switch_test_agtr1_apo_chai/180bd1ca88e7/chai/seed_1475865057/pred.model_idx_0.cif,AGTR1__apo__chai__seed1475865057__sample0__cfa77683.cif,SINGLETON_AGTR1
184,FSHR,chai,apo,1267658280,chai/apo/act,True,10.27939224243164,3.750295055059,17.10936521323921,1.3217,2.0233,81.38776152261602,/hpc/scratch/sengaad1/paper_af3/experiments/018_block_a_switch_test/018_block_a_switch_test_fshr_apo_chai/711f5414311e/chai/seed_1267658280/pred.model_idx_0.cif,FSHR__apo__chai__seed1267658280__sample0__a49e6c31.cif,GLYCOPROTEIN
185,OPSD,chai,apo,456940880,chai/apo/act,True,10.132904052734375,4.658790937571678,17.380270970269713,0.6522,2.1917,85.35282961668285,/hpc/scratch/sengaad1/paper_af3/experiments/018_block_a_switch_test/018_block_a_switch_test_opsd_apo_chai/b5a8d46acb04/chai/seed_456940880/pred.model_idx_4.cif,OPSD__apo__chai__seed456940880__sample4__1a98d48e.cif,OPSIN
186,ADRB2,chai,apo,1142835753,chai/apo/act,True,10.590363502502441,4.418353200005631,18.60350445480636,0.8834,2.262,73.00398472564463,/hpc/scratch/sengaad1/paper_af3/experiments/018_block_a_switch_test/018_block_a_switch_test_adrb2_apo_chai/da80e1c67b4a/chai/seed_1142835753/pred.model_idx_4.cif,ADRB2__apo__chai__seed1142835753__sample4__699f0df3.cif,ADR
187,LSHR,chai,apo,2021090045,chai/apo/act,True,10.373347282409668,4.257218105758738,19.43654087022688,1.3,3.3988,81.75368663025614,/hpc/scratch/sengaad1/paper_af3/experiments/018_block_a_switch_test/018_block_a_switch_test_lshr_apo_chai/d5764b7490c4/chai/seed_2021090045/pred.model_idx_3.cif,LSHR__apo__chai__seed2021090045__sample3__1ecdf7f2.cif,GLYCOPROTEIN
188,ADA2A,chai,apo,1372603860,chai/apo/act,True,11.037012100219727,4.471840896096372,18.548306526472977,,,65.24643276928661,/hpc/scratch/sengaad1/paper_af3/experiments/018_block_a_switch_test/018_block_a_switch_test_ada2a_apo_chai/66f57ab7bc0b/chai/seed_1372603860/pred.model_idx_3.cif,ADA2A__apo__chai__seed1372603860__sample3__474c053f.cif,ADA_a2a
189,LSHR,chai,apo,934193901,chai/apo/act,True,10.128501892089844,3.2646754815754657,18.33632703133318,1.0914,3.3593,81.75362948063224,/hpc/scratch/sengaad1/paper_af3/experiments/018_block_a_switch_test/018_block_a_switch_test_lshr_apo_chai/d5764b7490c4/chai/seed_934193901/pred.model_idx_4.cif,LSHR__apo__chai__seed934193901__sample4__fc119bb6.cif,GLYCOPROTEIN
190,LSHR,chai,apo,863156696,chai/apo/act,True,10.248881340026855,3.334692939387373,18.62110122951916,1.0702,3.3191,81.75756786229381,/hpc/scratch/sengaad1/paper_af3/experiments/018_block_a_switch_test/018_block_a_switch_test_lshr_apo_chai/d5764b7490c4/chai/seed_863156696/pred.model_idx_0.cif,LSHR__apo__chai__seed863156696__sample0__ee11b6d4.cif,GLYCOPROTEIN
191,FSHR,chai,apo,1823924282,chai/apo/act,True,10.781725883483887,3.1560806390204883,17.221877568952813,1.2973,2.0952,81.0306663398143,/hpc/scratch/sengaad1/paper_af3/experiments/018_block_a_switch_test/018_block_a_switch_test_fshr_apo_chai/711f5414311e/chai/seed_1823924282/pred.model_idx_3.cif,FSHR__apo__chai__seed1823924282__sample3__6920f9b3.cif,GLYCOPROTEIN
192,OX2R,chai,cognate,1270521160,chai/cognate/ina,False,10.777145385742188,8.42529506901687,14.904110506836696,,,74.06960457131741,/hpc/scratch/sengaad1/paper_af3/experiments/018_block_a_switch_test/018_block_a_switch_test_ox2r_cognate_chai/36c7d708e7ca/chai/seed_1270521160/pred.model_idx_2.cif,OX2R__cognate__chai__seed1270521160__sample2__5d78a5c0.cif,SINGLETON_OX2R
193,CCR5,chai,cognate,1229972500,chai/cognate/ina,False,9.571197509765625,11.892440666238365,11.97274813900301,2.4804,1.0698,79.53800007998846,/hpc/scratch/sengaad1/paper_af3/experiments/018_block_a_switch_test/018_block_a_switch_test_ccr5_cognate_chai/2e80c4c56447/chai/seed_1229972500/pred.model_idx_0.cif,CCR5__cognate__chai__seed1229972500__sample0__0400a584.cif,SINGLETON_CCR5
194,AA1R,chai,cognate,46377166,chai/cognate/ina,False,11.948904991149902,9.446602246310574,12.50519847903263,2.0956,1.2067,84.80151764327962,/hpc/scratch/sengaad1/paper_af3/experiments/018_block_a_switch_test/018_block_a_switch_test_aa1r_cognate_chai/3581095a53d1/chai/seed_46377166/pred.model_idx_1.cif,AA1R__cognate__chai__seed46377166__sample1__cf84d69b.cif,SINGLETON_AA1R
195,LT4R1,chai,cognate,34608396,chai/cognate/ina,False,11.490379333496094,11.78997171328244,11.084176875167593,2.6831,2.1742,79.42397814142952,/hpc/scratch/sengaad1/paper_af3/experiments/018_block_a_switch_test/018_block_a_switch_test_lt4r1_cognate_chai/2b5b0cb8de82/chai/seed_34608396/pred.model_idx_4.cif,LT4R1__cognate__chai__seed34608396__sample4__faf71143.cif,SINGLETON_LT4R1
196,CCR5,chai,cognate,697430207,chai/cognate/ina,False,9.585991859436035,11.44909524809712,12.372063772871526,2.3654,0.9936,79.23552479475724,/hpc/scratch/sengaad1/paper_af3/experiments/018_block_a_switch_test/018_block_a_switch_test_ccr5_cognate_chai/2e80c4c56447/chai/seed_697430207/pred.model_idx_1.cif,CCR5__cognate__chai__seed697430207__sample1__2d18a6b1.cif,SINGLETON_CCR5
197,LPAR1,chai,cognate,737456990,chai/cognate/ina,False,20.519166946411133,9.34725553304284,11.196492218547736,2.1089,0.9047,75.45205929770434,/hpc/scratch/sengaad1/paper_af3/experiments/018_block_a_switch_test/018_block_a_switch_test_lpar1_cognate_chai/1148b261907e/chai/seed_737456990/pred.model_idx_2.cif,LPAR1__cognate__chai__seed737456990__sample2__cc5ac32d.cif,SINGLETON_LPAR1
198,LPAR1,chai,cognate,1890282587,chai/cognate/ina,False,20.6140079498291,9.369109402712724,11.073115099194084,2.2249,1.0383,75.46129950236774,/hpc/scratch/sengaad1/paper_af3/experiments/018_block_a_switch_test/018_block_a_switch_test_lpar1_cognate_chai/1148b261907e/chai/seed_1890282587/pred.model_idx_3.cif,LPAR1__cognate__chai__seed1890282587__sample3__b969588d.cif,SINGLETON_LPAR1
199,LPAR1,chai,cognate,1890282587,chai/cognate/ina,False,20.80188751220703,9.635724051673542,11.315629412454264,1.8696,1.0855,75.30120237942755,/hpc/scratch/sengaad1/paper_af3/experiments/018_block_a_switch_test/018_block_a_switch_test_lpar1_cognate_chai/1148b261907e/chai/seed_1890282587/pred.model_idx_4.cif,LPAR1__cognate__chai__seed1890282587__sample4__ce7f67ff.cif,SINGLETON_LPAR1
200,CCR5,chai,cognate,1964448270,chai/cognate/ina,False,9.770475387573242,11.82716817332027,12.372981734408246,2.282,1.1499,79.3999856387251,/hpc/scratch/sengaad1/paper_af3/experiments/018_block_a_switch_test/018_block_a_switch_test_ccr5_cognate_chai/2e80c4c56447/chai/seed_1964448270/pred.model_idx_0.cif,CCR5__cognate__chai__seed1964448270__sample0__fa00f3a7.cif,SINGLETON_CCR5
201,AA1R,chai,cognate,752065808,chai/cognate/ina,False,11.94205093383789,9.74384698155713,12.433373677325074,2.089,1.1613,84.64275107212195,/hpc/scratch/sengaad1/paper_af3/experiments/018_block_a_switch_test/018_block_a_switch_test_aa1r_cognate_chai/3581095a53d1/chai/seed_752065808/pred.model_idx_0.cif,AA1R__cognate__chai__seed752065808__sample0__62fb6938.cif,SINGLETON_AA1R
202,B1B1U5,chai,cognate,1990977777,chai/cognate/ina,False,12.905017852783203,9.915751408743564,11.117095933740972,1.9307,1.7022,83.29961019123765,/hpc/scratch/sengaad1/paper_af3/experiments/018_block_a_switch_test/018_block_a_switch_test_b1b1u5_cognate_chai/e1c15e4cacf8/chai/seed_1990977777/pred.model_idx_3.cif,B1B1U5__cognate__chai__seed1990977777__sample3__0069aace.cif,SINGLETON_B1B1U5
203,AA1R,chai,cognate,46377166,chai/cognate/ina,False,11.839913368225098,11.608785983038882,12.85040263960628,1.9458,1.3447,84.52921945442279,/hpc/scratch/sengaad1/paper_af3/experiments/018_block_a_switch_test/018_block_a_switch_test_aa1r_cognate_chai/3581095a53d1/chai/seed_46377166/pred.model_idx_0.cif,AA1R__cognate__chai__seed46377166__sample0__691672ae.cif,SINGLETON_AA1R
204,LPAR1,chai,cognate,1475949396,chai/cognate/ina,False,20.355220794677734,9.625007324672538,11.43983260367039,2.0562,0.9798,75.55661273947445,/hpc/scratch/sengaad1/paper_af3/experiments/018_block_a_switch_test/018_block_a_switch_test_lpar1_cognate_chai/1148b261907e/chai/seed_1475949396/pred.model_idx_3.cif,LPAR1__cognate__chai__seed1475949396__sample3__d565a788.cif,SINGLETON_LPAR1
205,AA1R,chai,cognate,1842660983,chai/cognate/ina,False,11.826262474060059,9.436359149587302,12.34638364056455,2.1103,1.2006,84.61011265464263,/hpc/scratch/sengaad1/paper_af3/experiments/018_block_a_switch_test/018_block_a_switch_test_aa1r_cognate_chai/3581095a53d1/chai/seed_1842660983/pred.model_idx_2.cif,AA1R__cognate__chai__seed1842660983__sample2__5915a86e.cif,SINGLETON_AA1R
206,LPAR1,chai,cognate,712349642,chai/cognate/ina,False,20.55797576904297,9.742376968686852,11.49708563071529,1.958,1.1522,75.44438037606535,/hpc/scratch/sengaad1/paper_af3/experiments/018_block_a_switch_test/018_block_a_switch_test_lpar1_cognate_chai/1148b261907e/chai/seed_712349642/pred.model_idx_2.cif,LPAR1__cognate__chai__seed712349642__sample2__65bd6f6c.cif,SINGLETON_LPAR1
207,B1B1U5,chai,cognate,900270596,chai/cognate/ina,False,12.891436576843262,9.211651100644229,10.95749916723702,2.3308,2.6267,83.48929740478259,/hpc/scratch/sengaad1/paper_af3/experiments/018_block_a_switch_test/018_block_a_switch_test_b1b1u5_cognate_chai/e1c15e4cacf8/chai/seed_900270596/pred.model_idx_2.cif,B1B1U5__cognate__chai__seed900270596__sample2__f563a357.cif,SINGLETON_B1B1U5
208,CCR5,chai,cognate,1964448270,chai/cognate/ina,False,9.549641609191895,11.548111187549244,12.074754697301309,2.5053,1.0688,79.30854966781294,/hpc/scratch/sengaad1/paper_af3/experiments/018_block_a_switch_test/018_block_a_switch_test_ccr5_cognate_chai/2e80c4c56447/chai/seed_1964448270/pred.model_idx_3.cif,CCR5__cognate__chai__seed1964448270__sample3__aee75927.cif,SINGLETON_CCR5
209,LPAR1,chai,cognate,712349642,chai/cognate/ina,False,20.653701782226562,9.327456566503004,11.547113622026936,1.8486,1.1959,75.40270116769562,/hpc/scratch/sengaad1/paper_af3/experiments/018_block_a_switch_test/018_block_a_switch_test_lpar1_cognate_chai/1148b261907e/chai/seed_712349642/pred.model_idx_1.cif,LPAR1__cognate__chai__seed712349642__sample1__a0533e43.cif,SINGLETON_LPAR1
210,OX2R,chai,cognate,1218484671,chai/cognate/ina,False,11.226447105407715,9.633911147607703,12.50252458505881,,,74.2472213166161,/hpc/scratch/sengaad1/paper_af3/experiments/018_block_a_switch_test/018_block_a_switch_test_ox2r_cognate_chai/36c7d708e7ca/chai/seed_1218484671/pred.model_idx_2.cif,OX2R__cognate__chai__seed1218484671__sample2__9a3d4573.cif,SINGLETON_OX2R
211,5HT2C,chai,cognate,1422302300,chai/cognate/ina,False,11.350751876831055,11.654758212850236,17.052596341906412,0.9795,1.874,70.90416383911008,/hpc/scratch/sengaad1/paper_af3/experiments/018_block_a_switch_test/018_block_a_switch_test_5ht2c_cognate_chai/b0335a3d0322/chai/seed_1422302300/pred.model_idx_2.cif,5HT2C__cognate__chai__seed1422302300__sample2__dd1def06.cif,5HT
212,LPAR1,chai,cognate,1890282587,chai/cognate/ina,False,20.379549026489258,9.589801718492412,11.201568104511082,1.9739,1.2892,75.23663353530199,/hpc/scratch/sengaad1/paper_af3/experiments/018_block_a_switch_test/018_block_a_switch_test_lpar1_cognate_chai/1148b261907e/chai/seed_1890282587/pred.model_idx_1.cif,LPAR1__cognate__chai__seed1890282587__sample1__4d718175.cif,SINGLETON_LPAR1
213,OX2R,chai,cognate,260522056,chai/cognate/ina,False,11.220690727233887,8.911792243987739,13.732119537784396,,,74.38294113788534,/hpc/scratch/sengaad1/paper_af3/experiments/018_block_a_switch_test/018_block_a_switch_test_ox2r_cognate_chai/36c7d708e7ca/chai/seed_260522056/pred.model_idx_1.cif,OX2R__cognate__chai__seed260522056__sample1__aecee461.cif,SINGLETON_OX2R
214,CCR5,chai,cognate,697430207,chai/cognate/ina,False,9.647296905517578,11.858467185939338,12.059254910648502,2.4162,1.035,79.5993634450843,/hpc/scratch/sengaad1/paper_af3/experiments/018_block_a_switch_test/018_block_a_switch_test_ccr5_cognate_chai/2e80c4c56447/chai/seed_697430207/pred.model_idx_2.cif,CCR5__cognate__chai__seed697430207__sample2__dad4ef50.cif,SINGLETON_CCR5
215,LT4R1,chai,cognate,34608396,chai/cognate/ina,False,11.300886154174805,11.914783632110153,11.168749616675983,2.6411,2.1422,79.54414694245821,/hpc/scratch/sengaad1/paper_af3/experiments/018_block_a_switch_test/018_block_a_switch_test_lt4r1_cognate_chai/2b5b0cb8de82/chai/seed_34608396/pred.model_idx_3.cif,LT4R1__cognate__chai__seed34608396__sample3__0d4c676e.cif,SINGLETON_LT4R1
216,CCR5,chai,cognate,1229972500,chai/cognate/ina,False,9.56263542175293,11.470554040673012,12.070199708372684,2.3961,1.2051,79.26432007862958,/hpc/scratch/sengaad1/paper_af3/experiments/018_block_a_switch_test/018_block_a_switch_test_ccr5_cognate_chai/2e80c4c56447/chai/seed_1229972500/pred.model_idx_1.cif,CCR5__cognate__chai__seed1229972500__sample1__f3c829b9.cif,SINGLETON_CCR5
217,5HT2C,chai,cognate,1833247309,chai/cognate/ina,False,11.144232749938965,11.38202029518486,17.123123576030164,1.0188,1.824,70.93542961368566,/hpc/scratch/sengaad1/paper_af3/experiments/018_block_a_switch_test/018_block_a_switch_test_5ht2c_cognate_chai/b0335a3d0322/chai/seed_1833247309/pred.model_idx_0.cif,5HT2C__cognate__chai__seed1833247309__sample0__0b621524.cif,5HT
218,CCR5,chai,cognate,1744390457,chai/cognate/ina,False,9.535919189453125,11.816933358532577,12.211349229303044,2.3047,1.1597,79.5708403198965,/hpc/scratch/sengaad1/paper_af3/experiments/018_block_a_switch_test/018_block_a_switch_test_ccr5_cognate_chai/2e80c4c56447/chai/seed_1744390457/pred.model_idx_1.cif,CCR5__cognate__chai__seed1744390457__sample1__f3c2d8f6.cif,SINGLETON_CCR5
219,AA1R,chai,cognate,1842660983,chai/cognate/ina,False,11.904553413391113,12.297027730309466,12.681925011606085,1.9522,1.3383,84.41193632015225,/hpc/scratch/sengaad1/paper_af3/experiments/018_block_a_switch_test/018_block_a_switch_test_aa1r_cognate_chai/3581095a53d1/chai/seed_1842660983/pred.model_idx_3.cif,AA1R__cognate__chai__seed1842660983__sample3__b64d792d.cif,SINGLETON_AA1R
220,AA1R,chai,cognate,1717249721,chai/cognate/ina,False,11.929767608642578,12.336408877789356,12.528115381014016,1.9924,1.3028,84.53492463239914,/hpc/scratch/sengaad1/paper_af3/experiments/018_block_a_switch_test/018_block_a_switch_test_aa1r_cognate_chai/3581095a53d1/chai/seed_1717249721/pred.model_idx_4.cif,AA1R__cognate__chai__seed1717249721__sample4__77bc5643.cif,SINGLETON_AA1R
221,CCR5,chai,cognate,1744390457,chai/cognate/ina,False,9.469979286193848,11.815105289416596,12.002409216486496,2.3081,1.0952,79.53657713481154,/hpc/scratch/sengaad1/paper_af3/experiments/018_block_a_switch_test/018_block_a_switch_test_ccr5_cognate_chai/2e80c4c56447/chai/seed_1744390457/pred.model_idx_3.cif,CCR5__cognate__chai__seed1744390457__sample3__ab80587b.cif,SINGLETON_CCR5
222,LPAR1,chai,cognate,737456990,chai/cognate/ina,False,20.128862380981445,9.3893710651992,11.107974657875303,2.0935,0.8717,75.36452195871784,/hpc/scratch/sengaad1/paper_af3/experiments/018_block_a_switch_test/018_block_a_switch_test_lpar1_cognate_chai/1148b261907e/chai/seed_737456990/pred.model_idx_1.cif,LPAR1__cognate__chai__seed737456990__sample1__d9109483.cif,SINGLETON_LPAR1
223,B1B1U5,chai,cognate,1070638531,chai/cognate/ina,False,12.956212043762207,8.26178915247781,12.861436117323755,2.1243,2.4072,83.16133871708229,/hpc/scratch/sengaad1/paper_af3/experiments/018_block_a_switch_test/018_block_a_switch_test_b1b1u5_cognate_chai/e1c15e4cacf8/chai/seed_1070638531/pred.model_idx_4.cif,B1B1U5__cognate__chai__seed1070638531__sample4__faf96780.cif,SINGLETON_B1B1U5
224,GHSR,chai,cognate,207293747,chai/cognate/act,True,16.003070831298828,6.317181491773051,16.76616751079387,0.9765,2.6036,75.32855191007562,/hpc/scratch/sengaad1/paper_af3/experiments/018_block_a_switch_test/018_block_a_switch_test_ghsr_cognate_chai/0b79359c3564/chai/seed_207293747/pred.model_idx_2.cif,GHSR__cognate__chai__seed207293747__sample2__35529c36.cif,SINGLETON_GHSR
225,CNR1,chai,cognate,1597983454,chai/cognate/act,True,11.490798950195312,3.3750256295323164,17.279750229676353,1.1366,2.7144,70.56542350683115,/hpc/scratch/sengaad1/paper_af3/experiments/018_block_a_switch_test/018_block_a_switch_test_cnr1_cognate_chai/e1701a19b0a6/chai/seed_1597983454/pred.model_idx_0.cif,CNR1__cognate__chai__seed1597983454__sample0__6a4f7d8c.cif,CNR
226,ADRB1,chai,cognate,1014065830,chai/cognate/act,True,39.983985900878906,4.52920898170972,18.03092016509418,,,72.39661882937897,/hpc/scratch/sengaad1/paper_af3/experiments/018_block_a_switch_test/018_block_a_switch_test_adrb1_cognate_chai/848fdef96629/chai/seed_1014065830/pred.model_idx_4.cif,ADRB1__cognate__chai__seed1014065830__sample4__9ef9168a.cif,ADR
227,ADA2A,chai,cognate,149935377,chai/cognate/act,True,10.595876693725586,4.354081992797104,18.947162795521656,,,67.40638698891644,/hpc/scratch/sengaad1/paper_af3/experiments/018_block_a_switch_test/018_block_a_switch_test_ada2a_cognate_chai/b82e366ea180/chai/seed_149935377/pred.model_idx_0.cif,ADA2A__cognate__chai__seed149935377__sample0__a5f5f5bc.cif,ADA_a2a
228,DRD3,chai,cognate,655091548,chai/cognate/act,True,11.04875373840332,4.461291741188868,17.62847026829044,,,72.68879668756395,/hpc/scratch/sengaad1/paper_af3/experiments/018_block_a_switch_test/018_block_a_switch_test_drd3_cognate_chai/d0f8ac40b819/chai/seed_655091548/pred.model_idx_4.cif,DRD3__cognate__chai__seed655091548__sample4__5fce879d.cif,DRD
229,ADRB1,chai,cognate,1796330777,chai/cognate/act,True,39.86813735961914,4.544334824812098,17.927530476895026,,,72.31002750712292,/hpc/scratch/sengaad1/paper_af3/experiments/018_block_a_switch_test/018_block_a_switch_test_adrb1_cognate_chai/848fdef96629/chai/seed_1796330777/pred.model_idx_3.cif,ADRB1__cognate__chai__seed1796330777__sample3__2cc7a5ee.cif,ADR
230,NPY1R,chai,cognate,1416922417,chai/cognate/act,True,18.361499786376953,3.712137524392112,17.086169319072077,0.857,2.1622,75.58940005051961,/hpc/scratch/sengaad1/paper_af3/experiments/018_block_a_switch_test/018_block_a_switch_test_npy1r_cognate_chai/f2e529b9ac89/chai/seed_1416922417/pred.model_idx_4.cif,NPY1R__cognate__chai__seed1416922417__sample4__66794689.cif,NPY
231,ADRB1,chai,cognate,895204269,chai/cognate/act,True,39.87106704711914,4.255582098843824,18.29132917532239,,,72.43430385090433,/hpc/scratch/sengaad1/paper_af3/experiments/018_block_a_switch_test/018_block_a_switch_test_adrb1_cognate_chai/848fdef96629/chai/seed_895204269/pred.model_idx_1.cif,ADRB1__cognate__chai__seed895204269__sample1__b299da92.cif,ADR
232,ACM1,chai,cognate,1792228937,chai/cognate/act,True,10.891651153564453,4.1353443629279525,18.09100409043124,,,68.95943782809492,/hpc/scratch/sengaad1/paper_af3/experiments/018_block_a_switch_test/018_block_a_switch_test_acm1_cognate_chai/59fe810d055d/chai/seed_1792228937/pred.model_idx_4.cif,ACM1__cognate__chai__seed1792228937__sample4__5fac1a47.cif,ACM
233,APJ,chai,cognate,312169317,chai/cognate/act,True,9.051249504089355,4.513283726955352,18.190000494777344,1.4279,2.574,76.3371821621678,/hpc/scratch/sengaad1/paper_af3/experiments/018_block_a_switch_test/018_block_a_switch_test_apj_cognate_chai/a8b93d016a50/chai/seed_312169317/pred.model_idx_3.cif,APJ__cognate__chai__seed312169317__sample3__5901710e.cif,SINGLETON_APJ
234,CXCR2,chai,cognate,1525521916,chai/cognate/act,True,15.149481773376465,4.701757756414084,17.85257776905061,1.1092,2.3317,77.63948896622169,/hpc/scratch/sengaad1/paper_af3/experiments/018_block_a_switch_test/018_block_a_switch_test_cxcr2_cognate_chai/914f5976a304/chai/seed_1525521916/pred.model_idx_1.cif,CXCR2__cognate__chai__seed1525521916__sample1__4fc9cabb.cif,CXCR
235,LSHR,chai,cognate,893396438,chai/cognate/act,True,9.865592002868652,3.8059817393151008,17.778922464536482,0.8838,3.2657,81.4043308791827,/hpc/scratch/sengaad1/paper_af3/experiments/018_block_a_switch_test/018_block_a_switch_test_lshr_cognate_chai/97fa9cb42b6c/chai/seed_893396438/pred.model_idx_2.cif,LSHR__cognate__chai__seed893396438__sample2__0f8503ba.cif,GLYCOPROTEIN
236,CNR2,chai,cognate,610780097,chai/cognate/act,True,16.04663848876953,3.9638678080884593,17.080917217760877,0.7519,2.4513,79.97592248594262,/hpc/scratch/sengaad1/paper_af3/experiments/018_block_a_switch_test/018_block_a_switch_test_cnr2_cognate_chai/89af28139530/chai/seed_610780097/pred.model_idx_2.cif,CNR2__cognate__chai__seed610780097__sample2__962e52b2.cif,CNR
237,CNR2,chai,cognate,653352838,chai/cognate/act,True,15.931961059570312,3.7202487820036985,17.094454861153075,0.815,2.4113,79.79861875921368,/hpc/scratch/sengaad1/paper_af3/experiments/018_block_a_switch_test/018_block_a_switch_test_cnr2_cognate_chai/89af28139530/chai/seed_653352838/pred.model_idx_0.cif,CNR2__cognate__chai__seed653352838__sample0__92ad4f58.cif,CNR
238,DRD2,chai,cognate,1225073443,chai/cognate/act,True,10.907292366027832,3.893828578661366,17.72261749855252,1.2738,2.65,68.7054028029111,/hpc/scratch/sengaad1/paper_af3/experiments/018_block_a_switch_test/018_block_a_switch_test_drd2_cognate_chai/6d6665b725af/chai/seed_1225073443/pred.model_idx_0.cif,DRD2__cognate__chai__seed1225073443__sample0__2d040a35.cif,DRD
239,AGTR1,chai,cognate,651680990,chai/cognate/act,True,9.954215049743652,4.6509672112368206,18.774837282916728,0.7452,2.4033,81.66139185157749,/hpc/scratch/sengaad1/paper_af3/experiments/018_block_a_switch_test/018_block_a_switch_test_agtr1_cognate_chai/d2799cd41941/chai/seed_651680990/pred.model_idx_2.cif,AGTR1__cognate__chai__seed651680990__sample2__d279f532.cif,SINGLETON_AGTR1
240,OPRK,chai,cognate,1402118879,chai/cognate/act,True,18.25295639038086,4.615411899278329,17.075826685698114,1.0809,2.2683,78.24229649465792,/hpc/scratch/sengaad1/paper_af3/experiments/018_block_a_switch_test/018_block_a_switch_test_oprk_cognate_chai/bc51c249f0b8/chai/seed_1402118879/pred.model_idx_1.cif,OPRK__cognate__chai__seed1402118879__sample1__4b4b3b57.cif,opioid
241,5HT5A,chai,cognate,336476351,chai/cognate/act,True,37.188472747802734,3.1460108073558795,18.74589098976093,1.1181,2.6695,75.16912257175545,/hpc/scratch/sengaad1/paper_af3/experiments/018_block_a_switch_test/018_block_a_switch_test_5ht5a_cognate_chai/2d485e84a9e1/chai/seed_336476351/pred.model_idx_2.cif,5HT5A__cognate__chai__seed336476351__sample2__5e324d08.cif,5HT
242,ACM1,chai,cognate,842170216,chai/cognate/act,True,11.087018966674805,3.7552078504391737,17.500699357454263,,,68.99099694623695,/hpc/scratch/sengaad1/paper_af3/experiments/018_block_a_switch_test/018_block_a_switch_test_acm1_cognate_chai/59fe810d055d/chai/seed_842170216/pred.model_idx_2.cif,ACM1__cognate__chai__seed842170216__sample2__60821614.cif,ACM
243,NPY1R,chai,cognate,1416922417,chai/cognate/act,True,18.369638442993164,3.866782124713003,17.314319334007905,0.8634,2.1217,75.46629462426384,/hpc/scratch/sengaad1/paper_af3/experiments/018_block_a_switch_test/018_block_a_switch_test_npy1r_cognate_chai/f2e529b9ac89/chai/seed_1416922417/pred.model_idx_1.cif,NPY1R__cognate__chai__seed1416922417__sample1__6f76cfc8.cif,NPY
244,CXCR4,chai,cognate,773967585,chai/cognate/act,True,9.764742851257324,4.343342146320044,18.105134106103716,0.7909,2.2714,75.38791770114801,/hpc/scratch/sengaad1/paper_af3/experiments/018_block_a_switch_test/018_block_a_switch_test_cxcr4_cognate_chai/0e6c69a6159d/chai/seed_773967585/pred.model_idx_0.cif,CXCR4__cognate__chai__seed773967585__sample0__a17691fa.cif,CXCR
245,LSHR,chai,cognate,1171036886,chai/cognate/act,True,9.953208923339844,3.710312790048839,18.04066101893165,0.8581,3.2859,81.54301686795168,/hpc/scratch/sengaad1/paper_af3/experiments/018_block_a_switch_test/018_block_a_switch_test_lshr_cognate_chai/97fa9cb42b6c/chai/seed_1171036886/pred.model_idx_2.cif,LSHR__cognate__chai__seed1171036886__sample2__2f1ac22a.cif,GLYCOPROTEIN
246,LSHR,chai,cognate,753881596,chai/cognate/act,True,9.986438751220703,3.95642793438728,18.066074808878657,0.8569,3.275,81.6645820054016,/hpc/scratch/sengaad1/paper_af3/experiments/018_block_a_switch_test/018_block_a_switch_test_lshr_cognate_chai/97fa9cb42b6c/chai/seed_753881596/pred.model_idx_3.cif,LSHR__cognate__chai__seed753881596__sample3__0818f082.cif,GLYCOPROTEIN
247,CNR1,chai,cognate,1196341545,chai/cognate/act,True,11.450948715209961,3.602403780810807,17.194341423852208,1.1656,2.7093,70.52943176542402,/hpc/scratch/sengaad1/paper_af3/experiments/018_block_a_switch_test/018_block_a_switch_test_cnr1_cognate_chai/e1701a19b0a6/chai/seed_1196341545/pred.model_idx_0.cif,CNR1__cognate__chai__seed1196341545__sample0__f8ada40d.cif,CNR
248,DRD3,chai,cognate,655091548,chai/cognate/act,True,10.806532859802246,4.506850341424708,17.572955613669542,,,72.7188371156805,/hpc/scratch/sengaad1/paper_af3/experiments/018_block_a_switch_test/018_block_a_switch_test_drd3_cognate_chai/d0f8ac40b819/chai/seed_655091548/pred.model_idx_3.cif,DRD3__cognate__chai__seed655091548__sample3__8b370181.cif,DRD
249,GHSR,chai,cognate,1441544945,chai/cognate/act,True,15.96169662475586,5.940769310451299,16.799184504016853,1.1168,2.4279,74.925494341545,/hpc/scratch/sengaad1/paper_af3/experiments/018_block_a_switch_test/018_block_a_switch_test_ghsr_cognate_chai/0b79359c3564/chai/seed_1441544945/pred.model_idx_1.cif,GHSR__cognate__chai__seed1441544945__sample1__98a207ff.cif,SINGLETON_GHSR
250,OPRK,chai,cognate,1732289898,chai/cognate/act,True,18.45775604248047,4.55740211085219,17.192929506049865,1.3014,2.3584,77.9854425226504,/hpc/scratch/sengaad1/paper_af3/experiments/018_block_a_switch_test/018_block_a_switch_test_oprk_cognate_chai/bc51c249f0b8/chai/seed_1732289898/pred.model_idx_4.cif,OPRK__cognate__chai__seed1732289898__sample4__29a32e80.cif,opioid
251,GHSR,chai,cognate,207293747,chai/cognate/act,True,15.917988777160645,6.688569129492496,16.994428969518218,1.0459,2.4723,75.0473193632432,/hpc/scratch/sengaad1/paper_af3/experiments/018_block_a_switch_test/018_block_a_switch_test_ghsr_cognate_chai/0b79359c3564/chai/seed_207293747/pred.model_idx_1.cif,GHSR__cognate__chai__seed207293747__sample1__1f379a0a.cif,SINGLETON_GHSR
252,ADRB2,chai,cognate,727964833,chai/cognate/act,True,22.834386825561523,4.2338980856888835,18.46060944281093,1.1583,2.3639,74.40378448387789,/hpc/scratch/sengaad1/paper_af3/experiments/018_block_a_switch_test/018_block_a_switch_test_adrb2_cognate_chai/06064ad795c3/chai/seed_727964833/pred.model_idx_0.cif,ADRB2__cognate__chai__seed727964833__sample0__a67a473b.cif,ADR
253,CXCR2,chai,cognate,1571147060,chai/cognate/act,True,15.141546249389648,4.28448561673394,17.702875387913682,1.1024,2.2607,77.64648990418831,/hpc/scratch/sengaad1/paper_af3/experiments/018_block_a_switch_test/018_block_a_switch_test_cxcr2_cognate_chai/914f5976a304/chai/seed_1571147060/pred.model_idx_4.cif,CXCR2__cognate__chai__seed1571147060__sample4__d40069e9.cif,CXCR
254,NPY2R,chai,cognate,583756439,chai/cognate/act,True,8.702912330627441,3.434634478368841,16.390988560791566,1.5347,2.1014,76.71208065984801,/hpc/scratch/sengaad1/paper_af3/experiments/018_block_a_switch_test/018_block_a_switch_test_npy2r_cognate_chai/3a8690e0330d/chai/seed_583756439/pred.model_idx_0.cif,NPY2R__cognate__chai__seed583756439__sample0__a1059270.cif,NPY
255,APJ,chai,cognate,694478578,chai/cognate/act,True,9.018630027770996,4.405772009534763,18.233293120004408,1.4214,2.6151,76.5229706617889,/hpc/scratch/sengaad1/paper_af3/experiments/018_block_a_switch_test/018_block_a_switch_test_apj_cognate_chai/a8b93d016a50/chai/seed_694478578/pred.model_idx_2.cif,APJ__cognate__chai__seed694478578__sample2__2a068f12.cif,SINGLETON_APJ
256,GHSR,of3,apo,938882493,of3/apo/ina,False,10.858654022216797,10.255095633755689,12.71209941498397,2.0564,1.7075,68.49821615578176,/hpc/scratch/sengaad1/paper_af3/experiments/018_block_a_switch_test_of3_rerun_2026_09_02/018_block_a_switch_test_ghsr_apo_of3/44fb859c2e47/of3/seed_938882493/018_block_a_switch_test_ghsr_apo_of3_GHSR_of3_1/seed_545951506/018_block_a_switch_test_ghsr_apo_of3_GHSR_of3_1_seed_545951506_sample_2_model.cif,GHSR__apo__of3__seed938882493__sample2__c347d232.cif,SINGLETON_GHSR
257,FSHR,of3,apo,1885445321,of3/apo/ina,False,12.017513275146484,5.662121217974498,13.29733786440929,2.29,0.8417,77.33660857821921,/hpc/scratch/sengaad1/paper_af3/experiments/018_block_a_switch_test_of3_rerun_2026_09_02/018_block_a_switch_test_fshr_apo_of3/764d6aa3134f/of3/seed_1885445321/018_block_a_switch_test_fshr_apo_of3_FSHR_of3_4/seed_3213976555/018_block_a_switch_test_fshr_apo_of3_FSHR_of3_4_seed_3213976555_sample_5_model.cif,FSHR__apo__of3__seed1885445321__sample5__069f53c8.cif,GLYCOPROTEIN
258,OPRD,of3,apo,677463679,of3/apo/ina,False,11.599989891052246,11.028024276911989,11.911865368869533,2.3717,1.2543,67.23589917939452,/hpc/scratch/sengaad1/paper_af3/experiments/018_block_a_switch_test_of3_rerun_2026_09_02/018_block_a_switch_test_oprd_apo_of3/a32daf7ce840/of3/seed_677463679/018_block_a_switch_test_oprd_apo_of3_OPRD_of3_0/seed_735797969/018_block_a_switch_test_oprd_apo_of3_OPRD_of3_0_seed_735797969_sample_5_model.cif,OPRD__apo__of3__seed677463679__sample5__7a642b88.cif,opioid
259,NPY2R,of3,apo,164543419,of3/apo/ina,False,11.689186096191406,9.869238864762162,11.64376634023328,2.3478,0.9451,69.90296723588385,/hpc/scratch/sengaad1/paper_af3/experiments/018_block_a_switch_test_of3_rerun_2026_09_02/018_block_a_switch_test_npy2r_apo_of3/6b00f6c926c5/of3/seed_164543419/018_block_a_switch_test_npy2r_apo_of3_NPY2R_of3_0/seed_2229521902/018_block_a_switch_test_npy2r_apo_of3_NPY2R_of3_0_seed_2229521902_sample_3_model.cif,NPY2R__apo__of3__seed164543419__sample3__78674090.cif,NPY
260,DRD2,of3,apo,971317958,of3/apo/ina,False,12.436531066894531,10.107307371323852,12.115051733590784,2.2665,1.5669,66.42567808513135,/hpc/scratch/sengaad1/paper_af3/experiments/018_block_a_switch_test_of3_rerun_2026_09_02/018_block_a_switch_test_drd2_apo_of3/8e0022198b42/of3/seed_971317958/018_block_a_switch_test_drd2_apo_of3_DRD2_of3_4/seed_1263976517/018_block_a_switch_test_drd2_apo_of3_DRD2_of3_4_seed_1263976517_sample_2_model.cif,DRD2__apo__of3__seed971317958__sample2__fc3c06be.cif,DRD
261,5HT2C,of3,apo,1914282579,of3/apo/ina,False,11.625981330871582,14.01421453379106,13.437718906068474,1.7421,1.0556,62.920390000058745,/hpc/scratch/sengaad1/paper_af3/experiments/018_block_a_switch_test_of3_rerun_2026_09_02/018_block_a_switch_test_5ht2c_apo_of3/5e42643e85d2/of3/seed_1914282579/018_block_a_switch_test_5ht2c_apo_of3_5HT2C_of3_2/seed_2672558678/018_block_a_switch_test_5ht2c_apo_of3_5HT2C_of3_2_seed_2672558678_sample_4_model.cif,5HT2C__apo__of3__seed1914282579__sample4__33975791.cif,5HT
262,CXCR4,of3,apo,1468457341,of3/apo/ina,False,11.605639457702637,11.265971493619253,13.207374532072292,1.8438,1.4434,68.79788557696878,/hpc/scratch/sengaad1/paper_af3/experiments/018_block_a_switch_test_of3_rerun_2026_09_02/018_block_a_switch_test_cxcr4_apo_of3/58dae09de84d/of3/seed_1468457341/018_block_a_switch_test_cxcr4_apo_of3_CXCR4_of3_0/seed_285828074/018_block_a_switch_test_cxcr4_apo_of3_CXCR4_of3_0_seed_285828074_sample_1_model.cif,CXCR4__apo__of3__seed1468457341__sample1__70c826f7.cif,CXCR
263,CXCR4,of3,apo,1539200107,of3/apo/ina,False,11.60233211517334,11.684636974567482,13.2096040847463,1.8225,1.3603,69.83166209191776,/hpc/scratch/sengaad1/paper_af3/experiments/018_block_a_switch_test_of3_rerun_2026_09_02/018_block_a_switch_test_cxcr4_apo_of3/72d82a3622fc/of3/seed_1539200107/018_block_a_switch_test_cxcr4_apo_of3_CXCR4_of3_4/seed_4174100363/018_block_a_switch_test_cxcr4_apo_of3_CXCR4_of3_4_seed_4174100363_sample_3_model.cif,CXCR4__apo__of3__seed1539200107__sample3__456b9154.cif,CXCR
264,DRD3,of3,apo,1305721167,of3/apo/ina,False,11.91469955444336,10.043317085469395,11.758235728552838,,,67.2604317053467,/hpc/scratch/sengaad1/paper_af3/experiments/018_block_a_switch_test_of3_rerun_2026_09_02/018_block_a_switch_test_drd3_apo_of3/7e1d1d9e9d1b/of3/seed_1305721167/018_block_a_switch_test_drd3_apo_of3_DRD3_of3_0/seed_116804642/018_block_a_switch_test_drd3_apo_of3_DRD3_of3_0_seed_116804642_sample_3_model.cif,DRD3__apo__of3__seed1305721167__sample3__0046c84e.cif,DRD
265,ACM4,of3,apo,1693667434,of3/apo/ina,False,11.329558372497559,11.14595436648117,10.892327484820258,2.6605,1.1575,67.97616437874544,/hpc/scratch/sengaad1/paper_af3/experiments/018_block_a_switch_test_of3_rerun_2026_09_02/018_block_a_switch_test_acm4_apo_of3/f3e05a79feea/of3/seed_1693667434/018_block_a_switch_test_acm4_apo_of3_ACM4_of3_3/seed_3945401008/018_block_a_switch_test_acm4_apo_of3_ACM4_of3_3_seed_3945401008_sample_2_model.cif,ACM4__apo__of3__seed1693667434__sample2__c524240e.cif,ACM
266,DRD3,of3,apo,162023635,of3/apo/ina,False,11.765121459960938,10.101451021143545,12.016059388251664,,,66.88599975571454,/hpc/scratch/sengaad1/paper_af3/experiments/018_block_a_switch_test_of3_rerun_2026_09_02/018_block_a_switch_test_drd3_apo_of3/335f45a0ea76/of3/seed_162023635/018_block_a_switch_test_drd3_apo_of3_DRD3_of3_3/seed_3391273204/018_block_a_switch_test_drd3_apo_of3_DRD3_of3_3_seed_3391273204_sample_3_model.cif,DRD3__apo__of3__seed162023635__sample3__7dbb399a.cif,DRD
267,CNR2,of3,apo,1517290421,of3/apo/ina,False,11.913215637207031,4.101864387385438,14.592844999307818,1.4148,1.7066,74.14678381336294,/hpc/scratch/sengaad1/paper_af3/experiments/018_block_a_switch_test_of3_rerun_2026_09_02/018_block_a_switch_test_cnr2_apo_of3/4374df147977/of3/seed_1517290421/018_block_a_switch_test_cnr2_apo_of3_CNR2_of3_4/seed_888044371/018_block_a_switch_test_cnr2_apo_of3_CNR2_of3_4_seed_888044371_sample_5_model.cif,CNR2__apo__of3__seed1517290421__sample5__bf58cee6.cif,CNR
268,CNR1,of3,apo,120543357,of3/apo/ina,False,12.463349342346191,6.721525244635826,12.174096485808253,1.8894,1.837,63.69006353657766,/hpc/scratch/sengaad1/paper_af3/experiments/018_block_a_switch_test_of3_rerun_2026_09_02/018_block_a_switch_test_cnr1_apo_of3/a2db50fbe3cd/of3/seed_120543357/018_block_a_switch_test_cnr1_apo_of3_CNR1_of3_4/seed_2538524753/018_block_a_switch_test_cnr1_apo_of3_CNR1_of3_4_seed_2538524753_sample_3_model.cif,CNR1__apo__of3__seed120543357__sample3__7fe79798.cif,CNR
269,5HT1B,of3,apo,1651343196,of3/apo/ina,False,11.262823104858398,6.775198119642148,12.9322453289617,2.1533,1.3248,66.5231638683064,/hpc/scratch/sengaad1/paper_af3/experiments/018_block_a_switch_test_of3_rerun_2026_09_02/018_block_a_switch_test_5ht1b_apo_of3/fdd207c85f52/of3/seed_1651343196/018_block_a_switch_test_5ht1b_apo_of3_5HT1B_of3_1/seed_1018423042/018_block_a_switch_test_5ht1b_apo_of3_5HT1B_of3_1_seed_1018423042_sample_5_model.cif,5HT1B__apo__of3__seed1651343196__sample5__e9c94a83.cif,5HT
270,OPRK,of3,apo,2018714130,of3/apo/ina,False,11.612614631652832,11.310304960010823,11.734757443569094,2.5401,2.4459,66.61417492594255,/hpc/scratch/sengaad1/paper_af3/experiments/018_block_a_switch_test_of3_rerun_2026_09_02/018_block_a_switch_test_oprk_apo_of3/3ad2e9625a83/of3/seed_2018714130/018_block_a_switch_test_oprk_apo_of3_OPRK_of3_2/seed_3350311020/018_block_a_switch_test_oprk_apo_of3_OPRK_of3_2_seed_3350311020_sample_2_model.cif,OPRK__apo__of3__seed2018714130__sample2__17cefdaa.cif,opioid
271,LT4R1,of3,apo,1584094837,of3/apo/ina,False,11.008585929870605,11.795280501655622,11.878757858859846,2.48,2.0075,72.3121129886217,/hpc/scratch/sengaad1/paper_af3/experiments/018_block_a_switch_test_of3_rerun_2026_09_02/018_block_a_switch_test_lt4r1_apo_of3/4527f4aff428/of3/seed_1584094837/018_block_a_switch_test_lt4r1_apo_of3_LT4R1_of3_0/seed_3094090887/018_block_a_switch_test_lt4r1_apo_of3_LT4R1_of3_0_seed_3094090887_sample_4_model.cif,LT4R1__apo__of3__seed1584094837__sample4__c1a7a560.cif,SINGLETON_LT4R1
272,ACM2,of3,apo,2100789158,of3/apo/ina,False,11.161917686462402,16.389932947923153,13.164323669990338,1.9207,1.011,64.36572049605311,/hpc/scratch/sengaad1/paper_af3/experiments/018_block_a_switch_test_of3_rerun_2026_09_02/018_block_a_switch_test_acm2_apo_of3/f59349c8dec4/of3/seed_2100789158/018_block_a_switch_test_acm2_apo_of3_ACM2_of3_2/seed_880747403/018_block_a_switch_test_acm2_apo_of3_ACM2_of3_2_seed_880747403_sample_4_model.cif,ACM2__apo__of3__seed2100789158__sample4__9aee5f24.cif,SINGLETON_ACM2
273,GHSR,of3,apo,970345614,of3/apo/ina,False,11.118098258972168,10.808604548954296,12.77031056970752,2.0257,1.8216,67.85471725512089,/hpc/scratch/sengaad1/paper_af3/experiments/018_block_a_switch_test_of3_rerun_2026_09_02/018_block_a_switch_test_ghsr_apo_of3/95fd03e294bc/of3/seed_970345614/018_block_a_switch_test_ghsr_apo_of3_GHSR_of3_0/seed_60031007/018_block_a_switch_test_ghsr_apo_of3_GHSR_of3_0_seed_60031007_sample_1_model.cif,GHSR__apo__of3__seed970345614__sample1__418f117c.cif,SINGLETON_GHSR
274,CCR5,of3,apo,162480554,of3/apo/ina,False,9.139698028564453,9.29630387123392,18.293054985550057,1.7134,1.8159,70.18094521415026,/hpc/scratch/sengaad1/paper_af3/experiments/018_block_a_switch_test_of3_rerun_2026_09_02/018_block_a_switch_test_ccr5_apo_of3/22a74ca07b36/of3/seed_162480554/018_block_a_switch_test_ccr5_apo_of3_CCR5_of3_4/seed_2847161867/018_block_a_switch_test_ccr5_apo_of3_CCR5_of3_4_seed_2847161867_sample_3_model.cif,CCR5__apo__of3__seed162480554__sample3__ac09a2bb.cif,SINGLETON_CCR5
275,ADRB2,of3,apo,808181654,of3/apo/ina,False,11.987787246704102,9.287269349058308,12.51490371860583,2.2016,0.6609,69.22727249583504,/hpc/scratch/sengaad1/paper_af3/experiments/018_block_a_switch_test_of3_rerun_2026_09_02/018_block_a_switch_test_adrb2_apo_of3/5cdb9f3ab973/of3/seed_808181654/018_block_a_switch_test_adrb2_apo_of3_ADRB2_of3_0/seed_2520008179/018_block_a_switch_test_adrb2_apo_of3_ADRB2_of3_0_seed_2520008179_sample_2_model.cif,ADRB2__apo__of3__seed808181654__sample2__6d31b684.cif,ADR
276,CCKAR,of3,apo,539202742,of3/apo/ina,False,11.448381423950195,9.87854243045672,12.237588409998748,,,65.32460365893475,/hpc/scratch/sengaad1/paper_af3/experiments/018_block_a_switch_test_of3_rerun_2026_09_02/018_block_a_switch_test_cckar_apo_of3/39783b706660/of3/seed_539202742/018_block_a_switch_test_cckar_apo_of3_CCKAR_of3_1/seed_4271252438/018_block_a_switch_test_cckar_apo_of3_CCKAR_of3_1_seed_4271252438_sample_2_model.cif,CCKAR__apo__of3__seed539202742__sample2__3c57f500.cif,SINGLETON_CCKAR
277,OPRX,of3,apo,1401191409,of3/apo/ina,False,11.579113960266113,11.126986788250422,11.78042458918124,2.737,0.9075,69.60715717101347,/hpc/scratch/sengaad1/paper_af3/experiments/018_block_a_switch_test_of3_rerun_2026_09_02/018_block_a_switch_test_oprx_apo_of3/b16df690f2e1/of3/seed_1401191409/018_block_a_switch_test_oprx_apo_of3_OPRX_of3_4/seed_1390165492/018_block_a_switch_test_oprx_apo_of3_OPRX_of3_4_seed_1390165492_sample_3_model.cif,OPRX__apo__of3__seed1401191409__sample3__eeaeb9cc.cif,opioid
278,CXCR2,of3,apo,1131999556,of3/apo/ina,False,12.113056182861328,10.30349703352725,11.802271168574626,2.2024,1.2903,69.38191347947846,/hpc/scratch/sengaad1/paper_af3/experiments/018_block_a_switch_test_of3_rerun_2026_09_02/018_block_a_switch_test_cxcr2_apo_of3/84ed4fc892b6/of3/seed_1131999556/018_block_a_switch_test_cxcr2_apo_of3_CXCR2_of3_0/seed_3043067021/018_block_a_switch_test_cxcr2_apo_of3_CXCR2_of3_0_seed_3043067021_sample_5_model.cif,CXCR2__apo__of3__seed1131999556__sample5__d8f0d287.cif,CXCR
279,OPRK,of3,apo,524658810,of3/apo/ina,False,11.540611267089844,11.507852109031557,11.64046636798304,2.6107,2.479,66.71300966001348,/hpc/scratch/sengaad1/paper_af3/experiments/018_block_a_switch_test_of3_rerun_2026_09_02/018_block_a_switch_test_oprk_apo_of3/56615a7c0ad3/of3/seed_524658810/018_block_a_switch_test_oprk_apo_of3_OPRK_of3_1/seed_433769567/018_block_a_switch_test_oprk_apo_of3_OPRK_of3_1_seed_433769567_sample_4_model.cif,OPRK__apo__of3__seed524658810__sample4__93b91db1.cif,opioid
280,MCHR1,of3,apo,1454227589,of3/apo/ina,False,11.072564125061035,9.822775664284334,12.236698939759185,2.2266,1.4874,66.51517804730733,/hpc/scratch/sengaad1/paper_af3/experiments/018_block_a_switch_test_of3_rerun_2026_09_02/018_block_a_switch_test_mchr1_apo_of3/e8b387feba08/of3/seed_1454227589/018_block_a_switch_test_mchr1_apo_of3_MCHR1_of3_0/seed_79339392/018_block_a_switch_test_mchr1_apo_of3_MCHR1_of3_0_seed_79339392_sample_2_model.cif,MCHR1__apo__of3__seed1454227589__sample2__1d64e8e4.cif,SINGLETON_MCHR1
281,FSHR,of3,apo,18248646,of3/apo/ina,False,11.687517166137695,4.898948218128693,13.780751116098896,2.2395,0.8926,76.98862259685917,/hpc/scratch/sengaad1/paper_af3/experiments/018_block_a_switch_test_of3_rerun_2026_09_02/018_block_a_switch_test_fshr_apo_of3/a0a4fdd9e5f4/of3/seed_18248646/018_block_a_switch_test_fshr_apo_of3_FSHR_of3_2/seed_2569428861/018_block_a_switch_test_fshr_apo_of3_FSHR_of3_2_seed_2569428861_sample_4_model.cif,FSHR__apo__of3__seed18248646__sample4__71a98ef4.cif,GLYCOPROTEIN
282,CNR1,of3,apo,574740257,of3/apo/ina,False,11.953492164611816,5.033995047220517,14.71562312438128,1.5521,2.0801,63.999446653483574,/hpc/scratch/sengaad1/paper_af3/experiments/018_block_a_switch_test_of3_rerun_2026_09_02/018_block_a_switch_test_cnr1_apo_of3/074179596cb0/of3/seed_574740257/018_block_a_switch_test_cnr1_apo_of3_CNR1_of3_2/seed_574440239/018_block_a_switch_test_cnr1_apo_of3_CNR1_of3_2_seed_574440239_sample_3_model.cif,CNR1__apo__of3__seed574740257__sample3__85322b8f.cif,CNR
283,OPSD,of3,apo,407182595,of3/apo/ina,False,11.93271255493164,14.535802840325308,12.385238141850184,1.9031,0.8588,77.83585519559037,/hpc/scratch/sengaad1/paper_af3/experiments/018_block_a_switch_test_of3_rerun_2026_09_02/018_block_a_switch_test_opsd_apo_of3/a9a0d83b8170/of3/seed_407182595/018_block_a_switch_test_opsd_apo_of3_OPSD_of3_2/seed_125189299/018_block_a_switch_test_opsd_apo_of3_OPSD_of3_2_seed_125189299_sample_5_model.cif,OPSD__apo__of3__seed407182595__sample5__db539276.cif,OPSIN
284,CCR5,of3,apo,162480554,of3/apo/ina,False,9.242830276489258,9.272540746705031,18.366755288264677,1.7043,1.8788,70.36250762244653,/hpc/scratch/sengaad1/paper_af3/experiments/018_block_a_switch_test_of3_rerun_2026_09_02/018_block_a_switch_test_ccr5_apo_of3/22a74ca07b36/of3/seed_162480554/018_block_a_switch_test_ccr5_apo_of3_CCR5_of3_4/seed_2847161867/018_block_a_switch_test_ccr5_apo_of3_CCR5_of3_4_seed_2847161867_sample_1_model.cif,CCR5__apo__of3__seed162480554__sample1__aa260c9b.cif,SINGLETON_CCR5
285,DRD3,of3,apo,162023635,of3/apo/ina,False,11.971016883850098,10.029594107886544,12.04681216966925,,,66.55534361589505,/hpc/scratch/sengaad1/paper_af3/experiments/018_block_a_switch_test_of3_rerun_2026_09_02/018_block_a_switch_test_drd3_apo_of3/335f45a0ea76/of3/seed_162023635/018_block_a_switch_test_drd3_apo_of3_DRD3_of3_3/seed_3391273204/018_block_a_switch_test_drd3_apo_of3_DRD3_of3_3_seed_3391273204_sample_5_model.cif,DRD3__apo__of3__seed162023635__sample5__3e3b5814.cif,DRD
286,GHSR,of3,apo,782463746,of3/apo/ina,False,10.768412590026855,10.325627426246088,12.901344153953367,1.977,1.7786,68.8099234304526,/hpc/scratch/sengaad1/paper_af3/experiments/018_block_a_switch_test_of3_rerun_2026_09_02/018_block_a_switch_test_ghsr_apo_of3/c6037fff0717/of3/seed_782463746/018_block_a_switch_test_ghsr_apo_of3_GHSR_of3_2/seed_2304233367/018_block_a_switch_test_ghsr_apo_of3_GHSR_of3_2_seed_2304233367_sample_1_model.cif,GHSR__apo__of3__seed782463746__sample1__ea4fb742.cif,SINGLETON_GHSR
287,HRH1,of3,apo,695969787,of3/apo/ina,False,11.550294876098633,15.722512237997012,13.016182206639192,2.1747,0.7704,64.64804314413902,/hpc/scratch/sengaad1/paper_af3/experiments/018_block_a_switch_test_of3_rerun_2026_09_02/018_block_a_switch_test_hrh1_apo_of3/8cc894b44239/of3/seed_695969787/018_block_a_switch_test_hrh1_apo_of3_HRH1_of3_4/seed_502412646/018_block_a_switch_test_hrh1_apo_of3_HRH1_of3_4_seed_502412646_sample_4_model.cif,HRH1__apo__of3__seed695969787__sample4__92f4ebb8.cif,HRH
288,CCR5,of3,apo,434437413,of3/apo/act,True,9.249063491821289,7.543105532512429,18.298678619827857,1.6862,1.795,70.87311917533286,/hpc/scratch/sengaad1/paper_af3/experiments/018_block_a_switch_test_of3_rerun_2026_09_02/018_block_a_switch_test_ccr5_apo_of3/a11682a7d2da/of3/seed_434437413/018_block_a_switch_test_ccr5_apo_of3_CCR5_of3_0/seed_1442723399/018_block_a_switch_test_ccr5_apo_of3_CCR5_of3_0_seed_1442723399_sample_4_model.cif,CCR5__apo__of3__seed434437413__sample4__d1f5436f.cif,SINGLETON_CCR5
289,CNR1,of3,apo,680195329,of3/apo/act,True,12.11338996887207,5.165414137694388,14.97678150047085,1.4406,2.0816,63.837279198460216,/hpc/scratch/sengaad1/paper_af3/experiments/018_block_a_switch_test_of3_rerun_2026_09_02/018_block_a_switch_test_cnr1_apo_of3/38923ca14dbd/of3/seed_680195329/018_block_a_switch_test_cnr1_apo_of3_CNR1_of3_0/seed_1636142045/018_block_a_switch_test_cnr1_apo_of3_CNR1_of3_0_seed_1636142045_sample_5_model.cif,CNR1__apo__of3__seed680195329__sample5__e64d1694.cif,CNR
290,FSHR,of3,apo,1853649386,of3/apo/act,True,10.980195999145508,3.583999442411403,16.23921575543726,1.5339,1.5037,77.19845182953048,/hpc/scratch/sengaad1/paper_af3/experiments/018_block_a_switch_test_of3_rerun_2026_09_02/018_block_a_switch_test_fshr_apo_of3/e8b4698bdcb2/of3/seed_1853649386/018_block_a_switch_test_fshr_apo_of3_FSHR_of3_1/seed_4180789683/018_block_a_switch_test_fshr_apo_of3_FSHR_of3_1_seed_4180789683_sample_3_model.cif,FSHR__apo__of3__seed1853649386__sample3__22ea7024.cif,GLYCOPROTEIN
291,LPAR1,of3,apo,779282123,of3/apo/act,True,11.724102020263672,2.9723563596870832,17.082150325553602,1.3435,2.0436,68.01801517053818,/hpc/scratch/sengaad1/paper_af3/experiments/018_block_a_switch_test_of3_rerun_2026_09_02/018_block_a_switch_test_lpar1_apo_of3/134ef1bfd7d8/of3/seed_779282123/018_block_a_switch_test_lpar1_apo_of3_LPAR1_of3_0/seed_411032402/018_block_a_switch_test_lpar1_apo_of3_LPAR1_of3_0_seed_411032402_sample_3_model.cif,LPAR1__apo__of3__seed779282123__sample3__665c04e1.cif,SINGLETON_LPAR1
292,CCR5,of3,apo,162480554,of3/apo/act,True,9.094847679138184,7.41154288817076,18.450265939277852,1.6431,1.9137,70.24013004905007,/hpc/scratch/sengaad1/paper_af3/experiments/018_block_a_switch_test_of3_rerun_2026_09_02/018_block_a_switch_test_ccr5_apo_of3/22a74ca07b36/of3/seed_162480554/018_block_a_switch_test_ccr5_apo_of3_CCR5_of3_4/seed_2847161867/018_block_a_switch_test_ccr5_apo_of3_CCR5_of3_4_seed_2847161867_sample_2_model.cif,CCR5__apo__of3__seed162480554__sample2__1366eadd.cif,SINGLETON_CCR5
293,5HT1B,of3,apo,1397443385,of3/apo/act,True,10.810153007507324,5.4896262076118125,15.157502246618114,1.5014,0.9917,68.1196433096678,/hpc/scratch/sengaad1/paper_af3/experiments/018_block_a_switch_test_of3_rerun_2026_09_02/018_block_a_switch_test_5ht1b_apo_of3/0ff69df669b9/of3/seed_1397443385/018_block_a_switch_test_5ht1b_apo_of3_5HT1B_of3_2/seed_660067354/018_block_a_switch_test_5ht1b_apo_of3_5HT1B_of3_2_seed_660067354_sample_1_model.cif,5HT1B__apo__of3__seed1397443385__sample1__517dd3b7.cif,5HT
294,NPY1R,of3,apo,889976168,of3/apo/act,True,10.864808082580566,4.044403029733359,16.6832367568488,0.9791,1.7941,67.13689885797744,/hpc/scratch/sengaad1/paper_af3/experiments/018_block_a_switch_test_of3_rerun_2026_09_02/018_block_a_switch_test_npy1r_apo_of3/ea2f810e195d/of3/seed_889976168/018_block_a_switch_test_npy1r_apo_of3_NPY1R_of3_4/seed_1757108731/018_block_a_switch_test_npy1r_apo_of3_NPY1R_of3_4_seed_1757108731_sample_3_model.cif,NPY1R__apo__of3__seed889976168__sample3__f093d577.cif,NPY
295,CNR1,of3,apo,1673069505,of3/apo/act,True,12.018119812011719,4.6214074456631895,15.356736472358609,1.4026,2.1954,64.84999237125083,/hpc/scratch/sengaad1/paper_af3/experiments/018_block_a_switch_test_of3_rerun_2026_09_02/018_block_a_switch_test_cnr1_apo_of3/f59685516162/of3/seed_1673069505/018_block_a_switch_test_cnr1_apo_of3_CNR1_of3_3/seed_2937374056/018_block_a_switch_test_cnr1_apo_of3_CNR1_of3_3_seed_2937374056_sample_1_model.cif,CNR1__apo__of3__seed1673069505__sample1__8cf949b8.cif,CNR
296,LPAR1,of3,apo,473134660,of3/apo/act,True,11.86312198638916,2.448564423960262,17.24722155320041,1.4693,2.1484,68.15050898949278,/hpc/scratch/sengaad1/paper_af3/experiments/018_block_a_switch_test_of3_rerun_2026_09_02/018_block_a_switch_test_lpar1_apo_of3/1769f2935466/of3/seed_473134660/018_block_a_switch_test_lpar1_apo_of3_LPAR1_of3_1/seed_2283943649/018_block_a_switch_test_lpar1_apo_of3_LPAR1_of3_1_seed_2283943649_sample_2_model.cif,LPAR1__apo__of3__seed473134660__sample2__9ac00391.cif,SINGLETON_LPAR1
297,APJ,of3,apo,1931025895,of3/apo/act,True,10.724387168884277,9.044252904098402,17.88530880518744,1.4674,1.9845,68.34635358633317,/hpc/scratch/sengaad1/paper_af3/experiments/018_block_a_switch_test_of3_rerun_2026_09_02/018_block_a_switch_test_apj_apo_of3/c76be8336645/of3/seed_1931025895/018_block_a_switch_test_apj_apo_of3_APJ_of3_3/seed_114000168/018_block_a_switch_test_apj_apo_of3_APJ_of3_3_seed_114000168_sample_1_model.cif,APJ__apo__of3__seed1931025895__sample1__7ac58b3e.cif,SINGLETON_APJ
298,APJ,of3,apo,684694533,of3/apo/act,True,10.811437606811523,8.1766013083247,17.64948895774509,1.2034,2.1908,68.4404007644482,/hpc/scratch/sengaad1/paper_af3/experiments/018_block_a_switch_test_of3_rerun_2026_09_02/018_block_a_switch_test_apj_apo_of3/761714dc787f/of3/seed_684694533/018_block_a_switch_test_apj_apo_of3_APJ_of3_1/seed_2244750170/018_block_a_switch_test_apj_apo_of3_APJ_of3_1_seed_2244750170_sample_3_model.cif,APJ__apo__of3__seed684694533__sample3__1747fd0d.cif,SINGLETON_APJ
299,CXCR2,of3,apo,1131999556,of3/apo/act,True,11.602269172668457,6.629349480372916,15.283050279629576,1.5518,1.3747,68.44611277682517,/hpc/scratch/sengaad1/paper_af3/experiments/018_block_a_switch_test_of3_rerun_2026_09_02/018_block_a_switch_test_cxcr2_apo_of3/84ed4fc892b6/of3/seed_1131999556/018_block_a_switch_test_cxcr2_apo_of3_CXCR2_of3_0/seed_3043067021/018_block_a_switch_test_cxcr2_apo_of3_CXCR2_of3_0_seed_3043067021_sample_1_model.cif,CXCR2__apo__of3__seed1131999556__sample1__c737c327.cif,CXCR
300,5HT1B,of3,apo,491093854,of3/apo/act,True,10.94565200805664,5.066640831174697,14.99128358779782,1.6629,1.0913,67.31519325765083,/hpc/scratch/sengaad1/paper_af3/experiments/018_block_a_switch_test_of3_rerun_2026_09_02/018_block_a_switch_test_5ht1b_apo_of3/6292840a1447/of3/seed_491093854/018_block_a_switch_test_5ht1b_apo_of3_5HT1B_of3_4/seed_2338331640/018_block_a_switch_test_5ht1b_apo_of3_5HT1B_of3_4_seed_2338331640_sample_4_model.cif,5HT1B__apo__of3__seed491093854__sample4__fd7e53b9.cif,5HT
301,APJ,of3,apo,1537557439,of3/apo/act,True,10.817627906799316,8.904989452523983,17.779082615603755,1.4684,1.9892,67.71990071253542,/hpc/scratch/sengaad1/paper_af3/experiments/018_block_a_switch_test_of3_rerun_2026_09_02/018_block_a_switch_test_apj_apo_of3/7dfa4dd4d934/of3/seed_1537557439/018_block_a_switch_test_apj_apo_of3_APJ_of3_4/seed_2804407360/018_block_a_switch_test_apj_apo_of3_APJ_of3_4_seed_2804407360_sample_4_model.cif,APJ__apo__of3__seed1537557439__sample4__ed3ac689.cif,SINGLETON_APJ
302,CNR1,of3,apo,676173236,of3/apo/act,True,11.907339096069336,4.395261579453165,14.96714674077472,1.4304,2.1325,64.54147295189594,/hpc/scratch/sengaad1/paper_af3/experiments/018_block_a_switch_test_of3_rerun_2026_09_02/018_block_a_switch_test_cnr1_apo_of3/9e7e8ddb23e3/of3/seed_676173236/018_block_a_switch_test_cnr1_apo_of3_CNR1_of3_1/seed_3418573767/018_block_a_switch_test_cnr1_apo_of3_CNR1_of3_1_seed_3418573767_sample_4_model.cif,CNR1__apo__of3__seed676173236__sample4__4af0925b.cif,CNR
303,LPAR1,of3,apo,376274726,of3/apo/act,True,11.964447975158691,5.09990550878276,16.77119573147328,1.5289,1.8629,68.50335749452863,/hpc/scratch/sengaad1/paper_af3/experiments/018_block_a_switch_test_of3_rerun_2026_09_02/018_block_a_switch_test_lpar1_apo_of3/e9c245d9d75f/of3/seed_376274726/018_block_a_switch_test_lpar1_apo_of3_LPAR1_of3_3/seed_3643995851/018_block_a_switch_test_lpar1_apo_of3_LPAR1_of3_3_seed_3643995851_sample_3_model.cif,LPAR1__apo__of3__seed376274726__sample3__5736fd49.cif,SINGLETON_LPAR1
304,FSHR,of3,apo,555208783,of3/apo/act,True,11.811302185058594,4.60206328819357,15.103345116039693,1.8196,1.1245,77.08910532791276,/hpc/scratch/sengaad1/paper_af3/experiments/018_block_a_switch_test_of3_rerun_2026_09_02/018_block_a_switch_test_fshr_apo_of3/1505f18a92c6/of3/seed_555208783/018_block_a_switch_test_fshr_apo_of3_FSHR_of3_0/seed_4126262695/018_block_a_switch_test_fshr_apo_of3_FSHR_of3_0_seed_4126262695_sample_3_model.cif,FSHR__apo__of3__seed555208783__sample3__6dd25e16.cif,GLYCOPROTEIN
305,LPAR1,of3,apo,57777756,of3/apo/act,True,12.342791557312012,5.8575435345335665,16.36014598291175,1.5527,1.7715,68.01619486570974,/hpc/scratch/sengaad1/paper_af3/experiments/018_block_a_switch_test_of3_rerun_2026_09_02/018_block_a_switch_test_lpar1_apo_of3/c46cb4ee25fb/of3/seed_57777756/018_block_a_switch_test_lpar1_apo_of3_LPAR1_of3_4/seed_3210220049/018_block_a_switch_test_lpar1_apo_of3_LPAR1_of3_4_seed_3210220049_sample_4_model.cif,LPAR1__apo__of3__seed57777756__sample4__5c8ebfa0.cif,SINGLETON_LPAR1
306,CNR1,of3,apo,120543357,of3/apo/act,True,12.118759155273438,5.121987114683295,15.14670857664277,1.4247,2.1261,64.1459496973426,/hpc/scratch/sengaad1/paper_af3/experiments/018_block_a_switch_test_of3_rerun_2026_09_02/018_block_a_switch_test_cnr1_apo_of3/a2db50fbe3cd/of3/seed_120543357/018_block_a_switch_test_cnr1_apo_of3_CNR1_of3_4/seed_2538524753/018_block_a_switch_test_cnr1_apo_of3_CNR1_of3_4_seed_2538524753_sample_2_model.cif,CNR1__apo__of3__seed120543357__sample2__ef6d7cc2.cif,CNR
307,ACM2,of3,apo,2100789158,of3/apo/act,True,11.022150993347168,7.646651873140686,15.01468484214796,1.5438,1.2344,64.39374475134099,/hpc/scratch/sengaad1/paper_af3/experiments/018_block_a_switch_test_of3_rerun_2026_09_02/018_block_a_switch_test_acm2_apo_of3/f59349c8dec4/of3/seed_2100789158/018_block_a_switch_test_acm2_apo_of3_ACM2_of3_2/seed_880747403/018_block_a_switch_test_acm2_apo_of3_ACM2_of3_2_seed_880747403_sample_5_model.cif,ACM2__apo__of3__seed2100789158__sample5__02f23e27.cif,SINGLETON_ACM2
308,GHSR,of3,apo,782463746,of3/apo/act,True,10.360668182373047,8.1279248588628,16.902367440327453,0.8736,2.6896,68.266003250254,/hpc/scratch/sengaad1/paper_af3/experiments/018_block_a_switch_test_of3_rerun_2026_09_02/018_block_a_switch_test_ghsr_apo_of3/c6037fff0717/of3/seed_782463746/018_block_a_switch_test_ghsr_apo_of3_GHSR_of3_2/seed_2304233367/018_block_a_switch_test_ghsr_apo_of3_GHSR_of3_2_seed_2304233367_sample_5_model.cif,GHSR__apo__of3__seed782463746__sample5__c5e9a478.cif,SINGLETON_GHSR
309,CCKAR,of3,apo,562878252,of3/apo/act,True,10.2659330368042,6.622121314193177,17.011356415891438,,,64.58266334318829,/hpc/scratch/sengaad1/paper_af3/experiments/018_block_a_switch_test_of3_rerun_2026_09_02/018_block_a_switch_test_cckar_apo_of3/0cd109ecd50c/of3/seed_562878252/018_block_a_switch_test_cckar_apo_of3_CCKAR_of3_4/seed_1311171841/018_block_a_switch_test_cckar_apo_of3_CCKAR_of3_4_seed_1311171841_sample_5_model.cif,CCKAR__apo__of3__seed562878252__sample5__40226df7.cif,SINGLETON_CCKAR
310,OPSD,of3,apo,1894699777,of3/apo/act,True,10.685565948486328,6.331413947427887,17.47746564103191,1.0449,1.78,76.7851573184732,/hpc/scratch/sengaad1/paper_af3/experiments/018_block_a_switch_test_of3_rerun_2026_09_02/018_block_a_switch_test_opsd_apo_of3/528f33a0161a/of3/seed_1894699777/018_block_a_switch_test_opsd_apo_of3_OPSD_of3_1/seed_3606812204/018_block_a_switch_test_opsd_apo_of3_OPSD_of3_1_seed_3606812204_sample_1_model.cif,OPSD__apo__of3__seed1894699777__sample1__47610dd4.cif,OPSIN
311,APJ,of3,apo,1537557439,of3/apo/act,True,10.769733428955078,8.016863903749101,17.82341362994716,1.4514,2.0528,67.52964406611174,/hpc/scratch/sengaad1/paper_af3/experiments/018_block_a_switch_test_of3_rerun_2026_09_02/018_block_a_switch_test_apj_apo_of3/7dfa4dd4d934/of3/seed_1537557439/018_block_a_switch_test_apj_apo_of3_APJ_of3_4/seed_2804407360/018_block_a_switch_test_apj_apo_of3_APJ_of3_4_seed_2804407360_sample_3_model.cif,APJ__apo__of3__seed1537557439__sample3__58a4bd39.cif,SINGLETON_APJ
312,CNR1,of3,apo,120543357,of3/apo/act,True,12.003393173217773,5.102165121788275,14.937096891142891,1.4359,2.1089,64.29225646315332,/hpc/scratch/sengaad1/paper_af3/experiments/018_block_a_switch_test_of3_rerun_2026_09_02/018_block_a_switch_test_cnr1_apo_of3/a2db50fbe3cd/of3/seed_120543357/018_block_a_switch_test_cnr1_apo_of3_CNR1_of3_4/seed_2538524753/018_block_a_switch_test_cnr1_apo_of3_CNR1_of3_4_seed_2538524753_sample_1_model.cif,CNR1__apo__of3__seed120543357__sample1__9cce9b07.cif,CNR
313,CCR5,of3,apo,1866178967,of3/apo/act,True,9.23216724395752,8.2065058231781,18.16476745898676,1.736,1.7698,69.56864434896367,/hpc/scratch/sengaad1/paper_af3/experiments/018_block_a_switch_test_of3_rerun_2026_09_02/018_block_a_switch_test_ccr5_apo_of3/ea9d7c664466/of3/seed_1866178967/018_block_a_switch_test_ccr5_apo_of3_CCR5_of3_3/seed_1393990932/018_block_a_switch_test_ccr5_apo_of3_CCR5_of3_3_seed_1393990932_sample_4_model.cif,CCR5__apo__of3__seed1866178967__sample4__95659892.cif,SINGLETON_CCR5
314,CCKAR,of3,apo,933463791,of3/apo/act,True,10.234795570373535,7.04374817226134,16.810317975807173,,,64.90922441024136,/hpc/scratch/sengaad1/paper_af3/experiments/018_block_a_switch_test_of3_rerun_2026_09_02/018_block_a_switch_test_cckar_apo_of3/9a5f268b641b/of3/seed_933463791/018_block_a_switch_test_cckar_apo_of3_CCKAR_of3_2/seed_1925000672/018_block_a_switch_test_cckar_apo_of3_CCKAR_of3_2_seed_1925000672_sample_4_model.cif,CCKAR__apo__of3__seed933463791__sample4__9d4e3930.cif,SINGLETON_CCKAR
315,LPAR1,of3,apo,57777756,of3/apo/act,True,11.57016658782959,5.433602133528374,16.87393531240685,1.4174,1.8294,67.59076342383766,/hpc/scratch/sengaad1/paper_af3/experiments/018_block_a_switch_test_of3_rerun_2026_09_02/018_block_a_switch_test_lpar1_apo_of3/c46cb4ee25fb/of3/seed_57777756/018_block_a_switch_test_lpar1_apo_of3_LPAR1_of3_4/seed_3210220049/018_block_a_switch_test_lpar1_apo_of3_LPAR1_of3_4_seed_3210220049_sample_3_model.cif,LPAR1__apo__of3__seed57777756__sample3__f9205103.cif,SINGLETON_LPAR1
316,CCR5,of3,apo,2097113401,of3/apo/act,True,9.178009033203125,8.792739154199893,18.38824872881064,1.7181,1.7795,70.43056559992458,/hpc/scratch/sengaad1/paper_af3/experiments/018_block_a_switch_test_of3_rerun_2026_09_02/018_block_a_switch_test_ccr5_apo_of3/42ea2dfd1f28/of3/seed_2097113401/018_block_a_switch_test_ccr5_apo_of3_CCR5_of3_1/seed_407646128/018_block_a_switch_test_ccr5_apo_of3_CCR5_of3_1_seed_407646128_sample_1_model.cif,CCR5__apo__of3__seed2097113401__sample1__8ec186f7.cif,SINGLETON_CCR5
317,CNR1,of3,apo,680195329,of3/apo/act,True,11.94101333618164,5.138940282206262,15.319262807678395,1.3786,2.1764,64.60630740935616,/hpc/scratch/sengaad1/paper_af3/experiments/018_block_a_switch_test_of3_rerun_2026_09_02/018_block_a_switch_test_cnr1_apo_of3/38923ca14dbd/of3/seed_680195329/018_block_a_switch_test_cnr1_apo_of3_CNR1_of3_0/seed_1636142045/018_block_a_switch_test_cnr1_apo_of3_CNR1_of3_0_seed_1636142045_sample_1_model.cif,CNR1__apo__of3__seed680195329__sample1__aa268259.cif,CNR
318,CNR1,of3,apo,680195329,of3/apo/act,True,12.016166687011719,4.707800888881061,15.140831946597544,1.4486,2.0967,64.27411588448116,/hpc/scratch/sengaad1/paper_af3/experiments/018_block_a_switch_test_of3_rerun_2026_09_02/018_block_a_switch_test_cnr1_apo_of3/38923ca14dbd/of3/seed_680195329/018_block_a_switch_test_cnr1_apo_of3_CNR1_of3_0/seed_1636142045/018_block_a_switch_test_cnr1_apo_of3_CNR1_of3_0_seed_1636142045_sample_4_model.cif,CNR1__apo__of3__seed680195329__sample4__a939387e.cif,CNR
319,LPAR1,of3,apo,376274726,of3/apo/act,True,11.750565528869629,4.417113514601156,16.897784096833526,1.3138,1.8497,68.5346102477568,/hpc/scratch/sengaad1/paper_af3/experiments/018_block_a_switch_test_of3_rerun_2026_09_02/018_block_a_switch_test_lpar1_apo_of3/e9c245d9d75f/of3/seed_376274726/018_block_a_switch_test_lpar1_apo_of3_LPAR1_of3_3/seed_3643995851/018_block_a_switch_test_lpar1_apo_of3_LPAR1_of3_3_seed_3643995851_sample_5_model.cif,LPAR1__apo__of3__seed376274726__sample5__bd481d55.cif,SINGLETON_LPAR1
320,5HT2C,of3,cognate,1627252381,of3/cognate/ina,False,10.998069763183594,12.476150121854012,17.178667616285015,0.9711,1.9107,67.24793755977424,/hpc/scratch/sengaad1/paper_af3/experiments/018_block_a_switch_test_of3_rerun_2026_09_02/018_block_a_switch_test_5ht2c_cognate_of3/fe673b7822ae/of3/seed_1627252381/018_block_a_switch_test_5ht2c_cognate_of3_5HT2C_of3_0/seed_2154188287/018_block_a_switch_test_5ht2c_cognate_of3_5HT2C_of3_0_seed_2154188287_sample_1_model.cif,5HT2C__cognate__of3__seed1627252381__sample1__364af3fb.cif,5HT
321,ACM1,of3,cognate,1656855719,of3/cognate/ina,False,11.227785110473633,10.452358451766392,17.006530508802324,,,64.74576050224893,/hpc/scratch/sengaad1/paper_af3/experiments/018_block_a_switch_test_of3_rerun_2026_09_02/018_block_a_switch_test_acm1_cognate_of3/7902ee0f4f74/of3/seed_1656855719/018_block_a_switch_test_acm1_cognate_of3_ACM1_of3_3/seed_413498164/018_block_a_switch_test_acm1_cognate_of3_ACM1_of3_3_seed_413498164_sample_3_model.cif,ACM1__cognate__of3__seed1656855719__sample3__43e5f5bb.cif,ACM
322,ADRB1,of3,cognate,633455297,of3/cognate/ina,False,41.06874084472656,9.602910274142632,17.71031449887117,,,68.49141104382262,/hpc/scratch/sengaad1/paper_af3/experiments/018_block_a_switch_test_of3_rerun_2026_09_02/018_block_a_switch_test_adrb1_cognate_of3/1a9006f83f01/of3/seed_633455297/018_block_a_switch_test_adrb1_cognate_of3_ADRB1_of3_3/seed_426026126/018_block_a_switch_test_adrb1_cognate_of3_ADRB1_of3_3_seed_426026126_sample_1_model.cif,ADRB1__cognate__of3__seed633455297__sample1__37de135e.cif,ADR
323,5HT2C,of3,cognate,2110085510,of3/cognate/ina,False,10.942214965820312,12.448978568343056,17.089632740034034,0.9574,1.7318,67.09309602121196,/hpc/scratch/sengaad1/paper_af3/experiments/018_block_a_switch_test_of3_rerun_2026_09_02/018_block_a_switch_test_5ht2c_cognate_of3/38e93b27e3f5/of3/seed_2110085510/018_block_a_switch_test_5ht2c_cognate_of3_5HT2C_of3_4/seed_317860868/018_block_a_switch_test_5ht2c_cognate_of3_5HT2C_of3_4_seed_317860868_sample_1_model.cif,5HT2C__cognate__of3__seed2110085510__sample1__b8b56a29.cif,5HT
324,ACM1,of3,cognate,232395287,of3/cognate/ina,False,11.03294563293457,10.567992046040157,12.145583257419444,,,64.15813079543751,/hpc/scratch/sengaad1/paper_af3/experiments/018_block_a_switch_test_of3_rerun_2026_09_02/018_block_a_switch_test_acm1_cognate_of3/bfeccf4ca24b/of3/seed_232395287/018_block_a_switch_test_acm1_cognate_of3_ACM1_of3_0/seed_3358073994/018_block_a_switch_test_acm1_cognate_of3_ACM1_of3_0_seed_3358073994_sample_4_model.cif,ACM1__cognate__of3__seed232395287__sample4__f3452c32.cif,ACM
325,ACM1,of3,cognate,756359074,of3/cognate/ina,False,11.224586486816406,10.77932638228393,16.70387037248555,,,65.28455661031023,/hpc/scratch/sengaad1/paper_af3/experiments/018_block_a_switch_test_of3_rerun_2026_09_02/018_block_a_switch_test_acm1_cognate_of3/4c976877b42b/of3/seed_756359074/018_block_a_switch_test_acm1_cognate_of3_ACM1_of3_2/seed_1023319623/018_block_a_switch_test_acm1_cognate_of3_ACM1_of3_2_seed_1023319623_sample_3_model.cif,ACM1__cognate__of3__seed756359074__sample3__2580d183.cif,ACM
326,HRH1,of3,cognate,434477105,of3/cognate/ina,False,11.303316116333008,10.738726249200395,18.10250526321651,0.9655,1.9809,63.712461667253834,/hpc/scratch/sengaad1/paper_af3/experiments/018_block_a_switch_test_of3_rerun_2026_09_02/018_block_a_switch_test_hrh1_cognate_of3/52d1485cfcc1/of3/seed_434477105/018_block_a_switch_test_hrh1_cognate_of3_HRH1_of3_1/seed_3395598950/018_block_a_switch_test_hrh1_cognate_of3_HRH1_of3_1_seed_3395598950_sample_4_model.cif,HRH1__cognate__of3__seed434477105__sample4__73b47a5c.cif,HRH
327,LSHR,of3,cognate,544355185,of3/cognate/ina,False,9.995287895202637,12.51054730746038,17.518732083554404,0.9216,2.7455,76.14270886247249,/hpc/scratch/sengaad1/paper_af3/experiments/018_block_a_switch_test_of3_rerun_2026_09_02/018_block_a_switch_test_lshr_cognate_of3/6385fcc287ff/of3/seed_544355185/018_block_a_switch_test_lshr_cognate_of3_LSHR_of3_4/seed_3785547870/018_block_a_switch_test_lshr_cognate_of3_LSHR_of3_4_seed_3785547870_sample_3_model.cif,LSHR__cognate__of3__seed544355185__sample3__f6f53f24.cif,GLYCOPROTEIN
328,ACM1,of3,cognate,306658007,of3/cognate/ina,False,11.140939712524414,9.978929130717685,15.376200833889564,,,64.868206579782,/hpc/scratch/sengaad1/paper_af3/experiments/018_block_a_switch_test_of3_rerun_2026_09_02/018_block_a_switch_test_acm1_cognate_of3/13f3d009b703/of3/seed_306658007/018_block_a_switch_test_acm1_cognate_of3_ACM1_of3_1/seed_992715984/018_block_a_switch_test_acm1_cognate_of3_ACM1_of3_1_seed_992715984_sample_5_model.cif,ACM1__cognate__of3__seed306658007__sample5__f3be5485.cif,ACM
329,LT4R1,of3,cognate,697978624,of3/cognate/ina,False,10.173705101013184,10.87536594884117,18.386088326756894,2.6302,2.4298,71.4237499118381,/hpc/scratch/sengaad1/paper_af3/experiments/018_block_a_switch_test_of3_rerun_2026_09_02/018_block_a_switch_test_lt4r1_cognate_of3/40a6e5c73149/of3/seed_697978624/018_block_a_switch_test_lt4r1_cognate_of3_LT4R1_of3_0/seed_111363695/018_block_a_switch_test_lt4r1_cognate_of3_LT4R1_of3_0_seed_111363695_sample_5_model.cif,LT4R1__cognate__of3__seed697978624__sample5__4086de92.cif,SINGLETON_LT4R1
330,HRH1,of3,cognate,153081108,of3/cognate/ina,False,11.423095703125,10.948660985107209,17.308568016873977,0.9634,1.8318,63.50326917909465,/hpc/scratch/sengaad1/paper_af3/experiments/018_block_a_switch_test_of3_rerun_2026_09_02/018_block_a_switch_test_hrh1_cognate_of3/7cadbe504e09/of3/seed_153081108/018_block_a_switch_test_hrh1_cognate_of3_HRH1_of3_2/seed_195570730/018_block_a_switch_test_hrh1_cognate_of3_HRH1_of3_2_seed_195570730_sample_3_model.cif,HRH1__cognate__of3__seed153081108__sample3__4fb3bad7.cif,HRH
331,5HT2C,of3,cognate,1478127501,of3/cognate/ina,False,11.090835571289062,12.500965090699664,17.10147942799579,0.9511,1.8226,67.32518020647298,/hpc/scratch/sengaad1/paper_af3/experiments/018_block_a_switch_test_of3_rerun_2026_09_02/018_block_a_switch_test_5ht2c_cognate_of3/9cd6af412804/of3/seed_1478127501/018_block_a_switch_test_5ht2c_cognate_of3_5HT2C_of3_3/seed_849829484/018_block_a_switch_test_5ht2c_cognate_of3_5HT2C_of3_3_seed_849829484_sample_3_model.cif,5HT2C__cognate__of3__seed1478127501__sample3__32a5f048.cif,5HT
332,ADA2A,of3,cognate,581011760,of3/cognate/ina,False,10.559922218322754,9.329080246687251,19.30035605927971,,,62.12813214641899,/hpc/scratch/sengaad1/paper_af3/experiments/018_block_a_switch_test_of3_rerun_2026_09_02/018_block_a_switch_test_ada2a_cognate_of3/8d6431c2ca36/of3/seed_581011760/018_block_a_switch_test_ada2a_cognate_of3_ADA2A_of3_0/seed_3642437836/018_block_a_switch_test_ada2a_cognate_of3_ADA2A_of3_0_seed_3642437836_sample_4_model.cif,ADA2A__cognate__of3__seed581011760__sample4__ce2db9c5.cif,ADA_a2a
333,ACM1,of3,cognate,232395287,of3/cognate/ina,False,11.119749069213867,9.790045196613905,15.341406084417278,,,66.21890908241153,/hpc/scratch/sengaad1/paper_af3/experiments/018_block_a_switch_test_of3_rerun_2026_09_02/018_block_a_switch_test_acm1_cognate_of3/bfeccf4ca24b/of3/seed_232395287/018_block_a_switch_test_acm1_cognate_of3_ACM1_of3_0/seed_3358073994/018_block_a_switch_test_acm1_cognate_of3_ACM1_of3_0_seed_3358073994_sample_3_model.cif,ACM1__cognate__of3__seed232395287__sample3__ebc28a80.cif,ACM
334,HRH1,of3,cognate,1140741895,of3/cognate/ina,False,11.452338218688965,15.734432751820597,12.709853783860607,1.4686,1.3592,64.43187292056294,/hpc/scratch/sengaad1/paper_af3/experiments/018_block_a_switch_test_of3_rerun_2026_09_02/018_block_a_switch_test_hrh1_cognate_of3/2335bebed85c/of3/seed_1140741895/018_block_a_switch_test_hrh1_cognate_of3_HRH1_of3_0/seed_421324891/018_block_a_switch_test_hrh1_cognate_of3_HRH1_of3_0_seed_421324891_sample_4_model.cif,HRH1__cognate__of3__seed1140741895__sample4__8f9ff012.cif,HRH
335,5HT2C,of3,cognate,1627252381,of3/cognate/ina,False,11.04034423828125,12.527372141995462,17.140813469358292,0.9499,1.9137,67.7832286967179,/hpc/scratch/sengaad1/paper_af3/experiments/018_block_a_switch_test_of3_rerun_2026_09_02/018_block_a_switch_test_5ht2c_cognate_of3/fe673b7822ae/of3/seed_1627252381/018_block_a_switch_test_5ht2c_cognate_of3_5HT2C_of3_0/seed_2154188287/018_block_a_switch_test_5ht2c_cognate_of3_5HT2C_of3_0_seed_2154188287_sample_3_model.cif,5HT2C__cognate__of3__seed1627252381__sample3__52988f44.cif,5HT
336,5HT2C,of3,cognate,1627252381,of3/cognate/ina,False,11.044204711914062,12.73442330845257,17.329521322868615,0.9337,1.9146,67.53506406219756,/hpc/scratch/sengaad1/paper_af3/experiments/018_block_a_switch_test_of3_rerun_2026_09_02/018_block_a_switch_test_5ht2c_cognate_of3/fe673b7822ae/of3/seed_1627252381/018_block_a_switch_test_5ht2c_cognate_of3_5HT2C_of3_0/seed_2154188287/018_block_a_switch_test_5ht2c_cognate_of3_5HT2C_of3_0_seed_2154188287_sample_5_model.cif,5HT2C__cognate__of3__seed1627252381__sample5__c3a197a5.cif,5HT
337,LT4R1,of3,cognate,788254039,of3/cognate/ina,False,10.008875846862793,10.062672176004307,17.827236124986676,2.069,2.335,73.78831869593547,/hpc/scratch/sengaad1/paper_af3/experiments/018_block_a_switch_test_of3_rerun_2026_09_02/018_block_a_switch_test_lt4r1_cognate_of3/a410bf5b6d64/of3/seed_788254039/018_block_a_switch_test_lt4r1_cognate_of3_LT4R1_of3_2/seed_1258261403/018_block_a_switch_test_lt4r1_cognate_of3_LT4R1_of3_2_seed_1258261403_sample_4_model.cif,LT4R1__cognate__of3__seed788254039__sample4__e498950d.cif,SINGLETON_LT4R1
338,ACM1,of3,cognate,480790642,of3/cognate/ina,False,11.034931182861328,11.188097968926908,16.965223818229138,,,64.55286814506698,/hpc/scratch/sengaad1/paper_af3/experiments/018_block_a_switch_test_of3_rerun_2026_09_02/018_block_a_switch_test_acm1_cognate_of3/b4b46fc8b137/of3/seed_480790642/018_block_a_switch_test_acm1_cognate_of3_ACM1_of3_4/seed_1042262574/018_block_a_switch_test_acm1_cognate_of3_ACM1_of3_4_seed_1042262574_sample_3_model.cif,ACM1__cognate__of3__seed480790642__sample3__969f5ef3.cif,ACM
339,ADRB1,of3,cognate,633455297,of3/cognate/ina,False,40.5728759765625,10.007469242671936,17.926006510862436,,,69.32412733193608,/hpc/scratch/sengaad1/paper_af3/experiments/018_block_a_switch_test_of3_rerun_2026_09_02/018_block_a_switch_test_adrb1_cognate_of3/1a9006f83f01/of3/seed_633455297/018_block_a_switch_test_adrb1_cognate_of3_ADRB1_of3_3/seed_426026126/018_block_a_switch_test_adrb1_cognate_of3_ADRB1_of3_3_seed_426026126_sample_5_model.cif,ADRB1__cognate__of3__seed633455297__sample5__61a95b26.cif,ADR
340,LT4R1,of3,cognate,788254039,of3/cognate/ina,False,10.080163955688477,10.133062011936731,18.26984386943066,2.078,2.3764,74.01636798213637,/hpc/scratch/sengaad1/paper_af3/experiments/018_block_a_switch_test_of3_rerun_2026_09_02/018_block_a_switch_test_lt4r1_cognate_of3/a410bf5b6d64/of3/seed_788254039/018_block_a_switch_test_lt4r1_cognate_of3_LT4R1_of3_2/seed_1258261403/018_block_a_switch_test_lt4r1_cognate_of3_LT4R1_of3_2_seed_1258261403_sample_2_model.cif,LT4R1__cognate__of3__seed788254039__sample2__083c3b66.cif,SINGLETON_LT4R1
341,LT4R1,of3,cognate,788254039,of3/cognate/ina,False,10.041409492492676,23.53122591559112,18.014786361873725,5.3068,5.461,64.46499724191786,/hpc/scratch/sengaad1/paper_af3/experiments/018_block_a_switch_test_of3_rerun_2026_09_02/018_block_a_switch_test_lt4r1_cognate_of3/a410bf5b6d64/of3/seed_788254039/018_block_a_switch_test_lt4r1_cognate_of3_LT4R1_of3_2/seed_1258261403/018_block_a_switch_test_lt4r1_cognate_of3_LT4R1_of3_2_seed_1258261403_sample_1_model.cif,LT4R1__cognate__of3__seed788254039__sample1__5fb44861.cif,SINGLETON_LT4R1
342,LSHR,of3,cognate,544355185,of3/cognate/ina,False,10.094874382019043,12.978888399958343,17.7179009794034,0.8554,2.932,76.49824351437206,/hpc/scratch/sengaad1/paper_af3/experiments/018_block_a_switch_test_of3_rerun_2026_09_02/018_block_a_switch_test_lshr_cognate_of3/6385fcc287ff/of3/seed_544355185/018_block_a_switch_test_lshr_cognate_of3_LSHR_of3_4/seed_3785547870/018_block_a_switch_test_lshr_cognate_of3_LSHR_of3_4_seed_3785547870_sample_2_model.cif,LSHR__cognate__of3__seed544355185__sample2__93f07d54.cif,GLYCOPROTEIN
343,5HT2C,of3,cognate,44837142,of3/cognate/ina,False,10.992316246032715,12.474417252280634,16.907902465795065,0.9336,1.7376,67.61199464312114,/hpc/scratch/sengaad1/paper_af3/experiments/018_block_a_switch_test_of3_rerun_2026_09_02/018_block_a_switch_test_5ht2c_cognate_of3/db4c24efd39c/of3/seed_44837142/018_block_a_switch_test_5ht2c_cognate_of3_5HT2C_of3_2/seed_3717677635/018_block_a_switch_test_5ht2c_cognate_of3_5HT2C_of3_2_seed_3717677635_sample_3_model.cif,5HT2C__cognate__of3__seed44837142__sample3__1e24fa21.cif,5HT
344,ACM2,of3,cognate,1262146149,of3/cognate/ina,False,10.182525634765625,13.351447722594523,16.88109352367287,1.2891,2.0866,66.18535875618399,/hpc/scratch/sengaad1/paper_af3/experiments/018_block_a_switch_test_of3_rerun_2026_09_02/018_block_a_switch_test_acm2_cognate_of3/3bfb3b0c74e6/of3/seed_1262146149/018_block_a_switch_test_acm2_cognate_of3_ACM2_of3_4/seed_2881437038/018_block_a_switch_test_acm2_cognate_of3_ACM2_of3_4_seed_2881437038_sample_4_model.cif,ACM2__cognate__of3__seed1262146149__sample4__f28420fd.cif,SINGLETON_ACM2
345,HRH1,of3,cognate,1838061055,of3/cognate/ina,False,11.299026489257812,10.558685936712664,17.658048532465557,1.0042,1.8533,62.56317120218209,/hpc/scratch/sengaad1/paper_af3/experiments/018_block_a_switch_test_of3_rerun_2026_09_02/018_block_a_switch_test_hrh1_cognate_of3/61e87e6309a2/of3/seed_1838061055/018_block_a_switch_test_hrh1_cognate_of3_HRH1_of3_4/seed_2339519814/018_block_a_switch_test_hrh1_cognate_of3_HRH1_of3_4_seed_2339519814_sample_1_model.cif,HRH1__cognate__of3__seed1838061055__sample1__33a76f28.cif,HRH
346,HRH1,of3,cognate,153081108,of3/cognate/ina,False,11.364521026611328,17.37989655200822,15.425686673818335,1.0753,1.8702,63.92623080876673,/hpc/scratch/sengaad1/paper_af3/experiments/018_block_a_switch_test_of3_rerun_2026_09_02/018_block_a_switch_test_hrh1_cognate_of3/7cadbe504e09/of3/seed_153081108/018_block_a_switch_test_hrh1_cognate_of3_HRH1_of3_2/seed_195570730/018_block_a_switch_test_hrh1_cognate_of3_HRH1_of3_2_seed_195570730_sample_4_model.cif,HRH1__cognate__of3__seed153081108__sample4__8cd51f21.cif,HRH
347,LT4R1,of3,cognate,135786211,of3/cognate/ina,False,9.691730499267578,11.591886317879156,18.841915895159392,2.3553,2.4301,73.67326196837668,/hpc/scratch/sengaad1/paper_af3/experiments/018_block_a_switch_test_of3_rerun_2026_09_02/018_block_a_switch_test_lt4r1_cognate_of3/8be94cd72961/of3/seed_135786211/018_block_a_switch_test_lt4r1_cognate_of3_LT4R1_of3_3/seed_1205279300/018_block_a_switch_test_lt4r1_cognate_of3_LT4R1_of3_3_seed_1205279300_sample_5_model.cif,LT4R1__cognate__of3__seed135786211__sample5__9a13bffc.cif,SINGLETON_LT4R1
348,ADA2A,of3,cognate,581011760,of3/cognate/ina,False,11.780294418334961,10.815704966859755,11.935387900966004,,,61.1965169093894,/hpc/scratch/sengaad1/paper_af3/experiments/018_block_a_switch_test_of3_rerun_2026_09_02/018_block_a_switch_test_ada2a_cognate_of3/8d6431c2ca36/of3/seed_581011760/018_block_a_switch_test_ada2a_cognate_of3_ADA2A_of3_0/seed_3642437836/018_block_a_switch_test_ada2a_cognate_of3_ADA2A_of3_0_seed_3642437836_sample_1_model.cif,ADA2A__cognate__of3__seed581011760__sample1__668d7613.cif,ADA_a2a
349,LT4R1,of3,cognate,135786211,of3/cognate/ina,False,9.906766891479492,10.230440454848216,17.63455954060672,1.7466,2.2666,72.41257890963901,/hpc/scratch/sengaad1/paper_af3/experiments/018_block_a_switch_test_of3_rerun_2026_09_02/018_block_a_switch_test_lt4r1_cognate_of3/8be94cd72961/of3/seed_135786211/018_block_a_switch_test_lt4r1_cognate_of3_LT4R1_of3_3/seed_1205279300/018_block_a_switch_test_lt4r1_cognate_of3_LT4R1_of3_3_seed_1205279300_sample_2_model.cif,LT4R1__cognate__of3__seed135786211__sample2__6a8484e1.cif,SINGLETON_LT4R1
350,HRH1,of3,cognate,153081108,of3/cognate/ina,False,11.207807540893555,15.85054768191169,13.08048082073461,1.3014,1.5491,64.2734851198404,/hpc/scratch/sengaad1/paper_af3/experiments/018_block_a_switch_test_of3_rerun_2026_09_02/018_block_a_switch_test_hrh1_cognate_of3/7cadbe504e09/of3/seed_153081108/018_block_a_switch_test_hrh1_cognate_of3_HRH1_of3_2/seed_195570730/018_block_a_switch_test_hrh1_cognate_of3_HRH1_of3_2_seed_195570730_sample_1_model.cif,HRH1__cognate__of3__seed153081108__sample1__89d48e20.cif,HRH
351,LT4R1,of3,cognate,1843825015,of3/cognate/ina,False,9.83846664428711,11.701422927274722,18.702235780780047,2.3093,2.5054,71.70250328342956,/hpc/scratch/sengaad1/paper_af3/experiments/018_block_a_switch_test_of3_rerun_2026_09_02/018_block_a_switch_test_lt4r1_cognate_of3/b98f8b86631b/of3/seed_1843825015/018_block_a_switch_test_lt4r1_cognate_of3_LT4R1_of3_4/seed_3622877182/018_block_a_switch_test_lt4r1_cognate_of3_LT4R1_of3_4_seed_3622877182_sample_1_model.cif,LT4R1__cognate__of3__seed1843825015__sample1__cdcbfac1.cif,SINGLETON_LT4R1
352,OPRD,of3,cognate,1847335799,of3/cognate/act,True,8.28683853149414,4.184485457472936,17.236466642163233,1.8217,2.571,72.05315588558133,/hpc/scratch/sengaad1/paper_af3/experiments/018_block_a_switch_test_of3_rerun_2026_09_02/018_block_a_switch_test_oprd_cognate_of3/6d5123fac569/of3/seed_1847335799/018_block_a_switch_test_oprd_cognate_of3_OPRD_of3_2/seed_1292405780/018_block_a_switch_test_oprd_cognate_of3_OPRD_of3_2_seed_1292405780_sample_2_model.cif,OPRD__cognate__of3__seed1847335799__sample2__48db5cb7.cif,opioid
353,APJ,of3,cognate,452480887,of3/cognate/act,True,10.009074211120605,4.666505606074313,17.890275149448133,1.0255,2.4975,72.14438426486632,/hpc/scratch/sengaad1/paper_af3/experiments/018_block_a_switch_test_of3_rerun_2026_09_02/018_block_a_switch_test_apj_cognate_of3/28e42b8ad46f/of3/seed_452480887/018_block_a_switch_test_apj_cognate_of3_APJ_of3_4/seed_3900053373/018_block_a_switch_test_apj_cognate_of3_APJ_of3_4_seed_3900053373_sample_3_model.cif,APJ__cognate__of3__seed452480887__sample3__4f2ffa00.cif,SINGLETON_APJ
354,DRD3,of3,cognate,938731221,of3/cognate/act,True,10.776324272155762,4.348949495131467,17.300303564216303,,,71.34984536538323,/hpc/scratch/sengaad1/paper_af3/experiments/018_block_a_switch_test_of3_rerun_2026_09_02/018_block_a_switch_test_drd3_cognate_of3/87a186c66457/of3/seed_938731221/018_block_a_switch_test_drd3_cognate_of3_DRD3_of3_2/seed_779627338/018_block_a_switch_test_drd3_cognate_of3_DRD3_of3_2_seed_779627338_sample_5_model.cif,DRD3__cognate__of3__seed938731221__sample5__516c02c4.cif,DRD
355,ADA2A,of3,cognate,254030939,of3/cognate/act,True,10.820611000061035,4.401058399430159,18.750932407612535,,,67.90322971836109,/hpc/scratch/sengaad1/paper_af3/experiments/018_block_a_switch_test_of3_rerun_2026_09_02/018_block_a_switch_test_ada2a_cognate_of3/3342a89d53f1/of3/seed_254030939/018_block_a_switch_test_ada2a_cognate_of3_ADA2A_of3_4/seed_2616948447/018_block_a_switch_test_ada2a_cognate_of3_ADA2A_of3_4_seed_2616948447_sample_3_model.cif,ADA2A__cognate__of3__seed254030939__sample3__0317af31.cif,ADA_a2a
356,FSHR,of3,cognate,1632135548,of3/cognate/act,True,10.24382495880127,3.8402696771052622,17.765152649321546,0.8297,2.318,76.35567738986389,/hpc/scratch/sengaad1/paper_af3/experiments/018_block_a_switch_test_of3_rerun_2026_09_02/018_block_a_switch_test_fshr_cognate_of3/a2c231ca5bbb/of3/seed_1632135548/018_block_a_switch_test_fshr_cognate_of3_FSHR_of3_4/seed_3580899895/018_block_a_switch_test_fshr_cognate_of3_FSHR_of3_4_seed_3580899895_sample_4_model.cif,FSHR__cognate__of3__seed1632135548__sample4__ad7dd1c6.cif,GLYCOPROTEIN
357,CNR1,of3,cognate,1522970583,of3/cognate/act,True,11.343680381774902,3.681084317770541,16.989978807701345,1.1913,2.6144,69.40044280408087,/hpc/scratch/sengaad1/paper_af3/experiments/018_block_a_switch_test_of3_rerun_2026_09_02/018_block_a_switch_test_cnr1_cognate_of3/90c61b2097be/of3/seed_1522970583/018_block_a_switch_test_cnr1_cognate_of3_CNR1_of3_1/seed_2155878463/018_block_a_switch_test_cnr1_cognate_of3_CNR1_of3_1_seed_2155878463_sample_4_model.cif,CNR1__cognate__of3__seed1522970583__sample4__4ddc4df7.cif,CNR
358,ACM4,of3,cognate,685769832,of3/cognate/act,True,10.352136611938477,4.106233112685713,17.19283850956137,1.337,2.0598,65.20609518355604,/hpc/scratch/sengaad1/paper_af3/experiments/018_block_a_switch_test_of3_rerun_2026_09_02/018_block_a_switch_test_acm4_cognate_of3/9fd69c2a0744/of3/seed_685769832/018_block_a_switch_test_acm4_cognate_of3_ACM4_of3_1/seed_4098682403/018_block_a_switch_test_acm4_cognate_of3_ACM4_of3_1_seed_4098682403_sample_2_model.cif,ACM4__cognate__of3__seed685769832__sample2__fce7f823.cif,ACM
359,FSHR,of3,cognate,455200704,of3/cognate/act,True,10.285198211669922,3.9697752122960703,18.042853956592456,0.5905,2.3877,77.810178267038,/hpc/scratch/sengaad1/paper_af3/experiments/018_block_a_switch_test_of3_rerun_2026_09_02/018_block_a_switch_test_fshr_cognate_of3/341d337e19ab/of3/seed_455200704/018_block_a_switch_test_fshr_cognate_of3_FSHR_of3_2/seed_3854234798/018_block_a_switch_test_fshr_cognate_of3_FSHR_of3_2_seed_3854234798_sample_4_model.cif,FSHR__cognate__of3__seed455200704__sample4__a1a5a7fc.cif,GLYCOPROTEIN
360,MCHR1,of3,cognate,877147043,of3/cognate/act,True,9.914274215698242,6.1400086566957945,17.45364228691155,1.2347,2.2432,68.64390874514847,/hpc/scratch/sengaad1/paper_af3/experiments/018_block_a_switch_test_of3_rerun_2026_09_02/018_block_a_switch_test_mchr1_cognate_of3/309f2a71803e/of3/seed_877147043/018_block_a_switch_test_mchr1_cognate_of3_MCHR1_of3_2/seed_4221810963/018_block_a_switch_test_mchr1_cognate_of3_MCHR1_of3_2_seed_4221810963_sample_1_model.cif,MCHR1__cognate__of3__seed877147043__sample1__0e36c7fa.cif,SINGLETON_MCHR1
361,ADA2A,of3,cognate,40784700,of3/cognate/act,True,11.051729202270508,4.350284832018665,18.890969382825237,,,65.21853223690464,/hpc/scratch/sengaad1/paper_af3/experiments/018_block_a_switch_test_of3_rerun_2026_09_02/018_block_a_switch_test_ada2a_cognate_of3/843b72caeff6/of3/seed_40784700/018_block_a_switch_test_ada2a_cognate_of3_ADA2A_of3_3/seed_3311707377/018_block_a_switch_test_ada2a_cognate_of3_ADA2A_of3_3_seed_3311707377_sample_4_model.cif,ADA2A__cognate__of3__seed40784700__sample4__b3bf5102.cif,ADA_a2a
362,OPSD,of3,cognate,95504159,of3/cognate/act,True,10.16014575958252,4.4001934761845245,17.536805526481935,0.5802,2.3052,81.67436573406738,/hpc/scratch/sengaad1/paper_af3/experiments/018_block_a_switch_test_of3_rerun_2026_09_02/018_block_a_switch_test_opsd_cognate_of3/96c6818788c6/of3/seed_95504159/018_block_a_switch_test_opsd_cognate_of3_OPSD_of3_3/seed_903470183/018_block_a_switch_test_opsd_cognate_of3_OPSD_of3_3_seed_903470183_sample_5_model.cif,OPSD__cognate__of3__seed95504159__sample5__7602868e.cif,OPSIN
363,AGTR1,of3,cognate,1752329672,of3/cognate/act,True,9.905155181884766,4.833932698284133,18.729077966295556,1.0697,2.5449,74.43468365513331,/hpc/scratch/sengaad1/paper_af3/experiments/018_block_a_switch_test_of3_rerun_2026_09_02/018_block_a_switch_test_agtr1_cognate_of3/fa60af6c922e/of3/seed_1752329672/018_block_a_switch_test_agtr1_cognate_of3_AGTR1_of3_3/seed_3955100712/018_block_a_switch_test_agtr1_cognate_of3_AGTR1_of3_3_seed_3955100712_sample_2_model.cif,AGTR1__cognate__of3__seed1752329672__sample2__d6e245c7.cif,SINGLETON_AGTR1
364,CXCR4,of3,cognate,1995864408,of3/cognate/act,True,9.816376686096191,4.581357103613023,17.907408478313688,0.8281,2.3004,77.21088952590917,/hpc/scratch/sengaad1/paper_af3/experiments/018_block_a_switch_test_of3_rerun_2026_09_02/018_block_a_switch_test_cxcr4_cognate_of3/13b07ea49fec/of3/seed_1995864408/018_block_a_switch_test_cxcr4_cognate_of3_CXCR4_of3_0/seed_3809346609/018_block_a_switch_test_cxcr4_cognate_of3_CXCR4_of3_0_seed_3809346609_sample_2_model.cif,CXCR4__cognate__of3__seed1995864408__sample2__ba4cffa6.cif,CXCR
365,B1B1U5,of3,cognate,102804222,of3/cognate/act,True,12.967187881469727,4.1087948503689,17.698553218490517,1.8177,3.3859,80.64904451890902,/hpc/scratch/sengaad1/paper_af3/experiments/018_block_a_switch_test_of3_rerun_2026_09_02/018_block_a_switch_test_b1b1u5_cognate_of3/9d71ab36f073/of3/seed_102804222/018_block_a_switch_test_b1b1u5_cognate_of3_B1B1U5_of3_1/seed_807662613/018_block_a_switch_test_b1b1u5_cognate_of3_B1B1U5_of3_1_seed_807662613_sample_5_model.cif,B1B1U5__cognate__of3__seed102804222__sample5__4c5da256.cif,SINGLETON_B1B1U5
366,ADRB1,of3,cognate,1005096165,of3/cognate/act,True,40.40018081665039,4.348337013867079,18.225250314643635,,,69.07958725126319,/hpc/scratch/sengaad1/paper_af3/experiments/018_block_a_switch_test_of3_rerun_2026_09_02/018_block_a_switch_test_adrb1_cognate_of3/1525ff6e1906/of3/seed_1005096165/018_block_a_switch_test_adrb1_cognate_of3_ADRB1_of3_0/seed_255169331/018_block_a_switch_test_adrb1_cognate_of3_ADRB1_of3_0_seed_255169331_sample_3_model.cif,ADRB1__cognate__of3__seed1005096165__sample3__276a9d34.cif,ADR
367,LSHR,of3,cognate,1327071380,of3/cognate/act,True,10.114006996154785,3.765153361941062,17.84692609955921,0.6055,3.0046,77.0527369862318,/hpc/scratch/sengaad1/paper_af3/experiments/018_block_a_switch_test_of3_rerun_2026_09_02/018_block_a_switch_test_lshr_cognate_of3/7a662faad8d9/of3/seed_1327071380/018_block_a_switch_test_lshr_cognate_of3_LSHR_of3_2/seed_1712811816/018_block_a_switch_test_lshr_cognate_of3_LSHR_of3_2_seed_1712811816_sample_1_model.cif,LSHR__cognate__of3__seed1327071380__sample1__72e45e69.cif,GLYCOPROTEIN
368,CNR1,of3,cognate,690491613,of3/cognate/act,True,11.567152976989746,4.891986385513818,16.91007219510668,1.238,2.563,69.2508410762062,/hpc/scratch/sengaad1/paper_af3/experiments/018_block_a_switch_test_of3_rerun_2026_09_02/018_block_a_switch_test_cnr1_cognate_of3/30cc30c71bd7/of3/seed_690491613/018_block_a_switch_test_cnr1_cognate_of3_CNR1_of3_0/seed_629824312/018_block_a_switch_test_cnr1_cognate_of3_CNR1_of3_0_seed_629824312_sample_1_model.cif,CNR1__cognate__of3__seed690491613__sample1__13581341.cif,CNR
369,CXCR2,of3,cognate,1814388799,of3/cognate/act,True,15.395294189453125,4.346567269264019,17.771616338791592,0.9991,2.3023,75.06673807225721,/hpc/scratch/sengaad1/paper_af3/experiments/018_block_a_switch_test_of3_rerun_2026_09_02/018_block_a_switch_test_cxcr2_cognate_of3/2c5e80ade710/of3/seed_1814388799/018_block_a_switch_test_cxcr2_cognate_of3_CXCR2_of3_2/seed_204378918/018_block_a_switch_test_cxcr2_cognate_of3_CXCR2_of3_2_seed_204378918_sample_2_model.cif,CXCR2__cognate__of3__seed1814388799__sample2__1b4159ce.cif,CXCR
370,NPY2R,of3,cognate,513842609,of3/cognate/act,True,9.228750228881836,6.732892919887026,17.275295022348054,1.2082,2.2826,71.86499020498636,/hpc/scratch/sengaad1/paper_af3/experiments/018_block_a_switch_test_of3_rerun_2026_09_02/018_block_a_switch_test_npy2r_cognate_of3/a168a9573e01/of3/seed_513842609/018_block_a_switch_test_npy2r_cognate_of3_NPY2R_of3_4/seed_2808797618/018_block_a_switch_test_npy2r_cognate_of3_NPY2R_of3_4_seed_2808797618_sample_2_model.cif,NPY2R__cognate__of3__seed513842609__sample2__da796d06.cif,NPY
371,5HT5A,of3,cognate,443801502,of3/cognate/act,True,37.21957015991211,3.888023387468869,18.04306586052392,1.0805,2.6735,71.308004585623,/hpc/scratch/sengaad1/paper_af3/experiments/018_block_a_switch_test_of3_rerun_2026_09_02/018_block_a_switch_test_5ht5a_cognate_of3/dc82977f9dad/of3/seed_443801502/018_block_a_switch_test_5ht5a_cognate_of3_5HT5A_of3_2/seed_1618129576/018_block_a_switch_test_5ht5a_cognate_of3_5HT5A_of3_2_seed_1618129576_sample_3_model.cif,5HT5A__cognate__of3__seed443801502__sample3__24f201d7.cif,5HT
372,DRD2,of3,cognate,1480902950,of3/cognate/act,True,10.761442184448242,4.160963222306465,17.25344429797659,1.2934,2.5038,66.37067172756716,/hpc/scratch/sengaad1/paper_af3/experiments/018_block_a_switch_test_of3_rerun_2026_09_02/018_block_a_switch_test_drd2_cognate_of3/2b6c753dc689/of3/seed_1480902950/018_block_a_switch_test_drd2_cognate_of3_DRD2_of3_3/seed_4077505902/018_block_a_switch_test_drd2_cognate_of3_DRD2_of3_3_seed_4077505902_sample_3_model.cif,DRD2__cognate__of3__seed1480902950__sample3__af9aebd2.cif,DRD
373,ADRB1,of3,cognate,1005096165,of3/cognate/act,True,41.01518630981445,4.113776355726793,17.971275883072785,,,68.61937008868745,/hpc/scratch/sengaad1/paper_af3/experiments/018_block_a_switch_test_of3_rerun_2026_09_02/018_block_a_switch_test_adrb1_cognate_of3/1525ff6e1906/of3/seed_1005096165/018_block_a_switch_test_adrb1_cognate_of3_ADRB1_of3_0/seed_255169331/018_block_a_switch_test_adrb1_cognate_of3_ADRB1_of3_0_seed_255169331_sample_4_model.cif,ADRB1__cognate__of3__seed1005096165__sample4__6d216959.cif,ADR
374,FSHR,of3,cognate,455200704,of3/cognate/act,True,10.249439239501953,3.917718876478763,17.892428475223475,0.5918,2.3415,77.98886392435443,/hpc/scratch/sengaad1/paper_af3/experiments/018_block_a_switch_test_of3_rerun_2026_09_02/018_block_a_switch_test_fshr_cognate_of3/341d337e19ab/of3/seed_455200704/018_block_a_switch_test_fshr_cognate_of3_FSHR_of3_2/seed_3854234798/018_block_a_switch_test_fshr_cognate_of3_FSHR_of3_2_seed_3854234798_sample_5_model.cif,FSHR__cognate__of3__seed455200704__sample5__d142848d.cif,GLYCOPROTEIN
375,AA2AR,of3,cognate,877211828,of3/cognate/act,True,42.59890365600586,3.8954126089468217,18.634681893892463,0.6138,2.8525,70.49450336804125,/hpc/scratch/sengaad1/paper_af3/experiments/018_block_a_switch_test_of3_rerun_2026_09_02/018_block_a_switch_test_aa2ar_cognate_of3/94c80b638302/of3/seed_877211828/018_block_a_switch_test_aa2ar_cognate_of3_AA2AR_of3_3/seed_3015436707/018_block_a_switch_test_aa2ar_cognate_of3_AA2AR_of3_3_seed_3015436707_sample_3_model.cif,AA2AR__cognate__of3__seed877211828__sample3__e787d9b6.cif,ADA_adenosine
376,AA1R,of3,cognate,2031560563,of3/cognate/act,True,11.365447998046875,6.095865702564403,17.91796206995147,0.7758,2.4994,73.67914301398257,/hpc/scratch/sengaad1/paper_af3/experiments/018_block_a_switch_test_of3_rerun_2026_09_02/018_block_a_switch_test_aa1r_cognate_of3/1eb5ad694fe2/of3/seed_2031560563/018_block_a_switch_test_aa1r_cognate_of3_AA1R_of3_3/seed_4002650460/018_block_a_switch_test_aa1r_cognate_of3_AA1R_of3_3_seed_4002650460_sample_1_model.cif,AA1R__cognate__of3__seed2031560563__sample1__80af027c.cif,SINGLETON_AA1R
377,LSHR,of3,cognate,1806958379,of3/cognate/act,True,10.003883361816406,3.948010973033006,17.99549533544816,0.6581,3.1399,76.36226266890694,/hpc/scratch/sengaad1/paper_af3/experiments/018_block_a_switch_test_of3_rerun_2026_09_02/018_block_a_switch_test_lshr_cognate_of3/b9d84299e6e5/of3/seed_1806958379/018_block_a_switch_test_lshr_cognate_of3_LSHR_of3_0/seed_2295327018/018_block_a_switch_test_lshr_cognate_of3_LSHR_of3_0_seed_2295327018_sample_2_model.cif,LSHR__cognate__of3__seed1806958379__sample2__4c97a504.cif,GLYCOPROTEIN
378,ADRB1,of3,cognate,1776351833,of3/cognate/act,True,40.69853973388672,4.1545572794647985,18.19107337995972,,,65.87865268207642,/hpc/scratch/sengaad1/paper_af3/experiments/018_block_a_switch_test_of3_rerun_2026_09_02/018_block_a_switch_test_adrb1_cognate_of3/a99e221a5338/of3/seed_1776351833/018_block_a_switch_test_adrb1_cognate_of3_ADRB1_of3_4/seed_3411352322/018_block_a_switch_test_adrb1_cognate_of3_ADRB1_of3_4_seed_3411352322_sample_2_model.cif,ADRB1__cognate__of3__seed1776351833__sample2__2f875d98.cif,ADR
379,GHSR,of3,cognate,1640627979,of3/cognate/act,True,16.117496490478516,5.715260314727371,17.55735292838238,1.2097,2.4766,74.87287328035121,/hpc/scratch/sengaad1/paper_af3/experiments/018_block_a_switch_test_of3_rerun_2026_09_02/018_block_a_switch_test_ghsr_cognate_of3/e8d247efb466/of3/seed_1640627979/018_block_a_switch_test_ghsr_cognate_of3_GHSR_of3_4/seed_1709575217/018_block_a_switch_test_ghsr_cognate_of3_GHSR_of3_4_seed_1709575217_sample_5_model.cif,GHSR__cognate__of3__seed1640627979__sample5__2b93d868.cif,SINGLETON_GHSR
380,DRD3,of3,cognate,233118102,of3/cognate/act,True,10.74371337890625,4.232478272915791,17.325034175434958,,,71.4873061079186,/hpc/scratch/sengaad1/paper_af3/experiments/018_block_a_switch_test_of3_rerun_2026_09_02/018_block_a_switch_test_drd3_cognate_of3/72e869179b3f/of3/seed_233118102/018_block_a_switch_test_drd3_cognate_of3_DRD3_of3_3/seed_2694998634/018_block_a_switch_test_drd3_cognate_of3_DRD3_of3_3_seed_2694998634_sample_2_model.cif,DRD3__cognate__of3__seed233118102__sample2__7d14b479.cif,DRD
381,APJ,of3,cognate,1402390017,of3/cognate/act,True,9.171568870544434,4.859302299215187,17.88376924996546,0.9825,2.4534,71.90931811978608,/hpc/scratch/sengaad1/paper_af3/experiments/018_block_a_switch_test_of3_rerun_2026_09_02/018_block_a_switch_test_apj_cognate_of3/629b8baa5e82/of3/seed_1402390017/018_block_a_switch_test_apj_cognate_of3_APJ_of3_1/seed_426009785/018_block_a_switch_test_apj_cognate_of3_APJ_of3_1_seed_426009785_sample_1_model.cif,APJ__cognate__of3__seed1402390017__sample1__42758089.cif,SINGLETON_APJ
382,NPY1R,of3,cognate,1470687241,of3/cognate/act,True,18.3616886138916,3.92791133648266,17.13342595669994,0.8773,1.995,70.89397198824555,/hpc/scratch/sengaad1/paper_af3/experiments/018_block_a_switch_test_of3_rerun_2026_09_02/018_block_a_switch_test_npy1r_cognate_of3/9384fcb8cf3b/of3/seed_1470687241/018_block_a_switch_test_npy1r_cognate_of3_NPY1R_of3_2/seed_379646001/018_block_a_switch_test_npy1r_cognate_of3_NPY1R_of3_2_seed_379646001_sample_2_model.cif,NPY1R__cognate__of3__seed1470687241__sample2__6fe8423a.cif,NPY
383,NPY2R,of3,cognate,1645764025,of3/cognate/act,True,9.131433486938477,4.055581039695048,17.29933445093246,1.3071,2.1467,69.72294045344448,/hpc/scratch/sengaad1/paper_af3/experiments/018_block_a_switch_test_of3_rerun_2026_09_02/018_block_a_switch_test_npy2r_cognate_of3/b30c150fb5fa/of3/seed_1645764025/018_block_a_switch_test_npy2r_cognate_of3_NPY2R_of3_0/seed_3031945518/018_block_a_switch_test_npy2r_cognate_of3_NPY2R_of3_0_seed_3031945518_sample_1_model.cif,NPY2R__cognate__of3__seed1645764025__sample1__1a9c8ebe.cif,NPY
384,CCR5,protenix,apo,274156718,protenix/apo/ina,False,9.728293418884277,11.496433216754152,11.870833995339254,2.6643,0.7787,79.88156573022856,/hpc/scratch/sengaad1/paper_af3/experiments/018_block_a_switch_test/018_block_a_switch_test_ccr5_apo_protenix/6bcdf50b29b0/protenix/seed_274156718/018_block_a_switch_test_ccr5_apo_protenix_CCR5_protenix_0/seed_274156718/predictions/018_block_a_switch_test_ccr5_apo_protenix_CCR5_protenix_0_sample_3.cif,CCR5__apo__protenix__seed274156718__sample3__eeed35b6.cif,SINGLETON_CCR5
385,ADA2A,protenix,apo,1422273409,protenix/apo/ina,False,11.91240406036377,10.042004486393257,11.957449083980093,,,68.51615759130323,/hpc/scratch/sengaad1/paper_af3/experiments/018_block_a_switch_test/018_block_a_switch_test_ada2a_apo_protenix/7734f82eb99f/protenix/seed_1422273409/018_block_a_switch_test_ada2a_apo_protenix_ADA2A_protenix_1/seed_1422273409/predictions/018_block_a_switch_test_ada2a_apo_protenix_ADA2A_protenix_1_sample_0.cif,ADA2A__apo__protenix__seed1422273409__sample0__5548dbca.cif,ADA_a2a
386,CCKAR,protenix,apo,151120790,protenix/apo/ina,False,11.924031257629395,10.210114480948668,12.120273061420408,,,73.60878437225776,/hpc/scratch/sengaad1/paper_af3/experiments/018_block_a_switch_test/018_block_a_switch_test_cckar_apo_protenix/abe1c5a4a67a/protenix/seed_151120790/018_block_a_switch_test_cckar_apo_protenix_CCKAR_protenix_2/seed_151120790/predictions/018_block_a_switch_test_cckar_apo_protenix_CCKAR_protenix_2_sample_3.cif,CCKAR__apo__protenix__seed151120790__sample3__3a3a118b.cif,SINGLETON_CCKAR
387,CXCR2,protenix,apo,865059510,protenix/apo/ina,False,12.551121711730957,9.9384693389735,12.09050593192853,2.2957,1.2807,73.52595969312061,/hpc/scratch/sengaad1/paper_af3/experiments/018_block_a_switch_test/018_block_a_switch_test_cxcr2_apo_protenix/34452b684fe5/protenix/seed_865059510/018_block_a_switch_test_cxcr2_apo_protenix_CXCR2_protenix_1/seed_865059510/predictions/018_block_a_switch_test_cxcr2_apo_protenix_CXCR2_protenix_1_sample_2.cif,CXCR2__apo__protenix__seed865059510__sample2__9c4aedb7.cif,CXCR
388,DRD2,protenix,apo,1909233733,protenix/apo/ina,False,12.269434928894043,9.557487063858243,11.891885916999922,2.0693,1.2363,69.57896545739867,/hpc/scratch/sengaad1/paper_af3/experiments/018_block_a_switch_test/018_block_a_switch_test_drd2_apo_protenix/70f326ac55e7/protenix/seed_1909233733/018_block_a_switch_test_drd2_apo_protenix_DRD2_protenix_4/seed_1909233733/predictions/018_block_a_switch_test_drd2_apo_protenix_DRD2_protenix_4_sample_3.cif,DRD2__apo__protenix__seed1909233733__sample3__fb3f7a4f.cif,DRD
389,DRD2,protenix,apo,1909233733,protenix/apo/ina,False,12.482731819152832,9.767478813214035,11.906289022916845,2.083,1.2038,69.17220989064366,/hpc/scratch/sengaad1/paper_af3/experiments/018_block_a_switch_test/018_block_a_switch_test_drd2_apo_protenix/70f326ac55e7/protenix/seed_1909233733/018_block_a_switch_test_drd2_apo_protenix_DRD2_protenix_4/seed_1909233733/predictions/018_block_a_switch_test_drd2_apo_protenix_DRD2_protenix_4_sample_0.cif,DRD2__apo__protenix__seed1909233733__sample0__99fd1e19.cif,DRD
390,OPRK,protenix,apo,2076175562,protenix/apo/ina,False,11.691556930541992,10.938332301636054,11.716633066028098,2.6016,2.4618,75.23544962333041,/hpc/scratch/sengaad1/paper_af3/experiments/018_block_a_switch_test/018_block_a_switch_test_oprk_apo_protenix/3912c8d258c4/protenix/seed_2076175562/018_block_a_switch_test_oprk_apo_protenix_OPRK_protenix_3/seed_2076175562/predictions/018_block_a_switch_test_oprk_apo_protenix_OPRK_protenix_3_sample_0.cif,OPRK__apo__protenix__seed2076175562__sample0__adaa0238.cif,opioid
391,5HT5A,protenix,apo,640044682,protenix/apo/ina,False,10.941381454467773,13.862691503802187,13.4756283481522,2.1938,1.7589,76.34093980355676,/hpc/scratch/sengaad1/paper_af3/experiments/018_block_a_switch_test/018_block_a_switch_test_5ht5a_apo_protenix/cd3f2ddfca85/protenix/seed_640044682/018_block_a_switch_test_5ht5a_apo_protenix_5HT5A_protenix_0/seed_640044682/predictions/018_block_a_switch_test_5ht5a_apo_protenix_5HT5A_protenix_0_sample_0.cif,5HT5A__apo__protenix__seed640044682__sample0__9ddb40fe.cif,5HT
392,DRD3,protenix,apo,1366338509,protenix/apo/ina,False,12.057600021362305,10.15483051950847,11.85684208469799,,,71.85837215111903,/hpc/scratch/sengaad1/paper_af3/experiments/018_block_a_switch_test/018_block_a_switch_test_drd3_apo_protenix/862c030d0a17/protenix/seed_1366338509/018_block_a_switch_test_drd3_apo_protenix_DRD3_protenix_4/seed_1366338509/predictions/018_block_a_switch_test_drd3_apo_protenix_DRD3_protenix_4_sample_1.cif,DRD3__apo__protenix__seed1366338509__sample1__3c483c6e.cif,DRD
393,GHSR,protenix,apo,248575156,protenix/apo/ina,False,11.299545288085938,10.472974490452993,12.52561366516831,2.0617,1.7507,75.38627204279172,/hpc/scratch/sengaad1/paper_af3/experiments/018_block_a_switch_test/018_block_a_switch_test_ghsr_apo_protenix/f4c7dcf165be/protenix/seed_248575156/018_block_a_switch_test_ghsr_apo_protenix_GHSR_protenix_0/seed_248575156/predictions/018_block_a_switch_test_ghsr_apo_protenix_GHSR_protenix_0_sample_3.cif,GHSR__apo__protenix__seed248575156__sample3__c7ce5084.cif,SINGLETON_GHSR
394,ACM4,protenix,apo,636089613,protenix/apo/ina,False,11.0320463180542,10.91075870224218,11.688813973671802,2.4623,0.9825,72.21314528478125,/hpc/scratch/sengaad1/paper_af3/experiments/018_block_a_switch_test/018_block_a_switch_test_acm4_apo_protenix/5f9418ccaabd/protenix/seed_636089613/018_block_a_switch_test_acm4_apo_protenix_ACM4_protenix_3/seed_636089613/predictions/018_block_a_switch_test_acm4_apo_protenix_ACM4_protenix_3_sample_4.cif,ACM4__apo__protenix__seed636089613__sample4__41c46e30.cif,ACM
395,CXCR4,protenix,apo,1850368108,protenix/apo/ina,False,12.012006759643555,6.521352932090006,12.580874632511328,1.674,1.3169,76.37146618506671,/hpc/scratch/sengaad1/paper_af3/experiments/018_block_a_switch_test/018_block_a_switch_test_cxcr4_apo_protenix/4ea5ec44e038/protenix/seed_1850368108/018_block_a_switch_test_cxcr4_apo_protenix_CXCR4_protenix_4/seed_1850368108/predictions/018_block_a_switch_test_cxcr4_apo_protenix_CXCR4_protenix_4_sample_4.cif,CXCR4__apo__protenix__seed1850368108__sample4__b744a196.cif,CXCR
396,OPRX,protenix,apo,1805364516,protenix/apo/ina,False,11.815483093261719,11.469660364147092,11.817552904403993,2.7493,0.8489,78.21687591191773,/hpc/scratch/sengaad1/paper_af3/experiments/018_block_a_switch_test/018_block_a_switch_test_oprx_apo_protenix/e3d737cc700f/protenix/seed_1805364516/018_block_a_switch_test_oprx_apo_protenix_OPRX_protenix_3/seed_1805364516/predictions/018_block_a_switch_test_oprx_apo_protenix_OPRX_protenix_3_sample_3.cif,OPRX__apo__protenix__seed1805364516__sample3__42fecfc7.cif,opioid
397,ACM2,protenix,apo,64570656,protenix/apo/ina,False,10.967878341674805,10.68730882158064,11.585441321092537,2.3918,0.9035,70.21518679117048,/hpc/scratch/sengaad1/paper_af3/experiments/018_block_a_switch_test/018_block_a_switch_test_acm2_apo_protenix/fd4e35985c3c/protenix/seed_64570656/018_block_a_switch_test_acm2_apo_protenix_ACM2_protenix_0/seed_64570656/predictions/018_block_a_switch_test_acm2_apo_protenix_ACM2_protenix_0_sample_1.cif,ACM2__apo__protenix__seed64570656__sample1__4543c04e.cif,SINGLETON_ACM2
398,OPRD,protenix,apo,314242861,protenix/apo/ina,False,11.580476760864258,11.58149191448858,11.79700351841857,2.4751,1.0447,75.00337631004876,/hpc/scratch/sengaad1/paper_af3/experiments/018_block_a_switch_test/018_block_a_switch_test_oprd_apo_protenix/dfa5db96f2c3/protenix/seed_314242861/018_block_a_switch_test_oprd_apo_protenix_OPRD_protenix_2/seed_314242861/predictions/018_block_a_switch_test_oprd_apo_protenix_OPRD_protenix_2_sample_1.cif,OPRD__apo__protenix__seed314242861__sample1__7abaef4a.cif,opioid
399,ACM4,protenix,apo,306653888,protenix/apo/ina,False,11.017354965209961,10.750160177379682,11.668635917953484,2.4403,0.964,72.23539453898394,/hpc/scratch/sengaad1/paper_af3/experiments/018_block_a_switch_test/018_block_a_switch_test_acm4_apo_protenix/abc334f26de8/protenix/seed_306653888/018_block_a_switch_test_acm4_apo_protenix_ACM4_protenix_4/seed_306653888/predictions/018_block_a_switch_test_acm4_apo_protenix_ACM4_protenix_4_sample_3.cif,ACM4__apo__protenix__seed306653888__sample3__88fcbeb5.cif,ACM
400,ADA2A,protenix,apo,1422273409,protenix/apo/ina,False,11.943723678588867,10.23164116885386,12.029494850479464,,,68.93032950997062,/hpc/scratch/sengaad1/paper_af3/experiments/018_block_a_switch_test/018_block_a_switch_test_ada2a_apo_protenix/7734f82eb99f/protenix/seed_1422273409/018_block_a_switch_test_ada2a_apo_protenix_ADA2A_protenix_1/seed_1422273409/predictions/018_block_a_switch_test_ada2a_apo_protenix_ADA2A_protenix_1_sample_1.cif,ADA2A__apo__protenix__seed1422273409__sample1__e4bdac17.cif,ADA_a2a
401,OX2R,protenix,apo,1775404009,protenix/apo/ina,False,11.807442665100098,9.41577744136102,12.081805466341894,,,73.00806156761128,/hpc/scratch/sengaad1/paper_af3/experiments/018_block_a_switch_test/018_block_a_switch_test_ox2r_apo_protenix/7c439cb95f54/protenix/seed_1775404009/018_block_a_switch_test_ox2r_apo_protenix_OX2R_protenix_1/seed_1775404009/predictions/018_block_a_switch_test_ox2r_apo_protenix_OX2R_protenix_1_sample_0.cif,OX2R__apo__protenix__seed1775404009__sample0__8e49fec9.cif,SINGLETON_OX2R
402,DRD3,protenix,apo,917533627,protenix/apo/ina,False,12.190972328186035,9.834833279505844,11.83770159209176,,,71.85586743614684,/hpc/scratch/sengaad1/paper_af3/experiments/018_block_a_switch_test/018_block_a_switch_test_drd3_apo_protenix/e6014db6806a/protenix/seed_917533627/018_block_a_switch_test_drd3_apo_protenix_DRD3_protenix_3/seed_917533627/predictions/018_block_a_switch_test_drd3_apo_protenix_DRD3_protenix_3_sample_2.cif,DRD3__apo__protenix__seed917533627__sample2__681351b9.cif,DRD
403,OPRX,protenix,apo,1805364516,protenix/apo/ina,False,11.692822456359863,11.083719277293715,11.737500684304154,2.7539,0.9174,78.29849470132301,/hpc/scratch/sengaad1/paper_af3/experiments/018_block_a_switch_test/018_block_a_switch_test_oprx_apo_protenix/e3d737cc700f/protenix/seed_1805364516/018_block_a_switch_test_oprx_apo_protenix_OPRX_protenix_3/seed_1805364516/predictions/018_block_a_switch_test_oprx_apo_protenix_OPRX_protenix_3_sample_0.cif,OPRX__apo__protenix__seed1805364516__sample0__1bab864b.cif,opioid
404,AA1R,protenix,apo,522631098,protenix/apo/ina,False,12.153604507446289,9.010531637738874,12.18950172405624,2.2679,1.1689,86.66272183628843,/hpc/scratch/sengaad1/paper_af3/experiments/018_block_a_switch_test/018_block_a_switch_test_aa1r_apo_protenix/4b2cb4671932/protenix/seed_522631098/018_block_a_switch_test_aa1r_apo_protenix_AA1R_protenix_4/seed_522631098/predictions/018_block_a_switch_test_aa1r_apo_protenix_AA1R_protenix_4_sample_3.cif,AA1R__apo__protenix__seed522631098__sample3__039ed70a.cif,SINGLETON_AA1R
405,5HT1B,protenix,apo,1696894828,protenix/apo/ina,False,10.999370574951172,5.69869597304989,14.702993672242432,1.6778,0.996,72.85396218047394,/hpc/scratch/sengaad1/paper_af3/experiments/018_block_a_switch_test/018_block_a_switch_test_5ht1b_apo_protenix/cb69dca0d81e/protenix/seed_1696894828/018_block_a_switch_test_5ht1b_apo_protenix_5HT1B_protenix_1/seed_1696894828/predictions/018_block_a_switch_test_5ht1b_apo_protenix_5HT1B_protenix_1_sample_4.cif,5HT1B__apo__protenix__seed1696894828__sample4__c827cbf3.cif,5HT
406,OPRX,protenix,apo,1520007353,protenix/apo/ina,False,11.799019813537598,11.253573152089778,11.838868383362836,2.7245,0.9059,78.43274808804557,/hpc/scratch/sengaad1/paper_af3/experiments/018_block_a_switch_test/018_block_a_switch_test_oprx_apo_protenix/39cafb2160b3/protenix/seed_1520007353/018_block_a_switch_test_oprx_apo_protenix_OPRX_protenix_1/seed_1520007353/predictions/018_block_a_switch_test_oprx_apo_protenix_OPRX_protenix_1_sample_0.cif,OPRX__apo__protenix__seed1520007353__sample0__845b8e8f.cif,opioid
407,LT4R1,protenix,apo,1002836568,protenix/apo/ina,False,11.735139846801758,11.796641923305264,12.310032986377676,2.4364,1.9581,78.50156137673353,/hpc/scratch/sengaad1/paper_af3/experiments/018_block_a_switch_test/018_block_a_switch_test_lt4r1_apo_protenix/530622b0e947/protenix/seed_1002836568/018_block_a_switch_test_lt4r1_apo_protenix_LT4R1_protenix_2/seed_1002836568/predictions/018_block_a_switch_test_lt4r1_apo_protenix_LT4R1_protenix_2_sample_0.cif,LT4R1__apo__protenix__seed1002836568__sample0__218450ab.cif,SINGLETON_LT4R1
408,5HT2C,protenix,apo,2122127881,protenix/apo/ina,False,12.231555938720703,12.704806516085398,12.357726277249444,2.2011,0.858,68.97350703452582,/hpc/scratch/sengaad1/paper_af3/experiments/018_block_a_switch_test/018_block_a_switch_test_5ht2c_apo_protenix/9675ff82ffcc/protenix/seed_2122127881/018_block_a_switch_test_5ht2c_apo_protenix_5HT2C_protenix_3/seed_2122127881/predictions/018_block_a_switch_test_5ht2c_apo_protenix_5HT2C_protenix_3_sample_0.cif,5HT2C__apo__protenix__seed2122127881__sample0__e86da18d.cif,5HT
409,LT4R1,protenix,apo,27630271,protenix/apo/ina,False,11.831984519958496,11.542216197185644,12.12289393599879,2.4665,2.0036,78.53323420259086,/hpc/scratch/sengaad1/paper_af3/experiments/018_block_a_switch_test/018_block_a_switch_test_lt4r1_apo_protenix/0782788dceb0/protenix/seed_27630271/018_block_a_switch_test_lt4r1_apo_protenix_LT4R1_protenix_3/seed_27630271/predictions/018_block_a_switch_test_lt4r1_apo_protenix_LT4R1_protenix_3_sample_0.cif,LT4R1__apo__protenix__seed27630271__sample0__02a8944f.cif,SINGLETON_LT4R1
410,GHSR,protenix,apo,248575156,protenix/apo/ina,False,11.29629898071289,9.846554266256703,12.395365009335908,2.0432,1.7886,74.82380108874034,/hpc/scratch/sengaad1/paper_af3/experiments/018_block_a_switch_test/018_block_a_switch_test_ghsr_apo_protenix/f4c7dcf165be/protenix/seed_248575156/018_block_a_switch_test_ghsr_apo_protenix_GHSR_protenix_0/seed_248575156/predictions/018_block_a_switch_test_ghsr_apo_protenix_GHSR_protenix_0_sample_1.cif,GHSR__apo__protenix__seed248575156__sample1__26b66fab.cif,SINGLETON_GHSR
411,ADA2A,protenix,apo,639695792,protenix/apo/ina,False,12.014330863952637,10.115676113216107,11.867684023561935,,,69.85563554580011,/hpc/scratch/sengaad1/paper_af3/experiments/018_block_a_switch_test/018_block_a_switch_test_ada2a_apo_protenix/ceda0d3a6416/protenix/seed_639695792/018_block_a_switch_test_ada2a_apo_protenix_ADA2A_protenix_0/seed_639695792/predictions/018_block_a_switch_test_ada2a_apo_protenix_ADA2A_protenix_0_sample_4.cif,ADA2A__apo__protenix__seed639695792__sample4__feeb85db.cif,ADA_a2a
412,MCHR1,protenix,apo,801580896,protenix/apo/ina,False,11.425905227661133,10.770076950313584,11.516001440389106,2.3633,1.6126,70.18650674430057,/hpc/scratch/sengaad1/paper_af3/experiments/018_block_a_switch_test/018_block_a_switch_test_mchr1_apo_protenix/8fb9393c660c/protenix/seed_801580896/018_block_a_switch_test_mchr1_apo_protenix_MCHR1_protenix_2/seed_801580896/predictions/018_block_a_switch_test_mchr1_apo_protenix_MCHR1_protenix_2_sample_1.cif,MCHR1__apo__protenix__seed801580896__sample1__e42e9c47.cif,SINGLETON_MCHR1
413,NPY2R,protenix,apo,1319565827,protenix/apo/ina,False,11.79969310760498,9.618033191958588,11.863947400881871,2.2297,0.9011,75.54865998694818,/hpc/scratch/sengaad1/paper_af3/experiments/018_block_a_switch_test/018_block_a_switch_test_npy2r_apo_protenix/8aeeacda5a1f/protenix/seed_1319565827/018_block_a_switch_test_npy2r_apo_protenix_NPY2R_protenix_4/seed_1319565827/predictions/018_block_a_switch_test_npy2r_apo_protenix_NPY2R_protenix_4_sample_3.cif,NPY2R__apo__protenix__seed1319565827__sample3__8ac62b54.cif,NPY
414,NPY1R,protenix,apo,867168674,protenix/apo/ina,False,11.66780948638916,11.708269222570529,12.214418766655545,1.7977,0.9032,72.61563836053129,/hpc/scratch/sengaad1/paper_af3/experiments/018_block_a_switch_test/018_block_a_switch_test_npy1r_apo_protenix/492db433901c/protenix/seed_867168674/018_block_a_switch_test_npy1r_apo_protenix_NPY1R_protenix_2/seed_867168674/predictions/018_block_a_switch_test_npy1r_apo_protenix_NPY1R_protenix_2_sample_3.cif,NPY1R__apo__protenix__seed867168674__sample3__5d01c6ba.cif,NPY
415,OPRK,protenix,apo,2087967004,protenix/apo/ina,False,11.684529304504395,11.265905130409042,11.703672589113683,2.5417,2.2889,74.71765561275369,/hpc/scratch/sengaad1/paper_af3/experiments/018_block_a_switch_test/018_block_a_switch_test_oprk_apo_protenix/cea429930429/protenix/seed_2087967004/018_block_a_switch_test_oprk_apo_protenix_OPRK_protenix_0/seed_2087967004/predictions/018_block_a_switch_test_oprk_apo_protenix_OPRK_protenix_0_sample_0.cif,OPRK__apo__protenix__seed2087967004__sample0__40a06aba.cif,opioid
416,LSHR,protenix,apo,1873904978,protenix/apo/act,True,10.365476608276367,2.9293039569894805,17.416565157539925,0.9476,2.7306,75.94949129687382,/hpc/scratch/sengaad1/paper_af3/experiments/018_block_a_switch_test/018_block_a_switch_test_lshr_apo_protenix/e03319c44edf/protenix/seed_1873904978/018_block_a_switch_test_lshr_apo_protenix_LSHR_protenix_0/seed_1873904978/predictions/018_block_a_switch_test_lshr_apo_protenix_LSHR_protenix_0_sample_4.cif,LSHR__apo__protenix__seed1873904978__sample4__627f8fdc.cif,GLYCOPROTEIN
417,FSHR,protenix,apo,876274389,protenix/apo/act,True,10.858433723449707,3.4314105594943385,16.149831755179772,1.6166,1.3197,75.83188540868447,/hpc/scratch/sengaad1/paper_af3/experiments/018_block_a_switch_test/018_block_a_switch_test_fshr_apo_protenix/8fc77dbed10e/protenix/seed_876274389/018_block_a_switch_test_fshr_apo_protenix_FSHR_protenix_2/seed_876274389/predictions/018_block_a_switch_test_fshr_apo_protenix_FSHR_protenix_2_sample_1.cif,FSHR__apo__protenix__seed876274389__sample1__d0cd6689.cif,GLYCOPROTEIN
418,5HT1B,protenix,apo,1290106767,protenix/apo/act,True,10.869850158691406,4.814952042804818,15.36835229041451,1.5328,1.0096,73.17440450606655,/hpc/scratch/sengaad1/paper_af3/experiments/018_block_a_switch_test/018_block_a_switch_test_5ht1b_apo_protenix/7591e2045c98/protenix/seed_1290106767/018_block_a_switch_test_5ht1b_apo_protenix_5HT1B_protenix_0/seed_1290106767/predictions/018_block_a_switch_test_5ht1b_apo_protenix_5HT1B_protenix_0_sample_0.cif,5HT1B__apo__protenix__seed1290106767__sample0__e06dfdd1.cif,5HT
419,FSHR,protenix,apo,1475141982,protenix/apo/act,True,11.22276782989502,2.721950501832453,15.089983617405508,1.8238,1.1298,75.5485917052575,/hpc/scratch/sengaad1/paper_af3/experiments/018_block_a_switch_test/018_block_a_switch_test_fshr_apo_protenix/7a786254c272/protenix/seed_1475141982/018_block_a_switch_test_fshr_apo_protenix_FSHR_protenix_0/seed_1475141982/predictions/018_block_a_switch_test_fshr_apo_protenix_FSHR_protenix_0_sample_1.cif,FSHR__apo__protenix__seed1475141982__sample1__822770c2.cif,GLYCOPROTEIN
420,CXCR4,protenix,apo,505463284,protenix/apo/act,True,10.270622253417969,4.475501320983537,17.15611174550032,0.7789,2.1746,76.02463143169685,/hpc/scratch/sengaad1/paper_af3/experiments/018_block_a_switch_test/018_block_a_switch_test_cxcr4_apo_protenix/281b9239f41d/protenix/seed_505463284/018_block_a_switch_test_cxcr4_apo_protenix_CXCR4_protenix_3/seed_505463284/predictions/018_block_a_switch_test_cxcr4_apo_protenix_CXCR4_protenix_3_sample_1.cif,CXCR4__apo__protenix__seed505463284__sample1__af710845.cif,CXCR
421,LSHR,protenix,apo,662052819,protenix/apo/act,True,10.411382675170898,3.0814700202897876,17.793831450685516,0.7787,2.939,75.31614901637677,/hpc/scratch/sengaad1/paper_af3/experiments/018_block_a_switch_test/018_block_a_switch_test_lshr_apo_protenix/aa18efa8f1ba/protenix/seed_662052819/018_block_a_switch_test_lshr_apo_protenix_LSHR_protenix_3/seed_662052819/predictions/018_block_a_switch_test_lshr_apo_protenix_LSHR_protenix_3_sample_0.cif,LSHR__apo__protenix__seed662052819__sample0__5a5b71db.cif,GLYCOPROTEIN
422,LSHR,protenix,apo,662052819,protenix/apo/act,True,10.355303764343262,3.0468135586015515,17.785356326400493,0.7988,3.0644,75.36431484666167,/hpc/scratch/sengaad1/paper_af3/experiments/018_block_a_switch_test/018_block_a_switch_test_lshr_apo_protenix/aa18efa8f1ba/protenix/seed_662052819/018_block_a_switch_test_lshr_apo_protenix_LSHR_protenix_3/seed_662052819/predictions/018_block_a_switch_test_lshr_apo_protenix_LSHR_protenix_3_sample_3.cif,LSHR__apo__protenix__seed662052819__sample3__ab909f52.cif,GLYCOPROTEIN
423,CNR1,protenix,apo,1471946937,protenix/apo/act,True,11.521907806396484,3.4474906001522907,16.844108475295638,1.2181,2.67,68.22770308874573,/hpc/scratch/sengaad1/paper_af3/experiments/018_block_a_switch_test/018_block_a_switch_test_cnr1_apo_protenix/d229d8e060d0/protenix/seed_1471946937/018_block_a_switch_test_cnr1_apo_protenix_CNR1_protenix_4/seed_1471946937/predictions/018_block_a_switch_test_cnr1_apo_protenix_CNR1_protenix_4_sample_4.cif,CNR1__apo__protenix__seed1471946937__sample4__62630fab.cif,CNR
424,LSHR,protenix,apo,1506218368,protenix/apo/act,True,10.485682487487793,2.9934915332259866,17.465594460418103,0.9655,2.7143,75.50930584786862,/hpc/scratch/sengaad1/paper_af3/experiments/018_block_a_switch_test/018_block_a_switch_test_lshr_apo_protenix/58c8118fd2b8/protenix/seed_1506218368/018_block_a_switch_test_lshr_apo_protenix_LSHR_protenix_1/seed_1506218368/predictions/018_block_a_switch_test_lshr_apo_protenix_LSHR_protenix_1_sample_2.cif,LSHR__apo__protenix__seed1506218368__sample2__74bab892.cif,GLYCOPROTEIN
425,CXCR4,protenix,apo,505463284,protenix/apo/act,True,10.265801429748535,4.393142944964015,17.224767779366513,0.6651,2.2129,76.00981381618921,/hpc/scratch/sengaad1/paper_af3/experiments/018_block_a_switch_test/018_block_a_switch_test_cxcr4_apo_protenix/281b9239f41d/protenix/seed_505463284/018_block_a_switch_test_cxcr4_apo_protenix_CXCR4_protenix_3/seed_505463284/predictions/018_block_a_switch_test_cxcr4_apo_protenix_CXCR4_protenix_3_sample_2.cif,CXCR4__apo__protenix__seed505463284__sample2__f5065168.cif,CXCR
426,FSHR,protenix,apo,864610710,protenix/apo/act,True,10.897741317749023,3.224261093597824,16.408433817986833,1.5186,1.429,76.45584705063732,/hpc/scratch/sengaad1/paper_af3/experiments/018_block_a_switch_test/018_block_a_switch_test_fshr_apo_protenix/76f2576a9b1c/protenix/seed_864610710/018_block_a_switch_test_fshr_apo_protenix_FSHR_protenix_1/seed_864610710/predictions/018_block_a_switch_test_fshr_apo_protenix_FSHR_protenix_1_sample_3.cif,FSHR__apo__protenix__seed864610710__sample3__7babda7b.cif,GLYCOPROTEIN
427,CNR1,protenix,apo,2113085185,protenix/apo/act,True,11.31829833984375,3.4674095238499674,16.81854207108076,1.1801,2.6504,69.05626351586423,/hpc/scratch/sengaad1/paper_af3/experiments/018_block_a_switch_test/018_block_a_switch_test_cnr1_apo_protenix/ebf311deb67c/protenix/seed_2113085185/018_block_a_switch_test_cnr1_apo_protenix_CNR1_protenix_2/seed_2113085185/predictions/018_block_a_switch_test_cnr1_apo_protenix_CNR1_protenix_2_sample_4.cif,CNR1__apo__protenix__seed2113085185__sample4__2edccd0c.cif,CNR
428,FSHR,protenix,apo,1975846814,protenix/apo/act,True,11.239232063293457,3.261200363110828,16.523749395550567,1.5265,1.4274,76.14436466452314,/hpc/scratch/sengaad1/paper_af3/experiments/018_block_a_switch_test/018_block_a_switch_test_fshr_apo_protenix/e2c0c50a1342/protenix/seed_1975846814/018_block_a_switch_test_fshr_apo_protenix_FSHR_protenix_4/seed_1975846814/predictions/018_block_a_switch_test_fshr_apo_protenix_FSHR_protenix_4_sample_3.cif,FSHR__apo__protenix__seed1975846814__sample3__9ec4ee01.cif,GLYCOPROTEIN
429,CNR1,protenix,apo,1576456460,protenix/apo/act,True,11.406519889831543,3.674551296772334,16.828259218414992,1.1247,2.6143,68.9163828726621,/hpc/scratch/sengaad1/paper_af3/experiments/018_block_a_switch_test/018_block_a_switch_test_cnr1_apo_protenix/c9c0adb5dfee/protenix/seed_1576456460/018_block_a_switch_test_cnr1_apo_protenix_CNR1_protenix_3/seed_1576456460/predictions/018_block_a_switch_test_cnr1_apo_protenix_CNR1_protenix_3_sample_4.cif,CNR1__apo__protenix__seed1576456460__sample4__92112985.cif,CNR
430,LSHR,protenix,apo,1506218368,protenix/apo/act,True,10.503325462341309,3.0529075234480083,17.302975661091374,1.027,2.6668,75.58658310265231,/hpc/scratch/sengaad1/paper_af3/experiments/018_block_a_switch_test/018_block_a_switch_test_lshr_apo_protenix/58c8118fd2b8/protenix/seed_1506218368/018_block_a_switch_test_lshr_apo_protenix_LSHR_protenix_1/seed_1506218368/predictions/018_block_a_switch_test_lshr_apo_protenix_LSHR_protenix_1_sample_4.cif,LSHR__apo__protenix__seed1506218368__sample4__f284a6b2.cif,GLYCOPROTEIN
431,FSHR,protenix,apo,864610710,protenix/apo/act,True,10.699474334716797,3.0282217244472043,16.286716044472506,1.5667,1.4655,76.36157374685318,/hpc/scratch/sengaad1/paper_af3/experiments/018_block_a_switch_test/018_block_a_switch_test_fshr_apo_protenix/76f2576a9b1c/protenix/seed_864610710/018_block_a_switch_test_fshr_apo_protenix_FSHR_protenix_1/seed_864610710/predictions/018_block_a_switch_test_fshr_apo_protenix_FSHR_protenix_1_sample_2.cif,FSHR__apo__protenix__seed864610710__sample2__0127842a.cif,GLYCOPROTEIN
432,LSHR,protenix,apo,1873904978,protenix/apo/act,True,10.481097221374512,2.83917535655781,17.433706378853472,0.8917,2.7686,75.9669526646649,/hpc/scratch/sengaad1/paper_af3/experiments/018_block_a_switch_test/018_block_a_switch_test_lshr_apo_protenix/e03319c44edf/protenix/seed_1873904978/018_block_a_switch_test_lshr_apo_protenix_LSHR_protenix_0/seed_1873904978/predictions/018_block_a_switch_test_lshr_apo_protenix_LSHR_protenix_0_sample_3.cif,LSHR__apo__protenix__seed1873904978__sample3__6f7bc645.cif,GLYCOPROTEIN
433,CNR1,protenix,apo,1471946937,protenix/apo/act,True,11.383434295654297,3.655909309063316,16.883913489346856,1.1664,2.6333,67.78811562424096,/hpc/scratch/sengaad1/paper_af3/experiments/018_block_a_switch_test/018_block_a_switch_test_cnr1_apo_protenix/d229d8e060d0/protenix/seed_1471946937/018_block_a_switch_test_cnr1_apo_protenix_CNR1_protenix_4/seed_1471946937/predictions/018_block_a_switch_test_cnr1_apo_protenix_CNR1_protenix_4_sample_0.cif,CNR1__apo__protenix__seed1471946937__sample0__35b93287.cif,CNR
434,FSHR,protenix,apo,876274389,protenix/apo/act,True,10.767267227172852,3.5968260879324565,16.153252248203014,1.5712,1.3424,75.81939127735417,/hpc/scratch/sengaad1/paper_af3/experiments/018_block_a_switch_test/018_block_a_switch_test_fshr_apo_protenix/8fc77dbed10e/protenix/seed_876274389/018_block_a_switch_test_fshr_apo_protenix_FSHR_protenix_2/seed_876274389/predictions/018_block_a_switch_test_fshr_apo_protenix_FSHR_protenix_2_sample_4.cif,FSHR__apo__protenix__seed876274389__sample4__b2b57540.cif,GLYCOPROTEIN
435,CNR1,protenix,apo,1865652875,protenix/apo/act,True,11.411261558532715,3.5518295975876786,16.863052375997828,1.1353,2.6243,68.32714751532458,/hpc/scratch/sengaad1/paper_af3/experiments/018_block_a_switch_test/018_block_a_switch_test_cnr1_apo_protenix/d2183be69770/protenix/seed_1865652875/018_block_a_switch_test_cnr1_apo_protenix_CNR1_protenix_1/seed_1865652875/predictions/018_block_a_switch_test_cnr1_apo_protenix_CNR1_protenix_1_sample_4.cif,CNR1__apo__protenix__seed1865652875__sample4__3940e48e.cif,CNR
436,CNR1,protenix,apo,2113085185,protenix/apo/act,True,11.45697021484375,3.601482590875319,16.781811828222367,1.1665,2.5926,68.23487693093233,/hpc/scratch/sengaad1/paper_af3/experiments/018_block_a_switch_test/018_block_a_switch_test_cnr1_apo_protenix/ebf311deb67c/protenix/seed_2113085185/018_block_a_switch_test_cnr1_apo_protenix_CNR1_protenix_2/seed_2113085185/predictions/018_block_a_switch_test_cnr1_apo_protenix_CNR1_protenix_2_sample_2.cif,CNR1__apo__protenix__seed2113085185__sample2__9195f1ef.cif,CNR
437,LSHR,protenix,apo,771399880,protenix/apo/act,True,10.50814437866211,3.145678076125081,17.47120204391834,0.8459,2.7679,75.7012848807192,/hpc/scratch/sengaad1/paper_af3/experiments/018_block_a_switch_test/018_block_a_switch_test_lshr_apo_protenix/5c730c23a1ff/protenix/seed_771399880/018_block_a_switch_test_lshr_apo_protenix_LSHR_protenix_2/seed_771399880/predictions/018_block_a_switch_test_lshr_apo_protenix_LSHR_protenix_2_sample_2.cif,LSHR__apo__protenix__seed771399880__sample2__ff4bddb3.cif,GLYCOPROTEIN
438,FSHR,protenix,apo,1975846814,protenix/apo/act,True,11.001206398010254,2.986385905390997,16.437171316423612,1.5884,1.4446,76.21049032578094,/hpc/scratch/sengaad1/paper_af3/experiments/018_block_a_switch_test/018_block_a_switch_test_fshr_apo_protenix/e2c0c50a1342/protenix/seed_1975846814/018_block_a_switch_test_fshr_apo_protenix_FSHR_protenix_4/seed_1975846814/predictions/018_block_a_switch_test_fshr_apo_protenix_FSHR_protenix_4_sample_4.cif,FSHR__apo__protenix__seed1975846814__sample4__ac2bd8cf.cif,GLYCOPROTEIN
439,CXCR4,protenix,apo,505463284,protenix/apo/act,True,10.308953285217285,4.657219663819678,17.566987493369254,0.7729,2.1891,75.89892327015433,/hpc/scratch/sengaad1/paper_af3/experiments/018_block_a_switch_test/018_block_a_switch_test_cxcr4_apo_protenix/281b9239f41d/protenix/seed_505463284/018_block_a_switch_test_cxcr4_apo_protenix_CXCR4_protenix_3/seed_505463284/predictions/018_block_a_switch_test_cxcr4_apo_protenix_CXCR4_protenix_3_sample_0.cif,CXCR4__apo__protenix__seed505463284__sample0__cfefaea4.cif,CXCR
440,CNR1,protenix,apo,1471946937,protenix/apo/act,True,11.462864875793457,3.3680549665739483,16.950954943938864,1.1942,2.671,68.30652880349909,/hpc/scratch/sengaad1/paper_af3/experiments/018_block_a_switch_test/018_block_a_switch_test_cnr1_apo_protenix/d229d8e060d0/protenix/seed_1471946937/018_block_a_switch_test_cnr1_apo_protenix_CNR1_protenix_4/seed_1471946937/predictions/018_block_a_switch_test_cnr1_apo_protenix_CNR1_protenix_4_sample_2.cif,CNR1__apo__protenix__seed1471946937__sample2__7c996a5a.cif,CNR
441,CNR1,protenix,apo,1865652875,protenix/apo/act,True,11.561463356018066,3.737476567602332,16.798847702962174,1.1783,2.6289,67.4207871771185,/hpc/scratch/sengaad1/paper_af3/experiments/018_block_a_switch_test/018_block_a_switch_test_cnr1_apo_protenix/d2183be69770/protenix/seed_1865652875/018_block_a_switch_test_cnr1_apo_protenix_CNR1_protenix_1/seed_1865652875/predictions/018_block_a_switch_test_cnr1_apo_protenix_CNR1_protenix_1_sample_2.cif,CNR1__apo__protenix__seed1865652875__sample2__dcb888ea.cif,CNR
442,LSHR,protenix,apo,1873904978,protenix/apo/act,True,10.446148872375488,3.1764193319862173,17.439824361511103,0.8607,2.7929,75.92539623243722,/hpc/scratch/sengaad1/paper_af3/experiments/018_block_a_switch_test/018_block_a_switch_test_lshr_apo_protenix/e03319c44edf/protenix/seed_1873904978/018_block_a_switch_test_lshr_apo_protenix_LSHR_protenix_0/seed_1873904978/predictions/018_block_a_switch_test_lshr_apo_protenix_LSHR_protenix_0_sample_2.cif,LSHR__apo__protenix__seed1873904978__sample2__5507ea4a.cif,GLYCOPROTEIN
443,LSHR,protenix,apo,766320962,protenix/apo/act,True,10.487099647521973,3.003800404830069,17.417513045611084,0.9556,2.8014,74.99008153039111,/hpc/scratch/sengaad1/paper_af3/experiments/018_block_a_switch_test/018_block_a_switch_test_lshr_apo_protenix/6827042d5003/protenix/seed_766320962/018_block_a_switch_test_lshr_apo_protenix_LSHR_protenix_4/seed_766320962/predictions/018_block_a_switch_test_lshr_apo_protenix_LSHR_protenix_4_sample_3.cif,LSHR__apo__protenix__seed766320962__sample3__62eaf01c.cif,GLYCOPROTEIN
444,LSHR,protenix,apo,662052819,protenix/apo/act,True,10.41556453704834,3.145320759935347,17.5921470173846,0.8754,2.81,75.47029322842988,/hpc/scratch/sengaad1/paper_af3/experiments/018_block_a_switch_test/018_block_a_switch_test_lshr_apo_protenix/aa18efa8f1ba/protenix/seed_662052819/018_block_a_switch_test_lshr_apo_protenix_LSHR_protenix_3/seed_662052819/predictions/018_block_a_switch_test_lshr_apo_protenix_LSHR_protenix_3_sample_2.cif,LSHR__apo__protenix__seed662052819__sample2__00aab238.cif,GLYCOPROTEIN
445,CNR1,protenix,apo,396214796,protenix/apo/act,True,11.45566177368164,3.424869105873253,17.011077939284338,1.1528,2.6639,67.11504150543865,/hpc/scratch/sengaad1/paper_af3/experiments/018_block_a_switch_test/018_block_a_switch_test_cnr1_apo_protenix/a63617066a3e/protenix/seed_396214796/018_block_a_switch_test_cnr1_apo_protenix_CNR1_protenix_0/seed_396214796/predictions/018_block_a_switch_test_cnr1_apo_protenix_CNR1_protenix_0_sample_0.cif,CNR1__apo__protenix__seed396214796__sample0__16617047.cif,CNR
446,CNR1,protenix,apo,396214796,protenix/apo/act,True,11.547746658325195,3.436193082493807,16.725868908503276,1.1628,2.5729,68.03549220469411,/hpc/scratch/sengaad1/paper_af3/experiments/018_block_a_switch_test/018_block_a_switch_test_cnr1_apo_protenix/a63617066a3e/protenix/seed_396214796/018_block_a_switch_test_cnr1_apo_protenix_CNR1_protenix_0/seed_396214796/predictions/018_block_a_switch_test_cnr1_apo_protenix_CNR1_protenix_0_sample_3.cif,CNR1__apo__protenix__seed396214796__sample3__b07b8929.cif,CNR
447,LSHR,protenix,apo,771399880,protenix/apo/act,True,10.365677833557129,3.2327439144423407,17.66024261316953,0.9192,2.8015,75.6938612625945,/hpc/scratch/sengaad1/paper_af3/experiments/018_block_a_switch_test/018_block_a_switch_test_lshr_apo_protenix/5c730c23a1ff/protenix/seed_771399880/018_block_a_switch_test_lshr_apo_protenix_LSHR_protenix_2/seed_771399880/predictions/018_block_a_switch_test_lshr_apo_protenix_LSHR_protenix_2_sample_3.cif,LSHR__apo__protenix__seed771399880__sample3__6b7bc924.cif,GLYCOPROTEIN
448,5HT2C,protenix,cognate,1045036215,protenix/cognate/ina,False,11.47521686553955,11.84921604662815,17.02105334797328,1.0081,1.8043,65.2092867932231,/hpc/scratch/sengaad1/paper_af3/experiments/018_block_a_switch_test/018_block_a_switch_test_5ht2c_cognate_protenix/9753456cd72d/protenix/seed_1045036215/018_block_a_switch_test_5ht2c_cognate_protenix_5HT2C_protenix_4/seed_1045036215/predictions/018_block_a_switch_test_5ht2c_cognate_protenix_5HT2C_protenix_4_sample_0.cif,5HT2C__cognate__protenix__seed1045036215__sample0__915e4943.cif,5HT
449,ACM1,protenix,cognate,398471621,protenix/cognate/ina,False,11.550228118896484,32.037007604270386,16.42281379767295,,,37.44976620339563,/hpc/scratch/sengaad1/paper_af3/experiments/018_block_a_switch_test/018_block_a_switch_test_acm1_cognate_protenix/e2f5645871d8/protenix/seed_398471621/018_block_a_switch_test_acm1_cognate_protenix_ACM1_protenix_0/seed_398471621/predictions/018_block_a_switch_test_acm1_cognate_protenix_ACM1_protenix_0_sample_1.cif,ACM1__cognate__protenix__seed398471621__sample1__22c25251.cif,ACM
450,5HT2C,protenix,cognate,2020642955,protenix/cognate/ina,False,11.180319786071777,12.24251079401125,16.908805559616223,0.9597,1.7137,65.39442767180174,/hpc/scratch/sengaad1/paper_af3/experiments/018_block_a_switch_test/018_block_a_switch_test_5ht2c_cognate_protenix/451d455c7bbb/protenix/seed_2020642955/018_block_a_switch_test_5ht2c_cognate_protenix_5HT2C_protenix_2/seed_2020642955/predictions/018_block_a_switch_test_5ht2c_cognate_protenix_5HT2C_protenix_2_sample_0.cif,5HT2C__cognate__protenix__seed2020642955__sample0__bc11f9be.cif,5HT
451,5HT2C,protenix,cognate,1045036215,protenix/cognate/ina,False,11.323503494262695,12.214736574838351,17.202979774600358,0.9683,1.8039,65.3994967029994,/hpc/scratch/sengaad1/paper_af3/experiments/018_block_a_switch_test/018_block_a_switch_test_5ht2c_cognate_protenix/9753456cd72d/protenix/seed_1045036215/018_block_a_switch_test_5ht2c_cognate_protenix_5HT2C_protenix_4/seed_1045036215/predictions/018_block_a_switch_test_5ht2c_cognate_protenix_5HT2C_protenix_4_sample_2.cif,5HT2C__cognate__protenix__seed1045036215__sample2__ea66a4c6.cif,5HT
452,5HT2C,protenix,cognate,98216466,protenix/cognate/ina,False,11.315164566040039,12.089150772700332,17.085582363912504,0.9885,1.7584,65.22837688113535,/hpc/scratch/sengaad1/paper_af3/experiments/018_block_a_switch_test/018_block_a_switch_test_5ht2c_cognate_protenix/151299dd5ec1/protenix/seed_98216466/018_block_a_switch_test_5ht2c_cognate_protenix_5HT2C_protenix_0/seed_98216466/predictions/018_block_a_switch_test_5ht2c_cognate_protenix_5HT2C_protenix_0_sample_1.cif,5HT2C__cognate__protenix__seed98216466__sample1__1dd2cd74.cif,5HT
453,5HT2C,protenix,cognate,1045036215,protenix/cognate/ina,False,11.2988920211792,12.250305986772558,16.997620369017472,0.9712,1.7313,65.37038056007344,/hpc/scratch/sengaad1/paper_af3/experiments/018_block_a_switch_test/018_block_a_switch_test_5ht2c_cognate_protenix/9753456cd72d/protenix/seed_1045036215/018_block_a_switch_test_5ht2c_cognate_protenix_5HT2C_protenix_4/seed_1045036215/predictions/018_block_a_switch_test_5ht2c_cognate_protenix_5HT2C_protenix_4_sample_1.cif,5HT2C__cognate__protenix__seed1045036215__sample1__a936a14d.cif,5HT
454,5HT2C,protenix,cognate,1045036215,protenix/cognate/ina,False,11.339635848999023,12.170086619756734,17.273352273550536,0.945,1.7769,65.84185700550664,/hpc/scratch/sengaad1/paper_af3/experiments/018_block_a_switch_test/018_block_a_switch_test_5ht2c_cognate_protenix/9753456cd72d/protenix/seed_1045036215/018_block_a_switch_test_5ht2c_cognate_protenix_5HT2C_protenix_4/seed_1045036215/predictions/018_block_a_switch_test_5ht2c_cognate_protenix_5HT2C_protenix_4_sample_3.cif,5HT2C__cognate__protenix__seed1045036215__sample3__c4d07c08.cif,5HT
455,ACM1,protenix,cognate,398471621,protenix/cognate/ina,False,8.871846199035645,22.146646292493248,36.75311620415271,,,37.440244966644784,/hpc/scratch/sengaad1/paper_af3/experiments/018_block_a_switch_test/018_block_a_switch_test_acm1_cognate_protenix/e2f5645871d8/protenix/seed_398471621/018_block_a_switch_test_acm1_cognate_protenix_ACM1_protenix_0/seed_398471621/predictions/018_block_a_switch_test_acm1_cognate_protenix_ACM1_protenix_0_sample_4.cif,ACM1__cognate__protenix__seed398471621__sample4__89b8b639.cif,ACM
456,ACM1,protenix,cognate,636105161,protenix/cognate/ina,False,11.02299690246582,25.81501738117192,21.82041469981535,,,37.04807450710482,/hpc/scratch/sengaad1/paper_af3/experiments/018_block_a_switch_test/018_block_a_switch_test_acm1_cognate_protenix/9ce84344170c/protenix/seed_636105161/018_block_a_switch_test_acm1_cognate_protenix_ACM1_protenix_4/seed_636105161/predictions/018_block_a_switch_test_acm1_cognate_protenix_ACM1_protenix_4_sample_1.cif,ACM1__cognate__protenix__seed636105161__sample1__5faa8c7b.cif,ACM
457,5HT2C,protenix,cognate,1305988427,protenix/cognate/ina,False,11.301468849182129,12.266042649464229,17.034361139628032,0.9808,1.7413,64.6846251660023,/hpc/scratch/sengaad1/paper_af3/experiments/018_block_a_switch_test/018_block_a_switch_test_5ht2c_cognate_protenix/4527466189df/protenix/seed_1305988427/018_block_a_switch_test_5ht2c_cognate_protenix_5HT2C_protenix_1/seed_1305988427/predictions/018_block_a_switch_test_5ht2c_cognate_protenix_5HT2C_protenix_1_sample_1.cif,5HT2C__cognate__protenix__seed1305988427__sample1__986892fd.cif,5HT
458,ACM1,protenix,cognate,398471621,protenix/cognate/ina,False,11.823832511901855,30.455731393895256,23.489053214301443,,,37.78039934947309,/hpc/scratch/sengaad1/paper_af3/experiments/018_block_a_switch_test/018_block_a_switch_test_acm1_cognate_protenix/e2f5645871d8/protenix/seed_398471621/018_block_a_switch_test_acm1_cognate_protenix_ACM1_protenix_0/seed_398471621/predictions/018_block_a_switch_test_acm1_cognate_protenix_ACM1_protenix_0_sample_2.cif,ACM1__cognate__protenix__seed398471621__sample2__3e7921d5.cif,ACM
459,ACM1,protenix,cognate,1593704930,protenix/cognate/ina,False,10.858389854431152,23.373243629987986,9.1546913606222,,,39.626247525620215,/hpc/scratch/sengaad1/paper_af3/experiments/018_block_a_switch_test/018_block_a_switch_test_acm1_cognate_protenix/f0791eb053c4/protenix/seed_1593704930/018_block_a_switch_test_acm1_cognate_protenix_ACM1_protenix_3/seed_1593704930/predictions/018_block_a_switch_test_acm1_cognate_protenix_ACM1_protenix_3_sample_0.cif,ACM1__cognate__protenix__seed1593704930__sample0__70eef6ba.cif,ACM
460,ACM1,protenix,cognate,1593704930,protenix/cognate/ina,False,8.9696626663208,28.17165283590819,39.164331904948675,,,39.01220584913018,/hpc/scratch/sengaad1/paper_af3/experiments/018_block_a_switch_test/018_block_a_switch_test_acm1_cognate_protenix/f0791eb053c4/protenix/seed_1593704930/018_block_a_switch_test_acm1_cognate_protenix_ACM1_protenix_3/seed_1593704930/predictions/018_block_a_switch_test_acm1_cognate_protenix_ACM1_protenix_3_sample_1.cif,ACM1__cognate__protenix__seed1593704930__sample1__a77f9390.cif,ACM
461,5HT2C,protenix,cognate,1182638214,protenix/cognate/ina,False,11.257792472839355,12.150578594844257,16.882665970821108,0.9555,1.7961,65.68115911005385,/hpc/scratch/sengaad1/paper_af3/experiments/018_block_a_switch_test/018_block_a_switch_test_5ht2c_cognate_protenix/b9b3de595be8/protenix/seed_1182638214/018_block_a_switch_test_5ht2c_cognate_protenix_5HT2C_protenix_3/seed_1182638214/predictions/018_block_a_switch_test_5ht2c_cognate_protenix_5HT2C_protenix_3_sample_3.cif,5HT2C__cognate__protenix__seed1182638214__sample3__c663a808.cif,5HT
462,ACM1,protenix,cognate,699125515,protenix/cognate/ina,False,9.79643440246582,28.54583796347331,30.988068235949353,,,39.45660690297715,/hpc/scratch/sengaad1/paper_af3/experiments/018_block_a_switch_test/018_block_a_switch_test_acm1_cognate_protenix/08c1f63e4639/protenix/seed_699125515/018_block_a_switch_test_acm1_cognate_protenix_ACM1_protenix_1/seed_699125515/predictions/018_block_a_switch_test_acm1_cognate_protenix_ACM1_protenix_1_sample_4.cif,ACM1__cognate__protenix__seed699125515__sample4__71fc8c8a.cif,ACM
463,MCHR1,protenix,cognate,1538267961,protenix/cognate/ina,False,9.895519256591797,10.689115674763055,17.216947128859918,0.9475,2.3941,68.08677639798404,/hpc/scratch/sengaad1/paper_af3/experiments/018_block_a_switch_test/018_block_a_switch_test_mchr1_cognate_protenix/8b7f7e493843/protenix/seed_1538267961/018_block_a_switch_test_mchr1_cognate_protenix_MCHR1_protenix_4/seed_1538267961/predictions/018_block_a_switch_test_mchr1_cognate_protenix_MCHR1_protenix_4_sample_1.cif,MCHR1__cognate__protenix__seed1538267961__sample1__4b7cfc08.cif,SINGLETON_MCHR1
464,5HT2C,protenix,cognate,98216466,protenix/cognate/ina,False,11.3599853515625,12.077763499800632,17.16596399391877,0.9493,1.7851,65.20544548656176,/hpc/scratch/sengaad1/paper_af3/experiments/018_block_a_switch_test/018_block_a_switch_test_5ht2c_cognate_protenix/151299dd5ec1/protenix/seed_98216466/018_block_a_switch_test_5ht2c_cognate_protenix_5HT2C_protenix_0/seed_98216466/predictions/018_block_a_switch_test_5ht2c_cognate_protenix_5HT2C_protenix_0_sample_4.cif,5HT2C__cognate__protenix__seed98216466__sample4__1b155e3d.cif,5HT
465,ACM1,protenix,cognate,636105161,protenix/cognate/ina,False,9.642894744873047,25.247369110134212,14.239551999192123,,,38.00200992050341,/hpc/scratch/sengaad1/paper_af3/experiments/018_block_a_switch_test/018_block_a_switch_test_acm1_cognate_protenix/9ce84344170c/protenix/seed_636105161/018_block_a_switch_test_acm1_cognate_protenix_ACM1_protenix_4/seed_636105161/predictions/018_block_a_switch_test_acm1_cognate_protenix_ACM1_protenix_4_sample_2.cif,ACM1__cognate__protenix__seed636105161__sample2__d74ec8a3.cif,ACM
466,5HT2C,protenix,cognate,98216466,protenix/cognate/ina,False,11.27485179901123,12.342325821771334,17.14175280568571,0.9482,1.7613,64.92179677332173,/hpc/scratch/sengaad1/paper_af3/experiments/018_block_a_switch_test/018_block_a_switch_test_5ht2c_cognate_protenix/151299dd5ec1/protenix/seed_98216466/018_block_a_switch_test_5ht2c_cognate_protenix_5HT2C_protenix_0/seed_98216466/predictions/018_block_a_switch_test_5ht2c_cognate_protenix_5HT2C_protenix_0_sample_0.cif,5HT2C__cognate__protenix__seed98216466__sample0__fe5216a8.cif,5HT
467,ACM1,protenix,cognate,1593704930,protenix/cognate/ina,False,10.189597129821777,33.79635321628013,25.758962027903415,,,38.283225228133695,/hpc/scratch/sengaad1/paper_af3/experiments/018_block_a_switch_test/018_block_a_switch_test_acm1_cognate_protenix/f0791eb053c4/protenix/seed_1593704930/018_block_a_switch_test_acm1_cognate_protenix_ACM1_protenix_3/seed_1593704930/predictions/018_block_a_switch_test_acm1_cognate_protenix_ACM1_protenix_3_sample_3.cif,ACM1__cognate__protenix__seed1593704930__sample3__01f51898.cif,ACM
468,ACM1,protenix,cognate,636105161,protenix/cognate/ina,False,10.484533309936523,29.92994624994399,16.79724776565483,,,37.78202843282833,/hpc/scratch/sengaad1/paper_af3/experiments/018_block_a_switch_test/018_block_a_switch_test_acm1_cognate_protenix/9ce84344170c/protenix/seed_636105161/018_block_a_switch_test_acm1_cognate_protenix_ACM1_protenix_4/seed_636105161/predictions/018_block_a_switch_test_acm1_cognate_protenix_ACM1_protenix_4_sample_0.cif,ACM1__cognate__protenix__seed636105161__sample0__30468d35.cif,ACM
469,5HT2C,protenix,cognate,98216466,protenix/cognate/ina,False,11.378540992736816,12.169146182004075,17.150515116684815,0.9808,1.8263,64.80040376167577,/hpc/scratch/sengaad1/paper_af3/experiments/018_block_a_switch_test/018_block_a_switch_test_5ht2c_cognate_protenix/151299dd5ec1/protenix/seed_98216466/018_block_a_switch_test_5ht2c_cognate_protenix_5HT2C_protenix_0/seed_98216466/predictions/018_block_a_switch_test_5ht2c_cognate_protenix_5HT2C_protenix_0_sample_2.cif,5HT2C__cognate__protenix__seed98216466__sample2__0f415ec0.cif,5HT
470,5HT2C,protenix,cognate,1305988427,protenix/cognate/ina,False,11.346853256225586,12.010846666712,16.805561311638446,1.0525,1.7571,64.95422365356853,/hpc/scratch/sengaad1/paper_af3/experiments/018_block_a_switch_test/018_block_a_switch_test_5ht2c_cognate_protenix/4527466189df/protenix/seed_1305988427/018_block_a_switch_test_5ht2c_cognate_protenix_5HT2C_protenix_1/seed_1305988427/predictions/018_block_a_switch_test_5ht2c_cognate_protenix_5HT2C_protenix_1_sample_3.cif,5HT2C__cognate__protenix__seed1305988427__sample3__1e2cdd1c.cif,5HT
471,MCHR1,protenix,cognate,218321297,protenix/cognate/ina,False,9.913156509399414,10.658048785982698,17.070172304348443,0.9011,2.3928,67.84233207770417,/hpc/scratch/sengaad1/paper_af3/experiments/018_block_a_switch_test/018_block_a_switch_test_mchr1_cognate_protenix/8c20e4cf0d5e/protenix/seed_218321297/018_block_a_switch_test_mchr1_cognate_protenix_MCHR1_protenix_1/seed_218321297/predictions/018_block_a_switch_test_mchr1_cognate_protenix_MCHR1_protenix_1_sample_0.cif,MCHR1__cognate__protenix__seed218321297__sample0__2ca86dda.cif,SINGLETON_MCHR1
472,ACM1,protenix,cognate,1340440218,protenix/cognate/ina,False,11.476481437683105,27.9304613407217,28.098539922695497,,,40.57671477186522,/hpc/scratch/sengaad1/paper_af3/experiments/018_block_a_switch_test/018_block_a_switch_test_acm1_cognate_protenix/def3c7ded591/protenix/seed_1340440218/018_block_a_switch_test_acm1_cognate_protenix_ACM1_protenix_2/seed_1340440218/predictions/018_block_a_switch_test_acm1_cognate_protenix_ACM1_protenix_2_sample_4.cif,ACM1__cognate__protenix__seed1340440218__sample4__2bfeace2.cif,ACM
473,ACM1,protenix,cognate,636105161,protenix/cognate/ina,False,10.536937713623047,30.889065675202495,25.35140584129575,,,38.295154129892815,/hpc/scratch/sengaad1/paper_af3/experiments/018_block_a_switch_test/018_block_a_switch_test_acm1_cognate_protenix/9ce84344170c/protenix/seed_636105161/018_block_a_switch_test_acm1_cognate_protenix_ACM1_protenix_4/seed_636105161/predictions/018_block_a_switch_test_acm1_cognate_protenix_ACM1_protenix_4_sample_4.cif,ACM1__cognate__protenix__seed636105161__sample4__a886b53c.cif,ACM
474,5HT2C,protenix,cognate,1045036215,protenix/cognate/ina,False,11.322394371032715,12.14340849411645,17.122033033976365,0.9662,1.7929,65.47061513590428,/hpc/scratch/sengaad1/paper_af3/experiments/018_block_a_switch_test/018_block_a_switch_test_5ht2c_cognate_protenix/9753456cd72d/protenix/seed_1045036215/018_block_a_switch_test_5ht2c_cognate_protenix_5HT2C_protenix_4/seed_1045036215/predictions/018_block_a_switch_test_5ht2c_cognate_protenix_5HT2C_protenix_4_sample_4.cif,5HT2C__cognate__protenix__seed1045036215__sample4__5a10669f.cif,5HT
475,5HT2C,protenix,cognate,98216466,protenix/cognate/ina,False,11.3931303024292,12.049694978197966,17.219489408170457,0.9491,1.8399,65.31594584205054,/hpc/scratch/sengaad1/paper_af3/experiments/018_block_a_switch_test/018_block_a_switch_test_5ht2c_cognate_protenix/151299dd5ec1/protenix/seed_98216466/018_block_a_switch_test_5ht2c_cognate_protenix_5HT2C_protenix_0/seed_98216466/predictions/018_block_a_switch_test_5ht2c_cognate_protenix_5HT2C_protenix_0_sample_3.cif,5HT2C__cognate__protenix__seed98216466__sample3__8ef25310.cif,5HT
476,ACM1,protenix,cognate,1340440218,protenix/cognate/ina,False,12.547178268432617,23.87145957413869,33.62567353403553,,,39.62829483699272,/hpc/scratch/sengaad1/paper_af3/experiments/018_block_a_switch_test/018_block_a_switch_test_acm1_cognate_protenix/def3c7ded591/protenix/seed_1340440218/018_block_a_switch_test_acm1_cognate_protenix_ACM1_protenix_2/seed_1340440218/predictions/018_block_a_switch_test_acm1_cognate_protenix_ACM1_protenix_2_sample_1.cif,ACM1__cognate__protenix__seed1340440218__sample1__826b12f2.cif,ACM
477,5HT2C,protenix,cognate,1305988427,protenix/cognate/ina,False,11.230325698852539,12.088912731433124,16.947361650527053,1.0207,1.8209,64.93504689540289,/hpc/scratch/sengaad1/paper_af3/experiments/018_block_a_switch_test/018_block_a_switch_test_5ht2c_cognate_protenix/4527466189df/protenix/seed_1305988427/018_block_a_switch_test_5ht2c_cognate_protenix_5HT2C_protenix_1/seed_1305988427/predictions/018_block_a_switch_test_5ht2c_cognate_protenix_5HT2C_protenix_1_sample_0.cif,5HT2C__cognate__protenix__seed1305988427__sample0__1af261cb.cif,5HT
478,5HT2C,protenix,cognate,2020642955,protenix/cognate/ina,False,11.404549598693848,11.834126300985158,17.12998386984402,0.9659,1.8241,65.121640880355,/hpc/scratch/sengaad1/paper_af3/experiments/018_block_a_switch_test/018_block_a_switch_test_5ht2c_cognate_protenix/451d455c7bbb/protenix/seed_2020642955/018_block_a_switch_test_5ht2c_cognate_protenix_5HT2C_protenix_2/seed_2020642955/predictions/018_block_a_switch_test_5ht2c_cognate_protenix_5HT2C_protenix_2_sample_2.cif,5HT2C__cognate__protenix__seed2020642955__sample2__014368a9.cif,5HT
479,5HT2C,protenix,cognate,1182638214,protenix/cognate/ina,False,11.290518760681152,12.250204527145488,16.83101842134537,1.0143,1.7363,65.67685608724292,/hpc/scratch/sengaad1/paper_af3/experiments/018_block_a_switch_test/018_block_a_switch_test_5ht2c_cognate_protenix/b9b3de595be8/protenix/seed_1182638214/018_block_a_switch_test_5ht2c_cognate_protenix_5HT2C_protenix_3/seed_1182638214/predictions/018_block_a_switch_test_5ht2c_cognate_protenix_5HT2C_protenix_3_sample_1.cif,5HT2C__cognate__protenix__seed1182638214__sample1__338d07b5.cif,5HT
480,HRH1,protenix,cognate,2138369637,protenix/cognate/act,True,11.255459785461426,4.132034925344557,17.8011359896504,0.6138,2.1796,62.78206648756958,/hpc/scratch/sengaad1/paper_af3/experiments/018_block_a_switch_test/018_block_a_switch_test_hrh1_cognate_protenix/ee5c9b84b95a/protenix/seed_2138369637/018_block_a_switch_test_hrh1_cognate_protenix_HRH1_protenix_1/seed_2138369637/predictions/018_block_a_switch_test_hrh1_cognate_protenix_HRH1_protenix_1_sample_1.cif,HRH1__cognate__protenix__seed2138369637__sample1__f69f5be9.cif,HRH
481,DRD2,protenix,cognate,1447636958,protenix/cognate/act,True,11.072141647338867,3.94241444133316,17.35105253520135,1.0508,2.4859,63.58961144486766,/hpc/scratch/sengaad1/paper_af3/experiments/018_block_a_switch_test/018_block_a_switch_test_drd2_cognate_protenix/3cbb653bec9f/protenix/seed_1447636958/018_block_a_switch_test_drd2_cognate_protenix_DRD2_protenix_0/seed_1447636958/predictions/018_block_a_switch_test_drd2_cognate_protenix_DRD2_protenix_0_sample_0.cif,DRD2__cognate__protenix__seed1447636958__sample0__9f390d5c.cif,DRD
482,OPSD,protenix,cognate,1859529348,protenix/cognate/act,True,9.910086631774902,4.238408117415924,17.531415688067725,0.4272,2.3598,82.59936930355427,/hpc/scratch/sengaad1/paper_af3/experiments/018_block_a_switch_test/018_block_a_switch_test_opsd_cognate_protenix/3389ae43feb1/protenix/seed_1859529348/018_block_a_switch_test_opsd_cognate_protenix_OPSD_protenix_1/seed_1859529348/predictions/018_block_a_switch_test_opsd_cognate_protenix_OPSD_protenix_1_sample_2.cif,OPSD__cognate__protenix__seed1859529348__sample2__66db3ccf.cif,OPSIN
483,CCR5,protenix,cognate,1603698310,protenix/cognate/act,True,9.0481595993042,4.767411295275391,17.925181499045056,1.5315,1.9286,76.40787913057375,/hpc/scratch/sengaad1/paper_af3/experiments/018_block_a_switch_test/018_block_a_switch_test_ccr5_cognate_protenix/ff06ee3ee94a/protenix/seed_1603698310/018_block_a_switch_test_ccr5_cognate_protenix_CCR5_protenix_0/seed_1603698310/predictions/018_block_a_switch_test_ccr5_cognate_protenix_CCR5_protenix_0_sample_1.cif,CCR5__cognate__protenix__seed1603698310__sample1__5668f019.cif,SINGLETON_CCR5
484,ADRB2,protenix,cognate,1653393821,protenix/cognate/act,True,22.026470184326172,4.152410946617434,18.06974904860663,1.0829,2.2598,70.7680342332068,/hpc/scratch/sengaad1/paper_af3/experiments/018_block_a_switch_test/018_block_a_switch_test_adrb2_cognate_protenix/e9abec8ca123/protenix/seed_1653393821/018_block_a_switch_test_adrb2_cognate_protenix_ADRB2_protenix_3/seed_1653393821/predictions/018_block_a_switch_test_adrb2_cognate_protenix_ADRB2_protenix_3_sample_0.cif,ADRB2__cognate__protenix__seed1653393821__sample0__976f1561.cif,ADR
485,CNR2,protenix,cognate,1722115982,protenix/cognate/act,True,16.004776000976562,3.7876196993407087,16.53342017498885,0.7697,2.27,76.8508395520695,/hpc/scratch/sengaad1/paper_af3/experiments/018_block_a_switch_test/018_block_a_switch_test_cnr2_cognate_protenix/796e85c7f389/protenix/seed_1722115982/018_block_a_switch_test_cnr2_cognate_protenix_CNR2_protenix_3/seed_1722115982/predictions/018_block_a_switch_test_cnr2_cognate_protenix_CNR2_protenix_3_sample_0.cif,CNR2__cognate__protenix__seed1722115982__sample0__e19a022c.cif,CNR
486,CCKAR,protenix,cognate,1569270983,protenix/cognate/act,True,9.71902847290039,3.593524886341424,16.89939504689283,,,67.78928607016027,/hpc/scratch/sengaad1/paper_af3/experiments/018_block_a_switch_test/018_block_a_switch_test_cckar_cognate_protenix/dbfaeeee67c3/protenix/seed_1569270983/018_block_a_switch_test_cckar_cognate_protenix_CCKAR_protenix_0/seed_1569270983/predictions/018_block_a_switch_test_cckar_cognate_protenix_CCKAR_protenix_0_sample_2.cif,CCKAR__cognate__protenix__seed1569270983__sample2__103955a3.cif,SINGLETON_CCKAR
487,AA2AR,protenix,cognate,728018727,protenix/cognate/act,True,41.14441680908203,3.5625764815093692,17.812381131112964,0.5453,2.6667,70.98161845930814,/hpc/scratch/sengaad1/paper_af3/experiments/018_block_a_switch_test/018_block_a_switch_test_aa2ar_cognate_protenix/46aad11c28d1/protenix/seed_728018727/018_block_a_switch_test_aa2ar_cognate_protenix_AA2AR_protenix_3/seed_728018727/predictions/018_block_a_switch_test_aa2ar_cognate_protenix_AA2AR_protenix_3_sample_1.cif,AA2AR__cognate__protenix__seed728018727__sample1__c4696fe4.cif,ADA_adenosine
488,NPY1R,protenix,cognate,287358013,protenix/cognate/act,True,18.26113510131836,3.870249081189219,17.07961394561376,0.7917,2.0899,70.60783038668714,/hpc/scratch/sengaad1/paper_af3/experiments/018_block_a_switch_test/018_block_a_switch_test_npy1r_cognate_protenix/70565be18edb/protenix/seed_287358013/018_block_a_switch_test_npy1r_cognate_protenix_NPY1R_protenix_3/seed_287358013/predictions/018_block_a_switch_test_npy1r_cognate_protenix_NPY1R_protenix_3_sample_3.cif,NPY1R__cognate__protenix__seed287358013__sample3__767deeb0.cif,NPY
489,GHSR,protenix,cognate,2092983807,protenix/cognate/act,True,16.125253677368164,4.9645893338469085,17.38690406596754,0.6387,2.7798,73.31339675476313,/hpc/scratch/sengaad1/paper_af3/experiments/018_block_a_switch_test/018_block_a_switch_test_ghsr_cognate_protenix/77b684b30d78/protenix/seed_2092983807/018_block_a_switch_test_ghsr_cognate_protenix_GHSR_protenix_0/seed_2092983807/predictions/018_block_a_switch_test_ghsr_cognate_protenix_GHSR_protenix_0_sample_3.cif,GHSR__cognate__protenix__seed2092983807__sample3__3c661e23.cif,SINGLETON_GHSR
490,CXCR4,protenix,cognate,659889687,protenix/cognate/act,True,10.172194480895996,4.266350349110468,17.781774451902496,0.6928,2.2655,75.53866578512294,/hpc/scratch/sengaad1/paper_af3/experiments/018_block_a_switch_test/018_block_a_switch_test_cxcr4_cognate_protenix/0899066582cf/protenix/seed_659889687/018_block_a_switch_test_cxcr4_cognate_protenix_CXCR4_protenix_3/seed_659889687/predictions/018_block_a_switch_test_cxcr4_cognate_protenix_CXCR4_protenix_3_sample_0.cif,CXCR4__cognate__protenix__seed659889687__sample0__d25bde53.cif,CXCR
491,DRD3,protenix,cognate,1965462024,protenix/cognate/act,True,10.9663667678833,4.134827341532656,16.98448418584342,,,68.70403533978484,/hpc/scratch/sengaad1/paper_af3/experiments/018_block_a_switch_test/018_block_a_switch_test_drd3_cognate_protenix/5a6407797707/protenix/seed_1965462024/018_block_a_switch_test_drd3_cognate_protenix_DRD3_protenix_0/seed_1965462024/predictions/018_block_a_switch_test_drd3_cognate_protenix_DRD3_protenix_0_sample_4.cif,DRD3__cognate__protenix__seed1965462024__sample4__eb8f636d.cif,DRD
492,ADRB1,protenix,cognate,170798228,protenix/cognate/act,True,40.4094352722168,4.111573101909346,18.04726828735576,,,66.83435205643978,/hpc/scratch/sengaad1/paper_af3/experiments/018_block_a_switch_test/018_block_a_switch_test_adrb1_cognate_protenix/d87f1ddeea6f/protenix/seed_170798228/018_block_a_switch_test_adrb1_cognate_protenix_ADRB1_protenix_1/seed_170798228/predictions/018_block_a_switch_test_adrb1_cognate_protenix_ADRB1_protenix_1_sample_2.cif,ADRB1__cognate__protenix__seed170798228__sample2__97189a38.cif,ADR
493,AGTR1,protenix,cognate,1991779241,protenix/cognate/act,True,10.251242637634277,3.904437232608021,17.891413507162998,1.0861,2.288,74.88948653691031,/hpc/scratch/sengaad1/paper_af3/experiments/018_block_a_switch_test/018_block_a_switch_test_agtr1_cognate_protenix/fca9398ed227/protenix/seed_1991779241/018_block_a_switch_test_agtr1_cognate_protenix_AGTR1_protenix_3/seed_1991779241/predictions/018_block_a_switch_test_agtr1_cognate_protenix_AGTR1_protenix_3_sample_3.cif,AGTR1__cognate__protenix__seed1991779241__sample3__66d441d8.cif,SINGLETON_AGTR1
494,DRD3,protenix,cognate,1837178071,protenix/cognate/act,True,11.01778793334961,4.347902098776145,17.115344321525697,,,69.41172459198559,/hpc/scratch/sengaad1/paper_af3/experiments/018_block_a_switch_test/018_block_a_switch_test_drd3_cognate_protenix/2baf6c52a08d/protenix/seed_1837178071/018_block_a_switch_test_drd3_cognate_protenix_DRD3_protenix_3/seed_1837178071/predictions/018_block_a_switch_test_drd3_cognate_protenix_DRD3_protenix_3_sample_4.cif,DRD3__cognate__protenix__seed1837178071__sample4__d904c80f.cif,DRD
495,CNR1,protenix,cognate,1961342645,protenix/cognate/act,True,11.42553424835205,4.632181064763361,16.718444473100476,1.1956,2.5252,65.93457884303594,/hpc/scratch/sengaad1/paper_af3/experiments/018_block_a_switch_test/018_block_a_switch_test_cnr1_cognate_protenix/1276273c48b7/protenix/seed_1961342645/018_block_a_switch_test_cnr1_cognate_protenix_CNR1_protenix_0/seed_1961342645/predictions/018_block_a_switch_test_cnr1_cognate_protenix_CNR1_protenix_0_sample_0.cif,CNR1__cognate__protenix__seed1961342645__sample0__bcc6ce0e.cif,CNR
496,CXCR4,protenix,cognate,966749416,protenix/cognate/act,True,10.32345199584961,4.387073129864905,17.744677995870166,0.6686,2.2334,75.85475387826774,/hpc/scratch/sengaad1/paper_af3/experiments/018_block_a_switch_test/018_block_a_switch_test_cxcr4_cognate_protenix/168cc1853c76/protenix/seed_966749416/018_block_a_switch_test_cxcr4_cognate_protenix_CXCR4_protenix_2/seed_966749416/predictions/018_block_a_switch_test_cxcr4_cognate_protenix_CXCR4_protenix_2_sample_3.cif,CXCR4__cognate__protenix__seed966749416__sample3__d763a4db.cif,CXCR
497,LSHR,protenix,cognate,771568315,protenix/cognate/act,True,10.381139755249023,3.4614898063593196,18.11794400960761,0.5893,3.064,73.9496826477953,/hpc/scratch/sengaad1/paper_af3/experiments/018_block_a_switch_test/018_block_a_switch_test_lshr_cognate_protenix/b07a4a47c42e/protenix/seed_771568315/018_block_a_switch_test_lshr_cognate_protenix_LSHR_protenix_1/seed_771568315/predictions/018_block_a_switch_test_lshr_cognate_protenix_LSHR_protenix_1_sample_2.cif,LSHR__cognate__protenix__seed771568315__sample2__ee636d65.cif,GLYCOPROTEIN
498,CNR1,protenix,cognate,1961342645,protenix/cognate/act,True,11.485836029052734,3.891319190144572,17.23997251494525,1.123,2.6366,65.90806358422718,/hpc/scratch/sengaad1/paper_af3/experiments/018_block_a_switch_test/018_block_a_switch_test_cnr1_cognate_protenix/1276273c48b7/protenix/seed_1961342645/018_block_a_switch_test_cnr1_cognate_protenix_CNR1_protenix_0/seed_1961342645/predictions/018_block_a_switch_test_cnr1_cognate_protenix_CNR1_protenix_0_sample_1.cif,CNR1__cognate__protenix__seed1961342645__sample1__b8d0aee6.cif,CNR
499,DRD2,protenix,cognate,1447636958,protenix/cognate/act,True,11.131591796875,4.036900519329061,17.273994326660734,1.0564,2.4325,63.33105914205797,/hpc/scratch/sengaad1/paper_af3/experiments/018_block_a_switch_test/018_block_a_switch_test_drd2_cognate_protenix/3cbb653bec9f/protenix/seed_1447636958/018_block_a_switch_test_drd2_cognate_protenix_DRD2_protenix_0/seed_1447636958/predictions/018_block_a_switch_test_drd2_cognate_protenix_DRD2_protenix_0_sample_4.cif,DRD2__cognate__protenix__seed1447636958__sample4__1cb75bfd.cif,DRD
500,5HT5A,protenix,cognate,164361880,protenix/cognate/act,True,37.165916442871094,3.857679934668764,18.39367777482348,1.0986,2.6542,72.95026011811076,/hpc/scratch/sengaad1/paper_af3/experiments/018_block_a_switch_test/018_block_a_switch_test_5ht5a_cognate_protenix/a40a5e38d57a/protenix/seed_164361880/018_block_a_switch_test_5ht5a_cognate_protenix_5HT5A_protenix_3/seed_164361880/predictions/018_block_a_switch_test_5ht5a_cognate_protenix_5HT5A_protenix_3_sample_1.cif,5HT5A__cognate__protenix__seed164361880__sample1__3b6375f9.cif,5HT
501,HRH1,protenix,cognate,1284952353,protenix/cognate/act,True,11.237548828125,4.2988958672813,17.925932331270506,0.5706,2.2116,64.08392235394568,/hpc/scratch/sengaad1/paper_af3/experiments/018_block_a_switch_test/018_block_a_switch_test_hrh1_cognate_protenix/5e9851a6414b/protenix/seed_1284952353/018_block_a_switch_test_hrh1_cognate_protenix_HRH1_protenix_2/seed_1284952353/predictions/018_block_a_switch_test_hrh1_cognate_protenix_HRH1_protenix_2_sample_1.cif,HRH1__cognate__protenix__seed1284952353__sample1__dba789f0.cif,HRH
502,LPAR1,protenix,cognate,1401976076,protenix/cognate/act,True,20.809932708740234,8.011489059392694,17.103883965409548,0.8696,1.9754,74.67346153340901,/hpc/scratch/sengaad1/paper_af3/experiments/018_block_a_switch_test/018_block_a_switch_test_lpar1_cognate_protenix/c389603727ec/protenix/seed_1401976076/018_block_a_switch_test_lpar1_cognate_protenix_LPAR1_protenix_2/seed_1401976076/predictions/018_block_a_switch_test_lpar1_cognate_protenix_LPAR1_protenix_2_sample_4.cif,LPAR1__cognate__protenix__seed1401976076__sample4__e12ffb72.cif,SINGLETON_LPAR1
503,OPRD,protenix,cognate,1087403706,protenix/cognate/act,True,8.306785583496094,4.49082710666223,17.280971538752695,1.9045,2.6488,71.70311268764473,/hpc/scratch/sengaad1/paper_af3/experiments/018_block_a_switch_test/018_block_a_switch_test_oprd_cognate_protenix/70b09b4793af/protenix/seed_1087403706/018_block_a_switch_test_oprd_cognate_protenix_OPRD_protenix_0/seed_1087403706/predictions/018_block_a_switch_test_oprd_cognate_protenix_OPRD_protenix_0_sample_0.cif,OPRD__cognate__protenix__seed1087403706__sample0__5abdf76f.cif,opioid
504,5HT5A,protenix,cognate,900525633,protenix/cognate/act,True,36.78606033325195,4.028364223686509,18.193217288571567,1.1212,2.6211,73.22486586809794,/hpc/scratch/sengaad1/paper_af3/experiments/018_block_a_switch_test/018_block_a_switch_test_5ht5a_cognate_protenix/4e7f020a5041/protenix/seed_900525633/018_block_a_switch_test_5ht5a_cognate_protenix_5HT5A_protenix_0/seed_900525633/predictions/018_block_a_switch_test_5ht5a_cognate_protenix_5HT5A_protenix_0_sample_2.cif,5HT5A__cognate__protenix__seed900525633__sample2__ef84e560.cif,5HT
505,OPRD,protenix,cognate,1087403706,protenix/cognate/act,True,8.345197677612305,4.6031383166650555,17.439207569167642,1.9074,2.7311,71.66288624189644,/hpc/scratch/sengaad1/paper_af3/experiments/018_block_a_switch_test/018_block_a_switch_test_oprd_cognate_protenix/70b09b4793af/protenix/seed_1087403706/018_block_a_switch_test_oprd_cognate_protenix_OPRD_protenix_0/seed_1087403706/predictions/018_block_a_switch_test_oprd_cognate_protenix_OPRD_protenix_0_sample_2.cif,OPRD__cognate__protenix__seed1087403706__sample2__71142ad6.cif,opioid
506,ADA2A,protenix,cognate,1180086554,protenix/cognate/act,True,10.89012622833252,4.183018075852497,18.29848479518375,,,62.42606424723025,/hpc/scratch/sengaad1/paper_af3/experiments/018_block_a_switch_test/018_block_a_switch_test_ada2a_cognate_protenix/5aabd62995e8/protenix/seed_1180086554/018_block_a_switch_test_ada2a_cognate_protenix_ADA2A_protenix_2/seed_1180086554/predictions/018_block_a_switch_test_ada2a_cognate_protenix_ADA2A_protenix_2_sample_0.cif,ADA2A__cognate__protenix__seed1180086554__sample0__0cf112d8.cif,ADA_a2a
507,5HT1B,protenix,cognate,182968235,protenix/cognate/act,True,10.835492134094238,3.8857277035337874,18.20917031857321,0.6963,1.5699,70.73827673860512,/hpc/scratch/sengaad1/paper_af3/experiments/018_block_a_switch_test/018_block_a_switch_test_5ht1b_cognate_protenix/7b5e8c6745ae/protenix/seed_182968235/018_block_a_switch_test_5ht1b_cognate_protenix_5HT1B_protenix_0/seed_182968235/predictions/018_block_a_switch_test_5ht1b_cognate_protenix_5HT1B_protenix_0_sample_1.cif,5HT1B__cognate__protenix__seed182968235__sample1__4889129f.cif,5HT
508,AA2AR,protenix,cognate,1701337128,protenix/cognate/act,True,43.75764846801758,3.628014335540346,18.10304077631512,0.5372,2.7334,70.22340126606029,/hpc/scratch/sengaad1/paper_af3/experiments/018_block_a_switch_test/018_block_a_switch_test_aa2ar_cognate_protenix/16aa03b55c4d/protenix/seed_1701337128/018_block_a_switch_test_aa2ar_cognate_protenix_AA2AR_protenix_2/seed_1701337128/predictions/018_block_a_switch_test_aa2ar_cognate_protenix_AA2AR_protenix_2_sample_2.cif,AA2AR__cognate__protenix__seed1701337128__sample2__29650c17.cif,ADA_adenosine
509,DRD3,protenix,cognate,784993395,protenix/cognate/act,True,11.029618263244629,4.129445141071474,17.216140578808787,,,69.45511711383227,/hpc/scratch/sengaad1/paper_af3/experiments/018_block_a_switch_test/018_block_a_switch_test_drd3_cognate_protenix/387af186221f/protenix/seed_784993395/018_block_a_switch_test_drd3_cognate_protenix_DRD3_protenix_2/seed_784993395/predictions/018_block_a_switch_test_drd3_cognate_protenix_DRD3_protenix_2_sample_2.cif,DRD3__cognate__protenix__seed784993395__sample2__02ce3598.cif,DRD
510,FSHR,protenix,cognate,145579633,protenix/cognate/act,True,10.336200714111328,3.62292423242329,17.98002970786058,0.5761,2.3739,75.29533770486778,/hpc/scratch/sengaad1/paper_af3/experiments/018_block_a_switch_test/018_block_a_switch_test_fshr_cognate_protenix/32574784e10b/protenix/seed_145579633/018_block_a_switch_test_fshr_cognate_protenix_FSHR_protenix_4/seed_145579633/predictions/018_block_a_switch_test_fshr_cognate_protenix_FSHR_protenix_4_sample_2.cif,FSHR__cognate__protenix__seed145579633__sample2__0b99a6aa.cif,GLYCOPROTEIN
511,MCHR1,protenix,cognate,364835792,protenix/cognate/act,True,9.843996047973633,4.249444796674867,17.41197612224698,1.0452,2.4764,68.34923889323935,/hpc/scratch/sengaad1/paper_af3/experiments/018_block_a_switch_test/018_block_a_switch_test_mchr1_cognate_protenix/af654ff9efd3/protenix/seed_364835792/018_block_a_switch_test_mchr1_cognate_protenix_MCHR1_protenix_2/seed_364835792/predictions/018_block_a_switch_test_mchr1_cognate_protenix_MCHR1_protenix_2_sample_1.cif,MCHR1__cognate__protenix__seed364835792__sample1__1905b39a.cif,SINGLETON_MCHR1
