row_id,receptor,backbone,arm,plddt_mean,plddt_at_anchors,min_plddt_at_anchor,rmsd_to_active_ref,excl_any
0,5HT1B,chai,apo,74.87415990703285,83.98174691989482,66.59733412000868,2.0209,False
1,5HT1B,chai,apo,74.66614022513572,83.97263848187087,67.38811111450195,1.552,False
2,5HT1B,chai,apo,74.65259326986931,83.90063165972244,67.5618896484375,1.7659,False
3,5HT1B,chai,apo,74.67455215273738,83.91012567833216,67.719665951199,1.6587,False
4,5HT1B,chai,apo,74.65762595174456,83.85347200607669,67.80544577704535,1.4936,False
5,5HT1B,chai,apo,74.69187025953715,83.83034518996014,67.27744505140517,1.8475,False
6,5HT1B,chai,apo,74.70067719804966,83.91552177581951,67.27744420369466,1.4119,False
7,5HT1B,chai,apo,74.59423392497531,83.7331389622874,66.97577794392903,1.5266,False
8,5HT1B,chai,apo,74.78458337611636,84.00519217091377,67.49755562676324,1.5606,False
9,5HT1B,chai,apo,74.80425403970168,84.06230580036774,67.70211029052734,1.5355,False
10,5HT1B,chai,apo,74.69538394023529,83.86347800766751,67.58611170450847,1.5997,False
11,5HT1B,chai,apo,74.72079038605422,83.98290773313971,67.68600040011935,1.4729,False
12,5HT1B,chai,apo,74.77819771731147,84.0473733741174,67.3519999186198,1.6668,False
13,5HT1B,chai,apo,74.76743454758606,83.90616321974503,67.47788874308269,1.5381,False
14,5HT1B,chai,apo,74.71614652646404,83.9367181423388,67.5552224053277,1.5563,False
15,5HT1B,chai,apo,74.76869984951541,84.06856043063544,67.51611116197374,1.4952,False
16,5HT1B,boltz,apo,77.87638962574495,89.69869956970214,72.78199768066406,2.0106,False
17,5HT1B,boltz,apo,76.60559231684758,89.3740005493164,71.99500274658203,1.7434,False
18,5HT1B,boltz,apo,76.71615616235978,89.29905014038086,70.48899841308594,2.0286,False
19,5HT1B,boltz,apo,75.94441273029034,89.6017002105713,71.63899993896484,1.7851,False
20,5HT1B,boltz,apo,77.4566486163017,89.40145072937011,71.822998046875,2.0474,False
21,5HT1B,boltz,apo,77.53161778572279,89.26724967956542,72.53099822998047,2.1081,False
22,5HT1B,boltz,apo,76.76638473119492,89.97095031738282,71.73100280761719,2.2489,False
23,5HT1B,boltz,apo,76.59098971929306,89.53440017700196,72.25299835205078,2.1261,False
24,5HT1B,boltz,apo,76.55323314177684,88.6020492553711,72.5770034790039,2.1987,False
25,5HT1B,chai,apo,74.71293486660309,83.82006959910345,67.15711127387152,1.5529,False
26,5HT1B,chai,apo,74.57915875075577,83.51292316115436,63.84422259860568,1.3431,False
27,5HT1B,chai,apo,74.58661293057715,83.81750373499045,67.3501107957628,1.5159,False
28,5HT1B,boltz,apo,75.89263066511887,89.14404983520508,71.30500030517578,2.1002,False
29,5HT1B,boltz,apo,77.53885375780936,90.17299995422364,72.93199920654297,1.9722,False
30,5HT1B,boltz,apo,76.71316399207483,89.50015029907226,72.2020034790039,1.7983,False
31,5HT1B,boltz,apo,76.80085631150466,89.1180492401123,71.4739990234375,1.9735,False
32,5HT1B,boltz,apo,77.8602283184345,89.81839942932129,72.98999786376953,2.056,False
33,5HT1B,boltz,apo,76.56254871564033,89.54054985046386,71.6729965209961,2.1196,False
34,5HT1B,boltz,apo,76.78783839299129,89.31059913635254,71.30699920654297,1.8986,False
35,5HT1B,boltz,apo,76.18202571379832,88.5928508758545,71.00900268554688,1.8477,False
36,5HT1B,chai,apo,74.7982323146633,83.90226912114528,67.60922114054362,1.4846,False
37,5HT1B,chai,apo,74.67805486833859,83.65053624280432,67.25799984402127,1.6379,False
38,5HT1B,chai,apo,74.57234197182859,83.81147160217704,67.11933178371854,1.653,False
39,5HT1B,chai,apo,74.57742486959417,83.64798361851884,67.09911007351346,1.9775,False
40,5HT1B,boltz,apo,76.50983581542968,89.35950050354003,71.76399993896484,1.936,False
41,5HT1B,boltz,apo,76.4077153915014,87.95444984436035,71.6760025024414,2.1376,False
42,5HT1B,boltz,apo,77.43600759261693,89.75549964904785,73.54299926757812,1.9301,False
43,5HT1B,boltz,apo,77.34082060593825,89.9226001739502,71.56800079345703,2.1538,False
44,5HT1B,protenix,apo,73.19460495621091,82.37447577500583,66.86000061035156,1.6947,False
45,5HT1B,protenix,apo,73.23167065590077,82.37453495408205,66.75909042358398,1.7535,False
46,5HT1B,protenix,apo,73.22506551753598,82.35614306870305,66.75999901511453,1.7614,False
47,5HT1B,protenix,apo,73.15588800848931,82.2694480915331,66.46636408025569,1.8132,False
48,5HT1B,chai,apo,74.87623791139134,84.2541047914995,67.31466632419162,1.7729,False
49,5HT1B,chai,apo,74.68822279421802,83.88135024762946,67.16455417209201,1.3082,False
50,5HT1B,protenix,apo,72.86282991193316,82.08670712876285,66.63636363636364,2.0378,False
51,5HT1B,protenix,apo,73.16478673724315,82.3680803093009,66.80272778597745,1.9165,False
52,5HT1B,boltz,apo,76.70616155771108,89.24185066223144,71.41400146484375,1.9308,False
53,5HT1B,boltz,apo,76.56025130443084,88.79765014648437,71.98999786376953,2.0264,False
54,5HT1B,boltz,apo,75.808020508595,88.43214988708496,70.43499755859375,2.1489,False
55,5HT1B,boltz,apo,77.93862043527456,90.07385025024412,72.0989990234375,1.9642,False
56,5HT1B,protenix,apo,73.16024735402014,82.24834872154962,66.39272689819336,1.8683,False
57,5HT1B,protenix,apo,72.80543404445075,82.2310676835901,65.84999986128373,2.1194,False
58,5HT1B,protenix,apo,72.7701569352182,82.23502252439056,65.60181947187944,1.866,False
59,5HT1B,protenix,apo,72.80074049170672,82.20302418928298,65.56909040971236,1.8815,False
60,5HT1B,protenix,apo,72.91529353267191,82.22738296181953,65.9090909090909,1.8798,False
61,5HT1B,protenix,apo,72.85396218047394,82.11647906953638,65.828181180087,1.6778,False
62,5HT1B,protenix,apo,73.1787282915518,82.36171011008915,66.7045451077548,1.7879,False
63,5HT1B,protenix,apo,73.4813812256611,82.51711334348241,66.72181771018289,1.688,False
64,5HT1B,protenix,apo,73.05747302672265,82.26499069410659,66.38818220658736,1.8072,False
65,5HT1B,protenix,apo,72.99759227553885,82.25027883083101,66.29181775179777,1.7339,False
66,5HT1B,protenix,apo,73.09694482802816,82.28079672461809,66.31636394153942,1.7898,False
67,5HT1B,protenix,apo,73.17440450606655,82.52142604476273,66.6545455239036,1.5328,False
68,5HT1B,protenix,apo,73.30010163444382,82.58378834360434,66.6836367520419,1.7924,False
69,5HT1B,protenix,apo,73.44053032118565,82.53855851639916,66.84636410799894,1.6066,False
70,5HT1B,protenix,apo,73.45784519582327,82.57658378141439,66.77636302601208,1.9637,False
71,5HT1B,protenix,apo,72.94636005808812,82.09374674629856,66.66909096457742,2.0328,False
72,5HT1B,protenix,apo,72.8305746906812,82.06697086254411,66.49909036809748,1.7375,False
73,5HT1B,protenix,apo,72.96604304202086,82.11309300944919,66.6663634560325,1.9902,False
74,5HT1B,protenix,apo,72.96352322689475,82.06162240567144,66.64454512162642,1.7829,False
75,5HT1B,boltz,cognate,77.75216931563158,91.98284950256348,76.05999755859375,0.852,False
76,5HT1B,boltz,cognate,77.63461028368044,91.89525032043456,75.93399810791016,0.7613,False
77,5HT1B,boltz,cognate,77.41106674487774,92.08415031433104,75.65699768066406,0.7717,False
78,5HT1B,boltz,cognate,77.0329871789003,91.93579978942871,76.72200012207031,0.802,False
79,5HT1B,boltz,cognate,77.79557163531963,92.08369903564451,76.87300109863281,0.7724,False
80,5HT1B,boltz,cognate,77.5240359770946,92.40680046081545,77.06300354003906,0.7641,False
81,5HT1B,boltz,cognate,77.43598458705804,91.96705017089845,77.09500122070312,0.7433,False
82,5HT1B,boltz,cognate,76.93103601015531,91.71099967956545,75.1050033569336,0.8086,False
83,5HT1B,boltz,cognate,76.67643571511293,91.91735000610352,76.39099884033203,0.7446,False
84,5HT1B,boltz,cognate,77.56762316777156,92.10455017089843,76.58899688720703,0.8111,False
85,5HT1B,boltz,cognate,76.68319721710988,91.82159957885742,76.26799774169922,0.793,False
86,5HT1B,boltz,cognate,78.14855877802923,92.04744987487793,76.27999877929688,0.7702,False
87,5HT1B,boltz,cognate,76.89031280126328,92.14295043945312,76.50299835205078,0.7363,False
88,5HT1B,boltz,cognate,76.96881790650197,91.67620048522949,76.15699768066406,0.7709,False
89,5HT1B,boltz,cognate,78.07962314410088,92.4724510192871,77.44000244140625,0.6941,False
90,5HT1B,boltz,cognate,76.78949236747546,91.41185035705568,74.93099975585938,0.7747,False
91,5HT1B,chai,cognate,74.81906501442602,87.18716034929129,72.61462545394897,0.8248,False
92,5HT1B,boltz,cognate,77.04287438514905,91.57620010375976,75.81700134277344,0.8403,False
93,5HT1B,boltz,cognate,77.24378449855706,92.20284996032714,78.05699920654297,0.6518,False
94,5HT1B,boltz,cognate,76.22373573596661,91.37724990844728,74.00900268554688,0.8598,False
95,5HT1B,boltz,cognate,77.11511544447679,91.92809982299804,76.08399963378906,0.7659,False
96,5HT1B,chai,cognate,74.90543764705032,87.24100087354365,72.93537616729736,0.8419,False
97,5HT1B,chai,cognate,74.89427616816883,87.34513181834338,72.86674976348877,0.7432,False
98,5HT1B,chai,cognate,74.95434017385773,87.38053346161202,73.13075065612793,0.7974,False
99,5HT1B,boltz,cognate,76.84956929622552,91.76480026245116,74.33699798583984,0.7216,False
100,5HT2C,boltz,apo,67.30398253894789,84.70185050964355,73.71499633789062,1.7666,True
101,5HT2C,boltz,apo,64.66763090775002,82.98794937133789,70.09500122070312,1.864,True
102,5HT2C,boltz,apo,67.49363089232466,84.1749496459961,76.0510025024414,1.7868,True
103,5HT2C,boltz,apo,67.12198700967313,83.4655990600586,71.70600128173828,1.6122,True
104,5HT1B,chai,cognate,74.92379703222839,87.28885937149218,72.8396258354187,0.8308,False
105,5HT1B,chai,cognate,74.89996065527352,87.20798544730975,72.68075037002563,0.7304,False
106,5HT1B,chai,cognate,74.89930773723579,87.21967585524439,72.45300006866455,0.8192,False
107,5HT1B,chai,cognate,74.93737542221196,87.18493017165692,72.89437484741211,0.8365,False
108,5HT2C,boltz,apo,66.6209082832503,83.32225036621094,67.74800109863281,2.0151,True
109,5HT2C,boltz,apo,66.79696948871863,83.11570053100586,68.802001953125,1.5579,True
110,5HT2C,boltz,apo,65.20484921401244,81.7922492980957,69.802001953125,1.4052,True
111,5HT2C,boltz,apo,67.28954595457519,84.84635047912597,74.5790023803711,1.6201,True
112,5HT2C,boltz,apo,66.8376114233092,83.2429012298584,69.19300079345703,1.4183,True
113,5HT2C,boltz,apo,66.73100439429804,84.77409973144532,73.5530014038086,1.6609,True
114,5HT2C,boltz,apo,66.62084297113543,81.74765090942383,66.20800018310547,1.8428,True
115,5HT2C,boltz,apo,66.14963328265728,82.47060012817383,70.45999908447266,1.5034,True
116,5HT2C,boltz,apo,67.56680566046435,84.4066993713379,72.74099731445312,1.5785,True
117,5HT2C,boltz,apo,67.19394323190747,84.0242992401123,70.56800079345703,1.6397,True
118,5HT2C,boltz,apo,67.18969872737036,82.2826997756958,63.27199935913086,1.8709,True
119,5HT2C,boltz,apo,67.1423168182373,83.63420066833496,71.82599639892578,1.6721,True
120,5HT2C,boltz,apo,66.66768784502187,83.21810111999511,69.34500122070312,1.5101,True
121,5HT2C,boltz,apo,68.39749996318567,85.28545036315919,74.29900360107422,1.883,True
122,5HT2C,boltz,apo,67.06093899339568,84.47939987182617,72.26599884033203,1.6728,True
123,5HT2C,boltz,apo,67.78705673967386,85.63355026245117,76.63800048828125,1.9874,True
124,5HT2C,boltz,apo,66.97511135334531,84.64584999084472,74.94499969482422,1.4732,True
125,5HT2C,boltz,apo,66.67134505276076,84.54334983825683,73.53399658203125,1.9516,True
126,5HT2C,chai,apo,71.96425181379047,83.71676494906647,63.968999342484906,1.7428,True
127,5HT2C,chai,apo,71.98038265717923,83.92143789573494,64.9055456681685,1.9516,True
128,5HT2C,chai,apo,71.64917499595366,83.43379555520556,64.62072719227184,1.8187,True
129,5HT2C,chai,apo,71.68984172120673,83.5289075939927,63.14263638583097,1.578,True
130,5HT2C,chai,apo,72.01602683527221,83.891407597323,64.33627284656872,1.9734,True
131,5HT2C,chai,apo,71.5691319501907,83.4127851759923,63.136545007879086,1.6385,True
132,5HT2C,chai,apo,72.0981652826162,84.00729337037211,63.810272910378195,2.0223,True
133,5HT2C,chai,apo,72.00718354616022,84.0444531338349,64.95736312866211,1.8767,True
134,5HT2C,chai,apo,71.84189422408534,83.68744491742287,63.98800000277433,1.9929,True
135,5HT2C,chai,apo,71.90358225704671,83.75355841588494,64.11100006103516,1.8078,True
136,5HT2C,chai,apo,71.84246951750681,83.80836506071543,64.33018146861683,1.8545,True
137,5HT2C,chai,apo,71.85049271358025,83.79886629532598,64.25600017200817,1.7646,True
138,5HT2C,chai,apo,71.89838111783808,83.90831006175338,64.5669999556108,1.9704,True
139,5HT2C,chai,apo,71.81506218965474,83.60270921372748,64.41472799127752,1.5598,True
140,5HT2C,chai,apo,71.85924475969634,83.86897368347145,65.4288180958141,1.9148,True
141,5HT2C,chai,apo,72.03443595058651,83.94786025656938,63.71854608709162,2.0958,True
142,5HT2C,chai,apo,71.85550981585925,82.90525838554679,63.401180960915305,1.2464,True
143,5HT2C,chai,apo,72.06360414777255,83.93579781994676,64.72754495794123,1.7103,True
144,5HT2C,chai,apo,71.76508030577035,83.66591718426,64.63272718949752,1.6158,True
145,5HT2C,chai,apo,71.79822510451832,83.89096520928939,64.90127286044034,1.8079,True
146,5HT2C,chai,apo,71.88826302529534,83.87305433544418,64.87872765280984,1.7198,True
147,5HT2C,chai,apo,71.72246167485473,82.79090865925104,64.1633633700284,1.2591,True
148,5HT2C,chai,apo,71.70401339483831,83.0471284864544,63.32299943403764,1.8968,True
149,5HT2C,chai,apo,72.10534588356502,84.06239542358365,64.54899909279563,1.9602,True
150,5HT2C,chai,apo,72.00063244869554,83.918530005294,64.63609105890447,1.5735,True
151,5HT2C,protenix,apo,68.63593440967774,85.1708029340356,70.24545496160334,2.2124,True
152,5HT2C,protenix,apo,68.65296743767205,85.16513140079778,70.19272752241655,2.0906,True
153,5HT2C,protenix,apo,68.89772541470863,85.1601220136425,70.5518185008656,2.0663,True
154,5HT2C,protenix,apo,69.41724403577098,85.21855189253242,70.5,2.139,True
155,5HT2C,protenix,apo,69.61292273326154,85.19583133403013,70.41363664106889,2.1511,True
156,5HT2C,protenix,apo,69.04144207237881,85.42337125575904,70.0954544760964,2.1671,True
157,5HT2C,protenix,apo,68.70243076953494,85.14661346453437,70.45636333118786,2.1399,True
158,5HT2C,protenix,apo,68.52536811666073,85.83001271174928,71.29090881347656,2.0541,True
159,5HT2C,protenix,apo,68.82248899081733,85.61136646691854,71.38727257468484,2.0595,True
160,5HT2C,protenix,apo,69.44914691734395,85.86220698503877,71.51181827891956,2.1651,True
161,5HT2C,protenix,apo,68.92509001192691,85.66727805294515,71.45454476096414,2.1701,True
162,5HT2C,protenix,apo,68.87867711134169,85.92531267302377,71.5499995838512,2.1612,True
163,5HT2C,protenix,apo,68.7326685230844,85.46451734538718,70.71181869506836,2.1222,True
164,5HT2C,protenix,apo,68.7196482122678,85.44153225235436,70.46272763338956,2.0543,True
165,5HT2C,protenix,apo,68.97350703452582,85.30959404187112,70.04272773049094,2.2011,True
166,5HT2C,protenix,apo,69.13144049838724,85.32887071042522,70.29909099232067,2.1749,True
167,5HT2C,protenix,apo,69.18665220390008,85.3459872773681,70.4436361139471,2.1438,True
168,5HT2C,protenix,apo,68.64384539565104,85.42530402270229,70.31727287986062,2.0631,True
169,5HT2C,protenix,apo,68.82159416380942,85.36273815280259,70.27090904929422,2.1538,True
170,5HT2C,protenix,apo,69.13135421799797,85.41460374435822,70.16363698785955,2.0722,True
171,5HT2C,protenix,apo,69.6275150655541,85.41499262487734,70.24545461481267,2.1859,True
172,5HT2C,protenix,apo,68.83548760940097,85.64958302327221,70.88909149169922,2.1424,True
173,5HT2C,protenix,apo,69.03946530970691,85.68363999450705,71.01636331731623,2.0782,True
174,5HT2C,protenix,apo,69.05968638642005,85.61831913101724,70.70727296309038,2.1115,True
175,5HT2C,protenix,apo,69.6914026048821,85.59878917555099,70.70636367797852,2.0912,True
176,5HT1B,chai,cognate,74.99065353046781,87.30400290278644,73.06287574768066,0.7818,False
177,5HT2C,boltz,apo,67.86474897143101,84.4672004699707,72.44499969482422,1.5326,True
178,5HT2C,boltz,apo,67.26102183062957,83.91450004577636,72.84100341796875,1.5039,True
179,5HT2C,boltz,apo,67.3154955576601,84.36209907531739,71.29499816894531,2.0054,True
180,5HT1B,chai,cognate,74.83782119907276,87.24398198038985,72.4152512550354,0.786,False
181,5HT1B,chai,cognate,74.93190448734381,87.28780356363818,72.24775075912476,0.8524,False
182,5HT1B,chai,cognate,75.04289622361394,87.27330418899805,72.90399980545044,0.8439,False
183,5HT1B,chai,cognate,74.78829366559435,87.11004935206789,72.5164999961853,0.7469,False
184,5HT1B,chai,cognate,74.92990885451476,87.2724932637428,72.70200061798096,0.8847,False
185,5HT1B,chai,cognate,75.03444855367894,87.4050985240317,72.78450012207031,0.8071,False
186,5HT1B,chai,cognate,75.0804781861347,87.3488341491391,72.52850103378296,0.8227,False
187,5HT1B,chai,cognate,75.06060463520946,87.32879926584499,72.92062711715698,0.7852,False
188,5HT1B,boltz,cognate,77.5201204202114,92.30395011901857,76.38200378417969,0.7733,False
189,5HT1B,boltz,cognate,76.72393834529778,92.03380012512208,76.33000183105469,0.8831,False
190,5HT1B,boltz,cognate,76.10778198242187,91.44415016174317,73.87100219726562,0.8432,False
191,5HT1B,chai,cognate,74.92764582508019,87.31095411280016,73.16225099563599,0.7893,False
192,5HT1B,chai,cognate,74.86912739889627,87.13980706486007,72.62487459182739,0.8823,False
193,5HT1B,chai,cognate,74.89267212328868,87.17635487853705,72.91337537765503,0.818,False
194,5HT1B,chai,cognate,75.01144179043435,87.32754435910807,73.24525117874146,0.8089,False
195,5HT1B,chai,cognate,74.97336924208015,87.2526356269718,72.32537651062012,0.7954,False
196,5HT1B,chai,cognate,74.68495654141886,87.0913077806429,72.44924926757812,0.778,False
197,5HT1B,chai,cognate,74.76495903331175,87.12366071802197,72.30200004577637,0.8003,False
198,5HT1B,chai,cognate,74.70784548422833,87.09413271230366,72.43249988555908,0.7987,False
199,5HT1B,boltz,cognate,76.77867948091946,91.48955039978028,74.64600372314453,0.875,False
200,5HT1B,protenix,cognate,70.64555060940401,85.13523760376555,71.36500024795532,0.6803,False
201,5HT1B,protenix,cognate,70.63866836726646,85.15355247148015,71.32999992370605,0.7079,False
202,5HT1B,protenix,cognate,70.80454243050585,85.12321074644726,71.35500144958496,0.6886,False
203,5HT1B,protenix,cognate,70.68630493962655,85.13283513250117,71.35750007629395,0.7072,False
204,5HT1B,protenix,cognate,70.50126950810416,85.14278947167581,71.3149995803833,0.6794,False
205,5HT1B,protenix,cognate,70.91458219407467,85.38940360793819,71.57249927520752,0.6698,False
206,5HT1B,protenix,cognate,70.79091117179297,85.38027427488936,71.44749975204468,0.6917,False
207,5HT1B,protenix,cognate,71.34871422164566,86.25057757047347,72.22375011444092,0.6823,False
208,5HT1B,protenix,cognate,71.4400962643908,86.24613672930785,72.17624950408936,0.7036,False
209,5HT1B,protenix,cognate,70.96621465476366,85.48983319655468,71.72000026702881,0.6737,False
210,5HT1B,protenix,cognate,70.76575352330352,85.39056858210681,71.48749923706055,0.6855,False
211,5HT1B,protenix,cognate,70.73827673860512,85.38208486424207,71.53249931335449,0.6963,False
212,5HT1B,protenix,cognate,70.74966703644611,85.38338786392157,71.54374837875366,0.6862,False
213,5HT1B,protenix,cognate,70.39367462635994,85.23364250939991,71.34500074386597,0.6884,False
214,5HT1B,protenix,cognate,70.70596484766395,85.25284172861778,71.33999967575073,0.696,False
215,5HT1B,protenix,cognate,70.68819795986575,85.23995921132196,71.31749963760376,0.6802,False
216,5HT1B,protenix,cognate,70.43615919650071,85.24581050486104,71.25625038146973,0.6926,False
217,5HT1B,protenix,cognate,70.57742399294175,85.51492172916902,71.6749997138977,0.6899,False
218,5HT1B,protenix,cognate,70.76180332581934,85.48185243751752,71.60999870300293,0.7033,False
219,5HT1B,protenix,cognate,70.77937060478759,85.49159174458805,71.67750024795532,0.7119,False
220,5HT1B,protenix,cognate,70.634721301827,85.23882813753674,71.37750005722046,0.6996,False
221,5HT1B,protenix,cognate,71.73270457849293,86.22442196193023,72.19000053405762,0.6851,False
222,5HT1B,protenix,cognate,71.76186582961286,86.24886736279441,72.2524995803833,0.7124,False
223,5HT1B,protenix,cognate,71.62517231865606,86.25062677388239,72.26999998092651,0.652,False
224,5HT1B,protenix,cognate,71.05787043611875,85.48684504680992,71.67374992370605,0.6977,False
225,5HT2C,boltz,cognate,68.82594759495498,88.69900054931641,77.61499786376953,0.944,True
226,5HT2C,boltz,cognate,70.16900867978558,89.38234977722168,81.58200073242188,0.9187,True
227,5HT2C,boltz,cognate,69.0891854232055,89.04434967041016,81.05599975585938,0.9184,True
228,5HT2C,boltz,cognate,69.26981873907897,88.75464973449706,81.52999877929688,0.9797,True
229,5HT2C,boltz,cognate,69.11296061553288,88.75145034790039,79.52899932861328,0.9621,True
230,5HT2C,boltz,cognate,69.33739740463324,88.58240013122558,79.38600158691406,0.9398,True
231,5HT2C,boltz,cognate,68.2567379839035,87.45839996337891,78.37200164794922,0.9177,True
232,5HT2C,boltz,cognate,68.85857834045544,88.85769958496094,80.15699768066406,0.942,True
233,5HT2C,boltz,cognate,69.74226852900077,88.67485046386719,81.05799865722656,0.9883,True
234,5HT2C,boltz,cognate,68.84350432683287,88.50565032958984,78.96600341796875,0.9918,True
235,5HT2C,boltz,cognate,70.0609978005355,89.35100021362305,81.1969985961914,0.9368,True
236,5HT2C,boltz,cognate,69.20114184883484,88.71159973144532,80.83999633789062,0.9286,True
237,5HT2C,boltz,cognate,68.17817016251743,88.09849967956544,79.56500244140625,1.0071,True
238,5HT2C,chai,cognate,71.06010278978768,87.47369269454978,68.13945562189275,0.981,True
239,5HT2C,chai,cognate,71.041899218342,87.43208745243575,68.36027284102006,1.0682,True
240,5HT2C,chai,cognate,71.2985933901294,88.31048169136048,72.30245624889027,0.9842,True
241,5HT2C,boltz,cognate,69.44000438207101,88.75130004882813,79.78299713134766,0.9773,True
242,5HT2C,boltz,cognate,69.20448928733059,88.57215042114258,80.80799865722656,1.0042,True
243,5HT2C,boltz,cognate,69.91601964375859,88.9521499633789,80.81099700927734,0.9776,True
244,5HT2C,boltz,cognate,67.86308284409702,87.23109970092773,77.08999633789062,0.9218,True
245,5HT2C,boltz,cognate,68.79100653802463,88.61160011291504,80.20099639892578,0.9114,True
246,5HT2C,boltz,cognate,69.19056549655298,88.71615028381348,80.38800048828125,1.0296,True
247,5HT2C,boltz,cognate,68.29720967721731,87.60219993591309,78.47899627685547,1.0831,True
248,5HT5A,boltz,apo,76.04962182245335,87.16170043945313,65.01300048828125,2.9487,False
249,5HT5A,boltz,apo,75.31827725749724,87.1398998260498,67.37699890136719,2.7859,False
250,5HT5A,boltz,apo,75.52076183714452,86.92280025482178,63.82500076293945,2.3062,False
251,5HT5A,boltz,apo,77.00898054534314,87.39150009155273,67.572998046875,2.7374,False
252,5HT5A,boltz,apo,76.46571700579646,87.7607494354248,66.92900085449219,2.6417,False
253,5HT5A,boltz,apo,75.83931084640888,87.0439998626709,65.02999877929688,2.6037,False
254,5HT5A,boltz,apo,75.65513163120472,87.09664993286133,64.83799743652344,2.7495,False
255,5HT5A,boltz,apo,75.21577872482001,85.9050506591797,62.63399887084961,2.4068,False
256,5HT5A,boltz,apo,74.13744245790967,84.83255023956299,61.67499923706055,2.6,False
257,5HT5A,boltz,apo,76.00999152560193,87.89055061340332,68.15299987792969,2.8941,False
258,5HT5A,boltz,apo,76.07796378897018,87.19784965515137,65.8479995727539,2.5047,False
259,5HT5A,boltz,apo,75.43526334255016,86.8602508544922,64.62999725341797,2.6219,False
260,5HT5A,boltz,apo,75.56317932599065,86.90504913330078,65.47699737548828,2.688,False
261,5HT5A,boltz,apo,74.85632215227399,85.62455081939697,60.145999908447266,2.7121,False
262,5HT5A,boltz,apo,76.13510631913898,87.10615005493165,65.96800231933594,2.7644,False
263,5HT5A,chai,apo,74.51228557483455,80.2361966217476,60.72755601671007,1.3562,False
264,5HT5A,chai,apo,74.68326169784966,80.49193940278256,61.20233408610026,1.607,False
265,5HT5A,chai,apo,74.52137913086635,80.01641115743188,61.2566655476888,1.9319,False
266,5HT5A,chai,apo,74.67944234618918,80.3456091369282,61.378999922010635,2.0124,False
267,5HT5A,chai,apo,74.6535561822036,79.86723203741629,59.21822272406684,1.4463,False
268,5HT5A,chai,apo,74.65485762960218,80.16985031419674,60.68399980333116,1.1969,False
269,5HT5A,chai,apo,74.73594863454458,80.10184731491717,61.00822236802843,1.1937,False
270,5HT5A,chai,apo,74.77498629500205,80.40081856210165,60.99922095404731,1.9903,False
271,5HT5A,chai,apo,74.67389028598544,80.27635340433272,61.311556074354385,1.8733,False
272,5HT5A,chai,apo,74.52264238565583,79.92997534728498,61.52511130438911,2.0154,False
273,5HT5A,chai,apo,74.62287481052111,80.32255586483778,61.63644451565213,1.7832,False
274,5HT5A,chai,apo,74.49209902513643,80.07567384132231,61.271222008599175,1.4422,False
275,5HT5A,boltz,apo,75.85537822840928,85.95880012512207,60.152000427246094,1.9808,False
276,5HT5A,boltz,apo,75.21304491187344,86.51760063171386,66.00900268554688,2.7329,False
277,5HT5A,boltz,apo,74.48985714738777,85.45619983673096,63.78799819946289,3.1362,False
278,5HT5A,boltz,apo,73.55911478208226,84.43179969787597,59.959999084472656,2.8049,False
279,5HT5A,boltz,apo,74.50960758754185,85.27479915618896,61.41299819946289,2.9681,False
280,5HT5A,chai,apo,74.58786640890469,80.33189874071063,61.092222425672745,1.9571,False
281,5HT5A,chai,apo,74.67557568676759,80.47077666227607,61.24866739908854,1.8035,False
282,5HT5A,chai,apo,74.66756532663004,80.43777658806562,60.998555501302086,1.9232,False
283,5HT5A,boltz,apo,76.76931090581985,87.19879989624023,65.66899871826172,2.5232,False
284,5HT5A,boltz,apo,75.63308695518002,86.82290000915528,65.39099884033203,2.7388,False
285,5HT5A,boltz,apo,75.62235282983433,87.02454986572266,67.74199676513672,2.7802,False
286,5HT5A,boltz,apo,75.32095229525525,87.17300033569336,64.7300033569336,2.5288,False
287,5HT5A,chai,apo,74.6374089459179,80.41435140726713,61.11100006103515,1.809,False
288,5HT5A,chai,apo,74.66606795460243,80.18983008376448,61.11077796088325,1.234,False
289,5HT5A,chai,apo,74.58175924422214,80.3533246490484,61.32722176445855,1.8922,False
290,5HT5A,chai,apo,74.63635968282135,80.47632638790904,61.43611102634006,1.545,False
291,5HT5A,chai,apo,74.80362562260115,80.3222722229538,61.3044442070855,1.1843,False
292,5HT5A,chai,apo,74.72655883096202,80.32836917208387,61.00133387247721,2.0415,False
293,5HT5A,chai,apo,74.75706843943894,80.22825896581016,61.25600051879883,1.988,False
294,5HT5A,chai,apo,74.79382673599547,80.2944300684853,60.76288816663954,1.1561,False
295,5HT5A,chai,apo,74.65689231028972,80.36608298117292,60.605888790554474,1.469,False
296,5HT5A,chai,apo,74.47556898853743,79.83473365136899,59.95988888210721,1.4266,False
297,5HT5A,protenix,apo,75.87603564380173,84.02124258719826,60.97111044989692,2.2254,False
298,5HT5A,protenix,apo,76.12601188934306,83.54897082411365,61.74888949924045,2.3356,False
299,5HT5A,protenix,apo,76.14532245535169,83.52792126582642,61.636666191948784,2.2186,False
300,5HT5A,protenix,apo,76.07406453167403,83.49481443764327,61.675555335150825,2.2684,False
301,5HT5A,protenix,apo,76.13347776213872,83.53119029561162,61.78666644626193,2.2118,False
302,5HT5A,protenix,apo,75.93374580372492,83.95313805507203,60.87777879503038,2.1637,False
303,5HT5A,protenix,apo,75.9860862062803,83.93307898776011,60.94111167060005,2.2533,False
304,5HT5A,protenix,apo,76.10814443032992,83.99605329753003,60.971112145317925,2.298,False
305,5HT5A,protenix,apo,76.02370253143293,83.85530966534414,60.94222174750434,2.2307,False
306,5HT5A,protenix,apo,76.09079446114356,83.45741101599359,61.68222215440538,2.0225,False
307,5HT5A,protenix,apo,76.26398706148399,83.57309529548084,61.21888860066732,2.1957,False
308,5HT5A,protenix,apo,76.30479893158385,83.64365482937207,61.39555570814345,2.2607,False
309,5HT5A,protenix,apo,76.29866986148996,83.61465762304881,61.367777506510414,2.2366,False
310,5HT5A,protenix,apo,76.33861627291363,83.61024732366785,61.46777767605252,2.2569,False
311,5HT5A,protenix,apo,76.32640477059977,83.59706354160502,61.454444885253906,2.2342,False
312,5HT5A,protenix,apo,75.71284269798103,83.68285883058545,60.60444471571181,2.1888,False
313,5HT5A,protenix,apo,75.81784434818333,83.72762485117451,60.76111178927951,2.2512,False
314,5HT5A,protenix,apo,75.91679613254365,83.64084318072936,60.744444105360245,2.2572,False
315,5HT5A,protenix,apo,75.83221808178189,83.67133537492023,60.835555182562935,2.2844,False
316,5HT5A,protenix,apo,75.84863823921181,83.49684720521023,60.66000069512261,2.4696,False
317,5HT5A,protenix,apo,76.34093980355676,83.65668122107161,61.05333370632596,2.1938,False
318,5HT5A,protenix,apo,76.3896921307668,83.71886695374658,61.19111124674479,2.2414,False
319,5HT5A,protenix,apo,76.36233651105697,83.70938733512364,61.10555564032661,2.233,False
320,5HT2C,boltz,cognate,67.43872717478389,88.02530021667481,79.58300018310547,1.024,True
321,5HT2C,boltz,cognate,69.54693006740386,89.10545043945312,80.83300018310547,0.9488,True
322,5HT2C,boltz,cognate,68.94615284115987,88.42080078125,79.41400146484375,0.9595,True
323,5HT2C,boltz,cognate,68.27030339303495,88.07569961547851,80.54000091552734,1.0139,True
324,5HT2C,chai,cognate,71.1263612436314,87.93809217894749,68.48390926014294,1.0469,True
325,5HT2C,chai,cognate,71.16211017636809,87.52179247620818,68.45545473965731,0.9868,True
326,5HT2C,chai,cognate,71.08300856432896,87.50191894331708,68.3208174272017,0.9812,True
327,5HT2C,chai,cognate,71.16207631836625,87.97648585799797,71.22827391190962,0.9719,True
328,5HT2C,chai,cognate,70.86349703043598,87.01610709314224,66.6103630065918,1.0962,True
329,5HT2C,chai,cognate,71.09762513821205,87.38168665557023,68.32818222045898,1.0872,True
330,5HT2C,chai,cognate,70.90416383911008,87.23941705290889,67.76981804587625,0.9795,True
331,5HT2C,chai,cognate,70.84554120506392,87.42732310385932,68.53736357255416,1.0134,True
332,5HT2C,chai,cognate,70.98305961271795,87.29274224878563,67.287090995095,1.0104,True
333,5HT2C,chai,cognate,71.16513181345866,87.43519790320514,68.21781782670455,0.9781,True
334,5HT2C,chai,cognate,71.09517368393432,87.34502483154616,68.05836348100142,0.9674,True
335,5HT5A,boltz,apo,73.56015116159989,85.44364986419677,62.25899887084961,2.7883,False
336,5HT2C,boltz,cognate,68.59309388039935,88.64510002136231,80.60399627685547,0.9676,True
337,5HT2C,chai,cognate,71.03024488416935,87.29947268435106,67.46254591508345,1.0176,True
338,5HT2C,chai,cognate,70.916261068342,87.21792140095093,67.1852729103782,1.0024,True
339,5HT2C,chai,cognate,70.94228426888975,87.31928174855562,68.17872723666105,1.0777,True
340,5HT5A,protenix,apo,76.31569067666885,83.68130354802845,61.19666629367404,2.2533,False
341,5HT5A,protenix,apo,76.34167438499308,83.65907600089068,61.41333219740126,2.3798,False
342,5HT2C,protenix,cognate,65.39442767180174,83.81443017622436,70.20909083973278,0.9597,True
343,5HT2C,protenix,cognate,64.81743195740844,83.81974622507633,69.7672726024281,0.9781,True
344,5HT2C,chai,cognate,71.05124503895438,87.20191159908906,67.0056363886053,0.9778,True
345,5HT2C,chai,cognate,71.09918991493048,87.41050424183602,68.43590961803089,0.9995,True
346,5HT2C,chai,cognate,71.07972465509506,87.45718973287772,68.57536315917969,1.0124,True
347,5HT2C,chai,cognate,70.97300550136313,87.13883190657324,67.36754608154297,0.979,True
348,5HT2C,chai,cognate,70.88423678445733,87.04213209911858,67.79845532503995,1.0281,True
349,5HT2C,chai,cognate,70.92950776709026,87.28295764162084,67.33645491166548,1.0253,True
350,5HT2C,chai,cognate,70.93542961368566,87.24934561553285,68.15590910478072,1.0188,True
351,5HT2C,chai,cognate,70.93539219423123,87.15639770342673,66.90890884399414,1.0445,True
352,5HT2C,protenix,cognate,65.121640880355,83.9676794989422,71.27909122813831,0.9659,True
353,5HT2C,protenix,cognate,65.21833029941686,83.86015115988376,70.05545460094105,0.9622,True
354,5HT2C,protenix,cognate,65.22837688113535,83.88923937779656,70.08727264404297,0.9885,True
355,5HT2C,protenix,cognate,64.80040376167577,84.00330275023656,71.18909107555042,0.9808,True
356,5HT2C,protenix,cognate,64.93504689540289,83.49575153430646,69.97636274857955,1.0207,True
357,5HT2C,protenix,cognate,64.6846251660023,83.38836680493486,69.1600008877841,0.9808,True
358,5HT2C,protenix,cognate,65.19054052047274,83.45391906518095,70.89818087491122,0.9687,True
359,5HT2C,protenix,cognate,64.95422365356853,83.41048948898975,69.8163632479581,1.0525,True
360,5HT2C,protenix,cognate,65.31594584205054,83.94790001307732,71.11909103393555,0.9491,True
361,5HT2C,protenix,cognate,65.20544548656176,83.99598976589382,71.55181815407492,0.9493,True
362,5HT2C,protenix,cognate,64.92179677332173,83.87897089619658,70.0563638860529,0.9482,True
363,5HT2C,protenix,cognate,65.60426435997756,83.83867453316417,70.07636295665394,0.9611,True
364,5HT2C,protenix,cognate,64.9025356142425,83.41917188783401,69.94090860540217,0.9935,True
365,5HT2C,protenix,cognate,65.2092867932231,84.27706483518922,69.93363640525125,1.0081,True
366,5HT2C,protenix,cognate,65.37038056007344,84.26910976559913,69.82181826504794,0.9712,True
367,5HT2C,protenix,cognate,65.67685608724292,84.44593233368612,71.29909064553,1.0143,True
368,5HT2C,protenix,cognate,65.71044235597643,84.39874388686506,70.00363540649414,0.9701,True
369,5HT2C,protenix,cognate,65.68115911005385,84.43856566023173,70.10363665494052,0.9555,True
370,5HT2C,protenix,cognate,65.52040334357308,84.45607043028222,70.35272494229403,0.9509,True
371,5HT2C,protenix,cognate,65.3994967029994,84.34064007413679,71.0672721862793,0.9683,True
372,5HT2C,protenix,cognate,65.84185700550664,84.37358008642045,71.12090891057795,0.945,True
373,5HT2C,protenix,cognate,65.47061513590428,84.29773547307408,69.8863639831543,0.9662,True
374,5HT2C,protenix,cognate,65.39869877520913,84.59159312350064,71.26727190884677,0.986,True
375,5HT5A,boltz,cognate,78.1143251146589,88.092600440979,58.64899826049805,1.3338,False
376,5HT5A,boltz,cognate,77.11181254346832,88.28230018615723,66.66899871826172,1.0203,False
377,5HT5A,boltz,cognate,76.82125782365559,88.63650054931641,66.46700286865234,1.0577,False
378,5HT5A,boltz,cognate,78.56929691432236,89.91239929199219,68.90399932861328,1.1249,False
379,5HT5A,boltz,cognate,75.545646881189,87.58249969482422,66.08499908447266,1.3716,False
380,5HT5A,boltz,cognate,77.66023794008571,88.8447998046875,69.05500030517578,1.3871,False
381,5HT5A,boltz,cognate,78.61500273632402,89.90840034484863,69.09300231933594,1.1623,False
382,5HT5A,boltz,cognate,76.82031658183293,89.40390052795411,68.9229965209961,1.1855,False
383,5HT5A,boltz,cognate,75.43206159874839,86.90339946746826,63.73099899291992,1.3985,False
384,5HT5A,chai,cognate,75.19347334600205,86.06491862672749,67.7803332010905,1.2139,False
385,5HT5A,chai,cognate,75.38204678074743,86.37668729061001,67.8512225680881,1.0885,False
386,5HT5A,chai,cognate,75.35402417601473,86.37895251878241,68.1097780863444,1.117,False
387,5HT5A,boltz,cognate,77.56519891434357,89.4088005065918,65.5009994506836,1.2014,False
388,5HT5A,boltz,cognate,77.59779829671737,89.23270034790039,64.98300170898438,1.1588,False
389,5HT5A,boltz,cognate,77.31169750844063,88.66769981384277,65.5780029296875,1.1402,False
390,5HT5A,boltz,cognate,76.90580122811454,88.08034934997559,65.07499694824219,1.2313,False
391,5HT5A,boltz,cognate,76.77322697572681,88.78109970092774,64.3479995727539,1.2142,False
392,5HT5A,boltz,cognate,75.68224351279208,88.00180015563964,68.36699676513672,1.4773,False
393,5HT5A,boltz,cognate,76.61005326279071,88.93364906311035,67.75499725341797,1.1145,False
394,5HT5A,boltz,cognate,77.20459938583588,87.50760002136231,54.79100036621094,1.3437,False
395,5HT5A,boltz,cognate,76.85407849586979,89.74295082092286,67.3219985961914,1.2784,False
396,5HT5A,boltz,cognate,77.35903619718151,89.19244956970215,70.58799743652344,1.0793,False
397,5HT5A,boltz,cognate,78.53953791599648,89.68930015563964,69.20500183105469,1.1056,False
398,5HT5A,boltz,cognate,78.235137159417,89.45730018615723,67.73500061035156,1.1815,False
399,5HT5A,boltz,cognate,77.25015948533344,88.98139953613281,67.95099639892578,1.0743,False
400,AA1R,boltz,apo,92.3159997975168,97.18685035705566,90.625,2.3532,False
401,AA1R,boltz,apo,92.67633133870692,97.33899955749511,92.08799743652344,2.2878,False
402,AA1R,boltz,apo,92.28556741819791,97.11085052490236,89.56600189208984,2.4524,False
403,AA1R,boltz,apo,92.43384378819378,97.28400039672852,92.01399993896484,2.3001,False
404,5HT5A,boltz,cognate,77.45598881184554,88.34994964599609,64.06300354003906,1.1355,False
405,5HT5A,boltz,cognate,75.25909242175874,87.16935005187989,64.4229965209961,1.5049,False
406,5HT5A,boltz,cognate,77.90108398629837,89.86155014038086,72.22000122070312,1.1182,False
407,5HT5A,chai,cognate,75.12778605000035,86.18250455374671,67.75288899739583,1.166,False
408,AA1R,boltz,apo,92.17497545956104,97.15089950561524,90.64600372314452,2.3686,False
409,AA1R,boltz,apo,92.3177790729546,97.1911506652832,90.47799682617188,2.397,False
410,AA1R,boltz,apo,92.20305514189364,97.12604942321778,91.1259994506836,2.3485,False
411,AA1R,boltz,apo,92.56738966959384,97.3045497894287,91.02300262451172,2.3521,False
412,AA1R,boltz,apo,92.45366254467174,97.2889003753662,91.25299835205078,2.4045,False
413,AA1R,boltz,apo,92.3837825096458,97.1287010192871,89.93900299072266,2.3547,False
414,AA1R,boltz,apo,92.37147843764603,97.22109985351562,90.68499755859376,2.3924,False
415,AA1R,boltz,apo,92.2746689568268,97.21875076293944,90.00800323486328,2.4182,False
416,AA1R,boltz,apo,92.54753677976645,97.25665016174317,92.15799713134766,2.3372,False
417,AA1R,boltz,apo,92.51734973462813,97.30704956054689,90.6269989013672,2.3902,False
418,AA1R,boltz,apo,92.55465049977684,97.29319953918456,91.0510025024414,2.3855,False
419,AA1R,boltz,apo,92.39721471400348,97.23480033874512,89.99700164794922,2.3457,False
420,AA1R,boltz,apo,92.325039775825,97.29920043945312,90.76499938964844,2.4099,False
421,AA1R,boltz,apo,92.2331842059738,97.2682014465332,90.58399963378906,2.3915,False
422,AA1R,chai,apo,87.37068403343751,92.57912430904987,81.630727594549,2.2723,False
423,AA1R,chai,apo,87.42671345885805,92.6079600579398,81.32890805331144,2.3634,False
424,AA1R,chai,apo,87.52684960530729,92.67948068336662,81.66936354203658,2.3109,False
425,AA1R,boltz,apo,92.48215970232442,97.19290046691894,90.85800170898438,2.3737,False
426,AA1R,boltz,apo,92.42113491362588,97.18135032653808,91.84400177001952,2.32,False
427,AA1R,boltz,apo,92.41653373343811,97.18794860839844,91.63999938964844,2.3141,False
428,AA1R,boltz,apo,91.99669945605692,96.96084976196288,89.77100372314453,2.3487,False
429,AA1R,chai,apo,87.42600709601491,92.55170870175438,81.10127258300781,2.3025,False
430,AA1R,chai,apo,87.45876738338707,92.62219884473352,81.77354500510476,2.263,False
431,AA1R,chai,apo,87.34655000545247,92.3943718117966,80.89381755482067,2.2795,False
432,AA1R,chai,apo,87.34953482854156,92.41724403243732,80.78954523259944,2.2651,False
433,AA1R,chai,apo,87.32771674821437,92.37978034575436,80.66654482754794,2.3002,False
434,AA1R,chai,apo,87.31830443457943,92.4534020441504,80.98400046608664,2.2861,False
435,AA1R,chai,apo,87.50132917569938,92.5267297626677,81.39536528153853,2.2867,False
436,AA1R,chai,apo,87.45973840256846,92.57120675596153,80.98963581431995,2.2589,False
437,AA1R,chai,apo,87.47993040086232,92.59709583480635,81.46927365389737,2.2718,False
438,AA1R,chai,apo,87.67705569115981,92.71295920465587,82.23481819846414,2.3421,False
439,AA1R,chai,apo,87.39784290775636,92.6069116283048,81.1389090798118,2.2509,False
440,AA1R,chai,apo,87.44728138109461,92.5984222355687,81.50200167569247,2.3307,False
441,AA1R,chai,apo,87.35434410490814,92.5143902793488,81.00499933416194,2.261,False
442,AA1R,chai,apo,87.31902369391217,92.5154201854772,80.87036271528764,2.2476,False
443,AA1R,chai,apo,87.31297535041651,92.48749414249932,81.06136252663352,2.2568,False
444,AA1R,chai,apo,87.32844359334628,92.4475227230039,80.89645385742188,2.2762,False
445,AA1R,chai,apo,87.37111522229185,92.48676999526968,81.48372580788352,2.2573,False
446,AA1R,chai,apo,87.45629589245122,92.5803035934663,81.66681844537908,2.2781,False
447,AA1R,chai,apo,87.69052147003384,92.7393977716922,82.17081798206677,2.3019,False
448,AA1R,chai,apo,87.67523682729195,92.73473294168669,82.38290890780362,2.3452,False
449,AA1R,chai,apo,87.67682305185728,92.725702515309,81.79145396839489,2.2197,False
450,AA1R,chai,apo,87.48208605583784,92.64514269731087,81.67327325994319,2.3086,False
451,AA1R,protenix,apo,86.67374368223823,91.27836938545649,76.0709096735174,2.2478,False
452,5HT5A,chai,cognate,75.02566479368204,86.1593601071439,67.38500001695421,1.1701,False
453,5HT5A,chai,cognate,75.1920837412162,86.34869509848338,67.82100084092882,1.0395,False
454,5HT5A,chai,cognate,75.20532780097737,86.19664855907489,66.94988801744249,1.124,False
455,5HT5A,chai,cognate,75.27896714028103,86.35601474167466,67.8933334350586,1.1726,False
456,AA1R,protenix,apo,86.68015269057345,91.27819961412987,76.09999882091175,2.259,False
457,AA1R,protenix,apo,86.66102703729227,91.27154868154815,76.06545465642756,2.2639,False
458,AA1R,protenix,apo,86.66272183628843,91.26922481854756,76.07909150557084,2.2679,False
459,AA1R,protenix,apo,86.66444124744436,91.26148337687592,76.10090845281428,2.2188,False
460,AA1R,protenix,apo,86.65307301348598,91.19297008138712,76.09272731434216,2.2503,False
461,AA1R,protenix,apo,86.65152453937962,91.22068240746448,75.86636317859997,2.2412,False
462,AA1R,protenix,apo,86.64853502922598,91.24229562061689,76.07454577359286,2.2735,False
463,AA1R,protenix,apo,86.64705906086411,91.24006655338006,76.0745454268022,2.2543,False
464,AA1R,protenix,apo,86.66768837045593,91.21261635641343,76.10181739113547,2.2145,False
465,AA1R,protenix,apo,86.66176958326749,91.19508090864186,76.03818130493164,2.2651,False
466,AA1R,protenix,apo,86.6667350457205,91.20061430044848,76.03909128362483,2.2596,False
467,AA1R,protenix,apo,86.66588818356621,91.1991358999222,76.06727253306995,2.2591,False
468,AA1R,protenix,apo,86.63648208245539,91.23473051493646,76.09636306762695,2.2266,False
469,AA1R,protenix,apo,86.64728963149946,91.23032572597651,76.04545419866389,2.2278,False
470,AA1R,protenix,apo,86.54848897616246,91.10369681634944,75.98636349764737,2.2866,False
471,AA1R,protenix,apo,86.55140880778846,91.0966794247648,76.01181897250089,2.2213,False
472,AA1R,protenix,apo,86.53979721298131,91.09756680177576,76.02363621104847,2.2371,False
473,AA1R,protenix,apo,86.54729528643594,91.09928421114088,76.05545356056906,2.2311,False
474,AA1R,protenix,apo,86.56888132376731,91.09878127089829,76.03272732821378,2.2702,False
475,AA1R,protenix,apo,86.65336353385052,91.15833849097744,76.01454544067383,2.2506,False
476,AA1R,protenix,apo,86.66992747332675,91.16028826304844,75.98454562100497,2.2384,False
477,AA1R,protenix,apo,86.64463733897534,91.15161355600728,76.00727358731356,2.2688,False
478,AA1R,protenix,apo,86.6254919981513,91.14560969755937,76.01636366410689,2.2557,False
479,AA1R,protenix,apo,86.64699343976567,91.14021201703454,76.0263626792214,2.2367,False
480,5HT5A,chai,cognate,75.29866766745985,86.40444987404398,68.53233337402344,1.188,False
481,5HT5A,chai,cognate,75.28216578911838,86.22929862041667,67.17733383178711,1.2076,False
482,5HT5A,chai,cognate,75.08950255094916,86.13432002125364,68.15588887532552,1.2336,False
483,5HT5A,chai,cognate,75.19678981132661,86.30693012364154,68.27444458007812,1.135,False
484,5HT5A,chai,cognate,75.16912257175545,86.29856136595876,67.72033352322049,1.1181,False
485,5HT5A,chai,cognate,75.14264496568127,86.19745681834256,68.0033327738444,1.0858,False
486,5HT5A,chai,cognate,75.06282433884726,86.15839502576797,68.2283329433865,1.183,False
487,5HT5A,chai,cognate,75.14049950229916,86.14992667379833,68.20477803548177,1.2032,False
488,5HT5A,chai,cognate,75.20778599905347,86.14780781763801,67.50511127048068,1.1564,False
489,AA1R,boltz,apo,92.15697846675944,97.17139930725098,90.26799774169922,2.3608,False
490,AA1R,boltz,apo,92.60908901472033,97.2763500213623,91.47200012207033,2.3116,False
491,AA1R,boltz,apo,92.48051858679648,97.28339996337893,90.69100189208984,2.4063,False
492,5HT5A,chai,cognate,75.23930357826059,86.27323931231643,67.08633253309462,1.1793,False
493,5HT5A,chai,cognate,75.15055003758447,86.23943572945754,67.81022177802191,1.1445,False
494,5HT5A,chai,cognate,75.31411855693881,86.41820378703987,68.55022218492296,1.099,False
495,5HT5A,chai,cognate,75.14678455972762,86.32107625065427,67.59377797444661,1.2123,False
496,5HT5A,chai,cognate,75.23923455312601,86.32269204174112,67.56644482082791,1.1319,False
497,5HT5A,chai,cognate,75.0446729877453,86.0624601317484,68.04522281222873,1.2576,False
498,5HT5A,chai,cognate,75.26988544308243,86.29446219206201,68.12455537584093,1.0965,False
499,5HT5A,chai,cognate,75.24941943191911,86.26908489121332,67.31888877020941,1.1228,False
500,5HT5A,protenix,cognate,72.55499788790756,85.16107993260778,73.16333262125652,1.0892,False
501,5HT5A,protenix,cognate,73.13558890934779,85.56948870870802,71.0022218492296,1.1129,False
502,5HT5A,protenix,cognate,72.94424182627247,85.78625691706999,72.97222222222223,1.1541,False
503,5HT5A,protenix,cognate,73.2408874719491,85.77020110197743,72.93555450439453,1.1346,False
504,5HT5A,protenix,cognate,72.87336610466551,85.16163137841879,73.27000130547418,1.1338,False
505,5HT5A,protenix,cognate,72.71339368707189,85.1514592245991,73.18444485134549,1.0657,False
506,5HT5A,protenix,cognate,72.69774896400992,85.1475281421309,73.24110963609483,1.0679,False
507,5HT5A,protenix,cognate,72.80975840178871,85.13559841051418,73.16000111897786,1.0823,False
508,5HT5A,protenix,cognate,73.2109184291939,85.59574274759444,71.3855561150445,1.1148,False
509,5HT5A,protenix,cognate,72.93090427381362,85.21915039004702,73.1899994744195,1.0983,False
510,5HT5A,protenix,cognate,72.993756619312,85.21695798194081,73.34555519951715,1.0536,False
511,5HT5A,protenix,cognate,72.89418435119542,85.21620989883445,73.19000074598524,1.1135,False
512,5HT5A,protenix,cognate,72.95026011811076,85.22206994746155,73.26333448621962,1.0986,False
513,5HT5A,protenix,cognate,72.88427367019673,85.59300182465007,71.23666593763564,1.0867,False
514,5HT5A,protenix,cognate,73.16811831330047,85.54143437446109,71.21555497911241,1.0599,False
515,5HT5A,protenix,cognate,73.31564492751134,85.56922114358493,71.31333245171442,1.1077,False
516,5HT5A,protenix,cognate,73.22486586809794,85.7603665702374,72.98333273993597,1.1212,False
517,5HT5A,protenix,cognate,73.21856344319727,85.7629391760778,72.98555586073134,1.1083,False
518,5HT5A,protenix,cognate,73.16361708553568,85.77694210832769,72.9988882276747,1.1118,False
519,5HT5A,protenix,cognate,72.89667481102136,85.24034564541188,73.35111151801215,1.1116,False
520,5HT5A,protenix,cognate,72.71174672423017,85.07244391258317,73.15888934665256,1.135,False
521,5HT5A,protenix,cognate,72.69958591007513,85.07350223288049,73.11444515652127,1.1134,False
522,5HT5A,protenix,cognate,72.68671134665563,85.05955334857428,73.03666602240668,1.0763,False
523,5HT5A,protenix,cognate,72.66578307860745,85.08448660412908,73.07666651407878,1.0895,False
524,5HT5A,protenix,cognate,72.7707467503542,85.0942393059476,73.21333312988281,1.0965,False
525,AA1R,boltz,cognate,91.76467783173167,96.49409980773926,92.8239974975586,0.7465,False
526,AA1R,boltz,cognate,91.11700918045511,96.07240028381348,91.0790023803711,1.1025,False
527,AA1R,boltz,cognate,91.77930989879772,96.58525009155274,92.26200103759766,0.87,False
528,AA1R,boltz,cognate,91.82204893615348,96.50065002441406,92.33599853515624,0.6856,False
529,AA1R,boltz,cognate,91.25960118346418,95.78710021972655,91.13800048828124,0.8114,False
530,AA1R,boltz,cognate,90.88965309470709,95.86849899291992,90.59600067138672,1.0526,False
531,AA1R,boltz,cognate,91.69930669866456,96.274800491333,92.46299743652344,0.6813,False
532,AA1R,boltz,cognate,91.28374855649984,96.05469970703123,91.6269989013672,0.9807,False
533,AA1R,boltz,cognate,91.04769305363754,95.9473991394043,91.25900268554688,0.7354,False
534,AA1R,boltz,cognate,91.38309176860412,96.03059883117676,91.4469985961914,0.7568,False
535,AA1R,boltz,cognate,92.31221161590764,96.42499961853028,92.5199966430664,0.9114,False
536,AA1R,boltz,cognate,91.4720213954434,96.2121997833252,92.59400177001952,0.7832,False
537,AA1R,boltz,cognate,91.6693804805264,96.47060050964356,92.4980010986328,0.6916,False
538,AA1R,boltz,cognate,91.83229142171474,96.28700103759766,92.32599639892578,0.7621,False
539,AA1R,boltz,cognate,91.4304142934413,96.12490043640136,92.19400024414062,0.7112,False
540,AA1R,boltz,cognate,91.50444487121209,96.1511001586914,91.9010009765625,0.8225,False
541,AA1R,boltz,cognate,91.62294495471416,96.12224998474122,91.5780029296875,0.6348,False
542,AA1R,boltz,cognate,91.9354724415972,96.43694953918455,92.6709976196289,0.6874,False
543,AA1R,boltz,cognate,91.57973628833982,95.96635093688964,92.0479965209961,0.73,False
544,AA1R,boltz,cognate,91.94188033729976,96.62594909667968,92.60099792480467,0.7833,False
545,AA1R,boltz,cognate,91.80157972698562,96.26245040893556,92.15699768066406,0.8518,False
546,AA1R,boltz,cognate,91.60540789036664,96.01855010986328,91.37899780273438,0.8869,False
547,AA1R,boltz,cognate,91.85513799468433,96.41195068359374,92.0749969482422,0.7325,False
548,AA1R,boltz,cognate,91.65251208814377,96.25050086975098,91.52400207519533,0.8278,False
549,AA1R,boltz,cognate,91.41227618024394,95.90945014953611,90.9499969482422,0.7824,False
550,AA1R,chai,cognate,84.72283781151644,88.58193114866943,72.62445519187234,2.032,False
551,AA1R,chai,cognate,84.84598264958026,88.62743677974608,72.9166374206543,2.0974,False
552,AA2AR,boltz,apo,73.26403153984292,84.31394996643067,73.33599853515625,3.1064,False
553,AA2AR,boltz,apo,72.72574760381458,83.26870040893554,68.09700012207031,2.4148,False
554,AA2AR,boltz,apo,71.7061772161317,83.17309951782227,68.73899841308594,2.8774,False
555,AA2AR,boltz,apo,72.07436895833432,83.15690040588379,68.69499969482422,2.8889,False
556,AA2AR,boltz,apo,71.00551707073323,79.09964923858642,60.18299865722656,1.3636,False
557,AA2AR,boltz,apo,73.58167010372125,85.40525016784667,71.9280014038086,2.9009,False
558,AA2AR,boltz,apo,72.31647813204422,83.22224998474121,67.57099914550781,2.79,False
559,AA2AR,boltz,apo,71.77455589609238,82.57545013427735,68.81199645996094,2.8526,False
560,AA2AR,boltz,apo,70.68043454179487,80.57609996795654,63.75400161743164,2.9878,False
561,AA2AR,boltz,apo,70.38721835034565,80.48050003051758,64.16500091552734,3.0708,False
562,AA2AR,boltz,apo,73.11196367023061,85.3579002380371,71.052001953125,3.0067,False
563,AA2AR,boltz,apo,72.2932013030191,83.76380004882813,69.65799713134766,3.2311,False
564,AA2AR,boltz,apo,71.88857043831094,82.2981502532959,68.9800033569336,3.1204,False
565,AA2AR,boltz,apo,71.32632271757403,82.3556999206543,68.90699768066406,3.0416,False
566,AA2AR,boltz,apo,69.83140780624834,81.60250053405761,64.71299743652344,3.2909,False
567,AA2AR,boltz,apo,73.93223304192996,84.64999961853027,71.74700164794922,3.1018,False
568,AA2AR,boltz,apo,72.82424510103985,84.10985107421875,70.72000122070312,2.8934,False
569,AA2AR,boltz,apo,72.03606307390824,84.06095008850097,69.7750015258789,2.8981,False
570,AA2AR,boltz,apo,71.71835917408026,83.393550491333,69.20899963378906,2.9921,False
571,AA2AR,boltz,apo,70.84479865750063,81.54474983215331,67.25800323486328,3.0525,False
572,AA2AR,chai,apo,78.53750223157438,89.36081345326973,73.54381734674627,2.739,False
573,AA2AR,chai,apo,78.1849943046132,89.14634374244216,74.02972758900036,2.8674,False
574,AA2AR,chai,apo,78.29556333840343,89.22384694970532,73.57536315917969,2.8809,False
575,AA2AR,chai,apo,77.94937847240402,88.74205830267154,73.98436320911755,2.6834,False
576,AA2AR,chai,apo,78.27511536135417,89.23499560920362,73.49590995094992,2.7923,False
577,AA2AR,chai,apo,77.95803736791174,89.02456119106617,73.65754560990767,2.8799,False
578,AA2AR,chai,apo,77.96902254162339,88.99858020486599,73.77899898182262,2.8456,False
579,AA2AR,chai,apo,77.65035416473549,88.19930023625471,73.33636335893111,2.4062,False
580,AA2AR,chai,apo,77.83910092550477,88.60326046367058,73.70381858132102,2.65,False
581,AA2AR,chai,apo,78.21171951741395,89.21121161818675,73.6316365328702,2.8418,False
582,AA2AR,chai,apo,78.0931089794952,88.76630242464691,74.07136431607333,2.7512,False
583,AA2AR,chai,apo,78.29677955871502,89.24648838831749,74.32072691483931,2.8594,False
584,AA1R,chai,cognate,84.37796806015928,86.84124465855685,61.2169997475364,1.938,False
585,AA1R,chai,cognate,84.43644638079148,86.83517456007898,62.502999392422765,1.8507,False
586,AA1R,chai,cognate,84.61011265464263,87.90941992726677,67.90700080178,2.1103,False
587,AA1R,chai,cognate,84.41193632015225,86.88230907767709,62.55009044300426,1.9522,False
588,AA2AR,chai,apo,78.40975337694502,89.45608386115423,74.05818245627664,2.8244,False
589,AA2AR,chai,apo,78.0069185495066,88.67850288861757,74.07436301491477,2.6895,False
590,AA2AR,chai,apo,78.0399425677876,88.62625934065507,74.03654514659534,2.8248,False
591,AA2AR,chai,apo,78.08161639845945,89.07109921049417,74.16581760753284,2.823,False
592,AA2AR,chai,apo,78.18754584269912,89.22185655094329,74.16118275035511,2.8632,False
593,AA2AR,chai,apo,77.92227077431757,88.71669679083006,74.17227207530628,2.7246,False
594,AA2AR,chai,apo,78.37185344058305,89.44328514213342,74.14645489779386,2.8659,False
595,AA2AR,chai,apo,78.11430708014169,89.24368880807236,74.45863619717684,2.8524,False
596,AA2AR,chai,apo,77.92862131114393,88.55642415246236,73.64572663740678,2.7898,False
597,AA2AR,chai,apo,78.16332027903623,89.04495167022144,73.61399945345792,2.8384,False
598,AA2AR,chai,apo,78.40410340905305,89.3425107461068,73.5503640608354,2.8622,False
599,AA2AR,chai,apo,78.18620982210855,89.28445191533363,74.10890891335227,2.8762,False
600,AA2AR,chai,apo,77.92955363149272,88.62532221754219,73.58827278830789,2.7999,False
601,AA2AR,protenix,apo,76.28220041729162,87.5228234092773,74.47363662719727,2.8589,False
602,AA2AR,protenix,apo,76.08883946739827,87.54437758737484,74.50181718306108,2.9218,False
603,AA2AR,protenix,apo,76.10113452020505,87.52406912994935,74.46909054842862,2.8582,False
604,AA2AR,protenix,apo,76.04305637113454,87.54023280160251,74.54727242209695,2.8904,False
605,AA2AR,protenix,apo,76.19016314232783,87.5435342317226,74.53000016645952,2.8938,False
606,AA2AR,protenix,apo,76.08682515305338,87.42123898687815,74.1936361139471,2.8897,False
607,AA2AR,protenix,apo,76.58802484612788,88.0056526395184,75.00545467029919,2.8701,False
608,AA2AR,protenix,apo,77.1830846674603,88.01045205413521,74.97090842507102,2.9065,False
609,AA2AR,protenix,apo,76.91004278955226,88.00867697351079,74.99545426802202,2.8832,False
610,AA2AR,protenix,apo,75.3123387383056,87.47855622938356,74.25000034679066,2.9043,False
611,AA2AR,protenix,apo,75.94110427324368,87.41291359209222,74.15363762595437,2.8747,False
612,AA2AR,protenix,apo,76.38024281119206,87.38050375087953,74.12727286598899,2.8803,False
613,AA2AR,protenix,apo,76.14427771348147,87.4219869226673,74.16636380282316,2.8674,False
614,AA2AR,protenix,apo,76.91012406820649,88.00615669094982,75.04363562844016,2.8723,False
615,AA2AR,protenix,apo,76.98951058369084,88.00448246635229,75.00999866832386,2.9199,False
616,AA2AR,protenix,apo,76.24205807425105,88.02686177029412,75.0754543651234,2.7832,False
617,AA2AR,protenix,apo,76.13972604981966,88.09269732674822,75.09999882091175,2.9092,False
618,AA2AR,protenix,apo,77.26547424075139,88.06856241601886,75.0509085221724,2.9096,False
619,AA2AR,protenix,apo,76.99548493861504,88.07918547878018,75.06909075650302,2.871,False
620,AA2AR,protenix,apo,77.28966769650417,88.08010982942788,75.05272709239613,2.9184,False
621,AA2AR,protenix,apo,76.30160024776691,88.09653619129077,74.97454521872781,2.9256,False
622,AA2AR,protenix,apo,76.74611741772775,88.10629799085952,75.22272803566672,2.8941,False
623,AA2AR,protenix,apo,77.27725152171926,88.07684213255735,75.18454534357244,2.9063,False
624,AA1R,chai,cognate,84.37022694064444,87.00817531123306,63.78481882268732,1.9093,False
625,AA2AR,boltz,apo,73.27300723548075,85.12299957275391,72.74500274658203,2.8268,False
626,AA2AR,boltz,apo,72.84471830812473,85.04155006408692,72.72599792480469,2.9406,False
627,AA2AR,boltz,apo,72.03617219091619,83.35675086975098,69.98100280761719,2.8209,False
628,AA2AR,boltz,apo,71.3362694851403,81.92215003967286,67.0989990234375,3.1452,False
629,AA1R,chai,cognate,84.54369471230669,87.2533311583779,65.1349088495428,1.8416,False
630,AA1R,chai,cognate,84.54679141122627,87.28206105707011,65.04736362804066,1.837,False
631,AA2AR,boltz,apo,69.15549501863498,79.1014503479004,63.84700012207031,2.8194,False
632,AA2AR,protenix,apo,77.27771569127405,88.0506264892457,75.14727228338069,2.8989,False
633,AA2AR,protenix,apo,76.77352555119919,88.1174429318812,75.27000045776367,2.8762,False
634,AA1R,protenix,cognate,81.41726168086132,87.23763768922716,73.51444329155817,0.5919,False
635,AA1R,protenix,cognate,81.34891731024014,87.21557026770896,73.54000006781683,0.6469,False
636,AA1R,chai,cognate,84.55110394539619,87.92073243010441,69.8823637528853,2.0592,False
637,AA1R,chai,cognate,84.72499885002732,88.57927500942226,72.95227293534712,2.0693,False
638,AA1R,chai,cognate,84.30504120560916,86.71781357613821,62.123726931485265,1.9353,False
639,AA1R,chai,cognate,84.47269985023532,87.44163378760928,68.44781806252219,1.7942,False
640,AA1R,chai,cognate,84.4879936864123,87.42973146855573,68.3810920715332,1.7228,False
641,AA1R,chai,cognate,84.49174627579933,87.51112041761004,68.38100051879883,2.037,False
642,AA1R,chai,cognate,84.50679409039549,87.43263749590513,67.50881853970614,1.8888,False
643,AA1R,chai,cognate,84.53492463239914,87.45781771891045,68.15418139371005,1.9924,False
644,AA1R,chai,cognate,84.38814511794759,86.85597076250878,62.23227240822532,1.9577,False
645,AA1R,chai,cognate,84.52921945442279,86.92435991452369,61.53590982610529,1.9458,False
646,AA1R,chai,cognate,84.80151764327962,88.51008337254821,71.98400011929598,2.0956,False
647,AA1R,chai,cognate,84.3414859731001,86.8528208573384,62.28163701837713,1.8475,False
648,AA1R,chai,cognate,84.90022930760725,88.64567593948837,72.5879995172674,2.0622,False
649,AA1R,chai,cognate,84.82518001200631,88.55972751277523,72.69854389537464,2.061,False
650,AA1R,chai,cognate,84.64275107212195,87.61294249990115,66.82845445112748,2.089,False
651,AA1R,chai,cognate,84.45555979958904,87.16097622444791,63.64263638583097,1.8025,False
652,AA1R,protenix,cognate,81.49107823543906,87.22918819369693,73.57333374023438,0.5958,False
653,AA1R,protenix,cognate,81.6408385857033,87.23925453029153,73.59111022949219,0.6554,False
654,AA1R,protenix,cognate,82.58567685427683,88.28691407205051,77.3509091463956,0.6114,False
655,AA1R,protenix,cognate,82.56599012779986,88.27507931833142,77.26888953314887,0.4567,False
656,AA1R,protenix,cognate,82.54972072755152,88.27229218571047,77.36111195882161,0.6098,False
657,AA1R,protenix,cognate,82.57917532239726,88.27708860901012,77.34777577718098,0.587,False
658,AA1R,protenix,cognate,81.34121580266793,87.25304537796526,73.66444269816081,0.6131,False
659,AA1R,protenix,cognate,82.57503206858914,88.27115143098874,77.26222229003906,0.5647,False
660,AA1R,protenix,cognate,81.60816928664802,87.43357092203688,75.90444480048285,0.6059,False
661,AA1R,protenix,cognate,81.61345729106499,87.42431637059386,75.81111145019531,0.5783,False
662,AA1R,protenix,cognate,81.60304984846465,87.41337160699467,75.804443359375,0.6553,False
663,AA1R,protenix,cognate,81.1669691594074,86.99412524034796,73.20777850680881,0.5812,False
664,AA1R,protenix,cognate,81.17069365809535,86.99485062720284,73.12666744656033,0.5599,False
665,AA1R,protenix,cognate,81.1621446935848,86.9666265812856,73.12333382500543,0.6445,False
666,AA1R,protenix,cognate,81.98638916916035,87.35054426592322,72.9966672261556,0.5829,False
667,AA1R,protenix,cognate,81.945932533546,87.3199252054151,72.92666583591037,0.6097,False
668,AA1R,protenix,cognate,81.9786320099031,87.32937527414353,72.97777726915147,0.5826,False
669,AA1R,protenix,cognate,81.93766147430337,87.31691223432148,72.93999989827473,0.6357,False
670,AA1R,protenix,cognate,81.9846875107963,87.3351991228899,73.00444327460394,0.5423,False
671,AA1R,protenix,cognate,81.6298352523005,87.41363882450142,75.82777913411458,0.6219,False
672,AA1R,protenix,cognate,81.62383239229112,87.41606544822154,75.83111063639323,0.6351,False
673,AA1R,protenix,cognate,81.16556191866361,86.98317151493497,73.11555480957031,0.5467,False
674,AA1R,protenix,cognate,81.14663786793966,86.96337256249927,73.14666663275824,0.62,False
675,AA2AR,boltz,cognate,71.48904847635806,84.85450057983398,65.79199981689453,0.5873,False
676,AA2AR,boltz,cognate,72.53998283738072,85.68960037231446,66.5770034790039,0.6096,False
677,AA2AR,boltz,cognate,71.10072093334013,82.99990024566651,63.39899826049805,0.6287,False
678,AA2AR,boltz,cognate,72.5649053703234,85.83560028076172,66.4729995727539,0.6228,False
679,AA2AR,boltz,cognate,72.10809469685971,85.44775085449218,66.33999633789062,0.621,False
680,AA2AR,boltz,cognate,72.64392470850528,83.96629943847657,64.50800323486328,2.2073,False
681,AA2AR,boltz,cognate,71.49195395627068,84.53355026245117,67.1719970703125,0.8175,False
682,AA2AR,boltz,cognate,71.13292470024628,83.11175003051758,63.36000061035156,0.8136,False
683,AA2AR,boltz,cognate,71.5117112502311,84.4496503829956,63.0880012512207,0.5017,False
684,AA2AR,boltz,cognate,71.77679137813234,84.9053997039795,65.18499755859375,0.6131,False
685,AA2AR,boltz,cognate,70.10022836518519,80.80075054168701,57.88100051879883,2.1747,False
686,AA2AR,boltz,cognate,71.78748565970115,83.14315128326416,60.7140007019043,2.2671,False
687,AA2AR,boltz,cognate,71.92384223567629,84.633500289917,65.50900268554688,0.5949,False
688,AA2AR,boltz,cognate,71.72242958568832,84.65545043945312,64.73899841308594,0.64,False
689,AA2AR,boltz,cognate,71.54742958939191,83.50705013275146,61.895999908447266,0.9049,False
690,AA2AR,boltz,cognate,71.30139082843817,83.77920036315918,63.66999816894531,0.6452,False
691,AA2AR,boltz,cognate,71.0351067468958,83.8664005279541,64.64099884033203,0.6128,False
692,AA2AR,boltz,cognate,71.19358500693609,83.6172004699707,64.5780029296875,0.6383,False
693,AA2AR,boltz,cognate,74.46453393084332,86.3485496520996,65.00499725341797,2.1588,False
694,AA2AR,boltz,cognate,72.73675969966406,85.62215003967285,67.44200134277344,0.7937,False
695,AA2AR,boltz,cognate,71.5304053825082,83.91205024719238,64.92900085449219,0.5389,False
696,ACM1,boltz,apo,63.28842374967492,81.34580001831054,66.28199768066406,,True
697,ACM1,boltz,apo,63.23982174500175,80.90265045166015,66.66200256347656,,True
698,ACM1,boltz,apo,62.06517394936603,79.22000026702881,61.935001373291016,,True
699,ACM1,boltz,apo,61.4855218016583,77.69400043487549,55.42100143432617,,True
700,ACM1,boltz,apo,63.21051302785459,81.29745063781738,67.83300018310547,,True
701,ACM1,boltz,apo,62.377843516805896,80.7137493133545,67.76000213623047,,True
702,ACM1,boltz,apo,62.101580279806385,79.97564926147462,66.2030029296875,,True
703,ACM1,boltz,apo,62.38085650983064,81.05974960327148,68.3030014038086,,True
704,ACM1,boltz,apo,62.15672603690106,79.68605003356933,66.70800018310547,,True
705,ACM1,boltz,apo,63.95036961514017,82.11634979248046,68.68499755859375,,True
706,ACM1,boltz,apo,62.29482610951299,80.09349937438965,65.0009994506836,,True
707,ACM1,boltz,apo,62.35435439400051,80.28170051574708,66.59100341796875,,True
708,ACM1,boltz,apo,62.33058465460073,78.16230049133301,59.84400177001953,,True
709,ACM1,boltz,apo,61.55099785431572,78.11889991760253,60.25,,True
710,ACM1,boltz,apo,63.189910950868025,80.71984977722168,66.1729965209961,,True
711,ACM1,boltz,apo,63.230293518563975,80.25900020599366,63.49399948120117,,True
712,ACM1,boltz,apo,62.721319513735565,80.15384979248047,67.23400115966797,,True
713,ACM1,boltz,apo,62.87223910456118,80.38075065612793,66.5510025024414,,True
714,ACM1,boltz,apo,62.785408675152325,80.99335098266602,65.73600006103516,,True
715,ACM1,boltz,apo,63.246649953593376,80.93015041351319,63.21500015258789,,True
716,ACM1,boltz,apo,62.28466509943423,79.37664966583252,59.02399826049805,,True
717,ACM1,boltz,apo,61.84469140508901,79.15120086669921,59.375,,True
718,ACM1,boltz,apo,61.85770219305287,80.66460037231445,68.89399719238281,,True
719,ACM1,boltz,apo,61.90078712960948,79.18544998168946,64.38200378417969,,True
720,ACM1,chai,apo,71.5042755906348,85.25245325670613,68.14566718207465,,True
721,ACM1,chai,apo,71.00213268880212,84.73957563575041,68.2812237209744,,True
722,ACM1,chai,apo,71.31031683161399,84.76098477091107,68.13733249240451,,True
723,ACM1,chai,apo,71.05420786731537,84.92408453064735,68.30577680799696,,True
724,ACM1,chai,apo,70.64209806237632,83.88714810136078,67.40666664971246,,True
725,ACM1,chai,apo,71.193952373126,84.38110849566273,67.16555489434137,,True
726,ACM1,chai,apo,70.53200962276964,83.7805107885969,67.68211110432942,,True
727,ACM1,chai,apo,70.90629066921326,84.0699476115597,67.14577738444011,,True
728,ACM1,chai,apo,70.93015600960514,84.10270622143324,67.36477788289388,,True
729,ACM1,chai,apo,71.22320095439471,84.94541224675089,69.23966640896268,,True
730,ACM1,chai,apo,70.77722122137412,84.19785778151618,67.31311162312825,,True
731,ACM1,chai,apo,70.7696421384026,84.37053206447915,67.75911119249132,,True
732,ACM1,chai,apo,70.66153020196626,83.90708602686465,66.93366580539279,,True
733,ACM1,chai,apo,70.62077867977696,83.8403452950157,67.20544348822699,,True
734,ACM1,chai,apo,71.09139676347252,84.598741737685,67.55566787719727,,True
735,ACM1,chai,apo,70.84888606637999,84.26063823702704,67.34944449530707,,True
736,ACM1,chai,apo,71.04877882131707,85.06682410306229,68.3042229546441,,True
737,ACM1,chai,apo,71.34889645694676,85.32438261369262,68.93144438001845,,True
738,ACM1,chai,apo,70.74574571278174,84.20032841663169,66.71111170450847,,True
739,ACM1,chai,apo,71.08154231295741,84.44698491796959,66.94755596584744,,True
740,ACM1,chai,apo,71.39279070517567,84.70054596100019,67.337888929579,,True
741,ACM1,chai,apo,71.0090512926419,84.28548848086105,67.18677732679579,,True
742,ACM1,chai,apo,71.09054374103063,84.4965690158112,67.39633305867513,,True
743,ACM1,chai,apo,71.01744024536991,84.3946726583368,67.12622197469075,,True
744,AA2AR,chai,cognate,75.49447572615246,89.17906003065784,79.44133377075195,0.6401,False
745,AA2AR,chai,cognate,75.58141829155335,89.14669130101005,79.57208442687988,0.632,False
746,AA2AR,chai,cognate,75.53996742240693,89.24662049473794,79.93400128682454,0.6276,False
747,AA2AR,boltz,cognate,72.42532761583051,85.43464965820313,65.85600280761719,0.5989,False
748,ACM1,chai,apo,70.89189119046108,84.07293370851019,66.97655614217122,,True
749,ACM1,protenix,apo,69.66732301496518,84.47871244989261,70.750001695421,,True
750,ACM1,protenix,apo,69.82896920102208,84.54280147257994,70.79111099243164,,True
751,ACM1,protenix,apo,69.93404523298891,84.86003020853535,71.03555636935764,,True
752,ACM1,protenix,apo,69.94170640704219,84.50253797090758,70.96666717529297,,True
753,ACM1,protenix,apo,70.1195266342899,84.78988472842208,70.71111085679796,,True
754,ACM1,protenix,apo,70.88592416410427,84.78428778133693,72.10000059339735,,True
755,ACM1,protenix,apo,70.97094355648858,84.78803406963101,71.87999937269423,,True
756,ACM1,protenix,apo,71.02129443371473,84.83724384400064,71.94333351982965,,True
757,ACM1,protenix,apo,71.05548149967726,84.7977346416022,71.71777767605252,,True
758,ACM1,protenix,apo,71.30820510854983,84.90270164868188,71.46888902452257,,True
759,ACM1,protenix,apo,69.80306011803634,84.72587626501252,70.56333329942491,,True
760,ACM1,protenix,apo,70.15396403405514,84.78342695789419,70.71222305297852,,True
761,ACM1,protenix,apo,69.93716065395132,84.78614029661402,70.8522220187717,,True
762,ACM1,protenix,apo,70.27362374613176,84.78301377830397,70.71111085679796,,True
763,ACM1,protenix,apo,70.34021699707544,85.01352252566623,70.4066670735677,,True
764,ACM1,protenix,apo,69.83038786077,84.62526808416689,71.41111161973741,,True
765,ACM1,protenix,apo,70.01622683690044,84.70099845806413,71.66333262125652,,True
766,ACM1,protenix,apo,70.1349064075086,84.7781814201845,71.84222200181749,,True
767,ACM1,protenix,apo,70.19822512674769,84.78309102829056,71.65444480048285,,True
768,ACM1,protenix,apo,70.13378920518137,84.75873505118949,71.67111206054688,,True
769,ACM1,protenix,apo,71.00243870358462,84.98130816957823,72.1355561150445,,True
770,ACM1,protenix,apo,71.15168779584349,85.11461411118333,71.81777784559462,,True
771,ACM1,protenix,apo,71.34600479257848,85.31749151995,72.08000013563368,,True
772,AA2AR,boltz,cognate,72.57412627136823,85.4721492767334,66.10199737548828,0.4922,False
773,AA2AR,boltz,cognate,71.87504128576482,83.08059959411621,60.86100006103515,0.6173,False
774,AA2AR,boltz,cognate,69.90109961241194,81.66510009765625,60.694000244140625,0.7616,False
775,AA2AR,chai,cognate,75.6438554559355,89.19936790547501,80.16241645812988,0.611,False
776,AA2AR,chai,cognate,75.43963816448436,89.15690107513473,79.61999956766765,0.7234,False
777,AA2AR,chai,cognate,75.56335564279604,89.39049200719913,80.44383430480957,0.593,False
778,AA2AR,chai,cognate,75.48989670463926,89.30001455970314,79.67683219909668,0.6412,False
779,AA2AR,chai,cognate,75.26821918846784,88.95149446042929,78.92088911268446,0.6366,False
780,AA2AR,chai,cognate,75.5529728790282,89.24966269894941,79.736083984375,0.6944,False
781,AA2AR,chai,cognate,75.61917871794995,89.28610364938712,80.07324981689453,0.6203,False
782,AA2AR,chai,cognate,75.58111000040259,89.24623330728662,79.32458305358887,0.6165,False
783,ACM1,boltz,apo,64.28300434195476,82.28490028381347,68.302001953125,,True
784,AA2AR,chai,cognate,75.55305559526306,89.44896912357335,80.38508224487305,0.6423,False
785,AA2AR,chai,cognate,75.47437730510761,89.23786105666497,80.32199923197429,0.627,False
786,AA2AR,chai,cognate,75.48545999918012,89.07379020136327,80.00366719563802,0.6577,False
787,AA2AR,chai,cognate,75.53317558964787,89.00611901949323,79.00733375549316,0.6184,False
788,AA2AR,chai,cognate,75.63479116876287,89.18919545088323,80.23299980163574,0.6367,False
789,AA2AR,chai,cognate,75.53724021685257,89.16098316187123,79.87691752115886,0.6391,False
790,AA2AR,chai,cognate,75.54628273930987,89.0083752924436,79.52991739908855,0.6249,False
791,AA2AR,chai,cognate,75.54682981058161,89.19954040375968,80.31066703796387,0.603,False
792,ACM1,protenix,apo,71.25268376624976,85.28695482033842,72.12888887193468,,True
793,ACM1,protenix,apo,71.54611698814001,85.35096274944267,72.12111112806532,,True
794,AA2AR,chai,cognate,75.53046127444439,89.22824652296126,79.4928347269694,0.5944,False
795,AA2AR,chai,cognate,75.60152288392746,89.2026061482175,79.16233253479004,0.5959,False
796,AA2AR,chai,cognate,75.49187267307548,89.13258800536867,79.80266698201497,0.6158,False
797,AA2AR,chai,cognate,75.49855059003634,89.22302687514224,80.13216781616211,0.6525,False
798,AA2AR,chai,cognate,75.55690389466417,89.195288504123,80.22333441840277,0.6454,False
799,AA2AR,chai,cognate,75.49980972937773,89.02125730945262,79.73658307393391,0.6583,False
800,AA2AR,protenix,cognate,71.07068926801759,85.98652398844301,77.53222317165799,0.5823,False
801,AA2AR,protenix,cognate,70.22340126606029,86.03959707634445,77.7611100938585,0.5372,False
802,AA2AR,protenix,cognate,70.71941509342187,85.94546425072147,77.68333350287543,0.5339,False
803,AA2AR,protenix,cognate,70.44392861843987,86.0187883880885,77.71777937147353,0.5361,False
804,AA2AR,protenix,cognate,70.72786729626782,86.27262635734691,77.32666714986165,0.5576,False
805,AA2AR,protenix,cognate,70.956548995755,86.20865872233117,77.2325013478597,0.5014,False
806,AA2AR,protenix,cognate,70.18524314800985,86.33269142179779,78.05333264668782,0.5302,False
807,AA2AR,protenix,cognate,70.48389648880311,86.3067932755469,77.96555582682292,0.5346,False
808,AA2AR,protenix,cognate,70.00637309640238,86.06294093734775,77.86666531032986,0.5175,False
809,AA2AR,protenix,cognate,71.66476295147734,86.84145184094429,78.43000094095866,0.5073,False
810,AA2AR,protenix,cognate,70.19766275653151,86.28838198842081,77.38166618347168,0.527,False
811,AA2AR,protenix,cognate,70.27844213824098,86.23726916493447,77.31666564941406,0.5007,False
812,AA2AR,protenix,cognate,70.87048708119505,86.21848349408842,77.25166829427083,0.5764,False
813,AA2AR,protenix,cognate,70.96882092814295,86.91959423941795,78.46500142415364,0.5173,False
814,AA2AR,protenix,cognate,70.98161845930814,86.92272932414541,78.48083368937175,0.5453,False
815,AA2AR,protenix,cognate,71.03671705633408,86.91134103634657,78.51000086466472,0.5323,False
816,AA2AR,protenix,cognate,71.25733364570868,86.8408201131229,78.35583305358887,0.5327,False
817,AA2AR,protenix,cognate,70.7321205192785,86.30874204068645,77.83888838026259,0.5452,False
818,AA2AR,protenix,cognate,70.83491074455648,86.28627488012437,77.98555755615234,0.5403,False
819,AA2AR,protenix,cognate,70.96823059215785,86.2851142961604,77.9477776421441,0.5686,False
820,AA2AR,protenix,cognate,70.81207858949867,86.35715794356871,78.25166702270508,0.5165,False
821,AA2AR,protenix,cognate,70.40753044140946,86.39595230380522,78.33777703179254,0.5091,False
822,AA2AR,protenix,cognate,71.09129189497237,86.36562444375879,78.11222161187067,0.5191,False
823,AA2AR,protenix,cognate,71.34937624267174,86.30452091515666,78.16444481743707,0.5286,False
824,AA2AR,protenix,cognate,71.36162506414266,86.31536602010631,78.11888885498047,0.4991,False
825,ACM1,boltz,cognate,67.09672183161196,89.87985000610351,79.14399719238281,,True
826,ACM1,boltz,cognate,66.49000646757042,87.93485069274902,69.22599792480469,,True
827,ACM1,boltz,cognate,66.95945855845575,89.09375,75.3219985961914,,True
828,ACM1,boltz,cognate,65.85357817774234,86.36160049438476,67.41699981689453,,True
829,ACM1,boltz,cognate,65.0807042038959,86.70669937133789,71.97799682617188,,True
830,ACM1,boltz,cognate,65.88280662868334,87.99724998474122,72.30699920654297,,True
831,ACM1,boltz,cognate,67.0355477830638,89.05164985656738,76.51000213623047,,True
832,ACM1,boltz,cognate,66.0675064874732,88.06064949035644,71.11799621582031,,True
833,ACM1,boltz,cognate,66.4305346654809,88.35735054016114,72.31600189208984,,True
834,ACM1,boltz,cognate,66.44490426934284,88.9415496826172,77.33699798583984,,True
835,ACM1,boltz,cognate,66.94576074766076,88.68179931640626,71.43499755859375,,True
836,ACM1,boltz,cognate,66.96541732290517,88.95690002441407,73.58200073242188,,True
837,ACM1,boltz,cognate,65.38862164953481,84.57374992370606,64.47200012207031,,True
838,ACM1,boltz,cognate,65.13036083967789,87.83844947814941,75.70899963378906,,True
839,ACM1,boltz,cognate,66.0316760726597,88.35345001220703,73.36900329589844,,True
840,ACM1,boltz,cognate,66.40917183834574,88.13925056457519,71.08699798583984,,True
841,ACM1,boltz,cognate,65.62407610520073,85.39439964294434,61.82099914550781,,True
842,ACM1,boltz,cognate,66.3163237447324,88.66925010681152,72.71299743652344,,True
843,ACM1,boltz,cognate,65.6964651895606,87.60624923706055,70.54199981689453,,True
844,ACM1,boltz,cognate,65.23078491376793,85.42914962768555,64.58200073242188,,True
845,ACM1,boltz,cognate,66.96402605305548,89.12865028381347,77.51599884033203,,True
846,ACM1,boltz,cognate,65.755663071508,86.7941505432129,66.38300323486328,,True
847,ACM1,boltz,cognate,66.37511520385742,88.17569885253906,68.0459976196289,,True
848,ACM2,boltz,apo,63.67094196679766,79.08684978485107,56.2400016784668,2.3327,False
849,ACM2,boltz,apo,63.30633490075369,78.09819984436035,49.69300079345703,1.0947,False
850,ACM2,boltz,apo,62.6349270333548,76.08490028381348,39.1609992980957,1.9549,False
851,ACM2,boltz,apo,62.92823604862066,78.68825016021728,51.18899917602539,1.2895,False
852,ACM1,boltz,cognate,66.22827832595162,88.39374923706055,73.4739990234375,,True
853,ACM1,boltz,cognate,65.76252811680669,86.88745079040527,69.53900146484375,,True
854,ACM1,chai,cognate,68.94472337736929,82.59727709439926,63.3576668633355,,True
855,ACM1,chai,cognate,68.92832214291178,82.35473768442053,65.04477818806966,,True
856,ACM2,boltz,apo,62.09752794601375,76.87759990692139,52.077999114990234,1.7057,False
857,ACM2,boltz,apo,62.32767590944348,77.61460018157959,47.117000579833984,1.4388,False
858,ACM2,boltz,apo,64.67872755926567,79.87505073547364,51.404998779296875,1.1834,False
859,ACM2,boltz,apo,62.83038199510697,77.13015022277833,48.6870002746582,1.1521,False
860,ACM2,boltz,apo,62.61578770256861,78.18074989318848,53.96200180053711,2.42,False
861,ACM2,boltz,apo,64.812083649533,80.00460109710693,52.77199935913086,1.0575,False
862,ACM2,boltz,apo,64.61694844290933,80.1709493637085,55.63100051879883,2.174,False
863,ACM2,boltz,apo,63.77350219022563,80.08814926147461,53.012001037597656,1.519,False
864,ACM2,boltz,apo,63.71458800974833,78.55235061645507,50.854000091552734,1.1997,False
865,ACM2,boltz,apo,63.29697642510541,79.49024925231933,54.391998291015625,2.3901,False
866,ACM2,boltz,apo,62.41170604853159,76.56899986267089,48.45899963378906,1.1896,False
867,ACM2,boltz,apo,64.83393984700477,80.85660018920899,54.23899841308594,1.3745,False
868,ACM1,chai,cognate,69.07906294213521,82.79085747710555,65.18733384874132,,True
869,ACM1,chai,cognate,68.83162333938257,82.51680946107896,64.53533342149522,,True
870,ACM1,chai,cognate,68.95943782809492,82.70662153146313,64.14144473605685,,True
871,ACM1,chai,cognate,68.69873805543561,82.3522164379329,64.55955462985568,,True
872,ACM2,boltz,apo,64.15604508281265,79.42245082855224,51.85300064086914,1.1975,False
873,ACM2,boltz,apo,63.46205357318272,77.93994979858398,49.084999084472656,1.1562,False
874,ACM2,boltz,apo,63.00603210874893,78.25510005950927,49.875,1.0289,False
875,ACM2,boltz,apo,62.471244746523354,76.42874965667724,46.88999938964844,1.1421,False
876,ACM2,chai,apo,70.34828050818368,84.4878039446469,59.881778717041016,1.8477,False
877,ACM2,chai,apo,70.34555809853596,84.56500258112712,60.50355656941732,1.7148,False
878,ACM2,chai,apo,70.38040699843688,84.5542867664651,60.149444580078125,1.7858,False
879,ACM2,chai,apo,70.37174579793766,84.64190103007945,60.1748890346951,1.7216,False
880,ACM2,chai,apo,70.43546964931305,84.63566634242841,60.39600075615777,1.7653,False
881,ACM2,chai,apo,70.42828877584941,84.669713111949,59.65144390530057,1.7784,False
882,ACM2,chai,apo,70.39474692638323,84.6102719496167,60.575889587402344,1.7681,False
883,ACM2,chai,apo,70.3158879750438,84.704205734341,60.688999599880646,1.8242,False
884,ACM2,chai,apo,70.38257083676048,84.67305641415143,60.202333238389755,1.7722,False
885,ACM2,chai,apo,70.25670650302808,84.54013464308404,59.8565550910102,1.735,False
886,ACM2,chai,apo,70.38274297174935,84.55338035714232,60.03777737087674,1.8147,False
887,ACM2,chai,apo,70.37025017459892,84.66843588589592,60.754556020100914,1.8197,False
888,ACM2,chai,apo,70.37792419254379,84.53093789161198,60.624888526068794,1.7384,False
889,ACM2,chai,apo,70.43321537429836,84.7037025482486,61.102555168999565,1.7637,False
890,ACM2,chai,apo,70.54337142512112,84.74914952825847,59.320000118679474,1.8162,False
891,ACM2,boltz,apo,61.95136256484003,75.69759998321533,46.83100128173828,1.7963,False
892,ACM2,chai,apo,70.33499105719511,84.54119163921902,59.48355568779839,1.7915,False
893,ACM2,chai,apo,70.46099959635481,84.67007984760005,60.35633299085829,1.8316,False
894,ACM2,chai,apo,70.42338589223705,84.52313497548839,60.10144382052951,1.8383,False
895,ACM2,chai,apo,70.3092320768695,84.62173919485072,59.62822172376845,1.7535,False
896,ACM2,chai,apo,70.39903842714757,84.57112534967509,60.89611138237847,1.6326,False
897,ACM2,protenix,apo,70.16647263466221,83.89509882738407,65.46555455525716,2.3532,False
898,ACM2,protenix,apo,70.22686510536911,84.0057323844161,65.32666693793402,2.3609,False
899,ACM2,protenix,apo,70.1251645860014,84.03586664918181,65.52111095852322,2.3656,False
900,ACM2,chai,apo,70.43594401699495,84.72034842781518,60.72488954332139,1.8082,False
901,ACM2,chai,apo,70.50781476049234,84.71244358763205,60.63077714708116,1.7403,False
902,ACM2,chai,apo,70.36640037468176,84.55676352397703,60.104888916015625,1.82,False
903,ACM2,chai,apo,70.46759792992736,84.62044113450925,59.90844429863824,1.8954,False
904,ACM2,boltz,apo,64.33473393436154,79.97329998016357,51.67399978637695,1.1664,False
905,ACM2,boltz,apo,63.80288616884419,79.36374988555909,54.85100173950195,1.6211,False
906,ACM2,boltz,apo,63.43275096795078,78.703249168396,49.4640007019043,1.2338,False
907,ACM2,chai,apo,70.439885460168,84.60231345522112,59.581443786621094,1.8974,False
908,ACM2,protenix,apo,70.12626950025437,84.04063731110973,65.23666720920139,2.3254,False
909,ACM2,protenix,apo,70.3576043395433,84.01605270314181,65.33333333333333,2.4103,False
910,ACM2,protenix,apo,69.91883337039609,83.50264492129867,62.85222244262695,2.2481,False
911,ACM2,protenix,apo,70.29483317695458,83.87678796776446,65.30888832939996,2.3302,False
912,ACM2,protenix,apo,69.91828552236,83.4927558476309,62.8522220187717,2.2811,False
913,ACM2,protenix,apo,70.17717937751647,83.49381636060849,63.08555603027344,2.4253,False
914,ACM2,protenix,apo,70.61563874950461,84.0143267573457,65.34111192491319,2.3743,False
915,ACM2,protenix,apo,70.80296841607702,83.97541867400662,65.52111011081271,2.3402,False
916,ACM2,protenix,apo,70.27846412751626,83.8880990946138,65.4433330959744,2.4258,False
917,ACM2,protenix,apo,70.14124392657021,83.96808937759457,65.146666208903,2.2991,False
918,ACM2,protenix,apo,69.5620965976515,83.50732337332393,62.67111121283637,2.213,False
919,ACM2,protenix,apo,69.88298428251655,83.50994981512534,63.061110178629555,2.3664,False
920,ACM2,protenix,apo,69.83307884052488,83.6684831438849,65.89111200968425,2.2666,False
921,ACM2,protenix,apo,70.12518853679249,83.76688902510881,65.85444429185655,2.3387,False
922,ACM2,protenix,apo,70.04863448320754,83.7137587169961,65.54000049167209,2.2212,False
923,ACM2,protenix,apo,70.07234899513503,83.71684108348808,65.6533326043023,2.421,False
924,ACM2,protenix,apo,70.47339684634618,83.72390000171302,65.60888926188152,2.2967,False
925,ACM2,protenix,apo,69.9970898391442,83.91111374678894,65.39333301120334,2.334,False
926,ACM2,protenix,apo,70.21518679117048,83.89035933606036,65.31444422403972,2.3918,False
927,ACM2,protenix,apo,70.04304896514769,83.91095671845032,65.51111051771376,2.3696,False
928,ACM1,chai,cognate,68.82903766121751,82.33287680371328,64.6239988538954,,True
929,ACM1,chai,cognate,68.85058891809587,82.63171252194249,64.29599889119466,,True
930,ACM1,chai,cognate,68.89248543336973,82.80244825361783,64.39222208658855,,True
931,ACM1,chai,cognate,68.78896206434476,82.47566419280797,64.52988942464192,,True
932,ACM1,chai,cognate,68.77480123293685,82.9048851124652,63.48855463663737,,True
933,ACM1,chai,cognate,68.94780103068226,82.7213451836601,64.19388877020941,,True
934,ACM1,chai,cognate,68.60636091466829,82.0055046444297,64.02888912624783,,True
935,ACM1,chai,cognate,68.90469894611982,82.55324330636778,65.57588873969183,,True
936,ACM1,chai,cognate,68.51645615849608,82.00428627237098,63.59744389851888,,True
937,ACM1,chai,cognate,68.99099694623695,82.86486474309649,65.04044426812067,,True
938,ACM1,chai,cognate,68.8150099508548,82.7475108455889,65.70200093587239,,True
939,ACM2,boltz,apo,64.57086046570872,79.87109889984131,52.65999984741211,1.0535,False
940,ACM2,protenix,apo,70.16342951819881,83.89582350421261,65.29222149319119,2.3343,False
941,ACM2,protenix,apo,70.2349505020055,83.90483959546164,65.4955563015408,2.343,False
942,ACM1,protenix,cognate,39.29654214208581,40.2647225665943,34.58818192915483,,True
943,ACM1,protenix,cognate,39.87630650479997,40.63833772957928,35.325454538518734,,True
944,ACM1,chai,cognate,68.81291349850572,82.1474650041159,60.97199969821506,,True
945,ACM1,chai,cognate,68.9247666095736,82.31979043426625,63.9793332417806,,True
946,ACM1,chai,cognate,68.78257366223859,82.2949710608836,65.2707782321506,,True
947,ACM1,chai,cognate,68.47839583272444,81.80728612122253,63.76444413926866,,True
948,ACM1,chai,cognate,69.22726876178017,83.36971178049306,64.84400007459853,,True
949,ACM1,chai,cognate,68.77571849778631,82.36655193927484,62.78611077202691,,True
950,ACM1,chai,cognate,68.6772354751486,82.16067621663191,63.50900014241537,,True
951,ACM1,chai,cognate,68.6184489540393,82.12295770405692,64.52788840399847,,True
952,ACM1,protenix,cognate,39.468155087461525,41.00022497089738,34.96333312988281,,True
953,ACM1,protenix,cognate,39.58903722057319,40.543281559359286,33.34818181124601,,True
954,ACM1,protenix,cognate,39.45660690297715,42.12062560281713,37.22333335876465,,True
955,ACM1,protenix,cognate,37.78202843282833,38.94544593885691,31.370000319047406,,True
956,ACM1,protenix,cognate,37.04807450710482,39.86051412463361,34.573750019073486,,True
957,ACM1,protenix,cognate,38.00200992050341,39.09790233520546,32.94727290760387,,True
958,ACM1,protenix,cognate,37.84338224499698,40.5098499261146,33.887500286102295,,True
959,ACM1,protenix,cognate,38.295154129892815,39.652845825085905,31.730909174138848,,True
960,ACM1,protenix,cognate,40.57671477186522,42.32503375757308,36.68249956766764,,True
961,ACM1,protenix,cognate,38.270094306737015,41.09185408511719,35.49636407331987,,True
962,ACM1,protenix,cognate,37.44976620339563,39.45776269687375,32.57454577359286,,True
963,ACM1,protenix,cognate,37.78039934947309,40.42754341622968,32.95545473965731,,True
964,ACM1,protenix,cognate,40.13549678278475,41.27194037758771,35.36909086054022,,True
965,ACM1,protenix,cognate,39.62829483699272,41.29741464371977,34.08090938221324,,True
966,ACM1,protenix,cognate,39.388560948797,40.35238817821161,33.96272693980824,,True
967,ACM1,protenix,cognate,38.37920148126438,39.24927809244971,34.02333386739095,,True
968,ACM2,boltz,cognate,67.24108571965296,89.70105018615723,75.16400146484375,1.0885,False
969,ACM2,boltz,cognate,67.38766951008417,89.44690055847168,71.93599700927734,1.034,False
970,ACM2,boltz,cognate,66.7412361587066,87.58080005645752,62.604000091552734,1.0748,False
971,ACM2,boltz,cognate,68.35946787887377,89.77130088806152,74.37200164794922,1.0999,False
972,ACM1,protenix,cognate,36.831516659488955,37.84981181969718,30.638181686401367,,True
973,ACM1,protenix,cognate,37.440244966644784,38.578476768754435,31.023636037653144,,True
974,ACM1,protenix,cognate,39.626247525620215,39.561801003893734,32.71583334604899,,True
975,ACM1,protenix,cognate,39.01220584913018,39.78744457896481,33.96928596496582,,True
976,ACM1,protenix,cognate,38.96048582693199,39.707569854379905,33.307272304188125,,True
977,ACM1,protenix,cognate,38.283225228133695,39.851528850049,33.18374991416931,,True
978,ACM1,protenix,cognate,38.087419839392226,39.40317696694172,34.849091443148524,,True
979,ACM2,boltz,cognate,67.72716960988843,89.68135070800781,73.65299987792969,1.0838,False
980,ACM2,boltz,cognate,66.47267603976532,88.65879974365234,69.72799682617188,1.0616,False
981,ACM2,boltz,cognate,67.97681339820568,89.62620010375977,72.36699676513672,1.0599,False
982,ACM2,boltz,cognate,67.80942496516674,89.5015998840332,71.76899719238281,0.9993,False
983,ACM2,boltz,cognate,66.03337984126013,88.74800033569336,71.81400299072266,1.0222,False
984,ACM2,boltz,cognate,67.56674888103305,89.33170013427734,71.97100067138672,1.0921,False
985,ACM2,boltz,cognate,68.05245486656483,89.74729957580567,75.56400299072266,1.0779,False
986,ACM2,boltz,cognate,67.28579815058238,89.10914993286133,71.08699798583984,1.0616,False
987,ACM2,boltz,cognate,68.10742071258151,90.09965019226074,75.87699890136719,1.0773,False
988,ACM4,boltz,apo,69.24166796053127,83.47699947357178,62.84199905395508,2.4416,False
989,ACM4,boltz,apo,69.03279122529797,83.34795017242432,63.604000091552734,2.3935,False
990,ACM4,boltz,apo,68.68080575580636,83.49985008239746,63.650001525878906,2.454,False
991,ACM4,boltz,apo,68.2265031173483,83.1234998703003,62.801998138427734,2.4173,False
992,ACM2,boltz,cognate,67.48291411011004,89.23540000915527,73.5719985961914,1.1017,False
993,ACM2,boltz,cognate,67.4025170690512,89.63040008544922,73.91799926757812,1.0649,False
994,ACM2,boltz,cognate,67.74636483908724,89.31669883728027,72.12999725341797,1.0876,False
995,ACM2,boltz,cognate,69.13171036355998,90.38735084533693,74.8550033569336,1.0707,False
996,ACM4,boltz,apo,69.02934658552262,82.6656494140625,65.68800354003906,2.4054,False
997,ACM4,boltz,apo,69.19380359211645,83.2114501953125,65.05400085449219,2.2941,False
998,ACM4,boltz,apo,69.09798346979385,83.52584991455078,65.89800262451172,2.3278,False
999,ACM4,boltz,apo,69.13199375765807,83.54879989624024,63.71099853515625,2.3607,False
1000,ACM4,boltz,apo,68.27236951218767,83.00499954223633,60.83000183105469,2.566,False
1001,ACM4,boltz,apo,69.88511684792027,83.41594886779785,65.82099914550781,2.4387,False
1002,ACM4,boltz,apo,69.83615460326129,82.61320037841797,64.94100189208984,2.3284,False
1003,ACM4,boltz,apo,69.64895823405033,83.01985015869141,65.23600006103516,2.3867,False
1004,ACM4,boltz,apo,68.69806889352819,83.17899932861329,63.70899963378906,2.515,False
1005,ACM4,boltz,apo,67.15688311232405,82.12370014190674,60.35599899291992,2.3948,False
1006,ACM4,boltz,apo,70.21750321517658,84.69570045471191,64.61799621582031,2.4217,False
1007,ACM4,boltz,apo,69.44354064877695,82.63899993896484,64.47200012207031,2.4675,False
1008,ACM4,boltz,apo,69.46092494892925,84.03009986877441,64.51599884033203,2.4047,False
1009,ACM4,boltz,apo,68.6336534376682,83.55645027160645,64.03399658203125,2.4302,False
1010,ACM4,boltz,apo,68.54816692408042,83.05445003509521,62.36899948120117,2.3041,False
1011,ACM4,boltz,apo,70.36384947265115,83.42634963989258,64.9209976196289,2.3411,False
1012,ACM4,boltz,apo,68.98644237478491,84.1586488723755,63.979000091552734,2.3591,False
1013,ACM4,boltz,apo,68.64090393480528,83.93610000610352,64.7959976196289,2.4424,False
1014,ACM4,boltz,apo,68.3040040878264,82.36569995880127,61.573001861572266,2.5483,False
1015,ACM4,boltz,apo,67.33838405887866,82.78535022735596,62.67100143432617,2.3587,False
1016,ACM4,chai,apo,70.71333131009087,82.03848199512709,59.59727304632013,1.7639,False
1017,ACM4,chai,apo,70.50364364251878,81.89387459501731,59.60272771661932,1.902,False
1018,ACM4,chai,apo,70.66806766469188,81.8341501629129,59.958777533637154,2.162,False
1019,ACM4,chai,apo,70.44925561282457,81.69607014108358,59.531091169877485,2.1112,False
1020,ACM4,chai,apo,70.75532531943455,82.11455606038092,60.23090848055753,1.8631,False
1021,ACM4,chai,apo,70.47767115787926,81.9265644244955,60.66054500233043,1.9658,False
1022,ACM4,chai,apo,70.56487239677442,81.97295538160537,59.91263615001332,1.8154,False
1023,ACM4,chai,apo,70.66994448774707,81.93876911523883,60.25754443081942,1.9122,False
1024,ACM4,chai,apo,70.50082382962931,81.81293755223052,60.79509041526101,1.8833,False
1025,ACM4,chai,apo,70.80749943070562,82.28039586617659,60.6597777472602,1.8941,False
1026,ACM4,chai,apo,70.48021465138956,81.63292938564074,59.69536278464577,1.8651,False
1027,ACM4,chai,apo,70.63744544158526,81.8364072921885,60.07681863958185,1.6778,False
1028,ACM2,boltz,cognate,68.73161579099336,89.97369995117188,72.12699890136719,1.0365,False
1029,ACM2,boltz,cognate,68.05921229170116,90.4680995941162,76.13700103759766,1.0392,False
1030,ACM2,boltz,cognate,67.73146784049759,89.86794967651367,74.68800354003906,1.0606,False
1031,ACM2,boltz,cognate,68.26744644426992,89.40890045166016,73.06999969482422,1.0415,False
1032,ACM4,chai,apo,70.66908835680059,81.79313331242074,60.02644390530057,1.9444,False
1033,ACM4,chai,apo,70.52984879813286,81.67805237847145,60.047273115678266,2.0179,False
1034,ACM4,chai,apo,70.77082273099063,82.20236205560649,60.031272888183594,1.8656,False
1035,ACM4,chai,apo,70.4875824146021,82.01527532896782,60.297909476540305,1.8158,False
1036,ACM4,chai,apo,70.86740970316662,82.43812070656648,60.54518196799538,1.8487,False
1037,ACM4,chai,apo,70.36601126417784,81.76979296989772,59.66200013594194,1.8024,False
1038,ACM4,chai,apo,70.35888610730335,81.8259312656397,60.49336416071112,1.8886,False
1039,ACM4,chai,apo,70.60830177562342,82.60942728294438,61.84744517008463,1.8579,False
1040,ACM4,chai,apo,70.72497846252593,82.67853573991793,61.7000003390842,1.8714,False
1041,ACM4,chai,apo,70.6326474447313,82.0037615944228,60.53400039672851,1.8566,False
1042,ACM4,chai,apo,70.46772770971576,81.77773451956492,59.9281813881614,2.1404,False
1043,ACM4,chai,apo,70.49196434787203,81.85580439735456,59.80090956254439,2.1403,False
1044,ACM2,boltz,cognate,67.41142481693383,88.5624496459961,68.927001953125,1.0149,False
1045,ACM2,boltz,cognate,67.327813410452,89.26010017395019,72.49700164794922,1.0714,False
1046,ACM2,boltz,cognate,66.66693145522744,88.5765495300293,72.125,1.273,False
1047,ACM2,boltz,cognate,67.42887980334237,89.2728500366211,71.26799774169922,1.1123,False
1048,ACM4,protenix,apo,70.85340107225448,84.89563182651912,62.71000012484464,2.3903,False
1049,ACM4,protenix,apo,71.03981693906078,84.83886632584907,62.850909839976914,2.4426,False
1050,ACM4,protenix,apo,71.11768601749554,84.89156617771496,62.87000066583807,2.445,False
1051,ACM4,protenix,apo,71.4048357998118,85.06286678981644,62.829999750310726,2.4538,False
1052,ACM4,protenix,apo,71.86247693162721,85.22122526467447,64.45636263760653,2.4793,False
1053,ACM4,protenix,apo,71.80936447001797,85.145849823532,64.01000074906783,2.2752,False
1054,ACM4,protenix,apo,71.80563700027862,85.23749327187586,64.49636320634322,2.4563,False
1055,ACM4,protenix,apo,71.67205920605937,85.25729914636324,64.61999997225675,2.5106,False
1056,ACM4,protenix,apo,72.21314528478125,85.18279452550979,64.66363525390625,2.4623,False
1057,ACM4,protenix,apo,71.79891483485845,84.76035072083081,64.30545460094105,2.3445,False
1058,ACM4,protenix,apo,71.53197091790445,84.84210737306833,64.4872720891779,2.4204,False
1059,ACM4,protenix,apo,71.68976672834303,84.8316097766634,64.75363540649414,2.4407,False
1060,ACM4,protenix,apo,71.9424968259251,84.82269104541983,64.2827280217951,2.3286,False
1061,ACM4,protenix,apo,72.70727750623075,85.00282578925206,64.34454588456587,2.3058,False
1062,ACM4,protenix,apo,72.25097880410078,85.11306389161862,64.16272770274769,2.4209,False
1063,ACM4,protenix,apo,71.98872574523935,85.11814837841071,64.4154545177113,2.4082,False
1064,ACM4,protenix,apo,71.92940692001451,85.16401584310105,64.3345454822887,2.4107,False
1065,ACM4,protenix,apo,72.23539453898394,85.17158999099016,64.32818187366833,2.4403,False
1066,ACM4,protenix,apo,72.5885327418995,85.2753506754728,64.14363687688655,2.4654,False
1067,ACM4,protenix,apo,70.994843861266,84.71661899354723,62.67909067327326,2.3864,False
1068,ACM4,protenix,apo,71.1034130703618,84.72301569018013,62.632727189497515,2.3516,False
1069,ACM4,protenix,apo,71.60735376125419,84.60702168741267,62.517272602428086,2.3914,False
1070,ACM4,protenix,apo,71.03214739405593,84.66498577306453,62.53000051325018,2.3753,False
1071,ACM4,protenix,apo,71.29901905874001,84.66702591216239,62.62909004905007,2.2209,False
1072,ACM2,chai,cognate,70.79974696318976,87.06547491006177,64.62511189778645,1.1753,False
1073,ACM2,chai,cognate,70.75143873605533,86.92946078500016,64.73333401150174,1.1098,False
1074,ACM2,chai,cognate,70.93982044081874,87.22618588305828,65.12811024983723,1.1738,False
1075,ACM4,boltz,apo,70.62178716480359,84.10405120849609,66.52899932861328,2.3369,False
1076,ACM2,chai,cognate,70.79557128297131,87.15750433810345,64.67966757880316,1.2223,False
1077,ACM2,chai,cognate,70.84117476224083,87.06339495093275,63.58666653103299,1.2351,False
1078,ACM2,chai,cognate,71.02947117005094,87.28683179247088,64.40589057074652,1.2131,False
1079,ACM2,chai,cognate,71.0417527639896,87.17748481014245,64.9825553894043,1.1171,False
1080,ACM2,chai,cognate,70.9846748027385,87.20107097815642,65.0424452887641,1.1336,False
1081,ACM2,chai,cognate,70.83970567161214,87.10164772897916,64.13433371649847,1.2312,False
1082,ACM2,chai,cognate,70.92270011497558,87.25755309440702,64.50866656833225,1.188,False
1083,ACM2,chai,cognate,70.898342278707,87.09481463835525,63.930222829182945,1.1775,False
1084,ACM2,chai,cognate,70.87436157987514,87.10942498569021,63.774666680230034,1.1614,False
1085,ACM2,chai,cognate,71.00418683387277,87.31832234283546,64.76155471801758,1.1792,False
1086,ACM2,chai,cognate,71.00093423223079,87.15984418120391,64.02177810668945,1.1469,False
1087,ACM2,chai,cognate,70.89143566376784,87.12621938988933,65.2741101582845,1.1044,False
1088,ACM4,chai,apo,70.5461108552373,81.85085645405933,60.47644509209527,1.9207,False
1089,ACM2,chai,cognate,70.99218610665014,87.26571581316202,64.7443339029948,1.1547,False
1090,ACM2,chai,cognate,70.90882073413633,87.25771939645082,65.81033325195312,1.1456,False
1091,ACM2,chai,cognate,70.8545794651072,87.08620120543938,63.83533393012153,1.176,False
1092,ACM2,chai,cognate,71.01558866075531,87.37158764909356,65.07400004069011,1.151,False
1093,ACM2,chai,cognate,71.06316108077152,87.37482007193188,66.15077845255534,1.1206,False
1094,ACM2,chai,cognate,71.03987987622706,87.30714300510687,64.6675559149848,1.164,False
1095,ACM4,protenix,apo,71.04171223831953,84.91982109567992,62.79545419866388,2.4619,False
1096,ACM2,chai,cognate,70.91592834568694,87.10086913560204,64.98122236463759,1.1107,False
1097,ACM2,chai,cognate,70.94678908964465,87.17771840253776,64.26533381144206,1.1342,False
1098,ACM2,chai,cognate,70.88860737130148,87.16403196954107,64.50777689615886,1.1083,False
1099,ACM2,chai,cognate,70.96454365928237,87.19221857867716,64.68755594889323,1.1114,False
1100,ACM2,protenix,cognate,64.07803413247544,84.15353409079076,64.18666712443034,1.0482,False
1101,ACM2,protenix,cognate,64.63600968686683,84.14395071675078,64.07888921101888,1.0516,False
1102,ACM2,protenix,cognate,64.54302212782373,84.15171748019571,64.24888865152995,1.0391,False
1103,ACM2,protenix,cognate,64.89541250361054,84.13476169116913,64.22444407145183,1.0363,False
1104,ACM2,protenix,cognate,65.1168489892757,84.08801919949518,64.00333319769965,1.0143,False
1105,ACM2,protenix,cognate,64.33068282849976,84.836246352065,62.93222215440538,1.0514,False
1106,ACM2,protenix,cognate,65.05940549577849,84.84741702921978,63.47222222222222,1.0511,False
1107,ACM2,protenix,cognate,64.38405939885834,84.92287701114088,63.72666676839193,1.0379,False
1108,ACM2,protenix,cognate,64.42147715347741,84.06847084756882,63.93111122979058,1.0421,False
1109,ACM2,protenix,cognate,65.01827032790345,84.88820443867606,63.54777823554145,1.0498,False
1110,ACM2,protenix,cognate,65.29020446325761,84.8495945472222,63.4977773030599,1.0523,False
1111,ACM2,protenix,cognate,64.91425848137169,85.55544244938255,65.8055542839898,1.0428,False
1112,ACM2,protenix,cognate,64.98981433371566,85.51915442786004,65.71888944837782,1.0197,False
1113,ACM2,protenix,cognate,63.96112526305526,84.10618342930793,64.02222188313802,1.0421,False
1114,ACM2,protenix,cognate,64.03791857489158,84.091677889473,64.12444559733073,0.9916,False
1115,ACM2,protenix,cognate,64.67808148947901,84.00449877527024,63.77444330851237,1.0211,False
1116,ACM2,protenix,cognate,65.15418853610308,84.00247202247081,63.77777735392253,1.0092,False
1117,ACM2,protenix,cognate,64.62039499234436,84.94743708944938,65.71777682834201,1.0754,False
1118,ACM2,protenix,cognate,64.64384441846371,84.9182870281517,65.56444380018446,1.004,False
1119,ACM2,protenix,cognate,64.75288861565797,84.93600645546961,65.46777809990778,1.0324,False
1120,ACM2,protenix,cognate,65.71023049844432,84.85963999595477,65.40777757432726,1.0389,False
1121,ACM2,protenix,cognate,65.25590431331324,85.49847935987586,65.55000008477106,1.0349,False
1122,ACM2,protenix,cognate,65.0937051456996,85.50286365138848,65.5555551317003,1.0346,False
1123,ACM2,protenix,cognate,65.77479137106717,85.41461250918941,65.22999996609158,1.0321,False
1124,ACM2,protenix,cognate,64.4778007189886,84.9271685152618,65.6377779642741,1.0498,False
1125,ACM4,boltz,cognate,68.26694166386551,89.29600105285644,73.4000015258789,0.7994,False
1126,ACM4,boltz,cognate,67.24743854228042,89.25974922180175,75.8499984741211,0.6734,False
1127,ACM4,boltz,cognate,71.77756377600429,89.98084983825683,77.31300354003906,0.8536,False
1128,ACM4,boltz,cognate,68.12823588663949,88.9049503326416,75.38600158691406,1.2762,False
1129,ACM4,boltz,cognate,66.53865116175132,88.16935005187989,69.08799743652344,0.9278,False
1130,ACM4,boltz,cognate,69.84583098106941,90.50740051269533,79.18000030517578,0.8127,False
1131,ACM4,boltz,cognate,69.75729647658314,88.65469970703126,69.62300109863281,0.9519,False
1132,ACM4,boltz,cognate,69.5658871963278,90.21670036315918,77.81500244140625,0.8505,False
1133,ACM4,boltz,cognate,72.07697063597358,90.08365020751953,77.46399688720703,0.8215,False
1134,ACM4,boltz,cognate,68.38135900477526,89.07250022888184,76.15499877929688,1.2056,False
1135,ACM4,boltz,cognate,68.75419202179401,89.44529914855957,77.83499908447266,0.9039,False
1136,ACM4,boltz,cognate,69.60406271152058,90.01430053710938,76.14199829101562,0.8678,False
1137,ACM4,boltz,cognate,67.98119011801319,88.7856502532959,75.41699981689453,1.2236,False
1138,ACM4,boltz,cognate,67.38778691699957,87.53494873046876,69.74099731445312,1.1666,False
1139,ACM4,boltz,cognate,68.16750320561992,89.22835083007813,73.58200073242188,0.7978,False
1140,ACM4,boltz,cognate,68.86391645284186,88.81829986572265,75.08599853515625,1.1688,False
1141,ACM4,boltz,cognate,69.02060963465426,89.95884971618652,78.46700286865234,0.7678,False
1142,ACM4,boltz,cognate,69.1847557792584,89.80015068054199,74.19400024414062,0.8108,False
1143,ACM4,boltz,cognate,67.73446990552675,89.38365020751954,75.51899719238281,1.0052,False
1144,ACM4,boltz,cognate,68.12336331966775,89.27055015563965,74.14199829101562,0.9422,False
1145,ACM4,boltz,cognate,70.11393312521916,90.44780006408692,80.18900299072266,0.7612,False
1146,ACM4,boltz,cognate,68.90566594914254,89.50460014343261,76.05899810791016,1.266,False
1147,ACM4,boltz,cognate,69.16693942283041,89.6390998840332,76.21199798583984,0.8952,False
1148,ADA2A,boltz,apo,60.74144518042124,82.59020042419434,65.74199676513672,,True
1149,ADA2A,boltz,apo,60.134004117083805,81.01364955902099,59.9109992980957,,True
1150,ADA2A,boltz,apo,60.73096130945349,80.02794933319092,55.24800109863281,,True
1151,ADA2A,boltz,apo,59.55724087786931,78.66949996948242,56.55799865722656,,True
1152,ACM4,boltz,cognate,69.56141962039446,90.0978500366211,75.52999877929688,0.7907,False
1153,ACM4,boltz,cognate,67.64985811635697,88.47459983825684,70.85399627685547,0.9292,False
1154,ACM4,chai,cognate,70.87682620169124,85.64151634836955,65.54027279940519,1.2434,False
1155,ACM4,chai,cognate,70.97465238319523,85.6372877758406,65.46563651344992,1.2855,False
1156,ADA2A,boltz,apo,60.85289026075794,83.63259983062744,63.17399978637695,,True
1157,ADA2A,boltz,apo,61.0527226191695,80.51255073547364,56.53900146484375,,True
1158,ADA2A,boltz,apo,60.20102806501491,82.01500053405762,66.71600341796875,,True
1159,ADA2A,boltz,apo,60.307150518766015,82.22640075683594,66.5510025024414,,True
1160,ADA2A,boltz,apo,59.2655397722798,80.51679973602295,62.257999420166016,,True
1161,ADA2A,boltz,apo,62.22620223670877,83.74184913635254,65.08899688720703,,True
1162,ADA2A,boltz,apo,61.92152468363444,82.30810031890869,56.6619987487793,,True
1163,ADA2A,boltz,apo,61.537683831491776,82.46579933166504,64.1989974975586,,True
1164,ADA2A,boltz,apo,61.0985161196801,81.53315010070801,61.98600006103515,,True
1165,ADA2A,boltz,apo,60.93156987672211,82.16404972076415,62.45100021362305,,True
1166,ADA2A,boltz,apo,62.04873538273637,83.90299968719482,63.67300033569336,,True
1167,ADA2A,boltz,apo,61.54552478585192,81.31590023040772,59.63399887084961,,True
1168,ADA2A,boltz,apo,61.14109676320066,82.51954975128174,62.53799819946289,,True
1169,ADA2A,boltz,apo,59.58355481547694,79.18094978332519,57.10300064086914,,True
1170,ADA2A,boltz,apo,59.56558499079878,81.1000997543335,63.10100173950195,,True
1171,ADA2A,boltz,apo,63.40359349404612,85.11909980773926,66.45600128173828,,True
1172,ADA2A,boltz,apo,61.07639352121661,82.32015037536621,64.25,,True
1173,ADA2A,boltz,apo,60.92312667190388,83.48449897766113,64.2699966430664,,True
1174,ADA2A,boltz,apo,60.83744524883968,82.57510032653809,61.31600189208984,,True
1175,ADA2A,boltz,apo,60.45522794826056,82.64724960327149,64.34200286865234,,True
1176,ADA2A,chai,apo,65.3340651003499,79.12872885548535,59.154221852620445,,True
1177,ADA2A,chai,apo,65.24466362334539,78.90990116265945,58.81433359781901,,True
1178,ADA2A,chai,apo,65.41637680708449,79.09718791008683,59.61833190917969,,True
1179,ADA2A,chai,apo,65.24643276928661,78.94012949737119,59.42844518025717,,True
1180,ADA2A,chai,apo,65.2181673210074,78.97532278399447,58.830110761854385,,True
1181,ADA2A,chai,apo,65.39443651867796,79.15254964271149,59.69477759467231,,True
1182,ADA2A,chai,apo,65.50864402519028,79.35649434056634,59.632999420166016,,True
1183,ADA2A,chai,apo,65.3184485154823,79.12613445535195,58.4967770046658,,True
1184,ADA2A,chai,apo,65.3517261358574,78.92812195316193,59.6891114976671,,True
1185,ADA2A,chai,apo,65.3874653672609,79.43808672307028,59.91766781277127,,True
1186,ADA2A,chai,apo,65.42720141841608,79.3097851838625,59.269777086046005,,True
1187,ADA2A,chai,apo,65.38513004385563,79.11192833118108,59.555555979410805,,True
1188,ADA2A,chai,apo,65.24297943876084,78.64277355258771,59.11688910590278,,True
1189,ADA2A,chai,apo,65.31971389029367,79.16788930184914,59.391444736056854,,True
1190,ADA2A,chai,apo,65.2488467726247,78.98143381233685,59.457999759250214,,True
1191,ADA2A,chai,apo,65.30365800489889,79.05439915466447,59.38844426472982,,True
1192,ADA2A,chai,apo,65.30892592763055,79.06316722857488,58.93266677856445,,True
1193,ADA2A,chai,apo,65.4214264679988,79.32332923540307,59.74177763197157,,True
1194,ADA2A,chai,apo,65.2332331829531,78.66622624334663,59.026889377170136,,True
1195,ADA2A,chai,apo,65.24181696270858,78.97331162037099,59.73222351074219,,True
1196,ADA2A,chai,apo,65.17395591031175,78.91181193251285,58.72533289591471,,True
1197,ADA2A,chai,apo,65.32844822248045,79.05483228653196,59.02377785576714,,True
1198,ADA2A,chai,apo,65.26271101632909,78.91230525053942,59.315889570448135,,True
1199,ADA2A,chai,apo,65.24500784653853,78.94607652700651,59.82744428846571,,True
1200,ADA2A,chai,apo,65.16635504823188,78.79710399203142,58.76999961005317,,True
1201,ADA2A,protenix,apo,68.47058189042546,85.73628725128944,72.78222190009222,,True
1202,ADA2A,protenix,apo,68.56533890758556,85.71976559972005,72.54111014472113,,True
1203,ADA2A,protenix,apo,68.6415429276696,85.73314311509182,72.87222290039062,,True
1204,ADA2A,protenix,apo,68.77856270864368,85.73390530663306,73.06222279866536,,True
1205,ADA2A,protenix,apo,68.2574785868309,85.69273145096298,72.38777626885309,,True
1206,ADA2A,protenix,apo,69.53151890192149,86.08199717492768,73.2055549621582,,True
1207,ADA2A,protenix,apo,68.51615759130323,86.0641170125331,72.87222247653537,,True
1208,ADA2A,protenix,apo,69.29086806072013,86.1170215582194,73.21111085679796,,True
1209,ADA2A,protenix,apo,69.77213317429097,86.05473001425057,73.06555514865451,,True
1210,ADA2A,protenix,apo,68.79413219120828,86.0605873133369,72.93777889675565,,True
1211,ADA2A,protenix,apo,69.18904081052149,86.03763870868161,72.99000083075629,,True
1212,ADA2A,protenix,apo,68.93032950997062,86.03081258021048,72.85222244262695,,True
1213,ADA2A,protenix,apo,69.25162474547193,86.03438236313637,72.98555543687608,,True
1214,ADA2A,protenix,apo,68.98338854657698,86.03952239386103,72.96999867757161,,True
1215,ADA2A,protenix,apo,69.31882022072311,86.11541272116602,73.29777908325195,,True
1216,ADA2A,protenix,apo,68.7058922789338,86.0682942172872,73.26444329155817,,True
1217,ADA2A,protenix,apo,69.07421876202699,86.14380500017307,73.33888838026259,,True
1218,ADA2A,protenix,apo,69.28823847798287,86.14740550752671,73.02222230699327,,True
1219,ADA2A,protenix,apo,69.39103476042152,86.14347887994234,73.4577768113878,,True
1220,ADA2A,protenix,apo,69.85563554580011,86.15077290686351,73.62111155192058,,True
1221,ADA2A,protenix,apo,69.050424663572,86.30706029633251,72.96111128065321,,True
1222,ADA2A,protenix,apo,69.17223981026281,86.30054195994424,73.17222213745117,,True
1223,ADA2A,protenix,apo,69.20577946195291,86.34379840355413,73.36333338419597,,True
1224,ACM4,chai,cognate,70.91483192679834,85.56679314111045,64.94136359474875,1.1382,False
1225,ACM4,chai,cognate,70.82118258123786,85.71709594518764,65.51763534545898,1.2007,False
1226,ACM4,chai,cognate,70.88129963068934,85.73599736325153,65.56799975308505,1.2766,False
1227,ACM4,chai,cognate,70.64199405696779,85.55571457239456,64.67145399613814,1.1942,False
1228,ACM4,chai,cognate,70.78913328495267,85.55363121742812,65.27736421064897,1.1825,False
1229,ACM4,chai,cognate,70.69585891338534,85.51969447475835,65.35972699252042,1.2401,False
1230,ACM4,chai,cognate,70.99914355595119,85.53295949223066,65.56763631647283,1.1959,False
1231,ACM4,chai,cognate,70.75332210688684,85.42944588300642,64.25018137151545,1.2461,False
1232,ACM4,chai,cognate,70.8110433560742,85.64350241761531,65.5317268371582,1.1444,False
1233,ACM4,chai,cognate,70.77204035315836,85.5139687866222,65.32318184592508,1.2111,False
1234,ACM4,chai,cognate,70.69979419311768,85.46697432000572,64.90745440396395,1.3273,False
1235,ACM4,chai,cognate,70.8486117932965,85.4285482644553,64.26063537597656,1.3583,False
1236,ACM4,chai,cognate,70.79668124781304,85.51444197082245,64.85200084339489,1.361,False
1237,ACM4,chai,cognate,70.92322486457476,85.57747859071345,65.40018116344105,1.2019,False
1238,ACM4,chai,cognate,70.8854806938245,85.64864196536516,65.57509127530184,1.2543,False
1239,ACM4,chai,cognate,71.01579814701515,85.73078469972762,65.56218199296431,1.2233,False
1240,ADA2A,protenix,apo,69.16207186753472,86.28722573522538,72.86666615804036,,True
1241,ADA2A,protenix,apo,69.574899597384,86.30875346530567,73.146666208903,,True
1242,ACM4,protenix,cognate,65.57805584889812,85.00498830152625,61.72272699529474,0.6157,False
1243,ACM4,protenix,cognate,66.00333519937828,85.03186736210084,62.525454087690875,0.5992,False
1244,ACM4,chai,cognate,70.74278353134713,85.6127708058956,65.46336330067028,1.1107,False
1245,ACM4,chai,cognate,70.88713400909637,85.6308391382374,65.48936393044211,1.1573,False
1246,ACM4,chai,cognate,70.93407878560897,85.6119240933648,64.65118234807795,1.3052,False
1247,ADA2A,boltz,apo,62.11635060464182,83.77755012512208,67.0,,True
1248,ACM4,chai,cognate,70.8789745476127,85.58537464066157,65.65799990567294,1.1706,False
1249,ACM4,chai,cognate,70.84214428007422,85.57669110372468,65.7221811467951,1.0627,False
1250,ACM4,chai,cognate,70.78516448693308,85.63951298903594,64.9957275390625,1.2514,False
1251,ACM4,chai,cognate,70.65361496263452,85.46737100279178,64.9747269370339,1.138,False
1252,ACM4,protenix,cognate,66.2465600924834,84.91083991650724,61.593636599454015,0.7473,False
1253,ACM4,protenix,cognate,66.13071036189972,85.05305559291813,62.15908986871893,0.6053,False
1254,ACM4,protenix,cognate,66.23013518132827,85.00456909102623,62.474545912309125,0.6369,False
1255,ACM4,protenix,cognate,65.573563326583,84.93665442922244,61.7390910061923,0.5927,False
1256,ACM4,protenix,cognate,65.87267780077723,84.95876387879618,62.1109092018821,0.6151,False
1257,ACM4,protenix,cognate,65.9649972225214,84.92007139421989,61.80363568392667,0.607,False
1258,ACM4,protenix,cognate,65.8796821304841,84.90222974504744,62.07545401833274,0.6305,False
1259,ACM4,protenix,cognate,66.23079235424207,84.85994429975017,61.16363664106889,0.6215,False
1260,ACM4,protenix,cognate,66.18030970472495,86.04152625366034,62.15181836214933,0.6136,False
1261,ACM4,protenix,cognate,66.5768819470511,86.02444518718195,62.87545464255593,0.6184,False
1262,ACM4,protenix,cognate,66.1809831771839,86.05996476817441,62.68636391379616,0.6059,False
1263,ACM4,protenix,cognate,66.56855233595203,86.00326036453247,61.936364607377485,0.6042,False
1264,ACM4,protenix,cognate,66.22376699688702,86.041138622372,62.60909097844904,0.6283,False
1265,ACM4,protenix,cognate,65.90419595541779,85.04261120554,62.43272746693004,0.5981,False
1266,ACM4,protenix,cognate,66.11188694016873,85.06407861860973,62.337272297252305,0.6307,False
1267,ACM4,protenix,cognate,65.97637016909066,84.9797981825329,62.27272727272727,0.6321,False
1268,ACM4,protenix,cognate,66.01633903395025,85.01117458657271,61.74454567649148,0.6495,False
1269,ACM4,protenix,cognate,66.35603809085754,85.00314532417583,62.36272846568715,0.6429,False
1270,ACM4,protenix,cognate,65.25867401723248,84.54983321736213,62.23818137428977,0.6214,False
1271,ACM4,protenix,cognate,65.39196819533942,84.46298095301287,61.4981821233576,0.6114,False
1272,ACM4,protenix,cognate,65.69244320193131,84.46241296190205,61.45272653753107,0.6512,False
1273,ACM4,protenix,cognate,65.75006280897648,84.43030815196073,61.2490910616788,0.5765,False
1274,ACM4,protenix,cognate,65.70745150641334,84.4689498004528,61.91636345603249,0.5941,False
1275,ADA2A,boltz,cognate,62.19878710674983,85.74054946899415,70.7760009765625,,True
1276,ADA2A,boltz,cognate,61.914129052110894,85.91549987792969,74.28500366210938,,True
1277,ADA2A,boltz,cognate,61.73864508187899,85.06994934082032,70.75299835205078,,True
1278,ADA2A,boltz,cognate,62.27249467501076,85.52400016784668,71.83699798583984,,True
1279,ADA2A,boltz,cognate,63.671109525619016,87.71614990234374,76.84200286865234,,True
1280,ADA2A,boltz,cognate,62.60475700132309,86.43349952697754,73.23400115966797,,True
1281,ADA2A,boltz,cognate,62.614718266969085,86.86110038757325,75.13600158691406,,True
1282,ADA2A,boltz,cognate,62.16003433555685,85.01404914855956,71.41799926757812,,True
1283,ADA2A,boltz,cognate,62.11434834798177,85.55729942321777,74.625,,True
1284,ADA2A,boltz,cognate,63.39042160280289,87.01699981689453,74.427001953125,,True
1285,ADA2A,boltz,cognate,63.258260271626135,86.6372501373291,74.69499969482422,,True
1286,ADA2A,boltz,cognate,63.19558055426485,87.44424934387207,74.3759994506836,,True
1287,ADA2A,boltz,cognate,62.99769678013299,86.90434989929199,73.35800170898438,,True
1288,ADA2A,boltz,cognate,61.704176404399256,86.36074943542481,72.20800018310547,,True
1289,ADA2A,boltz,cognate,62.30569874753234,85.93034973144532,73.68699645996094,,True
1290,ADA2A,boltz,cognate,63.74480858259304,87.69285011291504,76.35099792480469,,True
1291,ADA2A,boltz,cognate,62.37133769783922,86.72230072021485,75.37100219726562,,True
1292,ADA2A,boltz,cognate,61.88833544331212,85.53729972839355,65.52799987792969,,True
1293,ADA2A,boltz,cognate,63.738589239633214,87.26839942932129,75.88999938964844,,True
1294,ADA2A,boltz,cognate,62.77618280226184,86.70779914855957,73.5999984741211,,True
1295,ADA2A,boltz,cognate,62.459331073555894,87.06765022277833,74.18499755859375,,True
1296,ADRB1,boltz,apo,68.76547603087356,86.96590099334716,63.91299819946289,,True
1297,ADRB1,boltz,apo,68.22345071868577,86.57614917755127,62.67300033569336,,True
1298,ADRB1,boltz,apo,67.42189945164967,86.07905082702636,64.29299926757812,,True
1299,ADRB1,boltz,apo,67.09748834733944,85.62914905548095,63.39699935913086,,True
1300,ADRB1,boltz,apo,67.52077566902592,85.73474960327148,63.01300048828125,,True
1301,ADRB1,boltz,apo,66.55857034199393,85.53804969787598,61.69200134277344,,True
1302,ADRB1,boltz,apo,66.0382809109158,85.04124908447265,58.33100128173828,,True
1303,ADRB1,boltz,apo,65.27387413488744,83.898899269104,60.74300003051758,,True
1304,ADA2A,chai,cognate,67.6843489816837,87.02088208831579,67.37666744656033,,True
1305,ADA2A,chai,cognate,67.79383075711729,87.10033017711721,66.7892214457194,,True
1306,ADA2A,chai,cognate,67.87388407995526,87.11020283847661,67.01966603597005,,True
1307,ADA2A,boltz,cognate,63.12789668011409,87.08739929199218,73.16200256347656,,True
1308,ADRB1,boltz,apo,66.09478620613146,85.17294979095459,61.65700149536133,,True
1309,ADRB1,boltz,apo,66.26237737307758,85.25275020599365,61.32400131225586,,True
1310,ADRB1,boltz,apo,69.0679329006427,87.53870010375977,63.26399993896485,,True
1311,ADRB1,boltz,apo,68.44791812616825,86.84635066986084,63.7140007019043,,True
1312,ADRB1,boltz,apo,67.52763099590437,85.77379970550537,63.16299819946289,,True
1313,ADRB1,boltz,apo,68.0124319384433,87.16419944763183,64.77799987792969,,True
1314,ADRB1,boltz,apo,66.58617810183351,85.25339946746826,61.7859992980957,,True
1315,ADRB1,boltz,apo,68.29943619734087,86.36215057373047,61.76100158691406,,True
1316,ADRB1,boltz,apo,68.0623585922913,86.42665061950683,63.500999450683594,,True
1317,ADRB1,boltz,apo,66.6270125287134,85.22924919128418,59.599998474121094,,True
1318,ADRB1,boltz,apo,66.51477352278287,85.07285041809082,50.58100128173828,,True
1319,ADRB1,boltz,apo,65.31249264651125,83.95549945831299,56.31100082397461,,True
1320,ADRB1,chai,apo,70.84877448388936,83.17254313585906,62.94688924153646,,True
1321,ADRB1,chai,apo,71.07398329401234,83.75717098929667,63.97177759806315,,True
1322,ADRB1,chai,apo,70.99691081204234,83.35787141820569,63.246777852376304,,True
1323,ADRB1,chai,apo,71.00158347663049,83.48861408162084,63.69777806599935,,True
1324,ADRB1,boltz,apo,65.10890152169473,84.15385055541992,57.930999755859375,,True
1325,ADRB1,boltz,apo,68.62968983040416,87.27805042266846,63.71599960327149,,True
1326,ADRB1,boltz,apo,66.78851565874848,85.87489986419678,63.051998138427734,,True
1327,ADA2A,chai,cognate,67.64137861801063,86.500784273065,65.71211115519206,,True
1328,ADRB1,chai,apo,71.0173064543505,83.51429549257132,63.79988861083984,,True
1329,ADRB1,chai,apo,71.15779838523741,84.01669979268856,63.953999837239586,,True
1330,ADRB1,chai,apo,71.03511177836833,83.26291961255698,63.215332455105255,,True
1331,ADRB1,chai,apo,71.13517316160846,83.5368811444149,63.37788942125108,,True
1332,ADRB1,chai,apo,71.07818361535867,83.29604691971949,63.25466664632162,,True
1333,ADRB1,chai,apo,71.07946759529977,83.5925995541995,62.13433414035373,,True
1334,ADRB1,chai,apo,70.91660245611374,83.30284319837716,63.38133239746094,,True
1335,ADRB1,chai,apo,70.9946279568996,83.34756997990573,62.813221825493706,,True
1336,ADRB1,chai,apo,71.07334107121235,83.43500543319132,63.23066711425781,,True
1337,ADRB1,chai,apo,71.03122344910678,83.45955928980014,64.06122207641602,,True
1338,ADRB1,chai,apo,70.94208907555821,83.58623063496182,64.54933251274957,,True
1339,ADRB1,chai,apo,70.89384500955444,83.40111738498078,62.89100011189779,,True
1340,ADRB1,chai,apo,70.93701207873126,83.3266554036629,63.086778004964195,,True
1341,ADRB1,chai,apo,71.1708742625042,83.34989075700614,63.006666819254555,,True
1342,ADRB1,chai,apo,71.19028955039202,83.52766672126143,62.90466732449002,,True
1343,ADRB1,chai,apo,70.99852179391473,83.56261049410998,64.75011147393121,,True
1344,ADRB1,chai,apo,71.07841976577036,83.51970615377331,63.33955595228407,,True
1345,ADRB1,chai,apo,70.86027721044938,83.43024874848206,63.175665537516274,,True
1346,ADRB1,chai,apo,70.97780448687917,83.57761194541511,64.09944449530707,,True
1347,ADRB1,chai,apo,70.97421811898808,83.66846446697846,63.09744347466363,,True
1348,ADRB1,chai,apo,71.10889684490212,83.63012270535225,63.607110765245224,,True
1349,ADRB1,protenix,apo,70.83260590085862,87.4810384495365,70.79333453708225,,True
1350,ADRB1,protenix,apo,70.78802414676629,87.50377220429039,70.64888848198785,,True
1351,ADRB1,protenix,apo,71.03983732712821,87.5652201939042,71.13111029730902,,True
1352,ADRB1,protenix,apo,71.22618094153549,87.57010103466536,70.79444376627605,,True
1353,ADRB1,protenix,apo,71.6023346117724,87.57390699573753,70.8933334350586,,True
1354,ADRB1,protenix,apo,70.9543513038184,87.05001158074383,70.49111090766058,,True
1355,ADRB1,protenix,apo,71.31817251071821,87.14279769330486,70.6477788289388,,True
1356,ADRB1,protenix,apo,71.0420479026064,87.1466411056491,71.31333245171442,,True
1357,ADRB1,protenix,apo,71.7968265244934,87.32104171524489,71.28666729397244,,True
1358,ADRB1,protenix,apo,71.78961853933285,87.31455739800205,71.4399994744195,,True
1359,ADRB1,protenix,apo,71.10761884450787,87.02869580661064,70.79666731092665,,True
1360,ADRB1,protenix,apo,70.91448304464625,86.98003878000324,71.06555514865451,,True
1361,ADRB1,protenix,apo,71.35236252927164,87.20364382925489,71.13666703965929,,True
1362,ADRB1,protenix,apo,71.26802960452211,87.1261906798199,71.04555553860135,,True
1363,ADRB1,protenix,apo,71.4090048684043,87.22218747663293,70.90777799818251,,True
1364,ADRB1,protenix,apo,70.49348113675222,87.00488879527192,70.36333380805121,,True
1365,ADRB1,protenix,apo,70.68862214038775,86.99026441670426,70.25333446926541,,True
1366,ADRB1,protenix,apo,70.51663025537601,87.07991759041515,69.81555599636502,,True
1367,ADRB1,protenix,apo,70.83630921200461,87.14721421185337,70.20444573296442,,True
1368,ADRB1,protenix,apo,71.32830862529411,87.13719079679568,70.18666627671983,,True
1369,ADRB1,protenix,apo,70.77494741745296,86.85599137317222,70.32444466484918,,True
1370,ADRB1,protenix,apo,70.86310475338713,86.78497816153248,70.19333267211914,,True
1371,ADRB1,protenix,apo,71.06842070418658,87.07927304635317,70.26555718315973,,True
1372,ADA2A,boltz,cognate,62.34406678394605,86.2489501953125,73.63999938964844,,True
1373,ADA2A,boltz,cognate,62.67061494396579,86.75889930725097,72.05799865722656,,True
1374,ADA2A,boltz,cognate,63.47343441132576,88.00654983520508,75.79299926757812,,True
1375,ADA2A,chai,cognate,67.45774933967327,86.48109928703583,64.89900037977431,,True
1376,ADA2A,chai,cognate,67.6352265942835,86.50756713798378,65.61377800835504,,True
1377,ADA2A,chai,cognate,67.67455937517433,87.11960189021167,68.96277745564778,,True
1378,ADA2A,chai,cognate,67.47101764669426,86.53607939294923,65.88877741495769,,True
1379,ADA2A,chai,cognate,67.68149294878765,87.051667253486,67.87766774495442,,True
1380,ADA2A,chai,cognate,67.65199223966214,86.7735767524824,66.61689037746854,,True
1381,ADA2A,chai,cognate,67.52687707158529,86.58209008969614,65.3338885837131,,True
1382,ADA2A,chai,cognate,67.40638698891644,86.40635942628374,65.01555633544922,,True
1383,ADA2A,chai,cognate,67.71547105319723,86.9389604202287,67.11844380696614,,True
1384,ADA2A,chai,cognate,67.65630022674124,86.71261120867763,65.8535550435384,,True
1385,ADA2A,chai,cognate,67.51446721404935,86.73062770767817,64.78833346896701,,True
1386,ADA2A,chai,cognate,67.51264192323481,86.32484277642651,65.42211023966472,,True
1387,ADA2A,chai,cognate,67.61407563253037,86.54894972047077,65.515443166097,,True
1388,ADA2A,chai,cognate,67.51928530162229,86.86799040469602,66.96577835083008,,True
1389,ADA2A,chai,cognate,67.61231003033188,86.73434085475763,66.04600016276042,,True
1390,ADA2A,chai,cognate,67.55021854063862,86.91842932015787,67.74722290039062,,True
1391,ADRB1,boltz,apo,69.57770647092936,87.56085014343262,65.38200378417969,,True
1392,ADA2A,chai,cognate,67.51538750813224,86.67128116336563,65.44800101386176,,True
1393,ADA2A,chai,cognate,67.60159163733383,86.73870241013785,65.99489084879558,,True
1394,ADA2A,chai,cognate,67.55197167131021,86.51611767921612,65.48066584269206,,True
1395,ADRB1,boltz,apo,66.4698323023894,85.23159999847412,61.89699935913086,,True
1396,ADRB1,protenix,apo,71.24241877156672,87.05520219727167,71.2555554707845,,True
1397,ADRB1,protenix,apo,71.78543704457189,87.28729536324867,71.04111056857639,,True
1398,ADA2A,chai,cognate,67.82472989826836,86.75747067101933,65.37622197469075,,True
1399,ADA2A,chai,cognate,67.76367820702028,86.85718636088902,66.31833267211914,,True
1400,ADA2A,protenix,cognate,62.42606424723025,82.4605261732008,71.26777733696832,,True
1401,ADA2A,protenix,cognate,62.561631770587,82.43204563853716,71.16000027126736,,True
1402,ADA2A,protenix,cognate,62.500984887883526,82.44393935610894,71.28666559855144,,True
1403,ADA2A,protenix,cognate,63.0108121553203,82.41935146736377,71.46222390068903,,True
1404,ADA2A,protenix,cognate,62.55123016415472,82.22649916052991,71.42111163669162,,True
1405,ADA2A,protenix,cognate,62.38669549293774,82.23799972927759,71.61333380805121,,True
1406,ADA2A,protenix,cognate,62.90766912152676,82.20505313695766,71.32222196790907,,True
1407,ADA2A,protenix,cognate,62.94999635671744,82.21075744519501,71.57777955796983,,True
1408,ADA2A,protenix,cognate,62.77320144529659,82.45260103188551,71.22000122070312,,True
1409,ADA2A,protenix,cognate,62.683110457133445,82.63130388931452,71.64777713351779,,True
1410,ADA2A,protenix,cognate,62.78579231769771,82.67777801135918,71.78444502088759,,True
1411,ADA2A,protenix,cognate,62.85323309685088,82.64182795557625,71.57777701483832,,True
1412,ADA2A,protenix,cognate,63.141168186937406,82.60465296002177,71.6422233581543,,True
1413,ADA2A,protenix,cognate,62.912347671605154,82.65533692760384,71.71333270602756,,True
1414,ADA2A,protenix,cognate,63.6264344859208,84.15571416316784,72.45777765909831,,True
1415,ADA2A,protenix,cognate,63.42175472795171,84.12058612512475,72.18666712443034,,True
1416,ADA2A,protenix,cognate,62.42481690785197,82.22312100067111,71.30888917711046,,True
1417,ADA2A,protenix,cognate,64.16115579002243,84.10300974684876,72.23999998304579,,True
1418,ADA2A,protenix,cognate,64.04615489841841,84.10373024348745,72.36666700575087,,True
1419,ADA2A,protenix,cognate,63.8707550778478,84.08073925738037,72.26999961005316,,True
1420,ADA2A,protenix,cognate,63.557362188225795,83.83598874765042,72.49888865152995,,True
1421,ADA2A,protenix,cognate,63.26879924456397,83.83046621065293,72.26666598849826,,True
1422,ADA2A,protenix,cognate,63.37535830926865,83.8170345012519,72.32889005872939,,True
1423,ADA2A,protenix,cognate,63.9266107689144,83.7702308143544,72.30555555555556,,True
1424,ADA2A,protenix,cognate,63.391514221121646,83.82658739072764,72.52999962700738,,True
1425,ADRB1,boltz,cognate,69.28683863945727,89.11230010986328,72.31999969482422,,True
1426,ADRB1,boltz,cognate,69.85420544542356,89.32175102233887,70.93299865722656,,True
1427,ADRB1,boltz,cognate,68.88249474851341,88.70585021972656,66.34500122070312,,True
1428,ADRB1,boltz,cognate,69.1426394680511,89.01920051574707,71.2040023803711,,True
1429,ADRB1,boltz,cognate,68.26245910116711,88.27764930725098,68.1709976196289,,True
1430,ADRB1,boltz,cognate,69.12207550272751,88.66139945983886,70.53900146484375,,True
1431,ADRB1,boltz,cognate,68.90014668830536,88.7317008972168,70.59100341796875,,True
1432,ADRB1,boltz,cognate,68.80487193701403,88.7154499053955,68.26899719238281,,True
1433,ADRB1,boltz,cognate,69.11914059700956,88.84494972229004,70.83899688720703,,True
1434,ADRB1,boltz,cognate,68.98629560410602,88.2421501159668,70.46900177001953,,True
1435,ADRB1,boltz,cognate,70.19188044406083,89.38449935913086,70.05799865722656,,True
1436,ADRB1,boltz,cognate,69.27318037181031,88.51919975280762,67.53500366210938,,True
1437,ADRB1,boltz,cognate,69.05045073887088,88.93110046386718,69.3740005493164,,True
1438,ADRB1,boltz,cognate,69.3067483722039,88.83254890441894,70.68800354003906,,True
1439,ADRB1,boltz,cognate,66.99453246318569,87.68090133666992,68.10700225830078,,True
1440,ADRB1,boltz,cognate,69.98266044552722,89.36060066223145,71.94400024414062,,True
1441,ADRB1,boltz,cognate,69.13524740447038,88.42390022277831,66.94499969482422,,True
1442,ADRB1,boltz,cognate,69.49013624051332,88.93455009460449,69.09700012207031,,True
1443,ADRB1,boltz,cognate,68.75948851563396,88.91675033569337,69.95600128173828,,True
1444,ADRB1,boltz,cognate,69.40890361777892,88.7492504119873,70.13700103759766,,True
1445,ADRB1,boltz,cognate,69.80606695291131,89.30139923095703,74.41200256347656,,True
1446,ADRB1,boltz,cognate,69.06684487220876,88.9291000366211,71.26899719238281,,True
1447,ADRB1,boltz,cognate,68.64405858341753,88.71394996643066,70.70099639892578,,True
1448,ADRB1,boltz,cognate,69.09790778010147,88.4963493347168,69.3489990234375,,True
1449,ADRB1,boltz,cognate,68.68762676470935,88.69909973144532,71.25499725341797,,True
1450,ADRB1,chai,cognate,72.29497702092473,89.41921261512184,67.39555655585394,,True
1451,ADRB1,chai,cognate,72.44541764392439,89.60146753057947,69.28977754380968,,True
1452,ADRB2,boltz,apo,75.77801457328889,91.38475036621094,79.0790023803711,2.3648,False
1453,ADRB2,boltz,apo,75.59407989742104,90.95029907226562,76.7760009765625,2.3685,False
1454,ADRB2,boltz,apo,74.96330760004446,90.78265037536622,76.41799926757812,2.4105,False
1455,ADRB2,boltz,apo,74.83410895765549,90.24514999389648,70.63200378417969,2.4763,False
1456,ADRB2,boltz,apo,74.28175797358553,90.33489990234376,69.4000015258789,2.3299,False
1457,ADRB2,boltz,apo,75.7197676651703,91.28779945373536,77.13099670410156,2.3451,False
1458,ADRB2,boltz,apo,75.0869612151139,91.2797996520996,76.99099731445312,2.2808,False
1459,ADRB2,boltz,apo,74.71649408686825,90.70025024414062,76.96900177001953,2.4836,False
1460,ADRB2,boltz,apo,74.48482324078354,90.3215000152588,76.21399688720703,2.3745,False
1461,ADRB2,boltz,apo,72.77042351969796,88.82389984130859,73.28900146484375,2.3926,False
1462,ADRB2,boltz,apo,76.1663342492055,91.3753505706787,76.00700378417969,2.2459,False
1463,ADRB2,boltz,apo,75.88781360506145,91.9367000579834,79.6969985961914,2.4477,False
1464,ADRB2,boltz,apo,75.59830015796726,91.65904998779295,78.88800048828125,2.233,False
1465,ADRB2,boltz,apo,74.68586418761468,91.43305015563963,79.29000091552734,2.4489,False
1466,ADRB2,boltz,apo,73.40538741197193,88.61219940185546,71.4219970703125,2.5182,False
1467,ADRB2,boltz,apo,73.447457569852,89.38700065612792,70.21600341796875,2.1273,False
1468,ADRB2,chai,apo,72.94415429728826,83.2381198516587,64.48444451226129,1.1269,False
1469,ADRB2,chai,apo,72.98571136010543,83.24694399617623,64.77355575561523,1.0565,False
1470,ADRB2,chai,apo,73.06675923783254,83.30128327456386,64.6878890991211,1.0461,False
1471,ADRB2,boltz,apo,75.16749891415058,91.19279975891114,79.79399871826172,2.3946,False
1472,ADRB1,chai,cognate,72.30756615403837,89.52871277858685,69.1541108025445,,True
1473,ADRB1,chai,cognate,72.3277418779507,89.42449766808603,68.46411175198025,,True
1474,ADRB1,chai,cognate,72.31002750712292,89.45557084669798,68.98144404093425,,True
1475,ADRB1,chai,cognate,72.41566711108644,89.56653379967375,68.96966637505426,,True
1476,ADRB2,boltz,apo,75.2950241883211,91.6925998687744,79.90599822998047,2.3037,False
1477,ADRB2,boltz,apo,73.83981122347113,90.2527000427246,75.73699951171875,2.4458,False
1478,ADRB2,boltz,apo,74.09523257793583,90.04320030212402,71.98300170898438,2.3422,False
1479,ADRB2,chai,apo,72.98184847135835,83.16260500292758,63.5673336452908,1.1146,False
1480,ADRB2,chai,apo,73.00398472564463,82.96607969849657,64.39477750990126,0.8834,False
1481,ADRB2,chai,apo,73.02721203312846,83.3351370243111,63.915444691975914,1.0154,False
1482,ADRB2,chai,apo,73.2435924299162,83.76427180917747,64.6491101582845,1.046,False
1483,ADRB2,chai,apo,73.14532111093662,83.3346408710232,63.57766681247287,1.0527,False
1484,ADRB1,chai,cognate,72.22120609400248,89.53205397636171,68.34055625067816,,True
1485,ADRB2,boltz,apo,77.51265626034494,92.23204956054688,80.72699737548828,2.4541,False
1486,ADRB2,boltz,apo,75.31941643869617,91.38490028381348,78.67900085449219,2.4317,False
1487,ADRB2,boltz,apo,75.40107747371202,91.29884910583496,76.95899963378906,2.3767,False
1488,ADRB2,chai,apo,73.10574295495667,83.58553143199904,65.31677669949002,1.1997,False
1489,ADRB2,chai,apo,72.88648985372028,83.10629434980527,64.1696662902832,1.1812,False
1490,ADRB2,chai,apo,72.97291805426748,83.19091789336431,63.41655604044596,1.2635,False
1491,ADRB2,chai,apo,72.97430487828748,83.0889236534691,64.10133488972981,1.0794,False
1492,ADRB2,chai,apo,72.93688071986152,83.13950334997575,64.29377788967557,1.0508,False
1493,ADRB2,chai,apo,72.95470405703003,82.99644542629412,64.02166578504774,0.997,False
1494,ADRB2,chai,apo,73.103005937612,83.32645773875251,63.583334604899086,1.058,False
1495,ADRB2,chai,apo,73.02581886719757,83.10247739289574,64.82900110880534,1.0242,False
1496,ADRB2,chai,apo,73.09645268187865,83.56349490151948,64.92966673109267,1.0975,False
1497,ADRB2,chai,apo,73.02653938584268,83.1971199788951,65.44211154513889,1.0071,False
1498,ADRB2,chai,apo,73.26827267533412,83.6300054412418,65.24333360460069,0.9843,False
1499,ADRB2,chai,apo,73.11775782472347,83.43588400525621,64.60366736518012,1.0399,False
1500,ADRB2,chai,apo,73.18470488064496,83.5066707148834,64.51911163330078,1.0822,False
1501,ADRB2,chai,apo,72.99265900578877,83.32709226944058,64.67433378431532,1.1084,False
1502,ADRB2,chai,apo,73.02565487399852,83.09983445672592,63.7086673312717,1.0257,False
1503,ADRB2,chai,apo,73.01855899718183,83.17484717012655,64.60833273993597,0.9664,False
1504,ADRB2,chai,apo,73.07304610411468,83.13675410471609,64.48633363511827,1.0048,False
1505,ADRB2,protenix,apo,74.3965455557566,87.10673543815832,69.52444415622287,2.3291,False
1506,ADRB2,protenix,apo,74.47901525440791,87.11931250574958,69.63666703965929,2.4199,False
1507,ADRB2,protenix,apo,74.36111566421998,87.09392300373203,69.54444419013129,2.4077,False
1508,ADRB2,protenix,apo,75.23966905334609,87.11142162148226,69.63111156887479,2.3468,False
1509,ADRB2,protenix,apo,75.53202585615337,87.21597145493413,70.01444498697917,2.4054,False
1510,ADRB2,protenix,apo,74.38966087084019,86.8992958499446,69.38999896579318,2.3852,False
1511,ADRB2,protenix,apo,74.75445984960761,86.83618737669391,69.25444412231445,2.3568,False
1512,ADRB2,protenix,apo,74.7980124314811,86.89664529957295,69.39888848198785,2.3583,False
1513,ADRB2,protenix,apo,75.2900089562418,86.98631150103922,69.61777708265517,2.391,False
1514,ADRB2,protenix,apo,75.4813390953149,86.97033534460081,69.68555577596028,2.4209,False
1515,ADRB2,protenix,apo,74.47291425668084,87.07407399500947,69.72333357069228,2.3754,False
1516,ADRB2,protenix,apo,74.5482018778506,87.04358391764532,69.63333341810439,2.3891,False
1517,ADRB2,protenix,apo,75.30558985447539,87.06244611196531,69.73111131456163,2.3671,False
1518,ADRB2,protenix,apo,75.30672916592366,87.07263137352243,69.7944450378418,2.3919,False
1519,ADRB2,protenix,apo,75.9601544135316,87.18049196453839,70.2033322652181,2.3809,False
1520,ADRB2,protenix,apo,74.47007743736992,86.85876178112554,69.4588885837131,2.3817,False
1521,ADRB2,protenix,apo,74.92660242880943,86.84327462054605,69.34555562337239,2.37,False
1522,ADRB2,protenix,apo,74.89016113209277,86.84026119181262,69.36000061035156,2.3643,False
1523,ADRB2,protenix,apo,75.09248143317097,86.8612166762937,69.48111131456163,2.3917,False
1524,ADRB2,protenix,apo,75.20421348525848,86.82926788916319,69.39999940660265,2.3175,False
1525,ADRB2,protenix,apo,75.10001180115296,87.0270635420041,69.74999915228949,2.3673,False
1526,ADRB2,protenix,apo,75.1265585708081,87.03740869120257,69.79888916015625,2.3941,False
1527,ADRB2,protenix,apo,75.36520669928163,87.05086743270851,69.83000013563368,2.327,False
1528,ADRB1,chai,cognate,72.24494693267764,89.59226973909321,69.16911146375868,,True
1529,ADRB1,chai,cognate,72.02007847698906,89.13919295912353,66.14222166273329,,True
1530,ADRB1,chai,cognate,72.11282798513822,89.48176085805136,67.65955607096355,,True
1531,ADRB1,chai,cognate,72.33244385703259,89.49467382186074,68.79511218600803,,True
1532,ADRB1,chai,cognate,72.22308763736636,89.38797965075892,67.98399988810222,,True
1533,ADRB1,chai,cognate,72.44111519864774,89.4301014863189,68.79477734035916,,True
1534,ADRB1,chai,cognate,72.39661882937897,89.49603491236809,69.31333287556966,,True
1535,ADRB1,chai,cognate,72.23162285993496,89.30734182264209,65.54855473836263,,True
1536,ADRB2,boltz,apo,73.55353741033892,89.86649932861329,75.93000030517578,2.3837,False
1537,ADRB1,chai,cognate,72.48514211015855,89.35046136112956,65.62044440375433,,True
1538,ADRB1,chai,cognate,72.41913821358902,89.49232096991327,66.79511091444228,,True
1539,ADRB2,boltz,apo,72.29502654364265,89.05515022277832,66.62699890136719,2.3672,False
1540,ADRB2,protenix,apo,75.40104319881624,87.03731946936934,69.86777708265517,2.3831,False
1541,ADRB2,protenix,apo,75.73310010803002,87.14155655602184,70.05222108629015,2.3526,False
1542,ADRB1,protenix,cognate,66.7326652792632,87.31927226597784,70.00777689615886,,True
1543,ADRB1,protenix,cognate,66.76560572917111,87.29798835198429,70.02888955010309,,True
1544,ADRB1,chai,cognate,72.34214721303925,89.47841850972966,69.11177825927734,,True
1545,ADRB1,chai,cognate,72.26646626865245,89.55895913175002,69.99066670735677,,True
1546,ADRB1,chai,cognate,72.2567701610547,89.28475333864728,66.62544420030382,,True
1547,ADRB1,chai,cognate,72.26387338338725,89.48150738407868,69.01199934217665,,True
1548,ADRB1,chai,cognate,72.30782983157052,89.54107299728999,69.65688832600911,,True
1549,ADRB1,chai,cognate,72.43957105423046,89.29552941437923,64.03922186957465,,True
1550,ADRB1,chai,cognate,72.29792772240422,89.51189481012749,67.41100056966145,,True
1551,ADRB1,chai,cognate,72.43430385090433,89.52499203256716,69.08433320787218,,True
1552,ADRB1,protenix,cognate,66.95688346791853,87.3278490912725,69.94999991522894,,True
1553,ADRB1,protenix,cognate,67.06659818290393,87.35153299463776,70.04111184014215,,True
1554,ADRB1,protenix,cognate,67.1740082014495,87.35807890571385,69.99555587768555,,True
1555,ADRB1,protenix,cognate,66.95131466231403,87.13262575616052,71.01888783772786,,True
1556,ADRB1,protenix,cognate,66.51314817797032,87.13152755762076,71.18555535210504,,True
1557,ADRB1,protenix,cognate,66.92811124709523,87.18837016307947,71.0499996609158,,True
1558,ADRB1,protenix,cognate,67.3589041348534,87.19002393001429,70.95777850680881,,True
1559,ADRB1,protenix,cognate,67.19932972335121,87.69926750271179,69.60666614108615,,True
1560,ADRB1,protenix,cognate,67.72994924751751,87.70205937969048,69.65222379896376,,True
1561,ADRB1,protenix,cognate,66.21498630719219,87.10362029294431,70.27888955010309,,True
1562,ADRB1,protenix,cognate,66.47313308460265,87.06525572268994,70.19222217135959,,True
1563,ADRB1,protenix,cognate,66.40189955126837,87.04242234605731,71.23555543687608,,True
1564,ADRB1,protenix,cognate,66.84642714860654,87.68502289572493,69.58444510565863,,True
1565,ADRB1,protenix,cognate,67.23910342598118,87.70840617288586,69.68222257826064,,True
1566,ADRB1,protenix,cognate,66.97849341110562,87.61575462518832,69.5911110772027,,True
1567,ADRB1,protenix,cognate,66.83435205643978,87.05893601746442,70.18555450439453,,True
1568,ADRB1,protenix,cognate,67.13425955893138,87.08291036026475,70.19666714138455,,True
1569,ADRB1,protenix,cognate,66.66892078231021,87.01209902704193,70.24666553073459,,True
1570,ADRB1,protenix,cognate,67.08576627105676,87.61385898848805,68.86111111111111,,True
1571,ADRB1,protenix,cognate,67.26121909128177,87.60892246694962,68.86444430881076,,True
1572,ADRB1,protenix,cognate,67.19582724857797,87.56517397254405,68.75222142537434,,True
1573,ADRB1,protenix,cognate,67.35359769601254,87.61546777642651,68.76999918619792,,True
1574,ADRB1,protenix,cognate,67.35496557442103,87.6280698139499,68.76555591159396,,True
1575,ADRB2,boltz,cognate,71.37183520984419,86.93534965515137,62.33300018310547,1.131,False
1576,ADRB2,boltz,cognate,71.52942619600827,85.32120037078857,57.47800064086914,1.1476,False
1577,ADRB2,boltz,cognate,71.67064397502465,85.59139976501464,65.96399688720703,1.1584,False
1578,ADRB2,boltz,cognate,72.04416457908205,87.30039901733399,66.9990005493164,1.224,False
1579,ADRB2,boltz,cognate,69.2752616180346,81.25610027313232,52.49700164794922,1.2998,False
1580,ADRB2,boltz,cognate,71.48934632640774,84.53120002746581,65.19000244140625,1.2087,False
1581,ADRB2,boltz,cognate,72.09109436109048,85.6468002319336,58.25199890136719,1.3165,False
1582,ADRB2,boltz,cognate,71.47414040738676,87.52810020446778,69.2699966430664,1.2452,False
1583,ADRB2,boltz,cognate,71.21467312311722,86.35440063476562,67.0009994506836,1.0902,False
1584,ADRB2,boltz,cognate,70.82514522266158,85.5357494354248,57.472999572753906,1.3139,False
1585,ADRB2,boltz,cognate,70.82574587584119,83.63190040588378,54.20600128173828,1.3314,False
1586,ADRB2,boltz,cognate,72.55817192114583,87.49370098114014,63.935001373291016,1.2443,False
1587,ADRB2,boltz,cognate,71.11916226163038,85.9289493560791,64.83100128173828,1.0676,False
1588,ADRB2,boltz,cognate,70.63254241850994,85.96780052185059,67.04399871826172,1.1893,False
1589,ADRB2,boltz,cognate,71.95292504243643,86.57019996643066,59.69599914550781,1.2196,False
1590,ADRB2,boltz,cognate,71.86739458356585,86.09989910125732,59.54899978637695,1.1641,False
1591,ADRB2,boltz,cognate,71.20129050469572,85.36869926452637,56.80699920654297,1.2654,False
1592,ADRB2,boltz,cognate,70.69590542218299,86.30779876708985,67.72899627685547,1.1383,False
1593,ADRB2,boltz,cognate,70.71591278427161,86.05084915161133,65.5270004272461,1.1714,False
1594,ADRB2,boltz,cognate,70.47466836887757,85.33689994812012,57.36000061035156,1.2411,False
1595,ADRB2,boltz,cognate,71.7972567699146,85.1180009841919,61.59199905395508,1.1469,False
1596,AGTR1,boltz,apo,82.25686080741352,90.88715057373048,68.4219970703125,0.4167,False
1597,AGTR1,boltz,apo,80.90542339548095,90.31460037231446,68.15799713134766,0.3814,False
1598,AGTR1,boltz,apo,80.48706674177335,90.19080047607422,64.08100128173828,0.5386,False
1599,AGTR1,boltz,apo,79.68667407022545,90.39809951782226,68.68499755859375,0.3949,False
1600,AGTR1,boltz,apo,77.78818094896407,87.49524955749511,63.24700164794922,0.6162,False
1601,AGTR1,boltz,apo,82.21594987938332,90.98825073242188,68.84300231933594,0.4544,False
1602,AGTR1,boltz,apo,80.43557656907106,90.42685012817384,68.72000122070312,0.3829,False
1603,AGTR1,boltz,apo,79.62333685043463,89.55649948120117,65.99299621582031,0.42,False
1604,AGTR1,boltz,apo,79.47229808817998,89.45599975585938,66.74600219726562,0.4413,False
1605,AGTR1,boltz,apo,77.23263797388104,83.14429969787598,54.880001068115234,0.7736,False
1606,AGTR1,boltz,apo,81.7711812712688,91.2321002960205,66.00299835205078,0.517,False
1607,AGTR1,boltz,apo,81.49912247086634,90.25809936523436,67.11199951171875,0.4833,False
1608,AGTR1,boltz,apo,80.99727584923875,90.48205032348632,67.18199920654297,0.4104,False
1609,AGTR1,boltz,apo,80.59864631801595,90.06800079345703,65.47699737548828,0.3865,False
1610,AGTR1,boltz,apo,79.91733153616818,89.57849922180176,64.54499816894531,0.3742,False
1611,AGTR1,boltz,apo,81.49394996451801,91.65495071411132,73.5790023803711,0.53,False
1612,AGTR1,boltz,apo,80.45332312517512,89.7681495666504,64.10600280761719,0.479,False
1613,AGTR1,boltz,apo,79.87906680731388,89.39475059509277,59.50299835205078,0.3964,False
1614,AGTR1,boltz,apo,80.18508634859472,89.05285034179687,58.94300079345703,0.6374,False
1615,AGTR1,boltz,apo,78.889406581443,88.54640007019043,62.972999572753906,0.5321,False
1616,ADRB2,boltz,cognate,71.55065387790486,85.33900032043456,58.69599914550781,1.1422,False
1617,ADRB2,boltz,cognate,71.87815978856122,85.62415027618408,56.23199844360352,1.2735,False
1618,ADRB2,boltz,cognate,70.61939480114214,85.39105014801025,61.12099838256836,1.1185,False
1619,ADRB2,boltz,cognate,72.10690062848477,85.81029930114747,59.724998474121094,1.1448,False
1620,ADRB2,chai,cognate,74.49313401585191,88.38056610770727,73.24022250705295,1.1874,False
1621,ADRB2,chai,cognate,74.28747241696107,88.30794077562219,73.4662217034234,1.135,False
1622,ADRB2,chai,cognate,74.3964806890064,88.45371556857275,73.19766659206815,1.1657,False
1623,ADRB2,chai,cognate,74.44457592938781,88.38355635297592,73.08133316040039,1.1734,False
1624,AGTR1,boltz,apo,81.73140131065773,91.76214981079102,73.43800354003906,0.4308,False
1625,AGTR1,boltz,apo,81.80011975067903,90.8934497833252,71.99800109863281,0.4149,False
1626,AGTR1,boltz,apo,81.16551805140249,90.26549949645997,67.39199829101562,0.4478,False
1627,ADRB2,chai,cognate,74.449089767932,88.45726041415381,74.16890959306197,1.118,False
1628,AGTR1,chai,apo,82.25822214465305,91.01850054132646,72.35662651062012,0.5078,False
1629,AGTR1,chai,apo,82.0479766282818,90.95869515749284,72.16150093078613,0.5352,False
1630,AGTR1,chai,apo,82.24169708043836,91.0220393096489,72.65750026702881,0.5371,False
1631,AGTR1,chai,apo,81.99863837741869,90.86347282350492,71.90687561035156,0.5285,False
1632,AGTR1,chai,apo,81.76170992281916,90.47950566807177,70.59050130844116,0.5204,False
1633,AGTR1,chai,apo,82.08835643419296,90.93303740336265,72.22525024414062,0.5411,False
1634,AGTR1,chai,apo,82.000884012905,90.83162103390109,71.68987464904785,0.5893,False
1635,AGTR1,chai,apo,81.92457987128009,90.50414437018088,70.83650064468384,0.5253,False
1636,AGTR1,chai,apo,82.03531868335138,90.91235124583883,72.2128734588623,0.5607,False
1637,AGTR1,chai,apo,82.1310972730002,91.02525269105148,71.72050094604492,0.5011,False
1638,AGTR1,chai,apo,82.2596699956442,91.04897985287732,72.6063756942749,0.5902,False
1639,AGTR1,chai,apo,82.21425999434946,91.10981918025324,73.53137397766113,0.517,False
1640,AGTR1,chai,apo,81.91445323884507,90.88487851789677,72.5642499923706,0.6198,False
1641,AGTR1,chai,apo,82.01046771692677,90.96626804013272,72.64349937438965,0.4759,False
1642,AGTR1,chai,apo,82.01544999478989,91.00908542293146,72.34400081634521,0.542,False
1643,AGTR1,chai,apo,82.20104008659453,90.95316583771036,71.49512386322021,0.5926,False
1644,AGTR1,chai,apo,81.72014140518847,90.62506316461604,71.25349998474121,0.4512,False
1645,AGTR1,chai,apo,81.888688751862,90.82902911380944,70.93499994277954,0.5579,False
1646,AGTR1,chai,apo,81.77343897893962,90.83771222305847,72.62437534332275,0.5344,False
1647,AGTR1,protenix,apo,75.85496263749168,82.01430467765226,56.43124961853027,2.2225,False
1648,AGTR1,protenix,apo,77.0029916966846,83.67947910593014,58.56874990463257,2.1962,False
1649,AGTR1,protenix,apo,77.0186508819477,83.68176429043943,58.355000495910645,2.1862,False
1650,AGTR1,protenix,apo,77.13078194115116,83.64684596539232,58.27999973297119,2.2527,False
1651,AGTR1,protenix,apo,76.93880416568652,83.63866580171847,58.30624961853027,2.2093,False
1652,AGTR1,protenix,apo,76.20557535756447,81.95876582806932,56.18374967575073,2.2352,False
1653,AGTR1,protenix,apo,75.99294992764518,81.96227113966646,56.5137505531311,2.2167,False
1654,AGTR1,protenix,apo,76.1446351895825,81.96325399647199,56.24499940872192,2.1984,False
1655,AGTR1,protenix,apo,76.03961283213474,81.92533300304827,56.21624946594238,2.2332,False
1656,AGTR1,protenix,apo,77.17678111578053,83.63554701999152,58.19499969482422,2.2357,False
1657,AGTR1,protenix,apo,75.73168510072281,84.12046153852951,58.73750019073486,2.2333,False
1658,AGTR1,protenix,apo,76.89320699642806,84.06982408399706,59.04624938964844,2.1819,False
1659,AGTR1,protenix,apo,76.89537472883747,84.0550088062947,59.3462495803833,2.2704,False
1660,AGTR1,protenix,apo,77.00114580520146,84.03864170473547,59.017499923706055,2.2204,False
1661,AGTR1,protenix,apo,77.1453344311398,84.05654405196853,59.51124906539917,2.2266,False
1662,AGTR1,protenix,apo,77.84208545474117,85.76074549607554,60.09250068664551,2.2189,False
1663,AGTR1,protenix,apo,77.6959872392899,85.74221445829494,59.6825008392334,2.2545,False
1664,AGTR1,protenix,apo,77.80994155044945,85.73484332689475,59.787500858306885,2.2776,False
1665,AGTR1,protenix,apo,77.40526800215285,85.69729261180882,59.62249946594238,2.2279,False
1666,AGTR1,protenix,apo,77.81585988879753,85.7380868536948,59.899999141693115,2.2639,False
1667,AGTR1,protenix,apo,77.41553511076332,84.10250644327414,59.17625045776367,2.1921,False
1668,AGTR1,protenix,apo,77.34080476408086,84.07657534102513,59.125,2.206,False
1669,AGTR1,protenix,apo,77.32262857479277,84.02990477956219,58.918750286102295,2.2708,False
1670,AGTR1,protenix,apo,77.40219789843401,84.05760763257786,58.75749969482422,2.1735,False
1671,AGTR1,protenix,apo,77.4145177667521,84.0455669666816,58.97250032424927,2.1959,False
1672,AGTR1,chai,apo,81.83210002012629,90.85710046748922,72.2112512588501,0.5707,False
1673,AGTR1,chai,apo,82.04460256754724,90.90212175274308,71.7996244430542,0.5569,False
1674,AGTR1,chai,apo,82.12271365254479,90.9947867032391,72.12974834442139,0.5694,False
1675,ADRB2,chai,cognate,74.41559220178664,88.56328136628495,74.15581824562766,1.1243,False
1676,ADRB2,chai,cognate,74.47054067576694,88.4645476989691,72.72122065226237,1.174,False
1677,ADRB2,chai,cognate,74.50927151859922,88.51687379385658,74.05911085340712,1.1773,False
1678,ADRB2,chai,cognate,74.44614690969466,88.53484723996635,73.58022265964084,1.1381,False
1679,AGTR1,boltz,apo,82.22943166769979,90.92014961242675,67.8550033569336,0.4577,False
1680,ADRB2,chai,cognate,74.53320658010304,88.35371561164636,73.212888929579,1.1136,False
1681,ADRB2,chai,cognate,74.45533066401306,88.55880259096882,73.34499994913737,1.217,False
1682,ADRB2,chai,cognate,74.57508905650855,88.69577333377381,73.93988884819879,1.1353,False
1683,ADRB2,chai,cognate,74.51719683746099,88.58565790597494,73.77388848198785,1.1525,False
1684,ADRB2,chai,cognate,74.52491625917258,88.5477505394081,73.807091106068,1.0972,False
1685,AGTR1,chai,apo,82.0255059886112,90.89571446907983,71.50550031661987,0.5935,False
1686,AGTR1,chai,apo,81.93202939040388,90.84575122178202,71.83250045776367,0.5029,False
1687,AGTR1,chai,apo,82.02225029872345,90.8677473175302,72.10312557220459,0.4253,False
1688,ADRB2,chai,cognate,74.4688998422543,88.5555272385981,73.76033274332683,1.1802,False
1689,ADRB2,chai,cognate,74.48846326831055,88.53952441962767,73.88888888888889,1.0887,False
1690,ADRB2,chai,cognate,74.47491447476027,88.57173667803127,73.6816669040256,1.238,False
1691,ADRB2,chai,cognate,74.44971299744118,88.3948584709195,73.8119994269477,1.0649,False
1692,ADRB2,chai,cognate,74.32797552153067,88.45450757801447,73.45000006935813,1.1416,False
1693,ADRB2,chai,cognate,74.3118346320165,88.35329760880353,73.80463617498225,1.1269,False
1694,ADRB2,chai,cognate,74.31805168190628,88.42044758089347,73.59527241099964,1.1956,False
1695,AGTR1,boltz,apo,80.35057360614574,89.87685012817383,64.15299987792969,0.4488,False
1696,ADRB2,chai,cognate,74.40378448387789,88.47987878807696,74.17388916015625,1.1583,False
1697,ADRB2,chai,cognate,74.59542021336125,88.67269635049125,74.10672655972567,1.1416,False
1698,ADRB2,chai,cognate,74.51627496219277,88.47849642617362,73.713998967951,1.1438,False
1699,ADRB2,chai,cognate,74.58217758655313,88.61736580761996,74.48655573527019,1.1837,False
1700,ADRB2,protenix,cognate,70.77433437454619,85.8289037806716,65.57666651407878,1.0885,False
1701,ADRB2,protenix,cognate,71.01125237843287,85.7943158974448,64.5511105855306,1.0775,False
1702,ADRB2,protenix,cognate,71.15601974881677,85.79188732955019,65.43111080593533,1.0516,False
1703,ADRB2,protenix,cognate,71.24800597053978,85.78765362074881,65.41444524129231,1.0877,False
1704,ADRB2,protenix,cognate,70.745352683315,85.85180637761457,65.69777806599934,1.0815,False
1705,ADRB2,protenix,cognate,70.73495323102222,85.73227363666243,65.18888897365994,1.1249,False
1706,ADRB2,protenix,cognate,70.78014291897269,85.69726675734032,65.2466672261556,1.0993,False
1707,ADRB2,protenix,cognate,70.86252257220643,85.70027808898112,65.15666664971246,1.0874,False
1708,ADRB2,protenix,cognate,71.138205037891,85.67159394700461,64.22555541992188,1.1777,False
1709,ADRB2,protenix,cognate,71.68939911222434,85.67198896607623,64.64111031426324,1.0854,False
1710,ADRB2,protenix,cognate,71.75842061149062,86.17568922641473,65.1122220357259,1.0933,False
1711,ADRB2,protenix,cognate,71.87415159619493,86.16798220298679,65.29222276475694,1.0976,False
1712,ADRB2,protenix,cognate,71.65441099044669,86.1777373203261,65.30888832939996,1.0852,False
1713,ADRB2,protenix,cognate,71.58680204867466,86.04354059151929,64.07666736178928,1.127,False
1714,ADRB2,protenix,cognate,72.17023634406604,86.1599603623229,65.10888926188152,1.1042,False
1715,ADRB2,protenix,cognate,70.8408378364919,85.73897736652592,65.2999996609158,1.088,False
1716,ADRB2,protenix,cognate,70.72327173134713,85.76899994419422,65.27333280775282,1.074,False
1717,ADRB2,protenix,cognate,71.08023213512618,85.72560219983517,65.2000003390842,1.0937,False
1718,ADRB2,protenix,cognate,71.15326643320105,85.74023174801947,65.31333414713542,1.0503,False
1719,ADRB2,protenix,cognate,71.4408030801325,85.72052474787054,65.12444517347548,1.0931,False
1720,ADRB2,protenix,cognate,70.7680342332068,85.35384046359152,64.63111029730902,1.0829,False
1721,AGTR1,boltz,cognate,84.61859886360699,94.5091995239258,81.74299621582031,0.4424,False
1722,AGTR1,boltz,cognate,83.06661006534333,94.24234924316406,80.43399810791016,0.5059,False
1723,AGTR1,boltz,cognate,82.7535878184114,94.17305068969726,79.72200012207031,0.499,False
1724,AGTR1,boltz,cognate,83.11011688423687,93.8314998626709,77.20700073242188,0.4507,False
1725,AGTR1,boltz,cognate,82.14030361972479,93.58099975585938,76.44499969482422,0.499,False
1726,AGTR1,boltz,cognate,83.12838427934142,94.1378002166748,80.35900115966797,0.4255,False
1727,AGTR1,boltz,cognate,84.0126154748178,94.40820045471192,80.46700286865234,0.5057,False
1728,AGTR1,boltz,cognate,83.89772991616081,94.2607494354248,79.06199645996094,0.4022,False
1729,AGTR1,boltz,cognate,80.46182716390881,92.73730125427248,78.28600311279297,0.7856,False
1730,AGTR1,boltz,cognate,80.22438723529613,92.9164005279541,79.61399841308594,0.917,False
1731,AGTR1,boltz,cognate,80.2947744353568,93.26035041809082,78.96600341796875,0.5002,False
1732,AGTR1,boltz,cognate,83.26400002928497,93.7849506378174,77.66799926757812,0.4216,False
1733,AGTR1,boltz,cognate,83.7306433972542,94.4406005859375,80.36900329589844,0.5153,False
1734,AGTR1,boltz,cognate,83.25948188696731,94.17269973754884,78.55599975585938,0.4502,False
1735,AGTR1,boltz,cognate,81.67579952123106,93.16965026855468,74.81199645996094,0.4301,False
1736,ADRB2,protenix,cognate,70.91597853278246,85.32515827889051,64.42666625976562,1.057,False
1737,AGTR1,boltz,cognate,82.98404185685607,94.04809951782228,79.18199920654297,0.4349,False
1738,AGTR1,boltz,cognate,82.56775190836872,93.99110069274904,78.125,0.5465,False
1739,AGTR1,boltz,cognate,84.12524784906329,94.40525016784667,81.25399780273438,0.4699,False
1740,AGTR1,boltz,cognate,81.67071044943127,93.51460151672364,78.08899688720703,0.6594,False
1741,AGTR1,boltz,cognate,81.09179113170231,93.30224990844728,79.06199645996094,0.6455,False
1742,AGTR1,chai,cognate,81.77654233744886,91.16443713590007,71.21212482452393,0.665,False
1743,AGTR1,chai,cognate,81.63924238978231,90.99846524318404,70.50349998474121,0.6503,False
1744,AGTR1,boltz,cognate,82.54657379830448,94.03659896850586,78.8499984741211,0.5175,False
1745,ADRB2,protenix,cognate,70.67983812281419,85.35856168085019,64.48555543687608,1.105,False
1746,ADRB2,protenix,cognate,70.86029791787486,85.31055913831594,63.885555267333984,1.0825,False
1747,ADRB2,protenix,cognate,70.97213859510073,85.31262767066514,64.25999959309895,1.0641,False
1748,APJ,boltz,apo,75.42688429983039,89.06455039978027,75.1729965209961,2.2471,True
1749,APJ,boltz,apo,73.915207862854,87.61854972839356,75.01000213623047,2.7051,True
1750,APJ,boltz,apo,76.25110270851536,88.24780025482178,62.27299880981445,2.5526,True
1751,APJ,boltz,apo,76.67201574727109,90.21730003356932,78.79000091552734,2.3729,True
1752,AGTR1,chai,cognate,81.64855753756677,91.1149921288566,71.6711254119873,0.5865,False
1753,AGTR1,boltz,cognate,83.88136202246366,94.40390014648438,80.0790023803711,0.5282,False
1754,AGTR1,boltz,cognate,84.05151530295029,94.44544982910156,78.78500366210938,0.3659,False
1755,AGTR1,boltz,cognate,83.98170482348598,94.39269981384275,79.1780014038086,0.5328,False
1756,APJ,boltz,apo,75.90598965193097,89.34254989624023,77.45500183105469,2.57,True
1757,APJ,boltz,apo,75.70733687752171,89.1546501159668,75.21600341796875,2.6249,True
1758,APJ,boltz,apo,74.01371584440533,85.89734973907471,57.79800033569336,2.447,True
1759,APJ,boltz,apo,76.66692636891415,89.69760017395019,76.26599884033203,2.0994,True
1760,AGTR1,boltz,cognate,81.44725319269972,93.98379974365234,80.77400207519531,0.4982,False
1761,AGTR1,chai,cognate,82.04644912932099,91.25210879352014,71.55337524414062,0.7931,False
1762,AGTR1,chai,cognate,81.95892697383348,91.19039382682732,71.25287437438965,0.7512,False
1763,AGTR1,chai,cognate,81.79809291074737,91.07892511330644,71.14774990081787,0.6646,False
1764,APJ,boltz,apo,75.33048943469399,87.63514976501465,59.625999450683594,2.2691,True
1765,APJ,boltz,apo,74.69569987246865,85.66304988861084,57.922000885009766,2.7045,True
1766,APJ,boltz,apo,74.30486333746659,87.11140022277831,66.44100189208984,2.2626,True
1767,APJ,boltz,apo,75.41285787883558,89.06564979553222,76.73500061035156,2.6707,True
1768,APJ,chai,apo,76.78083310698453,84.7201520144475,59.347091328014024,2.4158,True
1769,APJ,chai,apo,76.45654095371935,84.18160731522036,55.499909834428266,1.6099,True
1770,APJ,chai,apo,76.98483360512051,85.81324353288262,59.59581791270863,2.6429,True
1771,APJ,boltz,apo,76.2896210369311,90.73304977416991,80.7020034790039,2.703,True
1772,APJ,boltz,apo,76.19927897202341,87.80870037078857,58.507999420166016,2.5037,True
1773,APJ,boltz,apo,75.610842112491,89.46475028991699,78.19300079345703,2.6975,True
1774,APJ,boltz,apo,74.78808153554013,86.92159976959229,59.1879997253418,2.5016,True
1775,APJ,chai,apo,76.95300221702455,85.95348229503217,60.21081820401278,2.3167,True
1776,AGTR1,chai,cognate,81.8389712453048,91.065421259042,70.69337463378906,0.7433,False
1777,AGTR1,chai,cognate,81.64956308915629,90.82969620155566,68.58625030517578,0.8205,False
1778,AGTR1,chai,cognate,81.66139185157749,91.24485167664368,71.28437614440918,0.7452,False
1779,AGTR1,chai,cognate,81.71646836423456,91.10448821864604,71.19562530517578,0.8127,False
1780,APJ,chai,apo,76.96605965979995,85.74984102046851,57.972000468860976,2.1575,True
1781,APJ,chai,apo,77.0899549896974,86.00876567857091,58.138092041015625,2.2541,True
1782,APJ,chai,apo,77.02104716721198,85.69911465681993,59.60136344216087,2.5041,True
1783,APJ,chai,apo,76.66635050610057,84.77627631753039,54.76681795987216,1.6952,True
1784,APJ,chai,apo,76.34572834119733,84.61234676381727,61.21663700450551,2.5066,True
1785,APJ,chai,apo,77.07310824867767,86.03001152579404,58.06772821599787,2.2317,True
1786,APJ,chai,apo,77.08821591116279,86.47873776312,61.643272399902344,2.4861,True
1787,APJ,chai,apo,77.2733575890366,86.11983250147335,59.766909859397195,2.7537,True
1788,APJ,chai,apo,77.13586726425774,86.13731044880754,60.26054451682351,2.6925,True
1789,APJ,chai,apo,76.95699673016014,86.35413878387186,61.57427215576172,2.7335,True
1790,APJ,chai,apo,77.17600186610372,86.05734121529056,59.77154541015625,2.5172,True
1791,APJ,chai,apo,76.8883669862829,85.43369008175738,59.89336395263672,2.1614,True
1792,APJ,chai,apo,77.11243442392552,85.87806959358645,59.97690859707919,2.6636,True
1793,APJ,chai,apo,77.21546053556136,86.25437307444484,60.16900079900568,2.2123,True
1794,APJ,chai,apo,77.18475043516003,86.26579105084075,59.009364041415125,2.1968,True
1795,APJ,chai,apo,77.12805910676163,85.90778078013167,59.81545500321822,2.5271,True
1796,APJ,chai,apo,76.02181209822129,84.02619412054749,57.357454473322086,1.7497,True
1797,APJ,chai,apo,76.86935538619619,86.2214234439635,61.29181809858842,2.3262,True
1798,APJ,chai,apo,76.88323479987733,85.02989775455359,60.25372765280984,2.5417,True
1799,APJ,chai,apo,76.98709376072426,85.74184418839293,58.42781829833984,2.3167,True
1800,APJ,chai,apo,76.91440564894573,86.24062039969803,60.923181707208805,2.6873,True
1801,APJ,protenix,apo,73.40793883668884,82.86079893549798,60.62818215110085,2.3579,True
1802,APJ,protenix,apo,73.51932721609967,82.8532628368196,61.13545400446112,2.4591,True
1803,APJ,protenix,apo,73.61012316083767,82.86111249147555,60.87727251919833,2.3668,True
1804,APJ,protenix,apo,73.79432158808434,82.85071289756081,60.85363665494051,2.3555,True
1805,APJ,protenix,apo,73.4826898130518,82.88561171882596,60.472727342085406,2.3245,True
1806,APJ,protenix,apo,73.30062733397683,82.39970071309573,59.83363654396751,2.3602,True
1807,APJ,protenix,apo,73.0718354459436,82.38519932012022,59.72181771018288,2.355,True
1808,AGTR1,chai,cognate,81.75864461138036,91.32581718312711,71.64225101470947,0.7414,False
1809,APJ,boltz,apo,75.74759999827334,88.5131004333496,63.70500183105469,2.5829,True
1810,APJ,boltz,apo,75.6535971691734,88.0979995727539,64.7229995727539,2.4139,True
1811,APJ,boltz,apo,75.02302613509329,87.61159934997559,72.62699890136719,2.4154,True
1812,APJ,protenix,apo,73.35628797925143,82.42739108857656,60.04999958385121,2.4241,True
1813,APJ,protenix,apo,73.4081830198475,82.41125339508056,60.10363630814986,2.4139,True
1814,APJ,protenix,apo,73.72495688455237,82.47980193778035,60.266362623734906,2.5289,True
1815,APJ,protenix,apo,73.33618349279912,82.56110675019102,59.864544955166906,2.4066,True
1816,APJ,protenix,apo,73.31444058045282,82.6078362225867,60.292727036909625,2.4447,True
1817,APJ,protenix,apo,73.34738481174561,82.59401025136313,60.12545498934659,2.4327,True
1818,APJ,protenix,apo,73.4398534789219,82.60551699431943,60.17090953480113,2.4426,True
1819,APJ,protenix,apo,73.89074528890019,82.64274473483428,60.21272763338956,2.3422,True
1820,APJ,protenix,apo,73.69534916152985,82.72948052439338,60.88818151300604,2.336,True
1821,APJ,protenix,apo,73.68131260656465,82.62181579664157,60.38545469804244,2.1422,True
1822,APJ,protenix,apo,73.79481521950629,82.74536864681161,60.99727283824574,2.4165,True
1823,APJ,protenix,apo,73.87362578388462,82.72616912288584,61.09454623135653,2.4578,True
1824,APJ,protenix,apo,74.1001542348935,82.80744818386061,60.87818215110085,2.3328,True
1825,APJ,protenix,apo,73.26606561831626,82.38782690320696,60.87909143621271,2.2781,True
1826,APJ,protenix,apo,73.29872209492002,82.3810998720524,60.83454409512606,2.3078,True
1827,APJ,protenix,apo,73.26441459657102,82.38466510397015,60.774545496160336,2.3623,True
1828,AGTR1,chai,cognate,81.73196184161799,91.20074429952392,72.16562557220459,0.614,False
1829,APJ,boltz,apo,76.8955920821742,90.96255149841308,81.66200256347656,2.6394,True
1830,APJ,boltz,apo,74.73746842334145,87.56565017700196,61.165000915527344,2.399,True
1831,APJ,boltz,apo,74.68876853742097,87.92639961242676,75.72699737548828,2.6958,True
1832,APJ,boltz,apo,76.1606842091209,90.11495018005373,78.80599975585938,2.5437,True
1833,AGTR1,chai,cognate,81.56716494815463,91.18718637726523,71.06450080871582,0.6297,False
1834,AGTR1,chai,cognate,81.75511527734147,91.03487227849976,70.24412631988525,0.5894,False
1835,APJ,boltz,apo,75.44658420462358,87.93355045318603,59.32400131225586,2.557,True
1836,AGTR1,chai,cognate,81.54352467154168,90.82175355578224,68.9173755645752,0.6044,False
1837,AGTR1,chai,cognate,81.78744072902259,91.0397759329946,71.16699981689453,0.7786,False
1838,AGTR1,chai,cognate,81.60048821914485,91.14187043016608,71.56612491607666,0.5795,False
1839,AGTR1,chai,cognate,81.83027671233113,91.32316336468013,71.29125022888184,0.7249,False
1840,AGTR1,chai,cognate,81.70064160092535,91.08099216900176,71.13875102996826,0.6196,False
1841,AGTR1,chai,cognate,81.74742395398819,91.16719718064752,71.58625030517578,0.7709,False
1842,AGTR1,chai,cognate,81.57138386224842,91.05821927954796,70.4628758430481,0.598,False
1843,AGTR1,chai,cognate,81.68423707562987,90.7948201593176,68.10512638092041,0.7568,False
1844,APJ,protenix,apo,73.58933386742068,82.39953508104597,60.88181825117631,2.3758,True
1845,APJ,protenix,apo,73.27495128115389,82.49123690332686,60.860908855091445,2.4411,True
1846,AGTR1,protenix,cognate,74.2289327164713,84.05203901361766,64.80374956130981,0.9623,False
1847,AGTR1,protenix,cognate,74.11957438406505,84.01576372809912,64.71374988555908,0.9518,False
1848,APJ,boltz,apo,76.53704211084467,88.76510009765624,67.66400146484375,2.139,True
1849,AGTR1,chai,cognate,81.86476078764457,91.24206915088892,71.48600006103516,0.7556,False
1850,AGTR1,chai,cognate,81.85127201191162,91.26209527147796,71.90024852752686,0.6988,False
1851,AGTR1,chai,cognate,81.68273134050655,91.07282625946992,71.3333740234375,0.531,False
1852,AGTR1,protenix,cognate,74.10837516637086,83.99315790815615,64.47250032424927,0.975,False
1853,AGTR1,protenix,cognate,74.37957960458344,84.02862798277262,64.90624856948853,0.96,False
1854,AGTR1,protenix,cognate,74.40677276574942,84.03877808402284,64.70625066757202,0.999,False
1855,AGTR1,protenix,cognate,73.97691114722275,84.55590421057367,64.39249992370605,1.0343,False
1856,AGTR1,protenix,cognate,74.28683542306142,84.76930449186466,63.95124959945679,1.0525,False
1857,AGTR1,protenix,cognate,74.32179620749444,84.77477938418092,64.0987491607666,1.0147,False
1858,AGTR1,protenix,cognate,74.4441932579613,84.7539952663873,64.0337495803833,1.008,False
1859,AGTR1,protenix,cognate,74.34314154195062,84.74172134270744,63.7024998664856,1.0261,False
1860,AGTR1,protenix,cognate,74.85802507459736,84.71832444216436,63.8887505531311,1.0441,False
1861,AGTR1,protenix,cognate,74.8457765426509,85.10712782272871,66.94250059127808,1.0576,False
1862,AGTR1,protenix,cognate,75.1504028819724,85.05658546501425,66.72500038146973,1.0458,False
1863,AGTR1,protenix,cognate,74.70658749176842,84.71572672431776,65.99875020980835,1.106,False
1864,AGTR1,protenix,cognate,74.91596197950392,84.66585643328628,65.989999294281,1.0559,False
1865,AGTR1,protenix,cognate,74.88948653691031,84.67674752359268,66.00250053405762,1.0861,False
1866,AGTR1,protenix,cognate,75.23121026643382,84.66181648423662,66.00874996185303,1.0563,False
1867,AGTR1,protenix,cognate,75.3232125653184,85.07932280720055,66.81874990463257,1.0948,False
1868,AGTR1,protenix,cognate,73.99429676816706,84.5326202027347,64.43624973297119,1.041,False
1869,AGTR1,protenix,cognate,74.18118360933919,84.48927053033876,64.02374982833862,1.0708,False
1870,AGTR1,protenix,cognate,74.13878057128207,84.53055992363849,64.46375036239624,0.9979,False
1871,AGTR1,protenix,cognate,74.12041307978922,84.49896381909369,64.02000045776367,0.9666,False
1872,AGTR1,protenix,cognate,75.46818676499507,85.07259060052567,66.81125020980835,1.0259,False
1873,AGTR1,protenix,cognate,75.30661855410835,85.07295016852979,66.83125019073486,1.1183,False
1874,AGTR1,protenix,cognate,74.71788706726484,84.69442195204945,65.87875127792358,0.9375,False
1875,APJ,boltz,cognate,76.9553342718827,91.73379936218262,81.77999877929688,1.3517,True
1876,APJ,boltz,cognate,75.95217095927188,90.40829963684082,79.7249984741211,1.4276,True
1877,APJ,boltz,cognate,76.80663957093891,91.70409965515135,82.94599914550781,1.3534,True
1878,APJ,boltz,cognate,76.37256841157613,90.9412998199463,80.70099639892578,1.4289,True
1879,APJ,boltz,cognate,77.18299724177311,91.66360054016111,80.81800079345703,1.5107,True
1880,APJ,boltz,cognate,77.08838937659013,91.81834983825684,82.5250015258789,1.5284,True
1881,APJ,boltz,cognate,75.8539422135604,90.70119972229004,80.40599822998047,1.5638,True
1882,APJ,boltz,cognate,77.22103142487376,90.74959945678712,80.90799713134766,1.3962,True
1883,APJ,boltz,cognate,76.37165256801404,90.70050010681152,79.38700103759766,1.3356,True
1884,APJ,boltz,cognate,76.70332102524607,90.06174964904785,79.0469970703125,1.3625,True
1885,APJ,boltz,cognate,76.51527638184398,91.17310028076172,81.02400207519531,1.4312,True
1886,APJ,boltz,cognate,78.34396050101833,92.03355026245116,81.0510025024414,1.4957,True
1887,APJ,boltz,cognate,75.56877089048687,90.29139938354491,78.78500366210938,1.4522,True
1888,APJ,boltz,cognate,77.14107878333644,91.6212001800537,80.41400146484375,1.397,True
1889,APJ,boltz,cognate,76.85514477177671,89.52284965515136,77.47799682617188,1.3187,True
1890,APJ,boltz,cognate,76.378542137146,91.28229942321778,79.36799621582031,1.34,True
1891,APJ,boltz,cognate,77.19623693165026,90.36964988708496,79.76899719238281,1.3591,True
1892,APJ,boltz,cognate,76.02724466323852,91.32204971313476,82.5469970703125,1.314,True
1893,APJ,boltz,cognate,75.69436038167854,90.01229972839356,79.0719985961914,1.339,True
1894,APJ,boltz,cognate,77.33696825629787,92.12700004577636,82.17400360107422,1.344,True
1895,APJ,boltz,cognate,76.39720793272319,90.4299503326416,82.69999694824219,1.3067,True
1896,B1B1U5,boltz,apo,86.1376531252297,92.3204502105713,77.97100067138672,3.0283,True
1897,B1B1U5,boltz,apo,85.99587881436912,92.06835021972655,80.27799987792969,2.9054,True
1898,B1B1U5,boltz,apo,86.0261398848667,91.92685050964356,78.84700012207031,3.2094,True
1899,B1B1U5,boltz,apo,85.85823632312078,91.95924949645996,79.10800170898438,3.1971,True
1900,B1B1U5,boltz,apo,85.68276075137558,91.88414993286132,80.06500244140625,3.1529,True
1901,B1B1U5,boltz,apo,85.55262623038344,92.00915031433104,78.39099884033203,3.2402,True
1902,B1B1U5,boltz,apo,85.46985759530016,92.0769500732422,78.61399841308594,3.2198,True
1903,B1B1U5,boltz,apo,85.67757519342567,91.92999954223632,78.9800033569336,2.8828,True
1904,B1B1U5,boltz,apo,85.13955113195604,91.81020011901856,75.40699768066406,3.0029,True
1905,B1B1U5,boltz,apo,85.85691118753084,92.43064918518068,79.47699737548828,3.3307,True
1906,B1B1U5,boltz,apo,85.82170987898304,91.8886001586914,76.46800231933594,3.1262,True
1907,B1B1U5,boltz,apo,85.70738170992944,91.60579948425293,78.67500305175781,2.8927,True
1908,B1B1U5,boltz,apo,85.42742465644754,91.68619956970215,76.60199737548828,2.9876,True
1909,B1B1U5,boltz,apo,85.01547852382865,91.61859893798828,77.6259994506836,3.2132,True
1910,B1B1U5,boltz,apo,85.94049741888558,91.88299942016602,77.5989990234375,2.8694,True
1911,B1B1U5,boltz,apo,86.02285225160661,92.10504989624025,77.8010025024414,3.0586,True
1912,B1B1U5,boltz,apo,86.01655911886564,92.1260498046875,79.98699951171875,3.0787,True
1913,B1B1U5,boltz,apo,85.73618812971218,92.09110031127928,80.30400085449219,3.1465,True
1914,B1B1U5,boltz,apo,85.04988705214633,91.8624496459961,77.48799896240234,3.3014,True
1915,B1B1U5,chai,apo,87.95307329054546,94.28663761521486,82.60187435150146,2.9494,True
1916,B1B1U5,chai,apo,87.96336775832935,94.27831520852588,82.52562522888184,2.949,True
1917,B1B1U5,chai,apo,87.9396918737664,94.2824155898459,82.54887390136719,2.8598,True
1918,B1B1U5,chai,apo,88.03967521115436,94.29379060789276,82.15887451171875,2.9356,True
1919,B1B1U5,chai,apo,87.89593075651216,94.25057272059232,82.52737522125244,2.9155,True
1920,APJ,boltz,cognate,76.71232392160516,91.3787006378174,80.16699981689453,1.3686,True
1921,APJ,boltz,cognate,76.1708605063589,90.1066997528076,80.98200225830078,1.457,True
1922,APJ,boltz,cognate,76.07367913095575,89.75824966430665,79.50800323486328,1.3814,True
1923,APJ,chai,cognate,76.06511175799535,84.2239594461598,70.81127444180575,1.5579,True
1924,B1B1U5,chai,apo,87.90821859453438,94.19041046812764,82.31887531280518,2.8433,True
1925,B1B1U5,chai,apo,87.90017561782912,94.20333170179336,81.45250034332275,2.9218,True
1926,B1B1U5,chai,apo,88.07929769053108,94.23722579153758,82.20937538146973,2.9714,True
1927,B1B1U5,chai,apo,88.02288466886796,94.12949382898957,82.5939998626709,2.9369,True
1928,B1B1U5,chai,apo,88.01548964648653,94.22446754033088,82.81725025177002,2.8861,True
1929,B1B1U5,chai,apo,87.92297677103085,94.2167996078893,82.9143762588501,2.8894,True
1930,B1B1U5,chai,apo,87.83064618119795,94.1597352276977,82.3444995880127,2.8909,True
1931,B1B1U5,chai,apo,87.91419073248962,94.16412442884403,82.53212451934814,2.9397,True
1932,B1B1U5,chai,apo,87.88956868593483,94.1543254086328,82.2442512512207,2.8825,True
1933,B1B1U5,chai,apo,87.80305462532151,94.13156494269984,82.33987522125244,2.877,True
1934,B1B1U5,chai,apo,87.89920526632825,94.1716572973188,82.32162475585938,2.9245,True
1935,B1B1U5,chai,apo,88.25068691163776,94.17110419635304,81.75675010681152,2.9432,True
1936,B1B1U5,chai,apo,87.91979813455035,94.19030483271996,82.45100021362305,2.8467,True
1937,B1B1U5,chai,apo,87.94486489580623,94.18786324748746,82.6671257019043,2.8641,True
1938,B1B1U5,chai,apo,87.95835791249097,94.21937114247685,82.2263765335083,2.8579,True
1939,B1B1U5,chai,apo,87.90201063260709,94.22320113879778,82.95975112915039,2.9629,True
1940,B1B1U5,protenix,apo,83.55436452448338,88.05938466833784,74.66624975204468,2.986,True
1941,B1B1U5,protenix,apo,83.54416556737927,88.03446960650825,74.59499979019165,2.9753,True
1942,B1B1U5,protenix,apo,83.54602287245655,88.03671061050667,74.60125064849854,2.9946,True
1943,B1B1U5,protenix,apo,83.50483634366759,88.01985593237745,74.53750085830688,2.9808,True
1944,B1B1U5,chai,apo,87.92893670806023,94.22191556915404,82.015625,2.9381,True
1945,B1B1U5,chai,apo,87.88180183320921,94.16288797540928,82.31574821472168,2.9727,True
1946,B1B1U5,chai,apo,87.92262808996726,94.1837374856049,82.44362449645996,2.9157,True
1947,B1B1U5,chai,apo,87.99136521506804,94.23678374301475,82.21950054168701,2.9495,True
1948,B1B1U5,protenix,apo,83.18947948671837,87.833371161582,74.32750082015991,3.0153,True
1949,B1B1U5,protenix,apo,83.19474057864325,87.80957669196191,74.28625011444092,2.9771,True
1950,B1B1U5,protenix,apo,83.16350361468523,87.81732166101062,74.32624959945679,2.993,True
1951,B1B1U5,protenix,apo,83.18913057753367,87.77278209057377,74.23499870300293,2.9475,True
1952,B1B1U5,protenix,apo,82.89275641480891,87.63155785825516,73.00749921798706,2.9481,True
1953,B1B1U5,protenix,apo,82.86542667049893,87.63563205528396,72.95375108718872,2.9805,True
1954,B1B1U5,protenix,apo,82.8634737944155,87.6340316184981,72.99374961853027,2.9573,True
1955,B1B1U5,protenix,apo,82.92411548312148,87.6517489299733,72.97874879837036,2.9771,True
1956,B1B1U5,protenix,apo,82.87112245867218,87.6075916500422,72.94625186920166,2.9017,True
1957,B1B1U5,protenix,apo,83.17584670859313,87.99231260120094,73.96750020980835,3.0108,True
1958,B1B1U5,protenix,apo,83.10786866330903,87.97844111566418,73.90875148773193,3.0297,True
1959,B1B1U5,protenix,apo,83.10921241406848,87.99357887263936,73.9737491607666,3.0388,True
1960,B1B1U5,protenix,apo,83.18571650060694,88.01417117518608,74.07624959945679,2.9984,True
1961,B1B1U5,protenix,apo,83.13014359259472,87.95817749251191,73.958749294281,2.9425,True
1962,B1B1U5,protenix,apo,82.92055735137717,87.24782623992854,72.54625034332275,2.9608,True
1963,B1B1U5,protenix,apo,82.92372139193543,87.2685014107045,72.58625078201294,2.9916,True
1964,APJ,chai,cognate,76.43976254314263,85.38514794254715,71.15245368263938,1.4715,True
1965,APJ,chai,cognate,76.64884368280728,85.70897937630163,71.69327302412553,1.4151,True
1966,APJ,chai,cognate,76.46954945117582,85.52063241801737,70.86027284102006,1.4098,True
1967,APJ,chai,cognate,76.87650641379962,85.81671810802443,70.94290785356002,1.4278,True
1968,B1B1U5,protenix,apo,82.90721183840573,87.24908682697951,72.50625038146973,3.0263,True
1969,B1B1U5,protenix,apo,82.90961811741387,87.24654771496552,72.49249935150146,3.0332,True
1970,B1B1U5,protenix,apo,82.90844105238297,87.2263679758914,72.5112509727478,2.9437,True
1971,B1B1U5,boltz,cognate,85.89576084383073,92.17854957580566,79.125,1.6072,True
1972,B1B1U5,protenix,apo,83.52701037377666,88.03467167402933,74.63749980926514,3.0056,True
1973,B1B1U5,protenix,apo,83.17808532352642,87.79406506383573,74.2937502861023,2.8917,True
1974,APJ,chai,cognate,76.64689850241918,85.6937230559345,71.13954544067383,1.4362,True
1975,APJ,chai,cognate,76.49219330505403,85.6850867918766,70.9853630065918,1.4229,True
1976,APJ,chai,cognate,76.3371821621678,85.46484081305466,71.24499997225675,1.4279,True
1977,APJ,chai,cognate,76.32791206381755,85.40163196307758,70.84763682972302,1.4781,True
1978,APJ,chai,cognate,76.5825769278434,85.56922550663803,71.0390905900435,1.341,True
1979,APJ,chai,cognate,76.79188393096189,85.87868545961587,72.07727328213778,1.5494,True
1980,APJ,chai,cognate,76.07473662485663,85.1312954093058,70.25436505404386,1.4748,True
1981,APJ,chai,cognate,76.79932705990825,85.91527539959203,71.20354635065252,1.5328,True
1982,APJ,chai,cognate,76.58231274457168,85.68025289110291,70.6640905900435,1.5476,True
1983,B1B1U5,boltz,apo,84.98614768571751,91.66075019836424,79.70500183105469,3.0307,True
1984,APJ,chai,cognate,76.5229706617889,85.65116328284853,71.19518245350231,1.4214,True
1985,APJ,chai,cognate,76.72379634311153,85.95102776465477,72.05481824007902,1.4204,True
1986,APJ,chai,cognate,76.61334016444282,85.39736455322858,70.3449093211781,1.4621,True
1987,APJ,chai,cognate,76.55356655775645,85.45366804296319,70.57509127530184,1.4442,True
1988,APJ,chai,cognate,76.26472500272337,85.10770292653665,69.81309127807617,1.4967,True
1989,APJ,chai,cognate,76.15202982439506,85.07216841342645,70.86254466663708,1.4009,True
1990,APJ,chai,cognate,76.74944944526482,85.83656710521483,71.45536318692294,1.4177,True
1991,APJ,boltz,cognate,76.79599991848595,90.83134994506835,80.51899719238281,1.3223,True
1992,APJ,chai,cognate,76.59211905932584,85.53739991060067,70.71718215942383,1.5209,True
1993,APJ,chai,cognate,76.59803976631875,85.42013586940189,70.92309154163708,1.4853,True
1994,APJ,chai,cognate,76.32382888398048,85.21427153987801,70.36718195134944,1.4705,True
1995,APJ,chai,cognate,76.38166207837527,85.22541805977428,70.23190862482244,1.4233,True
1996,APJ,protenix,cognate,70.94666272862622,84.47465071521279,70.50363644686612,0.9473,True
1997,APJ,protenix,cognate,71.25049227091684,84.46947903567062,70.50090928511186,1.1351,True
1998,APJ,protenix,cognate,71.11425527905733,84.44157896161595,70.48636384443803,1.1919,True
1999,APJ,protenix,cognate,71.65909246628092,84.38394421036625,70.49090957641602,0.907,True
2000,APJ,protenix,cognate,70.7702439500578,83.71669674671057,70.55454462224787,0.8698,True
2001,APJ,protenix,cognate,71.17591808547859,83.68484776084041,70.40727372602983,0.9346,True
2002,APJ,protenix,cognate,70.51204899042064,83.60216572014284,70.86636387218128,0.8602,True
2003,APJ,protenix,cognate,70.43097941077143,83.64104316583443,70.72818166559392,0.852,True
2004,APJ,protenix,cognate,71.01237435101991,84.44883273438458,71.31999934803356,0.8549,True
2005,APJ,protenix,cognate,70.97865629137826,84.40408952139157,71.32636365023527,0.903,True
2006,APJ,protenix,cognate,71.39847877121338,84.3975863167321,71.27000011097302,0.9282,True
2007,APJ,protenix,cognate,71.29717091476418,84.43604463081854,71.29545558582653,0.9276,True
2008,APJ,protenix,cognate,70.50951011103125,83.64125810131883,70.77454514936967,0.8935,True
2009,APJ,protenix,cognate,71.08426379351697,83.56878824882178,70.71363553133878,0.9576,True
2010,APJ,protenix,cognate,71.03406596981584,83.58970943818362,70.74999965320934,0.914,True
2011,APJ,protenix,cognate,70.76509028376901,84.39776119855574,71.38181721080433,1.1758,True
2012,APJ,protenix,cognate,70.47907621993014,84.14035264386759,71.41454523259944,0.9049,True
2013,APJ,protenix,cognate,70.45220432919595,84.09918751823953,71.41727239435369,0.8745,True
2014,APJ,protenix,cognate,70.47837826176495,84.08947244276733,71.43727319890803,0.8129,True
2015,APJ,protenix,cognate,70.73059325958789,84.12916788906246,71.34363625266336,0.8839,True
2016,APJ,protenix,cognate,71.29112989022103,84.45396865266741,70.34000119295987,0.9078,True
2017,APJ,protenix,cognate,70.60187695349178,83.69642702742573,70.64090832796964,0.9649,True
2018,APJ,protenix,cognate,70.7810194440642,83.64238111297804,70.55999894575639,1.1763,True
2019,APJ,protenix,cognate,70.50698984535353,83.75998954661479,70.65000083229758,0.9381,True
2020,APJ,protenix,cognate,70.91650343448524,84.0834935078889,71.18909107555042,0.9362,True
2021,B1B1U5,boltz,cognate,86.57409143960604,91.402099609375,74.50199890136719,1.8693,True
2022,B1B1U5,boltz,cognate,85.81284146667808,91.05014915466307,78.73699951171875,1.6988,True
2023,B1B1U5,boltz,cognate,85.31222299350205,92.09814987182617,81.14199829101562,1.6743,True
2024,B1B1U5,boltz,cognate,85.65884416846819,92.57724952697754,81.44499969482422,1.9273,True
2025,B1B1U5,boltz,cognate,86.1344730828398,90.45804901123049,74.08399963378906,1.6453,True
2026,B1B1U5,boltz,cognate,84.78173632262856,90.18459968566894,73.70800018310547,1.6394,True
2027,B1B1U5,boltz,cognate,85.79041401032478,90.903999710083,74.91799926757812,1.8156,True
2028,B1B1U5,boltz,cognate,86.21813982276507,92.73110008239746,81.7030029296875,1.5902,True
2029,B1B1U5,boltz,cognate,84.72188962915892,90.44070014953611,75.63099670410156,1.7278,True
2030,B1B1U5,boltz,cognate,86.29166949692593,92.62220039367676,82.99400329589844,1.6449,True
2031,B1B1U5,boltz,cognate,86.27644095882293,92.1903995513916,81.72599792480469,1.7199,True
2032,B1B1U5,boltz,cognate,85.07772071387178,91.2462001800537,79.2030029296875,1.8514,True
2033,B1B1U5,boltz,cognate,84.70351893927462,90.4824996948242,75.47200012207031,1.6801,True
2034,B1B1U5,boltz,cognate,84.62570703157814,90.75510063171389,76.56199645996094,1.4694,True
2035,B1B1U5,boltz,cognate,85.69707266489665,89.24519996643066,71.83100128173828,1.7394,True
2036,B1B1U5,chai,cognate,83.70833084832654,90.01403403516801,74.4680004119873,3.2358,True
2037,CCKAR,boltz,apo,75.25203041718385,92.00179977416992,82.18299865722656,,True
2038,CCKAR,boltz,apo,75.32696961910925,91.08185005187988,80.72799682617188,,True
2039,CCKAR,boltz,apo,74.4878995931037,90.4596004486084,74.60299682617188,,True
2040,B1B1U5,boltz,cognate,86.11756180178735,92.47844924926758,81.50800323486328,1.6866,True
2041,B1B1U5,boltz,cognate,85.88853238218574,91.2371997833252,79.02200317382812,1.9404,True
2042,B1B1U5,boltz,cognate,86.17886264349825,92.07455062866212,81.43399810791016,1.681,True
2043,B1B1U5,boltz,cognate,86.1276126164262,92.17379989624024,77.1760025024414,1.6183,True
2044,B1B1U5,boltz,cognate,85.65915310767389,91.80739974975586,81.58300018310547,1.6512,True
2045,B1B1U5,boltz,cognate,86.25345430066508,92.4369499206543,81.76100158691406,1.7333,True
2046,B1B1U5,boltz,cognate,85.35791931357436,90.20605010986328,73.71099853515625,1.4905,True
2047,B1B1U5,boltz,cognate,84.7777903361987,90.31019973754884,77.84400177001953,1.8372,True
2048,CCKAR,boltz,apo,74.05432939975061,91.23599967956542,79.6760025024414,,True
2049,CCKAR,boltz,apo,72.90776392678234,90.41014976501464,76.13800048828125,,True
2050,CCKAR,boltz,apo,76.43304200038732,92.25574951171876,81.8489990234375,,True
2051,CCKAR,boltz,apo,76.52345094056886,92.5954490661621,83.43299865722656,,True
2052,B1B1U5,boltz,cognate,85.80284676500546,92.35719985961914,81.62699890136719,1.619,True
2053,B1B1U5,chai,cognate,84.28929467889014,90.05748447220734,73.64149856567383,2.8869,True
2054,B1B1U5,chai,cognate,83.34364755813877,88.71837261290777,69.589111328125,2.1982,True
2055,B1B1U5,chai,cognate,83.633730079288,89.80611461995828,74.04100036621094,3.6672,True
2056,CCKAR,boltz,apo,76.09666813645407,91.89129981994628,82.85299682617188,,True
2057,CCKAR,boltz,apo,75.67671971009156,91.65790061950683,81.6500015258789,,True
2058,CCKAR,boltz,apo,75.76065654398126,92.17410125732422,82.2030029296875,,True
2059,CCKAR,boltz,apo,73.36923125971144,90.8113498687744,76.02300262451172,,True
2060,CCKAR,boltz,apo,77.15652333910221,92.35750045776368,82.41899871826172,,True
2061,CCKAR,boltz,apo,76.4203527307956,92.05555038452148,82.77200317382812,,True
2062,CCKAR,boltz,apo,75.84929680155817,91.86224937438963,82.43699645996094,,True
2063,CCKAR,boltz,apo,75.35805847488831,91.9155502319336,82.22799682617188,,True
2064,CCKAR,boltz,apo,74.67254662736553,91.3044490814209,80.33699798583984,,True
2065,CCKAR,chai,apo,71.57576535878404,83.48834699638994,69.04436284845525,,True
2066,CCKAR,chai,apo,71.8007393522823,83.75581902916812,69.0030007795854,,True
2067,CCKAR,chai,apo,71.5578901228875,83.63235855966764,68.95763570612127,,True
2068,CCKAR,chai,apo,70.96485963479851,82.693159601162,68.65318298339844,,True
2069,CCKAR,chai,apo,71.14122348246984,83.17970966776728,68.9878193248402,,True
2070,CCKAR,chai,apo,71.24638043099348,83.02352709362172,68.6265456459739,,True
2071,CCKAR,chai,apo,71.65463010465281,83.49456301869424,68.94709084250711,,True
2072,CCKAR,chai,apo,71.65059018081118,83.4884931231646,68.5015456459739,,True
2073,CCKAR,chai,apo,71.09887724283311,82.92020233424022,68.06463692405008,,True
2074,CCKAR,chai,apo,70.89475910050413,82.46523470767133,66.08290932395242,,True
2075,CCKAR,chai,apo,71.41119333809799,83.37052071334651,67.81672668457031,,True
2076,CCKAR,chai,apo,71.23338681797983,83.32830605977543,68.08272691206498,,True
2077,CCKAR,chai,apo,71.23736334185313,82.82170559517748,67.98481785167347,,True
2078,CCKAR,chai,apo,70.9146177929021,82.52632034391208,67.947453585538,,True
2079,CCKAR,chai,apo,71.2982073758525,83.14456659942479,68.2560903375799,,True
2080,CCKAR,chai,apo,71.19675740142262,83.08038656605615,69.43736405806108,,True
2081,CCKAR,chai,apo,71.08440448091132,82.9421763339944,68.81199992786755,,True
2082,CCKAR,chai,apo,71.28464620640443,83.0939856143156,69.07545367154208,,True
2083,CCKAR,chai,apo,71.50946472524123,83.47210407151805,69.59499983354048,,True
2084,CCKAR,chai,apo,71.15338752754661,82.93116882840276,69.40609082308683,,True
2085,CCKAR,chai,apo,71.43628010795088,83.18282960383924,68.64963635531339,,True
2086,CCKAR,chai,apo,71.2205301455454,83.14145170067982,68.28127254139294,,True
2087,CCKAR,chai,apo,71.33194030084007,83.10898223451032,68.41209030151367,,True
2088,CCKAR,chai,apo,70.70279961072403,82.36637016182166,67.75845406272195,,True
2089,CCKAR,chai,apo,71.5844989146788,83.36945965299014,68.31618048928,,True
2090,CCKAR,protenix,apo,73.36642803053363,88.55398250245429,75.60636346990412,,True
2091,CCKAR,protenix,apo,74.10558130690671,88.5648589050546,75.64818226207386,,True
2092,CCKAR,protenix,apo,74.0795753442121,88.72568059555206,76.58818088878284,,True
2093,CCKAR,protenix,apo,74.20757081150741,88.74662502524141,76.48090917413884,,True
2094,CCKAR,protenix,apo,74.69519956373377,88.75634512665985,76.60636416348544,,True
2095,CCKAR,protenix,apo,74.10732797490577,88.60882640731283,75.6754545731978,,True
2096,CCKAR,protenix,apo,73.84127749642577,88.59418714268728,75.5063643022017,,True
2097,CCKAR,protenix,apo,73.51794317700829,88.76266242584624,76.49090888283469,,True
2098,CCKAR,protenix,apo,74.06570984729166,88.80622979354033,76.53363626653498,,True
2099,CCKAR,protenix,apo,74.24614903294365,88.80149285763717,76.52090939608487,,True
2100,CCKAR,protenix,apo,74.45696513740515,88.77156131394841,76.54181809858842,,True
2101,CCKAR,protenix,apo,73.57469059505719,88.67483138308725,75.88272892345081,,True
2102,CCKAR,protenix,apo,73.42336541394198,88.70672751696424,75.87454570423473,,True
2103,CCKAR,protenix,apo,74.04286775470135,88.72031794970513,75.8063631924716,,True
2104,CCKAR,protenix,apo,72.77160017340377,88.51453660923684,75.62909143621272,,True
2105,CCKAR,protenix,apo,73.4444052490723,88.51082247202875,75.63818220658736,,True
2106,CCKAR,protenix,apo,73.42006186566537,88.52336300137067,75.65636409412731,,True
2107,CCKAR,protenix,apo,74.11241216342692,88.59238415877714,75.63727153431286,,True
2108,CCKAR,protenix,apo,73.85303053911649,88.77080333499165,76.56363677978516,,True
2109,CCKAR,protenix,apo,74.38361299353613,88.87310719283629,76.50090824473988,,True
2110,CCKAR,protenix,apo,72.58971029099135,87.47655084534297,73.85454489968039,,True
2111,CCKAR,protenix,apo,73.2532930085142,87.4992468977181,74.14545475352894,,True
2112,B1B1U5,chai,cognate,83.50519763700669,88.87165256754145,69.30077870686848,2.2977,True
2113,CCKAR,boltz,apo,76.01535058244366,92.21409950256349,83.47200012207031,,True
2114,CCKAR,boltz,apo,75.56555374537673,91.71720008850096,81.75599670410156,,True
2115,CCKAR,boltz,apo,75.25800708521193,91.36444931030272,81.9280014038086,,True
2116,B1B1U5,chai,cognate,83.30350183218981,88.9512536118729,71.71533287896051,2.0037,True
2117,CCKAR,boltz,apo,75.38474762105496,91.45559997558594,82.11100006103516,,True
2118,CCKAR,boltz,apo,74.96554922834736,91.4199001312256,81.58100128173828,,True
2119,CCKAR,boltz,apo,76.39090421266646,91.79630012512207,80.08999633789062,,True
2120,B1B1U5,chai,cognate,83.44899479763549,88.4441911475483,69.37466684977214,2.2271,True
2121,CCKAR,protenix,apo,73.45359429649534,87.51578876932979,74.40272799405184,,True
2122,CCKAR,protenix,apo,73.60878437225776,87.58851887866705,74.69272752241655,,True
2123,CCKAR,protenix,apo,73.51321812369439,87.73284829969529,75.46727232499556,,True
2124,B1B1U5,chai,cognate,83.79980740202328,90.04329969372411,74.51262474060059,2.9686,True
2125,B1B1U5,chai,cognate,83.16133871708229,88.31693157666001,70.16088782416449,2.1243,True
2126,B1B1U5,chai,cognate,83.50854563608753,88.93169806026967,70.35700056287978,2.0401,True
2127,B1B1U5,chai,cognate,83.92426794005557,89.17662580517636,70.45622083875868,2.0938,True
2128,CCKAR,boltz,apo,74.37282003420536,91.32080039978028,78.58000183105469,,True
2129,B1B1U5,chai,cognate,83.30722761758018,88.68363362634338,69.1195551554362,2.1555,True
2130,B1B1U5,chai,cognate,83.49236052642273,88.87960860063158,68.9848895602756,2.1803,True
2131,B1B1U5,chai,cognate,83.48929740478259,88.7939603718569,69.80977800157335,2.3308,True
2132,B1B1U5,chai,cognate,83.59820125071478,89.15523286107299,70.19922383626302,2.2042,True
2133,B1B1U5,chai,cognate,83.93631948665197,88.81852178368561,69.77811092800565,2.1175,True
2134,B1B1U5,chai,cognate,84.23531643875401,90.00460958994829,73.58337688446045,3.1559,True
2135,B1B1U5,chai,cognate,83.79539328138998,88.43681658031277,69.40644412570529,2.0325,True
2136,CCKAR,boltz,apo,75.56085738066201,91.4802001953125,80.3759994506836,,True
2137,B1B1U5,chai,cognate,83.82126483016003,89.98385037047179,73.62237548828125,2.9947,True
2138,B1B1U5,chai,cognate,83.09083765079559,88.39039002731593,70.39711168077257,1.9972,True
2139,B1B1U5,chai,cognate,83.72515482219148,89.948322891267,74.15137481689453,3.1004,True
2140,B1B1U5,protenix,cognate,78.03418248479521,86.20463839755259,73.27222230699327,1.7845,True
2141,B1B1U5,protenix,cognate,77.79862994120232,86.18247085212114,73.11555480957031,1.969,True
2142,CCKAR,boltz,apo,75.56260985080327,92.16524963378906,82.70500183105469,,True
2143,B1B1U5,protenix,cognate,77.79962423253436,85.92871292871831,72.13625001907349,1.813,True
2144,B1B1U5,chai,cognate,83.59397034106235,89.18587736115998,71.81455569797092,2.1471,True
2145,B1B1U5,chai,cognate,83.3960117831112,88.41215410328186,69.93688922458225,2.0301,True
2146,B1B1U5,chai,cognate,83.29961019123765,88.08839182979617,68.55611165364583,1.9307,True
2147,B1B1U5,chai,cognate,83.23299404295605,87.99340052573025,68.14744483100043,2.0572,True
2148,CCKAR,boltz,cognate,73.81511685558569,91.05990104675293,82.69300079345703,,True
2149,B1B1U5,protenix,cognate,77.77369236380534,85.9493169747665,72.30375099182129,1.9045,True
2150,B1B1U5,protenix,cognate,77.82141732634928,85.93734416775202,72.31999921798706,1.8353,True
2151,B1B1U5,protenix,cognate,77.9641117831,86.22114772083783,73.1988885667589,1.8941,True
2152,B1B1U5,protenix,cognate,77.79251600215503,85.93657083306994,72.3312497138977,1.8245,True
2153,B1B1U5,protenix,cognate,77.98647099585638,85.91047705236795,72.21625089645386,1.8478,True
2154,B1B1U5,protenix,cognate,78.14913518982094,86.41953828694673,73.73777855767145,1.8765,True
2155,B1B1U5,protenix,cognate,78.14285774523704,86.43162856887773,73.84555604722765,1.8119,True
2156,B1B1U5,protenix,cognate,79.39725645125725,87.42304874107779,74.82222154405382,1.8472,True
2157,B1B1U5,protenix,cognate,79.4449382029885,87.395641719397,74.67666625976562,1.8544,True
2158,B1B1U5,protenix,cognate,79.59896684167724,87.38300162841058,74.60666698879666,1.9271,True
2159,B1B1U5,protenix,cognate,79.13778234193167,87.02732255904017,73.97874927520752,1.8487,True
2160,B1B1U5,protenix,cognate,79.1395821801288,87.00435962102458,73.80999898910522,1.8476,True
2161,B1B1U5,protenix,cognate,79.17348965717198,87.02628876836785,73.85499906539917,1.8114,True
2162,B1B1U5,protenix,cognate,79.16368104936312,87.0160005890446,73.8212513923645,1.8159,True
2163,CCKAR,boltz,cognate,72.16745537909392,89.7135498046875,78.44400024414062,,True
2164,B1B1U5,protenix,cognate,78.1674649813334,86.43883650915964,73.72666676839192,1.8692,True
2165,B1B1U5,protenix,cognate,78.33488909419722,86.40601041349325,73.73666678534613,1.834,True
2166,B1B1U5,protenix,cognate,78.30707811826946,86.3889852145499,73.58999972873264,1.7891,True
2167,B1B1U5,protenix,cognate,79.43610344968624,87.40968809912215,74.79111099243164,1.8574,True
2168,CCKAR,boltz,cognate,71.71099542903009,89.95330047607422,79.48699951171875,,True
2169,CCKAR,boltz,cognate,73.63562374471503,90.33969955444336,79.68000030517578,,True
2170,CCKAR,boltz,cognate,71.53786228750354,88.14609985351562,76.53299713134766,,True
2171,CCKAR,boltz,cognate,74.38162609349901,91.2688995361328,81.8219985961914,,True
2172,CCKAR,boltz,cognate,73.1171471782934,90.25595054626464,79.552001953125,,True
2173,CCKAR,boltz,cognate,73.66006328903626,91.2050998687744,80.0979995727539,,True
2174,CCKAR,boltz,cognate,73.67894395489559,90.4509490966797,81.59700012207031,,True
2175,CCKAR,boltz,cognate,73.71660051167568,89.86520042419434,78.98400115966797,,True
2176,B1B1U5,protenix,cognate,79.289740387666,86.99027468677895,73.85999917984009,1.8093,True
2177,B1B1U5,protenix,cognate,77.8214833279041,86.224645865139,73.27222188313802,1.8696,True
2178,B1B1U5,protenix,cognate,77.82041844380267,86.2091601786813,73.26111136542426,1.8438,True
2179,B1B1U5,protenix,cognate,79.60528005949936,87.39516427615332,74.73222139146593,1.8249,True
2180,CCKAR,boltz,cognate,73.68358650831419,90.46704978942871,81.1500015258789,,True
2181,CCKAR,boltz,cognate,74.29876622529787,91.3580997467041,82.59700012207031,,True
2182,CCKAR,boltz,cognate,72.53305839378143,89.30439949035645,79.03800201416016,,True
2183,CCKAR,boltz,cognate,72.17372895178394,89.106201171875,74.9990005493164,,True
2184,CCKAR,boltz,cognate,73.29216578742054,89.71419982910156,78.45899963378906,,True
2185,CCKAR,boltz,cognate,74.4250631421526,91.05644989013672,81.12300109863281,,True
2186,CCKAR,boltz,cognate,73.88756070181589,90.9985496520996,82.48899841308594,,True
2187,CCKAR,boltz,cognate,74.96925232789226,91.47314987182617,84.30699920654297,,True
2188,CCR5,boltz,apo,82.8045226985758,91.829500579834,82.8489990234375,2.5132,False
2189,CCR5,boltz,apo,82.12246011603962,91.09804916381836,79.3010025024414,2.49,False
2190,CCR5,boltz,apo,81.49834656715393,90.35355033874512,76.75800323486328,1.8365,False
2191,CCR5,boltz,apo,83.77269032868472,92.5697998046875,83.85299682617188,2.7002,False
2192,CCR5,boltz,apo,83.46240349249406,92.56315078735352,82.09200286865234,2.705,False
2193,CCR5,boltz,apo,82.04883222146468,90.90510025024416,79.37300109863281,2.5312,False
2194,CCR5,boltz,apo,81.7397527477958,90.21314964294432,76.73600006103516,1.8048,False
2195,CCR5,boltz,apo,81.63431254300204,90.67734985351562,81.3759994506836,1.95,False
2196,CCR5,boltz,apo,82.95420466769825,91.32970008850096,77.72200012207031,1.7664,False
2197,CCR5,boltz,apo,82.2704999555241,91.17449913024902,81.53399658203125,1.8722,False
2198,CCR5,boltz,apo,82.18238378654827,90.03800086975097,71.15599822998047,1.7392,False
2199,CCR5,boltz,apo,82.34619897062129,90.3127498626709,74.77300262451172,1.839,False
2200,CCKAR,boltz,cognate,75.12564023632869,91.53494987487792,81.53600311279297,,True
2201,CCKAR,boltz,cognate,74.0540724157173,90.87905006408693,80.81199645996094,,True
2202,CCKAR,boltz,cognate,75.88527338081431,92.00279960632324,83.58200073242188,,True
2203,CCKAR,boltz,cognate,74.7807196590388,91.6989501953125,82.29000091552734,,True
2204,CCR5,boltz,apo,82.1902244307778,90.8843994140625,78.58999633789062,1.7325,False
2205,CCR5,boltz,apo,83.4119743975726,92.57794914245603,82.27799987792969,2.7535,False
2206,CCR5,boltz,apo,82.62700281359933,91.32074966430665,80.47599792480469,1.8191,False
2207,CCKAR,chai,cognate,69.60777698796356,84.02370099740628,65.23536439375444,,True
2208,CCKAR,boltz,cognate,74.43265652433735,91.80430068969729,82.68900299072266,,True
2209,CCKAR,boltz,cognate,72.6143295341563,90.92365074157716,80.89199829101562,,True
2210,CCKAR,boltz,cognate,73.8442149474242,90.85269966125487,81.52100372314453,,True
2211,CCKAR,chai,cognate,69.56219651927658,83.93133571414893,65.13863511518998,,True
2212,CCR5,boltz,apo,82.69131795926528,90.95604972839357,76.35900115966797,1.88,False
2213,CCR5,boltz,apo,82.16767049377614,90.93594932556152,80.30899810791016,1.9241,False
2214,CCR5,boltz,apo,82.61298590356654,90.796049118042,75.00199890136719,1.7312,False
2215,CCR5,boltz,apo,82.39044312997298,90.2405002593994,71.61100006103516,1.7702,False
2216,CCR5,boltz,apo,82.70105122436176,91.18344917297364,80.81099700927734,1.9005,False
2217,CCR5,boltz,apo,82.61167350682345,91.1806495666504,77.5719985961914,2.4824,False
2218,CCR5,boltz,apo,81.82002568786794,90.34364967346193,75.65799713134766,1.7004,False
2219,CCR5,chai,apo,81.3353411549768,87.71300296556382,59.887727217240766,2.6042,False
2220,CCR5,chai,apo,81.1898621104469,87.41375381482113,59.67781829833984,2.5816,False
2221,CCR5,chai,apo,81.30880924378513,87.56246065742525,59.682090759277344,2.6235,False
2222,CCR5,chai,apo,80.6796248141923,86.80554883387182,56.83545476740057,2.6308,False
2223,CCR5,chai,apo,80.91833921055671,87.22634045055936,59.46181869506836,2.5752,False
2224,CCR5,chai,apo,81.03630912960138,87.55110872813634,60.241362831809305,2.5977,False
2225,CCR5,chai,apo,81.02489288125051,87.46673306737627,60.19118118286133,2.5696,False
2226,CCR5,chai,apo,81.03056001543186,87.5140175648066,59.97409092296254,2.569,False
2227,CCR5,chai,apo,81.1579141365601,87.53210474402357,59.85790876908736,2.6082,False
2228,CCR5,chai,apo,81.04413394981519,87.46852107089317,60.38690948486328,2.5663,False
2229,CCR5,chai,apo,80.92755700261688,87.42802633083228,59.2099082253196,2.6351,False
2230,CCR5,chai,apo,80.86413677765107,87.27386870776421,59.53809079256925,2.4854,False
2231,CCR5,chai,apo,80.81002384995469,87.3104391013389,59.29354580965909,2.6168,False
2232,CCR5,chai,apo,80.82169630995624,87.01362246765203,57.76009160822088,2.5834,False
2233,CCR5,chai,apo,80.92192781660229,87.182542939826,58.16127326271751,2.6085,False
2234,CCR5,chai,apo,80.98179396664543,87.61169308274341,59.73827223344283,2.5496,False
2235,CCR5,chai,apo,81.10088761758202,87.33567687505253,56.67636385830966,2.457,False
2236,CCR5,chai,apo,80.6355310855177,87.13457087562198,59.60036433826793,2.6261,False
2237,CCR5,chai,apo,81.02171659715572,87.32726594937313,56.72936387495561,2.6232,False
2238,CCR5,chai,apo,81.12428610720347,87.05556355307112,56.366545243696734,2.7541,False
2239,CCR5,chai,apo,81.12626109362708,87.53034572291683,59.96163662997159,2.5717,False
2240,CCR5,chai,apo,80.96577719752828,87.3899823450939,59.473546114834875,2.5704,False
2241,CCR5,chai,apo,81.15398377035154,87.39815768803354,56.41709102283824,2.445,False
2242,CCR5,chai,apo,81.0692855909152,87.63263189080473,59.74863641912287,2.6344,False
2243,CCR5,chai,apo,80.97968664481606,87.32714680882243,58.51581781560724,2.5883,False
2244,CCR5,protenix,apo,78.69926316489737,86.98213381602135,61.03454693880949,2.6641,False
2245,CCR5,protenix,apo,78.63577087870381,86.97150141625177,60.82091002030806,2.6279,False
2246,CCR5,protenix,apo,78.67146904990126,86.94109621564031,60.788181651722304,2.6174,False
2247,CCR5,protenix,apo,78.67193214376462,86.94740201838606,60.98454492742365,2.6206,False
2248,CCR5,protenix,apo,78.67530539494032,86.9595146158557,60.91909131136808,2.5896,False
2249,CCR5,protenix,apo,78.92990025939918,87.16087540093955,61.01727294921875,2.6076,False
2250,CCR5,protenix,apo,79.25687459781072,87.68821817249447,62.22181909734552,2.6584,False
2251,CCR5,protenix,apo,79.37437733610159,87.65582966474227,62.06727357344194,2.628,False
2252,CCR5,protenix,apo,79.36792548355562,87.6582513072274,62.01727225563743,2.6029,False
2253,CCR5,protenix,apo,79.88156573022856,87.7508922368417,62.647272976962,2.6643,False
2254,CCR5,protenix,apo,78.78857788352826,87.11128012483769,61.102727023038,2.6315,False
2255,CCR5,protenix,apo,78.94721212177183,87.1310346149263,61.03000016645952,2.6443,False
2256,CCR5,protenix,apo,78.8177375353256,87.44814664357669,61.080909729003906,2.5877,False
2257,CCR5,protenix,apo,78.79003927796789,87.45325715490235,60.9272741837935,2.6221,False
2258,CCR5,protenix,apo,78.6954971630803,87.42601237338343,61.05181815407493,2.6083,False
2259,CCR5,protenix,apo,78.84142565848742,87.47153611575371,61.03181769631126,2.6056,False
2260,CCR5,protenix,apo,79.14893420820557,87.4315445941248,61.41818202625621,2.6502,False
2261,CCR5,protenix,apo,79.11333676680412,87.64008757913267,62.444545399058946,2.6794,False
2262,CCR5,protenix,apo,79.17185426340373,87.61685223827115,62.39636299826882,2.6373,False
2263,CCR5,protenix,apo,79.0092117752252,87.6299564520518,62.13727326826616,2.5885,False
2264,CCKAR,chai,cognate,69.14334519224168,83.55204295057239,64.77972724220969,,True
2265,CCKAR,chai,cognate,69.59592472787952,83.89748907220655,64.8227275501598,,True
2266,CCKAR,chai,cognate,69.5198567336222,83.89506716169493,64.86627301302823,,True
2267,CCKAR,chai,cognate,69.43312380986934,83.74437807246204,65.05218124389648,,True
2268,CCR5,protenix,apo,78.9910750702823,87.14184621278342,61.00363540649414,2.5922,False
2269,CCR5,protenix,apo,78.85794728321501,87.09376245308746,61.03272698142312,2.651,False
2270,CCKAR,chai,cognate,69.32352882144704,83.75171858904511,64.87118183482777,,True
2271,CCR5,protenix,apo,79.82470438121912,87.732658419671,62.569090756503016,2.6249,False
2272,CCKAR,chai,cognate,69.32434828618045,83.69759056219291,64.85227272727273,,True
2273,CCKAR,chai,cognate,69.88642098780589,83.98634815530515,66.56463623046875,,True
2274,CCKAR,chai,cognate,69.25225989619915,83.4577374016499,63.755817066539414,,True
2275,CCKAR,chai,cognate,69.46407134060745,83.67654805950616,64.58881863680753,,True
2276,CCR5,protenix,apo,79.44296158822866,87.75551225715903,62.84818163785067,2.6636,False
2277,CCR5,protenix,apo,79.563334532146,87.6052668963676,62.0418174050071,2.6296,False
2278,CCR5,boltz,cognate,83.61891463669863,94.08479957580566,84.14199829101562,1.645,False
2279,CCKAR,protenix,cognate,68.15167189752052,85.81576529643924,71.65090907703747,,True
2280,CCKAR,chai,cognate,69.4108297533054,83.73981812858304,64.0446364662864,,True
2281,CCKAR,chai,cognate,69.58781230576794,83.99816260769941,64.75763702392578,,True
2282,CCKAR,chai,cognate,69.56769422700717,83.9087396898999,65.05681783502752,,True
2283,CCR5,boltz,apo,82.19084655154835,90.3126495361328,72.8949966430664,1.7996,False
2284,CCKAR,chai,cognate,69.27802141435717,83.47119249394102,64.68027218905362,,True
2285,CCKAR,chai,cognate,69.48948594114675,83.91243622389706,65.04854549061169,,True
2286,CCKAR,chai,cognate,69.27889485492643,83.62661029874849,64.69700067693537,,True
2287,CCKAR,chai,cognate,69.47310117473172,83.71867069980627,64.73263584483753,,True
2288,CCKAR,chai,cognate,69.48443178799907,83.73830591335269,64.85200049660422,,True
2289,CCKAR,chai,cognate,69.22513021663221,83.26996651727917,64.67454528808594,,True
2290,CCKAR,chai,cognate,69.44325719754168,83.84490508063014,64.86181675304066,,True
2291,CCR5,boltz,apo,83.35128689895977,92.37649993896484,81.2030029296875,2.644,False
2292,CCKAR,chai,cognate,69.39158061639941,83.70155093306587,65.17627265236594,,True
2293,CCKAR,chai,cognate,69.49601732941578,83.69095544177904,64.61645369096236,,True
2294,CCKAR,chai,cognate,69.37953372630659,83.59444569077843,64.68472775545987,,True
2295,CCKAR,chai,cognate,69.46130352621286,83.86525132456556,65.08163590864702,,True
2296,CCKAR,protenix,cognate,68.28766381738721,85.773277843518,70.61818105524236,,True
2297,CCKAR,protenix,cognate,68.38686983188042,85.76477952388802,71.05181884765625,,True
2298,CCKAR,protenix,cognate,68.35916008807163,85.70282579294702,70.819091796875,,True
2299,CCKAR,protenix,cognate,68.70050429440215,85.9027877601882,71.90818162397905,,True
2300,CCKAR,protenix,cognate,67.98771736959834,85.21642994151316,69.80454566261984,,True
2301,CCKAR,protenix,cognate,67.88787449968876,85.22924282418701,69.8118185563521,,True
2302,CCKAR,protenix,cognate,67.93202778227554,85.21183821045818,69.8454544760964,,True
2303,CCKAR,protenix,cognate,67.91490227866612,85.20414280120772,69.76181827891956,,True
2304,CCKAR,protenix,cognate,67.94872430501319,85.21477140945446,69.86000061035156,,True
2305,CCKAR,protenix,cognate,69.28323446386938,86.65754350170945,71.86090885509144,,True
2306,CCKAR,protenix,cognate,69.15880951000848,86.64677070189005,71.86909034035422,,True
2307,CCKAR,protenix,cognate,69.24601602852445,86.65595210063682,71.96363657171077,,True
2308,CCR5,boltz,apo,84.34119030562314,92.46819953918455,83.26200103759766,1.8639,False
2309,CCKAR,protenix,cognate,69.12233068965868,86.66784149291712,71.78908989646219,,True
2310,CCKAR,protenix,cognate,67.74236000845532,85.2274921169047,69.8799996809526,,True
2311,CCKAR,protenix,cognate,67.82713238868249,85.21491254823032,69.76999976418234,,True
2312,CCKAR,protenix,cognate,69.20106122361707,86.62092606031189,71.58999945900656,,True
2313,CCKAR,protenix,cognate,68.01136790730784,85.77331115805225,70.17454494129528,,True
2314,CCKAR,protenix,cognate,67.97745872409253,85.78738017162031,70.12454570423473,,True
2315,CCKAR,protenix,cognate,68.1471152297023,85.76226121464849,70.23727312954989,,True
2316,CCKAR,protenix,cognate,67.78928607016027,85.20209724188884,69.57636365023527,,True
2317,CCKAR,protenix,cognate,67.87503026252803,85.21501285253666,69.84181872281161,,True
2318,CCKAR,protenix,cognate,68.16110720608464,85.20921058921758,69.53090910478072,,True
2319,CCKAR,protenix,cognate,67.96004982670198,85.79710035891759,70.28272732821378,,True
2320,CCKAR,protenix,cognate,68.09139926634455,85.7683195612097,70.09999916770242,,True
2321,CCR5,boltz,cognate,82.61401718313044,92.5532497406006,77.97899627685547,1.5901,False
2322,CCR5,boltz,cognate,83.97070727565072,94.16194915771484,82.96499633789062,1.5472,False
2323,CCR5,boltz,cognate,83.16369024190035,93.01520004272462,80.14600372314453,1.569,False
2324,CCR5,boltz,cognate,83.84608801928434,94.22719993591308,82.82499694824219,1.5632,False
2325,CCR5,boltz,cognate,83.31624423373829,94.07889976501464,84.20099639892578,1.6303,False
2326,CCR5,boltz,cognate,83.17643465779044,93.57144966125487,82.51100158691406,1.6186,False
2327,CCR5,boltz,cognate,83.27944033796138,93.68165016174316,83.01100158691406,1.5699,False
2328,CCR5,boltz,cognate,81.90453412857923,93.7968505859375,82.95500183105469,1.602,False
2329,CCR5,boltz,cognate,84.00690893693404,94.37514991760254,84.13099670410156,1.5984,False
2330,CCR5,boltz,cognate,84.16160507635637,94.49610061645508,84.8489990234375,1.6173,False
2331,CCR5,boltz,cognate,82.85823300751773,92.96515007019045,80.1449966430664,1.6488,False
2332,CCR5,boltz,cognate,83.30221020091663,93.47605018615722,80.46499633789062,1.6042,False
2333,CCR5,boltz,cognate,83.4498806108128,93.09139976501464,80.43299865722656,1.5632,False
2334,CCR5,boltz,cognate,81.64065919139169,91.27720108032229,75.51100158691406,1.6961,False
2335,CCR5,boltz,cognate,84.18354824456301,94.53740005493164,84.50900268554688,1.6075,False
2336,CCR5,boltz,cognate,83.9924971298738,94.48385009765624,84.51000213623047,1.5686,False
2337,CCR5,boltz,cognate,83.40144898132844,93.7416015625,82.1760025024414,1.557,False
2338,CCR5,boltz,cognate,83.72573293339123,94.38595008850098,84.36100006103516,1.5488,False
2339,CCR5,boltz,cognate,82.34235513210297,92.78949966430665,79.48799896240234,1.653,False
2340,CCR5,boltz,cognate,83.75460222634402,94.28499984741212,83.9489974975586,1.6132,False
2341,CCR5,boltz,cognate,83.53945461186495,94.59240074157717,84.12699890136719,1.5527,False
2342,CCR5,boltz,cognate,83.65722714770924,93.6128993988037,82.80500030517578,1.6108,False
2343,CCR5,boltz,cognate,83.77604253725572,94.2449001312256,83.37899780273438,1.5519,False
2344,CNR1,boltz,apo,62.01049791756323,80.02345066070556,61.52399826049805,2.5701,True
2345,CNR1,boltz,apo,66.83414195351682,84.22765045166015,67.38400268554688,1.9929,True
2346,CNR1,boltz,apo,66.95546609264309,83.24734992980957,65.53700256347656,1.5965,True
2347,CNR1,boltz,apo,64.91422032097638,83.28819999694824,64.88300323486328,0.9788,True
2348,CNR1,boltz,apo,65.86806994373515,83.66119995117188,67.16999816894531,1.1993,True
2349,CNR1,boltz,apo,65.07958477634494,82.89805068969727,64.74199676513672,1.3218,True
2350,CNR1,boltz,apo,68.65621410790136,85.12210006713867,69.91500091552734,1.9091,True
2351,CNR1,boltz,apo,67.0508686001018,85.09474983215333,68.01300048828125,1.0967,True
2352,CNR1,boltz,apo,65.65838782261994,83.70650024414063,66.78500366210938,1.0965,True
2353,CNR1,boltz,apo,65.95683477692685,85.21474952697754,68.79199981689453,1.0319,True
2354,CNR1,boltz,apo,63.24101689306356,82.77850074768067,65.05400085449219,1.3057,True
2355,CNR1,boltz,apo,66.41430084180024,83.96040077209473,68.32099914550781,1.1461,True
2356,CCR5,chai,cognate,79.3999856387251,86.48879061736069,60.521272139115766,2.282,False
2357,CNR1,boltz,apo,65.81641737081237,84.33084983825684,67.48600006103516,1.0532,True
2358,CNR1,boltz,apo,65.58567372014967,84.3656997680664,67.23899841308594,1.1836,True
2359,CNR1,boltz,apo,64.89512076620328,83.01909980773925,65.0479965209961,1.2093,True
2360,CNR1,boltz,apo,68.00195973606434,85.98375015258789,69.67900085449219,1.6565,True
2361,CNR1,boltz,apo,66.72467373185239,83.51419982910156,66.00499725341797,1.01,True
2362,CNR1,boltz,apo,64.94322032039449,82.53785018920898,65.5270004272461,2.1084,True
2363,CNR1,boltz,apo,64.5082754603887,82.93320045471191,67.81099700927734,2.1231,True
2364,CNR1,boltz,apo,65.151031849748,81.90770034790039,67.13400268554688,2.1975,True
2365,CNR1,chai,apo,68.07858052901258,84.46523599465688,69.37724924087524,1.1569,True
2366,CNR1,chai,apo,68.10064796293697,83.5396906477445,68.4652509689331,1.1901,True
2367,CNR1,chai,apo,68.16144283452927,84.21202693767879,69.30749845504761,1.1684,True
2368,CCR5,boltz,cognate,83.26249998807907,93.66799964904786,82.41300201416016,1.5963,False
2369,CCR5,chai,cognate,79.16658033453427,86.12792638225473,59.38463592529297,2.3015,False
2370,CCR5,chai,cognate,79.52311383851901,86.12668565196907,57.07218170166016,2.3157,False
2371,CCR5,chai,cognate,79.39309074337262,86.20805985525057,58.15409053455699,2.4282,False
2372,CNR1,chai,apo,68.27184370827756,84.55292034072792,68.97587442398071,1.1193,True
2373,CNR1,chai,apo,68.13369469260581,84.330805452417,68.76287603378296,1.1028,True
2374,CNR1,chai,apo,68.15238415652998,84.46848319613055,68.8778748512268,1.0972,True
2375,CNR1,chai,apo,68.24641891695957,84.51565293712534,69.13862419128418,1.1255,True
2376,CNR1,chai,apo,67.33209688856275,83.92836772567782,69.39575004577637,1.6973,True
2377,CNR1,chai,apo,67.42629606622411,83.9435136346693,68.46100044250488,1.5408,True
2378,CNR1,chai,apo,68.16366597628108,84.26621635288387,68.78412342071533,1.1109,True
2379,CNR1,chai,apo,68.18671805171745,83.45686469792288,67.56137561798096,1.143,True
2380,CNR1,chai,apo,68.26557188573658,84.86889624230272,69.53649950027466,1.1012,True
2381,CNR1,chai,apo,67.80503787815513,83.3822582976849,63.36262607574463,1.4394,True
2382,CNR1,chai,apo,68.22762528908989,84.49181188800118,68.62450170516968,1.1551,True
2383,CNR1,chai,apo,68.03023679058865,84.25329427533335,68.37612533569336,1.2108,True
2384,CNR1,chai,apo,68.11765062661725,83.7985750172355,69.24774932861328,1.1485,True
2385,CNR1,chai,apo,68.11943053300813,83.42832918866888,68.22562551498413,1.1355,True
2386,CNR1,chai,apo,68.04707012481191,84.24509795102207,68.80987453460693,1.1469,True
2387,CNR1,chai,apo,68.04017109407407,84.34049125376202,68.44937372207642,1.1684,True
2388,CNR1,chai,apo,68.25278926619775,84.17314052687063,68.6286244392395,1.1509,True
2389,CNR1,chai,apo,68.1752037803542,84.0702474562327,68.05737495422363,1.1996,True
2390,CNR1,chai,apo,67.93699962350381,84.24805374942301,68.42100048065186,1.126,True
2391,CNR1,chai,apo,68.27439468160841,84.60734507282059,68.81849908828735,1.1336,True
2392,CNR1,protenix,apo,66.99204543950573,82.11168684311244,61.33124923706055,1.8644,True
2393,CNR1,protenix,apo,68.22668543848191,82.4105818287738,61.670000076293945,1.8801,True
2394,CNR1,protenix,apo,68.03549220469411,82.26217289854438,57.60499954223633,1.1628,True
2395,CNR1,protenix,apo,68.34060930269266,82.184601224119,60.90000009536743,1.8616,True
2396,CNR1,protenix,apo,67.53941397584012,82.17814391299244,60.59375,1.7767,True
2397,CNR1,protenix,apo,68.0941147118032,82.48238008825294,61.626251220703125,1.7558,True
2398,CNR1,protenix,apo,68.71099321507369,82.71431469064771,61.62125015258789,1.8586,True
2399,CNR1,protenix,apo,68.85546617839407,82.65958027034611,58.85124969482422,1.1646,True
2400,CNR1,protenix,apo,68.9163828726621,82.67338767138395,58.701250076293945,1.1247,True
2401,CNR1,protenix,apo,68.32714751532458,81.7228442327904,56.488749980926514,1.1353,True
2402,CNR1,protenix,apo,67.78811562424096,82.8102058020918,59.02999973297119,1.1664,True
2403,CNR1,protenix,apo,67.43462123131008,82.16949834518103,60.918750286102295,1.9128,True
2404,CNR1,protenix,apo,68.30652880349909,82.64291998109778,58.92500019073486,1.1942,True
2405,CNR1,protenix,apo,67.84091014603798,81.87673428347617,55.09500026702881,1.1116,True
2406,CNR1,protenix,apo,67.58994665513616,82.04399927964974,58.293750286102295,1.1442,True
2407,CNR1,protenix,apo,67.4207871771185,81.68117199778041,56.05749988555908,1.1783,True
2408,CCR5,chai,cognate,79.60326419560619,86.27829068873352,58.611272291703656,2.3711,False
2409,CNR1,boltz,apo,64.0038389593868,81.79294967651367,64.39199829101562,0.9623,True
2410,CNR1,boltz,apo,63.85704025979769,82.59520015716552,61.82500076293945,2.0185,True
2411,CNR1,boltz,apo,63.221461914353455,76.81919994354249,50.742000579833984,1.6222,True
2412,CNR1,protenix,apo,67.78359477796474,82.05331931677733,61.23999977111816,1.9423,True
2413,CNR1,protenix,apo,67.56295323130215,82.20756042375193,56.43000030517578,1.1978,True
2414,CNR1,protenix,apo,68.22770308874573,82.55946746367914,57.47875118255615,1.2181,True
2415,CNR1,protenix,apo,67.8720589589903,82.48385982117095,58.99625015258789,1.198,True
2416,CNR1,protenix,apo,67.84614584132295,82.43356950080756,59.11875009536743,1.2073,True
2417,CNR1,protenix,apo,68.23487693093233,82.56156061894966,58.9862494468689,1.1665,True
2418,CNR1,protenix,apo,67.18631287913176,82.49948769895545,61.252498626708984,1.6275,True
2419,CNR1,protenix,apo,69.05626351586423,82.63262219528099,58.893749713897705,1.1801,True
2420,CCR5,chai,cognate,79.14528009818363,86.1335889419952,60.37590997869318,2.3409,False
2421,CCR5,chai,cognate,79.50852761372374,86.55324952509496,61.19245494495738,2.3947,False
2422,CCR5,chai,cognate,79.50057885876583,86.46649418826743,61.3769083890048,2.2959,False
2423,CCR5,chai,cognate,79.3028289038143,86.17984209927644,60.79718156294389,2.4212,False
2424,CCR5,chai,cognate,79.5708403198965,86.46094694261426,60.907636469060726,2.3047,False
2425,CCR5,chai,cognate,79.07124306572092,86.04663431386412,59.6741811578924,2.4428,False
2426,CCR5,chai,cognate,79.53800007998846,86.34219466432349,58.58572699806907,2.4804,False
2427,CCR5,chai,cognate,79.26432007862958,86.2372416093752,60.603272524746984,2.3961,False
2428,CNR1,chai,apo,67.90970304802596,84.05655999873107,68.44925117492676,1.1631,True
2429,CNR1,chai,apo,68.28548828009278,84.92643696537266,69.49449920654297,1.1318,True
2430,CCR5,chai,cognate,79.31532384767009,86.04847993788782,57.93918193470348,2.3678,False
2431,CNR1,protenix,apo,67.11504150543865,82.14492053830777,58.1850004196167,1.1528,True
2432,CCR5,chai,cognate,79.516082799394,86.35268273993488,59.3640910061923,2.4258,False
2433,CCR5,chai,cognate,79.520318204005,86.34770096328867,58.52445394342596,2.3658,False
2434,CCR5,chai,cognate,79.3059500313616,86.20865288874805,58.901818708939985,2.3504,False
2435,CCR5,chai,cognate,79.30854966781294,86.10542012705947,57.922363628040664,2.5053,False
2436,CNR1,boltz,apo,65.27151481984025,83.06064949035644,65.96199798583984,2.2087,True
2437,CCR5,chai,cognate,79.67761237544818,86.45968699475904,58.76454544067383,2.3372,False
2438,CCR5,chai,cognate,79.23552479475724,86.068157946599,58.42418219826438,2.3654,False
2439,CCR5,chai,cognate,79.5993634450843,86.3548667234776,58.76545472578569,2.4162,False
2440,CCR5,chai,cognate,79.23777104131227,86.27177657853991,58.90263678810813,2.5191,False
2441,CCR5,chai,cognate,79.49664330897245,86.2477122156135,58.36863639137962,2.4271,False
2442,CCR5,chai,cognate,79.53657713481154,86.3304823530701,60.41445472023704,2.3081,False
2443,CCR5,chai,cognate,79.1395427730972,86.23408116055774,61.166818445379086,2.3183,False
2444,CCR5,protenix,cognate,76.47986559292123,87.5155655324201,70.76727294921875,1.5496,False
2445,CCR5,protenix,cognate,76.73574308509802,87.50427193043036,70.68999932029031,1.5556,False
2446,CNR1,boltz,apo,66.82419493238805,83.56705055236816,65.25700378417969,1.4449,True
2447,CCR5,protenix,cognate,77.13435320005331,88.01100336421621,69.83636370572177,1.5451,False
2448,CNR1,boltz,cognate,69.02812496282287,87.14004936218262,77.56099700927734,1.2135,True
2449,CCR5,protenix,cognate,76.953319127663,87.6528639254632,69.33727299083363,1.5606,False
2450,CCR5,protenix,cognate,76.90134576151479,87.67476144559456,69.38363682140003,1.5527,False
2451,CCR5,protenix,cognate,76.974361755095,87.6419819282763,69.33636405251242,1.5838,False
2452,CCR5,protenix,cognate,76.94219298759451,87.6195932553444,69.225454157049,1.5486,False
2453,CCR5,protenix,cognate,76.84597505268526,87.63279574196059,69.29545523903586,1.5307,False
2454,CCR5,protenix,cognate,76.41383193694382,87.46759529175696,70.88545400446111,1.5603,False
2455,CCR5,protenix,cognate,76.39374349577587,87.46888443174817,70.88181790438566,1.5288,False
2456,CCR5,protenix,cognate,76.42035238709285,87.4590607738082,70.91272700916637,1.5289,False
2457,CCR5,protenix,cognate,76.44436703807692,87.49123451245295,70.92363634976473,1.5632,False
2458,CCR5,protenix,cognate,76.52349873506013,87.45289463790463,70.85000020807439,1.5197,False
2459,CCR5,protenix,cognate,76.9360094878612,88.0070938320903,69.78636446866122,1.548,False
2460,CCR5,protenix,cognate,76.95581098175923,87.99854399032924,69.85636346990412,1.5538,False
2461,CCR5,protenix,cognate,76.93852401971583,88.04289672839177,69.87727355957031,1.5465,False
2462,CCR5,protenix,cognate,77.09392968886783,87.97130165100097,69.74363639137961,1.5466,False
2463,CCR5,protenix,cognate,76.51554303006692,87.55716217338264,70.8027274391868,1.5401,False
2464,CCR5,protenix,cognate,76.6166852473683,87.63249988473339,71.46545444835316,1.5575,False
2465,CCR5,protenix,cognate,76.69913596138251,87.62317078928928,71.3472733931108,1.5533,False
2466,CCR5,protenix,cognate,76.71492267873764,87.60539160538545,71.38090827248313,1.5591,False
2467,CCR5,protenix,cognate,76.72576415069996,87.58946676481338,71.28090910478072,1.5313,False
2468,CCR5,protenix,cognate,76.75634624267127,87.63556195936162,71.34818198464133,1.5396,False
2469,CCR5,protenix,cognate,76.55419087060521,87.53402649664774,70.82636330344461,1.5706,False
2470,CCR5,protenix,cognate,76.40787913057375,87.51508532747044,70.78636308149858,1.5315,False
2471,CNR1,boltz,cognate,70.54864591259067,89.90374908447265,80.61799621582031,1.185,True
2472,CNR1,boltz,cognate,68.40923939721058,87.84544982910157,78.5780029296875,1.069,True
2473,CNR1,boltz,cognate,69.0894767429869,87.54255065917968,77.81300354003906,1.1474,True
2474,CNR1,boltz,cognate,68.33663573507535,87.60390167236328,79.04900360107422,0.9736,True
2475,CNR1,boltz,cognate,69.4659997608702,88.0643497467041,78.88999938964844,1.1107,True
2476,CNR1,boltz,cognate,69.15910593129821,89.01884994506835,79.29299926757812,1.0745,True
2477,CNR1,boltz,cognate,67.39418852127204,87.41580009460449,77.27200317382812,1.1128,True
2478,CNR1,boltz,cognate,66.58741743281736,87.01485137939453,77.56700134277344,1.1783,True
2479,CNR1,boltz,cognate,68.54851902137368,88.12834968566895,76.50399780273438,1.1645,True
2480,CNR1,boltz,cognate,69.38837070788367,88.07499923706055,76.33799743652344,1.1755,True
2481,CNR1,boltz,cognate,68.34687704959158,87.44729957580566,77.61900329589844,0.929,True
2482,CNR1,boltz,cognate,68.38561019250902,87.40175018310546,77.53900146484375,1.1153,True
2483,CNR1,boltz,cognate,67.84197883686777,87.05879974365234,75.11199951171875,1.0379,True
2484,CNR1,boltz,cognate,64.63489401946633,85.5276496887207,72.7300033569336,2.0693,True
2485,CNR1,boltz,cognate,68.05878591941575,88.5091999053955,78.31999969482422,1.1862,True
2486,CNR1,boltz,cognate,68.43242777808238,88.29325065612792,79.10199737548828,1.096,True
2487,CNR1,boltz,cognate,67.77722662586277,87.04625015258789,74.8030014038086,1.1172,True
2488,CNR1,boltz,cognate,67.7344068915157,87.92525062561035,75.8270034790039,1.2455,True
2489,CNR1,boltz,cognate,68.69854442547944,87.84570007324218,77.5719985961914,1.0468,True
2490,CNR1,boltz,cognate,69.04007200063285,88.28975105285645,78.25800323486328,1.1496,True
2491,CNR1,boltz,cognate,68.8912923336029,87.59470024108887,75.97100067138672,0.9919,True
2492,CNR1,boltz,cognate,68.42977128594609,87.77130088806152,77.80799865722656,1.1108,True
2493,CNR1,boltz,cognate,68.23600005295317,88.34990005493164,78.3479995727539,1.0838,True
2494,CNR1,boltz,cognate,64.74981987678399,84.78140029907226,73.68900299072266,1.6151,True
2495,CNR1,chai,cognate,70.52943176542402,87.29950946927588,76.44550037384033,1.1656,True
2496,CNR1,chai,cognate,70.42562762269823,87.4107715835819,77.55287456512451,1.1817,True
2497,CNR1,chai,cognate,70.0188639638238,87.3331697180364,77.53687477111816,1.3546,True
2498,CNR1,chai,cognate,70.19348186586978,87.7367663522613,77.54824924468994,1.2039,True
2499,CNR1,chai,cognate,70.50755513668261,87.58657670128397,76.58299922943115,1.1375,True
2500,CNR2,boltz,apo,83.95759729809231,92.10005111694336,81.13600158691406,1.4454,False
2501,CNR2,boltz,apo,83.71230833265517,92.20355033874512,79.66500091552734,1.4665,False
2502,CNR2,boltz,apo,83.51416654586792,91.85130043029784,81.11000061035156,1.4503,False
2503,CNR2,boltz,apo,83.38783038457235,91.19804992675782,77.73300170898438,1.4358,False
2504,CNR2,boltz,apo,84.42845278845893,92.91615028381348,82.76799774169922,1.5186,False
2505,CNR2,boltz,apo,84.33723044925266,92.4693000793457,81.3489990234375,1.5764,False
2506,CNR2,boltz,apo,84.05884998109606,92.28010025024416,80.7490005493164,1.5425,False
2507,CNR2,boltz,apo,83.90119983885023,92.16565017700196,81.93099975585938,1.4437,False
2508,CNR2,boltz,apo,84.2613361676534,92.60519981384276,81.64900207519531,1.527,False
2509,CNR2,boltz,apo,83.6399721675449,91.98955039978028,82.24099731445312,1.5278,False
2510,CNR2,boltz,apo,84.94649702707926,92.95824966430663,82.697998046875,1.4726,False
2511,CNR2,boltz,apo,83.99081400765313,92.3184009552002,81.2509994506836,1.5848,False
2512,CNR2,boltz,apo,83.02472494973077,91.79360008239746,80.41100311279297,1.5504,False
2513,CNR2,boltz,apo,84.52686949835883,92.75170021057129,81.9800033569336,1.4903,False
2514,CNR2,boltz,apo,84.20322500864664,92.2589500427246,80.40299987792969,1.5886,False
2515,CNR2,boltz,apo,84.27908331553141,92.4919994354248,81.7300033569336,1.5685,False
2516,CNR2,boltz,apo,83.87281113730536,92.53019981384276,82.00299835205078,1.591,False
2517,CNR2,boltz,apo,83.6683110555013,91.61975021362304,80.34600067138672,1.445,False
2518,CNR2,boltz,apo,83.74859432644314,91.4180995941162,78.86799621582031,1.5895,False
2519,CNR2,chai,apo,78.79067635062167,85.93727026638015,72.01687431335449,1.1966,False
2520,CNR2,chai,apo,78.79955163202588,85.96221652092872,72.21512508392334,1.0271,False
2521,CNR2,chai,apo,78.8129942918873,85.87743966362693,71.77099990844727,1.2113,False
2522,CNR2,chai,apo,78.74965758539783,85.94100818708344,72.47212505340576,1.0205,False
2523,CNR2,chai,apo,78.79662918190743,85.85106004613819,71.24112558364868,0.895,False
2524,CNR2,chai,apo,78.82547062497137,85.99463643371286,73.03487491607666,0.9294,False
2525,CNR2,chai,apo,78.75443740132108,85.90354099368636,72.04149913787842,1.0339,False
2526,CNR2,chai,apo,78.74696848551241,85.8889805014309,72.34650039672852,1.1823,False
2527,CNR2,chai,apo,78.7788051405497,85.87761093630935,72.02737617492676,1.2669,False
2528,CNR2,chai,apo,78.80948862286454,85.90672310688795,72.04850006103516,1.1519,False
2529,CNR2,chai,apo,78.86154127734525,85.9716705276027,72.36537456512451,1.1569,False
2530,CNR2,chai,apo,78.75591362686326,85.74114982481129,71.62562561035156,1.2585,True
2531,CNR2,chai,apo,78.84216927196596,85.86856738109093,71.19137525558472,0.9004,False
2532,CNR2,chai,apo,78.6357786853745,85.63403742868663,71.83800029754639,1.1683,False
2533,CNR2,chai,apo,78.80917789245983,85.85739562901583,71.92937469482422,1.1839,False
2534,CNR2,chai,apo,78.78636702321174,85.90521293799083,71.20012617111206,0.9069,False
2535,CNR2,chai,apo,78.76849975881964,85.9073697678248,71.33087491989136,0.8457,False
2536,CNR2,chai,apo,78.87260244537073,85.89269719536688,71.703125,1.1991,False
2537,CNR2,chai,apo,78.83045292435366,86.02395126367544,72.96762561798096,1.0968,False
2538,CNR2,chai,apo,78.75595123482626,85.91861774807884,71.671875,0.9354,False
2539,CNR2,chai,apo,78.85226089954243,86.00199020716018,72.40787315368652,1.1335,False
2540,CNR2,chai,apo,78.72085641461896,85.96571369670686,72.25524997711182,1.1335,False
2541,CNR2,chai,apo,78.80924188557985,85.88792626368534,71.9871244430542,1.1777,False
2542,CNR2,chai,apo,78.83468663055507,85.90012197420195,71.66949844360352,1.1747,False
2543,CNR2,chai,apo,78.51180346302311,85.53473636709766,70.7874984741211,0.9055,False
2544,CNR2,protenix,apo,78.66249846210536,84.69797316216804,61.52000045776367,1.4165,False
2545,CNR2,protenix,apo,78.63622057597148,84.77328723616415,63.01249980926514,1.5368,False
2546,CNR2,protenix,apo,79.06151203205518,85.1859935361276,68.28125047683716,1.5738,False
2547,CNR2,protenix,apo,79.10564964953802,85.24043341166015,68.96624898910522,1.5867,False
2548,CNR2,protenix,apo,79.0975691916183,85.19795949310452,68.63374948501587,1.5606,False
2549,CNR2,protenix,apo,79.11972691991647,85.17604398950354,68.38124942779541,1.4266,False
2550,CNR2,protenix,apo,79.09326971512527,85.18359666302091,68.51749992370605,1.5545,False
2551,CNR2,protenix,apo,78.38107603314597,84.80865410528142,68.68625116348267,1.8017,False
2552,CNR2,protenix,apo,78.37584590041791,84.83212356499263,68.76249933242798,1.7997,False
2553,CNR2,protenix,apo,78.37269316221519,84.76896417083162,68.10500049591064,1.5064,False
2554,CNR2,protenix,apo,78.38767395263685,84.78925147176305,67.80000066757202,1.5309,False
2555,CNR2,protenix,apo,78.32817329263962,84.749386868931,68.43124914169312,1.6588,False
2556,CNR2,protenix,apo,77.93396751389474,84.13424822871303,66.95749998092651,1.631,False
2557,CNR2,protenix,apo,78.04424687865493,84.1529281936786,66.98874998092651,1.5531,False
2558,CNR2,protenix,apo,78.0149789646556,84.17621561310509,67.29499864578247,1.6063,False
2559,CNR2,protenix,apo,78.00751865688112,84.1986843208833,66.8125,1.499,True
2560,CNR2,protenix,apo,78.01412262567862,84.12285421930866,66.87374973297119,1.526,False
2561,CNR2,protenix,apo,78.2455991687728,84.25731081778869,66.26999998092651,1.7907,False
2562,CNR2,protenix,apo,78.31937684013157,84.14524052902735,65.22000074386597,1.5248,False
2563,CNR2,protenix,apo,78.3105914712193,84.20097936865571,65.853750705719,1.6072,False
2564,CNR2,boltz,apo,83.98647512859769,92.2529510498047,81.8290023803711,1.4674,False
2565,CNR2,boltz,apo,83.69639739990234,92.0179500579834,79.73600006103516,1.4967,False
2566,CNR2,boltz,apo,83.72161391576131,91.397749710083,78.5530014038086,1.4246,False
2567,CNR1,chai,cognate,70.66658632211903,87.47079276951878,78.53349876403809,1.1502,True
2568,CNR1,chai,cognate,70.56542350683115,87.72645650426031,77.67749881744385,1.1366,True
2569,CNR1,chai,cognate,70.3194518320306,87.97888015065874,78.18050003051758,1.1781,True
2570,CNR1,chai,cognate,70.42007075830122,87.7675477771016,77.38562393188477,1.1321,True
2571,CNR1,chai,cognate,70.5931494856642,87.01362418839426,77.59887409210205,1.1472,True
2572,CNR1,chai,cognate,70.14746685945055,88.12745475649317,77.55475044250488,1.1994,True
2573,CNR2,protenix,apo,78.64918387815091,84.88984039779349,63.92250061035156,1.8093,False
2574,CNR2,protenix,apo,78.6965823548043,84.78151651510429,63.1274995803833,1.5468,False
2575,CNR2,protenix,apo,78.67046679275931,84.82877895510043,63.41249990463257,1.695,False
2576,CNR1,chai,cognate,70.49433121007117,87.81480723921871,77.82337474822998,1.1796,True
2577,CNR1,chai,cognate,70.61519562192447,87.42176731510081,78.11787414550781,1.1405,True
2578,CNR1,chai,cognate,70.51587177128162,87.6705544809036,76.89762496948242,1.1766,True
2579,CNR1,chai,cognate,70.40831837094613,88.1326780949217,77.6983757019043,1.1562,True
2580,CNR2,protenix,apo,78.30607629876307,84.12111135435312,65.08125066757202,1.49,False
2581,CNR2,protenix,apo,78.29296924879522,84.19627078260694,65.80749988555908,1.6787,False
2582,CNR2,boltz,cognate,81.94252785576714,92.8556999206543,82.49299621582031,0.8416,False
2583,CNR1,protenix,cognate,64.87224200951175,86.29485546884082,76.96750068664551,1.1664,True
2584,CNR1,chai,cognate,70.4835336383351,87.62285332815988,77.19562530517578,1.1421,True
2585,CNR1,chai,cognate,70.64148141210534,87.41866660551592,77.2837495803833,1.1497,True
2586,CNR1,chai,cognate,70.6768070054332,87.50526157994292,77.96537494659424,1.1403,True
2587,CNR2,boltz,apo,84.50677224265205,92.81970024108888,82.44599914550781,1.4699,False
2588,CNR1,chai,cognate,70.66263065373545,87.98393395683982,77.40187644958496,1.156,True
2589,CNR1,chai,cognate,70.72204513460719,88.0925217454671,78.62562465667725,1.1787,True
2590,CNR1,chai,cognate,70.18158949386462,87.1090443181785,77.31049919128418,1.4164,True
2591,CNR2,boltz,apo,83.97607219484118,91.48380012512207,78.96499633789062,1.4241,False
2592,CNR1,chai,cognate,70.18464172573093,87.2393473939359,78.07749938964844,1.2407,True
2593,CNR1,chai,cognate,70.77137723217142,87.6532967902262,77.46274948120117,1.125,True
2594,CNR1,chai,cognate,70.49311755345227,87.83886309830142,76.70262336730957,1.2011,True
2595,CNR1,chai,cognate,70.52253955617924,87.2786564194898,76.84399890899658,1.2027,True
2596,CNR1,protenix,cognate,65.37734944370327,86.27968386844124,76.91624927520752,1.1549,True
2597,CNR1,protenix,cognate,65.3150472895479,86.14129002542207,76.17374992370605,1.1531,True
2598,CNR1,protenix,cognate,65.20136580896558,86.22520506408823,76.92874908447266,1.1855,True
2599,CNR1,protenix,cognate,65.22174814267618,86.2315140255189,76.83000087738037,1.1338,True
2600,CNR1,protenix,cognate,65.93457884303594,87.02509820529392,77.39500045776367,1.1956,True
2601,CNR1,protenix,cognate,65.90806358422718,87.06746488827132,77.39625072479248,1.123,True
2602,CNR1,protenix,cognate,65.97522694614263,87.07190919149488,77.38875102996826,1.169,True
2603,CNR1,protenix,cognate,66.00606420682432,87.06559067082095,77.33499908447266,1.1298,True
2604,CNR1,protenix,cognate,66.57443117482251,87.01718409476342,77.37625026702881,1.1072,True
2605,CNR1,protenix,cognate,64.72348102608053,85.86927890917954,76.25750064849854,1.142,True
2606,CNR1,protenix,cognate,64.9090985029957,85.86564834091054,76.29750061035156,1.1404,True
2607,CNR1,protenix,cognate,65.0892659985633,85.83808564404906,76.24124813079834,1.1319,True
2608,CNR1,protenix,cognate,65.0380082010061,85.83300954810468,76.2137508392334,1.1084,True
2609,CNR1,protenix,cognate,65.53843708446074,85.99983764995228,76.61625003814697,1.1324,True
2610,CNR1,protenix,cognate,65.89355508372634,85.9662671672111,76.65500068664551,1.1506,True
2611,CNR1,protenix,cognate,65.2576326375327,85.96597055005819,76.64999961853027,1.1421,True
2612,CNR2,boltz,apo,84.67765284644233,92.714949798584,82.97799682617188,1.4917,False
2613,CNR1,protenix,cognate,65.13864174399532,85.89697184364516,76.18125057220459,1.1604,True
2614,CNR1,protenix,cognate,65.30434042228191,86.09657413259728,76.47249984741211,1.1334,True
2615,CNR1,protenix,cognate,65.37273927135233,86.14789173712462,76.48250102996826,1.1565,True
2616,CNR1,protenix,cognate,65.21471474475553,85.99628748732728,76.48375034332275,1.1579,True
2617,CNR2,boltz,cognate,82.21716924243503,92.8963996887207,83.51699829101562,0.8443,False
2618,CNR2,boltz,cognate,82.23942794799805,93.06049957275393,83.26499938964844,0.8581,False
2619,CNR2,boltz,cognate,81.15640017191569,93.11199989318848,83.5260009765625,0.8378,False
2620,CNR1,protenix,cognate,65.28236141278263,86.12567646105052,76.44874954223633,1.1479,True
2621,CNR1,protenix,cognate,65.55461755298387,86.09735732140479,76.3787488937378,1.1477,True
2622,CNR1,protenix,cognate,65.77311324427951,86.12654621607297,76.47624969482422,1.1348,True
2623,CNR1,protenix,cognate,65.06640196628005,86.00036524355669,76.46999931335449,1.117,True
2624,CNR2,boltz,cognate,82.00454154544407,91.5212501525879,79.53700256347656,1.1104,False
2625,CNR2,boltz,cognate,81.78020007345411,92.8014003753662,81.77300262451172,0.8725,False
2626,CNR2,boltz,cognate,82.33904724121093,91.36220016479491,78.11699676513672,1.122,False
2627,CNR2,boltz,cognate,82.1999249988132,93.14525032043456,84.11900329589844,0.735,False
2628,CNR2,boltz,cognate,82.19468871222603,93.03059997558594,83.54000091552734,0.8322,False
2629,CNR2,boltz,cognate,81.74061119291517,93.18225021362304,83.35800170898438,0.851,False
2630,CNR2,boltz,cognate,81.64129439459907,90.68205070495604,73.57099914550781,1.0757,False
2631,CNR2,boltz,cognate,82.61971394220988,93.0879009246826,82.5770034790039,0.8529,False
2632,CNR2,boltz,cognate,81.52012234793769,92.80774993896485,82.23799896240234,0.7669,False
2633,CNR2,boltz,cognate,82.53320813708835,92.90260009765623,82.85099792480469,0.8648,False
2634,CNR2,boltz,cognate,82.2919138431549,92.67600021362304,82.59100341796875,0.8747,False
2635,CNR2,boltz,cognate,82.68251668082343,91.33390045166016,78.54299926757812,1.1066,False
2636,CNR2,boltz,cognate,82.3430998802185,93.1427505493164,83.302001953125,0.8514,False
2637,CNR2,boltz,cognate,81.39484166039361,92.5146499633789,82.80799865722656,0.8435,False
2638,CNR2,boltz,cognate,81.95602499114142,92.70009918212892,82.9469985961914,0.8633,False
2639,CNR2,boltz,cognate,80.74717211193509,90.31165008544922,74.5999984741211,1.1179,False
2640,CNR2,boltz,cognate,81.88767508400811,92.45549964904784,83.05999755859375,0.8617,False
2641,CNR2,boltz,cognate,82.04871951209174,92.5826503753662,82.23500061035156,0.8278,False
2642,CNR2,boltz,cognate,82.24175272517734,92.53440055847167,83.01599884033203,0.8729,False
2643,CNR2,boltz,cognate,82.36357772615222,93.11864967346192,83.09200286865234,0.8319,False
2644,CRHR1,boltz,apo,83.13889645496047,86.65452615838302,71.1969985961914,4.016,True
2645,CRHR1,boltz,apo,83.89497100646237,86.98747373882092,73.22000122070312,3.9798,True
2646,CRHR1,boltz,apo,81.26760473596045,86.33057925575658,68.84600067138672,4.174,True
2647,CRHR1,boltz,apo,81.36231330044298,86.12363192909642,70.64199829101562,4.0122,True
2648,CNR2,boltz,cognate,82.03072498109606,92.8424991607666,82.5009994506836,0.8186,False
2649,CNR2,chai,cognate,80.30096860611269,89.74885401329438,82.02000045776367,0.7967,False
2650,CNR2,chai,cognate,80.10005690830056,89.65886402522331,81.80012607574463,0.7828,False
2651,CNR2,chai,cognate,80.30674466725513,89.69522522439172,82.11549949645996,0.7709,False
2652,CRHR1,boltz,apo,80.88495426407779,83.40852637039988,64.10299682617188,4.1903,True
2653,CRHR1,boltz,apo,82.89924581137048,87.79689507735402,72.80799865722656,4.1371,True
2654,CRHR1,boltz,apo,83.90066019081208,87.64642133210835,73.10600280761719,4.1415,True
2655,CRHR1,boltz,apo,83.60397354493658,86.65721130371094,70.87300109863281,4.0909,True
2656,CRHR1,boltz,apo,83.67500720656062,86.11947431062397,70.1969985961914,4.0832,True
2657,CRHR1,boltz,apo,83.07057105374624,86.93389491031044,70.927001953125,4.1114,True
2658,CRHR1,boltz,apo,81.94395670143955,84.56989529258327,68.33599853515625,3.8943,True
2659,CRHR1,boltz,apo,83.97947479615729,86.86689437063117,70.55500030517578,4.201,True
2660,CRHR1,boltz,apo,83.87728674095797,86.30094789203845,69.96199798583984,4.0998,True
2661,CRHR1,boltz,apo,83.09514465332032,86.9777378283049,68.66300201416016,4.1685,True
2662,CRHR1,boltz,apo,83.05082404814571,86.25910508005242,68.45600128173828,4.1981,True
2663,CRHR1,boltz,apo,80.75052757722786,86.1875269036544,69.41300201416016,4.2447,True
2664,CRHR1,boltz,apo,83.75873488460678,86.6571582994963,69.93800354003906,4.1422,True
2665,CRHR1,boltz,apo,83.63377111044275,86.99784288908306,71.26499938964844,4.2097,True
2666,CRHR1,boltz,apo,83.18050117033074,87.25115806178043,70.18800354003906,4.2185,True
2667,CRHR1,boltz,apo,82.86647711144873,87.1656309428968,71.26799774169922,4.1567,True
2668,CRHR1,boltz,apo,82.6275761156197,86.64047441984478,71.35399627685547,4.1068,True
2669,CRHR1,chai,apo,84.7138732077033,89.17660623925454,71.10772635719992,0.5174,True
2670,CRHR1,chai,apo,84.23227746643968,88.88277146154071,69.23663642189719,0.713,True
2671,CRHR1,chai,apo,84.69883065456132,89.19898732481526,70.89545405994762,0.5846,True
2672,CRHR1,chai,apo,84.70635732463998,89.22962897839521,70.87945417924361,0.5837,True
2673,CRHR1,chai,apo,84.58945983123202,89.11938038221423,69.96490825306286,0.714,True
2674,CRHR1,chai,apo,84.65233165307163,89.21478727390964,70.78399900956587,0.565,True
2675,CRHR1,chai,apo,84.72856987487864,89.41274530049056,71.1927278692072,0.6182,True
2676,CRHR1,chai,apo,84.59170292793212,89.2133971204951,70.45554490522905,0.6004,True
2677,CRHR1,chai,apo,84.67344142240265,89.36658833773811,70.48381736061789,0.585,True
2678,CRHR1,chai,apo,84.4150044139736,89.01490217243483,69.93072821877219,0.6619,True
2679,CRHR1,chai,apo,84.80441003633074,89.36068708691118,71.20699934525923,0.6275,True
2680,CRHR1,chai,apo,84.44226057850035,89.04531861478559,70.03136444091797,0.6886,True
2681,CRHR1,chai,apo,84.67559189813575,89.24882097452135,70.70009127530184,0.5445,True
2682,CRHR1,chai,apo,84.61220994868164,89.19245339304746,70.23681709983133,0.6654,True
2683,CRHR1,chai,apo,84.011325626812,88.71260638956585,69.01654468883167,0.6279,True
2684,CRHR1,chai,apo,84.64619932622712,89.24748048228265,70.7498172413219,0.5508,True
2685,CRHR1,chai,apo,84.7520427453875,89.20232354343243,71.7589999112216,0.6866,True
2686,CRHR1,chai,apo,84.64307500954332,89.23324372164161,70.8465461730957,0.5438,True
2687,CRHR1,chai,apo,84.60563673831871,89.22720628129854,70.77081819014116,0.6623,True
2688,CRHR1,chai,apo,84.53144273726996,89.09229895523,70.43818179043856,0.6359,True
2689,CRHR1,chai,apo,84.63503093049776,89.04473491947408,70.89209053733133,0.5932,True
2690,CRHR1,chai,apo,84.65402614020131,89.211894469016,71.18827264959162,0.5838,True
2691,CRHR1,chai,apo,84.73661917559608,89.36811661304895,71.48672797463156,0.6927,True
2692,CRHR1,protenix,apo,74.80393628867309,79.71590131797451,56.88142830984933,3.9156,True
2693,CRHR1,protenix,apo,75.17470861600025,80.06694426106694,59.17714255196707,3.9124,True
2694,CRHR1,protenix,apo,75.65272450375738,80.27212050778996,60.067142486572266,3.9735,True
2695,CRHR1,protenix,apo,75.60297320237791,80.23810558015613,59.95857184273856,3.863,True
2696,CRHR1,protenix,apo,74.44685083486392,79.40147494202171,55.53428595406668,3.9112,True
2697,CRHR1,protenix,apo,74.29080802098056,79.35320663325398,54.7985714503697,3.9456,True
2698,CRHR1,protenix,apo,74.40965686456943,79.3984414763301,55.487142835344585,4.0312,True
2699,CRHR1,protenix,apo,74.93654475962316,79.50379263222457,55.99000004359654,3.9605,True
2700,CRHR1,protenix,apo,75.33189745713322,79.84005491169509,58.10142844063895,3.9002,True
2701,CRHR1,protenix,apo,75.5904491821546,79.72898883916635,58.64428547450474,3.7622,True
2702,CRHR1,protenix,apo,74.89180469077311,79.32438098313986,56.10714340209961,3.8524,True
2703,CRHR1,protenix,apo,75.21215196827377,79.66212091544425,57.8985710144043,4.061,True
2704,CRHR1,protenix,apo,75.23975327080854,79.64393591771069,57.441429138183594,4.0131,True
2705,CRHR1,protenix,apo,74.62100886718129,79.29403596352795,55.3985710144043,3.9936,True
2706,CRHR1,protenix,apo,74.62639423671888,79.31456723598157,55.19428580147879,3.9998,True
2707,CRHR1,protenix,apo,74.92572992261576,79.28719284843183,55.69999967302595,3.9143,True
2708,CRHR1,protenix,apo,75.12914256056757,79.58400762270729,57.41714259556362,3.8965,True
2709,CRHR1,protenix,apo,75.67096829823748,79.73327443671225,59.15285764421736,3.7719,True
2710,CRHR1,protenix,apo,75.80992897331836,79.88242855984629,59.28571483067104,3.9616,True
2711,CRHR1,protenix,apo,74.75188238001232,79.61187601279242,56.07142857142857,4.0777,True
2712,CRHR1,protenix,apo,74.89189239699357,79.54728655504766,56.082856859479634,4.0415,True
2713,CRHR1,protenix,apo,74.78207798437042,79.53411344539207,55.937142508370535,3.9401,True
2714,CRHR1,protenix,apo,74.93503941731346,79.55892096997721,56.2999997820173,3.8818,True
2715,CRHR1,protenix,apo,74.89711205581399,79.68396534251579,57.24571446010045,4.0354,True
2716,CNR2,chai,cognate,79.96766427036393,89.40395600620286,81.8125,0.7884,False
2717,CRHR1,boltz,apo,84.01867946027274,87.5075787995991,73.5270004272461,4.0281,True
2718,CRHR1,boltz,apo,83.47654693787356,87.59457999781559,72.73500061035156,4.0621,True
2719,CRHR1,boltz,apo,82.81984097584184,86.53294733950966,68.697998046875,4.1559,True
2720,CNR2,chai,cognate,80.18211910485266,89.65132540050524,81.99625015258789,0.7608,False
2721,CNR2,chai,cognate,80.25803319726022,89.73086511892673,82.1572494506836,0.7686,False
2722,CNR2,chai,cognate,80.0958600603607,89.61662382724481,81.79837608337402,0.8426,False
2723,CNR2,chai,cognate,80.13529690176166,89.59626185792864,81.79224967956543,0.7541,False
2724,CRHR1,chai,apo,84.58157931058707,89.3151210962798,71.02808969671077,0.5806,True
2725,CRHR1,chai,apo,83.99718264170856,88.93466688061825,69.57590900767933,0.6866,True
2726,CNR2,chai,cognate,79.94996902209245,89.47503608005903,81.84812450408936,0.7789,False
2727,CRHR1,protenix,apo,74.76925336740841,79.73144338919523,56.79714257376535,3.9102,True
2728,CNR2,chai,cognate,80.23360075653525,89.71220753013313,82.17912578582764,0.7522,False
2729,CNR2,chai,cognate,80.22020278081462,89.67509547014774,81.93787384033203,0.823,False
2730,CNR2,chai,cognate,80.21149327804478,89.69647281192599,81.97412586212158,0.7667,False
2731,CNR2,chai,cognate,80.07784071490343,89.67176152262337,81.84575080871582,0.763,False
2732,CNR2,chai,cognate,79.9471660806767,89.52990495384515,81.7693738937378,0.7284,False
2733,CNR2,chai,cognate,80.02702512147182,89.6233802699217,81.92000007629395,0.7858,False
2734,CNR2,chai,cognate,80.17839046566421,89.63484081833909,81.93887424468994,0.7877,False
2735,CNR2,chai,cognate,80.26128705996877,89.6801275909721,82.01150035858154,0.7776,False
2736,CNR2,chai,cognate,80.0765429731275,89.60819116596535,81.92324924468994,0.7922,False
2737,CNR2,chai,cognate,79.833367429116,89.47654642266112,81.68499946594238,0.7423,False
2738,CNR2,chai,cognate,79.97592248594262,89.5333847422414,81.71962356567383,0.7519,False
2739,CNR2,chai,cognate,79.91366118158804,89.47475175370384,81.72724914550781,0.8106,False
2740,CNR2,chai,cognate,79.7871279710081,89.44965925811172,81.62500095367432,0.7981,False
2741,CNR2,chai,cognate,79.79861875921368,89.42448695451151,81.85025024414062,0.815,False
2742,CNR2,chai,cognate,79.95769036267647,89.47927752721878,81.83250045776367,0.7697,False
2743,CNR2,chai,cognate,79.87545610830917,89.39683271849826,81.85287570953369,0.8021,False
2744,CNR2,protenix,cognate,77.55601245807536,88.43950174207812,80.32624912261963,0.7646,False
2745,CNR2,protenix,cognate,77.3907753294606,88.43275872783744,80.35875034332275,0.7351,False
2746,CRHR1,boltz,apo,83.81759775920086,86.27115791722348,69.94100189208984,4.2005,True
2747,CNR2,protenix,cognate,77.41624892871445,88.14313878117184,79.28250026702881,0.8404,False
2748,CRHR1,boltz,cognate,84.97267952424934,92.21157836914062,76.83699798583984,0.7851,True
2749,CNR2,protenix,cognate,77.30722585222459,87.80961371285575,78.95750045776367,0.8042,False
2750,CNR2,protenix,cognate,76.97271901584787,87.76897454748938,78.65875148773193,0.8257,False
2751,CNR2,protenix,cognate,77.34909303569155,87.81414778007573,79.13375091552734,0.8028,False
2752,CNR2,protenix,cognate,77.34039470081913,87.79639311571657,79.11124992370605,0.7866,False
2753,CNR2,protenix,cognate,77.39902398674825,87.80254486286279,79.13249969482422,0.7986,False
2754,CNR2,protenix,cognate,76.8508395520695,88.46116259302411,79.01250076293945,0.7697,False
2755,CNR2,protenix,cognate,77.70869839140882,88.40113413546509,78.72249984741211,0.7743,False
2756,CNR2,protenix,cognate,77.51549388669251,88.41805094929485,78.94624996185303,0.7602,False
2757,CNR2,protenix,cognate,77.7304049629081,88.41815567198253,78.87374973297119,0.7852,False
2758,CNR2,protenix,cognate,77.74881456964441,88.41969809495009,78.96624946594238,0.7608,False
2759,CNR2,protenix,cognate,76.50533916974577,88.26845050910852,79.98999977111816,0.8034,False
2760,CNR2,protenix,cognate,76.87729903212319,88.26933320511988,80.13250064849854,0.7877,False
2761,CNR2,protenix,cognate,76.92455494239255,88.2402407474848,80.09625053405762,0.7626,False
2762,CNR2,protenix,cognate,77.21644729990541,88.23119748210493,79.83124923706055,0.7966,False
2763,CNR2,protenix,cognate,77.29244375498952,88.23715937065356,79.98375129699707,0.757,False
2764,CNR2,protenix,cognate,76.57636880905788,88.21635688496875,79.65875148773193,0.7793,False
2765,CNR2,protenix,cognate,77.1180882795258,88.18172517925115,79.5349988937378,0.7691,False
2766,CNR2,protenix,cognate,77.28473172473281,88.19979329939011,79.65374946594238,0.7782,False
2767,CNR2,protenix,cognate,77.33834360677346,88.39713091990647,80.07874870300293,0.7959,False
2768,CNR2,protenix,cognate,77.05389800887546,88.15289707332462,79.38000011444092,0.7895,False
2769,CNR2,protenix,cognate,76.89612397058491,88.45023565069422,80.41250038146973,0.7604,False
2770,CNR2,protenix,cognate,77.44028670735327,88.46478583364777,80.31875038146973,0.7795,False
2771,CRHR1,boltz,cognate,85.35834228331784,92.02815768593236,76.58999633789062,0.7216,True
2772,CRHR1,boltz,cognate,82.73193967888155,91.74373747173108,75.84600067138672,0.7165,True
2773,CRHR1,boltz,cognate,82.5377951104957,89.75531547947934,57.007999420166016,0.751,True
2774,CRHR1,boltz,cognate,83.67272284634141,92.09326332493832,77.49299621582031,0.8242,True
2775,CRHR1,boltz,cognate,83.69018551010683,91.86568410773026,75.69200134277344,0.7718,True
2776,CRHR1,boltz,cognate,82.97853503859187,90.65994744551809,74.70800018310547,0.8666,True
2777,CRHR1,boltz,cognate,82.55563873842539,90.70557925575658,69.43800354003906,0.8996,True
2778,CRHR1,boltz,cognate,81.99189409922404,89.36057964124177,55.749000549316406,1.0121,True
2779,CRHR1,boltz,cognate,82.86437837531767,91.49600018953022,74.7020034790039,0.7096,True
2780,CRHR1,boltz,cognate,82.44398084893284,88.83857847514905,58.19300079345703,0.6899,True
2781,CRHR1,boltz,cognate,83.48322902817324,90.6581059506065,67.44999694824219,0.8826,True
2782,CRHR1,boltz,cognate,83.00403601405132,91.0948422080592,70.57599639892578,0.7289,True
2783,CRHR1,boltz,cognate,83.57291562183794,91.28726316753186,72.04000091552734,0.8132,True
2784,CRHR1,boltz,cognate,82.67685784948877,90.56136924342104,68.9739990234375,0.7883,True
2785,CRHR1,boltz,cognate,83.23506283128118,89.91536873265316,69.10299682617188,0.8056,True
2786,CRHR1,boltz,cognate,84.6115999060941,91.69184152703536,75.83799743652344,0.8636,True
2787,CRHR1,boltz,cognate,83.13953487901803,90.37252606843649,72.33499908447266,0.7833,True
2788,CXCR2,boltz,apo,77.82514452404446,90.05609970092773,75.50399780273438,2.1802,False
2789,CXCR2,boltz,apo,77.53446933958266,90.05704956054687,77.697998046875,2.2443,False
2790,CXCR2,boltz,apo,78.8989943822225,90.84149894714356,75.93399810791016,2.1106,False
2791,CXCR2,boltz,apo,78.84454723993937,90.3752498626709,76.46199798583984,2.0605,False
2792,CXCR2,boltz,apo,78.56754713058471,90.30130081176758,75.4540023803711,2.0829,False
2793,CXCR2,boltz,apo,77.74410552978516,89.80819969177246,74.26599884033203,2.1136,False
2794,CXCR2,boltz,apo,77.47981648445129,90.0943992614746,75.2969970703125,2.316,False
2795,CXCR2,boltz,apo,80.27354711956448,92.11180000305175,79.12200164794922,2.3235,False
2796,CXCR2,boltz,apo,79.219155576494,90.91105041503906,76.29000091552734,2.1408,False
2797,CXCR2,boltz,apo,78.63685557047526,90.77209968566896,76.95800018310547,2.1692,False
2798,CXCR2,boltz,apo,78.01404452323914,90.53369979858398,75.72799682617188,2.1117,False
2799,CXCR2,boltz,apo,76.82896679772271,88.16995048522949,71.26399993896484,2.1237,False
2800,CRHR1,boltz,cognate,84.09793501704573,90.62789475290398,74.39600372314453,0.815,True
2801,CRHR1,boltz,cognate,82.73032282633953,91.2635791176244,72.80400085449219,0.7658,True
2802,CRHR1,chai,cognate,82.01731761680935,88.91142523488811,68.65581824562766,0.5499,True
2803,CRHR1,chai,cognate,81.68364379824565,88.52738686127952,67.7915451743386,0.5708,True
2804,CXCR2,boltz,apo,79.40153064727784,91.38500061035155,79.0,2.2088,False
2805,CXCR2,boltz,apo,78.4817666583591,91.26469993591309,78.6760025024414,2.1473,False
2806,CXCR2,boltz,apo,78.69219165378146,90.54450035095216,74.4020004272461,2.358,False
2807,CXCR2,boltz,apo,78.40345555941263,90.44384994506837,76.90799713134766,2.1372,False
2808,CXCR2,boltz,apo,78.01773609585233,90.62944984436037,77.14299774169922,2.2281,False
2809,CXCR2,boltz,apo,78.78763611051771,89.87454986572266,76.73500061035156,2.2128,False
2810,CXCR2,boltz,apo,78.15599453184339,90.60020027160644,76.47699737548828,2.1648,False
2811,CXCR2,boltz,apo,77.56678048769633,90.02044868469238,75.64399719238281,2.2553,False
2812,CXCR2,boltz,apo,77.00743624899123,88.83974990844726,74.81999969482422,2.1287,False
2813,CXCR2,boltz,apo,76.56165548960368,87.59420013427734,72.07499694824219,2.0961,False
2814,CXCR2,chai,apo,74.6915522586726,83.55766860005488,63.896999782986114,2.1139,False
2815,CXCR2,chai,apo,74.26566933520238,83.23662794104902,63.91377766927083,2.069,False
2816,CXCR2,chai,apo,74.60154841658166,83.49122626771143,63.85033416748047,2.3195,False
2817,CXCR2,chai,apo,74.44394745392182,83.48126463222641,63.635333167182075,2.0006,False
2818,CXCR2,chai,apo,74.70479352153683,83.61030664353143,63.99599965413412,2.0849,False
2819,CXCR2,chai,apo,74.15401490581749,83.39090663534223,63.979443868001304,2.0322,False
2820,CRHR1,chai,cognate,82.29219772222606,88.97244559796695,70.58000044389205,0.5038,True
2821,CRHR1,chai,cognate,81.93918464909595,88.6558027408548,67.81754684448242,0.4886,True
2822,CRHR1,chai,cognate,81.88084787412363,88.66643246702628,68.34481915560636,0.6571,True
2823,CRHR1,chai,cognate,81.71473589924031,88.54542766994611,68.02681801535867,0.6116,True
2824,CXCR2,chai,apo,74.58305463457482,83.56903270538406,63.86244413587782,1.9898,False
2825,CXCR2,chai,apo,74.59648102107312,83.54718961366156,64.04766633775499,1.9966,False
2826,CXCR2,chai,apo,74.44195700869052,83.5627084143062,63.991666581895615,2.2168,False
2827,CXCR2,chai,apo,74.7541470318531,84.14615217493727,65.10300064086914,1.8872,False
2828,CXCR2,chai,apo,74.75588598872466,83.56640820874796,64.28200022379558,2.0995,False
2829,CXCR2,chai,apo,74.67032121404597,83.5638548218533,63.78200022379557,2.1488,False
2830,CXCR2,chai,apo,74.33435113427863,83.53360570172728,64.2085558573405,2.0634,False
2831,CXCR2,chai,apo,74.64449616830281,83.5590872228851,64.03266694810655,2.0654,False
2832,CXCR2,chai,apo,74.03462360803431,83.18680539109145,64.27933332655165,2.0303,False
2833,CXCR2,chai,apo,74.84226707576252,83.78894711099488,64.31777742173936,2.1086,False
2834,CXCR2,chai,apo,74.57418060751093,83.63638158756933,63.98844528198242,1.9843,False
2835,CXCR2,chai,apo,74.87494884209543,83.87551587521772,64.40599950154622,2.0638,False
2836,CXCR2,chai,apo,74.64159400272315,83.54550800136329,64.19211027357314,2.0991,False
2837,CXCR2,chai,apo,74.61192535535865,83.53659922436032,64.0022218492296,1.9837,False
2838,CXCR2,chai,apo,74.45180262599348,83.42803851701481,63.93599955240885,2.025,False
2839,CXCR2,chai,apo,74.48164338753375,83.47633782174852,63.928222232394745,1.9981,False
2840,CXCR2,chai,apo,74.34259264669893,83.47483192653024,63.99833255343967,1.9721,False
2841,CXCR2,chai,apo,74.93632224672706,84.1629572672383,64.40822135077582,2.127,False
2842,CXCR2,chai,apo,74.85683067667956,83.87877514313482,63.94477674696181,1.9117,False
2843,CXCR2,protenix,apo,73.8180884478137,81.78902455483336,56.636666191948784,2.0221,False
2844,CXCR2,protenix,apo,73.72531024340962,81.74809958486156,56.466666327582466,2.041,False
2845,CXCR2,protenix,apo,73.73378788045876,81.77607682205382,56.53555552164713,2.105,False
2846,CXCR2,protenix,apo,73.63935308173201,81.82780416250573,56.15666622585721,2.1436,False
2847,CXCR2,protenix,apo,73.68726819913013,81.6217131462345,56.13333384195963,2.1473,False
2848,CXCR2,protenix,apo,73.64953643556319,81.52523424519433,53.78222190009223,2.1282,False
2849,CXCR2,protenix,apo,73.63444633202197,81.61491481384675,56.158888498942055,2.0848,False
2850,CXCR2,protenix,apo,73.47079230040451,81.79772572330926,55.77444500393338,1.9532,False
2851,CXCR2,protenix,apo,73.52595969312061,81.72442643829584,53.79000006781684,2.2957,False
2852,CXCR2,protenix,apo,73.65097797596896,81.81798497867446,55.95444446139865,2.0878,False
2853,CXCR2,protenix,apo,73.89639513785743,81.8553255918979,54.16888851589627,2.1237,False
2854,CXCR2,protenix,apo,73.73156082199881,81.65608225282998,56.33333248562283,2.0489,False
2855,CXCR2,protenix,apo,73.83806332780972,81.75250103934675,56.883333418104385,2.1666,False
2856,CRHR1,chai,cognate,81.99847697628198,88.6890392803952,68.15390881625089,0.5743,True
2857,CRHR1,chai,cognate,82.11794561827041,88.80395121966606,68.78690927678889,0.6734,True
2858,CRHR1,chai,cognate,82.36599837878477,88.86459335000639,68.845909465443,0.6191,True
2859,CRHR1,chai,cognate,82.31868400800182,88.84976387706209,68.46554600108753,0.6644,True
2860,CXCR2,protenix,apo,72.80597959841944,81.684717727657,53.96111043294271,2.1265,False
2861,CXCR2,protenix,apo,73.65153100178871,81.672291432005,53.84333292643229,2.1151,False
2862,CXCR2,protenix,apo,72.39697074492103,81.60874454337969,56.12666659884982,2.1669,False
2863,CXCR2,protenix,apo,73.48800007063781,81.68379149560806,56.51555506388346,2.1006,False
2864,CXCR2,protenix,apo,73.59510005574664,81.64682141458144,56.48666678534614,2.1884,False
2865,CXCR2,protenix,apo,73.71375945151416,81.62875564408682,56.47111087375217,2.1437,False
2866,CXCR2,protenix,apo,73.46811891237168,81.63747190225692,53.960000356038414,2.1639,False
2867,CXCR2,protenix,apo,72.69016260111142,81.67648261135619,55.783333248562286,2.027,False
2868,CXCR2,boltz,apo,78.71653596030342,90.83675003051758,75.62899780273438,2.0994,False
2869,CXCR2,boltz,apo,78.6871668073866,91.28215065002442,78.052001953125,2.2955,False
2870,CXCR2,protenix,apo,73.6062240699344,81.76807256049065,56.5011109246148,2.117,False
2871,CXCR2,protenix,apo,73.5073372190171,81.72918914310516,56.27000003390842,2.0886,False
2872,CRHR1,chai,cognate,82.14078685742375,88.78273909925066,68.41354474154386,0.56,True
2873,CRHR1,chai,cognate,81.82590721815049,88.67737756663796,66.98918255892667,0.5832,True
2874,CRHR1,chai,cognate,81.9237129257008,88.58488756520082,68.21336364746094,0.7236,True
2875,CRHR1,chai,cognate,82.0005121657365,88.79225954704896,68.55881777676669,0.5497,True
2876,CXCR2,protenix,apo,73.62381664757203,81.7223184636833,55.74555545383029,2.2481,False
2877,CXCR2,protenix,apo,73.51558734751596,81.60576748354609,53.934444427490234,2.1366,False
2878,CRHR1,protenix,cognate,74.64233820492744,84.19730228490127,61.74571446010045,0.952,True
2879,CRHR1,protenix,cognate,74.69407173043132,84.14380035535832,61.24000004359654,1.0762,True
2880,CRHR1,chai,cognate,81.88254924502834,88.708972818701,67.84272766113281,0.7207,True
2881,CRHR1,chai,cognate,82.25455581562358,88.7586917927608,68.98236326737837,0.7429,True
2882,CRHR1,chai,cognate,82.15324788520522,88.81401951437051,69.01699967817827,0.6091,True
2883,CXCR2,boltz,apo,78.27644447220696,90.61350059509276,76.1240005493164,2.0773,False
2884,CRHR1,chai,cognate,81.77034734265835,88.5233632744857,67.58063611117277,0.6512,True
2885,CRHR1,chai,cognate,82.08721249490503,88.65924829515046,67.9829996282404,0.5417,True
2886,CRHR1,chai,cognate,82.60835148987157,89.0114740147174,70.4017281965776,0.5696,True
2887,CRHR1,chai,cognate,82.10664656899475,88.72718352032946,68.1660007130016,0.46,True
2888,CRHR1,chai,cognate,82.32164492706963,88.75251829934354,68.61454530195756,0.7179,True
2889,CRHR1,chai,cognate,82.28746644130273,88.7519301075594,68.01909082586116,0.6037,True
2890,CRHR1,chai,cognate,81.86930825773558,88.68065351573266,67.86354550448331,0.5763,True
2891,CRHR1,chai,cognate,81.88429667925728,88.57317531194866,67.58572769165039,0.5269,True
2892,CRHR1,protenix,cognate,74.334289329262,83.95746185508143,61.31000028337751,1.0488,True
2893,CRHR1,protenix,cognate,74.3775126291998,83.97520811968623,61.222857339041575,0.9074,True
2894,CRHR1,protenix,cognate,74.26904082336131,84.0651087617443,60.91285705566406,0.983,True
2895,CRHR1,protenix,cognate,74.24781887143794,84.19359983671787,62.009091810746625,0.9921,True
2896,CRHR1,protenix,cognate,74.2570765012418,84.16003922007391,61.46142905099051,1.0328,True
2897,CRHR1,protenix,cognate,74.41175402185442,84.03084358658019,61.687142508370535,0.9211,True
2898,CRHR1,protenix,cognate,74.41807220214676,84.02382347702012,61.715714590890066,1.0614,True
2899,CRHR1,protenix,cognate,74.79253752112146,83.97431640642382,60.52571487426758,0.864,True
2900,CXCR2,boltz,cognate,78.7640861193339,92.83794975280762,80.98600006103516,1.2942,False
2901,CXCR2,boltz,cognate,78.57346679899427,93.21445045471192,83.45800018310547,1.0549,False
2902,CRHR1,protenix,cognate,74.1639035528048,84.14667041755678,61.58818158236417,0.8341,True
2903,CRHR1,protenix,cognate,74.28051832921228,84.10381664140827,61.169999258858816,0.9037,True
2904,CRHR1,protenix,cognate,74.6256291608088,84.53406685193018,61.39285659790039,1.04,True
2905,CRHR1,protenix,cognate,74.69487231074467,84.59933690731444,61.79571369716099,0.8542,True
2906,CRHR1,protenix,cognate,74.50412095746356,84.56497831501775,61.68142809186663,0.9814,True
2907,CRHR1,protenix,cognate,74.75522996396688,84.65727655603862,62.12285723005022,0.9785,True
2908,CRHR1,protenix,cognate,74.826735030515,84.6722700926893,62.17142922537668,0.9388,True
2909,CRHR1,protenix,cognate,74.6355642181077,84.64373495597778,62.29999923706055,1.0275,True
2910,CRHR1,protenix,cognate,74.73269177833012,84.60390376862155,61.540000915527344,0.9216,True
2911,CRHR1,protenix,cognate,74.79703862523192,84.5910686035023,61.56714194161551,0.9587,True
2912,CRHR1,protenix,cognate,74.7624503310945,84.64662501958833,62.23857116699219,0.9258,True
2913,CRHR1,protenix,cognate,74.71119592635256,84.62319617905541,62.04285703386579,0.9615,True
2914,CRHR1,protenix,cognate,74.58949582855108,84.14774698506024,61.77142933436802,0.9872,True
2915,CRHR1,protenix,cognate,74.6486538429642,84.1320690005101,61.30142865862165,0.9156,True
2916,CRHR1,protenix,cognate,74.65784909163429,84.14357828771985,61.81714194161551,1.0962,True
2917,CXCR2,boltz,cognate,77.19535827636719,91.13635025024412,78.60299682617188,1.0374,False
2918,CXCR2,boltz,cognate,76.87064447932774,90.99100036621094,78.50399780273438,1.1776,False
2919,CXCR2,boltz,cognate,77.05395555496216,90.41334991455078,76.66400146484375,0.9621,False
2920,CXCR2,boltz,cognate,77.56967221366034,91.31035079956057,78.2959976196289,1.0604,False
2921,CXCR2,boltz,cognate,77.6843027750651,91.69784965515136,80.552001953125,1.0566,False
2922,CXCR2,boltz,cognate,76.15403350194295,89.9807502746582,73.677001953125,1.0491,False
2923,CXCR2,boltz,cognate,76.63582205242581,90.42389945983886,75.41400146484375,1.1447,False
2924,CXCR2,boltz,cognate,77.72640558878581,91.21949996948244,78.19200134277344,1.0667,False
2925,CXCR2,boltz,cognate,76.55596663157145,89.90814971923828,74.11199951171875,1.0311,False
2926,CXCR2,boltz,cognate,79.03467760615878,93.16384925842286,81.5270004272461,1.1481,False
2927,CXCR2,boltz,cognate,76.96409433152941,90.93920021057129,77.58799743652344,1.1027,False
2928,CXCR2,boltz,cognate,80.038836256663,93.3635498046875,83.97599792480469,1.0436,False
2929,CXCR2,boltz,cognate,79.87264460457696,93.20339965820312,83.08599853515625,1.0802,False
2930,CXCR2,boltz,cognate,79.48180547290379,92.34634971618652,79.59200286865234,1.05,False
2931,CXCR2,boltz,cognate,77.68796113332112,91.41875038146972,79.89700317382812,1.1951,False
2932,CXCR2,boltz,cognate,77.40480005476209,90.79409942626953,74.66300201416016,0.9192,False
2933,CXCR2,boltz,cognate,75.78823063108656,90.30965080261232,74.6510009765625,1.1393,False
2934,CXCR2,boltz,cognate,76.45161674817403,90.35649948120115,76.28299713134766,1.1318,False
2935,CXCR2,boltz,cognate,78.9532361878289,92.8827003479004,81.09200286865234,1.1138,False
2936,CXCR2,chai,cognate,77.62132959387749,89.38204326141104,77.87718096646395,1.172,False
2937,CXCR4,boltz,apo,77.07936364954168,85.21939945220947,63.3390007019043,2.2945,False
2938,CXCR4,boltz,apo,76.60636643929915,85.12169952392578,60.02799987792969,2.2877,False
2939,CXCR4,boltz,apo,75.92938922752033,85.64970035552979,60.31399917602539,1.8965,False
2940,CXCR2,boltz,cognate,79.84926367865668,93.43815002441406,83.53500366210938,1.0819,False
2941,CXCR2,boltz,cognate,79.00267487631903,92.01479988098144,79.93000030517578,1.0186,False
2942,CXCR2,boltz,cognate,77.33659444914923,91.25220031738282,78.9260025024414,1.2484,False
2943,CXCR2,boltz,cognate,77.44371951950922,91.45205001831054,79.68199920654297,1.0946,False
2944,CXCR4,boltz,apo,76.14579836888747,84.79854946136474,61.23199844360352,1.9872,False
2945,CXCR4,boltz,apo,77.20620455525138,87.22504959106445,61.43299865722656,1.9237,False
2946,CXCR4,boltz,apo,76.46796015175906,84.5281499862671,61.11800003051758,1.8815,False
2947,CXCR4,boltz,apo,76.07034916769375,84.61519985198974,61.17100143432617,2.2951,False
2948,CXCR4,boltz,apo,74.873065254905,83.15599956512452,56.86800003051758,2.2951,False
2949,CXCR4,boltz,apo,74.19296885620464,82.10269966125489,58.23400115966797,2.4213,False
2950,CXCR4,boltz,apo,77.21476145224138,85.27250022888184,61.82500076293945,2.3011,False
2951,CXCR4,boltz,apo,76.96409939635883,85.56689929962158,59.577999114990234,2.2784,False
2952,CXCR4,boltz,apo,76.27790893749757,85.08889884948731,59.207000732421875,1.9165,False
2953,CXCR4,boltz,apo,75.913082214919,85.13759918212891,59.749000549316406,2.0595,False
2954,CXCR4,boltz,apo,75.68584644794464,85.03010063171386,56.025001525878906,2.7413,False
2955,CXCR4,boltz,apo,77.97646596214987,86.04065055847168,60.44100189208984,2.0458,False
2956,CXCR4,boltz,apo,77.39626415751196,86.06515007019043,57.61100006103515,1.9814,False
2957,CXCR4,boltz,apo,76.23314474929462,85.27429943084717,59.51800155639648,2.0389,False
2958,CXCR4,boltz,apo,75.95115046067671,84.41319942474365,59.26800155639648,2.0646,False
2959,CXCR4,boltz,apo,75.18798016959971,83.02439918518067,58.90599822998047,1.8642,False
2960,CXCR4,chai,apo,74.86056419333362,81.5119773873003,64.0931666692098,1.9101,False
2961,CXCR4,chai,apo,74.69502208365783,81.43253086524952,64.02933311462402,1.9276,False
2962,CXCR4,chai,apo,74.87305666680166,81.59592979590786,64.07983271280925,1.876,False
2963,CXCR4,chai,apo,74.67873945384143,81.50029267163849,63.86724980672201,2.0952,False
2964,CXCR4,chai,apo,74.55360213069504,81.18890683461748,61.66899941184304,1.9905,False
2965,CXCR4,chai,apo,74.69661926831431,81.50021115140655,63.669334411621094,2.0158,False
2966,CXCR4,chai,apo,74.55265297585842,81.36875007761505,63.63575013478597,2.0826,False
2967,CXCR4,chai,apo,74.77122461726296,81.4403447715407,63.887001037597656,1.8109,False
2968,CXCR4,chai,apo,74.71828352519334,81.3825005189337,63.90572738647461,1.9141,False
2969,CXCR4,chai,apo,74.79846869288339,81.52625597682695,63.79074923197428,1.9467,False
2970,CXCR4,chai,apo,74.69196126670697,81.54666475905657,64.31633345286052,1.9804,False
2971,CXCR4,chai,apo,74.67804236680789,81.36820649914927,62.54209102283824,1.9497,False
2972,CXCR2,chai,cognate,77.41170581341439,89.30138634544085,77.92172796075994,1.166,False
2973,CXCR2,chai,cognate,77.7181902588981,89.46407527096515,78.17436391657048,1.0614,False
2974,CXCR2,chai,cognate,77.63948896622169,89.50712834180692,78.30463686856356,1.1092,False
2975,CXCR2,chai,cognate,77.54551437334887,89.38328430814316,77.5384538823908,1.2082,False
2976,CXCR4,chai,apo,74.67621693792411,81.36910206401157,61.58863657171076,1.9638,False
2977,CXCR4,chai,apo,74.69458728572205,81.55916472307015,64.44141705830891,1.8441,False
2978,CXCR4,chai,apo,74.66704059292326,81.53567195069394,64.33024978637695,1.9448,False
2979,CXCR4,chai,apo,74.66340661560452,81.4016303654873,62.11991015347567,1.9044,False
2980,CXCR4,chai,apo,74.76413576737619,81.41739557033665,63.76941744486491,1.9162,False
2981,CXCR4,chai,apo,74.70276600389433,81.44709368605291,63.50366624196371,1.9214,False
2982,CXCR4,chai,apo,74.89118839112574,81.52877965461985,63.540249506632485,1.9197,False
2983,CXCR4,chai,apo,74.79689463676371,81.60430735681652,63.89116700490316,2.0035,False
2984,CXCR4,chai,apo,74.8507216085738,81.62310567046657,64.35555606418185,1.9157,False
2985,CXCR4,chai,apo,74.87308931674846,81.64290043650595,64.12650044759114,2.0328,False
2986,CXCR4,chai,apo,74.61240876620462,81.33669922169497,62.68445483121005,2.0987,False
2987,CXCR4,chai,apo,74.80213443059223,81.47608117988442,64.32575035095215,1.8915,False
2988,CXCR2,chai,cognate,77.71008444426074,89.4365900053572,77.96009133078836,1.1458,False
2989,CXCR4,boltz,apo,77.81852838126096,86.28070011138917,61.22800064086914,1.9372,False
2990,CXCR4,boltz,apo,76.98917031288147,85.2181495666504,61.82099914550781,1.9508,False
2991,CXCR4,boltz,apo,77.11261363462968,85.43910064697266,63.224998474121094,1.784,False
2992,CXCR4,chai,apo,74.81937573996703,81.54213694838047,64.25191720326741,1.9109,False
2993,CXCR4,protenix,apo,75.89892327015433,82.39517706496719,65.68181922219016,0.7729,False
2994,CXCR4,protenix,apo,76.02463143169685,82.41755675106683,65.5966665479872,0.7789,False
2995,CXCR4,protenix,apo,76.00981381618921,82.4223907775521,65.66555616590712,0.6651,False
2996,CXCR4,protenix,apo,75.94502689556572,82.11259980882917,63.732726703990586,1.7397,False
2997,CXCR4,protenix,apo,75.9538417543629,82.11763138716012,63.79909133911133,1.6268,False
2998,CXCR4,protenix,apo,76.15752778996692,81.83359327963078,62.79636279019442,1.6999,False
2999,CXCR4,protenix,apo,76.18984178922886,81.85552337441437,62.844545884565875,1.7279,False
3000,CXCR4,protenix,apo,76.24919192243144,81.90353202730374,61.367777506510414,1.7416,False
3001,CXCR4,protenix,apo,76.06741683779856,81.84317773437775,61.22777811686198,1.605,False
3002,CXCR4,protenix,apo,76.21855427083554,81.88200143625555,61.435554928249786,1.7035,False
3003,CXCR4,protenix,apo,76.23678186319131,81.92270597895501,61.67111036512587,1.7798,False
3004,CXCR4,protenix,apo,76.26633396596166,81.8413144737783,62.76909117265181,1.7843,False
3005,CXCR4,protenix,apo,76.27231514889488,81.81298213693142,62.76727225563743,1.6836,False
3006,CXCR4,protenix,apo,76.28288282526574,81.81489443620734,62.73999959772283,1.7108,False
3007,CXCR4,protenix,apo,76.16386370192663,81.89275219609038,61.52777777777778,1.7498,False
3008,CXCR4,protenix,apo,76.40204234662824,82.37682260524316,61.94000036066229,1.7461,False
3009,CXCR4,protenix,apo,76.27937832847091,82.34910091665745,61.88454541293058,1.7746,False
3010,CXCR4,protenix,apo,76.37895869274989,82.37395964852314,61.91909131136808,1.8183,False
3011,CXCR4,protenix,apo,76.33946761688027,82.34802560895726,61.923637043346055,1.7768,False
3012,CXCR4,protenix,apo,76.37146618506671,82.32581181622514,62.2181809165261,1.674,False
3013,CXCR4,protenix,apo,76.39806584199277,82.19193101335226,63.61363636363637,1.7506,False
3014,CXCR4,protenix,apo,76.50930890245543,82.18570295260926,63.64454512162642,1.7243,False
3015,CXCR4,protenix,apo,76.47352370023258,82.1896211394328,63.614544261585586,1.7672,False
3016,CXCR2,chai,cognate,77.57549821814418,89.38408035270064,77.88781876997514,1.1513,False
3017,CXCR2,chai,cognate,77.43115788696342,89.36598777208151,78.0573633367365,1.286,False
3018,CXCR2,chai,cognate,77.56171457596614,89.4300524891885,77.98381840098988,1.1495,False
3019,CXCR2,chai,cognate,77.4543872801761,89.31728014329468,78.20418132435192,1.1783,False
3020,CXCR2,chai,cognate,77.55495726390184,89.40926951583158,78.094182101163,1.1704,False
3021,CXCR2,chai,cognate,77.76797618138517,89.51909764419214,78.00572794133967,1.0876,False
3022,CXCR2,chai,cognate,77.65007246863638,89.45401465022374,77.64909050681375,1.2002,False
3023,CXCR2,chai,cognate,77.5721331742199,89.4029640408443,77.90800059925427,1.1828,False
3024,CXCR4,boltz,apo,77.6950711445375,87.32744903564453,64.4530029296875,2.0936,False
3025,CXCR2,chai,cognate,77.63540940225478,89.41770587850958,78.05627198652788,1.1114,False
3026,CXCR2,chai,cognate,77.6820758065039,89.49578456822239,78.08763538707386,1.1649,False
3027,CXCR2,chai,cognate,77.59207919870678,89.42551910864154,78.11163676868786,1.1305,False
3028,CXCR2,chai,cognate,77.64420755173623,89.47822574927864,78.2516361583363,1.0718,False
3029,CXCR2,chai,cognate,77.57370721165752,89.39623638850784,77.56100013039328,1.1157,False
3030,CXCR2,chai,cognate,77.6595749229553,89.4319454004307,77.66463609175248,1.1841,False
3031,CXCR2,chai,cognate,77.5996906179074,89.48885533603928,78.24936294555664,1.174,False
3032,CXCR2,chai,cognate,77.59545663954414,89.3559378492402,77.97336335615678,1.1295,False
3033,CXCR2,chai,cognate,77.67788236738245,89.44220284799134,78.01554523814808,1.116,False
3034,CXCR2,chai,cognate,77.64648990418831,89.40850225672922,77.69245459816672,1.1024,False
3035,CXCR2,chai,cognate,77.62975284950902,89.48917821114887,78.24300037730823,1.1892,False
3036,CXCR2,protenix,cognate,72.71167412483102,86.22788060989215,76.07500076293945,1.1711,False
3037,CXCR2,protenix,cognate,72.64316732531961,86.2201480393733,76.02874946594238,1.0084,False
3038,CXCR4,boltz,apo,77.55259107459675,87.02695007324219,64.56600189208984,1.9856,False
3039,CXCR4,boltz,apo,78.17305680838498,86.75180072784424,62.51900100708008,1.8857,False
3040,CXCR4,protenix,apo,76.4310526508336,82.16623111514302,63.611818140203304,1.7474,False
3041,CXCR4,boltz,cognate,80.47898564555429,91.8942497253418,82.22000122070312,1.1914,False
3042,CXCR4,boltz,cognate,77.04872448877855,90.27205085754396,77.95099639892578,1.3636,False
3043,CXCR2,protenix,cognate,73.48861456212487,87.78335508277749,79.18124961853027,0.8483,False
3044,CXCR2,protenix,cognate,73.13777007108357,86.5648016937333,77.61375141143799,0.965,False
3045,CXCR2,protenix,cognate,73.38913473286995,86.56589296313419,77.63375091552734,1.0491,False
3046,CXCR2,protenix,cognate,73.28164681769705,87.80703815820756,79.32375049591064,0.886,False
3047,CXCR4,protenix,apo,76.38044196229218,82.17008271334319,63.59727269952947,1.7546,False
3048,CXCR2,protenix,cognate,72.92543075827962,86.56962523359928,77.56249904632568,1.014,False
3049,CXCR2,protenix,cognate,73.23572429198188,86.56181464229655,77.54500007629395,0.9559,False
3050,CXCR2,protenix,cognate,73.07381855513512,86.56436191234066,77.5287504196167,0.9988,False
3051,CXCR2,protenix,cognate,73.36049040164438,86.57801966558459,77.50999927520752,1.0232,False
3052,CXCR2,protenix,cognate,73.13536191752577,86.5847203722179,77.5362491607666,1.0539,False
3053,CXCR2,protenix,cognate,72.36443943374792,86.5782823526154,77.11124992370605,1.0541,False
3054,CXCR2,protenix,cognate,72.4808796097337,86.5736904637363,77.57999992370605,0.983,False
3055,CXCR2,protenix,cognate,73.32086262935626,86.54161738991567,77.68500137329102,1.0492,False
3056,CXCR2,protenix,cognate,73.43027045652023,87.81050452008047,79.3499984741211,0.8585,False
3057,CXCR2,protenix,cognate,73.46376111022684,87.7941060537831,79.19874954223633,0.8644,False
3058,CXCR2,protenix,cognate,74.34839469385926,87.77067846881707,79.73874950408936,0.8543,False
3059,CXCR2,protenix,cognate,71.62645946510234,85.71113495084975,76.80749893188477,0.8867,False
3060,CXCR2,protenix,cognate,71.77099687048347,85.72706818233837,76.76749992370605,0.8262,False
3061,CXCR2,protenix,cognate,72.52261980838915,85.72477134052293,77.1312484741211,0.8938,False
3062,CXCR2,protenix,cognate,72.55214830268284,85.72176033373691,77.06124973297119,0.9127,False
3063,CXCR2,protenix,cognate,72.5612807235902,85.71415985595955,77.06749820709229,0.8445,False
3064,CXCR2,protenix,cognate,71.87941356930286,86.26844847747945,75.73624992370605,1.1935,False
3065,CXCR2,protenix,cognate,71.9218765397857,86.27633427413511,75.67374992370605,1.2205,False
3066,CXCR2,protenix,cognate,72.34385863055972,86.25981629317974,76.07375049591064,1.0963,False
3067,CXCR4,boltz,cognate,77.4466021440246,89.67729949951172,76.55400085449219,1.4725,False
3068,CXCR4,boltz,cognate,78.14176989143544,90.74260025024414,79.44200134277344,1.1909,False
3069,CXCR4,boltz,cognate,77.29100561683828,90.73359985351564,78.69599914550781,1.1857,False
3070,CXCR4,boltz,cognate,74.90315329486674,87.5806495666504,63.391998291015625,1.2535,False
3071,CXCR4,boltz,cognate,77.75476990504698,90.2907497406006,77.93000030517578,1.2342,False
3072,CXCR4,boltz,cognate,77.12827275016092,90.2145004272461,77.50399780273438,1.2067,False
3073,CXCR4,boltz,cognate,77.27738371762362,90.3880500793457,76.14700317382812,1.1866,False
3074,CXCR4,boltz,cognate,78.33754833178087,91.16245040893554,80.5770034790039,1.0523,False
3075,CXCR4,boltz,cognate,79.49713069742376,90.76279983520509,78.5469970703125,1.2978,False
3076,CXCR4,boltz,cognate,78.20072144811803,90.69555053710936,79.33399963378906,1.2447,False
3077,CXCR4,boltz,cognate,79.31394905935635,91.51715049743652,80.90299987792969,1.2071,False
3078,CXCR4,boltz,cognate,77.4784434708682,90.58299980163574,78.72799682617188,1.4348,False
3079,CXCR4,boltz,cognate,74.86478407274593,86.57120037078857,56.64699935913086,1.1909,False
3080,CXCR4,boltz,cognate,79.17815088142048,91.38535079956054,81.69100189208984,1.228,False
3081,CXCR4,boltz,cognate,78.17192337187853,91.37275047302246,81.19200134277344,1.0681,False
3082,CXCR4,boltz,cognate,78.27104269916362,91.01665000915528,80.07599639892578,1.1663,False
3083,CXCR4,boltz,cognate,78.03894337740812,90.34810066223145,76.88099670410156,1.1654,False
3084,DRD2,boltz,apo,69.61767721929614,90.7582508087158,72.08399963378906,2.1373,False
3085,DRD2,boltz,apo,68.67647393185722,89.0044994354248,68.91200256347656,2.149,False
3086,DRD2,boltz,apo,68.66123019061293,89.95579986572265,69.23100280761719,2.3829,False
3087,DRD2,boltz,apo,69.432950306154,90.51604957580568,71.03399658203125,2.2672,False
3088,CXCR4,boltz,cognate,76.56720742312345,88.69239959716796,65.6729965209961,1.184,False
3089,CXCR4,boltz,cognate,77.90118472142653,90.83875007629396,79.2300033569336,1.1986,False
3090,CXCR4,boltz,cognate,77.51556257768111,90.53285064697266,78.8479995727539,1.2055,False
3091,CXCR4,boltz,cognate,77.95364775440909,90.89555053710936,79.25499725341797,1.122,False
3092,CXCR4,boltz,cognate,77.1608949357813,90.9208999633789,79.51499938964844,1.2747,False
3093,CXCR4,boltz,cognate,77.15400574424051,89.84939994812012,75.63400268554688,1.2248,False
3094,CXCR4,chai,cognate,75.34985289921285,85.5380144310548,75.02244440714519,0.7069,False
3095,CXCR4,chai,cognate,75.32691014118157,85.62680977736028,75.63333384195964,0.7315,False
3096,DRD2,boltz,apo,71.49034305512232,91.55569953918456,72.33300018310547,2.1606,False
3097,DRD2,boltz,apo,69.77556437886327,90.39490051269532,68.98200225830078,2.3903,False
3098,DRD2,boltz,apo,69.57550345048409,89.86249961853028,68.70999908447266,2.1031,False
3099,DRD2,boltz,apo,70.06735886515666,90.47039985656738,70.2959976196289,2.2045,False
3100,DRD2,boltz,apo,68.11207222346528,90.22350006103515,69.78700256347656,2.3847,False
3101,DRD2,boltz,apo,67.62772014609308,89.59649925231933,67.84400177001953,2.1666,False
3102,DRD2,boltz,apo,70.473031657544,91.1914005279541,72.04499816894531,2.2093,False
3103,CXCR4,chai,cognate,75.30603314178475,85.6646728711727,74.91977776421442,0.7092,False
3104,CXCR4,chai,cognate,75.24305775857603,85.61087309897893,75.36044396294488,0.779,False
3105,CXCR4,chai,cognate,75.25710810469421,85.5109154406048,75.04766676161024,0.752,False
3106,CXCR4,chai,cognate,75.45227691880615,85.56797016172699,75.00555504692926,0.7419,False
3107,CXCR4,chai,cognate,75.24316160277648,85.4690674285696,75.22522226969402,0.8673,False
3108,DRD2,boltz,apo,69.89965245955146,90.8082504272461,71.39800262451172,2.1867,False
3109,DRD2,boltz,apo,69.9682685731496,91.4823989868164,72.18399810791016,2.1932,False
3110,DRD2,boltz,apo,69.61146492882722,90.12150039672852,68.96499633789062,2.4381,False
3111,DRD2,boltz,apo,68.90523921716832,90.5363998413086,69.97899627685547,2.2792,False
3112,DRD2,boltz,apo,68.2252030770881,90.63095016479492,69.072998046875,2.0898,False
3113,DRD2,boltz,apo,71.95961623697733,91.2732997894287,72.08499908447266,2.0873,False
3114,DRD2,boltz,apo,69.68367499530181,90.5015998840332,71.0459976196289,2.1731,False
3115,DRD2,chai,apo,70.71513695669329,86.67635864688549,72.80744467841254,2.0313,False
3116,DRD2,chai,apo,70.7157229275383,86.68349394846445,72.89966668023004,2.127,False
3117,DRD2,chai,apo,70.5484349141369,86.64823370722982,71.63575013478597,2.219,False
3118,DRD2,chai,apo,70.45660173139872,86.44998704963947,72.47433408101399,2.1228,False
3119,DRD2,boltz,apo,69.37869984301703,90.88415031433104,72.09500122070312,2.2433,False
3120,DRD2,boltz,apo,69.21859824307616,91.16285018920898,71.89600372314453,2.2823,False
3121,DRD2,boltz,apo,68.86245589762186,91.08889961242676,69.81800079345703,2.2098,False
3122,DRD2,chai,apo,70.56600698415446,86.53996658607306,72.27255545722113,2.0692,False
3123,DRD2,chai,apo,70.54418292567584,86.56376441113362,72.97022247314453,2.0687,False
3124,DRD2,chai,apo,70.46850282400786,86.36603451807262,72.35266653696696,2.1532,False
3125,DRD2,chai,apo,70.51118902953843,86.38258990532736,72.48811128404405,2.0771,False
3126,DRD2,chai,apo,70.43198545294702,86.25333850820687,72.19555579291449,2.1169,False
3127,DRD2,chai,apo,70.4198240594545,86.29831973918073,72.16122182210286,2.1286,False
3128,DRD2,chai,apo,70.55857933755026,86.57880152052786,72.80344348483615,2.0522,False
3129,DRD2,chai,apo,70.47364791274889,86.42719891267421,72.43177795410156,2.132,False
3130,DRD2,chai,apo,70.74281794442204,86.87502759806866,72.80116589864095,2.029,False
3131,DRD2,chai,apo,70.57003165069514,86.62453898626661,72.81700070699056,1.9821,False
3132,DRD2,chai,apo,70.43118342204323,86.39519518760031,71.40608374277751,1.9886,False
3133,DRD2,chai,apo,70.34944436178229,86.24872641941856,72.3165545993381,1.9721,False
3134,DRD2,chai,apo,70.5447760433341,86.6077732420587,72.48441664377849,2.1436,False
3135,DRD2,chai,apo,70.5315887081246,86.44243203420488,72.48258304595947,2.0014,False
3136,DRD2,chai,apo,70.59753561632611,86.94177746091569,73.35833390553792,2.1455,False
3137,DRD2,chai,apo,70.44389100978432,86.30056966063265,72.66022364298503,1.9606,False
3138,DRD2,chai,apo,70.54511227783489,86.50516361887495,72.54483318328857,1.9838,False
3139,DRD2,chai,apo,70.66073835580072,86.71860694912776,73.06611082288954,2.0468,False
3140,DRD2,chai,apo,70.68326077816775,86.62872761090595,72.40999984741211,2.083,False
3141,DRD2,chai,apo,70.69871449310662,86.63026600723488,72.66666709052191,2.0989,False
3142,DRD2,chai,apo,70.47768011159727,86.40285598677818,72.17466576894124,2.1204,False
3143,DRD2,protenix,apo,68.6073217014018,85.23727477673673,72.3699996254661,2.0689,False
3144,DRD2,protenix,apo,68.92709084010063,85.32963404469676,71.97908991033381,2.0245,False
3145,DRD2,protenix,apo,69.29801186856785,85.25715962570982,72.36727211692117,2.0824,False
3146,DRD2,protenix,apo,69.1888316862278,85.14834934663978,72.10888926188152,1.9524,False
3147,DRD2,protenix,apo,69.57896545739867,85.17595762848683,72.37444474962022,2.0693,False
3148,DRD2,protenix,apo,69.16831313461951,85.2872766764821,72.26111051771376,2.0395,False
3149,DRD2,protenix,apo,70.06534244092828,85.02050630024502,72.69636396928267,2.0555,False
3150,DRD2,protenix,apo,69.26989925808249,85.30407424420333,72.40363623879172,2.0574,False
3151,DRD2,protenix,apo,68.85383085833512,85.32852199232424,72.20181794600053,2.0595,False
3152,DRD2,protenix,apo,69.17220989064366,85.16815684915106,72.2100003560384,2.083,False
3153,DRD2,protenix,apo,69.23385789034413,85.17529457578755,72.14111116197374,2.0081,False
3154,DRD2,protenix,apo,70.02717257761245,84.98807001678114,72.77545408769087,2.0623,False
3155,DRD2,protenix,apo,70.20065445406085,84.9770085846019,72.75545467029919,2.053,False
3156,DRD2,protenix,apo,70.04732866269168,84.97274882009019,72.62909108942205,2.0464,False
3157,DRD2,protenix,apo,69.70449001060486,84.93783173457885,72.31545465642756,2.1613,False
3158,DRD2,protenix,apo,69.83288170769586,85.03942547253888,72.7181809165261,2.1632,False
3159,DRD2,protenix,apo,69.11411349898277,85.11684898470043,72.10454628684305,2.0116,False
3160,DRD2,protenix,apo,68.62803761444533,85.1418787222748,72.1663634560325,2.0743,False
3161,DRD2,protenix,apo,68.97381079027046,85.15300504239264,72.13545435125178,2.1314,False
3162,DRD2,protenix,apo,70.18908006905538,85.0308366455213,72.73727347634055,2.0404,False
3163,DRD2,protenix,apo,70.26715530112399,85.05245347948473,72.69454643943094,2.1008,False
3164,CXCR4,chai,cognate,75.50730845519548,85.78307615131527,75.58411068386502,0.6835,False
3165,CXCR4,chai,cognate,75.51158137507996,85.70643452703523,75.2489988538954,0.7612,False
3166,CXCR4,chai,cognate,75.30200857686708,85.61943361322257,75.66811074150934,0.8645,False
3167,CXCR4,chai,cognate,75.38414854639458,85.59571675469866,75.51488876342773,0.7214,False
3168,CXCR4,chai,cognate,75.34987779803888,85.56338773303561,75.15955479939778,0.7297,False
3169,CXCR4,chai,cognate,75.41018372009928,85.5761504929475,75.34655465020074,0.7729,False
3170,CXCR4,chai,cognate,75.5144946235853,85.77587800975486,75.38088904486762,0.7112,False
3171,CXCR4,chai,cognate,75.5537555815017,85.67526400161512,75.22188907199435,0.8163,False
3172,CXCR4,chai,cognate,75.37053226036173,85.60379485471596,75.05222023857965,0.729,False
3173,CXCR4,chai,cognate,75.33811442777211,85.5437028484427,74.99655617607965,0.7467,False
3174,CXCR4,chai,cognate,75.39532910795366,85.63022359226001,75.4966680738661,0.7809,False
3175,DRD2,boltz,apo,70.21110390002248,90.25185050964356,71.2229995727539,2.1394,False
3176,CXCR4,chai,cognate,75.4535244920946,85.67001347404195,75.25577841864691,0.7223,False
3177,CXCR4,chai,cognate,75.38791770114801,85.66429955673769,75.41877746582031,0.7909,False
3178,CXCR4,chai,cognate,75.39413682106293,85.67002713030035,75.42011049058702,0.6486,False
3179,CXCR4,chai,cognate,75.45279614388822,85.61403646173243,75.14533318413629,0.7609,False
3180,CXCR4,chai,cognate,75.46308219619374,85.64429504971139,75.23655573527019,0.7361,False
3181,CXCR4,chai,cognate,75.37438645636736,85.61365978074451,75.17077763875325,0.7789,False
3182,CXCR4,chai,cognate,75.40231632602902,85.65870113916384,74.90777842203777,0.7983,False
3183,DRD2,boltz,apo,68.69013772968783,90.72299995422364,70.58300018310547,2.2877,False
3184,DRD2,protenix,apo,70.29742529586713,85.04089620725762,72.73090986772017,2.0885,False
3185,DRD2,protenix,apo,70.14463023641255,85.1777551569808,72.69727221402255,2.0925,False
3186,CXCR4,protenix,cognate,75.8793306550395,86.85610376402069,78.67222256130643,0.6644,False
3187,CXCR4,protenix,cognate,75.8296281964611,86.84268582551854,78.59666697184245,0.6352,False
3188,DRD2,boltz,apo,70.81218290651894,89.75734939575196,70.19200134277344,2.1494,False
3189,DRD2,boltz,apo,68.88678333291082,89.83185043334962,70.67400360107422,2.3234,False
3190,CXCR4,protenix,cognate,75.53866578512294,87.48272460274194,78.9966663784451,0.6928,False
3191,CXCR4,protenix,cognate,76.15679480270124,87.4440110707524,78.83666695488824,0.6417,False
3192,CXCR4,protenix,cognate,75.14477307199553,86.7589494632264,78.6055556403266,0.6227,False
3193,DRD2,protenix,apo,68.74854416560194,85.14672626785043,72.03818269209428,2.0369,False
3194,DRD2,protenix,apo,69.1494959473197,85.16735981890305,72.1545455239036,2.0374,False
3195,DRD2,boltz,cognate,68.57037921414687,92.13194961547852,72.44400024414062,1.332,False
3196,CXCR4,protenix,cognate,76.30367496482629,87.4349900114932,78.85111236572266,0.7055,False
3197,CXCR4,protenix,cognate,76.31040820122375,87.41899036941417,78.8888897365994,0.7634,False
3198,CXCR4,protenix,cognate,76.2036235429281,87.41078457722244,78.81555684407552,0.6631,False
3199,CXCR4,protenix,cognate,75.8592757719103,86.69485140665614,78.77222145928278,0.6318,False
3200,CXCR4,protenix,cognate,75.72686585966454,86.70475150620265,78.62555525037978,0.6817,False
3201,CXCR4,protenix,cognate,75.87912577649755,86.70706419972286,78.64777755737305,0.7655,False
3202,CXCR4,protenix,cognate,75.85475387826774,86.6923111077511,78.65111117892795,0.6686,False
3203,CXCR4,protenix,cognate,75.81126468461532,86.67764316279478,78.66666836208768,0.6788,False
3204,DRD2,boltz,cognate,69.09211738276427,91.92625007629394,71.66600036621094,1.3631,False
3205,CXCR4,protenix,cognate,75.79435063668879,86.71651654484296,78.38222206963434,0.7052,False
3206,CXCR4,protenix,cognate,75.7956145234751,86.6909526258664,78.29333368937175,0.7013,False
3207,CXCR4,protenix,cognate,75.76672764348417,86.68148620269689,78.37111155192058,0.6549,False
3208,CXCR4,protenix,cognate,75.81278755986854,86.69975038930278,78.41111034817166,0.6804,False
3209,CXCR4,protenix,cognate,75.48900273913954,86.82281238334348,78.62444474962022,0.7066,False
3210,CXCR4,protenix,cognate,75.61816219284506,86.78399755242582,78.53111097547743,0.6582,False
3211,CXCR4,protenix,cognate,75.78676887461478,86.80053459245923,78.59444385104709,0.6707,False
3212,CXCR4,protenix,cognate,75.82081703886998,86.78558743767238,78.6011119418674,0.6828,False
3213,CXCR4,protenix,cognate,75.8524532304299,86.812781181996,78.68777847290039,0.6105,False
3214,CXCR4,protenix,cognate,75.85156305154587,86.88168070877097,78.66777759128146,0.6578,False
3215,CXCR4,protenix,cognate,75.69402194924903,86.85854689582945,78.70555623372395,0.7387,False
3216,CXCR4,protenix,cognate,75.88373580284042,86.8491685539785,78.60888799031575,0.6745,False
3217,DRD2,boltz,cognate,68.21200909840603,92.14300079345703,70.7760009765625,1.1796,False
3218,DRD2,boltz,cognate,67.70368173052441,91.46570091247558,71.947998046875,1.1984,False
3219,DRD2,boltz,cognate,67.51558925551163,92.08969917297364,73.52999877929688,1.4082,False
3220,DRD2,boltz,cognate,69.75323925922471,92.2911003112793,71.53299713134766,1.1354,False
3221,DRD2,boltz,cognate,67.03281025854244,91.37419929504397,71.34400177001953,1.1874,False
3222,DRD2,boltz,cognate,67.65439731864844,91.54739952087402,70.91999816894531,1.0147,False
3223,DRD2,boltz,cognate,68.26252827525946,91.86135025024414,71.9800033569336,0.7811,False
3224,DRD2,boltz,cognate,67.95785336031602,92.06860008239748,73.5989990234375,0.8108,False
3225,DRD2,boltz,cognate,67.12778544372145,91.25074996948244,71.4229965209961,1.2612,False
3226,DRD2,boltz,cognate,67.74511510793027,91.49309959411622,71.35299682617188,1.1462,False
3227,DRD2,boltz,cognate,67.4655665662434,91.17685012817384,71.06600189208984,1.1993,False
3228,DRD2,boltz,cognate,67.05097520539776,91.027250289917,70.4000015258789,1.1523,False
3229,DRD2,boltz,cognate,68.36132732417191,91.76435012817385,74.34600067138672,1.2096,False
3230,DRD2,boltz,cognate,68.49462768778575,91.89974937438964,73.87999725341797,1.4189,False
3231,DRD2,boltz,cognate,68.77276521773155,92.16505012512206,73.57099914550781,1.3709,False
3232,DRD2,boltz,cognate,67.85414002119283,91.6434497833252,72.65299987792969,1.1128,False
3233,DRD2,boltz,cognate,67.50369539971277,91.46140060424804,68.54199981689453,1.2975,False
3234,DRD2,boltz,cognate,67.0353883007041,91.0979503631592,66.71399688720703,1.1185,False
3235,DRD2,boltz,cognate,67.68821433435444,91.8124496459961,71.69999694824219,1.3522,False
3236,DRD3,boltz,apo,79.25821264266968,94.2338493347168,85.45500183105469,,True
3237,DRD3,boltz,apo,78.45256509780884,94.44384994506837,85.83799743652344,,True
3238,DRD3,boltz,apo,78.39449743270875,94.33645057678224,85.42500305175781,,True
3239,DRD3,boltz,apo,78.56766263008117,94.47320137023924,85.572998046875,,True
3240,DRD3,boltz,apo,76.11679002285004,93.57124977111816,83.93599700927734,,True
3241,DRD3,boltz,apo,80.8620024394989,94.77094955444336,86.70099639892578,,True
3242,DRD3,boltz,apo,78.53662744522094,94.06820030212404,83.197998046875,,True
3243,DRD3,boltz,apo,77.72602487564087,94.2049991607666,84.12899780273438,,True
3244,DRD3,boltz,apo,77.33343020439148,94.1802001953125,84.69300079345703,,True
3245,DRD3,boltz,apo,77.78332991600037,93.96774978637696,83.65899658203125,,True
3246,DRD3,boltz,apo,79.50357003211975,94.4484001159668,85.75,,True
3247,DRD3,boltz,apo,78.47045001983642,94.31069946289062,84.83899688720703,,True
3248,DRD3,boltz,apo,77.97080008506775,94.20285034179688,84.50800323486328,,True
3249,DRD3,boltz,apo,77.39134757995606,93.729349899292,85.46900177001953,,True
3250,DRD3,boltz,apo,76.47329745292663,93.13379974365236,83.93000030517578,,True
3251,DRD3,boltz,apo,78.54497495651245,94.13955001831054,85.10399627685547,,True
3252,DRD2,boltz,cognate,67.65700450061945,91.63815002441406,71.7040023803711,1.2481,False
3253,DRD2,boltz,cognate,67.15350782252327,91.46279983520508,72.19100189208984,0.9873,False
3254,DRD2,boltz,cognate,67.99402238230135,92.16319999694824,74.88500213623047,1.0269,False
3255,DRD2,boltz,cognate,66.99220099352283,91.2360008239746,72.01599884033203,1.3113,False
3256,DRD2,chai,cognate,68.57479970344137,85.59593016540505,68.44354525479403,1.0312,False
3257,DRD3,boltz,apo,78.14650259017944,94.38605041503908,85.4990005493164,,True
3258,DRD3,boltz,apo,77.00530992031098,93.99785079956057,84.83100128173828,,True
3259,DRD3,boltz,apo,77.03785744667053,94.2307502746582,83.73999786376953,,True
3260,DRD3,chai,apo,73.47021410195136,85.37175144103355,66.88800048828125,,True
3261,DRD3,chai,apo,73.4787172999893,85.36312709597799,66.61488893296983,,True
3262,DRD3,chai,apo,73.46200514546858,85.23048702731276,66.71544520060222,,True
3263,DRD3,chai,apo,73.55255794621425,85.35970731476513,66.56688986884222,,True
3264,DRD3,chai,apo,73.46011577709103,85.25233962945263,66.55533430311415,,True
3265,DRD3,chai,apo,73.27052647269718,85.09096234839026,66.08833355373807,,True
3266,DRD3,chai,apo,73.30332812141427,85.11128513541229,66.67133373684354,,True
3267,DRD3,chai,apo,73.15634300578965,84.97088108915959,66.29666646321614,,True
3268,DRD3,chai,apo,73.28537416744577,85.12638307058106,66.4111099243164,,True
3269,DRD3,chai,apo,73.28940848082966,85.1447436506098,65.98722330729167,,True
3270,DRD3,chai,apo,73.42835422575767,85.23756185740791,66.7454439798991,,True
3271,DRD3,chai,apo,73.44762397095273,85.25856202044358,66.81911129421658,,True
3272,DRD3,chai,apo,73.42971113085592,85.31518104664693,66.91188939412434,,True
3273,DRD3,chai,apo,73.49720163969698,85.32437074779604,66.57322184244792,,True
3274,DRD3,chai,apo,73.36930578286858,85.1866514523136,66.95711178249783,,True
3275,DRD3,chai,apo,73.47085328012301,85.34096508597227,66.7771110534668,,True
3276,DRD3,chai,apo,73.4523297827648,85.29522981478537,66.52888912624783,,True
3277,DRD3,chai,apo,73.40023585357261,85.19425400765599,66.3893330891927,,True
3278,DRD3,chai,apo,73.38489971582388,85.20520660529749,66.56611167060004,,True
3279,DRD3,chai,apo,73.43675866809517,85.27922436981144,66.57866583930121,,True
3280,DRD3,chai,apo,73.52461107010639,85.34644252177097,66.77888997395833,,True
3281,DRD3,chai,apo,73.55741706783104,85.36619148330082,67.02622265285916,,True
3282,DRD3,chai,apo,73.56484331353006,85.37371053908983,66.60833273993597,,True
3283,DRD3,chai,apo,73.39613759955924,85.07517425769679,66.65388955010309,,True
3284,DRD3,chai,apo,73.50443863776752,85.28995683698943,66.70022243923611,,True
3285,DRD3,protenix,apo,71.49460859514349,84.96217021295345,71.93444569905598,,True
3286,DRD3,protenix,apo,71.85837215111903,84.9522542665187,71.74888949924045,,True
3287,DRD3,protenix,apo,71.80633689060528,84.98163433556606,71.73111131456163,,True
3288,DRD2,chai,cognate,68.7054028029111,85.81315202857508,68.14700063069661,1.2738,False
3289,DRD2,chai,cognate,68.52162928245106,85.6443178733534,67.2999996609158,1.3963,False
3290,DRD2,chai,cognate,68.72968935878595,85.75966709606232,68.76700041029189,1.343,False
3291,DRD2,chai,cognate,68.74330036443382,85.78526517281801,68.35022226969402,1.3351,False
3292,DRD3,protenix,apo,71.915554552595,84.96410545002331,71.52777777777777,,True
3293,DRD3,protenix,apo,71.91436082849461,85.0043156109159,71.6933330959744,,True
3294,DRD3,protenix,apo,72.09692810541365,85.86029953502474,73.54555553860135,,True
3295,DRD3,protenix,apo,71.96149789122207,85.87172602636988,73.67444483439128,,True
3296,DRD2,chai,cognate,68.70851445206198,85.6146943421935,68.27722210354275,1.2557,False
3297,DRD2,chai,cognate,68.6256310824529,85.79677886102796,69.13209082863547,0.962,False
3298,DRD2,chai,cognate,68.4350229090016,85.47809584419448,68.85477828979492,0.9683,False
3299,DRD2,chai,cognate,68.65476666466486,85.70533861219452,68.67044364081488,1.2953,False
3300,DRD3,protenix,apo,72.88046935344585,85.38170672894213,72.04444461398654,,True
3301,DRD3,protenix,apo,73.09391294752191,85.45566296494884,72.02000003390842,,True
3302,DRD3,protenix,apo,73.20165489125561,85.44154245505946,71.9400011698405,,True
3303,DRD3,protenix,apo,73.20247229729449,85.4383210748477,71.86444515652127,,True
3304,DRD3,protenix,apo,71.89899329701561,85.80375547567317,73.39555528428819,,True
3305,DRD3,protenix,apo,71.99390188367026,85.86733685798974,73.58555645412869,,True
3306,DRD3,protenix,apo,72.38804627105478,85.94140802317368,73.51000044080946,,True
3307,DRD3,protenix,apo,72.82579921425713,85.37864532057857,72.20666715833876,,True
3308,DRD3,protenix,apo,72.22054208173691,85.46481000238339,72.3111106024848,,True
3309,DRD3,protenix,apo,71.82177411810162,85.56732561743105,73.37555482652452,,True
3310,DRD3,protenix,apo,71.83800523581236,85.62290709159763,73.53000005086263,,True
3311,DRD3,protenix,apo,71.85586743614684,85.61184305312142,73.60888968573676,,True
3312,DRD3,protenix,apo,71.79343301497083,85.32181761818703,72.1922230190701,,True
3313,DRD3,protenix,apo,71.89325638431028,85.35948286951019,72.27444415622287,,True
3314,DRD3,protenix,apo,71.93673237711216,85.38209990705073,72.3999998304579,,True
3315,DRD3,protenix,apo,71.75054957562557,85.337777358973,72.38888846503363,,True
3316,DRD2,chai,cognate,68.63287693209124,85.34246367850861,67.66533279418945,1.231,False
3317,DRD3,boltz,apo,77.93021993637085,94.24009971618652,86.54399871826172,,True
3318,DRD3,boltz,apo,77.3097600364685,93.34549980163574,84.87799835205078,,True
3319,DRD3,boltz,apo,77.19233507633209,94.03889999389648,84.45999908447266,,True
3320,DRD2,chai,cognate,68.75476190910113,85.64302038733578,67.8838882446289,1.3894,False
3321,DRD2,chai,cognate,68.71275982740586,85.79830160505671,68.64977815416124,1.2843,False
3322,DRD2,chai,cognate,68.47593541107332,85.36126028662292,68.50322172376845,1.2573,False
3323,DRD2,chai,cognate,68.61029006685672,85.68170801750338,68.34888882107205,1.2737,False
3324,DRD2,chai,cognate,68.58869681980636,85.81295356984434,68.71033308241103,1.0898,False
3325,DRD2,chai,cognate,68.72785981151283,85.87153344931886,67.79388851589627,1.3242,False
3326,DRD2,chai,cognate,68.64886668474833,85.68625111958337,67.74088880750868,1.3693,False
3327,DRD2,chai,cognate,68.70910857131265,85.6924807891185,68.02111053466797,1.2624,False
3328,DRD2,chai,cognate,68.68060635604995,85.73502848881147,68.5545539855957,1.2023,False
3329,DRD2,chai,cognate,68.62847643799769,85.61351469461019,67.97822189331055,1.2604,False
3330,DRD2,chai,cognate,68.56852888098163,85.72008116874859,68.88155619303386,1.263,False
3331,DRD2,chai,cognate,68.36342448934079,85.72371702022195,68.71444363064236,0.9685,False
3332,DRD2,protenix,cognate,62.743320444697986,82.80149068147762,68.82555601331923,1.0196,False
3333,DRD2,protenix,cognate,62.60794899877719,82.70891484674092,68.61272638494319,1.0939,False
3334,DRD3,boltz,apo,79.3043425655365,94.20649948120118,84.51300048828125,,True
3335,DRD3,boltz,apo,77.37881242752076,94.106449508667,82.43399810791016,,True
3336,DRD3,boltz,apo,78.11797992706299,94.63605003356932,85.24600219726562,,True
3337,DRD2,chai,cognate,68.54596148505742,85.22619719704853,66.67299948798285,1.2538,False
3338,DRD2,chai,cognate,68.60406840465568,85.433853469989,68.0258182178844,0.9048,False
3339,DRD2,chai,cognate,68.46740607082506,85.71470196697791,68.48677783542209,1.0461,False
3340,DRD2,protenix,cognate,63.33105914205797,82.90208815492765,69.30666563245985,1.0564,False
3341,DRD2,protenix,cognate,63.16253466668113,83.34213388389324,68.41111119588216,1.0559,False
3342,DRD2,protenix,cognate,63.09643992976023,83.31524446161967,68.13000064425998,1.0662,False
3343,DRD3,protenix,apo,71.91235870712832,85.60487534294569,73.61444515652127,,True
3344,DRD3,protenix,apo,71.9500967053089,85.63114324448601,73.6533334520128,,True
3345,DRD3,boltz,cognate,78.17200757026673,93.5060001373291,80.06300354003906,,True
3346,DRD3,boltz,cognate,77.93163767814636,93.87460021972656,79.64800262451172,,True
3347,DRD2,protenix,cognate,63.16739288974544,83.30035980243187,68.18666712443034,1.0357,False
3348,DRD2,protenix,cognate,63.58961144486766,82.83833706413341,69.32222281561957,1.0508,False
3349,DRD2,protenix,cognate,63.13850927154031,82.86887648532229,69.35444429185655,1.0248,False
3350,DRD2,protenix,cognate,63.087901389462274,82.86166713082945,69.37999979654948,1.0286,False
3351,DRD2,protenix,cognate,63.14711999957585,82.85619917996173,69.3466665479872,1.0654,False
3352,DRD2,protenix,cognate,63.17763758792073,83.32669394177962,68.2866677178277,0.9834,False
3353,DRD2,protenix,cognate,63.15723668650685,83.31579155068721,68.24999915228949,1.0408,False
3354,DRD2,protenix,cognate,63.25254033378338,83.54149211488588,69.28272767500444,1.0953,False
3355,DRD2,protenix,cognate,63.318331116282806,83.5350879412881,69.35727240822531,1.0648,False
3356,DRD2,protenix,cognate,63.39472850107318,83.55975124536656,69.35545453158292,1.0802,False
3357,DRD2,protenix,cognate,63.788116464715394,83.52622940791461,69.30000027743253,1.0002,False
3358,DRD2,protenix,cognate,63.53617698958059,83.52743246871843,69.15181801535867,1.1243,False
3359,DRD2,protenix,cognate,63.22002561717463,82.4688634140667,68.81666692097981,1.0628,False
3360,DRD2,protenix,cognate,63.02581716790824,82.38180150404294,68.71333397759332,1.0128,False
3361,DRD2,protenix,cognate,63.36866527281058,82.39520462347144,68.67777803209093,1.0326,False
3362,DRD2,protenix,cognate,63.25549397703429,82.4170025634215,68.69111209445529,1.0755,False
3363,DRD2,protenix,cognate,63.25038652269925,82.437836030861,68.7444445292155,1.0681,False
3364,DRD3,boltz,cognate,75.92220749855042,94.14744987487794,82.06099700927734,,True
3365,DRD3,boltz,cognate,75.1312850856781,93.1961498260498,78.38099670410156,,True
3366,DRD3,boltz,cognate,78.89832231998443,94.29794998168946,80.93800354003906,,True
3367,DRD3,boltz,cognate,76.46974505901336,92.625199508667,76.99400329589844,,True
3368,DRD2,protenix,cognate,62.74308484886023,82.80968743192857,68.9444448682997,1.0643,False
3369,DRD2,protenix,cognate,62.816862005159656,82.80593786790084,68.92555533515082,1.099,False
3370,DRD2,protenix,cognate,63.36862599305491,82.76111360267127,68.8433329264323,1.1058,False
3371,DRD3,boltz,cognate,77.49282990455627,93.0016990661621,75.0,,True
3372,DRD3,boltz,cognate,76.37441251277923,93.10679931640624,80.63300323486328,,True
3373,DRD3,boltz,cognate,76.71382234096527,94.4447494506836,84.33599853515625,,True
3374,DRD3,boltz,cognate,76.21015247344971,91.81334953308104,73.3010025024414,,True
3375,DRD3,boltz,cognate,79.78007484436036,94.54409942626953,81.62899780273438,,True
3376,DRD3,boltz,cognate,75.48760508060455,93.41404914855956,80.1709976196289,,True
3377,DRD3,boltz,cognate,77.45365254878998,93.34754943847656,75.0009994506836,,True
3378,DRD3,boltz,cognate,75.51967490673066,92.78144989013671,75.38899993896484,,True
3379,DRD3,boltz,cognate,76.95335992336273,93.65614891052246,81.68699645996094,,True
3380,DRD3,boltz,cognate,77.32106736660003,94.09990005493164,80.11100006103516,,True
3381,DRD3,boltz,cognate,77.04090999603271,93.6827003479004,79.96600341796875,,True
3382,DRD3,boltz,cognate,77.45031252384186,93.6962993621826,78.2969970703125,,True
3383,DRD3,boltz,cognate,74.93895503520966,93.0359001159668,77.1050033569336,,True
3384,EDNRA,boltz,apo,69.49025308220392,82.2229995727539,67.96800231933594,,True
3385,EDNRA,boltz,apo,69.79533721691551,85.96285018920898,72.66300201416016,,True
3386,EDNRA,boltz,apo,71.53213343743138,86.25255012512207,73.21299743652344,,True
3387,EDNRA,boltz,apo,71.62979625818042,86.10859985351563,73.02300262451172,,True
3388,EDNRA,boltz,apo,71.23775646558131,85.9100498199463,74.65499877929688,,True
3389,EDNRA,boltz,apo,70.27284800420043,83.78180084228515,70.41300201416016,,True
3390,EDNRA,boltz,apo,70.78613592590047,85.03474960327148,71.5479965209961,,True
3391,EDNRA,boltz,apo,72.25974949070665,85.7471996307373,69.24299621582031,,True
3392,EDNRA,boltz,apo,72.13870958868738,86.2466495513916,71.60099792480469,,True
3393,EDNRA,boltz,apo,70.71911238283965,83.31030006408692,67.83699798583984,,True
3394,EDNRA,boltz,apo,69.75926946421139,84.91585006713868,71.37699890136719,,True
3395,EDNRA,boltz,apo,69.37515444163695,84.80365028381348,70.72200012207031,,True
3396,EDNRA,boltz,apo,72.78288998927668,87.18329963684081,73.51799774169922,,True
3397,EDNRA,boltz,apo,70.76553170519077,84.98019981384277,69.87699890136719,,True
3398,EDNRA,boltz,apo,70.63268134856392,85.13144912719727,68.66000366210938,,True
3399,EDNRA,boltz,apo,70.08311233252496,82.75045013427734,67.86499786376953,,True
3400,DRD3,boltz,cognate,74.66987752914429,92.54434967041016,72.78900146484375,,True
3401,DRD3,boltz,cognate,78.90844993591308,94.44169960021972,83.3740005493164,,True
3402,DRD3,boltz,cognate,78.63394495010375,94.1245491027832,78.77999877929688,,True
3403,DRD3,boltz,cognate,77.26650506496429,92.88685035705566,73.05899810791016,,True
3404,DRD3,boltz,cognate,78.66013747692108,93.80165023803713,76.3030014038086,,True
3405,DRD3,boltz,cognate,75.36514268875122,93.54784965515135,79.78299713134766,,True
3406,DRD3,chai,cognate,72.99519951577672,87.40347958794575,71.02966562906902,,True
3407,DRD3,chai,cognate,72.76938105493552,87.15479255238651,70.58477783203125,,True
3408,EDNRA,boltz,apo,70.58363001017158,85.65084953308106,71.19400024414062,,True
3409,EDNRA,boltz,apo,70.2276861472208,82.6427993774414,67.2249984741211,,True
3410,EDNRA,chai,apo,69.57328952828887,81.04380931894846,65.96409052068537,,True
3411,EDNRA,chai,apo,69.61104988975389,80.92148694171189,66.45708951083097,,True
3412,EDNRA,chai,apo,69.59569602959247,81.54254268498991,66.87772716175427,,True
3413,EDNRA,chai,apo,69.37414340062448,80.93517933867538,65.81918265602805,,True
3414,EDNRA,chai,apo,69.4996702507445,80.73525179427422,65.95981875332919,,True
3415,EDNRA,chai,apo,69.48267705108738,81.03603701605941,65.8034553527832,,True
3416,EDNRA,chai,apo,69.4878103283963,80.95210262747898,66.03463606400923,,True
3417,EDNRA,chai,apo,69.7366455790655,81.71571711825086,66.83427290482955,,True
3418,EDNRA,chai,apo,69.5272842848925,81.30661163878476,66.3551816073331,,True
3419,EDNRA,chai,apo,69.25644078217734,80.67560371665898,65.74418223987927,,True
3420,EDNRA,chai,apo,69.7925524072774,81.59610338928725,66.24854555996981,,True
3421,EDNRA,chai,apo,69.61871181144463,80.98400511412049,66.06445381858133,,True
3422,EDNRA,chai,apo,69.72648503283959,81.39101500824245,66.43254505504261,,True
3423,EDNRA,chai,apo,69.56745903612419,80.88655978958329,65.53454555164684,,True
3424,EDNRA,chai,apo,69.58643436280025,80.92665312155329,65.27627251364969,,True
3425,EDNRA,chai,apo,69.37068156681164,80.96745364886168,65.54990907148881,,True
3426,EDNRA,chai,apo,69.70599887240304,81.20181962943524,66.48736294833097,,True
3427,EDNRA,chai,apo,69.5721474290378,81.37636677823198,66.15227300470525,,True
3428,EDNRA,chai,apo,69.58875268128983,81.14485554353843,66.50245527787642,,True
3429,EDNRA,chai,apo,69.71114333978389,81.37892414935223,66.42527424205433,,True
3430,EDNRA,chai,apo,69.54579672026203,81.10463075895157,66.2281820123846,,True
3431,EDNRA,chai,apo,69.44357375886005,80.90107572800498,66.04054503007369,,True
3432,EDNRA,chai,apo,69.66107285842683,81.3437613743621,66.5049091685902,,True
3433,EDNRA,chai,apo,69.64254599531132,81.17241029774473,66.5510912808505,,True
3434,EDNRA,chai,apo,69.3530182198,80.8696958431778,66.4839096069336,,True
3435,EDNRA,protenix,apo,68.5036675912167,82.59326967315069,64.31636359474875,,True
3436,EDNRA,protenix,apo,68.75143718474547,82.53183924465125,64.31909110329367,,True
3437,EDNRA,protenix,apo,68.60563004372074,82.50913387528401,64.40909056230025,,True
3438,EDNRA,protenix,apo,68.55577317590816,82.5749372543057,64.34181872281161,,True
3439,EDNRA,protenix,apo,68.6260656931138,82.62997357010669,64.24727179787375,,True
3440,EDNRA,protenix,apo,68.78612817024273,82.79451932750912,64.98818102749911,,True
3441,EDNRA,protenix,apo,68.62672782713389,82.81163287720811,65.02999981966886,,True
3442,EDNRA,protenix,apo,68.62585174856896,82.8607156604365,65.04454526034269,,True
3443,EDNRA,protenix,apo,68.82565242154585,82.77558258788066,64.90181870893998,,True
3444,EDNRA,protenix,apo,68.8196909313443,82.9382108484615,64.97090911865234,,True
3445,EDNRA,protenix,apo,67.93560703462038,82.25500413386165,63.511817932128906,,True
3446,EDNRA,protenix,apo,68.04435831392631,82.31659959124968,63.397272630171344,,True
3447,EDNRA,protenix,apo,68.18650395831833,82.2718411490205,63.378182497891515,,True
3448,EDNRA,protenix,apo,68.10471286233162,82.25635439752327,63.313635392622515,,True
3449,EDNRA,protenix,apo,68.17943860637686,82.29081094916593,63.47272699529474,,True
3450,EDNRA,protenix,apo,68.72102187699265,82.91082867398062,64.9500004161488,,True
3451,EDNRA,protenix,apo,68.85699767473177,82.90242667765156,65.03181838989258,,True
3452,EDNRA,boltz,apo,69.35207268225784,82.61335029602051,69.26300048828125,,True
3453,EDNRA,boltz,apo,71.36238648461514,86.23385124206543,71.71700286865234,,True
3454,EDNRA,boltz,apo,70.59567200886282,84.42934951782226,70.06400299072266,,True
3455,DRD3,chai,cognate,72.71158091598569,87.0119109338152,70.23199929131403,,True
3456,DRD3,chai,cognate,72.82769656601096,87.08725445975816,70.64355553521051,,True
3457,DRD3,chai,cognate,72.91024046469578,87.39268822442918,70.96733389960394,,True
3458,DRD3,chai,cognate,72.78596582548134,87.13647781615649,70.62366739908855,,True
3459,DRD3,chai,cognate,72.80352419037271,86.43770841843465,67.92389085557726,,True
3460,EDNRA,protenix,apo,68.62899824004708,82.89212440068931,65.11363636363636,,True
3461,EDNRA,protenix,apo,68.93163977153141,82.9472700439043,64.9736373207786,,True
3462,EDNRA,protenix,apo,68.78289734845447,82.95826939373649,64.91090947931463,,True
3463,EDNRA,protenix,apo,68.37281112137744,82.92681168187404,64.4045455239036,,True
3464,DRD3,chai,cognate,72.79074085497994,86.44883353920038,67.85688866509332,,True
3465,DRD3,chai,cognate,72.77953027255435,86.38702873908424,67.80511050754123,,True
3466,DRD3,chai,cognate,72.8304219978733,86.46627516326794,67.93711132473416,,True
3467,DRD3,chai,cognate,72.76857320915654,86.5037876951402,68.17744488186307,,True
3468,DRD3,chai,cognate,72.66842609317874,86.40303949188188,67.9174444410536,,True
3469,DRD3,chai,cognate,72.61618704443612,86.39132349590889,67.64266713460286,,True
3470,DRD3,chai,cognate,72.6801875547384,86.9820584277914,69.92788865831163,,True
3471,EDNRA,boltz,apo,71.28044976227736,86.19674987792969,73.7249984741211,,True
3472,DRD3,chai,cognate,72.79124655453691,86.71800973239914,67.90600034925673,,True
3473,DRD3,chai,cognate,72.71606047360429,86.54982433188357,68.10799958970811,,True
3474,DRD3,chai,cognate,72.71224251975934,86.44295481775401,67.77788798014323,,True
3475,DRD3,chai,cognate,72.73561599357802,86.58758992701556,68.32633378770616,,True
3476,DRD3,chai,cognate,72.70572334611037,86.55503465644207,68.19922171698676,,True
3477,DRD3,chai,cognate,72.65854545553508,86.32692998532437,67.84833357069228,,True
3478,DRD3,chai,cognate,72.67388711986294,86.39959392458158,67.84422259860568,,True
3479,DRD3,chai,cognate,72.67456614479151,86.34722606162144,67.67277696397569,,True
3480,EDNRA,boltz,apo,72.51146619381335,85.96645126342773,71.41699981689453,,True
3481,EDNRA,boltz,apo,72.16019669740484,86.02485008239746,73.26399993896484,,True
3482,DRD3,protenix,cognate,68.87750042104928,85.26524726556666,71.10666529337566,,True
3483,DRD3,protenix,cognate,69.12413242711719,85.29274906637349,71.47444407145183,,True
3484,EDNRA,protenix,apo,68.53454129109473,82.89290962759378,64.2600000554865,,True
3485,EDNRA,protenix,apo,68.55968090263954,82.88043395430495,64.28272767500444,,True
3486,DRD3,protenix,cognate,68.72644905736247,84.59113071312292,70.61555523342557,,True
3487,DRD3,protenix,cognate,68.70403533978484,84.64978337501208,70.97222179836697,,True
3488,DRD3,chai,cognate,72.70154989143418,87.01400772751153,70.16411039564345,,True
3489,DRD3,chai,cognate,72.7188371156805,87.0337311870608,70.29588953653972,,True
3490,DRD3,chai,cognate,72.68879668756395,87.07160316490679,70.31555599636502,,True
3491,EDNRA,boltz,apo,71.10270497949676,86.29345016479492,72.40399932861328,,True
3492,DRD3,protenix,cognate,68.95715738678513,85.46236304624429,71.28555594550238,,True
3493,EDNRA,protenix,apo,68.48288294728147,82.94375462737779,64.24818247014827,,True
3494,EDNRA,protenix,apo,68.65917619008006,82.88943696643368,64.27363621104847,,True
3495,EDNRA,boltz,cognate,77.11668396889465,91.56330032348632,80.4010009765625,,True
3496,DRD3,protenix,cognate,69.16629990286452,85.24286952521034,71.11777793036566,,True
3497,DRD3,protenix,cognate,69.5411770779383,85.25445501959169,71.02222230699327,,True
3498,DRD3,protenix,cognate,69.44909649294864,85.29943581356802,71.85777791341145,,True
3499,DRD3,protenix,cognate,68.69809310022079,85.89197706006479,73.63444476657443,,True
3500,DRD3,protenix,cognate,68.70898295595379,85.43945503688994,71.4466667175293,,True
3501,DRD3,protenix,cognate,68.91212727440488,85.4220730608848,71.20666588677301,,True
3502,DRD3,protenix,cognate,69.45511711383227,85.42726659313769,71.22000122070312,,True
3503,DRD3,protenix,cognate,69.10488193574854,85.39949955541162,71.02999835544162,,True
3504,DRD3,protenix,cognate,68.61208223971539,85.92117065426936,73.83555603027344,,True
3505,DRD3,protenix,cognate,69.33099976516561,85.76246651591677,73.04666561550565,,True
3506,DRD3,protenix,cognate,69.29868930459195,85.86327473618422,73.55666732788086,,True
3507,DRD3,protenix,cognate,69.41172459198559,85.78657215505108,72.99555587768555,,True
3508,EDNRA,boltz,cognate,74.25468620371763,90.50659980773926,78.96199798583984,,True
3509,DRD3,protenix,cognate,68.40197917071153,84.92360228308695,71.78333409627278,,True
3510,DRD3,protenix,cognate,68.37329010770021,84.82851975008866,71.40555572509766,,True
3511,DRD3,protenix,cognate,69.15104832497579,84.83994242976411,71.27000003390842,,True
3512,DRD3,protenix,cognate,68.85096083959529,84.82439112429321,71.18444400363498,,True
3513,DRD3,protenix,cognate,68.75899209126318,84.9109972986824,71.75555589463976,,True
3514,DRD3,protenix,cognate,68.2428317493933,84.68951505438073,71.28222232394748,,True
3515,DRD3,protenix,cognate,68.20199535417453,84.61889298227098,71.02444500393338,,True
3516,DRD3,protenix,cognate,68.60960587848643,84.60868577991556,70.75999916924371,,True
3517,EDNRA,boltz,cognate,73.83668392547679,90.49644927978515,76.33499908447266,,True
3518,EDNRA,boltz,cognate,74.44157862607433,90.03320007324218,79.33699798583984,,True
3519,EDNRA,boltz,cognate,72.48885009997902,89.75374946594238,76.44499969482422,,True
3520,EDNRA,boltz,cognate,74.47613590606761,90.22074928283692,79.65599822998047,,True
3521,EDNRA,boltz,cognate,74.26789939933974,90.53850021362304,78.75399780273438,,True
3522,EDNRA,boltz,cognate,72.52277043273354,89.34804954528809,78.47599792480469,,True
3523,EDNRA,boltz,cognate,73.61238392510515,90.38289985656738,79.90499877929688,,True
3524,EDNRA,boltz,cognate,72.64409589655784,89.70325012207032,76.74299621582031,,True
3525,EDNRA,boltz,cognate,71.91697438706838,88.87710037231446,73.03900146484375,,True
3526,EDNRA,boltz,cognate,74.18135348639387,90.42504959106444,77.74299621582031,,True
3527,EDNRA,boltz,cognate,74.25109840946956,90.31309967041015,79.11399841308594,,True
3528,EDNRA,boltz,cognate,74.42438379774607,90.90974922180176,78.81199645996094,,True
3529,EDNRA,boltz,cognate,73.78476347912111,90.2263011932373,76.4530029296875,,True
3530,EDNRA,boltz,cognate,72.78895319150259,88.96059989929199,77.33000183105469,,True
3531,EDNRA,boltz,cognate,75.54205859182032,90.6196994781494,80.93399810791016,,True
3532,EDNRA,boltz,cognate,73.50883843468839,90.38825035095216,77.40499877929688,,True
3533,EDNRA,boltz,cognate,73.52181742397907,90.91205062866212,77.08300018310547,,True
3534,EDNRA,boltz,cognate,72.46349894414183,89.9673511505127,74.30000305175781,,True
3535,EDNRA,boltz,cognate,73.8690866117455,90.4431495666504,77.45500183105469,,True
3536,EDNRA,boltz,cognate,71.663969482136,88.22690010070801,75.75199890136719,,True
3537,EDNRA,chai,cognate,67.34574733682771,78.6612513790571,60.074636632745914,,True
3538,EDNRA,chai,cognate,67.3035850237984,78.51066139080135,60.51372736150568,,True
3539,EDNRA,chai,cognate,67.32375782180969,78.6330770930377,59.31090892444957,,True
3540,EDNRB,boltz,apo,68.73144794912899,83.30244941711426,64.23999786376953,1.8798,True
3541,EDNRB,boltz,apo,70.11752704689405,84.24604949951171,63.16699981689453,2.2028,True
3542,EDNRB,boltz,apo,69.67544802497414,84.32664985656739,66.40699768066406,1.9794,True
3543,EDNRB,boltz,apo,68.66430085385008,80.65719890594482,57.90900039672851,2.1121,True
3544,EDNRB,boltz,apo,70.32677358739517,83.88139896392822,62.98099899291992,1.7847,True
3545,EDNRB,boltz,apo,69.85321725439702,82.51305084228515,60.69300079345703,1.7104,True
3546,EDNRB,boltz,apo,69.69875115614671,84.0830005645752,64.427001953125,2.1421,True
3547,EDNRB,boltz,apo,69.7507782370796,84.04784965515137,64.73400115966797,2.0747,True
3548,EDNRB,boltz,apo,69.37912208677956,83.34894981384278,63.88899993896485,1.8034,True
3549,EDNRB,boltz,apo,65.36979414650757,80.87919921875,62.33399963378906,2.6166,True
3550,EDNRB,boltz,apo,70.55490946877596,84.35359916687011,66.26899719238281,2.0516,True
3551,EDNRB,boltz,apo,70.3958121468039,83.49104862213134,62.95399856567383,1.7999,True
3552,EDNRB,boltz,apo,69.56769450002126,84.6463996887207,67.68399810791016,1.9786,True
3553,EDNRB,boltz,apo,68.15023076156685,83.43020057678223,64.43800354003906,2.1099,True
3554,EDNRB,boltz,apo,68.3903190129483,82.88510017395019,64.21600341796875,2.1775,True
3555,EDNRB,boltz,apo,70.67430760741773,84.85139961242676,66.23300170898438,2.0298,True
3556,EDNRB,boltz,apo,69.83930310728323,83.7943000793457,68.99700164794922,2.0883,True
3557,EDNRB,boltz,apo,69.14967646965614,82.59514980316162,61.20100021362305,1.7343,True
3558,EDNRB,boltz,apo,69.33239358582648,83.51350059509278,64.84600067138672,2.1672,True
3559,EDNRB,boltz,apo,67.95418782471532,83.19464950561523,65.9010009765625,2.5695,True
3560,EDNRB,chai,apo,69.15734740895614,80.68174522781786,64.18145474520597,1.981,True
3561,EDNRB,chai,apo,69.38890924420981,81.59729189682834,65.2560903375799,2.3709,True
3562,EDNRB,chai,apo,69.4975053741644,81.54492682657889,64.40454517711292,2.2154,True
3563,EDNRB,chai,apo,69.35836207634529,81.48407121393417,64.0851821899414,2.3792,True
3564,EDNRB,chai,apo,69.4085961274909,81.07824742348164,64.32863582264294,2.4042,True
3565,EDNRB,chai,apo,69.41474222178202,81.01518501032653,64.44354629516602,2.2054,True
3566,EDNRB,chai,apo,69.42267934493103,81.30491824029671,64.35509178855203,2.1911,True
3567,EDNRB,chai,apo,69.53977911882505,81.62465432083796,64.41954560713334,2.2161,True
3568,EDNRB,chai,apo,69.3398043119814,80.88445397022655,64.43118251453747,2.1205,True
3569,EDNRB,chai,apo,69.15237878493107,80.72664675348594,64.5088188864968,2.7051,True
3570,EDNRB,chai,apo,69.3904600985802,81.54804467698713,64.64518148248845,2.1046,True
3571,EDNRB,chai,apo,69.38463100079491,81.28544491330953,64.23890894109553,2.2406,True
3572,EDNRB,chai,apo,69.23807483434881,81.05865839842595,64.36636352539062,2.5849,True
3573,EDNRB,chai,apo,69.45087251302809,81.42080731238465,64.28454485806552,2.2778,True
3574,EDNRB,chai,apo,69.53410830471962,81.49318386411599,64.77363586425781,2.3463,True
3575,EDNRB,chai,apo,69.37795883939282,80.89098555758919,64.47000018033114,2.5167,True
3576,EDNRB,chai,apo,69.4806855417111,81.15517613904302,64.38863719593395,2.0655,True
3577,EDNRB,chai,apo,69.36732305846645,81.29448409783718,64.17745520851828,2.5065,True
3578,EDNRB,chai,apo,69.59367290499594,81.58574564439051,64.89000043002042,2.2395,True
3579,EDNRB,chai,apo,69.45742756851516,81.39577664540444,64.56663582541726,2.151,True
3580,EDNRB,chai,apo,69.3952464233261,81.2540711852276,65.22899974476208,2.2882,True
3581,EDNRB,chai,apo,69.45142772366084,81.61905147199506,64.26709123091264,2.2546,True
3582,EDNRB,chai,apo,69.1908578303252,81.17908510119366,64.87363641912287,2.4441,True
3583,EDNRB,chai,apo,69.2781583113794,81.01860931011849,64.97681877829812,2.3084,True
3584,EDNRB,chai,apo,69.31188465692296,80.95171255160548,64.23636419122869,2.1079,True
3585,EDNRB,protenix,apo,68.52759245441239,82.40997014680121,63.73181741887873,2.3629,True
3586,EDNRB,protenix,apo,68.63085099653433,82.4160510672945,63.72999988902699,2.3543,True
3587,EDNRB,protenix,apo,68.60947407262461,82.38752411784546,63.724545218727805,2.2989,True
3588,EDNRB,protenix,apo,68.75907143956445,82.40976449760007,63.64363687688654,2.3274,True
3589,EDNRB,protenix,apo,68.51222032317709,82.32951833261212,63.54181879216974,2.2671,True
3590,EDNRB,protenix,apo,68.28035718675457,82.27182791393385,63.94363646073775,2.3161,True
3591,EDNRB,protenix,apo,68.61963950507241,82.25386172554708,63.71545479514382,2.2993,True
3592,EDNRA,chai,cognate,67.34056486505015,78.51950371028713,59.62881816517223,,True
3593,EDNRB,boltz,apo,69.17009270784543,83.65689964294434,67.0199966430664,1.9201,True
3594,EDNRB,boltz,apo,69.67281212094683,84.18110008239746,66.86299896240234,1.959,True
3595,EDNRB,boltz,apo,69.70633034253012,83.89310073852539,63.49700164794922,1.8974,True
3596,EDNRB,protenix,apo,68.36137971742352,82.22103151116366,63.71454481645064,2.2593,True
3597,EDNRB,protenix,apo,68.68666382869375,82.28153448689723,63.88090896606445,2.2979,True
3598,EDNRB,protenix,apo,69.23107274687678,82.19823494439173,63.81000033291903,2.3082,True
3599,EDNRB,protenix,apo,69.13153268997728,82.3513515369751,63.941817890514024,2.3346,True
3600,EDNRB,protenix,apo,69.15376115815916,82.30009980812734,63.67999961159446,2.3259,True
3601,EDNRB,protenix,apo,69.08404890329426,82.33971829313909,63.79999958385121,2.3393,True
3602,EDNRB,protenix,apo,69.25540846462849,82.33514573386222,63.77818124944513,2.396,True
3603,EDNRB,protenix,apo,69.25053228636733,82.31910383330452,63.819090756503016,2.3863,True
3604,EDNRB,protenix,apo,69.5013730692851,82.99924681256171,64.33000009710139,2.4976,True
3605,EDNRB,protenix,apo,69.47045688293207,82.9581027509571,64.2736369046298,2.5374,True
3606,EDNRB,protenix,apo,69.48581154651103,82.98138764122692,64.26363684914328,2.5291,True
3607,EDNRB,protenix,apo,69.59618569363293,83.02319504286477,64.27545478127219,2.5324,True
3608,EDNRB,protenix,apo,69.58599338926874,82.98670181728544,64.28363626653498,2.5358,True
3609,EDNRB,protenix,apo,68.17019497985034,82.48328172327292,63.65727233886719,2.3453,True
3610,EDNRB,protenix,apo,68.39023199789735,82.49151338910987,63.941817890514024,2.4142,True
3611,EDNRB,protenix,apo,68.3120262561842,82.46476624649151,63.73727243596857,2.3074,True
3612,EDNRA,chai,cognate,67.37089991383544,78.96944563933093,59.70981771295721,,True
3613,EDNRA,boltz,cognate,73.2026838530422,90.93915023803712,80.05400085449219,,True
3614,EDNRA,boltz,cognate,72.98973756205002,90.0723503112793,76.54199981689453,,True
3615,EDNRA,boltz,cognate,73.06643550345713,89.15925025939941,76.50399780273438,,True
3616,EDNRA,chai,cognate,67.20293216655868,78.26912677017641,59.94290889393199,,True
3617,EDNRA,chai,cognate,67.25045239142146,78.84463281860599,61.56800044666637,,True
3618,EDNRA,chai,cognate,67.31830955876204,78.69611881403351,60.96700078790838,,True
3619,EDNRA,chai,cognate,67.22011976777186,78.77836170186212,60.44609139182351,,True
3620,EDNRA,chai,cognate,67.12391790606722,78.83584076659847,60.78500019420277,,True
3621,EDNRA,chai,cognate,67.32381718940672,78.73703590247884,61.26436372236772,,True
3622,EDNRA,chai,cognate,67.4331824417748,78.7215958323761,61.239727367054336,,True
3623,EDNRA,chai,cognate,67.17055603647593,78.24637549841387,60.680272882634945,,True
3624,EDNRA,chai,cognate,67.3329253100031,78.56632518026564,60.82654571533203,,True
3625,EDNRA,chai,cognate,67.20610282286518,78.78047999692342,61.35536297884855,,True
3626,EDNRA,chai,cognate,67.15310806098756,78.57502860691298,59.64945429021662,,True
3627,EDNRA,chai,cognate,67.3312892638093,78.7909960284928,61.35927269675515,,True
3628,EDNRA,chai,cognate,67.20465631733708,78.60680004196936,61.07218170166016,,True
3629,EDNRA,chai,cognate,67.36856713824963,78.60735080447891,60.20327307961204,,True
3630,EDNRA,chai,cognate,67.27802277387147,78.43239301086331,59.857999628240414,,True
3631,EDNRA,chai,cognate,67.33167439424913,78.71224992772717,59.965726332231,,True
3632,EDNRB,protenix,apo,68.34302426050881,82.48550422489556,63.69181823730469,2.3547,True
3633,EDNRB,protenix,apo,68.54780436243968,82.43405015383965,63.69272717562589,2.4011,True
3634,EDNRB,boltz,cognate,71.27840960834901,86.46334953308106,76.51799774169922,0.8761,True
3635,EDNRB,boltz,cognate,72.15351352001207,88.43704948425292,78.79100036621094,0.9499,True
3636,EDNRA,protenix,cognate,68.89093876904089,86.20234144170908,72.74111090766058,,True
3637,EDNRA,protenix,cognate,69.20147833414002,86.22279057182104,72.78555594550238,,True
3638,EDNRB,boltz,apo,70.86131439813121,83.43174953460694,62.20399856567383,1.8931,True
3639,EDNRB,boltz,apo,70.20602026891925,83.5170997619629,64.30899810791016,1.8146,True
3640,EDNRA,chai,cognate,67.08465534844053,77.79945347658655,60.15081856467507,,True
3641,EDNRA,chai,cognate,67.28486261032735,78.51330036744068,60.090636166659266,,True
3642,EDNRA,chai,cognate,67.34694595519616,78.50605545477434,59.90218179876154,,True
3643,EDNRA,chai,cognate,67.23759271891755,78.55936564221182,60.45818190141158,,True
3644,EDNRA,protenix,cognate,69.68677091007973,86.88987325873381,73.43555535210504,,True
3645,EDNRA,protenix,cognate,69.48337305979767,86.94000433886035,73.36000103420682,,True
3646,EDNRA,protenix,cognate,68.92384373264895,86.86554694829394,72.95666800604926,,True
3647,EDNRA,protenix,cognate,69.28397581171859,86.8688627652723,72.95888943142361,,True
3648,EDNRA,protenix,cognate,69.25150153106847,86.92209638708427,73.51999961005316,,True
3649,EDNRA,protenix,cognate,69.56308015799631,86.89856006747544,73.36444515652127,,True
3650,EDNRA,protenix,cognate,69.68409227410618,86.89162606420972,73.4544448852539,,True
3651,EDNRA,protenix,cognate,69.04629914282279,86.87166220889291,72.88222164577908,,True
3652,EDNRA,protenix,cognate,69.36169837656145,86.87326196153097,72.97000079684787,,True
3653,EDNRA,protenix,cognate,69.39410735898326,86.84055835578005,72.90222252739801,,True
3654,EDNRA,protenix,cognate,68.69843445247604,86.81457898803258,73.04333453708225,,True
3655,EDNRA,protenix,cognate,69.31786967439263,86.84438543523373,73.08555391099718,,True
3656,EDNRA,protenix,cognate,69.27455145654392,86.79483420425677,73.02444458007812,,True
3657,EDNRA,protenix,cognate,69.22042362770793,86.8468120941008,73.08000140719943,,True
3658,EDNRA,protenix,cognate,68.95174267993691,86.81656600996185,73.11333296034071,,True
3659,EDNRA,protenix,cognate,69.00006049484732,86.09129937458177,72.36999935574002,,True
3660,EDNRB,boltz,cognate,71.70546833314508,90.0620506286621,78.31400299072266,0.9842,True
3661,EDNRB,boltz,cognate,70.82034389789288,88.16625022888184,77.83999633789062,0.9566,True
3662,EDNRB,boltz,cognate,72.01961076313555,88.66079940795899,77.16600036621094,0.9038,True
3663,EDNRB,boltz,cognate,71.82657480024105,88.93590049743652,80.4800033569336,0.9268,True
3664,EDNRA,protenix,cognate,69.0139780157766,86.03031416992089,72.29111226399739,,True
3665,EDNRA,protenix,cognate,68.56508356787687,86.06278687840418,72.33222198486328,,True
3666,EDNRA,protenix,cognate,68.78397067943388,86.08129053040156,72.32111061943903,,True
3667,EDNRB,boltz,cognate,72.44094819288988,88.78035049438476,80.06900024414062,0.866,True
3668,EDNRA,protenix,cognate,68.66976278756806,86.17924574463913,72.69222259521484,,True
3669,EDNRA,protenix,cognate,68.90492064963236,86.22736936911876,72.5533332824707,,True
3670,EDNRA,protenix,cognate,68.77836215166455,86.21085807317262,72.70889027913411,,True
3671,EDNRA,protenix,cognate,68.78339703616459,86.05777605596214,72.30888960096571,,True
3672,EDNRB,boltz,cognate,71.3114863607139,87.52165031433105,78.19000244140625,0.8811,True
3673,EDNRB,boltz,cognate,71.7853619631599,89.84365005493164,79.85700225830078,0.8596,True
3674,EDNRB,boltz,cognate,71.33316980336046,89.2235496520996,79.03399658203125,0.848,True
3675,EDNRB,boltz,cognate,72.07516751785623,89.55375022888184,81.38099670410156,0.8582,True
3676,EDNRB,boltz,cognate,72.56835297114169,89.24495010375976,79.88500213623047,0.8982,True
3677,EDNRB,boltz,cognate,71.58744568630581,89.99665031433105,77.39700317382812,0.8859,True
3678,EDNRB,boltz,cognate,72.41277598471663,88.95775032043457,78.8479995727539,0.9223,True
3679,EDNRB,boltz,cognate,69.61553150712095,87.90349922180175,74.6989974975586,0.884,True
3680,EDNRB,boltz,cognate,72.43279429474568,89.1031509399414,79.66500091552734,0.8481,True
3681,EDNRB,boltz,cognate,71.63065616901105,89.0539005279541,77.78500366210938,0.8497,True
3682,EDNRB,boltz,cognate,71.7319141750422,89.81085052490235,80.14900207519531,0.895,True
3683,EDNRB,boltz,cognate,70.42029861087713,88.76989936828613,78.91200256347656,0.9466,True
3684,EDNRB,boltz,cognate,70.41802705790663,88.70944938659667,77.94999694824219,1.0522,True
3685,EDNRB,boltz,cognate,71.82879189020908,88.44285049438477,79.33100128173828,0.9634,True
3686,EDNRB,boltz,cognate,73.90657258357398,90.67590026855468,81.5989990234375,0.8418,True
3687,EDNRB,boltz,cognate,71.47600212356085,89.54574966430664,79.50499725341797,0.9563,True
3688,FSHR,boltz,apo,80.21444332205134,80.71875057220458,56.85699844360352,1.0278,True
3689,FSHR,boltz,apo,80.05891650632131,80.66249980926514,54.99800109863281,0.82,True
3690,FSHR,boltz,apo,80.5642877455238,82.32105007171631,58.72600173950195,0.904,True
3691,EDNRB,chai,cognate,68.09935421726297,79.30384450373711,61.44581708041105,2.4201,True
3692,EDNRB,chai,cognate,67.6728281064783,79.1798764475221,61.22690859707919,2.4841,True
3693,EDNRB,chai,cognate,67.65413769229981,79.08185245732724,61.110909548672765,2.7821,True
3694,EDNRB,chai,cognate,67.91644121006817,79.31512454279229,59.55518167669123,1.6886,True
3695,EDNRB,chai,cognate,67.97292724938544,79.60149913855962,62.214819474653765,2.684,True
3696,EDNRB,chai,cognate,67.90212855001613,78.63355664611036,60.866273706609554,1.7797,True
3697,EDNRB,chai,cognate,67.64593330630444,79.04176698222304,60.6443644436923,2.3819,True
3698,EDNRB,chai,cognate,68.04304160080791,79.52722017964587,61.59627324884588,2.1755,True
3699,EDNRB,chai,cognate,67.47950522341351,77.56018172813185,58.302181937477805,1.6785,True
3700,EDNRB,chai,cognate,67.8443330739444,79.20158908964409,60.63172669844194,2.1395,True
3701,EDNRB,chai,cognate,67.70286682808256,79.17371492730591,61.2377270785245,2.3043,True
3702,EDNRB,chai,cognate,67.55370415993944,78.0456127809274,59.036090504039414,1.9969,True
3703,EDNRB,chai,cognate,67.69704826011805,78.96281823580743,60.673181707208805,2.6379,True
3704,FSHR,boltz,apo,80.7696833329235,82.75639915466309,64.89199829101562,2.5091,True
3705,FSHR,boltz,apo,80.25048926374038,81.05950012207032,54.0359992980957,1.0706,True
3706,FSHR,boltz,apo,80.1329382148578,80.45525016784669,55.20600128173828,0.9238,True
3707,FSHR,boltz,apo,80.33379998515836,80.91614971160888,53.685001373291016,0.7014,True
3708,FSHR,boltz,apo,80.27314536005473,80.16249961853028,55.777000427246094,1.8886,True
3709,FSHR,boltz,apo,80.18693103378625,80.45620098114014,59.770999908447266,2.1478,True
3710,FSHR,boltz,apo,79.91730513538388,81.17154998779297,57.48699951171875,1.0995,True
3711,FSHR,boltz,apo,79.72818270895978,80.19055061340332,52.03900146484375,1.0502,True
3712,FSHR,boltz,apo,79.6302733551684,80.13125076293946,53.21599960327149,0.6937,True
3713,FSHR,boltz,apo,80.80126179756878,81.08689918518067,51.31999969482422,1.2538,True
3714,FSHR,boltz,apo,80.54176678554617,81.11269931793213,56.46599960327149,0.9101,True
3715,FSHR,boltz,apo,80.4949323201351,81.119549369812,60.20199966430664,2.1289,True
3716,FSHR,boltz,apo,80.27133242929582,81.9736499786377,56.26499938964844,1.4583,True
3717,FSHR,boltz,apo,79.75002022612867,79.25965061187745,50.13399887084961,1.5811,True
3718,FSHR,chai,apo,81.38776152261602,81.51285014414682,66.18481722745028,1.3217,True
3719,FSHR,chai,apo,81.18114936611259,81.28000422282308,65.72227235273881,1.397,True
3720,FSHR,chai,apo,81.12906040185491,81.68124662102731,66.33681800148703,1.1393,True
3721,FSHR,chai,apo,81.12030170848134,81.84534558423499,67.7259091463956,2.025,True
3722,FSHR,chai,apo,81.0990384200919,81.3953705231555,66.02145351063122,1.5299,True
3723,FSHR,chai,apo,81.15066546751086,81.06868505239831,66.26836429942738,1.5,True
3724,FSHR,chai,apo,81.14632103317653,81.29507748453821,67.26481767134233,1.2267,True
3725,FSHR,chai,apo,81.06528370393553,81.07039375669169,65.42872793024236,1.8283,True
3726,FSHR,chai,apo,81.0306663398143,81.35381412748308,67.04309186068448,1.2973,True
3727,FSHR,chai,apo,81.30761783137426,81.14253470873591,65.90127355402166,1.4465,True
3728,FSHR,boltz,apo,79.8572503673087,79.14254989624024,54.00600051879883,1.1118,True
3729,FSHR,boltz,apo,79.98235100945122,79.57894954681396,48.612998962402344,0.8213,True
3730,FSHR,boltz,apo,80.05908776152906,81.5154504776001,56.297000885009766,0.8835,True
3731,EDNRB,chai,cognate,68.11509012313891,79.14748231714422,60.578182220458984,1.8892,True
3732,FSHR,chai,apo,80.89830127888708,81.82335768896436,68.33509098399769,2.194,True
3733,FSHR,chai,apo,80.98626397368058,81.44861874850109,65.80890828912908,2.4957,True
3734,FSHR,chai,apo,80.98386886528387,81.38066579358401,66.02445498379794,1.564,True
3735,FSHR,chai,apo,81.06240706824387,81.13390684184229,65.81236336447976,1.3746,True
3736,FSHR,chai,apo,80.87986441059377,81.28336165968992,66.09990934892134,1.5011,True
3737,FSHR,chai,apo,81.06464003482031,81.28501642057907,66.0703634782271,1.3181,True
3738,FSHR,chai,apo,81.36645709367869,81.16401007066729,66.9621810913086,1.1185,True
3739,FSHR,chai,apo,81.08819095944563,81.4193406527796,67.24736335060813,1.3506,True
3740,FSHR,chai,apo,81.16223764729577,82.01854000048891,66.46954657814719,2.5671,True
3741,FSHR,chai,apo,81.48045969894454,82.05554875583016,68.52045405994762,2.031,True
3742,FSHR,chai,apo,81.09080260323594,81.30253124525366,66.61045455932617,1.4705,True
3743,FSHR,chai,apo,81.30721689276022,81.43140662985964,66.25918232310902,1.3686,True
3744,FSHR,chai,apo,81.16978944850992,81.30199305023122,65.38436438820578,1.3134,True
3745,FSHR,chai,apo,80.97506239755981,81.23307462798223,65.96300055763938,1.1714,True
3746,FSHR,chai,apo,81.31393440209594,82.21592894544506,68.42845396562056,2.4416,True
3747,FSHR,protenix,apo,76.57421941607528,77.37469245409036,59.34500026702881,1.5581,True
3748,FSHR,protenix,apo,76.46969001029906,77.34669421955621,59.21500062942505,1.5479,True
3749,FSHR,protenix,apo,76.68695031340155,77.36099587082002,59.37875032424927,1.4652,True
3750,FSHR,protenix,apo,76.5716667290862,77.39322841162635,59.31500005722046,1.5943,True
3751,FSHR,protenix,apo,76.75408037143612,77.34425180599631,59.361249923706055,1.4439,True
3752,FSHR,protenix,apo,76.24249331008967,77.09806844038366,60.03125,1.6131,True
3753,FSHR,protenix,apo,76.2798620190706,77.08806768471717,59.85625123977661,1.5686,True
3754,FSHR,protenix,apo,76.36157374685318,77.09694472914308,59.88499975204468,1.5667,True
3755,FSHR,protenix,apo,76.45584705063732,77.05045354393826,59.862499713897705,1.5186,True
3756,FSHR,protenix,apo,76.2685181482349,77.02936459036273,59.637500286102295,1.5276,True
3757,FSHR,protenix,apo,75.59921791013495,76.24775205604614,61.017273296009414,2.2102,True
3758,FSHR,protenix,apo,75.5485917052575,76.08106911525755,60.2037501335144,1.8238,True
3759,FSHR,protenix,apo,75.92795246855866,76.14550269401434,61.03181769631126,2.4558,True
3760,FSHR,protenix,apo,75.922652541997,76.07193699465168,60.41625022888184,1.8347,True
3761,FSHR,protenix,apo,75.81439090335516,76.01803756131756,59.84250020980835,1.6403,True
3762,FSHR,protenix,apo,75.81939127735417,76.46002006877553,59.41625022888184,1.5712,True
3763,FSHR,protenix,apo,75.82988044646231,76.95593433762699,59.97874927520752,1.4046,True
3764,FSHR,protenix,apo,76.11054238572125,77.01145500564988,60.30250072479248,1.7531,True
3765,FSHR,protenix,apo,76.13813637344523,77.0301674929257,60.37000131607056,1.7071,True
3766,FSHR,protenix,apo,75.32308737637977,76.33056960544201,58.858750343322754,1.2726,True
3767,FSHR,protenix,apo,75.83188540868447,76.47132879575092,59.82624912261963,1.6166,True
3768,EDNRB,boltz,cognate,70.60418326606577,87.67459983825684,75.31400299072266,0.968,True
3769,EDNRB,boltz,cognate,70.7414547501646,88.25389976501465,77.36299896240234,0.7425,True
3770,EDNRB,chai,cognate,67.52738848480695,78.60593379474822,60.103545448996805,2.3919,True
3771,EDNRB,chai,cognate,67.80625334737876,79.36819032746132,60.888363578102805,2.0832,True
3772,EDNRB,protenix,cognate,67.69871105195402,85.77012831832424,73.7555554707845,0.8485,True
3773,FSHR,protenix,apo,76.14436466452314,76.92502165941622,60.06750011444092,1.5265,True
3774,FSHR,protenix,apo,76.21049032578094,76.97600133145869,60.176249980926514,1.5884,True
3775,FSHR,boltz,cognate,83.66042591341966,92.87130012512208,80.7229995727539,0.6396,True
3776,EDNRB,chai,cognate,67.9374406573482,79.42235832453119,60.755090886896305,1.7306,True
3777,EDNRB,chai,cognate,67.99625837535892,79.03598777693931,60.65945399891246,1.8096,True
3778,EDNRB,chai,cognate,68.02526058541218,79.66339989671116,61.92063591696999,2.575,True
3779,FSHR,boltz,apo,80.73425762258846,81.97374954223633,60.80899810791016,1.1553,True
3780,FSHR,boltz,apo,80.36686464488078,81.43509979248047,53.696998596191406,0.9226,True
3781,FSHR,boltz,apo,80.43911500560294,81.84844951629638,57.1349983215332,1.0346,True
3782,EDNRB,protenix,cognate,68.16252378189157,86.29849357818284,74.04444461398654,0.7838,True
3783,EDNRB,protenix,cognate,68.78676413379638,86.2693167611462,74.0522223578559,0.8177,True
3784,FSHR,protenix,apo,75.83307363644846,76.5448063977009,59.65499973297119,1.6909,True
3785,FSHR,protenix,apo,75.703520554851,76.41951252896033,59.21374940872192,1.5965,True
3786,EDNRB,protenix,cognate,68.62992045026179,86.34309820991231,74.10888883802626,0.8617,True
3787,EDNRB,protenix,cognate,68.6113443583529,86.35862802550906,74.12333424886067,0.7935,True
3788,EDNRB,chai,cognate,68.02230316872289,79.15333433996202,60.69299975308505,2.3632,True
3789,EDNRB,chai,cognate,67.74278915565687,78.29202606814937,59.464453957297586,1.8854,True
3790,EDNRB,chai,cognate,68.04947384594321,79.5891546678956,60.314090728759766,1.8819,True
3791,FSHR,boltz,apo,80.50618991989026,80.59499912261963,54.62099838256836,0.9865,True
3792,EDNRB,chai,cognate,67.79443773331552,79.43632340148413,60.917908755215734,2.3343,True
3793,EDNRB,chai,cognate,68.1864933223359,79.4956577687174,61.77890916304155,2.138,True
3794,EDNRB,chai,cognate,68.00303148305134,79.4633404768769,60.19399920376864,2.1706,True
3795,FSHR,boltz,apo,80.26237687584307,81.12439994812011,56.5,0.9254,True
3796,EDNRB,protenix,cognate,68.23496462774023,86.28755275879072,73.98999913533528,0.7973,True
3797,EDNRB,protenix,cognate,68.93472461717144,86.25101464788978,74.14888932969835,0.8415,True
3798,EDNRB,protenix,cognate,68.93442959617957,86.22859170467822,74.10555521647136,0.7563,True
3799,EDNRB,protenix,cognate,67.62772669141694,85.79337181025252,73.66666666666667,0.8236,True
3800,FSHR,boltz,cognate,83.35945309700726,92.55439987182618,83.23100280761719,0.5648,True
3801,EDNRB,protenix,cognate,67.77362672573281,85.78894392464927,73.65555487738715,0.825,True
3802,EDNRB,protenix,cognate,67.84521971073885,85.78506438291092,73.72444491916232,0.7973,True
3803,EDNRB,protenix,cognate,68.22043597010446,85.756184294702,73.63888846503363,0.7977,True
3804,EDNRB,protenix,cognate,68.26982758985854,86.34985964849399,74.12111155192058,0.825,True
3805,FSHR,boltz,cognate,83.63026045106298,93.0860996246338,84.36199951171875,0.5608,True
3806,FSHR,boltz,cognate,83.18509780280024,92.47639961242676,78.83799743652344,0.717,True
3807,FSHR,boltz,cognate,82.74032221183502,92.51969985961914,82.45500183105469,0.5824,True
3808,EDNRB,protenix,cognate,68.70935027395294,86.45370591749875,73.82333246866862,0.8585,True
3809,EDNRB,protenix,cognate,69.1533744574795,86.44481620666095,73.86444515652127,0.7747,True
3810,EDNRB,protenix,cognate,68.45363506531598,86.35811240050356,74.07666736178928,0.7626,True
3811,EDNRB,protenix,cognate,68.09939805450485,86.37705763822336,74.13000022040472,0.7998,True
3812,EDNRB,protenix,cognate,68.29849823719942,86.26962088383982,73.62555482652452,0.84,True
3813,EDNRB,protenix,cognate,68.40557341389095,86.48768829285153,73.87333467271593,0.8127,True
3814,EDNRB,protenix,cognate,68.32429933210784,86.45822846232383,73.90777757432726,0.7886,True
3815,EDNRB,protenix,cognate,68.23383060361618,86.44955292989337,73.84777789645725,0.8362,True
3816,EDNRB,protenix,cognate,67.80523009930974,86.29979030706838,73.41888893975153,0.7917,True
3817,EDNRB,protenix,cognate,67.86733595947008,86.29851927922401,73.53888829549153,0.82,True
3818,EDNRB,protenix,cognate,68.10661757107911,86.27064426547349,73.49222225613065,0.7984,True
3819,EDNRB,protenix,cognate,68.90570733838865,86.22707617302821,73.60888968573676,0.812,True
3820,FSHR,boltz,cognate,83.45349776453251,92.64955024719238,83.27300262451172,0.5409,True
3821,FSHR,boltz,cognate,84.07021869686868,93.15060005187988,83.58200073242188,0.7173,True
3822,FSHR,boltz,cognate,83.8534677354552,92.61170043945312,80.91100311279297,0.7131,True
3823,FSHR,boltz,cognate,83.49029060473545,92.74029998779297,81.4489974975586,0.5869,True
3824,FSHR,boltz,cognate,84.21382578568493,93.38659973144532,84.5999984741211,0.5316,True
3825,FSHR,boltz,cognate,83.83448341424517,93.2379997253418,84.7490005493164,0.5644,True
3826,FSHR,boltz,cognate,83.81662025177222,92.99819984436036,83.97100067138672,0.4881,True
3827,FSHR,boltz,cognate,83.473122378562,92.5653003692627,80.08300018310547,0.7154,True
3828,FSHR,chai,cognate,80.910290231448,87.42235565844724,71.42254534634677,0.8791,True
3829,FZD4,boltz,apo,78.77588257887288,85.71905236495168,71.51799774169922,1.5639,True
3830,FZD4,boltz,apo,78.90806705325676,86.59263169138055,71.8010025024414,1.6724,True
3831,FZD4,boltz,apo,77.39721421112117,85.29242144132915,69.08100128173828,1.7689,True
3832,FZD4,boltz,apo,78.67857915640322,85.81468441611842,71.25199890136719,1.6163,True
3833,FZD4,boltz,apo,78.79964068393245,85.41852569580078,70.33000183105469,1.7551,True
3834,FZD4,boltz,apo,78.74401876069535,87.12815856933594,73.11900329589844,1.5403,True
3835,FZD4,boltz,apo,78.10585833217401,85.45205246774773,70.2969970703125,1.6319,True
3836,FZD4,boltz,apo,77.99478010181164,84.95210587350945,69.1780014038086,1.7514,True
3837,FZD4,boltz,apo,78.94663699556773,85.57221061304996,70.65599822998047,1.6996,True
3838,FZD4,boltz,apo,78.66090499622196,85.60557837235301,69.90299987792969,1.5235,True
3839,FZD4,boltz,apo,78.27519930052802,85.04742070248253,69.16500091552734,2.0056,True
3840,FZD4,boltz,apo,78.09890139702313,86.0971575285259,72.16799926757812,1.5819,True
3841,FZD4,boltz,apo,76.78785291419571,84.41568475020559,69.01300048828125,1.6256,True
3842,FZD4,boltz,apo,79.08329603170327,85.94852648283306,69.63600158691406,1.6241,True
3843,FZD4,boltz,apo,78.57910608046548,86.1384213096217,70.92400360107422,1.5816,True
3844,FZD4,boltz,apo,78.88215077433951,85.26400034051193,69.50499725341797,1.5698,True
3845,FZD4,boltz,apo,78.5881621504629,86.03210529528167,71.28800201416016,1.4563,True
3846,FZD4,boltz,apo,77.20257728193059,85.19421025326378,70.24800109863281,1.7905,True
3847,FZD4,boltz,apo,79.3772161473109,87.40852717349404,74.94300079345703,1.7724,True
3848,FZD4,boltz,apo,79.25228103268302,86.2442626953125,72.19599914550781,1.7007,True
3849,FZD4,boltz,apo,78.47404476428609,85.01073656584087,68.71900177001953,1.6971,True
3850,FZD4,boltz,apo,77.74925874820191,85.17542025917454,71.75199890136719,1.8193,True
3851,FZD4,boltz,apo,78.317871498662,85.19078867059005,70.01899719238281,1.5853,True
3852,FZD4,chai,apo,80.47681867901697,87.71151034464603,69.82821355547223,1.3125,True
3853,FZD4,chai,apo,80.75472055593795,88.00894612346865,69.73085730416435,1.3787,True
3854,FZD4,chai,apo,80.56741264464814,87.71748673940309,69.37050001961845,1.305,True
3855,FZD4,chai,apo,80.67357120308621,88.02437898203172,69.82992853437152,1.3149,True
3856,FSHR,boltz,cognate,83.24205032458408,92.42690048217771,78.70999908447266,0.6068,True
3857,FSHR,boltz,cognate,83.57362148367244,92.89205055236816,83.11299896240234,0.6341,True
3858,FSHR,boltz,cognate,83.59329346032452,93.1113998413086,83.11399841308594,0.5583,True
3859,FSHR,boltz,cognate,83.0756029197638,92.5365505218506,81.94100189208984,0.6253,True
3860,FZD4,chai,apo,80.59081593896349,87.77305985648691,69.25971467154366,1.3281,True
3861,FZD4,chai,apo,80.5247604909659,87.7153660111577,68.80178587777274,1.292,True
3862,FZD4,chai,apo,80.56550820615362,87.67991262558898,69.51192828587124,1.466,True
3863,FZD4,chai,apo,80.53762073493449,87.70504320206508,69.82878576006208,1.3245,True
3864,FZD4,chai,apo,80.62728913657935,87.80833129299035,69.93185642787388,1.2889,True
3865,FZD4,chai,apo,80.65013118283882,87.6227697337091,68.81392805916923,1.3613,True
3866,FZD4,chai,apo,80.36149985528046,87.64453725212934,69.32328605651855,1.3337,True
3867,FZD4,chai,apo,80.27605439516883,87.13531410484983,67.60000092642647,1.3529,True
3868,FSHR,chai,cognate,80.89235964881544,87.48665083409043,71.86118177934127,0.7403,True
3869,FSHR,boltz,cognate,83.35236817504004,92.80625,83.87200164794922,0.7807,True
3870,FSHR,boltz,cognate,84.12489935785746,93.36944999694823,84.7020034790039,0.4829,True
3871,FSHR,boltz,cognate,83.66042454122639,93.1745002746582,84.34200286865234,0.6153,True
3872,FZD4,chai,apo,80.66923814962772,87.87300605365425,69.69664328438895,1.3349,True
3873,FZD4,chai,apo,80.61487221144553,87.76189587202614,69.39564241681781,1.2704,True
3874,FZD4,chai,apo,80.57960037758781,87.73538918226104,69.18492725917271,1.2949,True
3875,FZD4,chai,apo,80.40962060494245,87.27326038659294,67.39214379446847,1.3868,True
3876,FZD4,chai,apo,80.61230941576223,87.65189851439425,68.6137147630964,1.2641,True
3877,FZD4,chai,apo,80.50290802950403,87.56856791946134,68.67585672651019,1.4168,True
3878,FZD4,chai,apo,80.66415423320935,87.87329963918172,69.2972856249128,1.2361,True
3879,FZD4,chai,apo,80.35572361643237,87.38511127613306,69.35457175118583,1.3517,True
3880,FSHR,chai,cognate,81.1124972473318,87.69330492373325,72.66309148615056,0.7293,True
3881,FZD4,chai,apo,80.62888687116855,87.7710833839578,69.30021449497768,1.2807,True
3882,FZD4,chai,apo,80.58793943694738,87.71880914656677,69.11371421813965,1.3157,True
3883,FZD4,chai,apo,80.60540881848573,87.57115756177029,68.04007121494838,1.3239,True
3884,FSHR,boltz,cognate,83.26948060234673,92.99989967346193,83.1510009765625,0.587,True
3885,FSHR,boltz,cognate,83.35418421793327,92.91664962768554,84.46600341796875,0.546,True
3886,FSHR,boltz,cognate,83.30037826428311,92.72694969177246,82.91699981689453,0.6053,True
3887,FSHR,boltz,cognate,83.90168631574232,92.77814979553224,82.10700225830078,0.6525,True
3888,FZD4,protenix,apo,75.79926730761527,83.8060342565687,70.78875017166138,1.2431,True
3889,FZD4,protenix,apo,75.9683539826087,83.79531479685798,70.70999908447266,1.3296,True
3890,FZD4,protenix,apo,76.0760321136631,84.54027280251962,72.26875019073486,1.3022,True
3891,FZD4,protenix,apo,76.1160660964905,84.59851085648066,72.56750011444092,1.3752,True
3892,FZD4,protenix,apo,75.99233664160784,84.54819246916308,72.38250064849854,1.3478,True
3893,FZD4,protenix,apo,76.14567718938156,84.54870119099917,72.33625030517578,1.3026,True
3894,FZD4,protenix,apo,77.07418203286612,84.57635028731481,72.05875062942505,1.3326,True
3895,FZD4,protenix,apo,75.79050926742136,83.83625729082023,71.13999938964844,1.2313,True
3896,FSHR,chai,cognate,81.00345054511621,87.66700112717147,72.25036343661222,0.6107,True
3897,FZD4,protenix,apo,75.6690761791618,83.78915234681115,70.78500175476074,1.2441,True
3898,FZD4,protenix,apo,75.69996578280922,83.84286610759851,71.04500007629395,1.2896,True
3899,FZD4,protenix,apo,75.76105438061835,83.82545723628644,70.96249961853027,1.302,True
3900,FSHR,chai,cognate,80.8752583532668,87.62540158366744,72.56827267733487,0.7896,True
3901,FSHR,chai,cognate,81.03779579228276,87.8388493678821,72.34245508367366,0.771,True
3902,FSHR,chai,cognate,80.96736851927957,87.72998735800793,72.54936495694247,0.7662,True
3903,FSHR,chai,cognate,81.19731237521889,87.60353634684289,71.24581770463423,0.6991,True
3904,FZD4,protenix,apo,75.84254958534872,83.85013579731968,71.10624933242798,1.3304,True
3905,FZD4,protenix,apo,75.77211341954396,83.86326484545457,71.09499931335449,1.2978,True
3906,FZD4,protenix,apo,75.8507336538985,83.82055756460338,71.01500034332275,1.2502,True
3907,FZD4,protenix,apo,75.9559758346215,83.35678058656717,68.1200008392334,1.0431,True
3908,FZD4,protenix,apo,76.97119515457516,84.18316075227305,71.12875032424927,1.3408,True
3909,FZD4,protenix,apo,76.92423383699949,84.14783714796657,71.01249933242798,1.2645,True
3910,FZD4,protenix,apo,76.80674822664486,84.13144485056151,71.13250064849854,1.3128,True
3911,FZD4,protenix,apo,76.94166509174366,84.14636986389819,71.01125049591064,1.3162,True
3912,FSHR,boltz,cognate,83.28837711142121,92.78334999084473,83.85900115966797,0.6124,True
3913,FSHR,chai,cognate,80.99071097119354,87.6331449260409,72.51363650235263,0.7776,True
3914,FSHR,chai,cognate,80.9387324772665,87.75223968843018,72.48309187455611,0.8117,True
3915,FSHR,chai,cognate,81.26214546913688,87.7542665820101,72.49372655695134,0.6401,True
3916,FZD4,protenix,apo,76.98191003388514,83.7262861255525,68.47749948501587,1.0786,True
3917,FZD4,protenix,apo,75.57152876342523,82.90795939559138,68.88124990463257,0.9961,True
3918,FZD4,protenix,apo,75.60122338211283,83.21331172982805,70.2792854309082,1.3091,True
3919,FZD4,protenix,apo,76.00826510885693,82.67787726571696,67.69624900817871,1.0357,True
3920,FZD4,protenix,apo,75.56748697050162,82.73945711685167,67.77874994277954,1.0085,True
3921,FZD4,protenix,apo,76.06414780698394,82.79086556977488,67.91124963760376,0.9989,True
3922,FZD6,boltz,apo,65.32156652769353,83.38855018615723,70.447998046875,1.7945,True
3923,FZD6,boltz,apo,65.20816581715268,82.34825019836425,64.28800201416016,1.4752,True
3924,FZD6,boltz,apo,65.29461199028296,84.36029968261718,72.39099884033203,1.3726,True
3925,FZD6,boltz,apo,64.67978611208562,81.01595001220703,67.11199951171875,1.6745,True
3926,FZD6,boltz,apo,64.7006487292541,83.78790054321288,70.68199920654297,1.4613,True
3927,FZD6,boltz,apo,65.30120960646244,83.67635040283203,71.06099700927734,1.4448,True
3928,FSHR,chai,cognate,81.25154612127967,87.792877757016,72.65436415238814,0.6603,True
3929,FSHR,chai,cognate,81.05888093709666,87.5547421437906,71.63054587624289,0.7702,True
3930,FSHR,chai,cognate,80.92777645955984,87.5829598690077,71.62709045410156,0.8134,True
3931,FSHR,chai,cognate,81.03155781529517,87.55342666010836,71.34890920465642,0.7851,True
3932,FZD6,boltz,apo,65.30120678326226,84.3114501953125,70.23999786376953,1.3573,True
3933,FZD6,boltz,apo,64.73469829829489,83.13545036315918,68.96099853515625,1.6103,True
3934,FZD6,boltz,apo,64.65450141787866,84.13095054626464,71.14700317382812,1.4344,True
3935,FZD6,boltz,apo,64.81009476853498,82.97820014953614,69.73100280761719,1.3499,True
3936,FZD6,boltz,apo,65.29335842726927,83.8353500366211,71.05599975585938,1.526,True
3937,FZD6,boltz,apo,64.82303247370733,83.18504943847657,69.41999816894531,1.5157,True
3938,FZD6,boltz,apo,64.93183854348936,83.9572998046875,70.50399780273438,1.3528,True
3939,FZD6,boltz,apo,64.86485834905176,81.2766502380371,63.88600158691406,1.7173,True
3940,FZD6,boltz,apo,63.528035304364,79.42144927978515,65.40899658203125,1.6991,True
3941,FZD6,boltz,apo,65.59260206789875,84.53560066223145,71.86000061035156,1.5968,True
3942,FZD6,boltz,apo,65.4980764686217,83.94414978027343,72.30999755859375,1.9232,True
3943,FZD6,boltz,apo,65.18443477457711,83.41094970703125,69.46800231933594,1.549,True
3944,FZD6,boltz,apo,65.10011754292604,82.23854942321778,66.01300048828125,1.8421,True
3945,FZD6,boltz,apo,63.79252543733072,80.9601993560791,65.50800323486328,1.8301,True
3946,FZD6,boltz,apo,65.7510948748494,84.82475051879882,73.25700378417969,1.3734,True
3947,FZD6,boltz,apo,65.39552553517285,83.84259986877441,71.4229965209961,1.4012,True
3948,FSHR,chai,cognate,81.16984352226206,87.55954026874527,71.48490975119851,0.7449,True
3949,FSHR,chai,cognate,81.19270750407557,87.57502330204798,71.79818101362748,0.7285,True
3950,FSHR,chai,cognate,81.04670581042684,87.61185194890737,72.19636466286399,0.7929,True
3951,FSHR,chai,cognate,80.87371043892021,87.56341539157245,71.49145438454367,0.8086,True
3952,FZD6,boltz,apo,65.25700410567329,81.03129959106445,62.91400146484375,1.578,True
3953,FZD6,boltz,apo,64.53488236176055,81.48910026550293,64.51200103759766,1.7856,True
3954,FZD6,boltz,apo,64.27211335428038,82.31489906311035,67.73799896240234,1.5376,True
3955,FZD6,chai,apo,74.72019617039703,88.07314872766472,75.24537467956543,1.8244,True
3956,FZD6,chai,apo,75.06849551398362,87.96110232988306,74.0482497215271,1.774,True
3957,FZD6,chai,apo,75.2013982542764,87.02206657428934,69.58712577819824,1.304,True
3958,FZD6,chai,apo,74.84126342566192,86.72279735702112,69.21200132369995,1.3525,True
3959,FZD6,chai,apo,74.76744125118573,88.06062507240632,74.58062505722046,1.7607,True
3960,FZD6,chai,apo,75.03208992149776,88.2390954647023,74.77150011062622,1.7182,True
3961,FZD6,chai,apo,74.82711348401259,88.08968946093604,74.61262607574463,1.7457,True
3962,FZD6,chai,apo,74.5999877053719,87.90883236541721,74.98425054550171,1.8205,True
3963,FZD6,chai,apo,74.83098455470112,87.72770964030752,72.30437469482422,1.6829,True
3964,FZD6,chai,apo,74.8977813588228,88.10630844454744,75.07999897003174,1.8049,True
3965,FZD6,chai,apo,74.55870142744537,86.56316803142278,68.46275043487549,1.2983,True
3966,FZD6,chai,apo,75.29041288959503,87.98371615574301,73.97650098800659,1.92,True
3967,FZD6,chai,apo,74.3714672571922,86.64670487304097,69.20812559127808,1.3067,True
3968,FZD6,chai,apo,75.15435589675356,87.82987664666527,74.55312395095825,1.8434,True
3969,FZD6,chai,apo,74.73597615416588,87.89456014337307,73.78175067901611,1.7905,True
3970,FZD6,chai,apo,74.76256092422426,87.89433979182361,74.70500040054321,1.8742,True
3971,FZD6,chai,apo,74.96298187090089,87.68056807518693,74.28450059890747,1.8551,True
3972,FZD6,chai,apo,74.91547839186806,88.01774048108902,74.14475059509277,1.8328,True
3973,FZD6,chai,apo,74.85577105705828,88.18815353047452,74.66662359237671,1.6228,True
3974,FZD6,chai,apo,75.30545750608862,87.87111171696266,74.4707498550415,1.8076,True
3975,FZD6,chai,apo,74.94505185033867,88.14617920590686,74.78912448883057,1.7461,True
3976,FZD6,chai,apo,74.68904108331445,87.96605844755022,74.1078748703003,1.8348,True
3977,FZD6,chai,apo,75.07446019277272,88.08312654800746,74.82624912261963,1.7627,True
3978,FZD6,chai,apo,75.13554301215704,88.11621466984823,74.63412666320801,1.7511,True
3979,FZD6,chai,apo,75.37574168280662,88.00015109463344,73.76024961471558,1.9307,True
3980,FZD6,protenix,apo,69.5868213371413,83.57601059973497,72.8324990272522,1.2818,True
3981,FZD6,protenix,apo,69.87119381722722,83.43749791102663,72.82499980926514,1.3437,True
3982,FZD6,protenix,apo,70.13682732751295,83.38066349672205,72.85875129699707,1.286,True
3983,FZD6,protenix,apo,69.95870473747462,83.4126597141153,72.97875165939331,1.3464,True
3984,FZD6,protenix,apo,69.97538721728296,83.51473529057414,72.7837495803833,1.3552,True
3985,FZD6,protenix,apo,69.6722580345396,83.53258487826645,72.80375099182129,1.2837,True
3986,FZD6,protenix,apo,69.6194958775115,83.54785330269416,72.76500082015991,1.3027,True
3987,FZD6,protenix,apo,69.7143928981413,83.51425332211141,72.7574987411499,1.2626,True
3988,FZD6,protenix,apo,69.98174711938722,83.42010631470453,72.91625022888184,1.276,True
3989,FZD6,protenix,apo,70.17864565473279,83.41579903947327,72.93499994277954,1.3334,True
3990,FZD6,protenix,apo,69.95045901627935,83.6046473469397,73.04124927520752,1.2749,True
3991,FZD6,protenix,apo,70.37813762647394,83.56136056460343,73.12124872207642,1.2864,True
3992,FZD6,protenix,apo,70.43327032999954,83.6310729736064,73.3462495803833,1.2988,True
3993,FZD6,protenix,apo,70.40643757594356,83.66106554040317,73.29499959945679,1.2886,True
3994,FZD6,protenix,apo,70.34823829040263,83.66296006610727,73.34625005722046,1.3247,True
3995,FZD6,protenix,apo,70.12889001489188,83.59576044062686,73.28625059127808,1.2845,True
3996,FZD6,protenix,apo,69.86600135596454,82.93592259354749,70.93875122070312,1.2421,True
3997,FZD6,protenix,apo,69.85318855909276,83.0330729247722,71.45374965667725,1.3051,True
3998,FZD6,protenix,apo,69.97489302221852,83.0462575003664,71.61250114440918,1.3174,True
3999,FZD6,protenix,apo,69.91924785044368,83.58191491488944,73.11999988555908,1.2703,True
4000,FZD4,chai,apo,80.70116877680509,87.77870721796012,68.48814255850655,1.2779,True
4001,FSHR,chai,cognate,81.12445384047305,87.5867516263326,72.02109042080966,0.7904,True
4002,FSHR,chai,cognate,81.04490915022498,87.52430985013129,71.50481761585583,0.8712,True
4003,FSHR,chai,cognate,81.10934117524998,87.5991744708602,71.72954698042436,0.6569,True
4004,FZD4,chai,apo,80.557219052307,87.68149054561977,69.7752857208252,1.3245,True
4005,FSHR,chai,cognate,81.23279389266119,87.65551451165612,72.19272752241655,0.8344,True
4006,FSHR,chai,cognate,81.11823887430056,87.66223611339001,72.0594551780007,0.7937,True
4007,FSHR,chai,cognate,81.17509328652015,87.65782327616198,72.06045393510298,0.6768,True
4008,FZD6,protenix,apo,70.0326049609834,83.54008157450055,73.052499294281,1.2292,True
4009,FZD6,protenix,apo,70.28598676951812,83.53207708104176,73.17500019073486,1.2742,True
4010,FZD6,protenix,apo,70.20293803863778,83.60367195733525,73.3174991607666,1.2812,True
4011,FSHR,protenix,cognate,75.17657141210702,82.71667178118899,69.42727279663086,0.5783,True
4012,FSHR,protenix,cognate,75.15510006743098,82.7185679114811,69.45818155462092,0.5888,True
4013,FZD4,boltz,apo,79.05696652233046,86.0405791433234,70.36900329589844,1.5615,True
4014,FZD4,boltz,apo,79.1582366119328,86.2562111302426,71.29499816894531,1.7094,True
4015,FSHR,protenix,cognate,75.24722517524143,83.34903784242715,69.89818122170188,0.5952,True
4016,FSHR,protenix,cognate,75.09379308186632,82.68574478025559,69.44363646073775,0.5826,True
4017,FSHR,protenix,cognate,75.08071088593519,82.73592985266042,69.47272699529475,0.6128,True
4018,FZD6,protenix,apo,70.17035704581724,83.00670794596405,71.43125009536743,1.3061,True
4019,FZD6,protenix,apo,70.27246712980812,82.95602432632859,71.25375032424927,1.3242,True
4020,FSHR,protenix,cognate,75.23022119692907,83.37039336609118,69.17636316472834,0.5711,True
4021,FSHR,protenix,cognate,75.0006698582098,82.53803555130098,68.49363535100764,0.56,True
4022,FSHR,protenix,cognate,75.06502019409291,83.20426344369226,69.32636365023527,0.6392,True
4023,FSHR,protenix,cognate,74.93252803333341,83.19428027803937,69.26454544067383,0.5689,True
4024,FSHR,protenix,cognate,75.21624572303072,83.40455041795927,69.29181844537908,0.5487,True
4025,FSHR,protenix,cognate,75.38117369292262,83.38796572964601,69.17545422640714,0.5799,True
4026,FSHR,protenix,cognate,75.09949982531184,82.52769805987333,68.43545566905628,0.5857,True
4027,FSHR,protenix,cognate,75.26534460382511,82.54449615223237,68.44181789051403,0.5991,True
4028,FSHR,protenix,cognate,75.35253706443415,82.49080798064476,68.36636421897195,0.5327,True
4029,FSHR,protenix,cognate,75.17683925977116,82.54379504878798,68.47727168690075,0.5381,True
4030,FSHR,protenix,cognate,75.29533770486778,83.38155788494566,69.19454505226828,0.5761,True
4031,FSHR,protenix,cognate,75.15687770459162,83.40331696942428,69.25363748723811,0.5537,True
4032,FSHR,protenix,cognate,75.21572698295088,83.33666963229105,69.84999986128373,0.5453,True
4033,FSHR,protenix,cognate,75.3236162395468,83.29305011972204,69.78363730690695,0.6207,True
4034,FSHR,protenix,cognate,75.32397365642886,83.30743902397707,69.83181762695312,0.5499,True
4035,FSHR,protenix,cognate,75.32944976664115,83.35441967289856,69.94181858409534,0.6075,True
4036,FSHR,protenix,cognate,74.91755097467593,83.22375401876705,69.26363650235263,0.578,True
4037,FSHR,protenix,cognate,75.18175627793212,83.19455645822687,69.21181730790572,0.5384,True
4038,FSHR,protenix,cognate,75.30937484423191,83.22346320876139,69.26090934059836,0.581,True
4039,FSHR,protenix,cognate,75.11140627988193,82.77457909649414,69.4609094099565,0.5903,True
4040,FZD6,boltz,cognate,65.81689385314164,88.55089988708497,81.66899871826172,1.3107,True
4041,FZD6,boltz,cognate,65.62472949689914,87.40755043029785,79.83100128173828,1.3238,True
4042,FZD6,boltz,cognate,65.93894907165182,87.35609931945801,80.0979995727539,1.4341,True
4043,FZD6,boltz,cognate,65.50533417871924,87.2284999847412,80.1729965209961,1.3902,True
4044,FZD6,boltz,cognate,65.71710055948317,87.47744979858399,80.1449966430664,1.3224,True
4045,FZD6,boltz,cognate,66.17200996247635,88.2545997619629,81.7699966430664,1.3247,True
4046,FZD6,boltz,cognate,65.91618550060153,87.66464881896972,78.36799621582031,1.4169,True
4047,FZD6,boltz,cognate,65.28353821589657,87.46779975891113,80.37300109863281,1.3541,True
4048,FZD6,boltz,cognate,65.976771805847,87.71989936828614,80.65899658203125,1.3514,True
4049,FZD6,boltz,cognate,65.8870112335378,88.0305004119873,81.60199737548828,1.3535,True
4050,FZD6,boltz,cognate,66.54858779907227,88.29474906921386,81.26899719238281,1.3848,True
4051,FZD6,boltz,cognate,66.16415724065419,88.21959991455078,81.69999694824219,1.3595,True
4052,FZD6,boltz,cognate,65.17211048731384,87.67205009460449,80.95899963378906,1.3615,True
4053,FZD6,boltz,cognate,65.30943479078687,87.40124969482422,79.95999908447266,1.3585,True
4054,FZD6,boltz,cognate,65.77950697512532,87.61810073852538,79.81400299072266,1.3453,True
4055,FZD6,boltz,cognate,65.0080353950306,87.0503002166748,80.7229995727539,1.4128,True
4056,FZD6,boltz,cognate,65.62290368066631,87.6210994720459,79.65399932861328,1.3698,True
4057,FZD6,chai,cognate,71.23694978197916,84.21139182522872,69.66250133514404,1.3481,True
4058,FZD6,boltz,cognate,65.88508922047386,88.13185081481933,81.63400268554688,1.3012,True
4059,FZD6,boltz,cognate,65.42548021581288,87.81190071105956,81.47000122070312,1.3841,True
4060,FZD6,boltz,cognate,65.78709913853545,88.66295013427734,82.14399719238281,1.32,True
4061,FZD6,boltz,cognate,66.18834418277902,87.78409957885742,80.11900329589844,1.3462,True
4062,FZD6,boltz,cognate,65.18301277592904,87.81829986572265,81.22599792480469,1.3023,True
4063,FZD6,boltz,cognate,65.45950122865672,87.97600021362305,80.98999786376953,1.2856,True
4064,FZD6,boltz,cognate,65.75356803061942,87.70390014648437,81.69000244140625,1.4718,True
4065,FZD6,boltz,cognate,66.24742349889394,88.15909881591797,81.38300323486328,1.3458,True
4066,FZD6,chai,cognate,71.26083362484704,84.2629908788359,69.71062564849854,1.3003,True
4067,FZD6,chai,cognate,71.20734127975406,84.14416339987112,67.8933744430542,1.3856,True
4068,FZD7,boltz,apo,76.52876319619422,87.34995040893554,75.28500366210938,1.4968,True
4069,FZD7,boltz,apo,78.70029449795182,89.39010047912598,76.48999786376953,1.4025,True
4070,FZD7,boltz,apo,76.92268468278625,87.98750038146973,76.19300079345703,1.4776,True
4071,FZD7,boltz,apo,76.97679450869146,87.99765014648438,76.19599914550781,1.3146,True
4072,FZD7,boltz,apo,76.97517764194502,87.34520034790039,74.39199829101562,1.434,True
4073,FZD7,boltz,apo,76.8978258724412,87.88149986267089,75.5479965209961,1.4239,True
4074,FZD7,boltz,apo,78.47788692102199,88.6216999053955,75.31800079345703,1.3467,True
4075,FZD7,boltz,apo,78.03585533647171,88.58259887695313,77.12799835205078,1.3064,True
4076,FZD7,boltz,apo,77.76305391730332,88.49304962158203,75.16200256347656,1.3697,True
4077,FZD7,boltz,apo,76.88975271696829,88.36284980773925,76.87899780273438,1.42,True
4078,FZD7,boltz,apo,76.75941123031988,88.15660018920899,76.18399810791016,1.4205,True
4079,FZD7,boltz,apo,77.90240941064283,88.1708999633789,76.70899963378906,1.3253,True
4080,FZD7,boltz,apo,77.454703925794,87.53530044555664,74.10900115966797,1.4135,True
4081,FZD7,boltz,apo,77.36176654270717,87.6757999420166,74.2040023803711,1.373,True
4082,FZD7,boltz,apo,77.40614125454468,87.1101001739502,73.5469970703125,1.3415,True
4083,FZD7,boltz,apo,77.1701376346761,87.7400001525879,75.6969985961914,1.4737,True
4084,FZD7,boltz,apo,78.69052963389753,89.42590026855468,79.17400360107422,1.3212,True
4085,FZD7,boltz,apo,77.6258014253623,88.249800491333,76.23400115966797,1.4308,True
4086,FZD7,boltz,apo,77.01965672296929,86.55975036621093,74.01200103759766,1.3915,True
4087,FZD7,boltz,apo,77.0016758782523,88.32900047302246,77.62899780273438,1.366,True
4088,FZD7,boltz,apo,76.59662022407878,86.42155036926269,72.21800231933594,1.544,True
4089,FZD7,chai,apo,77.96228733988985,86.65862375076372,71.78457123892647,1.2591,True
4090,FZD7,chai,apo,77.91780612911545,86.22147654293248,70.65157072884696,1.2936,True
4091,FZD7,chai,apo,77.93422216099111,86.92809965720596,71.50957134791783,1.3707,True
4092,FZD7,chai,apo,77.87994857868037,86.70826267446103,71.57171440124512,1.2851,True
4093,FZD7,chai,apo,78.01203395316314,86.65741215932248,71.78678594316754,1.3239,True
4094,FZD7,chai,apo,77.98174409375808,86.85527867108024,71.31950078691754,1.2836,True
4095,FZD7,chai,apo,77.90694942452788,86.4382110919099,70.90700095040458,1.3521,True
4096,FZD7,chai,apo,78.05807581002371,87.01713628421442,71.78650065830776,1.3261,True
4097,FZD7,chai,apo,77.88460659474403,86.53890990939146,71.12907137189593,1.3237,True
4098,FZD7,chai,apo,77.9003629821445,86.14459452911201,71.04121426173619,1.3403,True
4099,FZD7,chai,apo,77.92586540552689,86.25626355524875,70.83157103402274,1.2988,True
4100,FZD7,chai,apo,77.8833453168787,86.44395905610975,71.31071390424457,1.3204,True
4101,FZD7,chai,apo,78.04795038113907,86.52371858642215,70.88214274815151,1.3595,True
4102,FZD7,chai,apo,77.79486411669255,86.70149658589824,71.7581421988351,1.2798,True
4103,FZD7,chai,apo,77.83113263284643,86.73491723334463,71.3644278390067,1.3411,True
4104,FZD6,chai,cognate,71.0901701550501,84.21558274200984,68.82112455368042,1.5177,True
4105,FZD6,chai,cognate,71.33339278106992,84.47379999879806,69.42525148391724,1.2804,True
4106,FZD6,chai,cognate,71.34497811303066,84.77420803447822,70.50487470626831,1.8616,True
4107,FZD6,chai,cognate,71.28998826308572,84.72822021404559,70.4347505569458,1.7183,True
4108,FZD7,chai,apo,77.83281054601198,86.43459921337309,71.11278615679059,1.3389,True
4109,FZD7,chai,apo,77.80301940949697,86.39019642062,70.53114318847656,1.2704,True
4110,FZD7,chai,apo,77.86425118689144,86.32782836091123,70.38142912728446,1.3472,True
4111,FZD7,chai,apo,78.07537861914608,86.90409110080972,71.45571408952985,1.3177,True
4112,FZD7,chai,apo,77.96891761627494,86.29438375243205,70.59507097516742,1.3244,True
4113,FZD7,chai,apo,77.76485788117638,86.66711723646218,71.86699948992047,1.2734,True
4114,FZD7,protenix,apo,75.63282374058389,85.68563822949946,73.93214198521206,0.5983,True
4115,FZD7,protenix,apo,75.23582390579999,85.33530410282196,73.54928588867188,0.5575,True
4116,FZD7,protenix,apo,75.80822206300583,85.94967423139023,74.09071459089007,0.625,True
4117,FZD7,protenix,apo,76.33261146184445,85.81855991227287,73.81071472167969,0.583,True
4118,FZD7,protenix,apo,76.15435934802655,85.86056654738829,73.80714307512555,0.6021,True
4119,FZD7,protenix,apo,75.16276616530972,84.67354150217506,73.25357164655414,0.6023,True
4120,FZD7,protenix,apo,75.65555178926628,85.37680397921311,73.7057135445731,0.6279,True
4121,FZD7,protenix,apo,75.58625973678754,85.14636132128827,73.69857134137835,0.6462,True
4122,FZD7,protenix,apo,75.52163313749809,84.69858384600278,73.32428632463727,0.6191,True
4123,FZD7,protenix,apo,75.90300871194934,85.24351302087737,73.3192858014788,0.6086,True
4124,FZD7,protenix,apo,74.79143898368451,84.73512068221407,73.31750106811523,0.591,True
4125,FZD7,protenix,apo,75.50586767188061,85.23916217747532,73.1957141331264,0.6256,True
4126,FZD7,protenix,apo,75.41187133915051,85.45715422279389,73.526428767613,0.6119,True
4127,FZD7,protenix,apo,76.12314118043415,85.46537167650969,72.95357131958008,0.585,True
4128,FZD7,protenix,apo,76.22569249174148,85.52177276191601,73.18642915998187,0.6257,True
4129,FZD7,protenix,apo,75.36834199097406,85.09122060398002,74.54428536551339,0.6239,True
4130,FZD7,protenix,apo,75.20424806867253,85.30405666893522,74.39214215959821,0.582,True
4131,FZD7,protenix,apo,75.21977834368708,84.65416093412759,73.24999952316284,0.5611,True
4132,FZD7,protenix,apo,75.55075967075732,85.29054781795408,74.35928562709263,0.6675,True
4133,FZD7,protenix,apo,75.65087721343205,85.58076822981346,73.27142824445453,0.5901,True
4134,FZD7,protenix,apo,74.94132541856041,84.95757513579524,73.65124940872192,0.6639,True
4135,FZD7,protenix,apo,75.69572252948059,85.36499895746746,74.43857084001813,0.6346,True
4136,FZD6,chai,cognate,71.13946501249798,84.51450536222856,69.8976240158081,2.008,True
4137,FZD6,chai,cognate,71.07566268223067,83.57229211723993,66.80449914932251,1.4096,True
4138,FZD6,chai,cognate,71.18181801094242,84.35191269108056,70.11350154876709,1.4004,True
4139,FZD6,chai,cognate,71.1568134726707,84.58394661330215,70.45900011062622,1.8398,True
4140,FZD7,boltz,apo,76.64593201148801,88.08145027160644,76.70700073242188,1.3809,True
4141,FZD7,protenix,apo,75.53338914790884,85.39973096537899,74.48571450369698,0.6615,True
4142,FZD7,protenix,apo,75.64497728025474,85.33261885209518,73.90785653250558,0.6605,True
4143,FZD7,boltz,cognate,74.48249124068417,88.32335014343262,74.4219970703125,0.6403,True
4144,FZD6,chai,cognate,71.27937605091503,84.727796915558,70.29687404632568,1.6955,True
4145,FZD6,chai,cognate,71.11184319029468,84.41758681781708,70.0153751373291,1.3923,True
4146,FZD7,boltz,apo,76.78647734479206,88.36644973754883,77.0979995727539,1.3682,True
4147,FZD7,boltz,apo,76.81042150836373,88.48404998779297,75.68399810791016,1.3537,True
4148,FZD7,chai,apo,77.89097827804095,86.31166425387752,70.92957033429828,1.3559,True
4149,FZD7,chai,apo,77.9828709156746,86.54021596860403,71.12757165091378,1.2507,True
4150,FZD6,chai,cognate,71.43217179210927,84.38744427181426,69.81537532806396,1.3231,True
4151,FZD6,chai,cognate,71.20109245746693,84.05823107603824,69.52537536621094,1.3775,True
4152,FZD6,chai,cognate,71.34914024301736,84.79550498260564,71.04025173187256,1.5981,True
4153,FZD6,chai,cognate,71.11370530045559,84.0489696182248,69.91587591171265,1.3598,True
4154,FZD7,chai,apo,77.97346257756983,86.76935975283254,72.0598566872733,1.3175,True
4155,FZD7,chai,apo,77.9406583096709,86.6388852911422,71.67814309256417,1.3275,True
4156,FZD6,chai,cognate,71.51428697935158,84.69393373631124,70.2111234664917,2.0312,True
4157,FZD6,chai,cognate,71.29292883610933,84.59509139394692,69.85112428665161,1.3561,True
4158,FZD6,chai,cognate,71.3828767696341,84.67227393045054,70.2377495765686,1.2835,True
4159,FZD6,chai,cognate,71.0131488889489,83.2274452646539,65.84237480163574,1.7572,True
4160,FZD7,protenix,apo,75.48774890257386,85.29960485605622,74.12857164655414,0.6261,True
4161,FZD6,protenix,cognate,64.92064448753747,80.818804592639,69.92250061035156,1.2358,True
4162,FZD6,protenix,cognate,65.04261560188087,80.9279698302598,69.95875024795532,1.2299,True
4163,FZD7,boltz,apo,77.64218298151103,87.87315063476562,74.43699645996094,1.2872,True
4164,FZD6,chai,cognate,71.03671218820054,83.72033480163259,68.03662633895874,1.5143,True
4165,FZD6,chai,cognate,71.16782811918243,84.18744902366511,69.8285002708435,1.3355,True
4166,FZD6,chai,cognate,71.32573317406603,84.68199953611796,70.09800052642822,1.9306,True
4167,FZD6,chai,cognate,71.35977897098552,84.29543958156827,70.07987451553345,1.345,True
4168,FZD7,boltz,cognate,73.52529796241468,87.24839973449707,77.15699768066406,0.6366,True
4169,FZD6,protenix,cognate,64.76241974668949,80.6134930411596,69.59124898910522,1.2366,True
4170,FZD6,protenix,cognate,64.96399780019429,80.63551905682937,69.71000003814697,1.2652,True
4171,FZD6,protenix,cognate,65.19172133588069,80.762411794401,69.9137487411499,1.2228,True
4172,FZD6,protenix,cognate,65.00034775124561,81.24614000766995,71.76714379446847,1.2705,True
4173,FZD6,protenix,cognate,63.87817776082284,79.23607848455036,68.8412504196167,1.2404,True
4174,FZD6,protenix,cognate,63.98934366548187,79.35070729908661,69.1062502861023,1.2343,True
4175,FZD6,protenix,cognate,64.81283000730807,80.72151060086479,69.72999954223633,1.2633,True
4176,FZD6,protenix,cognate,64.85162466285315,80.7883778328985,69.84375143051147,1.2511,True
4177,FZD6,protenix,cognate,64.97211922709188,81.14452899905339,71.42642865862165,1.2474,True
4178,FZD6,protenix,cognate,64.83282674268193,81.32280971693613,71.94285692487445,1.2353,True
4179,FZD6,protenix,cognate,65.06235251507366,81.32815592846313,71.92000034877232,1.2601,True
4180,FZD6,protenix,cognate,65.121271365105,81.26186152353603,72.0321431841169,1.2862,True
4181,FZD6,protenix,cognate,63.60473113767459,79.50358779656078,70.37428665161133,1.2074,True
4182,FZD6,protenix,cognate,63.740891472646915,79.56758276207277,70.55999919346401,1.2699,True
4183,FZD6,protenix,cognate,63.47647607463032,79.70570659013364,70.74857085091728,1.2941,True
4184,FZD6,protenix,cognate,63.86851024662869,79.53518931096423,70.61142812456403,1.2724,True
4185,FZD6,protenix,cognate,63.46417356450353,79.18922526971946,68.85875034332275,1.2484,True
4186,FZD6,protenix,cognate,63.7336270555171,79.13267758434813,68.8600001335144,1.2224,True
4187,FZD6,protenix,cognate,62.71418116657304,79.54170353096113,69.416250705719,1.2512,True
4188,FZD6,protenix,cognate,64.04118086441036,79.63628366371942,70.84357125418526,1.2476,True
4189,FZD6,protenix,cognate,65.0427390197303,80.95267730401193,70.18124914169312,1.2016,True
4190,FZD6,protenix,cognate,65.03864917522428,80.9106570206748,70.2012505531311,1.2433,True
4191,FZD6,protenix,cognate,65.00795325190317,80.89182325476004,69.87374877929688,1.2359,True
4192,FZD7,boltz,cognate,72.5049284958258,84.25880012512206,68.01100158691406,1.2117,True
4193,FZD7,boltz,cognate,73.1778624498055,87.72755088806153,76.53800201416016,0.6216,True
4194,FZD7,boltz,cognate,73.28225261076817,86.64189987182617,73.82099914550781,0.6384,True
4195,FZD7,boltz,cognate,73.79398604137141,88.08165054321289,74.50499725341797,0.692,True
4196,FZD7,boltz,cognate,75.07466213213027,89.22545051574707,77.46800231933594,0.6556,True
4197,FZD7,boltz,cognate,74.22009216866842,88.76505012512207,75.447998046875,0.7105,True
4198,FZD7,boltz,cognate,72.2232177947041,83.4114501953125,69.26399993896484,1.2147,True
4199,FZD7,boltz,cognate,74.08595459967955,87.08619956970215,70.677001953125,0.8019,True
4200,FZD7,boltz,cognate,71.92045474966228,83.67599945068359,67.9749984741211,1.3989,True
4201,FZD7,boltz,cognate,75.48109063204988,89.35769996643066,78.81800079345703,0.6957,True
4202,FZD7,boltz,cognate,75.57581881280561,89.16639938354493,76.44100189208984,0.5987,True
4203,FZD7,boltz,cognate,74.21290433199148,87.1886001586914,74.99800109863281,1.342,True
4204,FZD7,boltz,cognate,73.13180828094482,85.2231990814209,71.572998046875,1.3265,True
4205,FZD7,boltz,cognate,73.88618114351812,88.29979972839355,76.10199737548828,0.6596,True
4206,FZD7,boltz,cognate,75.56036592942081,89.41735000610352,78.08799743652344,0.6454,True
4207,FZD7,boltz,cognate,72.35934672538411,84.90320053100587,71.45500183105469,1.3938,True
4208,GCGR,boltz,apo,69.74272335300405,82.29942141081158,63.50899887084961,3.3757,True
4209,GCGR,boltz,apo,69.51271700509189,81.3342100444593,58.79100036621094,3.45,True
4210,GCGR,boltz,apo,67.73392451784146,79.51484198319285,53.757999420166016,3.5284,True
4211,GCGR,boltz,apo,71.07163097773459,83.58621095356189,65.18499755859375,3.3465,True
4212,FZD7,boltz,cognate,74.44802604901251,88.32610054016114,76.10800170898438,0.606,True
4213,FZD7,boltz,cognate,74.50342697715095,88.68139991760253,76.21099853515625,0.7105,True
4214,FZD7,boltz,cognate,73.9712072066729,88.02414970397949,73.38300323486328,0.6961,True
4215,FZD7,boltz,cognate,72.88354351628533,86.41275024414062,74.44300079345703,0.627,True
4216,GCGR,boltz,apo,70.46676310653207,81.86963131553249,62.12799835205078,3.2917,True
4217,GCGR,boltz,apo,70.58661212161402,82.36752620496247,62.3849983215332,3.5267,True
4218,GCGR,boltz,apo,69.9735449704984,81.64910527279503,60.08700180053711,3.3053,True
4219,GCGR,boltz,apo,68.50149063094356,79.72784283286647,62.54800033569336,3.5643,True
4220,GCGR,boltz,apo,71.10967922410624,83.6324731927169,67.30000305175781,3.4239,True
4221,GCGR,boltz,apo,70.65159529759948,82.90842096429122,61.80799865722656,3.2883,True
4222,GCGR,boltz,apo,70.29407546805136,82.93631583765934,65.70999908447266,3.3446,True
4223,GCGR,boltz,apo,69.274006333741,81.04373731111225,59.33100128173828,3.498,True
4224,GCGR,boltz,apo,66.98386164331336,78.49884233976665,59.51499938964844,3.4057,True
4225,GCGR,boltz,apo,70.58280691310794,82.33120988544665,60.18899917602539,3.4893,True
4226,GCGR,boltz,apo,69.59124531935846,81.97521049097965,60.71799850463867,3.47,True
4227,GCGR,boltz,apo,69.52436693459437,82.21552597848992,60.90399932861328,3.6793,True
4228,GCGR,boltz,apo,69.513203370996,82.75621032714844,64.86799621582031,3.3509,True
4229,GCGR,boltz,apo,69.15971690803704,81.5797886095549,57.55799865722656,3.439,True
4230,GCGR,boltz,apo,69.16561631336651,81.00984191894531,60.1619987487793,3.6336,True
4231,GCGR,chai,apo,74.80935694778192,79.63913934043757,56.68481861461293,3.3275,True
4232,FZD7,boltz,cognate,73.46277874272045,88.57594985961914,74.7229995727539,0.6977,True
4233,FZD7,boltz,cognate,74.14085192796661,88.83875007629395,77.83999633789062,0.78,True
4234,FZD7,boltz,cognate,73.50338676000722,87.94265060424804,73.74800109863281,0.7349,True
4235,FZD7,chai,cognate,76.5404020510345,85.35741392042041,68.63649994986397,1.3271,True
4236,GCGR,boltz,apo,69.10663517166233,81.57652644107216,64.04299926757812,3.1951,True
4237,GCGR,boltz,apo,68.42149680115642,80.4873151277241,59.500999450683594,3.653,True
4238,GCGR,boltz,apo,71.07631654959305,82.79742030093544,63.137001037597656,3.3849,True
4239,GCGR,boltz,apo,70.24308596916919,83.44657938103927,63.720001220703125,3.4146,True
4240,GCGR,chai,apo,74.64954366380196,79.46880548242069,57.906363400545985,3.246,True
4241,GCGR,chai,apo,74.75350194865409,79.69432706472912,58.62372727827592,3.2162,True
4242,GCGR,chai,apo,74.70738908397158,79.81878917340927,58.587272297252305,3.254,True
4243,GCGR,chai,apo,74.57055031074482,79.6474938082715,58.4966364773837,3.2403,True
4244,GCGR,chai,apo,74.55155890071849,79.63379718087803,58.38100017200816,3.2764,True
4245,GCGR,chai,apo,74.53911422234613,79.76717943374194,58.39463598077947,3.2358,True
4246,GCGR,chai,apo,74.83001124278094,80.17229858546773,59.30072715065696,3.2458,True
4247,GCGR,chai,apo,74.87348893840068,80.02143245316624,59.46836298162287,3.2497,True
4248,FZD7,chai,cognate,76.65465924165845,85.61461234336981,68.95214298793248,1.3026,True
4249,FZD7,chai,cognate,76.4297396206888,85.41568698528697,68.89771488734654,1.3812,True
4250,FZD7,chai,cognate,76.58593515392646,85.71755995712583,69.18799999782017,1.275,True
4251,FZD7,chai,cognate,76.68704747805452,85.413145285733,69.22371428353446,1.2214,True
4252,GCGR,chai,apo,74.4993423837754,79.91279295209131,58.68027253584428,3.2295,True
4253,GCGR,chai,apo,74.7646498320428,79.73775724195316,57.75990850275213,3.3733,True
4254,GCGR,chai,apo,74.71354009008228,79.64941054899202,58.06254612315785,3.292,True
4255,GCGR,chai,apo,74.93576021175026,80.20175676053937,59.77945466475053,3.246,True
4256,GCGR,chai,apo,74.49572705690002,79.62631882981665,58.2142729325728,3.2589,True
4257,GCGR,chai,apo,75.00402058196195,80.31062211524637,58.767273296009414,3.296,True
4258,GCGR,chai,apo,74.88132475393978,80.17832663460673,59.76954546841708,3.2265,True
4259,GCGR,chai,apo,74.62075975187844,79.5567425408649,57.67600007490678,3.2828,True
4260,GCGR,chai,apo,74.64036949728363,79.76778683054371,58.15163664384322,3.2599,True
4261,GCGR,chai,apo,74.47012664136771,79.22867720713964,55.21954553777521,3.264,True
4262,GCGR,chai,apo,74.63010953368362,79.52392907935376,57.50354489413175,3.3516,True
4263,GCGR,chai,apo,74.66648412581621,79.92195692615013,58.32481835105202,3.2913,True
4264,FZD7,chai,cognate,76.68625880661236,85.72937750131709,69.58528627668109,1.2272,True
4265,FZD7,chai,cognate,76.56519085984395,85.55108954569305,69.18464306422642,1.2626,True
4266,FZD7,chai,cognate,76.6861866685408,85.63515977450092,69.5177138192313,1.3573,True
4267,FZD7,chai,cognate,76.55189040315078,85.69297693756235,69.21642793927874,1.3737,True
4268,GCGR,chai,apo,74.72511463218412,79.90806491591353,59.41163565895774,3.2616,True
4269,GCGR,chai,apo,74.50851079625545,79.84108276361394,58.540727788751774,3.242,True
4270,GCGR,chai,apo,74.94165502348082,79.4725810624241,56.75281836769798,3.3672,True
4271,GCGR,chai,apo,74.57372799243333,79.50439405324673,57.036636699329726,3.305,True
4272,GCGR,protenix,apo,74.44647879075927,82.44014907136379,55.551818500865586,3.4332,True
4273,GCGR,protenix,apo,74.61057617610842,82.64756367673921,55.96000012484464,3.4604,True
4274,GCGR,protenix,apo,74.559380459318,82.9737690690131,59.67999995838512,3.4026,True
4275,GCGR,protenix,apo,74.39536059027135,83.03464583603117,59.58181797374379,3.4218,True
4276,GCGR,protenix,apo,74.45138280678745,83.0502882849032,59.78272698142312,3.4315,True
4277,GCGR,protenix,apo,74.38381016396217,83.03669144277052,60.413636294278234,3.4471,True
4278,GCGR,protenix,apo,74.41406054648316,83.03111888328954,60.190000013871625,3.4704,True
4279,GCGR,protenix,apo,74.46329614558366,83.01782383003619,60.38727222789418,3.4239,True
4280,GCGR,protenix,apo,74.54348702581122,82.69745269066163,59.2418178211559,3.4477,True
4281,GCGR,protenix,apo,74.38139641885668,82.53890088460092,56.19000036066229,3.4698,True
4282,GCGR,protenix,apo,74.34944425888189,82.89482062583072,59.422727064652875,3.4082,True
4283,GCGR,protenix,apo,74.6116190755652,82.49332514861598,55.33454582907937,3.4062,True
4284,GCGR,protenix,apo,74.51932428483038,82.55730451411625,55.82727258855646,3.385,True
4285,GCGR,protenix,apo,74.4419533165456,82.34525659189887,55.04909133911133,3.4654,True
4286,GCGR,protenix,apo,74.51047430522313,82.95505947531097,59.80454531582919,3.4206,True
4287,GCGR,protenix,apo,73.92813925697867,82.79706027527158,59.63091000643644,3.4555,True
4288,GCGR,protenix,apo,74.13065089572825,82.45616718497065,56.069091796875,3.4635,True
4289,GCGR,protenix,apo,74.28810416854978,82.32958283259602,56.044545607133344,3.4696,True
4290,GCGR,protenix,apo,74.02590005235594,82.67928164225646,58.84454623135653,3.5255,True
4291,GCGR,protenix,apo,74.16288576326087,82.83310226581811,59.80727351795543,3.4319,True
4292,FZD7,chai,cognate,76.386317937419,85.35110719785374,69.32842799595424,1.3081,True
4293,FZD7,chai,cognate,76.36500732524215,85.64578287701242,69.1287146977016,1.326,True
4294,FZD7,chai,cognate,76.61892874802545,85.5062309806309,69.65342848641532,1.251,True
4295,FZD7,chai,cognate,76.40943506870025,85.32597470775484,69.26285743713379,1.3143,True
4296,FZD7,chai,cognate,76.60610171501793,85.54711099699634,69.60607092721122,1.3574,True
4297,FZD7,chai,cognate,76.52436215829044,85.21188958957254,68.81457192557198,1.2355,True
4298,FZD7,chai,cognate,76.55938072609693,85.46535608331536,68.96357236589704,1.3308,True
4299,FZD7,chai,cognate,76.61633233666248,85.59809840874583,69.14049965994698,1.2743,True
4300,GCGR,protenix,apo,74.41288089999125,83.06453669369785,60.91999955610795,3.4833,True
4301,GCGR,protenix,apo,74.73217039471514,82.56438845335111,56.83818262273615,3.5116,True
4302,GCGR,protenix,apo,74.50637555123025,82.67954867807619,56.86636387218129,3.488,True
4303,FZD7,protenix,cognate,71.32595896590115,83.0085291245283,73.81142861502511,0.5259,True
4304,GCGR,boltz,apo,71.21235234482484,83.06047419497841,66.3280029296875,3.2863,True
4305,GCGR,boltz,apo,70.51896008105648,81.35636921932823,59.17100143432617,3.3171,True
4306,FZD7,protenix,cognate,71.27521491237137,82.86431122968379,73.30125141143799,0.5223,True
4307,FZD7,protenix,cognate,71.30801849174647,82.94807725169441,73.56624937057495,0.5446,True
4308,FZD7,protenix,cognate,70.99216169840109,82.14786356252338,71.96785736083984,0.5059,True
4309,FZD7,protenix,cognate,71.22931608574254,82.23817386771694,71.97071402413505,0.5417,True
4310,GCGR,protenix,apo,74.54524116998086,83.062768328303,60.831818320534445,3.4851,True
4311,GCGR,protenix,apo,74.46669046786371,83.05294349953174,60.975453810258344,3.4322,True
4312,FZD7,chai,cognate,76.56225123995333,85.65310073463085,69.32271439688546,1.3461,True
4313,FZD7,chai,cognate,76.6682432581559,85.36657417549887,68.94814327784947,1.27,True
4314,FZD7,chai,cognate,76.49123617541136,85.6258464916444,69.4387149810791,1.2479,True
4315,FZD7,chai,cognate,76.81386726624139,85.72096258424234,69.34014347621373,1.3067,True
4316,FZD7,chai,cognate,76.58672976614716,85.43661338914868,68.65357126508441,1.2977,True
4317,FZD7,chai,cognate,76.62022595031068,85.46704576913412,68.77157238551548,1.3049,True
4318,FZD7,chai,cognate,76.60284694840323,85.53135613992616,68.68799999782017,1.3478,True
4319,FZD7,chai,cognate,76.6450922327425,85.2579243729125,69.0315717969622,1.2747,True
4320,GCGR,boltz,cognate,71.87994346378734,82.02710583335475,60.229000091552734,1.7921,True
4321,GCGR,boltz,cognate,71.82112789353984,81.39200090107165,59.573001861572266,1.8071,True
4322,FZD7,protenix,cognate,71.03230390213083,82.19417287401993,72.1028584071568,0.5118,True
4323,FZD7,protenix,cognate,71.21068374088028,82.35469774147133,72.41357258387974,0.5572,True
4324,FZD7,protenix,cognate,71.358753902473,83.09283067017235,73.99250078201294,0.5182,True
4325,FZD7,protenix,cognate,71.34310902458533,83.02295188704265,73.71374988555908,0.5002,True
4326,FZD7,protenix,cognate,71.61896009210632,82.15122817302336,71.24571446010044,0.5342,True
4327,FZD7,protenix,cognate,71.72747219068908,82.02649333060734,70.66214261736188,0.5691,True
4328,FZD7,protenix,cognate,71.3215331930279,82.25682844503274,72.0428581237793,0.5634,True
4329,FZD7,protenix,cognate,71.1916777264747,82.01281017242226,71.51857130868095,0.5343,True
4330,FZD7,protenix,cognate,70.85283833890924,81.8372992506619,70.90428570338658,0.5087,True
4331,FZD7,protenix,cognate,70.94376201140577,81.9784146990439,71.35999952043805,0.5411,True
4332,FZD7,protenix,cognate,70.96449104017508,81.96907145959818,71.25142914908272,0.5254,True
4333,FZD7,protenix,cognate,70.97748134918294,81.92700097148037,71.15285737173897,0.5257,True
4334,FZD7,protenix,cognate,71.12041223826127,81.88968956766362,71.75999968392509,0.5522,True
4335,FZD7,protenix,cognate,70.8457497644538,81.7188264428451,71.401428767613,0.5359,True
4336,GCGR,boltz,cognate,70.01044450915835,82.98031616210938,70.08499908447266,1.4034,True
4337,GCGR,boltz,cognate,71.63807129210146,82.91168373509457,69.40699768066406,1.5324,True
4338,GCGR,boltz,cognate,71.5490651040707,81.57389550460012,64.41000366210938,2.0274,True
4339,GCGR,boltz,cognate,70.7718931713944,82.04173700433029,63.06399917602539,2.194,True
4340,FZD7,protenix,cognate,71.21599539063956,81.69664389065333,70.94499969482422,0.5372,True
4341,FZD7,protenix,cognate,71.5160980102628,81.72488102630791,71.09071459089007,0.5336,True
4342,GCGR,boltz,cognate,71.23319084439387,82.22389502274363,67.01399993896484,1.6077,True
4343,GCGR,boltz,cognate,69.72093486186094,81.2443154987536,59.78400039672851,1.9091,True
4344,GCGR,boltz,cognate,67.94418043460486,80.03900046097606,57.68899917602539,1.4683,True
4345,GCGR,boltz,cognate,71.25823692705646,83.40336849814967,68.0979995727539,1.529,True
4346,GCGR,boltz,cognate,68.5630879392164,79.97947211014598,65.88300323486328,1.3939,True
4347,GCGR,boltz,cognate,70.96278407738643,82.11573691117137,62.895999908447266,1.8911,True
4348,GCGR,boltz,cognate,70.66688679549179,81.9626320286801,58.09600067138672,1.896,True
4349,GCGR,boltz,cognate,69.53974233583334,82.44184192858245,63.79399871826172,1.4988,True
4350,GCGR,boltz,cognate,71.13664781822348,83.2377371537058,69.26300048828125,1.5184,True
4351,GCGR,boltz,cognate,71.1059664560314,82.64863104569285,68.73699951171875,1.5004,True
4352,GCGR,boltz,cognate,71.73497475118258,83.77710523103413,71.03399658203125,1.4411,True
4353,GCGR,boltz,cognate,69.26846741730313,79.23042036357678,54.54800033569336,1.9981,True
4354,GCGR,boltz,cognate,70.76321393538821,81.41515792043586,54.69300079345703,1.7545,True
4355,GCGR,boltz,cognate,69.26654929235046,80.25852685225637,60.46200180053711,1.6597,True
4356,GCGR,boltz,cognate,72.44930408085916,83.4796845285516,70.77400207519531,1.4523,True
4357,GCGR,boltz,cognate,69.85797694144259,81.96905356959293,67.91300201416016,1.4586,True
4358,FZD7,protenix,cognate,70.83956958103859,81.73597340779902,71.41285787309918,0.5266,True
4359,FZD7,protenix,cognate,71.60482484887011,82.1341824252196,71.16357149396624,0.545,True
4360,FZD7,protenix,cognate,71.52932950699986,81.90855124529995,70.90428624834333,0.503,True
4361,FZD7,protenix,cognate,71.63915372869221,82.0855572561853,71.17999948774066,0.5103,True
4362,GCGR,boltz,cognate,70.76419897499325,80.94131509881271,66.2959976196289,1.5578,True
4363,GCGR,boltz,cognate,70.4911717868701,80.44584153827869,55.176998138427734,1.8553,True
4364,GCGR,boltz,cognate,70.10990353950164,82.15010552657277,68.5530014038086,1.4806,True
4365,GCGR,chai,cognate,76.0430574644706,83.823522855959,62.32154568758878,1.4467,True
4366,GCGR,chai,cognate,75.809228373816,84.0555289437326,64.25845440951261,1.3768,True
4367,GCGR,chai,cognate,75.97328709597657,83.90827690255465,63.78000051325018,1.4947,True
4368,GCGR,chai,cognate,75.83754208833764,83.93336592261626,63.85536401922053,1.3728,True
4369,GCGR,chai,cognate,76.06161786176759,83.62451043223487,62.56081945245917,1.5848,True
4370,GCGR,chai,cognate,76.18125430687593,84.17570472868516,64.83799986405806,1.3474,True
4371,GCGR,chai,cognate,76.26581750388009,84.24042519402592,64.95081745494495,1.3208,True
4372,GHSR,boltz,apo,82.30775149402723,92.58325004577635,70.7020034790039,2.1878,False
4373,GHSR,boltz,apo,83.25935803085078,92.96710090637208,72.18900299072266,2.1229,False
4374,GHSR,boltz,apo,83.32761211082584,93.22605018615722,72.2760009765625,2.1723,False
4375,GHSR,boltz,apo,82.4656721281875,91.83254985809326,63.0890007019043,2.5755,False
4376,GHSR,boltz,apo,81.82068864374213,91.60940055847168,64.08000183105469,2.4407,False
4377,GHSR,boltz,apo,81.07824864934702,92.72799949645996,73.62799835205078,2.1192,False
4378,GHSR,boltz,apo,84.20480322707546,93.7892002105713,78.08200073242188,2.1252,False
4379,GHSR,boltz,apo,83.59102449260774,93.58239936828612,76.63500213623047,2.1299,False
4380,GHSR,boltz,apo,83.52775402798679,93.48255004882812,71.12000274658203,2.5285,False
4381,GHSR,boltz,apo,83.04809835569455,92.74619903564454,71.69300079345703,2.1033,False
4382,GHSR,boltz,apo,82.19989367000392,91.82140045166015,64.99199676513672,2.6249,False
4383,GHSR,boltz,apo,83.0285463072563,92.89685020446775,71.68000030517578,2.1554,False
4384,GHSR,boltz,apo,83.0955628775508,92.69239921569825,68.16999816894531,2.4371,False
4385,GHSR,boltz,apo,83.45858745366498,93.38360023498537,70.86199951171875,2.2886,False
4386,GHSR,boltz,apo,82.86179789558786,93.1360996246338,69.92500305175781,2.4224,False
4387,GHSR,boltz,apo,82.33708736023617,91.72234878540038,66.81700134277344,2.195,False
4388,GHSR,boltz,apo,82.17028966497202,92.26579933166504,70.86699676513672,2.0851,False
4389,GHSR,boltz,apo,82.25122138059855,92.7631504058838,70.22599792480469,2.2757,False
4390,GHSR,boltz,apo,82.54672135941969,93.01959991455078,69.9800033569336,2.3409,False
4391,GHSR,boltz,apo,80.85225687912904,91.933150100708,70.62000274658203,2.1142,False
4392,GHSR,boltz,apo,82.11045892121362,92.16525039672852,65.69100189208984,2.5555,False
4393,GHSR,chai,apo,73.40213171329142,81.58038028122543,61.22099928422408,2.3151,False
4394,GHSR,chai,apo,73.49683355670037,81.66657769925666,62.41672619906339,1.986,False
4395,GHSR,chai,apo,73.3961590334584,81.78252882703558,61.3251821344549,2.4961,False
4396,GHSR,chai,apo,73.59744729425206,81.74287933793418,63.64245536110618,1.8897,False
4397,GHSR,chai,apo,73.68697798628179,81.98159280081332,63.001272374933414,1.8607,False
4398,GHSR,chai,apo,73.78660919270702,82.0423787979027,63.00963661887429,1.9644,False
4399,GHSR,chai,apo,73.57530960420252,81.76570276097303,62.49854486638849,2.1123,False
4400,GHSR,chai,apo,73.405222120112,81.42756067771417,60.81454571810636,2.1949,False
4401,GHSR,chai,apo,73.35622867321098,81.43230791618298,60.3529087413441,2.4787,False
4402,GHSR,chai,apo,73.51843432806787,81.61639564778382,61.35572710904208,2.3002,False
4403,GHSR,chai,apo,73.57564254917786,81.6817890121204,63.81154597889293,2.0283,False
4404,GHSR,chai,apo,73.34998278837931,81.43893729222285,60.47836338390004,2.311,False
4405,GHSR,chai,apo,73.46110418666677,81.49157137005875,61.66354543512518,2.3226,False
4406,GHSR,chai,apo,73.45989634108713,81.46352933359353,61.31427210027521,2.2163,False
4407,GHSR,chai,apo,73.76252252473057,82.09452529409748,63.51681865345348,1.9153,False
4408,GHSR,chai,apo,73.46374742024284,81.35992051613796,61.53290835293856,2.1175,False
4409,GHSR,chai,apo,73.55938303325156,81.54424291567368,62.60890926014293,2.1736,False
4410,GHSR,chai,apo,73.4988394629853,81.59089697063743,61.12381813742898,2.166,False
4411,GHSR,chai,apo,73.52281128894957,81.70349819602389,62.73409167203036,2.1546,False
4412,GHSR,chai,apo,73.42307178002554,81.65330377615892,60.57618193192915,2.2989,False
4413,GHSR,chai,apo,73.57661196121892,81.55012231641001,61.6805454600941,2.3827,False
4414,GHSR,chai,apo,73.41211994435756,81.59217639149009,60.835181496360086,2.4023,False
4415,GHSR,chai,apo,73.56933789410834,81.2333628365075,62.63500005548651,1.8889,False
4416,GHSR,chai,apo,73.60794725844623,81.6497085386334,61.30945483121005,2.235,False
4417,GHSR,chai,apo,73.68934481436835,81.84671203801126,63.63490919633345,2.0236,False
4418,GHSR,protenix,apo,74.96586968451298,82.47220935253871,64.78363626653498,2.2242,False
4419,GHSR,protenix,apo,75.20681853516456,82.57917944955621,65.60181843150745,2.0778,False
4420,GHSR,protenix,apo,75.11491846097954,82.66096039388086,65.98090986772017,1.9367,False
4421,GHSR,protenix,apo,75.08297385245888,82.33871026947386,63.76272617686879,2.164,False
4422,GHSR,protenix,apo,75.36201905611576,82.71428063223371,66.4272724498402,1.951,False
4423,GHSR,protenix,apo,74.34387596789763,82.30552834333278,63.860908855091445,1.909,False
4424,GHSR,protenix,apo,74.8583285454636,82.63716292690921,65.56090927124023,2.0044,False
4425,GHSR,protenix,apo,75.062710574185,82.40544107505254,63.87545464255593,2.1818,False
4426,GHSR,protenix,apo,75.0460256070422,82.4405595084599,64.17363704334606,2.1111,False
4427,GHSR,protenix,apo,75.0930186057561,82.47291444551377,64.15999984741211,2.0951,False
4428,GHSR,protenix,apo,75.20423861487197,82.57914256607816,65.4718184037642,2.05,False
4429,GHSR,protenix,apo,74.81684025936853,82.50310278167971,64.7609089938077,2.1513,False
4430,GHSR,protenix,apo,75.26353839037513,82.58619104166569,65.4281813881614,2.1745,False
4431,GHSR,protenix,apo,75.10834944169747,82.39586736257975,64.31000033291903,2.1638,False
4432,GHSR,protenix,apo,75.36443006042286,82.61795457575744,66.00727150656961,2.0887,False
4433,GHSR,protenix,apo,74.48669523801809,82.49678352236232,64.96272763338956,1.8823,False
4434,GHSR,protenix,apo,74.30648594820249,82.41689371115203,63.42454528808594,2.15,False
4435,GHSR,protenix,apo,75.05712808663334,82.6276892758035,65.53636342828923,1.9562,False
4436,GHSR,protenix,apo,74.98589502534577,82.54890138062564,64.78090945157138,2.0736,False
4437,GHSR,protenix,apo,74.93814359434927,82.39287934371404,63.63363543423739,2.2987,False
4438,GHSR,protenix,apo,74.43536090919713,82.26738915631265,64.51545507257634,2.1034,False
4439,GHSR,protenix,apo,74.82380108874034,82.60414978109912,65.81636394153942,2.0432,False
4440,GCGR,chai,cognate,76.15353723971617,84.24144870989541,64.81863715431906,1.3294,True
4441,GCGR,chai,cognate,76.17098861264249,84.26660958544544,64.97263682972302,1.4209,True
4442,GCGR,chai,cognate,76.22895731540252,84.35804162571931,64.66327251087536,1.4439,True
4443,GCGR,chai,cognate,75.88980086784933,83.95878374869362,63.867545041170985,1.3735,True
4444,GCGR,chai,cognate,75.57393452619588,83.75551251683554,63.47163564508612,1.4066,True
4445,GCGR,chai,cognate,75.957105601041,83.84472599349678,63.8095456903631,1.3418,True
4446,GHSR,boltz,apo,83.14523494699614,92.94000015258788,70.8010025024414,2.1532,False
4447,GHSR,boltz,apo,83.07792083031492,92.68614959716795,72.15399932861328,2.1593,False
4448,GCGR,chai,cognate,75.94080427023536,83.61208040801361,61.87690873579545,1.5902,True
4449,GCGR,chai,cognate,75.9720227873713,83.9491685002361,63.1519099148837,1.408,True
4450,GCGR,chai,cognate,75.9966263496842,83.70502663745128,61.496726989746094,1.6642,True
4451,GCGR,chai,cognate,75.73113110543702,83.89650295851777,64.16881769353694,1.3635,True
4452,GCGR,chai,cognate,75.98790714431948,84.11960852776463,64.20845447887073,1.3535,True
4453,GCGR,chai,cognate,76.13959131885977,84.15787442015326,65.2138179432262,1.3353,True
4454,GCGR,chai,cognate,75.97682464374657,84.09767186386561,64.4249995838512,1.3146,True
4455,GCGR,chai,cognate,75.84397104134149,83.99035875206432,63.70236379450018,1.3705,True
4456,GCGR,chai,cognate,75.9134820189128,84.12402215773527,64.55345465920188,1.3868,True
4457,GCGR,chai,cognate,75.66354784425367,83.80247379809114,64.5302717035467,1.3635,True
4458,GCGR,chai,cognate,76.00590253260191,84.23659313607797,64.874455538663,1.3225,True
4459,GCGR,chai,cognate,76.17620326269267,84.15982013817411,64.58272691206498,1.3682,True
4460,GHSR,protenix,apo,75.2758056439855,82.62768976719347,66.0863643993031,2.0487,False
4461,GCGR,protenix,cognate,72.87485574712889,83.89594144794368,65.38091000643644,1.3281,True
4462,GCGR,protenix,cognate,72.94544537000877,83.82677709012057,65.29000022194602,1.4063,True
4463,GHSR,boltz,apo,83.62384685662275,94.0495990753174,75.93599700927734,2.1613,False
4464,GHSR,boltz,apo,83.23142625464767,93.06964988708496,72.24600219726562,2.1542,False
4465,GCGR,protenix,cognate,72.41737320384085,83.66291461187551,65.30181711370295,1.352,True
4466,GCGR,protenix,cognate,72.68893905462635,83.77256208208162,65.69999972256747,1.3318,True
4467,GCGR,protenix,cognate,72.49014122132145,83.70411871276123,65.319091796875,1.4239,True
4468,GHSR,protenix,apo,75.38627204279172,82.61065080411507,66.07727328213778,2.0617,False
4469,GHSR,protenix,apo,75.30664365011307,82.58089673967073,66.01000074906783,2.1036,False
4470,GHSR,boltz,cognate,82.10620755054912,94.7972499847412,84.31199645996094,0.6618,False
4471,GHSR,boltz,cognate,80.9394127267306,94.28090057373046,76.16000366210938,0.8445,False
4472,GCGR,protenix,cognate,72.6713484349183,83.70490664376878,65.55636353926225,1.3727,True
4473,GCGR,protenix,cognate,72.51449034497249,83.49636137446574,62.81818181818182,1.4918,True
4474,GCGR,protenix,cognate,72.25008582562526,83.34129827109287,63.829999750310726,1.4431,True
4475,GCGR,protenix,cognate,72.32437001887743,83.33897790063565,63.114545648748226,1.4649,True
4476,GCGR,protenix,cognate,72.27176515812587,83.52083104393553,65.5499995838512,1.3752,True
4477,GCGR,protenix,cognate,72.26257540730525,83.50372526548787,65.47545450383967,1.4035,True
4478,GCGR,protenix,cognate,72.53846379418972,83.55306639492787,65.68090959028764,1.3432,True
4479,GCGR,protenix,cognate,72.73235662977545,83.90720850475975,63.3545448996804,1.4063,True
4480,GCGR,protenix,cognate,72.94429918884245,83.89709126378388,63.296363136985086,1.4894,True
4481,GCGR,protenix,cognate,72.72275278079495,84.00029637317972,64.31999934803356,1.368,True
4482,GCGR,protenix,cognate,72.96468582382204,83.86168563931426,62.56272645430131,1.418,True
4483,GCGR,protenix,cognate,72.88744645750359,84.02819548776573,64.47181736339222,1.3545,True
4484,GCGR,protenix,cognate,72.66263478296877,83.86274858594818,63.78818199851296,1.3991,True
4485,GCGR,protenix,cognate,72.60867419883103,83.79727767378809,63.41999990289862,1.3499,True
4486,GCGR,protenix,cognate,72.97070906163525,84.02724956058465,64.46636442704634,1.3465,True
4487,GCGR,protenix,cognate,72.9054876729128,83.88714397427812,64.0109089938077,1.3704,True
4488,GCGR,protenix,cognate,72.92284763145676,83.86466775084263,63.940000013871625,1.3695,True
4489,GCGR,protenix,cognate,72.81077568782314,83.70851498677192,63.168181679465555,1.404,True
4490,GCGR,protenix,cognate,72.8216664630028,83.74132047134462,63.578181180087,1.4259,True
4491,GCGR,protenix,cognate,72.68351012187003,83.81346047358622,64.75000069358133,1.3862,True
4492,GHSR,boltz,cognate,80.92216143582037,94.17980003356934,78.99099731445312,0.8037,False
4493,GHSR,boltz,cognate,81.08852447968363,94.24199981689452,81.15699768066406,0.6017,False
4494,GHSR,boltz,cognate,81.56604650111798,95.02935028076172,82.81400299072266,0.6328,False
4495,GHSR,boltz,cognate,84.02715833069848,95.74519958496094,86.14299774169922,0.706,False
4496,GHSR,boltz,cognate,83.45479238749853,95.55170059204102,82.38500213623047,0.6604,False
4497,GHSR,boltz,cognate,81.38462021311776,94.67280006408691,79.58000183105469,0.8302,False
4498,GHSR,boltz,cognate,81.02906269844765,94.1762996673584,76.9800033569336,0.7868,False
4499,GHSR,boltz,cognate,80.65069395596863,94.71530075073242,80.25900268554688,0.7565,False
4500,GHSR,boltz,cognate,80.93623500052696,94.3504508972168,76.63700103759766,0.854,False
4501,GHSR,boltz,cognate,84.50637994568204,96.1631004333496,85.04499816894531,0.6076,False
4502,GHSR,boltz,cognate,84.09576236745698,95.5671001434326,85.12699890136719,0.6383,False
4503,GHSR,boltz,cognate,82.16344545708328,95.10555038452148,80.94100189208984,0.8081,False
4504,GHSR,boltz,cognate,83.54342057274991,95.44574928283691,81.18099975585938,0.6515,False
4505,GHSR,boltz,cognate,83.58829232512927,95.14609985351562,76.9260025024414,0.7976,False
4506,GHSR,boltz,cognate,82.72732505381433,94.9074001312256,78.54499816894531,0.6416,False
4507,GHSR,boltz,cognate,82.12924871809496,95.1193504333496,82.2770004272461,0.6992,False
4508,GLP1R,boltz,apo,74.69238461686004,83.33905029296875,59.301998138427734,3.3413,True
4509,GLP1R,boltz,apo,73.46310592058153,80.69905033111573,58.78300094604492,3.1752,True
4510,GLP1R,boltz,apo,71.49011674555537,79.88720016479492,54.082000732421875,3.385,True
4511,GLP1R,boltz,apo,75.28574518817547,83.78109989166259,55.19300079345703,3.6136,True
4512,GLP1R,boltz,apo,74.03384871513745,83.54860095977783,56.75400161743164,3.4442,True
4513,GLP1R,boltz,apo,74.43197199283871,82.98489990234376,59.35499954223633,3.5006,True
4514,GLP1R,boltz,apo,73.64072564868638,82.04744968414306,57.06800079345703,3.3009,True
4515,GLP1R,boltz,apo,72.81885515381914,81.6843994140625,54.79499816894531,3.2768,True
4516,GHSR,boltz,cognate,82.24245367414964,95.22265090942383,82.66600036621094,0.6249,False
4517,GHSR,boltz,cognate,80.78729784814387,93.64069938659668,77.5,0.6467,False
4518,GHSR,boltz,cognate,82.52104914514094,94.88624992370606,80.91999816894531,0.6146,False
4519,GHSR,boltz,cognate,82.85377310664276,95.35050010681152,85.4229965209961,0.6321,False
4520,GLP1R,boltz,apo,74.76014464771774,83.4211000442505,61.0260009765625,3.6834,True
4521,GLP1R,boltz,apo,74.17765003146673,83.25835056304932,56.814998626708984,3.4966,True
4522,GLP1R,boltz,apo,73.82551618374193,82.62685070037841,56.22700119018555,3.5576,True
4523,GLP1R,boltz,apo,73.78135423268921,82.5359504699707,56.28099822998047,3.2455,True
4524,GLP1R,boltz,apo,72.84872788332451,82.25700035095215,54.70000076293945,3.478,True
4525,GLP1R,boltz,apo,73.17399139074733,82.47244987487792,53.91600036621094,3.5621,True
4526,GLP1R,boltz,apo,73.38798693498319,82.50474891662597,54.34199905395508,3.4222,True
4527,GLP1R,boltz,apo,74.46287906556098,82.67709980010986,57.2140007019043,3.7544,True
4528,GLP1R,boltz,apo,74.56970400223207,82.73925037384033,53.301998138427734,3.7597,True
4529,GLP1R,boltz,apo,70.97649657082609,79.84794998168945,57.74700164794922,3.5689,True
4530,GLP1R,boltz,apo,74.76161344622948,83.50430049896241,57.88399887084961,3.3717,True
4531,GLP1R,boltz,apo,73.8270345238836,83.17955017089844,58.70500183105469,3.7773,True
4532,GLP1R,boltz,apo,72.596542127704,81.96684989929199,54.1609992980957,3.4479,True
4533,GLP1R,boltz,apo,72.92021584562298,81.87625007629394,57.152000427246094,3.5142,True
4534,GLP1R,boltz,apo,73.25229818620126,83.01374969482421,57.400001525878906,3.7709,True
4535,GLP1R,chai,apo,74.98900122122969,81.63390742870293,61.00172736428001,0.8209,True
4536,GLP1R,chai,apo,75.19550749478348,82.0462885809151,60.97999988902699,0.8207,True
4537,GLP1R,chai,apo,75.0197972941723,81.73629607301082,60.741818167946555,0.8709,True
4538,GLP1R,chai,apo,75.07453144146493,82.13087935751824,61.21563651344993,0.884,True
4539,GLP1R,chai,apo,74.80915745587296,81.2574111097509,59.04527282714844,0.9807,True
4540,GLP1R,chai,apo,75.0153072987563,81.99292583749065,61.2872727134011,1.0123,True
4541,GLP1R,chai,apo,74.82452501172575,81.45773950331828,60.88381784612482,0.9029,True
4542,GLP1R,chai,apo,75.01827983297537,81.78963953619568,61.827999114990234,0.8272,True
4543,GLP1R,chai,apo,74.93058523227526,81.72083888693805,61.01527335427024,0.875,True
4544,GLP1R,chai,apo,74.76660247721819,81.37309923370164,61.23890963467685,0.9083,True
4545,GLP1R,chai,apo,74.91716413156978,81.89842831253834,60.61199951171875,0.8452,True
4546,GLP1R,chai,apo,74.80466735458127,81.81720758941783,59.16427265514027,0.9593,True
4547,GLP1R,chai,apo,74.59191319127326,81.267503284658,60.42863707108931,0.9456,True
4548,GLP1R,chai,apo,75.11187884588732,81.92616338098205,59.23545455932617,1.2106,True
4549,GLP1R,chai,apo,75.15779723019932,82.12583516771831,61.35390923239968,0.9165,True
4550,GLP1R,chai,apo,75.018674807638,81.75279120647545,61.45727330988104,0.7623,True
4551,GLP1R,chai,apo,74.90823067832183,81.86404254929843,58.53518156571822,1.1397,True
4552,GLP1R,chai,apo,74.93721561772462,81.80445501408707,60.63109137795188,0.9029,True
4553,GLP1R,chai,apo,74.65325705814344,81.3074093032881,60.779544830322266,0.8211,True
4554,GLP1R,chai,apo,75.14459096668432,82.1686874959376,61.01372666792436,0.8397,True
4555,GLP1R,chai,apo,75.19540252690747,82.07865047417678,59.75136392766779,0.9938,True
4556,GHSR,boltz,cognate,81.61072144742872,94.70970039367675,77.81500244140625,0.8355,False
4557,GHSR,boltz,cognate,80.34213400147652,93.85579948425293,77.04299926757812,0.9005,False
4558,GHSR,boltz,cognate,80.22875120861283,93.18544960021973,74.6449966430664,0.8456,False
4559,GHSR,chai,cognate,74.95977286751757,84.25109193393162,67.18642834254673,0.9961,False
4560,GLP1R,chai,apo,74.70288325034005,81.44199328521628,58.45981771295721,1.254,True
4561,GLP1R,chai,apo,74.91399531059204,81.4450610006148,60.17036403309215,1.0026,True
4562,GLP1R,chai,apo,75.1469630294954,82.00571877285515,60.650817524303086,0.8906,True
4563,GLP1R,chai,apo,75.0568259107401,81.82911279609537,61.73472699252042,0.8619,True
4564,GLP1R,protenix,apo,73.1976430004083,79.26724024981819,55.00636395541105,3.2229,True
4565,GLP1R,protenix,apo,73.25913805532221,79.28220024894671,55.07090932672674,3.2539,True
4566,GLP1R,protenix,apo,73.23992229284364,79.30009550312727,54.95272723111239,3.2996,True
4567,GLP1R,protenix,apo,73.2932482805532,79.24543308147966,55.01636366410689,3.2789,True
4568,GLP1R,protenix,apo,73.30502443039839,79.22558526629493,54.8109096180309,3.2688,True
4569,GLP1R,protenix,apo,73.29897613018696,80.20800584524054,55.51727225563743,3.2618,True
4570,GLP1R,protenix,apo,73.28046128688285,80.18440173720214,55.80272709239613,3.246,True
4571,GLP1R,protenix,apo,73.27207210555017,80.10506684857185,55.40454587069425,3.2368,True
4572,GLP1R,protenix,apo,73.30022539637908,80.13091940412617,55.6872725053267,3.248,True
4573,GLP1R,protenix,apo,73.37161337848933,80.16555375910424,55.51545472578569,3.225,True
4574,GLP1R,protenix,apo,73.34872139647348,80.55647064913576,56.343636599454015,3.3503,True
4575,GLP1R,protenix,apo,73.33710182136717,80.56906796654927,56.259091117165305,3.2848,True
4576,GLP1R,protenix,apo,73.29604686946259,80.5388751405658,56.349999861283735,3.2742,True
4577,GLP1R,protenix,apo,73.34618935845391,80.50062984444534,56.26090934059837,3.3317,True
4578,GLP1R,protenix,apo,73.34516715264382,80.5384350498483,56.23363529552113,3.3051,True
4579,GLP1R,protenix,apo,73.36855783223852,78.90975206004936,54.93636356700551,3.2147,True
4580,GLP1R,protenix,apo,73.33947528541036,78.88491268310713,54.688181443647906,3.2535,True
4581,GLP1R,protenix,apo,73.48850098742341,78.82137207087672,54.457272963090375,3.2017,True
4582,GLP1R,protenix,apo,73.41794267343123,78.88050854494388,55.04090881347656,3.2662,True
4583,GLP1R,protenix,apo,73.39944524719272,78.83125403695291,54.901818015358664,3.2394,True
4584,GHSR,chai,cognate,74.925494341545,84.1222163903868,66.8776433127267,1.1168,False
4585,GHSR,chai,cognate,74.94725399054877,84.13425873867877,66.94150052751813,1.0731,False
4586,GHSR,chai,cognate,75.11530203516898,84.33559196352442,66.91464342389789,1.0285,False
4587,GHSR,chai,cognate,75.06564817964443,84.16179350124294,67.02014269147601,1.2113,False
4588,GHSR,chai,cognate,75.31523831624172,84.52802835092915,67.1394282749721,1.1195,False
4589,GHSR,chai,cognate,75.0722887210403,84.31356883170801,67.1649284362793,1.0769,False
4590,GHSR,chai,cognate,75.3840059121431,84.57896274380872,67.32814298357282,1.0778,False
4591,GHSR,chai,cognate,75.12581582115419,84.3112814229288,65.01418165727095,1.4763,False
4592,GLP1R,protenix,apo,73.89660369669632,81.00194384241173,56.867272810502485,3.3447,True
4593,GLP1R,protenix,apo,73.79915530071042,81.01713773245076,56.89636334505949,3.3287,True
4594,GLP1R,protenix,apo,74.02748493326203,80.96336827068961,56.72999954223633,3.271,True
4595,GHSR,protenix,cognate,72.25938851232291,83.49427377065022,67.21818195689808,0.5843,False
4596,GHSR,protenix,cognate,72.53681469144365,83.45011202077328,67.15909160267223,0.5138,False
4597,GLP1R,boltz,apo,74.1523326272326,83.59279975891113,60.59199905395508,3.3258,True
4598,GLP1R,boltz,apo,74.43394382056613,82.54549942016601,56.349998474121094,3.6529,True
4599,GLP1R,protenix,apo,73.9579834104374,80.97657140938233,56.77272692593661,3.2408,True
4600,GHSR,chai,cognate,75.41694076429557,84.78846123071976,67.13557161603656,1.0008,False
4601,GHSR,chai,cognate,74.94620989275764,83.85859720498452,66.04127259687944,1.4759,False
4602,GHSR,chai,cognate,75.26640527174725,84.50913746445725,67.4607857295445,1.0026,False
4603,GHSR,chai,cognate,74.93132344872576,84.21735693762312,67.36821338108608,1.1976,False
4604,GHSR,chai,cognate,75.20415543857511,84.37671349027973,66.83136402476917,1.2361,False
4605,GHSR,chai,cognate,75.13555596117305,84.37296926011254,66.39163658835672,1.3833,False
4606,GHSR,chai,cognate,74.93078460296437,84.3454730637249,66.91850008283343,1.1827,False
4607,GHSR,chai,cognate,74.94081436702469,84.03628420408671,66.80607060023716,1.0458,False
4608,GHSR,chai,cognate,74.74323322057907,83.80698562919318,64.80672628229314,1.6531,False
4609,GHSR,chai,cognate,75.11279181777476,84.30659745980134,67.12900025503976,1.0048,False
4610,GHSR,chai,cognate,75.15352464864229,84.37691812401727,66.9513577052525,1.0247,False
4611,GHSR,chai,cognate,75.06793605469332,84.36414042528574,67.15928622654506,1.0492,False
4612,GHSR,chai,cognate,75.0473193632432,84.2302346168452,67.28764343261719,1.0459,False
4613,GHSR,chai,cognate,75.32855191007562,84.58294906738001,67.11914225987026,0.9765,False
4614,GHSR,chai,cognate,75.03346603858444,84.37464346834075,67.0745713370187,1.0887,False
4615,GHSR,chai,cognate,75.41201629830468,84.59179638664445,67.50314276559013,1.0055,False
4616,GLP1R,protenix,apo,73.99291589690773,80.96540166470223,57.073636835271664,3.2344,True
4617,GLP1R,boltz,cognate,72.1503972657041,84.25864925384522,59.13800048828125,1.0054,True
4618,GLP1R,boltz,cognate,72.10957443533911,84.33939990997314,57.88800048828125,0.8428,True
4619,GHSR,protenix,cognate,72.48104324421321,83.46044201229557,66.88272753628817,0.5664,False
4620,GHSR,protenix,cognate,72.56590388866755,83.49322770333394,67.10272632945667,0.5933,False
4621,GHSR,protenix,cognate,72.415524734966,83.46750424290117,66.86999927867542,0.5354,False
4622,GHSR,protenix,cognate,72.7854467062411,83.4429487174311,66.9145455793901,0.5596,False
4623,GHSR,protenix,cognate,72.87856378888469,83.417070034923,66.93363640525125,0.5159,False
4624,GHSR,protenix,cognate,72.1930449609219,83.45632075497598,66.89272724498402,0.5676,False
4625,GHSR,protenix,cognate,72.16960591539747,83.50328633931808,67.0972733931108,0.5713,False
4626,GHSR,protenix,cognate,72.24194918411484,83.5452505828395,67.59363590587269,0.5341,False
4627,GHSR,protenix,cognate,72.36450297272421,83.53474687411156,67.54272807728161,0.6393,False
4628,GHSR,protenix,cognate,72.40166455558199,83.48544172821623,67.42999961159445,0.6455,False
4629,GHSR,protenix,cognate,73.52089329901516,85.32831814547123,66.64090936834162,0.6547,False
4630,GHSR,protenix,cognate,73.58198452774091,85.3217482121992,66.90454483032227,0.5921,False
4631,GHSR,protenix,cognate,73.60913073804039,85.34855225220387,67.51636366410689,0.5815,False
4632,GHSR,protenix,cognate,73.8343681088127,85.34029991779492,67.20727192271839,0.6205,False
4633,GHSR,protenix,cognate,73.86224741746264,85.34445688392177,67.39363653009588,0.5923,False
4634,GHSR,protenix,cognate,73.07878131769297,84.86143790598038,65.78727201981978,0.6479,False
4635,GHSR,protenix,cognate,73.05960131017463,84.89580494996274,66.66363629427823,0.7077,False
4636,GHSR,protenix,cognate,73.15024546128164,84.89776869685103,66.47272699529475,0.5654,False
4637,GHSR,protenix,cognate,73.31339675476313,84.94188762406768,66.74090853604403,0.6387,False
4638,GHSR,protenix,cognate,73.24873177685095,84.90338673197346,66.64999944513494,0.5723,False
4639,GHSR,protenix,cognate,72.17665513657909,83.44935589951353,66.85000055486506,0.5547,False
4640,GHSR,protenix,cognate,72.27950068874883,83.50983223413492,67.15818127718839,0.6168,False
4641,GHSR,protenix,cognate,72.43060306857627,83.51482828627418,67.14454650878906,0.6299,False
4642,GLP1R,boltz,cognate,70.64411442635127,83.61180000305175,58.07899856567383,1.059,True
4643,GLP1R,boltz,cognate,70.48087240758777,82.93124961853027,53.569000244140625,1.2342,True
4644,GLP1R,boltz,cognate,70.90479681455805,83.81119995117187,60.3650016784668,0.9849,True
4645,GLP1R,boltz,cognate,72.32194398752299,84.93004970550537,58.707000732421875,1.1234,True
4646,GLP1R,boltz,cognate,71.46380551793405,84.09989986419677,58.512001037597656,1.1199,True
4647,GLP1R,boltz,cognate,71.87540604692299,84.39994983673095,62.104000091552734,0.8019,True
4648,GLP1R,boltz,cognate,70.84230241713719,83.97355003356934,58.875999450683594,0.938,True
4649,GLP1R,boltz,cognate,71.60501299666535,83.52240047454833,55.43600082397461,0.8858,True
4650,GLP1R,boltz,cognate,69.76783164994505,82.72675037384033,50.86899948120117,1.3201,True
4651,GLP1R,boltz,cognate,74.1491618887652,85.97049961090087,61.8120002746582,0.831,True
4652,GLP1R,boltz,cognate,72.43585743914413,85.14249973297119,60.58100128173828,0.966,True
4653,GLP1R,boltz,cognate,72.11008412173706,84.43819942474366,59.7599983215332,1.086,True
4654,GLP1R,boltz,cognate,72.76902380463372,85.44524955749512,59.91899871826172,1.0384,True
4655,GLP1R,boltz,cognate,72.6811706757185,85.0402988433838,55.58700180053711,1.2715,True
4656,GLP1R,boltz,cognate,71.70089409418291,84.51089992523194,60.104000091552734,0.9683,True
4657,GLP1R,boltz,cognate,71.6968811480067,84.1167501449585,56.21099853515625,0.8783,True
4658,GLP1R,boltz,cognate,71.31698055555702,84.28500003814698,60.54100036621094,0.9317,True
4659,GLP1R,boltz,cognate,70.68478624249123,83.6811508178711,58.96799850463867,0.9417,True
4660,GLP1R,chai,cognate,76.22310497394717,85.83604643257493,62.04099967262962,0.916,True
4661,GLP1R,chai,cognate,76.16424389550168,85.83174089296901,61.757999420166016,0.8765,True
4662,GLP1R,chai,cognate,76.39967094068582,86.23885949066019,62.38490884954279,0.8189,True
4663,GLP1R,chai,cognate,76.30335448798218,85.74306041352848,61.181636810302734,0.8691,True
4664,GLP1R,boltz,cognate,70.73357446559305,83.92469940185546,58.89799880981445,0.8518,True
4665,GLP1R,chai,cognate,76.43079165507822,86.09852536362486,62.54454526034269,0.7236,True
4666,GLP1R,chai,cognate,76.19931890853546,86.04052029774819,62.16036259044301,0.8534,True
4667,GLP1R,chai,cognate,76.28783966601856,86.04894849546028,62.308182109485976,0.6474,True
4668,GRPR,boltz,apo,75.09911184509595,91.878800201416,79.87200164794922,2.0924,True
4669,GRPR,boltz,apo,76.04015105466048,93.37994995117188,83.5469970703125,2.3143,True
4670,GRPR,boltz,apo,72.93696606655915,90.27074966430663,78.37899780273438,2.2158,True
4671,GRPR,boltz,apo,77.14844532807668,93.22785034179688,83.00199890136719,2.5097,True
4672,GRPR,boltz,apo,75.86451823016007,92.53199996948244,82.30899810791016,2.511,True
4673,GRPR,boltz,apo,76.87596343954404,93.76194915771484,83.85800170898438,2.4582,True
4674,GRPR,boltz,apo,77.15185937285423,93.21114997863768,82.90299987792969,2.0982,True
4675,GRPR,boltz,apo,76.66873181859653,93.49464950561524,83.9749984741211,2.1779,True
4676,GRPR,boltz,apo,75.85933344066143,92.32760047912598,79.30899810791016,2.3902,True
4677,GRPR,boltz,apo,74.89580715696017,92.5652000427246,79.13600158691406,2.622,True
4678,GRPR,boltz,apo,75.24726829926173,92.73395004272462,80.95999908447266,2.6365,True
4679,GRPR,boltz,apo,75.94187251726787,93.14435005187988,82.89900207519531,2.3527,True
4680,GRPR,boltz,apo,75.7455988029639,92.5235496520996,79.49199676513672,2.4073,True
4681,GRPR,boltz,apo,76.49745323260625,93.66345024108888,84.4209976196289,2.4174,True
4682,GRPR,boltz,apo,74.85477354129155,92.29535064697264,82.03099822998047,2.1402,True
4683,GRPR,boltz,apo,74.98573966821034,92.41754989624025,81.06900024414062,2.4502,True
4684,GRPR,boltz,apo,74.42398956418037,91.71214981079102,81.08000183105469,2.5766,True
4685,GRPR,chai,apo,73.4999737879411,86.27420115825934,61.836727142333984,2.6032,True
4686,GRPR,chai,apo,73.56134281279058,86.34598590739361,61.70563715154474,2.6675,True
4687,GRPR,chai,apo,73.58812923961001,86.28169180527394,61.71481774070046,2.5814,True
4688,GRPR,chai,apo,73.5742835469854,86.34033774937387,61.71190990101207,2.5569,True
4689,GRPR,chai,apo,73.46750005162005,86.1718846090325,61.65272695367987,2.5774,True
4690,GRPR,chai,apo,73.4888712067037,86.1329612452024,61.41609018499201,2.5648,True
4691,GRPR,chai,apo,73.45609229193636,86.04929645856222,61.65118200128729,2.5981,True
4692,GRPR,chai,apo,73.51469787131366,86.20509310429229,61.57481800426137,2.5915,True
4693,GRPR,chai,apo,73.53994559428192,86.14793147021041,61.63072759454901,2.5547,True
4694,GRPR,chai,apo,73.4282456677751,86.11458564824355,61.41645466197621,2.5315,True
4695,GRPR,chai,apo,73.36832798302905,86.07857953802332,61.460363214666195,2.5513,True
4696,GRPR,chai,apo,73.45440328354469,86.14582964013665,61.779637423428625,2.6256,True
4697,GRPR,chai,apo,73.42063931767122,86.1794804870721,61.685272216796875,2.6115,True
4698,GRPR,chai,apo,73.2811723289747,86.01575999577841,61.39281810413707,2.7278,True
4699,GRPR,chai,apo,73.47814025955653,86.2077524797844,61.45481941916726,2.5165,True
4700,GRPR,chai,apo,73.20665413337603,85.83956972861185,61.32290996204723,2.5265,True
4701,GRPR,chai,apo,73.53890928707985,86.17061331649879,61.84581791270863,2.5592,True
4702,GRPR,chai,apo,73.44563270411246,86.1196804944158,61.57990889115767,2.5949,True
4703,GRPR,chai,apo,73.49937703710457,86.11329052681529,61.573636488481,2.4475,True
4704,GLP1R,boltz,cognate,74.89815981805195,86.4115005493164,62.83100128173828,0.7574,True
4705,GLP1R,boltz,cognate,73.19966519316638,83.89864940643311,50.22700119018555,1.4516,True
4706,GLP1R,boltz,cognate,71.94113601618658,84.64155006408691,59.233001708984375,0.9644,True
4707,GLP1R,boltz,cognate,71.12418579694777,83.8554494857788,57.96799850463867,0.8908,True
4708,GRPR,chai,apo,73.48870530568293,86.10285184331788,61.59018117731268,2.5959,True
4709,GRPR,chai,apo,73.53329691433345,86.2704553081463,61.77027268843217,2.6167,True
4710,GRPR,chai,apo,73.3460388375413,86.08523084186373,61.367999683726914,2.6559,True
4711,GRPR,chai,apo,73.3279709392285,85.99673162088766,61.61690937389027,2.5635,True
4712,GRPR,chai,apo,73.44112561780345,86.10247954232352,61.62036340886896,2.5599,True
4713,GRPR,chai,apo,73.48156770355158,86.26884090374043,61.735908855091445,2.5814,True
4714,GRPR,protenix,apo,73.65777291190497,86.75903560774665,71.15909056230025,2.4774,True
4715,GRPR,protenix,apo,73.61150812523161,86.76668601709011,70.89090971513228,2.5634,True
4716,GRPR,protenix,apo,73.87361946307847,86.71467885438497,70.89909154718572,2.5082,True
4717,GRPR,protenix,apo,73.83098472336495,86.73808027824799,71.48272705078125,2.4875,True
4718,GRPR,protenix,apo,73.82087670432358,86.79432646355072,71.66272700916637,2.4826,True
4719,GRPR,protenix,apo,73.9126609040495,87.14679486939403,70.65545446222478,2.4519,True
4720,GRPR,protenix,apo,73.97315300568748,87.20949501049982,70.9772720336914,2.5312,True
4721,GRPR,protenix,apo,73.7393748499523,87.21299702520494,70.99454498291016,2.3974,True
4722,GRPR,protenix,apo,73.8798166878009,87.22715106567779,71.04000022194602,2.4661,True
4723,GRPR,protenix,apo,73.66054734916709,87.1130681327721,69.95818190141158,2.4893,True
4724,GRPR,protenix,apo,74.33764110681274,87.59588725255165,72.0645453713157,2.5137,True
4725,GRPR,protenix,apo,73.98115930695027,87.37493787521925,70.81181890314275,2.4946,True
4726,GRPR,protenix,apo,74.0013930307539,87.34897073481508,70.66000054099344,2.4376,True
4727,GRPR,protenix,apo,73.97823580447395,87.350025345278,70.40090977061878,2.5517,True
4728,GRPR,protenix,apo,74.01225070132408,87.36549985414976,70.71636373346502,2.5112,True
4729,GRPR,protenix,apo,74.05663910133585,87.62530784450051,72.00999901511453,2.5661,True
4730,GRPR,protenix,apo,74.11729573282132,87.59971719655123,71.97545450383967,2.5072,True
4731,GRPR,protenix,apo,74.0385940910287,87.62697380862711,72.0836365439675,2.5217,True
4732,GLP1R,chai,cognate,76.35370038543309,86.00435802831278,61.94418161565607,0.9227,True
4733,GLP1R,chai,cognate,76.32684076625357,85.92294340854771,62.13427248868075,0.8136,True
4734,GLP1R,chai,cognate,76.31470515954074,86.11351617818615,62.33236347545277,0.8808,True
4735,GLP1R,chai,cognate,76.34974725735685,85.96399133413902,62.51863653009588,0.8084,True
4736,GRPR,protenix,apo,73.89984559959743,87.63702246166412,71.97636378895153,2.5269,True
4737,GRPR,protenix,apo,74.00207719733403,87.41749931653342,71.15818231756037,2.5299,True
4738,GRPR,protenix,apo,74.01382417030017,87.43021671683242,71.78090910478072,2.5316,True
4739,GRPR,protenix,apo,74.12854335020928,87.40495477478224,71.54818170720881,2.5227,True
4740,GLP1R,chai,cognate,76.26408308493063,85.95871797364856,62.11427203091708,0.7318,True
4741,GLP1R,chai,cognate,76.42655384555827,86.1867498503791,62.36018163507635,0.9507,True
4742,GRPR,boltz,apo,74.86790636181831,92.20420036315916,82.02899932861328,2.3884,True
4743,GRPR,boltz,apo,73.46563804149628,91.08869972229004,78.89399719238281,2.351,True
4744,GRPR,boltz,apo,72.90148688852787,90.94559936523436,75.85299682617188,2.3918,True
4745,GRPR,boltz,apo,76.1719035456578,92.52649993896485,81.36900329589844,2.203,True
4746,GLP1R,chai,cognate,76.35560958583025,85.99425300691722,62.27518151023171,0.6766,True
4747,GLP1R,chai,cognate,76.29264771478302,86.10032733636501,62.59500087391246,0.8457,True
4748,GLP1R,chai,cognate,76.34433661778405,86.01554012469227,62.26190948486328,0.6905,True
4749,GLP1R,chai,cognate,76.18258851621775,85.97007522179796,62.22572673450816,0.8865,True
4750,GRPR,boltz,apo,76.44330732524395,93.28319969177248,84.26599884033203,2.2384,True
4751,GRPR,boltz,apo,76.51702871918678,93.12794990539552,83.33699798583984,2.1565,True
4752,GLP1R,chai,cognate,76.4146488100072,86.10464028246992,61.69100085171786,0.9576,True
4753,GLP1R,chai,cognate,76.34972679053466,85.88540770349049,61.29863600297408,0.7951,True
4754,GLP1R,chai,cognate,76.44159556728243,86.12333927374726,62.26500008322976,0.7294,True
4755,GLP1R,chai,cognate,76.14646824028468,85.94247841734563,62.25972782481801,0.6841,True
4756,GLP1R,chai,cognate,76.212288708629,85.99545565214335,61.61654559048739,0.9002,True
4757,GLP1R,chai,cognate,76.1038276860831,85.79632979120527,61.978545448996805,0.6829,True
4758,GLP1R,chai,cognate,76.17655037037024,86.03231187315387,62.69581777399237,0.7817,True
4759,GLP1R,chai,cognate,76.22798932635571,85.93589344584753,62.27327346801758,0.7405,True
4760,GLP1R,protenix,cognate,71.91702555517804,82.44365815750277,62.680909243496984,1.0694,True
4761,GLP1R,protenix,cognate,71.83445587773564,82.37303349298143,62.56636428833008,0.792,True
4762,GRPR,boltz,apo,77.50660159687202,93.52849998474122,84.12699890136719,2.3064,True
4763,GRPR,boltz,apo,75.35241928696632,92.15795021057129,82.21299743652344,2.4856,True
4764,GRPR,protenix,apo,74.18738500399854,87.42840120773812,71.67545561356978,2.5054,True
4765,GRPR,protenix,apo,74.03770980178528,87.39209532869843,71.26363650235263,2.5237,True
4766,GRPR,boltz,cognate,77.65549997488658,94.03395042419432,82.63899993896484,0.8296,True
4767,GRPR,boltz,cognate,79.37779694298904,94.05630149841308,87.04100036621094,0.672,True
4768,GRPR,protenix,apo,74.10680888362315,87.41993943639649,71.5772722417658,2.5078,True
4769,GLP1R,protenix,cognate,72.29191494322252,82.69762204104173,63.39181795987216,0.7566,True
4770,GLP1R,protenix,cognate,72.26045122974989,82.72134213620966,63.47545485063033,0.7638,True
4771,GLP1R,protenix,cognate,72.35715135294708,82.69367561901802,63.38363543423739,0.7811,True
4772,GLP1R,protenix,cognate,72.22714994384332,82.48413924500711,63.15181836214933,0.8962,True
4773,GLP1R,protenix,cognate,72.0436778086165,82.44514949246746,63.26909117265181,0.7714,True
4774,GLP1R,protenix,cognate,72.1275187981137,82.43788232960227,62.89636334505949,1.1613,True
4775,GLP1R,protenix,cognate,72.163079661997,82.44258585891339,63.270909396084875,0.7374,True
4776,GLP1R,protenix,cognate,72.75766389479054,83.04354611348626,63.2763637195934,0.9187,True
4777,GLP1R,protenix,cognate,72.73693936108644,83.04235594768028,63.26000005548651,0.9451,True
4778,GLP1R,protenix,cognate,72.69528406955855,83.01501388589712,63.26727294921875,1.1005,True
4779,GLP1R,protenix,cognate,71.72918176545768,82.48438126821368,63.149090160023086,0.8038,True
4780,GLP1R,protenix,cognate,72.26038586344575,82.75108247657876,63.520909396084875,0.7663,True
4781,GLP1R,protenix,cognate,72.31070893118219,82.73690222828247,63.441817890514024,0.7925,True
4782,GLP1R,protenix,cognate,72.11225033862631,83.03871932330414,63.32545471191406,1.1971,True
4783,GLP1R,protenix,cognate,72.29644519866905,83.04447717622588,63.16454523259943,1.1431,True
4784,GLP1R,protenix,cognate,72.30260917567249,82.71165987789547,63.24454532970082,0.8816,True
4785,GLP1R,protenix,cognate,72.3028694153306,82.54782355165413,62.58454513549805,0.704,True
4786,GLP1R,protenix,cognate,72.29659036259365,82.71885994044217,63.301819194446914,0.843,True
4787,GLP1R,protenix,cognate,72.36489088599026,82.69399855433431,63.26090934059837,1.0875,True
4788,GLP1R,protenix,cognate,72.3009448286121,82.66588460336001,63.29545523903587,0.7979,True
4789,GLP1R,protenix,cognate,72.06215986162482,82.43348413903648,62.68818179043856,0.8759,True
4790,GLP1R,protenix,cognate,72.01082805364985,82.41246251153052,62.68181852860885,0.6811,True
4791,GLP1R,protenix,cognate,72.03692024353735,82.39018472308204,62.65727268565785,0.7292,True
4792,GRPR,boltz,cognate,76.12005198001862,92.7424503326416,80.91000366210938,0.9191,True
4793,GRPR,boltz,cognate,77.46317441264789,93.3870491027832,82.23999786376953,0.6723,True
4794,GRPR,boltz,cognate,77.67219273249309,94.05764999389648,83.83000183105469,0.9455,True
4795,GRPR,boltz,cognate,76.52853654821713,93.1425003051758,80.62100219726562,0.8601,True
4796,GRPR,boltz,cognate,78.49907300869624,93.90460014343262,85.41500091552734,0.8223,True
4797,GRPR,boltz,cognate,77.07385423779488,93.47465019226074,81.93800354003906,0.6801,True
4798,GRPR,boltz,cognate,76.37802083293597,92.3640998840332,80.8239974975586,0.7703,True
4799,GRPR,boltz,cognate,76.83072659373283,93.62525062561036,83.62100219726562,0.8068,True
4800,GRPR,boltz,cognate,77.26283596952756,92.78285026550292,82.68299865722656,0.8258,True
4801,GRPR,boltz,cognate,75.48808334271114,92.31669998168944,80.56400299072266,0.8512,True
4802,GRPR,boltz,cognate,75.83451300859451,92.76054954528809,81.0009994506836,0.8487,True
4803,GRPR,boltz,cognate,76.42675016323726,93.01215057373048,82.55799865722656,0.8402,True
4804,GRPR,boltz,cognate,76.39233328898747,93.22479934692385,80.03800201416016,1.0414,True
4805,GRPR,boltz,cognate,77.40278389056523,93.40575065612794,82.98100280761719,0.7177,True
4806,GRPR,boltz,cognate,76.30802873770396,92.3775993347168,80.18499755859375,0.9983,True
4807,GRPR,boltz,cognate,77.19635690251987,93.15339965820311,80.95899963378906,0.9106,True
4808,HRH1,boltz,apo,58.92253187990286,75.35469989776611,54.87900161743164,1.9679,False
4809,HRH1,boltz,apo,58.94309239318973,76.06709957122803,59.87099838256836,2.2779,False
4810,HRH1,boltz,apo,58.79206363278493,75.8153003692627,50.90999984741211,2.0699,False
4811,HRH1,boltz,apo,59.27759133716873,76.01870002746583,60.16999816894531,2.3994,False
4812,HRH1,boltz,apo,59.310412777033186,77.32395057678222,61.10200119018555,2.5041,False
4813,HRH1,boltz,apo,58.68587054070506,75.69975032806397,59.51800155639648,2.3477,False
4814,HRH1,boltz,apo,58.893404574854415,77.17220058441163,61.60699844360352,2.4713,False
4815,HRH1,boltz,apo,58.64949484870174,75.81590003967285,60.255001068115234,2.2828,False
4816,HRH1,boltz,apo,59.94850726196164,77.73024959564209,61.41600036621094,2.4138,False
4817,HRH1,boltz,apo,59.727525730642206,77.10965003967286,61.0880012512207,2.4359,False
4818,HRH1,boltz,apo,58.96452378541292,76.34139995574951,59.332000732421875,2.3724,False
4819,HRH1,boltz,apo,58.33352361910152,76.27220001220704,60.11899948120117,2.2548,False
4820,HRH1,boltz,apo,57.33753190637859,73.50554943084717,53.13100051879883,2.1032,False
4821,HRH1,boltz,apo,59.99395069694128,77.70435028076172,61.915000915527344,2.5311,False
4822,HRH1,boltz,apo,59.18081724961925,76.46979942321778,59.17599868774414,2.1546,False
4823,HRH1,boltz,apo,58.70708418577848,76.18164978027343,58.66999816894531,2.6325,False
4824,HRH1,boltz,apo,58.58360160890301,75.58439998626709,54.61199951171875,1.897,False
4825,HRH1,boltz,apo,58.39341894850838,75.40385017395019,58.0629997253418,2.1138,False
4826,HRH1,boltz,apo,59.6369774287731,78.40000019073486,61.71799850463867,2.2429,False
4827,HRH1,boltz,apo,58.64596504352421,75.10624923706055,59.87699890136719,2.7072,False
4828,HRH1,boltz,apo,58.68354010533014,76.24514961242676,60.492000579833984,2.3934,False
4829,HRH1,boltz,apo,58.502687841959805,75.8029998779297,60.641998291015625,2.4166,False
4830,HRH1,boltz,apo,58.21879880775906,74.38454971313476,57.959999084472656,2.2046,False
4831,HRH1,chai,apo,65.94235434794666,81.36631160646633,58.52145420421254,2.0618,False
4832,HRH1,chai,apo,66.03129556218063,81.9315248324379,59.78409125588157,1.8671,False
4833,HRH1,chai,apo,66.06355834082655,81.69665375402653,59.625090859153055,2.3511,False
4834,HRH1,chai,apo,66.12863669384228,82.00110158464783,60.620817704634234,2.3377,False
4835,HRH1,chai,apo,66.0046009423329,81.71104329984425,60.02809039029208,2.1562,False
4836,HRH1,chai,apo,65.97987227530305,81.59138456750568,57.93918124112216,2.1213,False
4837,HRH1,chai,apo,65.96796673073406,81.80770009793588,59.67963686856356,2.0985,False
4838,HRH1,chai,apo,65.89491118330568,81.64885339293818,59.02000045776367,2.0427,False
4839,HRH1,chai,apo,65.96777834058372,81.16087096583104,58.61745556918058,2.1429,False
4840,HRH1,chai,apo,66.00551343488283,81.56579629214123,59.81418193470348,2.2722,False
4841,HRH1,chai,apo,65.9726990984564,81.40459899193624,60.65081925825639,1.979,False
4842,HRH1,chai,apo,66.02005753585846,81.31450891196127,58.87990916859019,2.1624,False
4843,HRH1,chai,apo,65.89364939280617,81.10534330036388,58.91000019420277,1.9968,False
4844,HRH1,chai,apo,65.85147904520507,80.94731916588623,58.96154507723722,2.1707,False
4845,HRH1,chai,apo,65.95348487852701,81.48524765938048,59.459909265691586,1.8792,False
4846,HRH1,chai,apo,65.9132778486697,81.39473515909643,60.5323635448109,2.0263,False
4847,HRH1,chai,apo,65.95034764389641,81.0523012243136,59.55518167669123,1.7064,False
4848,HRH1,chai,apo,65.97469503610837,81.29852403965519,60.29245411265981,2.1337,False
4849,HRH1,chai,apo,66.10162325988868,81.69833098068898,60.58190848610618,2.3361,False
4850,HRH1,chai,apo,65.84362177814963,81.35623967949617,59.6930906122381,1.7222,False
4851,HRH1,chai,apo,65.9407452443608,81.39880197629613,60.025181163441054,2.182,False
4852,HRH1,chai,apo,66.18196300746969,81.6790930504269,60.19399920376864,2.2421,False
4853,HRH1,chai,apo,65.87661183181227,80.88057202245595,59.41990939053622,1.6509,False
4854,HRH1,chai,apo,66.0215249171924,81.92018149315365,61.6762729991566,1.9302,False
4855,HRH1,chai,apo,65.92819511057323,81.14266110473898,58.66245373812589,1.8781,False
4856,GRPR,boltz,cognate,76.57873701055844,93.16540069580078,82.10099792480469,0.7604,True
4857,GRPR,boltz,cognate,75.60444794595242,93.04614944458008,82.75499725341797,0.7746,True
4858,GRPR,boltz,cognate,78.67144021888573,93.94990043640136,84.46199798583984,0.8374,True
4859,GRPR,boltz,cognate,76.90403637290001,93.6525493621826,83.20899963378906,0.9167,True
4860,HRH1,protenix,apo,69.06020721018761,84.63158540581212,70.76090968738903,2.2207,False
4861,HRH1,protenix,apo,68.87593978251563,84.65858750372223,70.80727317116477,2.263,False
4862,HRH1,protenix,apo,68.23720976675871,84.72626784460884,71.47454521872781,2.2857,False
4863,HRH1,protenix,apo,68.61979721114696,84.65789243773808,71.28363626653498,2.251,False
4864,GRPR,boltz,cognate,76.90800514817238,93.57630043029783,82.49199676513672,0.8641,True
4865,GRPR,boltz,cognate,76.44709123671055,93.4460506439209,82.93599700927734,0.7407,True
4866,GRPR,boltz,cognate,76.17557027439277,93.06690063476564,82.48899841308594,0.7999,True
4867,GRPR,chai,cognate,72.49770155136758,83.67488834732022,61.23609126697887,1.0465,True
4868,HRH1,protenix,apo,69.02105468426578,84.64355039289674,70.6681830666282,2.2893,False
4869,HRH1,protenix,apo,68.43015193364728,84.72945595788059,70.8336365439675,2.2519,False
4870,HRH1,protenix,apo,68.74674048282012,84.68234673530337,70.75909042358398,2.3349,False
4871,HRH1,protenix,apo,67.9097289961769,84.67001024648052,71.72272768887606,2.2457,False
4872,HRH1,protenix,apo,68.9052756648012,84.68392212796178,71.32818256724964,2.3139,False
4873,HRH1,protenix,apo,69.48863381359413,84.60099362245371,71.38181825117631,2.1639,False
4874,HRH1,protenix,apo,68.03003665378267,84.73802882567456,71.51454544067383,2.2116,False
4875,HRH1,protenix,apo,68.120145817503,84.7667113182899,71.49090922962536,2.2478,False
4876,HRH1,protenix,apo,68.47734168006195,84.7463436010424,71.60181773792614,2.1907,False
4877,HRH1,protenix,apo,68.55438920921036,84.73811736690361,71.6000001695421,2.2779,False
4878,HRH1,protenix,apo,68.9477060919409,84.72829423031936,71.59636376120828,2.288,False
4879,HRH1,protenix,apo,68.47715500796483,84.96082001893896,71.73909169977361,2.2206,False
4880,HRH1,protenix,apo,68.46969457969897,84.77481803413764,71.70727330988103,2.3027,False
4881,HRH1,protenix,apo,68.87558633158964,84.87230350729708,71.54555638631184,2.1996,False
4882,HRH1,protenix,apo,69.36996013973493,84.9102594844741,71.80181884765625,2.1804,False
4883,HRH1,protenix,apo,69.00344041044188,84.91487044916525,71.83090903542258,2.1957,False
4884,GRPR,chai,cognate,72.34977790472627,83.52631284585763,59.501727017489344,0.9299,True
4885,GRPR,chai,cognate,72.55059038439659,83.78592389156293,61.248817443847656,0.9636,True
4886,GRPR,chai,cognate,72.57948386019356,83.6283495544665,60.650000138716265,0.973,True
4887,GRPR,chai,cognate,72.57568077544927,83.73943786881186,61.24390931562944,1.0269,True
4888,GRPR,chai,cognate,72.54758873318607,83.86685372373242,61.374636910178445,1.0429,True
4889,GRPR,chai,cognate,72.6040935999751,83.88580358385524,61.30845434015448,1.0367,True
4890,GRPR,chai,cognate,72.54430235434734,83.70849677915696,61.457545193758875,1.0915,True
4891,GRPR,chai,cognate,72.38870415162312,83.64114601515071,61.26009160822088,1.0142,True
4892,HRH1,protenix,apo,68.18633047971943,84.93189917283657,71.61818209561434,2.2019,False
4893,HRH1,protenix,apo,68.44328113594548,84.93081295707009,71.80727351795544,2.298,False
4894,HRH1,protenix,apo,69.24261465007753,84.89306812191421,71.62909108942205,2.1985,False
4895,GRPR,protenix,cognate,69.4678736065142,84.17091236642945,66.15727199207653,1.6633,True
4896,GRPR,chai,cognate,72.41749790416777,83.66948855651921,61.51672779430043,1.1207,True
4897,GRPR,chai,cognate,72.63600447306472,83.75701113325178,61.3989091352983,1.0561,True
4898,GRPR,chai,cognate,72.39572715473456,83.52387234328629,61.12181923606179,1.109,True
4899,GRPR,chai,cognate,72.41232738649332,83.600504120996,61.25809166648171,1.1436,True
4900,GRPR,protenix,cognate,69.0707394562762,83.79778635887874,66.11909068714489,1.2016,True
4901,GRPR,protenix,cognate,69.34222971050569,83.91597788934584,66.10999956997958,0.9131,True
4902,HRH1,protenix,apo,69.01499541222908,84.90961582438426,71.70909118652344,2.2308,False
4903,HRH1,protenix,apo,69.365492829392,84.85852247015222,71.82454577359286,2.209,False
4904,GRPR,protenix,cognate,70.2785569850841,84.37068902581287,66.03727306019177,0.9905,True
4905,HRH1,boltz,apo,58.32071049355383,74.40660018920899,58.73400115966797,2.6751,False
4906,HRH1,boltz,apo,58.61221559826109,75.7601505279541,58.21900177001953,2.192,False
4907,GRPR,protenix,cognate,68.86564106996663,83.7397501564026,65.86818209561434,1.6865,True
4908,GRPR,chai,cognate,72.52550775631276,83.53625423860755,61.22109083695845,1.1514,True
4909,GRPR,chai,cognate,72.45298832095729,83.6210739184871,60.96527377041903,1.1112,True
4910,GRPR,chai,cognate,72.60942041890722,83.88081405317628,61.69018138538707,1.0404,True
4911,GRPR,chai,cognate,72.54313994378386,83.64800797842283,61.32918167114258,1.0323,True
4912,GRPR,chai,cognate,72.50715065903678,83.5234786691294,61.34645566073331,1.0995,True
4913,GRPR,chai,cognate,72.46149345216533,83.62927274291134,61.351999803022906,1.1548,True
4914,GRPR,chai,cognate,72.26394061526949,83.40583454012355,61.29618141867898,1.1123,True
4915,GRPR,chai,cognate,72.40932883203008,83.62100878451294,60.99363604458895,1.1037,True
4916,GRPR,chai,cognate,72.46591152992384,83.54409027801448,61.143817554820664,1.1435,True
4917,GRPR,chai,cognate,72.54367584853401,83.76247830968914,61.55563666603782,0.9369,True
4918,GRPR,chai,cognate,72.53912936455484,83.63770352433771,60.954546148126774,1.0864,True
4919,GRPR,chai,cognate,72.39868547960977,83.69909940050795,61.084454623135656,1.0747,True
4920,HRH1,boltz,cognate,64.62589735857514,88.56119956970215,67.41899871826172,0.8,False
4921,HRH1,boltz,cognate,65.6272032344121,89.44774932861328,69.86399841308594,0.7561,False
4922,GRPR,protenix,cognate,69.13417289071573,84.07479965771431,66.27909088134766,1.7185,True
4923,GRPR,protenix,cognate,69.51090240608157,84.59648593729193,67.04000091552734,1.0315,True
4924,GRPR,protenix,cognate,69.68548031800076,84.35977520472044,66.02272761951794,0.791,True
4925,GRPR,protenix,cognate,69.05291077139653,84.10188337239352,66.4618183482777,0.8332,True
4926,GRPR,protenix,cognate,69.4315217171452,84.00107924684303,66.26363580877131,1.0376,True
4927,GRPR,protenix,cognate,69.42499855423078,83.97319262975222,65.7536357532848,0.9947,True
4928,GRPR,protenix,cognate,69.47631445605525,84.53325265380728,66.14909120039506,0.9278,True
4929,GRPR,protenix,cognate,69.75519299808336,84.41998862518378,66.43454638394442,1.0347,True
4930,GRPR,protenix,cognate,69.02844382514205,83.79173676829319,66.51636366410689,1.1211,True
4931,GRPR,protenix,cognate,68.98321340485579,83.7889093122854,66.59909161654386,1.1715,True
4932,GRPR,protenix,cognate,68.93739922736691,83.61126571671788,66.2509089383212,1.1969,True
4933,GRPR,protenix,cognate,69.12351060771563,83.51554049237981,65.79363666881214,1.2813,True
4934,GRPR,protenix,cognate,69.58310880760567,83.81817348921969,66.39363687688655,1.1399,True
4935,GRPR,protenix,cognate,69.84642064614941,84.56103977690528,66.3245454268022,0.774,True
4936,GRPR,protenix,cognate,69.69011139932066,83.70769751268031,66.19000105424361,1.1971,True
4937,GRPR,protenix,cognate,69.51809194382977,83.70008958692675,66.4081819707697,1.1682,True
4938,GRPR,protenix,cognate,68.76206767678174,83.63120172876299,65.96272763338956,1.0932,True
4939,GRPR,protenix,cognate,68.81687491285744,83.56180332489343,66.0372727134011,1.3949,True
4940,GRPR,protenix,cognate,69.4178307194562,84.20927042878552,65.84636341441761,1.2272,True
4941,GRPR,protenix,cognate,69.40275112980866,84.07069858963871,65.9836356423118,1.8498,True
4942,HRH1,boltz,cognate,64.48365699877729,88.02419967651367,66.04100036621094,0.6801,False
4943,HRH1,boltz,cognate,64.38001225763279,88.46154975891113,70.38999938964844,0.6823,False
4944,HRH1,boltz,cognate,64.06951331700633,87.89174995422363,66.22100067138672,0.7624,False
4945,HRH1,boltz,cognate,64.09818890158401,88.13274993896485,68.16699981689453,0.7381,False
4946,HRH1,boltz,cognate,64.27332036059495,87.13530006408692,65.3219985961914,0.699,False
4947,HRH1,boltz,cognate,63.359047127944976,87.72159957885742,66.63099670410156,0.7456,False
4948,HRH1,boltz,cognate,64.33228129283114,88.12209930419922,67.8290023803711,0.6797,False
4949,HRH1,boltz,cognate,63.17633256775153,87.23534965515137,65.50800323486328,0.7559,False
4950,HRH1,boltz,cognate,63.92692411215153,87.63610000610352,66.8740005493164,0.739,False
4951,HRH1,boltz,cognate,63.60441483609241,87.98105010986328,67.50599670410156,0.8259,False
4952,HRH1,boltz,cognate,64.36694861535419,88.16459999084472,68.35900115966797,0.7885,False
4953,HRH1,boltz,cognate,63.687706224727435,86.75200042724609,62.57099914550781,1.1922,False
4954,HRH1,boltz,cognate,63.697312176839525,87.79310035705566,66.05799865722656,0.7136,False
4955,HRH1,boltz,cognate,63.59916633746952,88.1659999847412,67.03299713134766,0.7003,False
4956,HRH1,boltz,cognate,64.66159543266531,88.46599960327148,68.14399719238281,0.7132,False
4957,HRH1,boltz,cognate,64.34390354743974,88.1416000366211,67.25399780273438,0.6216,False
4958,HRH1,boltz,cognate,63.44953391292501,87.11144943237305,65.69400024414062,1.1058,False
4959,HRH1,boltz,cognate,63.27504917434598,87.72605094909667,64.96600341796875,0.7692,False
4960,HRH3,boltz,apo,69.86265165779028,88.43244972229004,75.73100280761719,,True
4961,HRH3,boltz,apo,73.65510115034125,91.07479972839356,79.1969985961914,,True
4962,HRH3,boltz,apo,71.43620687763342,89.56950035095215,78.98500061035156,,True
4963,HRH3,boltz,apo,71.13420444017046,88.83224983215332,78.34400177001953,,True
4964,HRH3,boltz,apo,69.92139325945566,87.72050018310547,77.1709976196289,,True
4965,HRH3,boltz,apo,70.2147842707259,87.69825019836426,76.32099914550781,,True
4966,HRH3,boltz,apo,69.96598656900814,87.50979919433594,76.37200164794922,,True
4967,HRH3,boltz,apo,70.1783596467436,87.9744499206543,75.69499969482422,,True
4968,HRH3,boltz,apo,70.27911681700289,87.78274993896484,76.87699890136719,,True
4969,HRH3,boltz,apo,70.10019777276543,88.36424942016602,76.06099700927734,,True
4970,HRH3,boltz,apo,72.09453274587567,89.73179931640625,77.74099731445312,,True
4971,HRH3,boltz,apo,72.65382479978412,89.69654960632325,80.36399841308594,,True
4972,HRH3,boltz,apo,72.4345100402832,90.22980079650878,79.86699676513672,,True
4973,HRH3,boltz,apo,71.17332581937983,88.9533504486084,78.48400115966797,,True
4974,HRH3,boltz,apo,69.6582920803113,87.96579971313477,73.63899993896484,,True
4975,HRH3,boltz,apo,69.452087723807,87.34324989318847,74.7770004272461,,True
4976,HRH3,boltz,apo,71.78765616684817,90.05670051574707,80.38899993896484,,True
4977,HRH3,boltz,apo,71.69365605557903,89.51080131530762,79.73699951171875,,True
4978,HRH3,boltz,apo,70.55882261469124,89.13190040588378,79.06400299072266,,True
4979,HRH3,boltz,apo,70.85648315944029,87.70070037841796,77.5199966430664,,True
4980,HRH3,boltz,apo,70.84018880008311,88.87130012512208,77.23600006103516,,True
4981,HRH3,chai,apo,67.98915045670293,80.20711704263785,65.20709055120295,,True
4982,HRH3,chai,apo,68.13165805161277,80.15929852085196,65.27663560347123,,True
4983,HRH3,chai,apo,67.60794829489538,79.86849000827576,64.55390999533914,,True
4984,HRH3,chai,apo,67.74395738129834,80.0177549157755,64.68000030517578,,True
4985,HRH3,chai,apo,68.07945954727914,80.32234551754522,65.15709096735173,,True
4986,HRH3,chai,apo,67.95892600892267,80.05157742972327,65.78618275035511,,True
4987,HRH3,chai,apo,68.10582445792265,80.4066270246547,64.76527231389827,,True
4988,HRH3,chai,apo,68.31546658278752,80.68559712280614,65.68318245627664,,True
4989,HRH3,chai,apo,68.08632423125849,80.05211341899196,65.54936426336116,,True
4990,HRH3,chai,apo,68.00006847674109,79.50792272229216,65.2421805641868,,True
4991,HRH3,chai,apo,68.07634021391709,80.01267522071518,65.64854604547673,,True
4992,HRH3,chai,apo,68.18388355933138,80.18901001601337,65.60599933971058,,True
4993,HRH3,chai,apo,68.193927443288,80.23977045778932,65.74527289650656,,True
4994,HRH3,chai,apo,68.12351848495727,80.29638808189877,65.59854507446289,,True
4995,HRH3,chai,apo,67.9518591147423,80.0321310250171,65.05690869418058,,True
4996,HRH3,chai,apo,67.5664492293083,79.54825619635645,64.71836298162287,,True
4997,HRH3,chai,apo,68.15223540950811,80.45599334467025,65.79845428466797,,True
4998,HRH3,chai,apo,68.02499002872418,79.93576596610988,65.79781688343395,,True
4999,HRH3,chai,apo,67.94448713307807,80.0587443956221,65.13918165727095,,True
5000,HRH3,chai,apo,67.8676841286334,79.6033705149963,64.36527286876331,,True
5001,HRH3,chai,apo,67.7286976331503,79.84119465182525,65.1569095958363,,True
5002,HRH3,chai,apo,67.55036158456207,79.33911548284225,64.51981769908558,,True
5003,HRH3,chai,apo,67.99441612424717,80.22960322854838,65.03572672063655,,True
5004,HRH3,chai,apo,67.93184834697286,80.16958579986814,65.3090917413885,,True
5005,HRH3,chai,apo,67.80733603493096,79.59465263246285,64.6329082142223,,True
5006,HRH3,protenix,apo,73.20085746129199,84.82259561197411,71.60909097844905,,True
5007,HRH3,protenix,apo,72.59971876879678,85.01438205418994,72.23181880604137,,True
5008,HRH1,boltz,cognate,64.24400622937713,87.90180053710938,65.79199981689453,0.8276,False
5009,HRH1,boltz,cognate,64.98506981538307,88.66754989624023,67.68199920654297,0.7679,False
5010,HRH1,boltz,cognate,64.55317865798605,88.80354919433594,67.93900299072266,0.8585,False
5011,HRH1,boltz,cognate,63.22741479109934,88.62625007629394,68.63600158691406,0.6807,False
5012,HRH1,boltz,cognate,63.37307793697537,88.13194999694824,66.38400268554688,0.7599,False
5013,HRH1,chai,cognate,65.65326219731622,85.75095632147135,67.62022230360243,0.742,False
5014,HRH1,chai,cognate,65.68954893192135,85.77099323630506,68.81722217135959,0.7671,False
5015,HRH1,chai,cognate,65.4445138609557,85.28895122991841,66.90388912624783,0.7877,False
5016,HRH3,protenix,apo,72.55381899612738,85.05027639554176,74.83818088878284,,True
5017,HRH3,protenix,apo,73.02382577421484,84.97573162729776,74.56090892444958,,True
5018,HRH3,protenix,apo,73.21461159216747,85.01348243691359,74.99363639137961,,True
5019,HRH3,protenix,apo,72.79381501980136,85.0584193917064,74.99181782115589,,True
5020,HRH3,protenix,apo,73.44760924568308,85.53857219872192,75.08000009710139,,True
5021,HRH3,protenix,apo,73.01947175444847,85.51370910234438,74.60727240822531,,True
5022,HRH3,protenix,apo,73.35606524440146,85.51438017879556,74.87181819568981,,True
5023,HRH3,protenix,apo,73.28592505562001,85.51384924778519,75.00727185336027,,True
5024,HRH1,chai,cognate,65.51071536826777,85.52656305954397,66.81255510118272,0.722,False
5025,HRH1,chai,cognate,65.53229281950782,85.76843474857391,67.96066623263889,0.7468,False
5026,HRH1,chai,cognate,65.45456805499092,85.60658959085978,68.06877729627821,0.7329,False
5027,HRH1,chai,cognate,65.65581043501845,85.84913004999036,68.99366633097331,0.746,False
5028,HRH3,protenix,apo,72.85361630081695,84.91356086539672,71.79909029873934,,True
5029,HRH3,protenix,apo,73.30533899767443,84.90210867650582,72.03636342828923,,True
5030,HRH3,protenix,apo,72.34059933354635,84.3322182420425,72.59636376120828,,True
5031,HRH3,protenix,apo,72.79389692924582,84.3087731009782,72.36454460837625,,True
5032,HRH3,protenix,apo,73.1245217908991,85.56233229429347,75.07090932672673,,True
5033,HRH3,protenix,apo,73.29947339368283,84.88464426622762,71.73181776566939,,True
5034,HRH3,protenix,apo,73.36138197885181,84.93478639279266,72.03818061135031,,True
5035,HRH3,protenix,apo,73.03554088241471,84.95116036660058,71.98454527421431,,True
5036,HRH1,chai,cognate,65.51083641072013,85.70571575784064,69.00444412231445,0.7787,False
5037,HRH1,chai,cognate,65.65932004207951,85.74965519909217,67.9943339029948,0.6748,False
5038,HRH1,chai,cognate,65.50168486151985,85.44831330286992,65.15155665079753,0.7389,False
5039,HRH1,chai,cognate,65.46636061441741,85.48977800716054,67.53400039672852,0.753,False
5040,HRH1,chai,cognate,65.38973333084051,85.35426083431271,66.94444359673395,0.7046,False
5041,HRH1,chai,cognate,65.41441115193344,85.74713475967727,68.24500062730577,0.6977,False
5042,HRH1,chai,cognate,65.61222043729532,85.42048094251284,67.29177771674262,0.7416,False
5043,HRH1,chai,cognate,65.51685927707318,85.48223769287009,64.95688883463542,0.6823,False
5044,HRH1,chai,cognate,65.42359420451172,85.49021500001223,65.54577763875325,0.7018,False
5045,HRH1,chai,cognate,65.62456508017938,85.63259010327326,66.56811141967773,0.8155,False
5046,HRH3,boltz,apo,70.8756067640326,88.14145088195801,72.17500305175781,,True
5047,HRH3,boltz,apo,71.35696616440677,88.40249977111816,78.15499877929688,,True
5048,HRH1,chai,cognate,65.63626506151003,85.88945756496634,68.32866583930121,0.7785,False
5049,HRH3,protenix,apo,73.4071642602358,85.088480488129,72.70454545454545,,True
5050,HRH3,protenix,apo,73.1947494521887,85.11431755774636,73.12181854248047,,True
5051,HRH3,protenix,apo,72.85784473695534,84.92635279780687,74.22181771018289,,True
5052,HRH1,chai,cognate,65.71712539564714,85.87740853853212,68.4075567457411,0.736,False
5053,HRH1,chai,cognate,65.61551505461439,85.7808970634521,68.7445560031467,0.7615,False
5054,HRH1,chai,cognate,65.42266784452175,85.66401524322201,68.14122178819444,0.6877,False
5055,HRH1,chai,cognate,65.27782597071571,85.05917219876211,65.27644475301106,0.7102,False
5056,HRH1,protenix,cognate,63.287406900949286,83.94242622277093,66.88000064425998,0.6543,False
5057,HRH1,protenix,cognate,63.68476128081796,83.94139644572574,66.71555625067816,0.5842,False
5058,HRH3,boltz,apo,71.8641235994489,88.92929954528809,78.00399780273438,,True
5059,HRH3,boltz,apo,71.4449976374594,90.25585021972655,77.89399719238281,,True
5060,HRH3,protenix,apo,72.8249001987536,84.29579690959375,72.4654541015625,,True
5061,HRH3,protenix,apo,72.55685001746986,84.32843123503406,72.56090927124023,,True
5062,HRH3,boltz,cognate,70.62069670002113,89.83619995117188,75.26599884033203,,True
5063,HRH3,boltz,cognate,70.44958874563153,89.53490028381347,75.29000091552734,,True
5064,HRH3,protenix,apo,73.08966977567717,85.09142178096468,72.89090971513228,,True
5065,HRH1,chai,cognate,65.62854002704518,85.88955903267964,68.68633270263672,0.7084,False
5066,HRH1,chai,cognate,65.53595705343594,85.6265318637424,68.1597777472602,0.745,False
5067,HRH1,chai,cognate,65.74334996188303,86.05874402998501,69.30400043063693,0.7784,False
5068,HRH3,protenix,apo,72.08897439384246,84.33565330830145,72.51363650235263,,True
5069,HRH1,protenix,cognate,63.88987467977634,84.9915992450026,66.3444446987576,0.682,False
5070,HRH1,protenix,cognate,63.63592290257854,85.0205271903089,66.47555584377713,0.6441,False
5071,HRH1,protenix,cognate,63.70430105029523,85.00871142868355,66.47111129760742,0.6426,False
5072,HRH1,protenix,cognate,63.749004318081234,85.00214269489439,66.46222178141277,0.5864,False
5073,HRH1,protenix,cognate,64.06527485002015,84.94608642196242,66.16999944051106,0.6249,False
5074,HRH1,protenix,cognate,63.023728836846814,84.87102588615718,66.91222296820746,0.6372,False
5075,HRH1,protenix,cognate,64.08392235394568,84.78794267851211,66.78333367241754,0.5706,False
5076,HRH1,protenix,cognate,63.93583392797476,84.80047810795331,66.8988880581326,0.5826,False
5077,HRH1,protenix,cognate,63.74858065491777,84.79087550285058,66.86777877807617,0.5846,False
5078,HRH1,protenix,cognate,64.7838313887326,84.70016752455658,66.54222234090169,0.5894,False
5079,HRH1,protenix,cognate,63.66903162528356,84.66213964139573,68.17333263821072,0.6107,False
5080,HRH1,protenix,cognate,63.35083741385051,84.71422169689491,68.52444458007812,0.705,False
5081,HRH1,protenix,cognate,63.916215230048735,84.68645023694802,68.3477783203125,0.672,False
5082,HRH1,protenix,cognate,63.513953449810096,84.68957931701584,68.46444363064236,0.6134,False
5083,HRH1,protenix,cognate,64.59513969764055,84.6419495472213,68.17444441053603,0.5926,False
5084,HRH1,protenix,cognate,62.72533517537128,84.8160237852182,66.21777809990778,0.6648,False
5085,HRH1,protenix,cognate,63.46474525693371,84.89534952043971,66.62888844807942,0.6529,False
5086,HRH1,protenix,cognate,62.88616363247088,84.89563427902402,66.35333251953125,0.6202,False
5087,HRH1,protenix,cognate,63.29759737481571,84.89107702466488,66.53333240085178,0.6285,False
5088,HRH3,boltz,cognate,68.80427408539848,88.22094955444337,73.97599792480469,,True
5089,HRH3,boltz,cognate,69.80556174288975,88.36080055236816,72.70099639892578,,True
5090,HRH3,boltz,cognate,69.94864916426413,89.77924919128418,76.3499984741211,,True
5091,HRH3,boltz,cognate,69.4214629612612,88.78335037231446,72.84100341796875,,True
5092,HRH1,protenix,cognate,63.73028126121926,84.20056083690896,63.41111161973741,0.6001,False
5093,HRH1,protenix,cognate,62.56044444633544,84.04264117505129,67.19444402058919,0.6294,False
5094,HRH1,protenix,cognate,62.78206648756958,84.0228675698546,67.14000108506944,0.6138,False
5095,HRH1,protenix,cognate,63.211681473429685,84.00460776330416,66.99111217922635,0.6751,False
5096,HRH3,boltz,cognate,69.23273696899415,87.58239974975587,72.10700225830078,,True
5097,HRH3,boltz,cognate,68.34113485357734,87.02444992065429,70.50199890136719,,True
5098,HRH3,boltz,cognate,68.67663590506221,88.26805000305175,72.697998046875,,True
5099,HRH3,boltz,cognate,68.70730792699236,88.20650100708008,71.625,,True
5100,HRH3,boltz,cognate,68.43035067440418,87.99360008239746,73.06600189208984,,True
5101,HRH3,boltz,cognate,69.79703813188532,88.81919937133789,72.61699676513672,,True
5102,HRH3,boltz,cognate,68.86097315241781,87.88420104980469,71.10900115966797,,True
5103,HRH3,boltz,cognate,70.03044494028842,88.74594955444336,75.22100067138672,,True
5104,HRH3,boltz,cognate,70.10259326549058,88.0114501953125,72.90599822998047,,True
5105,HRH3,boltz,cognate,69.49971015587282,84.8619499206543,65.25199890136719,,True
5106,HRH3,boltz,cognate,69.71593479199356,86.98015022277832,70.0270004272461,,True
5107,HRH3,boltz,cognate,68.31653047197321,85.67815055847169,67.39600372314453,,True
5108,LPAR1,boltz,apo,81.75590924902276,91.02669906616212,74.96299743652344,2.1957,False
5109,LPAR1,boltz,apo,82.10114864202646,91.8340503692627,78.1989974975586,2.3176,False
5110,LPAR1,boltz,apo,81.48102743547041,91.07809982299804,73.5530014038086,2.1989,False
5111,LPAR1,boltz,apo,83.23348890032086,92.87019996643066,78.86299896240234,2.2342,False
5112,LPAR1,boltz,apo,82.81189268761939,91.25969924926758,75.5479965209961,1.9329,False
5113,LPAR1,boltz,apo,82.86222526005336,91.60375022888184,78.02799987792969,1.8276,False
5114,LPAR1,boltz,apo,82.09388736054137,91.20810050964356,74.97000122070312,2.1169,False
5115,LPAR1,boltz,apo,82.55047504718488,91.1586498260498,73.9010009765625,1.9574,False
5116,LPAR1,boltz,apo,84.78887357816592,93.21350021362304,82.11399841308594,2.2882,False
5117,LPAR1,boltz,apo,83.87192845606542,92.86420021057128,81.26899719238281,2.2753,False
5118,LPAR1,boltz,apo,83.45494523939196,92.17255058288576,77.73799896240234,2.1683,False
5119,LPAR1,boltz,apo,83.66307429428939,91.64930038452148,76.99600219726562,1.8335,False
5120,LPAR1,boltz,apo,82.20175810174628,92.03424949645996,74.7959976196289,2.2482,False
5121,LPAR1,boltz,apo,84.9036289885804,93.23974914550782,80.53399658203125,2.023,False
5122,LPAR1,boltz,apo,84.34413464514763,93.0302505493164,79.35900115966797,2.1049,False
5123,LPAR1,boltz,apo,82.94553284068684,92.25419960021972,76.34700012207031,2.1776,False
5124,LPAR1,boltz,apo,82.39822526030488,91.52935028076172,74.18399810791016,2.1694,False
5125,LPAR1,boltz,apo,82.8388488476093,92.87414932250977,81.28800201416016,2.3208,False
5126,LPAR1,boltz,apo,84.66879401364169,93.29659957885742,82.34600067138672,2.3183,False
5127,LPAR1,boltz,apo,83.4202473609002,91.26785049438476,76.17500305175781,1.9793,False
5128,LPAR1,boltz,apo,83.7024781363351,91.58330116271972,74.15399932861328,1.9461,False
5129,LPAR1,boltz,apo,83.37761259602976,92.15640029907226,77.65699768066406,2.1314,False
5130,LPAR1,boltz,apo,82.09870056529621,91.15794982910155,77.66400146484375,2.1464,False
5131,LPAR1,chai,apo,77.3775710583667,83.79353836085717,68.72862529754639,2.2426,False
5132,HRH3,boltz,cognate,69.47370102700222,89.14640007019042,73.5739974975586,,True
5133,HRH3,boltz,cognate,67.88664942966419,86.93714981079101,70.57599639892578,,True
5134,HRH3,boltz,cognate,70.0338943524307,87.8431495666504,72.9000015258789,,True
5135,HRH3,boltz,cognate,69.37227650760265,88.95765075683593,75.28600311279297,,True
5136,LPAR1,chai,apo,77.67410726681776,84.47452854717963,69.7337268482555,2.2624,False
5137,LPAR1,chai,apo,77.76287901257363,84.49063156156141,69.93418260054155,2.2387,False
5138,LPAR1,chai,apo,77.17033834369516,83.48793730506648,65.38299989700317,2.0934,False
5139,LPAR1,chai,apo,77.67293124332257,84.2235634595904,69.47912645339966,2.2334,False
5140,LPAR1,chai,apo,77.24088930580191,83.64644266048722,65.4886245727539,2.1156,False
5141,LPAR1,chai,apo,77.24215047770649,83.63478920982686,65.64325094223022,2.1456,False
5142,LPAR1,chai,apo,77.37694288857166,83.89391095519238,68.87612438201904,2.104,False
5143,LPAR1,chai,apo,77.33973761593344,83.93106167173318,68.0686240196228,2.1887,False
5144,LPAR1,chai,apo,77.24941518778216,83.59337895456675,67.30762481689453,2.1025,False
5145,LPAR1,chai,apo,77.50074634380928,83.94537997110925,68.75587558746338,2.1163,False
5146,LPAR1,chai,apo,77.3243212608253,83.64953696314907,65.46699953079224,2.1123,False
5147,LPAR1,chai,apo,77.37122217759497,83.65300537642635,65.27562475204468,2.0492,False
5148,LPAR1,chai,apo,77.66078691599574,84.5744704494091,69.7315444946289,2.2798,False
5149,LPAR1,chai,apo,77.62055898537379,84.47005978801035,69.83963602239436,2.204,False
5150,LPAR1,chai,apo,77.41396146331383,83.7515266510384,66.68350124359131,2.1476,False
5151,LPAR1,chai,apo,77.67786243287132,84.14045247893313,69.01112508773804,2.1654,False
5152,LPAR1,chai,apo,77.3521354316442,83.87020268604007,68.60437488555908,2.1161,False
5153,LPAR1,chai,apo,77.46138355074511,84.15347997657148,68.87612438201904,2.3198,False
5154,LPAR1,chai,apo,77.48504798843656,83.88169186968479,68.85674905776978,2.1867,False
5155,LPAR1,chai,apo,77.63341381092359,84.5763261479492,70.06000033291903,2.2306,False
5156,LPAR1,chai,apo,77.7091336625443,84.77395494431472,69.97518053921786,2.299,False
5157,LPAR1,chai,apo,77.42635643571413,83.88667786022283,67.24637460708618,2.1088,False
5158,LPAR1,chai,apo,77.49946415199135,84.11497879179008,68.8096251487732,2.0943,False
5159,LPAR1,chai,apo,77.81061969675032,84.7380505770935,69.84018152410334,2.2596,False
5160,LPAR1,protenix,apo,80.00811965245512,87.29463511666522,70.18727319890803,2.1983,False
5161,LPAR1,protenix,apo,80.08415094322447,87.2965638587726,70.2127272865989,2.211,False
5162,LPAR1,protenix,apo,80.11750043353574,87.28450678404275,70.24454498291016,2.1694,False
5163,LPAR1,protenix,apo,80.18009273360647,87.2922710200512,70.29181740500711,2.1906,False
5164,LPAR1,protenix,apo,80.15938007208185,87.30907965830049,70.22727238048206,2.2094,False
5165,LPAR1,protenix,apo,79.95723659399225,87.18399264345265,70.35636346990412,2.0967,False
5166,LPAR1,protenix,apo,80.04742170083728,87.19874526550932,70.2536357532848,2.1909,False
5167,LPAR1,protenix,apo,80.04121292405193,87.21050535758681,70.29818205399947,2.1345,False
5168,LPAR1,protenix,apo,80.096226753203,87.1962024645303,70.29818170720881,2.185,False
5169,LPAR1,protenix,apo,80.07800719906925,87.20028226661131,70.32999975031072,2.1938,False
5170,LPAR1,protenix,apo,79.98137726703452,87.3094664770253,70.49181747436523,2.1941,False
5171,LPAR1,protenix,apo,80.05958887188793,87.34100089565156,70.53181804310192,2.1958,False
5172,HRH3,boltz,cognate,68.63842239379883,88.27309989929199,74.51799774169922,,True
5173,HRH3,boltz,cognate,69.10821574350422,88.7547004699707,72.91300201416016,,True
5174,HRH3,boltz,cognate,68.53496623950058,87.52509956359863,71.44999694824219,,True
5175,HRH3,chai,cognate,69.155101432115,85.54748785851494,67.93490878018466,,True
5176,LPAR1,protenix,apo,80.01422570417208,86.97911735284207,69.17727349021219,2.2171,False
5177,LPAR1,protenix,apo,80.08079954358556,87.01810072111017,69.3581823869185,2.2105,False
5178,LPAR1,protenix,apo,80.08077310959752,86.9943110698986,69.2481821233576,2.2087,False
5179,LPAR1,protenix,apo,80.023894102212,86.98496680272777,69.30000027743253,2.1939,False
5180,HRH3,chai,cognate,68.88412192573169,85.3548668102578,67.77636406638406,,True
5181,HRH3,chai,cognate,68.96067954112509,85.3423409535737,67.65663667158647,,True
5182,HRH3,chai,cognate,69.09023695983824,85.91445566499388,68.05027216131037,,True
5183,HRH3,chai,cognate,69.17170558350006,85.75779145478859,68.41254459727894,,True
5184,LPAR1,protenix,apo,79.92538459406211,87.31209093639518,70.51727364280008,2.1946,False
5185,LPAR1,protenix,apo,80.118831180471,87.31717875089137,70.49454532970081,2.2057,False
5186,LPAR1,protenix,apo,80.07423355317114,87.30152865688522,70.53181804310192,2.2097,False
5187,HRH3,chai,cognate,68.88597351556228,85.4544327174155,67.86072817715731,,True
5188,LPAR1,protenix,apo,79.57311996752439,86.55213953816357,69.35818169333719,2.156,False
5189,LPAR1,protenix,apo,79.51810424306981,86.54215724781305,69.38909114490856,2.1787,False
5190,LPAR1,protenix,apo,79.72264526684057,86.54048630725426,69.41181841763583,2.1891,False
5191,HRH3,protenix,cognate,67.87917859788925,84.62050619450827,70.51249933242798,,True
5192,HRH3,chai,cognate,68.99697600437497,85.65136131337538,67.67172692038797,,True
5193,HRH3,chai,cognate,68.82434296917482,85.34553175064737,67.52409120039506,,True
5194,HRH3,chai,cognate,69.12437433473389,85.49299691354386,68.22490900213069,,True
5195,HRH3,chai,cognate,68.74200047546914,85.29669356397048,67.12881851196289,,True
5196,HRH3,chai,cognate,68.8022653247357,85.43465697554112,67.79390820589933,,True
5197,HRH3,chai,cognate,69.26978609206695,85.98463682594408,68.71345450661399,,True
5198,HRH3,chai,cognate,69.16246803665273,85.85334495609114,68.35536367242986,,True
5199,HRH3,chai,cognate,69.05929884012497,85.57646490190625,68.31554516878995,,True
5200,HRH3,chai,cognate,69.14608911019887,85.78103762453252,68.38090896606445,,True
5201,HRH3,chai,cognate,68.80441726830736,84.8727908063451,68.20109072598544,,True
5202,HRH3,chai,cognate,69.08525520286886,85.4766720722661,68.43372761119495,,True
5203,HRH3,chai,cognate,68.81789360622021,85.54315128830089,67.20245465365323,,True
5204,HRH3,chai,cognate,69.10469045250932,85.75891455942073,68.63563745672053,,True
5205,HRH3,chai,cognate,69.06319123658491,85.23974184286713,68.18818040327592,,True
5206,HRH3,chai,cognate,69.3237757135852,86.01322941953487,68.6275450966575,,True
5207,HRH3,chai,cognate,69.02999810518611,85.44139878293653,67.64545405994762,,True
5208,HRH3,protenix,cognate,68.00033694144734,84.5887368609826,70.41750049591064,,True
5209,LPAR1,boltz,apo,83.2877087855077,92.28434944152832,79.7959976196289,2.1697,False
5210,LPAR1,boltz,apo,81.96157162006085,90.87490043640136,73.00299835205078,2.1472,False
5211,HRH3,protenix,cognate,67.86790969447955,84.91037617804513,71.63875007629395,,True
5212,HRH3,chai,cognate,68.93470297647767,85.50925542662154,67.56972781094638,,True
5213,HRH3,chai,cognate,68.89212881123109,85.40168790453956,67.93400053544478,,True
5214,HRH3,chai,cognate,69.09846918319228,85.63057671732717,67.25236337835139,,True
5215,LPAR1,protenix,apo,79.96499362964111,86.9831902374196,69.33545407381925,2.1981,False
5216,HRH3,protenix,cognate,68.09054757039677,85.02507897346739,71.36749935150146,,True
5217,HRH3,protenix,cognate,68.24313195980884,85.01833592816006,71.42750024795532,,True
5218,LPAR1,protenix,apo,79.7129627937591,86.57482456188009,69.34545482288708,2.1475,False
5219,LPAR1,protenix,apo,79.74346123414918,86.56277008409624,69.36454460837625,2.1729,False
5220,HRH3,protenix,cognate,68.19455062602438,84.8728748466098,71.53499937057495,,True
5221,HRH3,protenix,cognate,67.92297735289365,84.86405712294888,71.40125131607056,,True
5222,HRH3,protenix,cognate,68.18446195059718,85.07230058359721,71.65875005722046,,True
5223,HRH3,protenix,cognate,67.0889060769651,84.79770023506269,71.22249937057495,,True
5224,HRH3,protenix,cognate,67.75144106170559,84.69405437654575,70.92125082015991,,True
5225,HRH3,protenix,cognate,68.06444994975361,84.72034701756755,70.978750705719,,True
5226,HRH3,protenix,cognate,67.98058241104054,84.74591460113058,71.06374979019165,,True
5227,HRH3,protenix,cognate,67.90205742230754,84.74119490251225,70.97499990463257,,True
5228,HRH3,protenix,cognate,67.28167243023698,84.94510402528753,71.59749937057495,,True
5229,HRH3,protenix,cognate,67.89903015350285,84.91288857500618,71.45750093460083,,True
5230,HRH3,protenix,cognate,68.2948371184659,85.02342968990277,71.47875118255615,,True
5231,HRH3,protenix,cognate,68.26889889764973,85.05396241431627,71.56875038146973,,True
5232,LPAR1,boltz,cognate,85.87892848842746,94.41339950561525,86.35099792480469,1.0202,False
5233,LPAR1,boltz,cognate,84.61544776748825,94.15174980163576,86.64299774169922,0.9605,False
5234,HRH3,protenix,cognate,67.50321539200834,85.19234598454287,71.44625091552734,,True
5235,HRH3,protenix,cognate,68.13435080978586,85.15286093323779,71.43124961853027,,True
5236,HRH3,protenix,cognate,67.79742645877576,84.64788089460454,70.72624969482422,,True
5237,HRH3,protenix,cognate,67.63595532536233,84.64089547863942,70.62499952316284,,True
5238,LPAR1,boltz,cognate,84.2931292292836,93.93150024414062,86.6449966430664,1.0106,False
5239,LPAR1,boltz,cognate,83.72021719125601,93.93569946289062,86.23400115966797,0.9493,False
5240,HRH3,protenix,cognate,68.39863523231982,85.1342483221401,71.3899998664856,,True
5241,HRH3,protenix,cognate,68.30069574885698,85.1447047127136,71.47000074386597,,True
5242,HRH3,protenix,cognate,68.45199995964772,85.13989668213101,71.48874950408936,,True
5243,HRH3,protenix,cognate,67.04928396027644,84.6710069177058,70.66999912261963,,True
5244,LPAR1,boltz,cognate,83.4606208382072,93.59875030517578,85.12000274658203,1.0032,False
5245,LPAR1,boltz,cognate,83.17219761439732,93.22960052490234,83.91100311279297,1.0279,False
5246,LPAR1,boltz,cognate,83.45996705254356,93.80390014648438,85.95700073242188,1.0118,False
5247,LPAR1,boltz,cognate,83.54454950709919,93.93554992675782,86.68900299072266,0.9422,False
5248,LPAR1,boltz,cognate,82.7953461605114,93.57765007019044,85.49099731445312,1.0815,False
5249,LPAR1,boltz,cognate,84.78047258775312,93.883150100708,85.08599853515625,1.0187,False
5250,LPAR1,boltz,cognate,84.57585447961158,94.08684883117677,86.58599853515625,0.9906,False
5251,LPAR1,boltz,cognate,84.05194234324026,93.9370502471924,86.86799621582031,1.008,False
5252,LPAR1,boltz,cognate,84.25685168884613,94.32820014953612,87.15299987792969,0.9904,False
5253,LPAR1,boltz,cognate,84.07903289794922,94.0436004638672,86.48300170898438,1.0522,False
5254,LPAR1,boltz,cognate,82.23655495276817,92.83599967956545,82.63099670410156,0.9883,False
5255,LPAR1,boltz,cognate,83.40486534873207,93.68365020751952,86.39800262451172,1.0361,False
5256,LPAR1,boltz,cognate,83.66438175033737,93.56689987182617,85.27999877929688,1.0018,False
5257,LPAR1,boltz,cognate,83.45200569027072,93.42305030822754,84.11399841308594,0.9786,False
5258,LPAR1,boltz,cognate,83.90931600004762,93.86535034179688,85.98899841308594,0.9721,False
5259,LPAR1,boltz,cognate,83.40348060314471,93.69624938964844,84.4209976196289,1.0031,False
5260,LSHR,boltz,apo,80.47924897462684,84.8370496749878,57.8650016784668,0.8627,True
5261,LSHR,boltz,apo,81.70845351539798,87.72784957885742,67.24800109863281,1.067,True
5262,LSHR,boltz,apo,81.04071390645869,85.5605993270874,60.90999984741211,0.9582,True
5263,LSHR,boltz,apo,81.20963522020158,85.92990074157714,59.95600128173828,0.9959,True
5264,LSHR,boltz,apo,80.8489327846849,85.71154956817627,60.8120002746582,0.9724,True
5265,LSHR,boltz,apo,81.00569817538937,84.87059993743897,57.05099868774414,0.9345,True
5266,LSHR,boltz,apo,80.92785120624329,85.92689990997314,62.242000579833984,1.0379,True
5267,LSHR,boltz,apo,80.74259502045246,85.15359935760497,60.185001373291016,0.9266,True
5268,LPAR1,boltz,cognate,83.06423911419543,93.2589500427246,83.3270034790039,1.0047,False
5269,LPAR1,chai,cognate,75.46289034386282,81.66445528269159,61.975125789642334,1.934,False
5270,LPAR1,boltz,cognate,82.43617578129192,93.60555038452148,85.31900024414062,0.9888,False
5271,LPAR1,boltz,cognate,82.79667844877139,93.51080093383788,83.43499755859375,0.9686,False
5272,LPAR1,boltz,cognate,84.96992322900793,93.81879997253418,86.12899780273438,1.0453,False
5273,LPAR1,boltz,cognate,84.66221967634264,94.0923007965088,86.0989990234375,1.0515,False
5274,LPAR1,chai,cognate,75.28198482236895,81.60298126716118,61.98099994659424,1.8992,False
5275,LPAR1,chai,cognate,75.56324944538157,82.07870693890736,62.77887535095215,2.0989,False
5276,LSHR,boltz,apo,80.85926902072454,85.90554962158203,62.60900115966797,1.2474,True
5277,LSHR,boltz,apo,80.76308304455148,86.35914916992188,65.15899658203125,0.9483,True
5278,LSHR,boltz,apo,80.31320313766108,84.47229957580566,58.832000732421875,0.7952,True
5279,LSHR,boltz,apo,81.23936487506217,86.37374935150146,62.00899887084961,0.9857,True
5280,LSHR,boltz,apo,81.15838911741417,86.35094947814942,66.2040023803711,0.9474,True
5281,LSHR,boltz,apo,81.03161519041048,85.82295036315918,61.51300048828125,0.8952,True
5282,LSHR,boltz,apo,81.09425044571381,86.57460021972656,65.0989990234375,0.7916,True
5283,LSHR,boltz,apo,79.43377399581014,84.5564998626709,60.33000183105469,0.8128,True
5284,LSHR,boltz,apo,80.5559628013207,84.49789981842041,60.07400131225586,0.9519,True
5285,LSHR,chai,apo,81.70845659399059,85.48529533188753,63.29754569313743,1.1473,True
5286,LSHR,chai,apo,81.75182823201966,85.47166148593757,63.10254495794123,1.2425,True
5287,LSHR,chai,apo,81.59784093844681,84.66679366702813,62.88018105246804,1.0912,True
5288,LSHR,chai,apo,81.75368663025614,84.9703943089558,62.5107272755016,1.3,True
5289,LSHR,chai,apo,81.77404650132054,85.33462037970665,62.57918271151456,1.2411,True
5290,LSHR,chai,apo,81.83666582494344,85.4685791482141,63.13372664018111,1.268,True
5291,LSHR,chai,apo,81.8068676810997,85.6389618357057,62.93827264959162,1.168,True
5292,LSHR,chai,apo,81.78563486908867,85.8072160749449,64.49872589111328,1.109,True
5293,LSHR,chai,apo,81.6847712686833,85.5030854263691,63.158817984841086,1.3136,True
5294,LSHR,chai,apo,81.76946321734029,85.53102338536306,62.92718228426847,1.186,True
5295,LSHR,chai,apo,81.74474267763961,85.5493245950165,63.753999189897016,1.1104,True
5296,LSHR,chai,apo,81.7931626207145,85.6036081416748,62.79499990289862,1.2504,True
5297,LSHR,chai,apo,81.795523384437,85.80533714475396,63.55436394431374,1.1172,True
5298,LSHR,chai,apo,81.78619699757121,85.43193636041698,62.57718138261275,1.0364,True
5299,LSHR,chai,apo,81.67002040227794,85.35691505555984,63.06018274480646,1.208,True
5300,LPAR1,chai,cognate,75.34360168365858,81.55640520234817,61.58125019073486,1.8193,False
5301,LPAR1,chai,cognate,75.40270116769562,81.63744424941736,61.68475008010864,1.8486,False
5302,LPAR1,chai,cognate,75.50610284518423,81.79243339001874,62.202125549316406,1.9138,False
5303,LPAR1,chai,cognate,75.4336572425326,81.59280510637495,60.34987497329712,1.897,False
5304,LPAR1,chai,cognate,75.55661273947445,81.93516774326176,62.592000007629395,2.0562,False
5305,LPAR1,chai,cognate,75.1862530585979,81.54556990700539,61.74287509918213,1.8677,False
5306,LPAR1,chai,cognate,75.46129950236774,81.87115784082921,61.605124950408936,2.2249,False
5307,LPAR1,chai,cognate,75.30120237942755,81.59555556924829,60.99787425994873,1.8696,False
5308,LSHR,chai,apo,81.75756786229381,85.42581735991467,63.25254509665749,1.0702,True
5309,LSHR,chai,apo,81.71920445737766,85.32722884048803,62.42045350508256,1.1828,True
5310,LSHR,chai,apo,81.60802778748966,85.33251549737966,64.23227310180664,1.2342,True
5311,LSHR,chai,apo,81.7320848594216,85.34920509843427,63.20754484696822,1.1838,True
5312,LSHR,chai,apo,81.8395141263588,85.70723458409827,63.59181906960227,1.1488,True
5313,LSHR,chai,apo,81.71796440009639,85.44465437620062,63.5372727134011,1.1546,True
5314,LSHR,chai,apo,81.56800550103058,85.23347135068362,62.50290888006037,1.3506,True
5315,LSHR,chai,apo,81.75054647189557,85.42089805468854,62.7594538601962,1.1831,True
5316,LSHR,chai,apo,81.85857571405913,85.67061341610477,63.04745587435636,1.1207,True
5317,LSHR,chai,apo,81.75362948063224,85.40185634401797,62.603545448996805,1.0914,True
5318,LSHR,protenix,apo,75.4993159201618,77.95003189295402,56.668750286102295,0.8393,True
5319,LSHR,protenix,apo,75.57149816102623,77.95836898417699,56.704999923706055,0.9502,True
5320,LSHR,protenix,apo,75.50930584786862,77.94346629396662,56.63874959945679,0.9655,True
5321,LSHR,protenix,apo,75.6144179557544,77.94540385443756,56.63499975204468,0.932,True
5322,LSHR,protenix,apo,75.58658310265231,77.94364494507448,56.577500343322754,1.027,True
5323,LSHR,protenix,apo,75.66474893712925,79.11377217427649,57.62124967575073,1.0131,True
5324,LSHR,protenix,apo,75.68443634537135,79.10850455908891,57.52250051498413,1.0464,True
5325,LSHR,protenix,apo,74.93726023398804,78.40359292814742,56.80000019073486,1.0237,True
5326,LSHR,protenix,apo,74.93258981484617,78.3722796077921,56.74874973297119,1.0441,True
5327,LSHR,protenix,apo,74.99008153039111,78.38180659735875,56.86874961853027,0.9556,True
5328,LSHR,protenix,apo,74.92041792781141,78.12136282307073,56.46249961853027,2.1932,True
5329,LSHR,protenix,apo,75.7012848807192,79.10005889412989,57.71000003814697,0.8459,True
5330,LSHR,protenix,apo,75.6938612625945,79.09918851290259,57.667500019073486,0.9192,True
5331,LSHR,protenix,apo,75.75120423720004,79.13064267903007,57.799999713897705,0.8312,True
5332,LSHR,protenix,apo,74.93267991207888,78.387895551815,56.8600001335144,0.9651,True
5333,LSHR,protenix,apo,75.31614901637677,78.44069602955986,56.34250020980835,0.7787,True
5334,LSHR,protenix,apo,75.34226813672875,78.41717559412616,56.017499923706055,0.8191,True
5335,LSHR,protenix,apo,75.47029322842988,78.6175933226741,57.15374946594238,0.8754,True
5336,LSHR,protenix,apo,75.36431484666167,78.4706016354609,56.172499656677246,0.7988,True
5337,LSHR,protenix,apo,75.52902178466472,78.59579554676836,56.923749923706055,1.0244,True
5338,LSHR,protenix,apo,75.88717434671456,79.5062823894977,58.529090187766336,0.9706,True
5339,LSHR,protenix,apo,75.92473912697615,79.48905681261253,58.39363583651456,1.0107,True
5340,LPAR1,chai,cognate,75.23663353530199,81.46409648395033,60.9805006980896,1.9739,False
5341,LPAR1,chai,cognate,75.24876329185464,81.55242275560057,60.76925086975098,1.8808,False
5342,LPAR1,chai,cognate,75.36452195871784,82.31508253512445,62.27462530136109,2.0935,False
5343,LPAR1,chai,cognate,75.45205929770434,82.46645591320241,62.84625053405762,2.1089,False
5344,LPAR1,chai,cognate,75.50018340088276,81.73135162137459,61.74199962615967,1.888,False
5345,LPAR1,chai,cognate,75.36699789115723,82.2365441682466,61.734124183654785,2.0819,False
5346,LSHR,boltz,apo,81.2560201871378,86.51940078735352,64.96700286865234,0.8602,True
5347,LSHR,boltz,apo,80.87139489824679,86.47055053710938,64.43399810791016,1.1038,True
5348,LPAR1,chai,cognate,75.43221542115326,82.37795870842872,62.2396240234375,2.0965,False
5349,LPAR1,chai,cognate,75.37537920545364,82.26492255540464,61.402249813079834,2.2308,False
5350,LPAR1,chai,cognate,75.44438037606535,81.76318296550845,61.584625244140625,1.958,False
5351,LPAR1,chai,cognate,75.57945204920009,81.90806856686592,61.471625328063965,2.1538,False
5352,LSHR,boltz,apo,81.1766509818758,85.93069992065429,64.1500015258789,0.8472,True
5353,LSHR,protenix,apo,75.9669526646649,79.50087648183236,58.41181772405451,0.8917,True
5354,LSHR,protenix,apo,75.94949129687382,79.46215802357139,58.44272752241655,0.9476,True
5355,LSHR,boltz,cognate,84.03759668483926,95.4416004180908,86.77300262451172,0.7631,True
5356,LSHR,boltz,apo,81.52357519474494,86.72045021057129,65.98100280761719,1.0097,True
5357,LSHR,boltz,apo,81.25164370338975,86.59229946136475,63.07699966430664,0.9892,True
5358,LPAR1,chai,cognate,75.6094958716723,81.8624585334219,61.65475034713745,1.9249,False
5359,LPAR1,chai,cognate,75.43073091135699,81.69183391530449,61.74762487411499,1.8456,False
5360,LPAR1,chai,cognate,75.40393880439066,81.65487123202452,61.47800016403198,1.8608,False
5361,LPAR1,chai,cognate,75.2785519345795,81.48619286586023,61.88737440109253,1.8863,False
5362,LSHR,boltz,apo,81.47713319835745,86.54435005187989,65.01599884033203,0.8798,True
5363,LSHR,boltz,apo,80.86521456476956,86.49664993286133,66.34300231933594,0.8218,True
5364,LSHR,protenix,apo,75.92539623243722,79.51598912384948,58.482726703990586,0.8607,True
5365,LPAR1,protenix,cognate,74.68635457666878,83.95350386115895,70.91444524129231,0.8278,False
5366,LPAR1,protenix,cognate,74.67346153340901,83.95289972412638,70.8477783203125,0.8696,False
5367,LSHR,boltz,apo,81.59856803904958,86.80550003051758,67.48699951171875,0.6518,True
5368,LSHR,boltz,cognate,83.3098226746435,95.21840019226076,86.63899993896484,0.6673,True
5369,LPAR1,protenix,cognate,75.84473499821836,84.87142906352727,71.23000017801921,0.8291,False
5370,LPAR1,protenix,cognate,75.84115791282541,84.87149699420296,71.25000095367432,0.8428,False
5371,LPAR1,protenix,cognate,76.41638390764007,84.86263034249454,71.26250076293945,0.8161,False
5372,LPAR1,protenix,cognate,75.41987372698173,85.35458800736959,72.01222229003906,0.7181,False
5373,LPAR1,protenix,cognate,74.72133134375301,84.07034492317904,71.50444497002496,0.8617,False
5374,LPAR1,protenix,cognate,74.75404170688492,84.05305385801526,71.39555528428819,0.855,False
5375,LPAR1,protenix,cognate,74.72122662487821,84.03705297293945,71.45222261216905,0.8602,False
5376,LPAR1,protenix,cognate,74.78294079381094,84.02497277112579,71.48888821072049,0.8566,False
5377,LPAR1,protenix,cognate,74.76312652888936,84.01428661064324,71.44222217135959,0.8554,False
5378,LPAR1,protenix,cognate,75.86857176179099,84.88386724258741,71.26500002543132,0.8303,False
5379,LPAR1,protenix,cognate,75.84626742228302,84.89113810098877,71.26749897003174,0.8571,False
5380,LPAR1,protenix,cognate,75.41937521028221,85.34273593672769,72.02666642930772,0.7135,False
5381,LPAR1,protenix,cognate,75.48459189177758,85.35011552020757,71.97222222222223,0.7324,False
5382,LPAR1,protenix,cognate,75.45787893526278,85.33973709096813,71.99999957614475,0.7812,False
5383,LPAR1,protenix,cognate,75.42091715451836,85.35758948180238,72.02888827853732,0.7293,False
5384,LPAR1,protenix,cognate,75.23140090095262,84.45291043829263,70.91249910990398,0.8026,False
5385,LPAR1,protenix,cognate,75.25424364415514,84.45549486329546,70.82749970753987,0.8143,False
5386,LPAR1,protenix,cognate,75.25127078476376,84.46293945181765,70.97666645050049,0.8405,False
5387,LPAR1,protenix,cognate,75.24961744334873,84.43888611808656,70.88249937693278,0.8751,False
5388,LPAR1,protenix,cognate,75.21837040318458,84.43562023698165,70.87583287556966,0.8578,False
5389,LPAR1,protenix,cognate,74.68099619929919,83.93915907283194,70.85333421495226,0.8311,False
5390,LPAR1,protenix,cognate,74.66939087741797,83.96694753221621,70.95444361368816,0.8985,False
5391,LPAR1,protenix,cognate,74.67388261417308,83.9444665453582,70.85444429185655,0.8883,False
5392,LSHR,boltz,cognate,83.70541197922779,95.2392505645752,85.6520004272461,0.6627,True
5393,LSHR,boltz,cognate,83.49550505325689,95.29625015258787,86.66500091552734,0.6803,True
5394,LSHR,boltz,cognate,83.78228330271098,95.44000015258788,86.23500061035156,0.7604,True
5395,LSHR,boltz,cognate,83.89660664723496,95.21824989318849,85.30899810791016,0.7304,True
5396,LSHR,boltz,cognate,83.29905008417002,95.33854942321776,85.6729965209961,0.6888,True
5397,LSHR,boltz,cognate,83.73467811562644,95.53240051269532,87.38500213623047,0.6752,True
5398,LSHR,boltz,cognate,83.82251498286475,95.4496997833252,86.58000183105469,0.7675,True
5399,LSHR,boltz,cognate,83.2225966092002,95.33190002441408,87.18499755859375,0.6766,True
5400,LSHR,boltz,cognate,83.11839341912659,95.07140007019044,85.18699645996094,0.8067,True
5401,LSHR,boltz,cognate,83.15570952179435,95.1635498046875,85.59700012207031,0.7579,True
5402,LSHR,boltz,cognate,83.02799133715541,95.23745002746584,87.68299865722656,0.6113,True
5403,LSHR,boltz,cognate,83.72359091086108,95.37644958496094,87.04000091552734,0.6553,True
5404,LSHR,boltz,cognate,83.63941919002069,95.40029945373536,86.22699737548828,0.7057,True
5405,LSHR,boltz,cognate,83.6220027803522,95.26545028686525,86.52899932861328,0.5955,True
5406,LSHR,boltz,cognate,83.75130187322483,95.20715026855468,84.58100128173828,0.8261,True
5407,LSHR,boltz,cognate,83.25488982248375,95.31515007019044,85.447998046875,0.666,True
5408,LSHR,boltz,cognate,83.08364233472658,95.25355033874511,86.6050033569336,0.7137,True
5409,LSHR,boltz,cognate,83.34473815394063,95.1484992980957,87.48699951171875,0.6317,True
5410,LSHR,boltz,cognate,83.91970811006166,95.2496997833252,86.33799743652344,0.6623,True
5411,LSHR,boltz,cognate,83.59672961692101,95.44829978942872,87.02300262451172,0.7475,True
5412,LT4R1,boltz,apo,81.58761077577418,88.50829963684082,60.2760009765625,2.5983,False
5413,LT4R1,boltz,apo,81.01408516276966,87.10375003814697,52.87099838256836,2.7704,False
5414,LT4R1,boltz,apo,80.24883532524109,87.44975090026855,48.56700134277344,2.5533,False
5415,LT4R1,boltz,apo,85.19787786223672,92.42374992370604,72.37699890136719,2.9648,False
5416,LT4R1,boltz,apo,83.26626430858265,91.41054954528808,70.53500366210938,2.1452,False
5417,LT4R1,boltz,apo,81.04685230688615,88.08474960327149,54.790000915527344,2.4196,False
5418,LT4R1,boltz,apo,81.05489484830336,87.24950084686279,51.82400131225586,2.4847,False
5419,LT4R1,boltz,apo,80.47911630977283,87.01840076446533,55.4900016784668,2.6729,False
5420,LT4R1,boltz,apo,80.94433510303497,87.7483003616333,59.3120002746582,2.6689,False
5421,LT4R1,boltz,apo,83.89252250844783,90.95004978179932,60.42300033569336,2.2255,False
5422,LT4R1,boltz,apo,81.9008380499753,88.23109951019288,60.62099838256836,2.6312,False
5423,LT4R1,boltz,apo,82.18994903564453,88.97940006256104,57.34299850463867,2.1979,False
5424,LSHR,boltz,cognate,83.39650214690508,95.17579956054688,85.83699798583984,0.6543,True
5425,LSHR,boltz,cognate,83.23722187746236,95.29339981079102,84.83200073242188,0.7136,True
5426,LSHR,boltz,cognate,82.90418874552321,94.6337505340576,84.6719970703125,0.6854,True
5427,LSHR,chai,cognate,81.46997843179295,88.22438211221545,71.39536424116655,0.9476,True
5428,LT4R1,boltz,apo,83.1546905257485,91.19729957580566,76.40899658203125,2.4004,False
5429,LT4R1,boltz,apo,83.09697166356173,91.06465034484864,68.95500183105469,2.5091,False
5430,LT4R1,boltz,apo,82.06727282567458,89.82845077514648,64.19400024414062,2.5611,False
5431,LT4R1,boltz,apo,81.86325567418879,88.9458999633789,63.54199981689453,2.7213,False
5432,LT4R1,boltz,apo,80.76510234312578,89.05834999084473,66.64399719238281,2.5545,False
5433,LT4R1,boltz,apo,80.4533720775084,86.83824996948242,52.77799987792969,2.7085,False
5434,LT4R1,boltz,apo,83.73159935257651,91.84884910583496,71.60299682617188,2.7947,False
5435,LT4R1,boltz,apo,82.42825853824615,89.1402006149292,59.53799819946289,2.78,False
5436,LT4R1,boltz,apo,82.49656804041429,88.98049964904786,50.94100189208984,2.4002,False
5437,LT4R1,boltz,apo,81.31903127106753,88.44215030670166,63.72600173950195,2.8054,False
5438,LT4R1,boltz,apo,80.49955092776905,87.60289974212647,54.17599868774414,2.615,False
5439,LT4R1,chai,apo,80.91446023905635,84.15865930444406,57.990166982014976,2.5836,False
5440,LT4R1,chai,apo,80.98854109420678,84.36240486844105,59.10483360290527,2.5081,False
5441,LT4R1,chai,apo,80.9433648779095,84.4102050757993,59.11283365885416,2.5444,False
5442,LT4R1,chai,apo,80.89823370303215,84.3561397679509,58.224500020345054,2.5866,False
5443,LT4R1,chai,apo,81.00116381982751,84.49923774347675,59.1440003712972,2.574,False
5444,LT4R1,chai,apo,80.90435629682162,84.4055170139709,59.53466669718424,2.5945,False
5445,LT4R1,chai,apo,81.0324980542785,84.44537295301582,58.46283276875814,2.6105,False
5446,LT4R1,chai,apo,80.99190878220372,84.27785974030543,59.30983289082845,2.5545,False
5447,LT4R1,chai,apo,80.99771503963473,84.33498661821538,58.4064998626709,2.5288,False
5448,LSHR,chai,cognate,81.73196061576458,88.45056685292188,71.73127365112305,0.96,True
5449,LSHR,chai,cognate,81.54301686795168,88.34253698843038,71.1015458540483,0.8581,True
5450,LSHR,chai,cognate,81.55289035959379,88.25799625092597,71.35463610562411,0.842,True
5451,LSHR,chai,cognate,81.41966235271532,88.34239212365034,71.42608989368786,0.9105,True
5452,LT4R1,chai,apo,80.9283250719215,84.35098392318682,58.70183308919271,2.4937,False
5453,LT4R1,chai,apo,81.06961164494308,84.35689585670592,58.37416648864746,2.5349,False
5454,LT4R1,chai,apo,81.0160375088985,84.36599238888354,58.39183362325033,2.5583,False
5455,LT4R1,chai,apo,80.76151764730793,84.16915664642576,57.84299977620443,2.4989,False
5456,LT4R1,chai,apo,81.01819772252679,84.21008813968125,58.34366671244303,2.5364,False
5457,LT4R1,chai,apo,81.13897875335982,84.43794718822187,57.749165852864586,2.593,False
5458,LT4R1,chai,apo,80.90894198872263,84.18778391550458,56.99999872843424,2.5232,False
5459,LT4R1,chai,apo,80.73157504762774,83.9789959481337,58.39699935913086,2.538,False
5460,LT4R1,chai,apo,80.91878194041168,84.26875620503446,58.3261661529541,2.5079,False
5461,LT4R1,chai,apo,80.90866805143077,84.31123360196234,57.95516713460287,2.469,False
5462,LT4R1,chai,apo,80.74601463697549,83.86342396393482,57.919833501180015,2.5897,False
5463,LT4R1,chai,apo,80.90883066841394,84.20332799773884,58.70266660054525,2.5492,False
5464,LT4R1,chai,apo,80.99270350252505,84.33550083531962,57.926666259765625,2.5974,False
5465,LT4R1,chai,apo,81.02617472856474,84.23937837669516,58.205166498819985,2.5354,False
5466,LT4R1,chai,apo,81.0242442059768,84.37509955253437,57.78566678365072,2.5401,False
5467,LT4R1,chai,apo,81.02192767636326,84.37796262841549,58.261667251586914,2.4743,False
5468,LSHR,chai,cognate,81.57719544750643,88.39591575593658,71.47727238048206,0.953,True
5469,LSHR,chai,cognate,81.67207401156612,88.51252430822254,72.00809097290039,0.8223,True
5470,LSHR,chai,cognate,81.70418513451024,88.47099822109053,72.16818271983753,0.8581,True
5471,LSHR,chai,cognate,81.64506571611957,88.46017343477082,72.02945397116922,0.7698,True
5472,LT4R1,protenix,apo,78.88892737273882,83.55728650215556,61.33833312988281,2.5091,False
5473,LT4R1,protenix,apo,78.50156137673353,83.00383747263216,62.1733341217041,2.4364,False
5474,LT4R1,protenix,apo,78.58035714319375,82.91974856929862,61.34833399454752,2.4477,False
5475,LT4R1,protenix,apo,78.54407012796528,82.96606379583287,61.64500045776367,2.4234,False
5476,LT4R1,protenix,apo,78.53323420259086,83.46549739365625,60.53499984741211,2.4665,False
5477,LT4R1,protenix,apo,78.77475656947485,83.50652566757037,61.103333155314125,2.4906,False
5478,LT4R1,protenix,apo,78.66856942466866,83.56331861944598,61.4316660563151,2.5698,False
5479,LT4R1,protenix,apo,78.62248464990019,83.48891682128026,60.618333180745445,2.5149,False
5480,LT4R1,protenix,apo,78.63062983404951,83.04336964863204,62.380001068115234,2.5125,False
5481,LT4R1,protenix,apo,78.51950530009634,82.87610098366784,60.9283332824707,2.4148,False
5482,LT4R1,protenix,apo,78.93603806518303,83.28324947271855,62.3299986521403,2.5317,False
5483,LT4R1,protenix,apo,78.88460905764158,83.22388549380831,61.691667556762695,2.4637,False
5484,LT4R1,protenix,apo,78.871506447946,83.20586302071939,61.58000055948893,2.4935,False
5485,LT4R1,protenix,apo,78.82441325291911,83.19664171897317,61.66666603088379,2.4988,False
5486,LT4R1,protenix,apo,78.77355697352,83.11007183573119,60.66166687011719,2.4266,False
5487,LT4R1,protenix,apo,78.75574883396123,83.25166275427628,61.98333358764648,2.4768,False
5488,LT4R1,protenix,apo,78.68010892267188,83.04496167755401,60.19666608174642,2.4308,False
5489,LT4R1,protenix,apo,78.5950999494231,82.96078240632666,60.166666666666664,2.3707,False
5490,LT4R1,protenix,apo,78.76451623420789,83.14882990718748,61.63333320617676,2.4504,False
5491,LT4R1,protenix,apo,78.65886586366692,83.04925968779801,60.33833312988281,2.4846,False
5492,LSHR,chai,cognate,81.73608252627272,88.51751759343333,72.28427297418767,0.8458,True
5493,LSHR,chai,cognate,81.60027741906593,88.38188753315208,72.04736328125,0.8117,True
5494,LSHR,chai,cognate,81.52340716212133,88.37500163173263,71.9649096402255,0.9003,True
5495,LSHR,chai,cognate,81.55879600816522,88.36787741076206,71.93981864235617,0.9228,True
5496,LSHR,chai,cognate,81.65131710149342,88.330068529729,71.33436341719194,0.7257,True
5497,LSHR,chai,cognate,81.5162976083256,88.38514910942892,72.01272687045011,0.8223,True
5498,LSHR,chai,cognate,81.56764502682209,88.28752725279864,71.6916372125799,0.7642,True
5499,LSHR,chai,cognate,81.65659773557469,88.17993506944886,71.13481868397106,0.9759,True
5500,LT4R1,protenix,apo,78.80109980296825,83.62769906046759,61.43999989827474,2.5417,False
5501,LT4R1,protenix,apo,78.78276750337892,83.57143695550563,60.710000356038414,2.588,False
5502,LT4R1,protenix,apo,78.7401636848503,83.58766223346001,60.76833216349283,2.5929,False
5503,LSHR,protenix,cognate,74.32562640309084,82.60506682178502,66.3109085776589,0.6771,True
5504,LSHR,protenix,cognate,74.24292118175812,82.6434513229106,66.41272735595703,0.6601,True
5505,LSHR,protenix,cognate,74.24931739008245,82.63235701669001,66.31454571810636,0.6765,True
5506,LT4R1,protenix,apo,78.83748812058826,83.54553838195912,60.356666564941406,2.5667,False
5507,LT4R1,protenix,apo,78.62574916311047,83.60335115219435,60.80833435058594,2.4952,False
5508,LSHR,protenix,cognate,73.96160604541359,82.58454516154863,66.05636284568094,0.5681,True
5509,LT4R1,boltz,apo,84.43990061499856,91.821049118042,70.5,2.4961,False
5510,LT4R1,boltz,apo,81.68843457915567,89.12059936523437,63.56800079345703,2.6784,False
5511,LSHR,protenix,cognate,74.26333058918468,82.65302842244097,66.38090931285511,0.7059,True
5512,LSHR,chai,cognate,81.64242260897562,88.28676035673931,70.94563640247692,0.8932,True
5513,LSHR,chai,cognate,81.6645820054016,88.44868280395629,71.68909072875977,0.8569,True
5514,LSHR,chai,cognate,81.7150346247277,88.60613517847928,71.80254502729936,0.848,True
5515,LSHR,chai,cognate,81.41786714190752,88.27212937262838,72.00645446777344,0.7977,True
5516,LSHR,chai,cognate,81.36184351440134,88.10452267604128,71.53254560990767,0.9598,True
5517,LSHR,chai,cognate,81.4043308791827,88.18041781187402,71.79745448719372,0.8838,True
5518,LSHR,chai,cognate,81.58076632206507,88.2999361756973,71.96063752607866,0.9771,True
5519,LSHR,chai,cognate,81.4909601625144,88.35860482632856,71.78500019420277,1.0021,True
5520,LSHR,protenix,cognate,74.17315716564293,82.5992724215107,66.39181830666281,0.6421,True
5521,LSHR,protenix,cognate,74.11823687400394,82.54514995872887,66.20818190141158,0.6435,True
5522,LSHR,protenix,cognate,74.14022015962827,82.52440563048464,66.20091004805131,0.6372,True
5523,LSHR,protenix,cognate,73.88078375235285,82.51949125219045,65.97454591230913,0.6,True
5524,LT4R1,boltz,cognate,85.03071569312702,94.27424926757811,76.20099639892578,1.2769,False
5525,LT4R1,boltz,cognate,83.15330969203602,93.03470001220704,73.03700256347656,1.5228,False
5526,LSHR,protenix,cognate,74.07949905957526,82.52597444828112,66.13636363636364,0.6108,True
5527,LSHR,protenix,cognate,74.09054430286176,82.53195660725301,66.14000008322976,0.582,True
5528,LSHR,protenix,cognate,74.09199815935574,82.56394733432396,66.22818166559392,0.6688,True
5529,LSHR,protenix,cognate,73.86338644633395,82.48318607995692,66.2463642467152,0.5986,True
5530,LSHR,protenix,cognate,73.89746176857174,82.51603512979345,66.33000009710139,0.596,True
5531,LSHR,protenix,cognate,73.9496826477953,82.45960033962392,66.23454492742366,0.5893,True
5532,LSHR,protenix,cognate,73.90427426799802,82.47272380526104,66.24363604458895,0.6285,True
5533,LSHR,protenix,cognate,73.9828732356776,82.4823263430905,66.26454613425516,0.6071,True
5534,LSHR,protenix,cognate,73.16041036261862,80.18970133205512,66.24909071488814,1.0206,True
5535,LSHR,protenix,cognate,73.22909266527542,80.27546793464286,66.21091010353781,1.1261,True
5536,LSHR,protenix,cognate,74.00879648580444,82.58958033108952,66.01909047907048,0.6036,True
5537,LSHR,protenix,cognate,73.99878588356754,82.61763610056126,66.0754543651234,0.6888,True
5538,LT4R1,boltz,cognate,84.54649701985446,94.59455108642578,81.0009994506836,1.3093,False
5539,LT4R1,boltz,cognate,84.3552187572826,93.33035011291504,70.20700073242188,1.404,False
5540,LSHR,protenix,cognate,73.31907352353241,80.26135824972073,66.24454532970081,1.1043,True
5541,LSHR,protenix,cognate,73.14462385098075,80.24932623180649,66.22181771018289,1.1024,True
5542,LSHR,protenix,cognate,73.42438401124997,80.26273167851683,66.14272724498402,1.1014,True
5543,LSHR,protenix,cognate,74.04120711463796,82.59441454120184,66.12272782759233,0.6246,True
5544,LT4R1,boltz,cognate,83.70115060156041,93.19155044555664,67.23500061035156,1.4194,False
5545,LT4R1,boltz,cognate,82.20019603317434,93.3291000366211,72.84200286865234,1.4424,False
5546,LT4R1,boltz,cognate,83.97117034413598,94.3938488006592,79.86599731445312,1.2975,False
5547,LT4R1,boltz,cognate,83.90466472235593,94.15859985351562,79.91400146484375,1.2968,False
5548,LT4R1,boltz,cognate,83.86662487008356,93.56769981384278,74.03099822998047,1.3421,False
5549,LT4R1,boltz,cognate,81.76034372503108,92.0389492034912,63.58599853515625,1.3167,False
5550,LT4R1,boltz,cognate,82.35130110112104,92.55549964904785,76.01699829101562,1.4479,False
5551,LT4R1,boltz,cognate,84.17270160805096,94.32164993286132,77.29100036621094,1.2839,False
5552,LT4R1,boltz,cognate,83.05534652688287,94.13404998779296,78.46600341796875,1.334,False
5553,LT4R1,boltz,cognate,84.62891191785985,93.89974975585938,72.4520034790039,1.3979,False
5554,LT4R1,boltz,cognate,83.93255119973963,93.62630081176758,76.80000305175781,1.5553,False
5555,LT4R1,boltz,cognate,83.73589200323278,93.78159980773924,76.59400177001953,1.4893,False
5556,LT4R1,boltz,cognate,84.03050560301,93.92050018310547,76.6989974975586,1.4287,False
5557,LT4R1,boltz,cognate,83.99257951433009,93.84945030212404,72.86100006103516,1.3191,False
5558,LT4R1,boltz,cognate,83.16666490923275,93.5445999145508,77.08200073242188,1.3865,False
5559,LT4R1,boltz,cognate,83.79376712712374,93.37195091247558,69.625,1.4649,False
5560,LT4R1,boltz,cognate,84.00101427598433,94.07649993896484,77.2300033569336,1.3379,False
5561,LT4R1,chai,cognate,79.56940724070571,84.0151650362166,59.182333628336586,2.6319,False
5562,LT4R1,boltz,cognate,83.73791201548143,93.87650032043456,75.13600158691406,1.4858,False
5563,LT4R1,boltz,cognate,84.07626721533862,94.2702507019043,78.19499969482422,1.351,False
5564,LT4R1,boltz,cognate,85.02107101136988,94.46714973449708,79.36699676513672,1.3118,False
5565,LT4R1,boltz,cognate,84.25552837415175,93.80075035095214,76.64900207519531,1.4864,False
5566,LT4R1,chai,cognate,79.66880356624075,84.13922660666627,59.4886671702067,2.5828,False
5567,LT4R1,chai,cognate,79.6182689168991,84.13226870364784,59.745665868123375,2.6177,False
5568,MCHR1,boltz,apo,66.64027015631798,87.2212636847245,65.42400360107422,2.6474,True
5569,MCHR1,boltz,apo,66.25445748279445,85.31663151791221,70.51499938964844,2.3979,True
5570,MCHR1,boltz,apo,65.56654513842686,85.57215760883533,65.88899993896484,2.7044,True
5571,MCHR1,boltz,apo,67.782504813931,87.54968422337582,71.4800033569336,2.6367,True
5572,MCHR1,boltz,apo,67.02604025348103,87.48963125128495,66.35099792480469,2.7336,True
5573,MCHR1,boltz,apo,66.63501668089374,85.85220979389392,69.90399932861328,2.0547,True
5574,MCHR1,boltz,apo,67.23419195780822,88.69268316971629,71.54299926757812,2.6584,True
5575,MCHR1,boltz,apo,67.13650016875063,85.52863110994038,70.90799713134766,2.2487,True
5576,MCHR1,boltz,apo,66.16653793118012,85.71394629227488,68.06199645996094,2.0944,True
5577,MCHR1,boltz,apo,66.32036959842483,84.59673630563836,69.99400329589844,2.0164,True
5578,MCHR1,boltz,apo,66.72068251930708,88.06663151791221,65.3550033569336,2.7642,True
5579,MCHR1,boltz,apo,66.35590777464952,86.96415830913342,68.74700164794922,2.5307,True
5580,MCHR1,boltz,apo,69.38108999695258,89.00657894736842,73.15499877929688,2.539,True
5581,MCHR1,boltz,apo,68.09069415178344,87.98815757349918,70.13200378417969,2.4333,True
5582,MCHR1,chai,apo,68.41446853503109,81.08013810474799,63.57355499267578,1.5861,True
5583,MCHR1,chai,apo,68.48767833478853,81.03424050832398,63.75,1.5571,True
5584,MCHR1,chai,apo,68.5765152527839,80.75093641659932,63.25133344862196,1.4469,True
5585,MCHR1,chai,apo,68.40612997240576,81.02385851094543,63.57999928792318,1.4051,True
5586,MCHR1,boltz,apo,67.67369652246411,87.53599909732216,68.83300018310547,2.6063,True
5587,MCHR1,boltz,apo,67.5664644241333,87.31778957969264,70.57499694824219,2.2574,True
5588,MCHR1,boltz,apo,65.99709000067688,86.24705264442845,67.36499786376953,2.4188,True
5589,MCHR1,chai,apo,68.64420999009684,81.34476009599801,64.37811067369249,1.4785,True
5590,MCHR1,chai,apo,68.27116213085839,81.22636428031072,64.09177737765842,1.4435,True
5591,MCHR1,chai,apo,67.88110716790355,79.81497904155432,63.378222147623696,1.93,True
5592,MCHR1,chai,apo,68.3896967977749,80.99969543302903,64.29610994127061,1.4689,True
5593,MCHR1,chai,apo,68.17745434007597,80.63711381746948,63.4686656528049,1.4881,True
5594,MCHR1,chai,apo,68.47584772930101,81.25560244625935,63.80255593193902,1.4345,True
5595,MCHR1,chai,apo,68.3145601746557,80.85108594522848,64.2284444173177,1.5448,True
5596,MCHR1,chai,apo,68.45097062149227,81.10158921105086,64.07233174641927,1.5267,True
5597,MCHR1,chai,apo,68.27683562701543,80.55929065913521,63.57355541653104,1.4954,True
5598,MCHR1,chai,apo,67.73747254486722,79.24966392699612,63.33444468180338,2.5289,True
5599,MCHR1,chai,apo,68.40882468411064,81.09038936968153,63.41889021131728,1.3385,True
5600,MCHR1,chai,apo,68.47902818500124,81.31346239178474,64.54422208997939,1.45,True
5601,MCHR1,chai,apo,68.44953411218964,81.0599301613209,63.36922242906358,1.3763,True
5602,MCHR1,chai,apo,68.19324169549068,80.5656886838025,63.03166580200195,1.6307,True
5603,MCHR1,chai,apo,68.06074602901334,79.69017108518297,63.51055653889974,2.2882,True
5604,MCHR1,chai,apo,68.15651256155014,79.90789834837567,62.9259999593099,2.2359,True
5605,MCHR1,chai,apo,67.93477152265922,79.63060390987819,63.40822219848633,2.522,True
5606,MCHR1,chai,apo,68.49637628031704,81.19818733809541,63.81544537014432,1.4714,True
5607,MCHR1,chai,apo,68.45105238973332,81.28993401804446,63.92477798461914,1.4888,True
5608,MCHR1,chai,apo,68.36623190474316,81.18409446457882,63.71044455634223,1.4371,True
5609,MCHR1,chai,apo,68.3311530524845,81.27535421492125,64.41066699557834,1.4354,True
5610,MCHR1,protenix,apo,71.285540173706,85.8898919480785,73.15444437662761,2.3296,True
5611,MCHR1,protenix,apo,71.34910091226288,85.82684371470499,73.1555553012424,2.2917,True
5612,MCHR1,protenix,apo,71.1770628746312,85.82254679372699,72.88222206963434,2.3491,True
5613,MCHR1,protenix,apo,71.67741945382726,85.73139378730262,72.63222206963434,2.3896,True
5614,MCHR1,protenix,apo,71.62990537298609,85.71876095874421,72.71666547987196,2.437,True
5615,MCHR1,protenix,apo,71.78236495683969,85.72514256245367,72.40444395277235,2.3268,True
5616,LT4R1,chai,cognate,79.67749781362907,84.22279392037385,59.9086659749349,2.6285,False
5617,LT4R1,chai,cognate,79.4267973447685,83.98092132919277,59.33066622416178,2.6195,False
5618,MCHR1,boltz,apo,68.0059312666762,87.8492098356548,71.5250015258789,2.66,True
5619,MCHR1,boltz,apo,67.32521574192137,87.60842172723068,64.78700256347656,2.7219,True
5620,MCHR1,protenix,apo,70.37324969019613,85.31406776398961,71.75666766696506,2.3144,True
5621,MCHR1,protenix,apo,71.43333044455872,85.80162747635822,73.20111083984375,2.3474,True
5622,MCHR1,protenix,apo,71.32338366803883,85.9528044350138,72.94333394368489,2.3448,True
5623,MCHR1,protenix,apo,71.59309514039265,85.67280424479753,72.87222205268012,2.3242,True
5624,MCHR1,boltz,apo,66.88459955459523,87.39426301655017,68.06400299072266,2.4634,True
5625,MCHR1,boltz,apo,67.04324891329942,86.94084167480469,62.52799987792969,2.7531,True
5626,LT4R1,chai,cognate,79.66179118282007,84.07888519084815,59.53416633605957,2.5679,False
5627,LT4R1,chai,cognate,79.6414038777711,84.0012711146246,59.68833351135254,2.5579,False
5628,MCHR1,protenix,apo,71.59368552129897,85.75504712424717,73.2966660393609,2.3391,True
5629,MCHR1,protenix,apo,70.18650674430057,85.3154193122883,71.84111150105794,2.3633,True
5630,MCHR1,protenix,apo,70.63257127152563,85.29901615925637,72.12333340115018,2.297,True
5631,MCHR1,protenix,apo,70.64778368977093,85.39389433575045,72.157777150472,2.3475,True
5632,MCHR1,protenix,apo,70.5503964821703,85.36434352746122,72.29222234090169,2.3159,True
5633,MCHR1,protenix,apo,70.66909467510443,85.18347203858832,72.82777743869357,2.3488,True
5634,MCHR1,protenix,apo,71.57882777178126,85.76056168927703,72.43555492824979,2.3994,True
5635,MCHR1,protenix,apo,71.70507659882304,85.81811704872464,72.84666570027669,2.3397,True
5636,MCHR1,protenix,apo,71.7938744763214,85.83675027461823,72.72222264607747,2.3654,True
5637,MCHR1,protenix,apo,70.1400205548224,84.88914452053977,71.98777728610568,2.3127,True
5638,MCHR1,protenix,apo,70.5925900174928,85.10485990436943,72.43222300211589,2.4581,True
5639,MCHR1,protenix,apo,70.86919857016485,85.135900555713,72.59111022949219,2.3788,True
5640,LT4R1,chai,cognate,79.50781305956157,83.93396165930349,58.52166620890299,2.6322,False
5641,LT4R1,chai,cognate,79.59872612322971,84.10114357476283,59.58833249409994,2.6006,False
5642,LT4R1,chai,cognate,77.90594807507233,81.38713342001944,58.89050038655599,2.5605,False
5643,LT4R1,chai,cognate,77.90392264573339,81.25995730717979,59.48016611735026,2.6391,False
5644,LT4R1,chai,cognate,77.88811755468375,81.18484126133663,58.42066764831543,2.6058,False
5645,LT4R1,chai,cognate,77.93766770736721,81.24865065087488,59.05016644795736,2.6423,False
5646,LT4R1,chai,cognate,77.50021338768907,80.81974079258686,57.82266616821289,2.4903,False
5647,LT4R1,chai,cognate,79.37378174960692,83.77561580689608,58.56149991353353,2.5696,False
5648,LT4R1,chai,cognate,79.5265764271851,84.01006498248718,60.275166829427086,2.5699,False
5649,LT4R1,chai,cognate,79.43054400245443,83.86031771636456,59.689666748046875,2.6045,False
5650,LT4R1,chai,cognate,79.54414694245821,83.91984413418075,59.768166859944664,2.6411,False
5651,LT4R1,chai,cognate,79.42397814142952,83.73999935147393,59.87399991353353,2.6831,False
5652,LT4R1,chai,cognate,79.6080570219657,83.79734583617977,58.50116729736328,2.6414,False
5653,LT4R1,chai,cognate,79.5254577091801,83.98956132005303,59.66666603088379,2.5874,False
5654,MCHR1,boltz,apo,67.04979148521242,88.18294685765316,70.1719970703125,2.6976,True
5655,MCHR1,boltz,apo,66.38445506615662,85.57578879908512,70.48899841308594,2.1395,True
5656,LT4R1,chai,cognate,79.57390760908044,84.11112358141428,58.45800018310547,2.6075,False
5657,LT4R1,chai,cognate,79.53191719464503,84.16623985499702,60.027000427246094,2.6094,False
5658,LT4R1,chai,cognate,79.70664846372232,84.13738152236994,58.53550020853678,2.6133,False
5659,LT4R1,chai,cognate,79.27285975766013,83.74606441701474,59.53550020853678,2.652,False
5660,MCHR1,protenix,apo,70.64450898478833,85.08796703820711,71.76777691311307,2.3665,True
5661,LT4R1,protenix,cognate,73.72974079628246,84.55386438984893,68.11499977111816,1.6295,False
5662,LT4R1,protenix,cognate,74.43268839823133,84.67149493172056,68.7516663869222,1.3624,False
5663,MCHR1,boltz,apo,68.72158290537612,88.6872622841283,72.16600036621094,2.6252,True
5664,MCHR1,protenix,apo,71.85024065261318,85.79471897217374,72.47555541992188,2.3746,True
5665,MCHR1,protenix,apo,71.9936024156752,86.12312236295398,75.27000088161893,2.3555,True
5666,MCHR1,boltz,cognate,70.95142416027485,90.98778935482628,74.89099884033203,1.4584,True
5667,MCHR1,boltz,cognate,70.68636734677717,91.06610468814247,74.9729995727539,1.3534,True
5668,MCHR1,boltz,apo,67.58810887630517,86.70678951865749,67.23899841308594,2.4184,True
5669,LT4R1,protenix,cognate,73.75980957181814,84.46420991115929,68.42333221435547,1.6518,False
5670,LT4R1,protenix,cognate,74.01775052266927,84.75805117876843,70.82500012715657,1.5394,False
5671,LT4R1,protenix,cognate,73.93703567888184,84.74338371655297,69.66666666666667,1.3009,False
5672,LT4R1,protenix,cognate,74.38737396936857,84.69843487860666,69.78666559855144,1.3664,False
5673,LT4R1,protenix,cognate,74.59494288601924,84.69679170074572,69.72000185648601,1.3203,False
5674,LT4R1,protenix,cognate,74.56659295897806,84.6730515912016,69.59000078837077,1.2868,False
5675,LT4R1,protenix,cognate,74.20963836886546,84.83105168913694,69.25500043233235,1.3911,False
5676,LT4R1,protenix,cognate,74.47093637864701,84.71056750481951,69.86999956766765,1.3193,False
5677,LT4R1,protenix,cognate,73.97253368044113,84.609468228614,69.4983336130778,1.2714,False
5678,LT4R1,protenix,cognate,73.54724699417766,84.50279669629548,68.66333325703938,1.4852,False
5679,LT4R1,protenix,cognate,74.83706412386756,84.70017351834461,70.54999987284343,1.3532,False
5680,LT4R1,protenix,cognate,74.39056525079852,84.81889741696665,69.10499890645345,1.413,False
5681,LT4R1,protenix,cognate,74.67419883276195,84.8348697388499,69.24166806538899,1.4239,False
5682,LT4R1,protenix,cognate,74.57905958108815,84.9313095667455,70.46999931335449,1.3079,False
5683,LT4R1,protenix,cognate,74.14246308254211,84.65427273864525,68.55500030517578,1.8017,False
5684,LT4R1,protenix,cognate,74.07729531645728,84.78468673000087,69.36166636149089,1.3619,False
5685,LT4R1,protenix,cognate,74.10732375935636,84.86180921171994,70.38333447774251,1.346,False
5686,LT4R1,protenix,cognate,74.61003977267131,84.81615689265263,69.78333218892415,1.3475,False
5687,LT4R1,protenix,cognate,74.50697659180926,84.8720687795339,70.73833338419597,1.3221,False
5688,LT4R1,protenix,cognate,74.8261937762873,84.90982453860934,70.95500055948894,1.3592,False
5689,LT4R1,protenix,cognate,73.7036688627691,84.58249387442463,67.9983336130778,1.7215,False
5690,LT4R1,protenix,cognate,73.69957820847621,84.57127219820778,67.98500188191731,1.6252,False
5691,LT4R1,protenix,cognate,73.66248355126886,84.57103559254568,67.896666208903,1.6892,False
5692,MCHR1,boltz,cognate,68.79559718037103,90.69652637682464,70.31400299072266,1.4963,True
5693,MCHR1,boltz,cognate,69.05893598800587,90.62652708354749,71.40899658203125,1.4982,True
5694,MCHR1,boltz,cognate,68.2171445277065,90.01557842053865,69.3290023803711,1.3735,True
5695,MCHR1,boltz,cognate,67.29826763568896,89.53378938373767,70.20899963378906,1.5126,True
5696,MCHR1,boltz,cognate,70.72408291513887,90.76752592387952,70.9990005493164,1.2467,True
5697,MCHR1,boltz,cognate,69.36382939578233,90.496263202868,72.95800018310547,1.2659,True
5698,MCHR1,boltz,cognate,68.80517779707344,89.38926255075555,69.5530014038086,1.4359,True
5699,MCHR1,boltz,cognate,68.86031042343068,89.4988949424342,64.2770004272461,1.7444,True
5700,MCHR1,boltz,cognate,71.21423446058662,91.71705306203742,76.4219970703125,1.1274,True
5701,MCHR1,boltz,cognate,69.71108545511255,90.97994874653064,72.88300323486328,1.2372,True
5702,MCHR1,boltz,cognate,71.23303081187026,91.69463067305716,76.40299987792969,1.1276,True
5703,MCHR1,boltz,cognate,69.93475121231441,90.82315866570724,72.4260025024414,1.1449,True
5704,MCHR1,boltz,cognate,70.02688877955433,90.23215805856805,72.11000061035156,1.2149,True
5705,MCHR1,boltz,cognate,71.28341221470403,90.94705280504728,74.74700164794922,1.3443,True
5706,MCHR1,boltz,cognate,70.09788154312784,89.83652616802014,71.94200134277344,1.6652,True
5707,MCHR1,boltz,cognate,69.64094317015878,90.73952604594984,74.15299987792969,1.2198,True
5708,MCHR1,boltz,cognate,70.66195956225644,91.26894699899772,74.62999725341797,1.1691,True
5709,MCHR1,boltz,cognate,67.97242419075627,89.7854208695261,71.51000213623047,1.2177,True
5710,MCHR1,boltz,cognate,70.03734372577397,91.40384232370477,75.01300048828125,1.45,True
5711,MCHR1,boltz,cognate,69.97764697233083,90.37715751246402,71.06199645996094,1.6004,True
5712,NPY1R,boltz,apo,73.72003654638927,86.52974929809571,66.50199890136719,1.8674,False
5713,NPY1R,boltz,apo,72.7940520097812,86.599849319458,70.96700286865234,1.8894,False
5714,NPY1R,boltz,apo,72.66291406750679,86.76284980773926,70.49299621582031,1.8681,False
5715,NPY1R,boltz,apo,73.89748193820317,87.80410079956054,71.42500305175781,1.9315,False
5716,NPY1R,boltz,apo,74.15316406389077,87.60165023803711,71.99600219726562,1.8672,False
5717,NPY1R,boltz,apo,74.07719802856445,87.58725051879883,71.23799896240234,1.8495,False
5718,NPY1R,boltz,apo,73.80997920533021,86.5412498474121,69.52899932861328,1.8931,False
5719,NPY1R,boltz,apo,72.54331257442634,85.92854957580566,63.81700134277344,1.9024,False
5720,NPY1R,boltz,apo,74.26239573955536,87.86565055847169,71.10700225830078,1.8276,False
5721,NPY1R,boltz,apo,73.97515370945136,86.4502498626709,65.92500305175781,1.9009,False
5722,NPY1R,boltz,apo,74.41615118086338,87.37605094909668,72.3030014038086,1.8011,False
5723,NPY1R,boltz,apo,73.91993740200996,87.79710006713867,72.78700256347656,1.8387,False
5724,NPY1R,boltz,apo,73.80974477032821,87.35209999084472,69.3010025024414,1.7493,False
5725,NPY1R,boltz,apo,72.65183065334956,85.80324935913086,69.55799865722656,1.8842,False
5726,NPY1R,boltz,apo,74.69372667868932,87.08465042114258,69.16400146484375,1.8066,False
5727,NPY1R,boltz,apo,74.36926805973053,87.2146499633789,68.5719985961914,1.9507,False
5728,NPY1R,boltz,apo,73.73458604017894,86.9952507019043,68.81300354003906,1.8593,False
5729,NPY1R,boltz,apo,74.3495780179898,87.99155006408691,73.20600128173828,1.9149,False
5730,NPY1R,boltz,apo,74.49983590841293,87.20245056152343,72.59400177001953,1.8932,False
5731,NPY1R,boltz,apo,74.07601816952229,87.87515068054199,72.47200012207031,1.8446,False
5732,NPY1R,boltz,apo,73.1557422876358,87.02640037536621,68.18800354003906,1.93,False
5733,NPY1R,boltz,apo,73.3020392258962,86.36285018920898,70.5790023803711,1.7988,False
5734,NPY1R,boltz,apo,72.68868499000867,86.0270004272461,68.4000015258789,1.8756,False
5735,NPY1R,chai,apo,74.54593669305116,83.54847381924824,64.20536318692294,1.8255,False
5736,NPY1R,chai,apo,74.63883852339428,83.73757134711414,59.46554530750621,1.8962,False
5737,NPY1R,chai,apo,74.28627247465286,82.6534870676148,63.73027246648615,1.5626,False
5738,NPY1R,chai,apo,74.41405351596036,83.44157871875241,64.6869080283425,1.749,False
5739,NPY1R,chai,apo,74.56204467954176,83.48286726401136,63.94545433738015,1.7991,False
5740,NPY1R,chai,apo,74.54084683028428,83.45560118738535,61.461000269109554,1.9116,False
5741,NPY1R,chai,apo,74.73092632197692,84.20451509262405,64.95799948952414,1.9136,False
5742,NPY1R,chai,apo,74.86344452797184,83.95851820131057,62.181544910777696,1.8644,False
5743,NPY1R,chai,apo,74.65839720300797,83.34975489742999,63.97241687774658,1.6599,False
5744,NPY1R,chai,apo,74.34474460592402,83.22228662446807,64.29809084805575,1.7687,False
5745,NPY1R,chai,apo,74.37985161545312,83.74567278264749,64.97709170254794,1.8322,False
5746,NPY1R,chai,apo,74.76590160089454,84.13872041282544,66.25854457508434,1.8527,False
5747,NPY1R,chai,apo,74.56213831190574,83.79522837863168,65.50918093594638,1.9105,False
5748,NPY1R,chai,apo,74.63017396657723,83.81039929717478,64.09036324240945,1.8839,False
5749,NPY1R,chai,apo,74.57611089957454,83.48751107290192,64.1240005493164,1.6679,False
5750,NPY1R,chai,apo,74.58773967849271,83.41617185734395,63.417818242853336,1.6886,False
5751,NPY1R,chai,apo,74.40328688324375,83.42727497659548,62.95009092851119,1.882,False
5752,NPY1R,chai,apo,74.46878960666467,83.54449161328623,64.03381833163175,1.8267,False
5753,NPY1R,chai,apo,74.31321650605189,82.83017612608651,63.323917071024574,1.6333,False
5754,NPY1R,chai,apo,74.50806235217217,83.60149248315831,61.65472758900035,1.829,False
5755,NPY1R,chai,apo,74.59066213830883,83.67848589957705,64.55936362526633,1.8801,False
5756,NPY1R,chai,apo,74.33372297259787,83.00553619937979,62.76554385098544,1.6851,False
5757,NPY1R,chai,apo,74.52523727249346,83.38628106436515,61.95736382224343,1.8761,False
5758,NPY1R,chai,apo,74.58883076877446,83.82416371825796,63.604750633239746,1.6311,False
5759,NPY1R,chai,apo,74.40692691840572,83.07423005953152,63.26100019975142,1.6656,False
5760,MCHR1,boltz,cognate,70.96617996523166,91.58278896934108,75.51300048828125,1.541,True
5761,MCHR1,boltz,cognate,69.0683742134492,89.67947347540604,68.62200164794922,1.1815,True
5762,MCHR1,boltz,cognate,68.83881985180751,89.6004743074116,71.17400360107422,1.1239,True
5763,MCHR1,chai,cognate,70.8901945190822,86.16396371389908,68.6695556640625,1.4457,True
5764,NPY1R,protenix,apo,72.5606111336718,83.11752113139991,61.67727279663086,1.8075,False
5765,NPY1R,protenix,apo,72.35135280566435,83.34754240982804,61.439090728759766,1.7677,False
5766,NPY1R,protenix,apo,72.76255490782027,83.1840441255308,61.645454753528945,1.7766,False
5767,NPY1R,protenix,apo,72.61563836053129,83.19703689602719,61.65636374733665,1.7977,False
5768,NPY1R,protenix,apo,72.9427081391416,83.24646568495129,61.587272297252305,1.7937,False
5769,NPY1R,protenix,apo,72.77615317213348,83.2068940768579,61.90363623879173,1.8388,False
5770,NPY1R,protenix,apo,72.78682289506672,83.23559826355475,61.792727036909625,1.8052,False
5771,NPY1R,protenix,apo,72.71758564015427,83.29812851137929,61.91454523259943,1.8059,False
5772,NPY1R,protenix,apo,72.72257598713453,83.12593741525647,61.83000009710138,1.8411,False
5773,NPY1R,protenix,apo,72.87796561420573,83.31949885190824,61.87727321277965,1.8385,False
5774,NPY1R,protenix,apo,72.68967224301205,83.00070493483439,62.35727275501598,1.8204,False
5775,NPY1R,protenix,apo,72.7069054592718,83.09048290417823,62.382727189497515,1.843,False
5776,NPY1R,protenix,apo,72.84602624758085,82.99292909553385,62.28363626653498,1.8139,False
5777,NPY1R,protenix,apo,72.84433882980912,83.08646570893767,62.16545382412997,1.8154,False
5778,NPY1R,protenix,apo,72.85040340456017,83.26700121816275,62.21000081842596,1.7902,False
5779,NPY1R,protenix,apo,72.67759889599138,82.83905524775409,61.223636627197266,1.8116,False
5780,NPY1R,protenix,apo,72.58731656282005,82.8002551988021,61.125453602183946,1.7923,False
5781,NPY1R,protenix,apo,72.72851869178459,82.78858623650511,61.20636367797851,1.7756,False
5782,NPY1R,protenix,apo,72.76734623642331,82.84584831402933,61.180909243496984,1.8273,False
5783,NPY1R,protenix,apo,72.95703306132825,83.03282474261857,61.00363610007546,1.8145,False
5784,MCHR1,chai,cognate,70.13045898987045,86.36648647887492,66.18288887871637,1.5838,True
5785,MCHR1,chai,cognate,70.09672223823075,86.03389068244846,65.96366585625543,1.424,True
5786,MCHR1,chai,cognate,70.18012303251382,86.12580954568428,66.44944508870442,1.6125,True
5787,MCHR1,chai,cognate,70.3051115440515,86.57571296026995,66.66244379679362,1.4974,True
5788,MCHR1,chai,cognate,70.7452269791616,86.129982910727,68.51777818467882,1.471,True
5789,MCHR1,chai,cognate,70.6539404461562,86.1262909516863,68.26711103651259,1.4691,True
5790,MCHR1,chai,cognate,70.3863123925148,86.23019002784201,66.65510982937283,1.5707,True
5791,MCHR1,chai,cognate,70.30446797187915,86.19468524584042,66.91999986436632,1.5189,True
5792,NPY1R,protenix,apo,72.02923085558452,83.25068114328867,61.7163630398837,1.7799,False
5793,NPY1R,protenix,apo,72.64830578165707,83.10636759060284,62.29363632202149,1.7874,False
5794,NPY1R,protenix,apo,72.39503109137142,83.04169729267193,62.1890903819691,1.7634,False
5795,MCHR1,protenix,cognate,68.11822690245944,86.30123224233074,71.45428684779576,0.9215,True
5796,MCHR1,chai,cognate,70.69098097044089,86.12787625464979,68.18088870578342,1.7039,True
5797,MCHR1,chai,cognate,70.32748537742089,86.54647971648892,66.64233271280925,1.5473,True
5798,MCHR1,chai,cognate,70.34186601024597,86.43179654731037,65.76466666327582,1.5987,True
5799,MCHR1,chai,cognate,70.3331392409546,85.9878262123287,66.43822224934895,1.5031,True
5800,MCHR1,chai,cognate,70.51244910428456,86.59303151338764,67.39499961005316,1.4739,True
5801,MCHR1,chai,cognate,70.29715682987501,86.23837808698967,67.16344451904297,1.5472,True
5802,MCHR1,chai,cognate,70.50048639793008,85.81472586907513,69.08899943033855,1.5729,True
5803,MCHR1,chai,cognate,70.36754688163938,86.23696816203135,66.23277706570096,1.4958,True
5804,MCHR1,protenix,cognate,68.81343723777906,86.2592320212382,71.36000115530831,0.9342,True
5805,NPY1R,boltz,apo,74.21497130393982,87.2366497039795,69.96199798583984,1.8361,False
5806,NPY1R,boltz,apo,73.95951287448406,86.7184497833252,70.19300079345703,1.9242,False
5807,MCHR1,protenix,cognate,67.6748945012511,86.46591188909252,72.9499994913737,0.9837,True
5808,MCHR1,protenix,cognate,68.08677639798404,86.41400223425835,72.8566665649414,0.9475,True
5809,MCHR1,protenix,cognate,67.54705779616327,86.46789866127529,72.9533339606391,0.9448,True
5810,NPY1R,protenix,apo,72.72794573710995,83.22652969767694,62.24363639137962,1.8082,False
5811,NPY1R,protenix,apo,72.67838071222421,83.31782563966418,62.16818202625621,1.7902,False
5812,MCHR1,chai,cognate,70.78640590973035,86.12348510155222,68.11911180284288,1.3858,True
5813,MCHR1,chai,cognate,70.35693120316166,85.68959017093266,67.15566635131836,1.5765,True
5814,MCHR1,chai,cognate,70.37663580799455,86.4365730501628,66.67766698201497,1.6026,True
5815,MCHR1,chai,cognate,70.0801073653341,85.91037465126881,65.41355472140842,1.6568,True
5816,MCHR1,chai,cognate,70.97083388547169,86.13150505904068,69.25566694471571,1.4992,True
5817,MCHR1,chai,cognate,70.49872875015319,86.42900066086017,67.63433244493272,1.5122,True
5818,MCHR1,chai,cognate,70.27278684836195,86.3369725253358,67.0151104397244,1.5256,True
5819,MCHR1,chai,cognate,70.2810097142491,86.23391757334086,67.0456657409668,1.5888,True
5820,NPY1R,boltz,cognate,77.42558345198631,91.66859970092771,73.79100036621094,0.9211,False
5821,NPY1R,boltz,cognate,77.43195821841557,92.1376007080078,75.58499908447266,0.9589,False
5822,MCHR1,protenix,cognate,68.5327492903596,86.41840735211173,72.72000037299262,0.9141,True
5823,MCHR1,protenix,cognate,68.79570170307171,86.42418581960484,72.9033326043023,0.9736,True
5824,MCHR1,protenix,cognate,67.84233207770417,86.37381488875087,72.83222156100803,0.9011,True
5825,MCHR1,protenix,cognate,68.63979527572154,86.35607202187607,72.86666658189561,0.9726,True
5826,MCHR1,protenix,cognate,68.1566873072324,86.35074498502577,72.6466670566135,0.9531,True
5827,MCHR1,protenix,cognate,68.56883642810553,86.33462650702938,72.83777787950304,0.9739,True
5828,MCHR1,protenix,cognate,68.92334602711007,86.34838361691585,72.91888851589627,0.9521,True
5829,MCHR1,protenix,cognate,67.57009964869654,86.0734552639822,72.82571520124164,0.942,True
5830,MCHR1,protenix,cognate,68.46032668738567,86.07649013197411,72.79285757882255,1.032,True
5831,MCHR1,protenix,cognate,68.34158568951084,86.0636133099667,72.72857230050224,0.9557,True
5832,MCHR1,protenix,cognate,68.71196034800563,86.04139615191662,72.72714342389789,0.9692,True
5833,MCHR1,protenix,cognate,68.77501490896222,85.99635331201746,72.62714331490653,0.936,True
5834,MCHR1,protenix,cognate,67.57678692782068,86.45915221214801,72.32571520124164,0.9941,True
5835,MCHR1,protenix,cognate,68.33838664791533,86.40660094870081,72.17285755702427,1.0301,True
5836,MCHR1,protenix,cognate,68.18572924181433,86.42789407125899,72.50714220319476,1.0424,True
5837,MCHR1,protenix,cognate,68.46195475814466,86.37482765958549,72.17428643362862,1.0234,True
5838,MCHR1,protenix,cognate,69.04916826118654,86.4260055244743,72.47714342389789,1.0793,True
5839,MCHR1,protenix,cognate,67.52848959404936,86.41125635380462,71.94571358816964,0.912,True
5840,MCHR1,protenix,cognate,68.34923889323935,86.3969345739855,72.27285875592914,1.0452,True
5841,MCHR1,protenix,cognate,68.52270608817318,86.36574909105619,71.80285753522601,0.9758,True
5842,NPY1R,boltz,cognate,77.64373964071274,91.81899986267088,69.0739974975586,0.8759,False
5843,NPY1R,boltz,cognate,77.2325418094794,92.24709968566894,73.18299865722656,0.9035,False
5844,NPY1R,boltz,cognate,77.7722994486491,92.50389938354492,78.37999725341797,0.8571,False
5845,NPY1R,boltz,cognate,75.75525254507859,91.91520042419434,74.40299987792969,0.8574,False
5846,NPY1R,boltz,cognate,77.4408673842748,92.00345039367676,74.68800354003906,0.9251,False
5847,NPY1R,boltz,cognate,78.15946346521378,92.68915023803712,78.61900329589844,0.8713,False
5848,NPY1R,boltz,cognate,76.974070250988,92.19979934692384,76.18800354003906,0.8274,False
5849,NPY1R,boltz,cognate,76.00624997913837,91.27880020141602,66.84300231933594,0.8863,False
5850,NPY1R,boltz,cognate,77.33919275800388,91.75000038146972,70.49500274658203,0.9521,False
5851,NPY1R,boltz,cognate,78.02309376001358,91.65400009155272,74.44200134277344,0.9273,False
5852,NPY1R,boltz,cognate,78.1122944355011,92.50849952697754,76.7969970703125,0.8379,False
5853,NPY1R,boltz,cognate,77.6683229257663,92.22605056762696,77.53600311279297,0.9185,False
5854,NPY1R,boltz,cognate,77.40800256530444,92.49554977416992,77.2969970703125,0.8493,False
5855,NPY1R,boltz,cognate,76.5515623986721,91.96154975891112,71.6510009765625,0.9617,False
5856,NPY1R,boltz,cognate,75.7705727815628,91.02820014953612,66.13099670410156,0.8323,False
5857,NPY1R,boltz,cognate,78.01222653190295,92.25539932250976,75.68000030517578,0.8573,False
5858,NPY1R,boltz,cognate,77.82924735546112,92.93619995117189,77.4489974975586,0.8115,False
5859,NPY1R,boltz,cognate,77.12151584029198,92.22495002746582,74.26000213623047,0.9098,False
5860,NPY2R,boltz,apo,76.87400022391571,91.2682502746582,77.83000183105469,2.3273,False
5861,NPY2R,boltz,apo,76.33943314439668,90.6832000732422,75.3239974975586,2.2794,False
5862,NPY2R,boltz,apo,77.32161944932513,92.00970039367677,78.22200012207031,2.2235,False
5863,NPY2R,boltz,apo,74.98679538536572,89.77925033569336,74.23600006103516,2.3512,False
5864,NPY2R,boltz,apo,74.66013122919037,87.97909965515137,71.03399658203125,2.9893,False
5865,NPY2R,boltz,apo,78.06227821690517,91.74455032348632,77.46600341796875,2.106,False
5866,NPY2R,boltz,apo,77.68972455923326,91.74265022277832,78.03299713134766,1.9909,False
5867,NPY2R,boltz,apo,77.11798159782029,91.38079948425292,77.19000244140625,2.2375,False
5868,NPY1R,boltz,cognate,78.12263286113739,91.98669891357422,73.0469970703125,0.9079,False
5869,NPY1R,boltz,cognate,78.40885659058888,92.24710006713867,76.59100341796875,0.8362,False
5870,NPY1R,boltz,cognate,76.1325987925132,91.7103988647461,75.7770004272461,0.811,False
5871,NPY1R,boltz,cognate,76.750924517711,91.72070007324218,74.89900207519531,0.9279,False
5872,NPY2R,boltz,apo,76.88888724019208,90.73530044555665,75.77100372314453,2.3504,False
5873,NPY2R,boltz,apo,76.93491859135665,91.78774986267088,75.7770004272461,2.6148,False
5874,NPY2R,boltz,apo,75.90359573664628,90.70045013427736,74.47100067138672,2.3917,False
5875,NPY2R,boltz,apo,77.45485826427229,90.8296001434326,75.90499877929688,2.0786,False
5876,NPY1R,boltz,cognate,77.03405979275703,92.29125061035155,77.64900207519531,0.8987,False
5877,NPY1R,chai,cognate,75.67166179617372,88.25145187394443,71.46281849254261,0.8542,False
5878,NPY1R,chai,cognate,75.56727112781716,88.25993977755867,71.1939995505593,0.8696,False
5879,NPY1R,chai,cognate,75.51442129899044,88.317767954547,71.44490883567117,0.8441,False
5880,NPY2R,boltz,apo,78.54783735500546,92.30600013732912,78.66899871826172,2.2135,False
5881,NPY2R,boltz,apo,77.75482956192938,91.92380065917968,79.14099884033203,2.2364,False
5882,NPY2R,boltz,apo,77.36328096464862,91.90280075073242,78.33200073242188,2.2561,False
5883,NPY2R,boltz,apo,75.36201830986603,91.064750289917,72.71399688720703,2.1439,False
5884,NPY2R,boltz,apo,74.78763787577472,88.87980003356934,72.40399932861328,2.3121,False
5885,NPY2R,chai,apo,77.72979753074323,88.32294230161118,71.24263763427734,2.2366,False
5886,NPY2R,chai,apo,77.74160654315462,88.27018262442056,70.72936422174627,2.1533,False
5887,NPY2R,chai,apo,77.7390240120288,88.27606587134743,70.82136431607333,2.103,False
5888,NPY2R,chai,apo,77.62724644989868,88.34916682839221,71.60299936930339,2.2114,False
5889,NPY2R,chai,apo,77.67987225420366,88.22001335510099,71.08481910011984,2.1197,False
5890,NPY2R,chai,apo,77.76107651425289,88.46580774524685,71.24481825395064,2.21,False
5891,NPY2R,chai,apo,77.73671200429227,88.37194601990616,71.3378177989613,2.1899,False
5892,NPY2R,chai,apo,77.87184676425726,88.45078054701956,71.58481805974787,2.1689,False
5893,NPY2R,chai,apo,77.68096271899681,88.39894990722853,71.62022230360243,2.2983,False
5894,NPY2R,chai,apo,77.71799678179374,88.33582912209746,71.16777759128146,2.2409,False
5895,NPY2R,chai,apo,77.6154897166426,88.28866073970327,71.57836428555575,2.3531,False
5896,NPY2R,chai,apo,77.61978350285759,88.38967687861398,71.32577811347113,2.2171,False
5897,NPY2R,chai,apo,77.62903879411212,88.23141318738202,71.12100011652166,2.2334,False
5898,NPY2R,chai,apo,77.64522619262804,88.36364927434991,71.3642217848036,2.1907,False
5899,NPY2R,chai,apo,77.63540933786142,88.30864296787917,70.93372761119495,2.2378,False
5900,NPY1R,chai,cognate,75.61023943756867,88.18078101330163,71.33099989457564,0.8258,False
5901,NPY1R,chai,cognate,75.75170513052097,88.22681200123796,71.06800079345703,0.8666,False
5902,NPY1R,chai,cognate,75.61282724590542,88.27660773245631,71.41881838711825,0.8751,False
5903,NPY1R,chai,cognate,75.56427275869903,88.26895181475606,71.39309068159623,0.9449,False
5904,NPY2R,chai,apo,77.68785122436819,88.326613030702,71.62133322821722,2.2199,False
5905,NPY2R,chai,apo,77.73056848424797,88.37620537645027,71.51790826970881,2.2267,False
5906,NPY2R,chai,apo,77.7660699512814,88.36460259478845,71.3308174826882,2.2099,False
5907,NPY2R,chai,apo,77.79260399746961,88.3937591773607,71.35672760009766,2.1721,False
5908,NPY2R,chai,apo,77.778128463074,88.39286563357231,71.94566811455621,2.1905,False
5909,NPY2R,chai,apo,77.65352076183251,88.38986210931776,71.44888983832465,2.3556,False
5910,NPY2R,chai,apo,77.76192601791081,88.38544635907569,71.67799970838759,2.2006,False
5911,NPY2R,chai,apo,77.800017862074,88.44151834445253,71.64845483953303,2.1746,False
5912,NPY2R,chai,apo,77.64133020929528,88.28655884124842,71.44499969482422,2.2775,False
5913,NPY2R,chai,apo,77.83152278264653,88.41516583567919,71.75188869900174,2.2639,False
5914,NPY2R,protenix,apo,76.39161212762275,85.4924933381514,69.11909172751687,2.2926,False
5915,NPY2R,protenix,apo,76.34749031850579,85.48359166148079,69.17727314342152,2.3077,False
5916,NPY2R,protenix,apo,76.33797933746425,85.51716599972217,69.35727310180664,2.4002,False
5917,NPY2R,protenix,apo,76.34803963908674,85.47370098069976,69.06363573941317,2.4177,False
5918,NPY2R,protenix,apo,76.37372463859262,85.44577954553766,69.05090886896306,2.3768,False
5919,NPY2R,protenix,apo,76.67357506466652,85.58691744500251,69.44272717562589,2.3699,False
5920,NPY2R,protenix,apo,76.65094252284612,85.59111622631464,69.52272865988992,2.2985,False
5921,NPY2R,protenix,apo,76.66220219929616,85.58124297231478,69.4881820678711,2.287,False
5922,NPY2R,protenix,apo,76.65037674676552,85.57188381057452,69.44545468417081,2.297,False
5923,NPY2R,protenix,apo,76.61726726111219,85.56012096177963,69.35817995938388,2.28,False
5924,NPY2R,protenix,apo,75.58167552880455,85.38840224077518,68.06272784146395,2.4416,False
5925,NPY2R,protenix,apo,75.63683759601828,85.42743839002446,68.21545479514383,2.3329,False
5926,NPY2R,protenix,apo,75.69328509766773,85.43222804299336,68.23090952092952,2.3484,False
5927,NPY2R,protenix,apo,75.59578142900665,85.41142522151337,68.15909160267223,2.3731,False
5928,NPY2R,protenix,apo,75.43166640481458,85.4040316558194,68.06181820956144,2.3605,False
5929,NPY2R,protenix,apo,75.88359438206655,85.98388651348296,69.13666746351454,2.3171,False
5930,NPY2R,protenix,apo,75.92373466596952,85.97823424622781,69.16444354587131,2.3418,False
5931,NPY2R,protenix,apo,76.0069462091918,85.96699889386716,69.15999950062145,2.3567,False
5932,NPY2R,protenix,apo,75.8779701933636,85.97026531436914,69.12727182561702,2.3211,False
5933,NPY2R,protenix,apo,75.92003070251849,85.97944887523182,69.16333304511176,2.3162,False
5934,NPY2R,protenix,apo,75.52041769248906,85.41931863673321,68.7263630953702,2.2647,False
5935,NPY2R,protenix,apo,75.55944128117082,85.43663147333208,68.8509091463956,2.2231,False
5936,NPY1R,chai,cognate,75.5311525012375,88.0903472893097,70.91890993985263,0.8956,False
5937,NPY1R,chai,cognate,75.68980059209206,88.26800235566638,71.41681809858842,0.8523,False
5938,NPY1R,chai,cognate,75.63672651796118,88.30981242144091,70.9005452936346,0.8839,False
5939,NPY1R,chai,cognate,75.46629462426384,88.21515485101621,71.1382730657404,0.8634,False
5940,NPY1R,chai,cognate,75.55410079204474,88.17091917669619,71.14108969948508,0.8684,False
5941,NPY1R,chai,cognate,75.71631085496054,88.25273709507732,71.22127186168323,0.8401,False
5942,NPY2R,boltz,apo,77.42186874730068,91.12109985351564,78.40899658203125,2.215,False
5943,NPY2R,boltz,apo,76.80118370056152,91.26875,77.875,2.1758,False
5944,NPY1R,chai,cognate,75.68103960321704,88.26101585183137,71.5218207619407,0.8144,False
5945,NPY1R,chai,cognate,75.49015859291531,88.18595596822654,71.20372633500533,0.9763,False
5946,NPY1R,chai,cognate,75.58940005051961,88.34768411289562,71.85781929709695,0.857,False
5947,NPY1R,chai,cognate,75.59513240117973,88.1618455958676,71.36999927867542,0.8346,False
5948,NPY1R,chai,cognate,75.48839898715302,88.22888679990176,71.1995454268022,0.7928,False
5949,NPY1R,chai,cognate,75.4987744979659,88.32947448393311,71.61054576526989,0.8361,False
5950,NPY2R,boltz,apo,76.04481370179985,90.74990005493164,70.52400207519531,2.5461,False
5951,NPY2R,boltz,apo,75.29287117985602,89.85224990844726,72.79900360107422,2.4026,False
5952,NPY2R,boltz,apo,77.45296579396005,91.79524993896484,79.17500305175781,2.2412,False
5953,NPY2R,boltz,apo,76.26826516098863,90.78655014038084,77.4010009765625,2.1585,False
5954,NPY1R,chai,cognate,75.3894826596437,88.14806639188295,71.00863578102805,0.8388,False
5955,NPY1R,chai,cognate,75.68209542752642,88.24446849820245,71.64190812544389,0.8831,False
5956,NPY1R,chai,cognate,75.50033299109113,88.15518207302341,70.69327267733487,0.8721,False
5957,NPY1R,chai,cognate,75.51225185261653,88.15147801623544,71.21854608709162,0.8621,False
5958,NPY1R,chai,cognate,75.54315101569891,88.24545752091841,71.39490855823864,0.8487,False
5959,NPY1R,chai,cognate,75.5970670187456,88.16831674050114,71.15354503284802,0.8683,False
5960,NPY2R,protenix,apo,75.5949650114455,85.44190458826174,68.82666651407878,2.3543,False
5961,NPY1R,protenix,cognate,71.49546179431148,85.25711472270464,69.1590909090909,0.8287,False
5962,NPY1R,protenix,cognate,71.55303290227823,85.29333194001929,69.6536355452104,0.8035,False
5963,NPY2R,boltz,apo,78.46153281304467,92.61904983520508,78.74400329589844,2.2286,False
5964,NPY2R,protenix,apo,75.54865998694818,85.43017611162314,68.79272773049094,2.2297,False
5965,NPY2R,protenix,apo,75.51654351471961,85.44425842234239,68.8022215101454,2.3239,False
5966,NPY2R,boltz,cognate,77.20399485109985,92.26965103149412,72.93199920654297,1.3065,False
5967,NPY2R,boltz,cognate,78.60781642082794,92.64264945983886,76.99700164794922,1.0963,False
5968,NPY2R,boltz,apo,77.36958279446979,91.85214920043946,75.76599884033203,2.3529,False
5969,NPY1R,protenix,cognate,70.6904273504505,85.33782951756817,70.00363644686612,0.8281,False
5970,NPY1R,protenix,cognate,70.69661691842414,85.37383357604001,70.08909121426669,0.7999,False
5971,NPY1R,protenix,cognate,70.69892700621128,85.36140709417379,70.18454499678178,0.7881,False
5972,NPY1R,protenix,cognate,70.73984473828583,85.37009663741482,70.13909114490856,0.825,False
5973,NPY1R,protenix,cognate,70.74953703292918,85.38442890054391,70.39818156849255,0.8146,False
5974,NPY1R,protenix,cognate,70.99501042469491,86.36389264486569,70.4081819707697,0.8463,False
5975,NPY1R,protenix,cognate,71.16748151859647,86.39772478805476,70.59545516967773,0.8117,False
5976,NPY1R,protenix,cognate,71.15173515540643,86.4395868582815,70.84454588456587,0.8301,False
5977,NPY1R,protenix,cognate,71.1074004335398,86.3451444198146,70.65999915383078,0.8021,False
5978,NPY1R,protenix,cognate,71.43787308378327,86.34716509779123,70.11090954867277,0.8005,False
5979,NPY1R,protenix,cognate,70.6462067835979,85.71083182050036,69.17000024968928,0.8284,False
5980,NPY1R,protenix,cognate,70.70176322490762,85.63813496130027,69.06272784146395,0.7759,False
5981,NPY1R,protenix,cognate,70.60512652453922,85.70487672000738,69.65181905573064,0.7953,False
5982,NPY1R,protenix,cognate,70.60783038668714,85.65548651483326,68.88818151300603,0.7917,False
5983,NPY1R,protenix,cognate,70.80370842387623,85.75852122138932,69.10545522516423,0.8153,False
5984,NPY1R,protenix,cognate,71.56581965294461,86.3952213285702,70.50545501708984,0.7782,False
5985,NPY1R,protenix,cognate,71.54532513966092,86.44975388467742,70.4390914223411,0.8433,False
5986,NPY1R,protenix,cognate,71.53945557808126,86.38684210621776,70.3800003745339,0.8212,False
5987,NPY1R,protenix,cognate,71.58585403318956,86.40686611858109,70.56818216497248,0.8154,False
5988,NPY1R,protenix,cognate,71.52995986169837,86.25904861787352,70.49363673817028,0.8424,False
5989,NPY1R,protenix,cognate,71.70803719760475,85.3475325805697,69.85454594005238,0.8231,False
5990,NPY1R,protenix,cognate,71.07661007091676,85.24238225912119,69.36181848699397,0.8196,False
5991,NPY1R,protenix,cognate,71.59103137070709,85.26147970056465,69.74000029130416,0.8098,False
5992,NPY2R,boltz,cognate,78.66880062433678,93.2280990600586,77.97899627685547,1.207,False
5993,NPY2R,boltz,cognate,77.59702612909432,92.82975044250487,73.6729965209961,1.3156,False
5994,NPY2R,boltz,cognate,76.81217326767488,92.50395011901855,76.30000305175781,1.2064,False
5995,NPY2R,boltz,cognate,77.93624694203454,93.19270095825196,75.98899841308594,1.4898,False
5996,NPY2R,boltz,cognate,78.1178110377995,93.00010032653807,74.6780014038086,1.2915,False
5997,NPY2R,boltz,cognate,78.5786062525952,93.51659965515135,76.93299865722656,1.4159,False
5998,NPY2R,boltz,cognate,76.83231229606889,92.45169982910156,73.09600067138672,1.3914,False
5999,NPY2R,boltz,cognate,77.0761075307691,92.60664863586426,76.14299774169922,1.2565,False
6000,NPY2R,boltz,cognate,75.5644331904534,91.54760055541992,71.28299713134766,1.2655,False
6001,NPY2R,boltz,cognate,77.09022574537383,92.76505012512207,75.99600219726562,1.2979,False
6002,NPY2R,boltz,cognate,77.54679523678277,92.4963996887207,74.69599914550781,1.3275,False
6003,NPY2R,boltz,cognate,77.73602627331191,92.51065025329588,75.63999938964844,1.2919,False
6004,OPRD,boltz,apo,73.67719340580766,84.73920078277588,62.06100082397461,2.7536,True
6005,OPRD,boltz,apo,72.97389238624163,82.13440017700195,61.96099853515625,2.8246,True
6006,OPRD,boltz,apo,72.25850808748635,82.48740081787109,53.15399932861328,2.4252,True
6007,OPRD,boltz,apo,75.37076341977684,85.6657501220703,66.18199920654297,2.8106,True
6008,OPRD,boltz,apo,75.01604848266929,85.85414924621583,63.66400146484375,2.5926,True
6009,OPRD,boltz,apo,74.33078219300957,84.1728500366211,58.49800109863281,2.8962,True
6010,OPRD,boltz,apo,74.096860044746,83.51865005493164,56.47200012207031,2.6551,True
6011,OPRD,boltz,apo,73.66519352697557,83.00750007629395,55.279998779296875,2.7019,True
6012,NPY2R,boltz,cognate,76.18120983454186,91.6650001525879,68.48600006103516,1.3872,False
6013,NPY2R,boltz,cognate,77.21103415902205,92.34939994812012,74.63600158691406,1.1914,False
6014,NPY2R,boltz,cognate,76.5754462014346,92.3351993560791,74.3479995727539,1.4306,False
6015,NPY2R,boltz,cognate,76.66161430539108,92.13520011901856,74.302001953125,1.4362,False
6016,OPRD,boltz,apo,75.26688433206209,85.38404941558838,61.4370002746582,2.6079,True
6017,OPRD,boltz,apo,74.18860213987288,84.33059978485107,60.07899856567383,2.6243,True
6018,OPRD,boltz,apo,73.76169899458526,84.26949977874756,57.91299819946289,2.4653,True
6019,OPRD,boltz,apo,74.08941671925206,84.17374992370605,58.527000427246094,2.5428,True
6020,OPRD,boltz,apo,73.13032521483719,82.58115062713622,54.70199966430664,2.6867,True
6021,OPRD,boltz,apo,75.04431454853345,84.76430015563965,63.5260009765625,2.7542,True
6022,OPRD,boltz,apo,74.93818256419192,85.09995040893554,64.6510009765625,2.6864,True
6023,OPRD,boltz,apo,74.80170418113791,84.9558494567871,65.61599731445312,2.7215,True
6024,OPRD,boltz,apo,73.17565584695467,83.66149921417237,56.3390007019043,2.626,True
6025,OPRD,boltz,apo,72.71088182797996,82.69265060424804,58.34700012207031,2.6935,True
6026,OPRD,boltz,apo,74.68571766473914,84.25049915313721,58.46599960327149,2.5615,True
6027,OPRD,boltz,apo,74.84554571746499,84.90395030975341,62.70399856567383,2.5711,True
6028,OPRD,boltz,apo,74.58865601529357,84.54005126953125,61.59700012207031,2.7575,True
6029,OPRD,boltz,apo,74.27680897456344,84.68325004577636,62.249000549316406,2.6093,True
6030,OPRD,boltz,apo,74.01182530515938,83.64590034484863,62.26100158691406,2.7414,True
6031,OPRD,chai,apo,75.62477272343038,85.27329834281625,65.08385712759835,2.6079,True
6032,OPRD,chai,apo,75.57435302333035,85.08361885946036,64.535642351423,2.7176,True
6033,OPRD,chai,apo,75.63433651173463,85.08820903076239,65.12807083129883,2.4927,True
6034,OPRD,chai,apo,75.61327969538446,85.24023953565788,64.69285692487445,2.6161,True
6035,OPRD,chai,apo,75.63985058941051,85.17004917107619,65.15100015912738,2.6749,True
6036,OPRD,chai,apo,75.52098218151836,84.95699521717054,64.85850007193429,2.6582,True
6037,OPRD,chai,apo,75.45824662412646,84.8813877322457,64.65700013296944,2.5188,True
6038,OPRD,chai,apo,75.53559954161177,84.99678271524833,64.97128541128976,2.5677,True
6039,OPRD,chai,apo,75.57304124425762,85.04055434024696,64.95992878505162,2.498,True
6040,OPRD,chai,apo,75.54447738480502,85.06072243244618,65.01328604561942,2.6592,True
6041,OPRD,chai,apo,75.52045122732522,85.09677534016697,64.79049982343402,2.5332,True
6042,OPRD,chai,apo,75.52836671497111,85.14946254833436,64.88792937142509,2.612,True
6043,OPRD,chai,apo,75.38173482830369,84.96988232934629,64.62628582545689,2.6247,True
6044,NPY2R,boltz,cognate,76.37418618790434,92.8336498260498,75.79000091552734,1.234,False
6045,NPY2R,boltz,cognate,76.14692664459308,91.89045104980468,75.12000274658203,1.2399,False
6046,NPY2R,boltz,cognate,78.11076650344168,93.29329986572266,75.64900207519531,1.243,False
6047,NPY2R,boltz,cognate,76.07576116927339,92.03299980163574,68.74500274658203,1.5261,False
6048,OPRD,chai,apo,75.42852593096464,85.04991094333268,64.78500011989048,2.3395,True
6049,OPRD,chai,apo,75.42748656152123,84.96095179611471,64.67042813982282,2.2075,True
6050,OPRD,chai,apo,75.47552424937375,84.68089885129557,64.7967142377581,2.4517,True
6051,OPRD,chai,apo,75.45816678218574,84.61018450303511,64.6970716203962,2.6644,True
6052,OPRD,chai,apo,75.48267074297667,84.70583544751784,64.29228619166783,2.4721,True
6053,OPRD,chai,apo,75.48540868795686,84.6923670355479,64.83185686383929,2.6185,True
6054,OPRD,chai,apo,75.29665591915199,84.63579741411911,64.55828503199986,2.5718,True
6055,OPRD,chai,apo,75.48416335647545,84.89992999213084,64.66542788914272,2.4945,True
6056,OPRD,chai,apo,75.56473894360718,84.97585060107244,65.00107138497489,2.4032,True
6057,OPRD,chai,apo,75.5739792201341,84.91493866581939,64.37414278302874,2.4829,True
6058,OPRD,chai,apo,75.38628414593134,84.48064745936043,64.94835771833148,2.4092,True
6059,OPRD,chai,apo,75.26789052772546,84.75804261025928,64.94514301845005,2.364,True
6060,OPRD,protenix,apo,75.56329303233811,85.64324862558604,63.96272693980824,2.5247,True
6061,OPRD,protenix,apo,75.64982421624451,85.61423332032703,63.906364094127305,2.4965,True
6062,OPRD,protenix,apo,75.69208072657567,85.56631060517711,63.92909067327326,2.5198,True
6063,OPRD,protenix,apo,75.90863107458004,85.57435742617686,64.00090928511186,2.5073,True
6064,OPRD,protenix,apo,75.97852267811326,85.60371839411846,64.07272789695047,2.5025,True
6065,OPRD,protenix,apo,74.88670150068529,84.79809537780233,64.5463638305664,2.4587,True
6066,OPRD,protenix,apo,75.0051130834459,84.88285324051267,64.76454578746448,2.3712,True
6067,OPRD,protenix,apo,74.88747675992325,84.81740312547394,64.69090929898348,2.4509,True
6068,OPRD,protenix,apo,75.04165523558099,84.87877830377388,64.35727275501598,2.3035,True
6069,OPRD,protenix,apo,75.42809915699935,84.89038843712248,65.12999933416194,2.44,True
6070,OPRD,protenix,apo,75.98971968221525,86.27600759497969,70.16909061778675,2.4827,True
6071,OPRD,protenix,apo,75.95415079827418,86.34021725918822,70.1545455239036,2.3509,True
6072,OPRD,protenix,apo,76.37459102172134,86.34815675384553,70.21181800148703,2.4235,True
6073,OPRD,protenix,apo,76.15339682208595,86.27937595119724,70.13363647460938,2.3855,True
6074,OPRD,protenix,apo,76.54909783756634,86.29117261725587,70.2736369046298,2.3803,True
6075,OPRD,protenix,apo,75.34285900644373,85.76481502417361,65.31636394153942,2.4833,True
6076,OPRD,protenix,apo,75.43834784872439,85.76332303802688,65.35818169333719,2.4236,True
6077,OPRD,protenix,apo,75.59782124776393,85.82239919724404,65.40454413674094,2.5477,True
6078,OPRD,protenix,apo,75.5503646038722,85.79681416895484,65.27636371959339,2.461,True
6079,OPRD,protenix,apo,75.53691949865113,85.74149563434318,65.4154545177113,2.5105,True
6080,NPY2R,boltz,cognate,74.72177958551042,90.5276496887207,66.3239974975586,1.714,False
6081,NPY2R,boltz,cognate,76.69560632180041,92.47119979858398,75.24600219726562,1.4757,False
6082,NPY2R,boltz,cognate,77.17549870708795,91.52159957885742,76.49099731445312,1.248,False
6083,NPY2R,chai,cognate,76.79358626402168,86.71586809556032,74.13436265425248,1.4122,False
6084,NPY2R,chai,cognate,76.76141087020173,86.74475826873064,73.84081892533736,1.3413,False
6085,NPY2R,chai,cognate,76.91201686626792,86.77561204907525,73.71700044111772,1.3042,False
6086,NPY2R,chai,cognate,76.78896306845972,86.58682442985744,73.63563606955789,1.3474,False
6087,NPY2R,chai,cognate,76.8239477619612,86.71583748806435,73.95745468139648,1.4525,False
6088,OPRD,protenix,apo,75.00537131715038,85.30950492664849,64.38909114490856,2.4229,True
6089,OPRD,protenix,apo,75.00337631004876,85.31284932743418,64.53727167302912,2.4751,True
6090,OPRD,protenix,apo,75.11874227612736,85.29663699823024,64.77000045776367,2.5249,True
6091,NPY2R,chai,cognate,76.87715123091282,86.88615793982281,73.63254581798206,1.3782,False
6092,NPY2R,chai,cognate,77.07513361000163,87.16200693255723,73.99990948763761,1.2229,False
6093,NPY2R,chai,cognate,76.90192784864934,87.17498884765273,73.94354594837536,1.3576,False
6094,NPY2R,chai,cognate,76.98236032249422,87.12788628136441,73.95599989457564,1.4068,False
6095,NPY2R,chai,cognate,76.89046583156589,87.07975777243468,73.81527259133078,1.3803,False
6096,NPY2R,chai,cognate,76.96611249499685,87.1107718595282,73.89336395263672,1.4152,False
6097,NPY2R,chai,cognate,76.71208065984801,86.53416879922281,73.52290899103338,1.5347,False
6098,NPY2R,chai,cognate,76.76108666627425,86.54150732208294,73.06890869140625,1.3579,False
6099,NPY2R,chai,cognate,76.73839837992988,86.42968664290412,73.38009192726828,1.4427,False
6100,NPY2R,chai,cognate,76.80645120879419,86.59792610973508,73.39763641357422,1.2587,False
6101,NPY2R,chai,cognate,76.80362196163475,86.51832144605132,73.5750004161488,1.3514,False
6102,NPY2R,chai,cognate,76.93901762928589,87.0070085901753,73.48736294833097,1.2523,False
6103,NPY2R,chai,cognate,77.05377941648372,87.04039542633046,73.9117265181108,1.3534,False
6104,NPY2R,chai,cognate,76.98790806034202,87.10589736177465,73.82918132435192,1.4044,False
6105,NPY2R,chai,cognate,76.87287779008041,86.86830949576904,73.0145447470925,1.3057,False
6106,NPY2R,chai,cognate,76.96112554373696,87.04550996662046,74.00300112637606,1.3238,False
6107,NPY2R,chai,cognate,76.98325897361914,86.99607020581784,73.71100026910955,1.3896,False
6108,NPY2R,protenix,cognate,72.40339237199959,84.78550776612363,72.98909065940164,1.0449,False
6109,OPRD,boltz,apo,75.21029575922157,85.867600440979,63.34199905395508,2.4447,True
6110,OPRD,boltz,apo,74.08616126480923,84.33314971923828,62.19300079345703,2.6849,True
6111,NPY2R,protenix,cognate,71.39617134390065,84.74333623297113,72.93545497547497,1.0421,False
6112,NPY2R,protenix,cognate,72.97730277397703,84.66017727423883,72.55181780728427,1.0423,False
6113,NPY2R,protenix,cognate,73.14697501238032,84.68787879853022,72.82727258855647,1.033,False
6114,OPRD,protenix,apo,75.16492025854349,85.27421114616064,64.69818219271573,2.3886,True
6115,OPRD,protenix,apo,75.46369078179012,85.28596462282783,64.75363644686612,2.5605,True
6116,NPY2R,chai,cognate,77.06019130376698,87.0581365048765,73.74854625355114,1.2953,False
6117,NPY2R,chai,cognate,76.8124498155958,86.94795879758969,73.85754463889383,1.4185,False
6118,NPY2R,chai,cognate,76.87403797823659,86.95926268913357,73.06972711736506,1.4269,False
6119,NPY2R,protenix,cognate,72.58137793953314,84.79090493462303,72.97727307406339,1.106,False
6120,OPRD,boltz,cognate,79.39979298909505,91.32870063781738,79.2509994506836,2.0593,True
6121,OPRD,boltz,cognate,78.33780908584595,91.04700012207032,79.57599639892578,2.1807,True
6122,NPY2R,protenix,cognate,73.1063746953981,84.67860854751619,72.67909136685458,1.0969,False
6123,NPY2R,protenix,cognate,73.13546016789937,84.656895823692,72.60272632945667,0.9913,False
6124,NPY2R,protenix,cognate,72.61279990233716,84.56849862100071,73.44000001387163,1.1266,False
6125,NPY2R,protenix,cognate,72.83525923617164,84.52081631961838,73.40545515580611,1.0353,False
6126,NPY2R,protenix,cognate,72.80972887931236,84.52332304204526,73.38000072132458,1.0335,False
6127,NPY2R,protenix,cognate,72.79209222395758,84.52877479432121,73.46181765469638,1.0349,False
6128,NPY2R,protenix,cognate,72.62410973733218,84.53869486146847,73.2781815962358,1.0916,False
6129,NPY2R,protenix,cognate,71.84676164968361,84.68160814490327,73.34272731434216,0.9327,False
6130,NPY2R,protenix,cognate,72.97724160171761,85.28199510896361,72.54727207530628,0.9865,False
6131,NPY2R,protenix,cognate,72.04523677809493,84.7942186522931,73.0954544760964,1.1046,False
6132,NPY2R,protenix,cognate,71.8966641453288,84.78061497042879,72.89727158979936,1.0894,False
6133,NPY2R,protenix,cognate,72.40684639950118,84.79853750155944,72.99090922962536,1.0987,False
6134,NPY2R,protenix,cognate,73.04193487881838,85.2672879154376,72.36090989546342,1.0642,False
6135,NPY2R,protenix,cognate,73.24625419802744,85.2679328061939,72.58363585038619,1.0425,False
6136,NPY2R,protenix,cognate,72.57324788727713,84.61265076390937,73.17636316472834,1.0255,False
6137,NPY2R,protenix,cognate,72.7370298931469,84.60116585710864,73.15545446222478,1.0528,False
6138,OPRD,boltz,cognate,78.33929583846881,90.35854988098144,77.9990005493164,2.0643,True
6139,OPRD,boltz,cognate,78.62428754888555,91.02169952392578,80.39800262451172,2.0628,True
6140,NPY2R,protenix,cognate,73.1980005215687,85.21886543417045,72.32545505870472,1.0043,False
6141,NPY2R,protenix,cognate,73.29760054917847,85.22433046590025,72.38181894475764,0.9917,False
6142,NPY2R,protenix,cognate,72.54956829111946,84.62178763539586,73.26181827891956,1.0519,False
6143,NPY2R,protenix,cognate,72.69616343270131,84.5939278669894,73.19272752241655,1.0394,False
6144,OPRD,boltz,cognate,75.73697308571109,87.63484954833984,71.82599639892578,2.0788,True
6145,OPRD,boltz,cognate,75.39803481358354,87.9910499572754,71.06900024414062,2.1053,True
6146,OPRD,boltz,cognate,77.35231191368513,89.8935001373291,75.85399627685547,2.199,True
6147,OPRD,boltz,cognate,78.85225808235907,91.33364944458008,81.28199768066406,2.0458,True
6148,OPRD,boltz,cognate,72.59430386430473,83.39445037841797,54.6609992980957,2.2053,True
6149,OPRD,boltz,cognate,79.15806717000982,91.05490036010742,79.42400360107422,1.9651,True
6150,OPRD,boltz,cognate,77.63093553050872,90.84095001220705,79.05699920654297,2.0449,True
6151,OPRD,boltz,cognate,77.11511847793415,89.77435111999512,76.84500122070312,1.9813,True
6152,OPRD,boltz,cognate,78.26944083039479,90.77050018310548,78.98899841308594,2.1598,True
6153,OPRD,chai,cognate,77.20091145488554,88.07982678438161,67.272643498012,1.9705,True
6154,OPRD,boltz,cognate,79.63872326061289,91.06584968566897,80.03199768066406,1.8879,True
6155,OPRD,boltz,cognate,77.32310203326645,89.40389976501464,78.75599670410156,2.0685,True
6156,OPRD,boltz,cognate,79.36423390398744,91.28170051574708,80.49400329589844,2.0266,True
6157,OPRD,boltz,cognate,77.37669895028556,89.58260116577148,78.64099884033203,2.1654,True
6158,OPRD,boltz,cognate,77.82365034985285,90.3387493133545,77.87699890136719,2.0419,True
6159,OPRD,boltz,cognate,77.06698655569426,89.1525993347168,73.58599853515625,2.2003,True
6160,OPRD,boltz,cognate,78.153639629323,90.61415023803713,78.11499786376953,2.0413,True
6161,OPRD,boltz,cognate,75.96134953345022,88.35924949645997,75.97599792480469,2.103,True
6162,OPRD,boltz,cognate,72.78796757933914,85.95845031738281,69.62899780273438,2.5046,True
6163,OPRD,boltz,cognate,77.74990603744342,90.066849899292,78.09500122070312,2.192,True
6164,OPRK,boltz,apo,74.52489483481959,89.97999992370606,72.7229995727539,2.6408,False
6165,OPRK,boltz,apo,74.02136839816446,89.55575065612793,70.62699890136719,2.6374,False
6166,OPRK,boltz,apo,76.80419474150005,91.2624496459961,74.78600311279297,2.6798,False
6167,OPRK,boltz,apo,75.53786042865954,91.06435012817384,76.64299774169922,2.5121,False
6168,OPRK,boltz,apo,72.38856315110858,88.46629981994629,69.9010009765625,2.5543,False
6169,OPRK,boltz,apo,77.1409370121203,91.1363998413086,75.49199676513672,2.6506,False
6170,OPRK,boltz,apo,75.95462624399286,90.6603500366211,74.46800231933594,2.4807,False
6171,OPRK,boltz,apo,75.62969993290149,90.62554969787598,75.56700134277344,2.5337,False
6172,OPRK,boltz,apo,74.10936849995663,90.16750030517578,73.01899719238281,2.4922,False
6173,OPRK,boltz,apo,74.60755253842002,89.5183006286621,70.13500213623047,2.6534,False
6174,OPRK,boltz,apo,73.54263694662797,88.65024948120117,69.75599670410156,2.4695,False
6175,OPRK,boltz,apo,75.42436583669561,90.41559982299805,73.62799835205078,2.6813,False
6176,OPRK,boltz,apo,75.03631582762065,89.82294960021973,71.46499633789062,2.6597,False
6177,OPRK,boltz,apo,74.77418154164364,90.1004997253418,69.47699737548828,2.5027,False
6178,OPRK,boltz,apo,73.09616047708612,89.22720031738281,72.26499938964844,2.6685,False
6179,OPRK,boltz,apo,72.99134993302195,89.0884002685547,70.38200378417969,2.6559,False
6180,OPRK,boltz,apo,77.47152115671258,90.91279983520508,75.85099792480469,2.558,False
6181,OPRK,boltz,apo,77.13976569928622,91.54349937438964,76.41799926757812,2.5823,False
6182,OPRK,boltz,apo,76.9683683294999,91.21719856262207,74.71399688720703,2.7776,False
6183,OPRK,boltz,apo,76.66864478462621,91.4828498840332,77.94599914550781,2.6852,False
6184,OPRK,boltz,apo,74.11363935972516,88.67949981689453,70.76899719238281,2.6409,False
6185,OPRK,chai,apo,75.54235278479338,82.11915990356071,68.25654463334517,1.6847,False
6186,OPRK,chai,apo,75.77487555147059,82.25532200214667,69.21588770548503,1.2323,False
6187,OPRK,chai,apo,75.47632718440711,82.03347558995863,69.2941255569458,1.0417,False
6188,OPRK,chai,apo,75.33162752436479,81.83856123888475,67.83133358425565,1.298,False
6189,OPRK,chai,apo,75.61850327065696,82.10526276102657,68.55545356056906,1.2778,False
6190,OPRK,chai,apo,74.98873091998799,81.04636604099906,67.23227310180664,2.5489,False
6191,OPRK,chai,apo,75.4534400297084,81.94397008592433,67.84163561734286,1.4603,False
6192,OPRK,chai,apo,75.26988562415889,81.85329849567937,67.60836341164328,1.3855,False
6193,OPRK,chai,apo,75.79607503347067,82.4325130521477,69.6086671617296,1.101,False
6194,OPRK,chai,apo,75.51318652470472,82.16068798162895,69.34844462076823,1.3458,False
6195,OPRK,chai,apo,75.16017677184398,81.73182828062369,68.69055557250977,2.3201,False
6196,OPRK,chai,apo,75.39285330448189,82.23895872422284,69.02566740247939,1.3162,False
6197,OPRK,chai,apo,75.0798846416708,82.06228904513569,69.18699985080295,1.3769,False
6198,OPRK,chai,apo,74.82339659542866,81.43965040294293,66.62333297729492,1.2641,False
6199,OPRK,chai,apo,75.39068333039515,82.26227468307573,69.4863748550415,1.3421,False
6200,OPRK,chai,apo,75.54688543882223,81.95209582104482,69.13188849555121,1.1869,False
6201,OPRK,chai,apo,74.85713638536514,81.57104851555515,66.87577862209744,1.6598,False
6202,OPRK,chai,apo,75.33934318274783,82.05976986985532,68.88999981350369,1.2361,False
6203,OPRK,chai,apo,75.08505740682565,81.54639368984778,67.54777654012044,1.5067,False
6204,OPRK,chai,apo,75.35158774921634,82.10279730557365,68.8922233581543,1.2687,False
6205,OPRK,chai,apo,75.4799991286595,82.17014934887274,68.90733210245769,1.3884,False
6206,OPRK,protenix,apo,75.23544962333041,85.9347922321281,70.42666710747613,2.6016,False
6207,OPRK,protenix,apo,75.20693362394715,85.93838108354488,70.45222261216905,2.5716,False
6208,OPRK,chai,apo,75.18266247046947,82.09058048111365,68.01377868652344,2.5061,False
6209,OPRK,chai,apo,75.57673408766293,82.17147132627206,69.53322219848633,1.3468,False
6210,OPRK,chai,apo,75.27757631301482,81.79048832199103,68.9728880988227,1.4888,False
6211,OPRK,chai,apo,75.23499675143704,81.88314228997085,68.07711198594835,1.496,False
6212,OPRK,protenix,apo,74.71765561275369,86.7702048202201,70.98888948228624,2.5417,False
6213,OPRK,protenix,apo,74.78373143352752,86.77850771579219,70.96333440144856,2.574,False
6214,OPRK,protenix,apo,74.99420486616674,86.78778488332576,71.1899994744195,2.5871,False
6215,OPRK,protenix,apo,74.97165916261962,86.74414808474233,71.13555569118924,2.5894,False
6216,OPRK,protenix,apo,75.34158341650613,85.95949051196439,70.445554945204,2.5667,False
6217,OPRK,protenix,apo,75.24867069847213,85.95732939817859,70.5566669040256,2.572,False
6218,OPRK,protenix,apo,75.14906329618515,85.89116502076516,69.84666697184245,2.549,False
6219,OPRK,protenix,apo,75.93393040997279,87.03471372735106,71.06666607326932,2.5927,False
6220,OPRK,protenix,apo,75.96164380507163,87.01553815873326,71.08333375718858,2.5935,False
6221,OPRK,protenix,apo,75.9844704208043,87.016943884928,71.09777704874675,2.6209,False
6222,OPRK,protenix,apo,75.63141174691734,87.04101686635917,71.05333413018121,2.5593,False
6223,OPRK,protenix,apo,75.92108504478848,87.03893613028148,71.2955559624566,2.6162,False
6224,OPRK,protenix,apo,75.29701644558185,86.8046246028944,71.71555497911241,2.5126,False
6225,OPRK,protenix,apo,77.25369106413753,88.03895596808341,71.90000025431316,2.6445,False
6226,OPRK,protenix,apo,77.22580039255547,88.0390316858608,71.87111155192058,2.6187,False
6227,OPRK,protenix,apo,77.24117591768895,88.03890215986561,71.90111117892795,2.6225,False
6228,OPRK,protenix,apo,77.27263105560311,88.05176455810128,72.0455551147461,2.5976,False
6229,OPRK,protenix,apo,77.30126373297607,88.075185932542,72.12444602118597,2.6168,False
6230,OPRK,protenix,apo,74.83607237280388,86.76552112846319,71.48666636149089,2.5769,False
6231,OPRK,protenix,apo,74.93224398756676,86.80355225510755,71.91888809204102,2.6247,False
6232,OPRD,boltz,cognate,78.24952422418902,91.11424980163574,80.34600067138672,1.9131,True
6233,OPRD,boltz,cognate,77.99926343015446,90.27630043029784,78.82099914550781,2.082,True
6234,OPRD,chai,cognate,77.2667683365898,88.09869221914383,67.09728649684361,1.9386,True
6235,OPRD,chai,cognate,76.99063699375948,87.99669483510964,66.6995713370187,1.9776,True
6236,OPRD,chai,cognate,77.17489960088203,88.11447470206718,67.50428553989956,2.0656,True
6237,OPRD,chai,cognate,77.21309583626731,88.11876520140346,67.15828595842633,1.8935,True
6238,OPRK,boltz,apo,75.09531313243666,89.98509979248047,73.78299713134766,2.6493,False
6239,OPRK,boltz,apo,72.70600273734645,89.0244010925293,71.00499725341797,2.7341,False
6240,OPRD,chai,cognate,77.38728047719515,88.272667044396,67.47664315359933,1.9351,True
6241,OPRD,chai,cognate,77.4276564051266,88.20868231959157,67.35399954659599,1.8996,True
6242,OPRD,chai,cognate,77.21405120430785,88.19655532168103,67.37771306719098,1.9683,True
6243,OPRD,chai,cognate,77.45601169775173,88.21498695373535,67.30835723876953,1.9836,True
6244,OPRD,chai,cognate,77.26576346927519,88.14682170025712,67.29942866734096,1.8819,True
6245,OPRD,chai,cognate,77.18785611947281,88.10858205060421,67.40185628618512,1.9383,True
6246,OPRD,chai,cognate,77.27139853027198,88.19726753527983,67.53835759844098,1.9105,True
6247,OPRD,chai,cognate,77.31578704174144,88.21826996311995,67.43764250619071,1.906,True
6248,OPRD,chai,cognate,77.44377266293594,88.18890570223591,67.25721468244281,1.8843,True
6249,OPRD,chai,cognate,77.37490710826668,88.19683544340589,67.29949978419712,1.9007,True
6250,OPRD,chai,cognate,77.27585824142278,88.11024773399552,67.30235753740583,1.9442,True
6251,OPRD,chai,cognate,77.55866681816144,88.12007345752798,67.33228628976005,1.8856,True
6252,OPRK,protenix,apo,74.72921782761922,86.78229114756783,71.52333280775282,2.5966,False
6253,OPRD,chai,cognate,77.18180339228856,88.137922484369,67.01242855616978,2.0398,True
6254,OPRD,chai,cognate,77.31542793618533,88.2653617659895,67.24921417236328,1.963,True
6255,OPRD,chai,cognate,77.42490057851104,88.31095552390788,67.25500052315849,1.9783,True
6256,OPRK,protenix,apo,74.92713903100976,86.74157449707153,71.35777833726671,2.5752,False
6257,OPRK,protenix,apo,75.00553918127682,86.78107820495727,71.57666566636827,2.5468,False
6258,OPRK,boltz,cognate,79.12099206824051,93.3126495361328,83.55999755859375,1.0388,False
6259,OPRK,boltz,cognate,79.50615537543045,93.66290054321288,84.68900299072266,1.0745,False
6260,OPRD,chai,cognate,77.25752957662021,88.22339106984985,67.4958575112479,1.9323,True
6261,OPRD,protenix,cognate,71.52152727755582,83.94221908647776,68.03142738342285,1.8872,True
6262,OPRD,protenix,cognate,71.57682315276557,83.95564977352754,68.00071389334542,1.8438,True
6263,OPRK,boltz,apo,77.25475783097117,91.57385025024412,75.23799896240234,2.6158,False
6264,OPRK,boltz,apo,76.96165519513582,91.77144966125488,74.39299774169922,2.6131,False
6265,OPRD,protenix,cognate,71.407844824622,83.83293481529532,68.25545501708984,1.8979,True
6266,OPRD,protenix,cognate,71.44570038936608,83.83011483518592,67.99181851473722,1.868,True
6267,OPRD,protenix,cognate,71.3866531071157,83.80629532549804,68.12818180431019,1.8745,True
6268,OPRD,chai,cognate,77.35790522623681,88.25575799087426,66.94585718427386,1.8768,True
6269,OPRD,chai,cognate,77.1890848234698,88.09781988556766,67.16985702514648,1.9141,True
6270,OPRD,chai,cognate,77.12486723469853,87.94189905026258,67.20628602164132,1.8994,True
6271,OPRD,chai,cognate,77.22389678376594,88.17012917386505,67.80978584289551,1.9043,True
6272,OPRD,protenix,cognate,71.48585412989047,83.80980784610236,68.13272684270686,1.8805,True
6273,OPRD,protenix,cognate,71.4471938357094,83.78667314678043,68.08357102530343,1.8333,True
6274,OPRD,protenix,cognate,72.19555677158468,84.81954289878087,69.3285710471017,1.9068,True
6275,OPRD,protenix,cognate,72.17180356740319,84.8014535737141,69.38571439470563,1.9781,True
6276,OPRD,protenix,cognate,71.67412695398019,84.11892876881026,68.28214345659528,1.9109,True
6277,OPRD,protenix,cognate,71.63072913273042,84.10938049634298,68.21928650992257,1.9087,True
6278,OPRD,protenix,cognate,71.62533108277007,84.08970977411641,68.20571463448661,1.8717,True
6279,OPRD,protenix,cognate,71.67641298910296,84.14888539978952,68.02142906188965,1.8752,True
6280,OPRD,protenix,cognate,71.64892099304424,84.13890696071442,68.41928536551339,1.8444,True
6281,OPRD,protenix,cognate,71.5651086210041,83.9669662196089,68.12714276994977,1.8815,True
6282,OPRD,protenix,cognate,71.58157715682893,83.99231681683362,68.19214303152901,1.8735,True
6283,OPRD,protenix,cognate,71.52816947576737,83.94954962684994,68.03857149396624,1.9548,True
6284,OPRD,protenix,cognate,72.23175716533139,84.83129555937532,69.44357109069824,1.8839,True
6285,OPRD,protenix,cognate,72.18565779983082,84.81640359197343,69.38428470066616,1.9069,True
6286,OPRD,protenix,cognate,72.21319669187905,84.87085296486364,69.37357139587402,1.897,True
6287,OPRD,protenix,cognate,71.70311268764473,84.08987777305371,68.23571368626186,1.9045,True
6288,OPRD,protenix,cognate,71.6475998811018,84.02241911735368,68.05714307512555,1.9078,True
6289,OPRD,protenix,cognate,71.66288624189644,84.07607101968873,68.22499983651298,1.9074,True
6290,OPRD,protenix,cognate,71.67717217499406,84.07912495691538,68.23857116699219,1.867,True
6291,OPRD,protenix,cognate,71.6928556476315,84.09150491892001,68.20214298793248,1.7752,True
6292,OPRK,boltz,cognate,77.93587377447831,93.09575004577636,82.62300109863281,0.995,False
6293,OPRK,boltz,cognate,78.14010271775095,93.33104972839357,82.32599639892578,1.0075,False
6294,OPRK,boltz,cognate,78.2799893329018,93.19750022888184,81.25599670410156,1.0369,False
6295,OPRK,boltz,cognate,77.19451569005062,93.31954956054688,83.9020004272461,1.0714,False
6296,OPRK,boltz,cognate,77.89897898121885,93.16164970397948,82.9489974975586,0.9755,False
6297,OPRK,boltz,cognate,76.26148406078941,92.08534927368164,76.63999938964844,1.0325,False
6298,OPRK,boltz,cognate,76.60266577570061,92.1344497680664,75.68499755859375,1.1115,False
6299,OPRK,boltz,cognate,79.60655278657612,93.30155067443847,83.53199768066406,1.0312,False
6300,OPRK,boltz,cognate,77.76793416675768,93.02145080566406,78.63099670410156,1.0847,False
6301,OPRK,boltz,cognate,77.49705521934911,92.41170082092285,79.67500305175781,1.1089,False
6302,OPRK,boltz,cognate,75.94372607783268,91.3077491760254,75.94599914550781,1.1465,False
6303,OPRK,chai,cognate,78.13010006303097,89.44986242576422,71.44544431898329,1.1596,False
6304,OPRX,boltz,apo,82.67472438296757,94.77509956359864,87.25299835205078,2.7395,False
6305,OPRX,boltz,apo,83.07229446204933,94.80800018310546,83.85299682617188,2.8059,False
6306,OPRX,boltz,apo,82.6940757442165,95.37309951782228,88.68900299072266,2.7885,False
6307,OPRX,boltz,apo,84.02746757301125,95.20474967956542,89.16500091552734,2.7618,False
6308,OPRX,boltz,apo,83.91445944502547,95.0538501739502,86.73500061035156,2.8612,False
6309,OPRX,boltz,apo,82.81121629251017,94.77115020751953,85.93599700927734,2.8069,False
6310,OPRX,boltz,apo,82.76560256545608,95.08899993896485,87.13400268554688,2.759,False
6311,OPRX,boltz,apo,81.76856756468077,94.28390083312988,86.552001953125,2.8099,False
6312,OPRX,boltz,apo,84.85285956924027,95.64060096740722,87.58100128173828,2.8203,False
6313,OPRX,boltz,apo,84.64557300258328,95.38424949645996,88.09600067138672,2.8569,False
6314,OPRX,boltz,apo,84.57655687074403,95.02805137634276,87.38400268554688,2.9031,False
6315,OPRX,boltz,apo,83.74116750150114,95.04734992980956,85.49299621582031,2.9081,False
6316,OPRK,boltz,cognate,77.94530534242328,93.3960506439209,83.14600372314453,1.0113,False
6317,OPRK,boltz,cognate,78.1099974983617,92.41310081481932,79.2229995727539,1.0,False
6318,OPRK,boltz,cognate,77.09550000240928,92.5541000366211,77.00299835205078,1.0374,False
6319,OPRK,boltz,cognate,74.80409181996396,90.7711498260498,71.94300079345703,1.3668,False
6320,OPRX,boltz,apo,83.46531078235523,95.04765014648436,88.8010025024414,2.8501,False
6321,OPRX,boltz,apo,83.95652983381942,95.01170043945312,84.34100341796875,2.8218,False
6322,OPRX,boltz,apo,84.39817821399586,95.26084976196287,85.32599639892578,2.8733,False
6323,OPRX,boltz,apo,84.26901081188305,95.61150016784669,88.4540023803711,2.8612,False
6324,OPRX,boltz,apo,83.41155660474622,95.0224994659424,85.61499786376953,2.8358,False
6325,OPRX,boltz,apo,82.48637035472973,94.61210021972656,86.20500183105469,2.8199,False
6326,OPRX,boltz,apo,85.9326108984045,95.48884963989258,89.26399993896484,2.8753,False
6327,OPRX,boltz,apo,85.67773803504738,95.64645042419434,89.44000244140625,2.8452,False
6328,OPRX,boltz,apo,85.70592701886152,95.62934951782226,89.47799682617188,2.8567,False
6329,OPRX,boltz,apo,85.07194047876307,95.20029945373535,89.13300323486328,2.7751,False
6330,OPRX,boltz,apo,84.45046210417877,95.20450019836426,88.16400146484375,2.8401,False
6331,OPRX,chai,apo,78.71854043773916,87.55665184433154,66.44322246975369,2.9111,False
6332,OPRK,chai,cognate,78.2530178398223,89.53644808026104,72.40155537923177,1.0974,False
6333,OPRK,chai,cognate,78.60054988369797,89.89483687633387,73.83011033799913,1.0594,False
6334,OPRK,chai,cognate,78.6786486087617,89.86370232170623,74.25955581665039,1.0863,False
6335,OPRK,chai,cognate,78.76144595929844,90.13807401306188,74.95811038547092,1.0099,False
6336,OPRK,chai,cognate,77.9854425226504,89.27360351518463,71.63200081719293,1.3014,False
6337,OPRK,chai,cognate,78.34814027619468,89.64420114162165,71.96711052788629,1.0767,False
6338,OPRK,chai,cognate,78.41582661508309,89.89119099839941,73.42122311062283,1.071,False
6339,OPRK,chai,cognate,78.82752645298154,90.21367620132358,74.90188852945964,1.0505,False
6340,OPRX,chai,apo,78.67425800631298,87.75214181313783,67.12055587768555,2.6572,False
6341,OPRX,chai,apo,79.02782591661357,87.83397899495574,67.28422292073567,2.7766,False
6342,OPRX,chai,apo,78.65530795583747,87.58012558469181,66.28855599297418,2.8498,False
6343,OPRX,chai,apo,78.52427290173097,87.56465014099902,66.2784440782335,2.911,False
6344,OPRX,chai,apo,78.88128487925341,87.74304521566174,67.01844448513455,2.8343,False
6345,OPRX,chai,apo,78.83129810749148,87.66310442020367,66.48233413696289,2.8481,False
6346,OPRX,chai,apo,78.84644319284995,87.74242950616977,66.53766632080078,2.7229,False
6347,OPRX,chai,apo,78.16751270439131,87.15681020908025,62.90144475301107,3.196,False
6348,OPRX,chai,apo,78.84911076737428,87.61693955060896,66.5033336215549,2.8191,False
6349,OPRX,chai,apo,79.01401432367295,87.63386248387643,66.42255443996854,2.7884,False
6350,OPRX,chai,apo,78.92745464760485,87.62807440993075,66.42544428507487,2.8656,False
6351,OPRX,chai,apo,78.67724589626658,87.56040896700573,66.42955525716145,2.9752,False
6352,OPRX,chai,apo,78.9406313967395,87.84562053160234,66.81488800048828,2.7755,False
6353,OPRX,chai,apo,78.84993980109982,87.73185050291417,66.42644373575847,2.7635,False
6354,OPRX,chai,apo,78.97739898696928,87.86877503267098,66.95355606079102,2.697,False
6355,OPRX,chai,apo,78.69432755749858,87.66172687240838,66.38322109646268,2.8365,False
6356,OPRX,chai,apo,78.82085265914371,87.72338306941683,66.80477735731337,2.7769,False
6357,OPRX,chai,apo,79.07086275771843,87.72772074769586,66.68833287556966,2.8907,False
6358,OPRX,chai,apo,79.05386074336168,87.82830846633746,67.46111170450847,2.7757,False
6359,OPRX,chai,apo,79.09601532645429,87.844200850345,66.94188774956598,2.8757,False
6360,OPRX,chai,apo,78.868860338751,87.68549545875705,66.24222225613065,3.0462,False
6361,OPRX,chai,apo,78.58295862680738,87.5837832332655,65.69822141859267,2.998,False
6362,OPRX,chai,apo,78.98383796791721,87.75320745908508,66.48088921440973,2.877,False
6363,OPRX,chai,apo,79.14239407977487,87.84499912304624,66.90622244940863,2.7973,False
6364,OPRX,protenix,apo,78.73572055026925,86.48599989586923,71.73818172108044,2.7237,False
6365,OPRX,protenix,apo,78.75679843191712,86.57032571553152,71.77636406638406,2.7305,False
6366,OPRX,protenix,apo,78.82951123726255,86.55832466464022,71.83090903542258,2.7173,False
6367,OPRX,protenix,apo,78.78863115390969,86.55124291680076,71.82272789695047,2.742,False
6368,OPRX,protenix,apo,78.77028032422061,86.57354346871203,71.7663643576882,2.697,False
6369,OPRX,protenix,apo,78.43274808804557,86.29487392483335,71.79555638631184,2.7245,False
6370,OPRX,protenix,apo,78.7559487948063,86.40770962774323,71.9044435289171,2.7483,False
6371,OPRX,protenix,apo,78.78341546402285,86.41505454260205,72.07555601331923,2.7666,False
6372,OPRX,protenix,apo,78.75747627333841,86.39108925987287,71.97636448253284,2.7328,False
6373,OPRX,protenix,apo,78.67852272985432,86.40636899866928,71.83333248562283,2.6988,False
6374,OPRX,protenix,apo,78.09001212006487,86.18423148394663,71.04222106933594,2.7454,False
6375,OPRX,protenix,apo,78.29849470132301,86.60709490782942,70.65545411543413,2.7539,False
6376,OPRX,protenix,apo,78.28642195962846,86.61435092297123,70.67636385830966,2.765,False
6377,OPRX,protenix,apo,78.21583742828462,86.58666772871305,70.69363715431906,2.739,False
6378,OPRX,protenix,apo,78.21687591191773,86.61140435221563,70.68818179043856,2.7493,False
6379,OPRX,protenix,apo,78.0987228702185,86.22241553912087,71.13222206963434,2.733,False
6380,OPRX,protenix,apo,78.1068296655352,86.16832787831625,70.86888885498047,2.7547,False
6381,OPRX,protenix,apo,78.0844174832198,86.19892949214402,71.05222278171115,2.7116,False
6382,OPRX,protenix,apo,78.23317923526812,86.14890667056625,70.95666631062825,2.7151,False
6383,OPRX,protenix,apo,78.44474636414257,86.59812165298847,70.58363585038619,2.7475,False
6384,OPRX,protenix,apo,78.20005105636695,86.36279047346734,70.53181838989258,2.7585,False
6385,OPRX,protenix,apo,78.23059827495229,86.3726222402124,70.56636290116744,2.7182,False
6386,OPRX,protenix,apo,78.20299183804607,86.3628616367687,70.51545507257634,2.729,False
6387,OPRK,protenix,cognate,71.78673303387582,85.73788670930682,70.80666648017035,1.0003,False
6388,OPRK,protenix,cognate,71.78399439928408,85.76131981899212,71.06444464789496,1.0014,False
6389,OPRX,boltz,apo,86.00154865367992,95.73770027160644,88.7239990234375,2.8752,False
6390,OPRX,boltz,apo,85.41675398543074,95.48304977416991,88.6050033569336,2.7737,False
6391,OPRX,protenix,apo,78.2471079807602,86.3532311913324,70.55363603071733,2.73,False
6392,OPRK,boltz,cognate,75.9997630671451,91.84029960632324,76.2959976196289,0.9629,False
6393,OPRK,boltz,cognate,79.72737090462132,93.95990028381348,85.86399841308594,1.0235,False
6394,OPRK,boltz,cognate,79.97908430601422,93.82344970703124,84.3270034790039,1.0528,False
6395,OPRK,boltz,cognate,77.30834721013119,92.49764938354492,79.65699768066406,1.029,False
6396,OPRK,boltz,cognate,76.31184480064793,92.30794982910156,79.39800262451172,1.0603,False
6397,OPRK,boltz,cognate,75.58089998144852,91.0421989440918,74.4990005493164,1.1242,False
6398,OPRK,boltz,cognate,79.66779717897114,94.10104942321776,85.0530014038086,1.0222,False
6399,OPRK,boltz,cognate,80.06235799287495,93.43264923095704,83.61100006103516,1.0248,False
6400,OPRK,chai,cognate,78.24229649465792,89.77122286536476,74.02355533175998,1.0809,False
6401,OPRK,chai,cognate,78.63386483915504,90.10841185898664,74.72044542100694,1.0465,False
6402,OPRK,chai,cognate,78.3082228895205,89.91787177026701,74.12022272745769,0.9247,False
6403,OPRK,chai,cognate,78.34171553381232,89.73106381563571,73.26511171129015,1.0479,False
6404,OPRK,chai,cognate,78.60601205377071,90.00716114663459,74.16877788967557,1.0854,False
6405,OPRK,chai,cognate,78.60874578009002,90.02162529308214,74.13111072116428,1.0099,False
6406,OPRK,chai,cognate,77.9789658495273,89.11606954189263,71.1357773674859,1.2639,False
6407,OPRK,chai,cognate,78.7309114642182,90.13958595384597,74.73155551486545,1.0023,False
6408,OPRK,chai,cognate,78.26660324428586,89.6575050191205,72.56244447496202,1.148,False
6409,OPRK,chai,cognate,78.56238628027768,90.02811729680236,74.56422297159831,1.0507,False
6410,OPRK,chai,cognate,78.18008352308273,89.58570171791065,73.45422236124675,1.182,False
6411,OPRK,chai,cognate,77.99724202155922,89.16343244530593,70.97111087375217,1.1994,False
6412,OPRK,chai,cognate,78.61348608756578,90.02605478076192,74.97644424438477,0.9395,False
6413,OPRK,chai,cognate,78.47129903672379,89.86377068553996,73.92733383178711,0.9674,False
6414,OPRK,chai,cognate,78.40308819241447,89.8225421334001,74.04833433363173,1.0668,False
6415,OPRK,chai,cognate,78.49074916209176,89.66036590178463,73.49377780490451,0.9555,False
6416,OPRX,protenix,apo,78.08347477061436,86.34474944590835,70.59999951449308,2.709,False
6417,OPRX,boltz,cognate,83.73741606635016,95.52729949951171,89.76899719238281,0.8594,False
6418,OPRX,boltz,cognate,83.31381354460845,95.50605125427246,88.72899627685547,0.8028,False
6419,OPRK,protenix,cognate,70.70431494584159,84.89764978240922,69.73444408840604,1.0008,False
6420,OPRK,protenix,cognate,71.26294265268241,84.8272393394927,70.6133321126302,1.0812,False
6421,OPRK,protenix,cognate,70.40550009688475,84.5958247409204,70.0966673956977,0.989,False
6422,OPRK,protenix,cognate,70.4725156624393,84.58152864947463,70.09111022949219,1.004,False
6423,OPRK,protenix,cognate,70.45823848268587,84.60444608420005,70.12555567423503,1.0104,False
6424,OPRK,protenix,cognate,70.98868899750222,84.5730528120561,70.3855561150445,1.0634,False
6425,OPRK,protenix,cognate,71.10166981045076,84.52295011316716,70.32888751559787,1.0116,False
6426,OPRK,protenix,cognate,70.89919834596128,84.79197485724225,69.57222196790907,1.0418,False
6427,OPRK,protenix,cognate,70.96585952378898,84.79480461478406,69.46666675143771,0.9926,False
6428,OPRK,protenix,cognate,70.59945458467561,84.83469058740019,70.43222173055013,1.0191,False
6429,OPRK,protenix,cognate,70.64189829933152,84.79148323815966,70.37222205268012,0.99,False
6430,OPRK,protenix,cognate,71.27431537102646,84.81877136731389,70.6933330959744,1.0268,False
6431,OPRK,protenix,cognate,70.89796227685481,84.85483047360121,70.61333380805121,1.0433,False
6432,OPRK,protenix,cognate,71.00451547611291,84.91441648342908,69.80555470784505,1.0194,False
6433,OPRK,protenix,cognate,71.05270388350995,84.86799068251386,69.57444466484918,0.9817,False
6434,OPRK,protenix,cognate,70.86240093666754,84.90621757697234,69.72000037299262,1.0258,False
6435,OPRK,protenix,cognate,70.9828219040903,84.90259116977842,69.85666614108615,0.9862,False
6436,OPRK,protenix,cognate,71.6818316572953,85.76121023590947,70.87222247653537,0.9878,False
6437,OPRK,protenix,cognate,71.61263194717633,85.8111140411344,71.00000042385525,1.0295,False
6438,OPRX,boltz,cognate,83.54863793656632,95.45069999694825,87.52799987792969,0.9609,False
6439,OPRX,boltz,cognate,84.02479455277727,95.55064964294434,88.23100280761719,0.8969,False
6440,OPRK,protenix,cognate,70.67039758987939,84.79043218236981,69.51333363850911,1.0014,False
6441,OPRK,protenix,cognate,70.96896757008139,84.78890545423928,69.56888877020941,1.0086,False
6442,OPRK,protenix,cognate,71.81463368588504,84.78180566227626,70.092222849528,1.0186,False
6443,OPRK,protenix,cognate,71.4543890472073,85.77501713399076,70.8511119418674,1.0084,False
6444,OPRX,boltz,cognate,83.25923505216032,95.49070014953614,89.0459976196289,0.8777,False
6445,OPRX,boltz,cognate,82.9562647896844,95.3701000213623,88.84700012207031,0.8398,False
6446,OPRX,boltz,cognate,84.40154600401182,95.7588996887207,90.10199737548828,0.8183,False
6447,OPRX,boltz,cognate,83.74375115471918,95.71380004882812,90.20800018310548,0.8265,False
6448,OPRX,boltz,cognate,81.96723522495579,95.28774986267088,87.28299713134766,0.8174,False
6449,OPRX,boltz,cognate,79.47840261201601,94.40209999084472,84.71099853515625,0.9004,False
6450,OPRX,boltz,cognate,82.66956482964594,95.41105003356934,87.54900360107422,0.8902,False
6451,OPRX,boltz,cognate,82.26922701242808,94.83905067443848,85.12799835205078,0.9412,False
6452,OPRX,boltz,cognate,82.5513865805961,95.2759006500244,86.71700286865234,0.8628,False
6453,OPRX,boltz,cognate,82.19545148901037,95.070650100708,88.68000030517578,0.9526,False
6454,OPRX,boltz,cognate,82.2198593603598,95.16870040893556,87.43900299072266,0.9124,False
6455,OPRX,boltz,cognate,82.9539377779574,95.37714920043943,88.86000061035156,0.9138,False
6456,OPRX,chai,cognate,78.64035199361315,88.46777446708295,69.18722237481012,1.0042,False
6457,OPRX,chai,cognate,78.70824741594068,88.39800907637306,68.8857773674859,0.9702,False
6458,OPRX,chai,cognate,78.63230683712992,88.20934513576447,68.82133271959093,1.0925,False
6459,OPRX,chai,cognate,78.68396096421137,88.2169660828055,69.016665564643,1.0016,False
6460,OPRX,boltz,cognate,81.51231885858485,94.58185043334962,87.06700134277344,0.9312,False
6461,OPRX,boltz,cognate,84.18184872189083,95.79254951477051,89.37000274658203,0.8723,False
6462,OPRX,boltz,cognate,82.24854591988229,95.38489952087404,88.1510009765625,0.847,False
6463,OPRX,boltz,cognate,83.38004595782306,95.29824981689453,88.66300201416016,0.9061,False
6464,OPSD,boltz,apo,81.47398864263776,81.67439918518066,60.77799987792969,0.4245,False
6465,OPSD,boltz,apo,81.02195963366279,80.98759956359864,60.70899963378906,0.4028,False
6466,OPSD,boltz,apo,82.71025277280259,84.85675048828125,50.68399810791016,1.9142,False
6467,OPSD,boltz,apo,82.62294248602856,84.44365043640137,51.762001037597656,2.0463,False
6468,OPRX,boltz,cognate,84.3014134896768,95.50029983520508,89.14700317382812,0.885,False
6469,OPRX,boltz,cognate,83.48364053674646,95.17909965515136,87.47599792480469,0.8483,False
6470,OPRX,boltz,cognate,83.47617568969727,95.50660057067871,88.84700012207031,0.9357,False
6471,OPRX,boltz,cognate,81.12972452318346,94.74259986877442,86.91699981689453,0.8551,False
6472,OPSD,boltz,apo,81.71174126109858,81.35055007934571,60.46699905395508,0.4017,False
6473,OPSD,boltz,apo,81.58079301899878,81.5948003768921,60.9630012512207,0.5619,False
6474,OPSD,boltz,apo,81.29073850039778,81.46999988555908,61.06600189208984,0.4016,False
6475,OPSD,boltz,apo,82.96309474418904,84.94709949493408,57.74100112915039,1.8649,False
6476,OPRX,chai,cognate,78.49701088093795,88.30618249309698,69.50122155083551,0.9204,False
6477,OPRX,chai,cognate,78.74650354046507,88.28135834824644,68.80055575900607,1.0461,False
6478,OPSD,boltz,apo,83.01784770790188,84.6286994934082,64.27799987792969,1.3542,False
6479,OPSD,boltz,apo,81.46029039361011,81.62000064849853,61.51399993896485,0.3864,False
6480,OPSD,boltz,apo,83.57826159466272,85.69699993133545,53.5099983215332,1.9251,False
6481,OPSD,boltz,apo,82.57351419295388,84.40584907531738,53.387001037597656,1.9088,False
6482,OPSD,boltz,apo,82.4449051933727,84.07620086669922,65.28600311279297,1.0729,False
6483,OPSD,boltz,apo,81.77019252996335,82.05260028839112,61.895999908447266,0.488,False
6484,OPSD,boltz,apo,81.61043688894688,82.35370101928712,64.28199768066406,0.9248,False
6485,OPSD,chai,apo,85.27423161314364,85.09308269598439,66.97249984741211,0.6722,False
6486,OPSD,chai,apo,83.35896361818541,80.29722668553501,65.84291585286458,1.6128,False
6487,OPSD,chai,apo,85.29117906351547,85.08681097018254,67.05025005340576,0.717,False
6488,OPSD,chai,apo,85.33329085470861,85.212105513486,66.98375034332275,0.7039,False
6489,OPSD,chai,apo,85.27261583935226,85.09642010540846,67.01475095748901,0.6946,False
6490,OPSD,chai,apo,85.31833573301532,85.26692348802932,67.15824937820435,0.6292,False
6491,OPSD,chai,apo,85.35958504502032,85.3361810497529,67.30600118637085,0.6481,False
6492,OPRX,chai,cognate,78.53834120134654,88.43422742133534,70.07177734375,0.8806,False
6493,OPRX,chai,cognate,78.60307133289801,88.27282411615226,68.81811226738824,1.2069,False
6494,OPRX,chai,cognate,78.70323897047844,88.60785764396964,70.13311131795247,0.7724,False
6495,OPRX,chai,cognate,78.56687157631329,88.36859763346366,69.22600004408095,1.0158,False
6496,OPSD,chai,apo,85.4360402172697,85.49095383207177,67.35249948501587,0.6456,False
6497,OPSD,chai,apo,85.44453505820917,85.4319317231653,67.22125005722046,0.6859,False
6498,OPSD,chai,apo,85.45627345495159,85.4647179604884,67.31724977493286,0.6466,False
6499,OPSD,chai,apo,85.4249036242568,85.43799770101324,66.63499975204468,0.5721,False
6500,OPSD,chai,apo,85.42969503792501,85.39127915761517,66.59212446212769,0.6658,False
6501,OPSD,chai,apo,85.27478813867981,85.19258866205533,66.64662551879883,0.5798,False
6502,OPSD,chai,apo,85.39125360177059,85.22373581875283,66.61275005340576,0.651,False
6503,OPSD,chai,apo,85.35282961668285,85.23208140171623,66.63862562179565,0.6522,False
6504,OPRX,boltz,cognate,81.8509052689011,95.1460506439209,87.50199890136719,0.8856,False
6505,OPRX,chai,cognate,78.52047860639962,88.11081787771306,68.45533413357205,1.2413,False
6506,OPRX,chai,cognate,78.75753486073133,88.55159712801074,69.7772233751085,0.8805,False
6507,OPRX,chai,cognate,78.73553981138751,88.24986343038375,68.78655539618597,1.0712,False
6508,OPSD,chai,apo,85.31587314731782,85.17837940555975,67.12899971008301,0.6844,False
6509,OPSD,chai,apo,85.47310875281374,85.30349096267254,67.05412530899048,0.7098,False
6510,OPSD,chai,apo,85.47158594831647,85.50251148113786,67.40587615966797,0.6367,False
6511,OPSD,chai,apo,85.42831147932792,85.27877392941566,67.33162641525269,0.6877,False
6512,OPSD,chai,apo,85.44365831973299,85.30851605855025,67.27362489700317,0.6957,False
6513,OPSD,chai,apo,85.34423975088694,85.30873476704822,67.18225145339966,0.6148,False
6514,OPSD,chai,apo,85.38258392016962,85.22405634835341,67.35762548446655,0.6691,False
6515,OPSD,chai,apo,85.2403008672345,85.01821744739236,67.04787492752075,0.6554,False
6516,OPSD,chai,apo,85.49928993521658,85.44991889782281,67.2126259803772,0.7003,False
6517,OPSD,chai,apo,85.41619410285948,85.34234482843638,67.08399963378906,0.6763,False
6518,OPSD,protenix,apo,82.15375485121032,83.70824609461972,64.12999894883897,1.9243,False
6519,OPSD,protenix,apo,82.23451923856736,83.67898067661523,63.95888900756836,1.9347,False
6520,OPSD,protenix,apo,82.39962150470843,83.64499025516868,64.01888953314887,1.9344,False
6521,OPSD,protenix,apo,82.50330489085425,83.65242510501096,63.94777806599935,1.9236,False
6522,OPSD,protenix,apo,82.47632563810626,83.65197307524744,63.95222176445855,1.9283,False
6523,OPSD,protenix,apo,82.31017931175134,83.83785623910967,64.48999998304579,1.9061,False
6524,OPSD,protenix,apo,82.46286571654528,84.0820315426528,64.3499993218316,1.7363,False
6525,OPSD,protenix,apo,83.21068029786083,84.7673590143212,62.87888971964518,1.9544,False
6526,OPSD,protenix,apo,83.2022559175121,84.73075970622196,62.81000094943576,1.9923,False
6527,OPSD,protenix,apo,83.22064769610769,84.72815166001368,62.78333282470703,1.9282,False
6528,OPSD,protenix,apo,82.28101947510253,83.83279791446648,64.35222244262695,1.9085,False
6529,OPSD,protenix,apo,82.3304840413165,83.82197846474585,64.47333441840277,1.8974,False
6530,OPSD,protenix,apo,82.52043277802848,83.79258688413393,64.4966663784451,1.9111,False
6531,OPSD,protenix,apo,82.60838591648117,83.77534878407377,64.33333333333333,1.9706,False
6532,OPSD,protenix,apo,83.31335442227456,84.7256343317376,62.87000020345052,1.9671,False
6533,OPSD,protenix,apo,82.54820126519289,84.12991081898346,64.31666649712457,1.9055,False
6534,OPSD,protenix,apo,82.55041664816467,84.08872874343895,64.36555565728082,1.8131,False
6535,OPSD,protenix,apo,82.74979837926693,84.09945761095739,64.28444459703233,1.9159,False
6536,OPSD,protenix,apo,82.80290836501082,84.1135136043389,64.23333401150174,1.9332,False
6537,OPSD,protenix,apo,83.44611275747367,84.63811931299097,62.35999976264106,2.0184,False
6538,OPSD,protenix,apo,82.32495328422384,84.00860030693065,63.58222198486328,1.902,False
6539,OPSD,protenix,apo,82.54395113632708,83.94617736937508,63.636666191948784,1.8976,False
6540,OPSD,boltz,apo,81.57912655534416,81.58040046691895,61.43299865722656,0.3712,False
6541,OPSD,boltz,apo,83.78348261734536,86.12774963378907,55.15299987792969,1.9343,False
6542,OPRX,chai,cognate,78.62550802468036,88.39918026604866,69.50911034478082,0.8643,False
6543,OPRX,chai,cognate,78.55814622428971,88.39178014427725,69.7782219780816,0.867,False
6544,OPRX,chai,cognate,78.62735321210359,88.08784092878366,68.99166488647461,1.11,False
6545,OPRX,chai,cognate,78.63737038233515,88.26757022768217,68.64500088161893,1.2191,False
6546,OPSD,boltz,apo,83.39908321424463,85.74334926605225,56.9119987487793,1.9282,False
6547,OPSD,boltz,apo,81.43083914395037,81.37575016021728,60.99700164794922,0.3874,False
6548,OPRX,chai,cognate,78.51116643106633,88.1707929074644,68.98900010850694,1.0505,False
6549,OPRX,chai,cognate,78.67334022440575,88.41115102895928,69.25455729166667,1.0478,False
6550,OPSD,boltz,apo,82.58674431943345,84.23999996185303,53.0099983215332,1.7674,False
6551,OPSD,boltz,apo,81.36658046985495,81.4944507598877,60.92300033569336,0.5405,False
6552,OPSD,boltz,apo,82.97269252250935,85.01590023040771,54.21699905395508,1.8541,False
6553,OPSD,boltz,apo,82.10867513459304,82.49320030212402,60.472999572753906,0.7125,False
6554,OPRX,chai,cognate,78.59506039735525,88.44710450147655,69.8665542602539,1.0704,False
6555,OPRX,chai,cognate,78.6551362410546,88.51009411466416,70.42233318752713,0.8604,False
6556,OPRX,chai,cognate,78.76928016140347,88.35085548508218,69.06455612182617,1.05,False
6557,OPRX,chai,cognate,78.69943535134655,88.38012332883231,68.95322291056316,0.9864,False
6558,OPRX,chai,cognate,78.49595381005925,88.36248466637572,69.62133322821722,0.9393,False
6559,OPRX,chai,cognate,78.61181114967907,88.5222395650305,69.90288882785373,0.8886,False
6560,OPSD,protenix,apo,82.64535153450264,83.95141674143585,63.64444478352865,1.8705,False
6561,OPRX,protenix,cognate,73.72857560501089,84.2440123694834,71.41777716742621,0.902,False
6562,OPRX,protenix,cognate,73.8219756583787,84.21634716727517,71.26666768391927,0.9322,False
6563,OPSD,boltz,apo,83.69441377705542,85.86879978179931,55.24399948120117,1.9926,False
6564,OPSD,protenix,apo,82.60529546070829,83.95193813077643,63.52333407931857,1.9956,False
6565,OPSD,protenix,apo,82.74404499376806,83.97777467526744,63.66888893975152,1.9702,False
6566,OPSD,boltz,cognate,86.75097420571865,93.38269996643066,76.84400177001953,0.3222,False
6567,OPSD,boltz,cognate,86.56814370210144,93.2582000732422,76.55699920654297,0.275,False
6568,OPSD,boltz,apo,82.98854317062202,85.37909984588623,58.17399978637695,1.8547,False
6569,OPRX,protenix,cognate,73.54746496594326,84.76225246642748,71.08111148410373,0.983,False
6570,OPRX,protenix,cognate,73.32984932643939,84.69178559725763,70.7999996609158,0.9102,False
6571,OPRX,protenix,cognate,74.33825528395575,84.7211404410138,70.82333331637912,0.9874,False
6572,OPRX,protenix,cognate,74.31225870367732,84.73155971979166,70.96444447835286,0.8913,False
6573,OPRX,protenix,cognate,74.21393903596673,84.70687145094851,70.6011110941569,0.914,False
6574,OPRX,protenix,cognate,72.43730360176107,84.34854250950556,71.79777823554144,0.9427,False
6575,OPRX,protenix,cognate,73.60161018992878,84.29582284811083,71.41111161973741,0.8711,False
6576,OPRX,protenix,cognate,73.74188612226364,84.2941878151997,71.0,0.9662,False
6577,OPRX,protenix,cognate,73.49276072777273,84.33512652167339,71.42110994127061,0.9039,False
6578,OPRX,protenix,cognate,73.73430827411818,84.34087867716175,71.47222137451172,0.911,False
6579,OPRX,protenix,cognate,73.69966408392321,85.03484705093793,71.13889016045465,0.9075,False
6580,OPRX,protenix,cognate,73.30645165965615,84.72664154961684,71.16888893975153,1.0047,False
6581,OPRX,protenix,cognate,74.19975885129543,84.68496526211027,70.90222252739801,0.9334,False
6582,OPRX,protenix,cognate,74.27437658287137,84.6776043151261,70.96333312988281,0.8957,False
6583,OPRX,protenix,cognate,74.25869176811959,84.71664121125511,71.17777803209093,0.8895,False
6584,OPRX,protenix,cognate,74.2672828116446,84.73902624499058,71.26000001695421,0.9603,False
6585,OPRX,protenix,cognate,73.71885844851167,84.24765978705145,71.43555492824979,0.8901,False
6586,OPRX,protenix,cognate,73.72982020861272,84.23628056948664,71.39666663275824,0.9986,False
6587,OPRX,protenix,cognate,73.69628959131894,84.22628305162014,71.32555558946397,0.9603,False
6588,OPRX,protenix,cognate,73.59433241631302,85.04456323775034,70.98111046685113,0.977,False
6589,OPRX,protenix,cognate,74.27978817975854,85.07845267542857,71.1000001695421,0.929,False
6590,OPRX,protenix,cognate,74.3362864554246,85.054862724073,71.11111068725586,0.9559,False
6591,OPRX,protenix,cognate,74.2594432722431,85.04469068803829,70.94222259521484,0.9254,False
6592,OPSD,boltz,cognate,86.31499716879307,93.13315086364746,76.20500183105469,0.2995,False
6593,OPSD,boltz,cognate,86.15488237622141,93.19304962158203,76.48400115966797,0.2874,False
6594,OPSD,boltz,cognate,86.24725291372715,93.11395034790038,74.62100219726562,0.4564,False
6595,OPSD,boltz,cognate,86.08010059663619,93.25425071716307,76.33200073242188,0.3285,False
6596,OPSD,boltz,cognate,86.61480175763711,93.41315040588378,76.10700225830078,0.4688,False
6597,OPSD,boltz,cognate,86.274054658824,93.24594993591307,76.01599884033203,0.3411,False
6598,OPSD,boltz,cognate,85.90567537285816,92.92060012817385,75.16200256347656,0.3213,False
6599,OPSD,boltz,cognate,86.22264110082868,93.16545104980467,75.50800323486328,0.3672,False
6600,OPSD,boltz,cognate,86.28853736526665,93.20614967346192,76.73600006103516,0.3345,False
6601,OPSD,boltz,cognate,85.94221543717659,92.8447998046875,75.9990005493164,0.3391,False
6602,OPSD,boltz,cognate,86.1410259597603,93.09405059814452,76.60800170898438,0.3015,False
6603,OPSD,boltz,cognate,86.18766961152527,93.0716999053955,76.8270034790039,0.3192,False
6604,OX2R,boltz,apo,75.28911026104076,93.69514961242676,80.26100158691406,,True
6605,OX2R,boltz,apo,74.4599076348382,93.16780052185058,78.24400329589844,,True
6606,OX2R,boltz,apo,73.30648195421374,93.06790046691894,79.20600128173828,,True
6607,OX2R,boltz,apo,75.9566599270245,94.36144981384275,83.19499969482422,,True
6608,OX2R,boltz,apo,75.61657881521964,93.84374961853028,81.33799743652344,,True
6609,OX2R,boltz,apo,75.19203145654352,93.62999954223632,79.80500030517578,,True
6610,OX2R,boltz,apo,74.17983776814229,93.20054969787596,78.39700317382812,,True
6611,OX2R,boltz,apo,74.08185793043256,93.58319969177246,79.41000366210938,,True
6612,OX2R,boltz,apo,77.81633573824222,94.7865505218506,84.80000305175781,,True
6613,OX2R,boltz,apo,77.5532747818543,94.5413501739502,83.01000213623047,,True
6614,OX2R,boltz,apo,76.24049322454779,94.44159965515136,82.26499938964844,,True
6615,OX2R,boltz,apo,75.55673655518541,93.74409980773926,79.99299621582031,,True
6616,OPSD,boltz,cognate,85.47935342240608,92.6876495361328,75.69999694824219,0.3139,False
6617,OPSD,boltz,cognate,85.80378747260434,92.93984985351562,76.33300018310547,0.4095,False
6618,OPSD,boltz,cognate,86.5410659505033,93.59620018005371,76.76200103759766,0.4184,False
6619,OPSD,boltz,cognate,86.32811787484707,93.1555507659912,76.05500030517578,0.3237,False
6620,OX2R,boltz,apo,74.61037155529401,93.88445053100584,82.36900329589844,,True
6621,OX2R,boltz,apo,77.6576104378915,94.52815055847168,83.99600219726562,,True
6622,OX2R,boltz,apo,75.92909465824161,93.84310035705566,79.2969970703125,,True
6623,OX2R,boltz,apo,74.95690768473857,93.55639953613282,80.43099975585938,,True
6624,OX2R,boltz,apo,74.0595223194844,93.94899978637696,80.80400085449219,,True
6625,OX2R,boltz,apo,74.34874774314262,93.72619972229003,80.65899658203125,,True
6626,OX2R,boltz,apo,76.99208332611634,94.12160110473631,81.53700256347656,,True
6627,OX2R,boltz,apo,76.76843910389118,94.47494964599608,81.75,,True
6628,OX2R,boltz,apo,76.41241226539955,94.13070068359374,81.46299743652344,,True
6629,OX2R,boltz,apo,75.5295202409899,93.74925003051756,79.93399810791016,,True
6630,OX2R,boltz,apo,74.81429506422162,93.7955997467041,81.06099700927734,,True
6631,OX2R,chai,apo,75.84208095216863,92.9940271925823,82.26999941739169,,True
6632,OX2R,chai,apo,75.88931594700675,93.0151211127299,82.28254560990767,,True
6633,OX2R,chai,apo,75.98363919486903,93.25469982952264,83.6726372458718,,True
6634,OX2R,chai,apo,75.90960668907732,93.08915580541714,82.63136291503906,,True
6635,OX2R,chai,apo,75.959597587788,93.24212682765284,83.7714545510032,,True
6636,OX2R,chai,apo,76.03734091743098,93.17708848770218,82.90354572642933,,True
6637,OX2R,chai,apo,75.90397042977666,92.98816810559744,82.88118189031428,,True
6638,OX2R,chai,apo,76.02231072654385,93.1657767749968,82.77709059281783,,True
6639,OX2R,chai,apo,75.99717358385669,92.99689986133988,82.44272752241655,,True
6640,OX2R,chai,apo,76.0461349496837,93.30622305824645,84.23945409601384,,True
6641,OX2R,chai,apo,76.01912242120002,93.15696114523584,83.17472700639205,,True
6642,OX2R,chai,apo,75.91687384820224,93.06978954666104,82.77563615278764,,True
6643,OX2R,chai,apo,75.97699770701387,93.22803287411148,83.46245505593039,,True
6644,OPSD,boltz,cognate,85.64153449836819,92.6585506439209,75.52799987792969,0.3742,False
6645,OPSD,boltz,cognate,86.49676136586858,93.30254936218262,74.8489990234375,0.3165,False
6646,OPSD,boltz,cognate,86.15825295722348,93.06720008850098,76.43800354003906,0.5301,False
6647,OPSD,boltz,cognate,85.80102015089714,92.93050003051758,76.08599853515625,0.2918,False
6648,OX2R,chai,apo,76.02672560620839,93.1453681978966,82.64036351984197,,True
6649,OX2R,chai,apo,75.99316333477923,93.28088897703702,84.0961816961115,,True
6650,OX2R,chai,apo,75.97894518724813,93.14617316177224,83.26036349209872,,True
6651,OX2R,chai,apo,75.97365017521004,93.19079070705013,83.54318167946555,,True
6652,OPSD,chai,cognate,83.5866834957299,87.11790254953448,65.48099946975708,0.5319,False
6653,OPSD,chai,cognate,83.65263038382271,87.07875133176559,65.340500831604,0.5575,False
6654,OPSD,chai,cognate,83.51054760569318,86.91044448315151,65.47262477874756,0.6402,False
6655,OPSD,chai,cognate,83.63958738468668,87.00746416947885,65.13087463378906,0.5758,False
6656,OX2R,chai,apo,75.76908704915579,92.83779019888344,81.61363705721769,,True
6657,OX2R,chai,apo,75.89769415601936,93.02753197147044,82.37600014426492,,True
6658,OX2R,chai,apo,75.86631573707135,92.91611493800109,81.8399991122159,,True
6659,OX2R,chai,apo,75.89108687709361,92.92515175000584,82.07809032093395,,True
6660,OX2R,chai,apo,75.92334776850998,93.02687866637544,84.7405444058505,,True
6661,OX2R,chai,apo,75.9243820380892,93.07561461246377,82.42200053821911,,True
6662,OX2R,chai,apo,75.82336688988474,92.87248093527975,81.77936345880681,,True
6663,OX2R,chai,apo,75.83751487126844,93.07323241704472,83.18908968838778,,True
6664,OX2R,protenix,apo,72.74285476642028,88.58182290498313,78.14545405994762,,True
6665,OX2R,protenix,apo,72.74008937319041,88.63022557489799,78.50454573197798,,True
6666,OX2R,protenix,apo,72.83647753619235,88.60723895877987,78.49272710626775,,True
6667,OX2R,protenix,apo,72.8089124996651,88.61624985853143,78.5654560435902,,True
6668,OPSD,chai,cognate,83.55140088298096,86.96994261732004,65.8786244392395,0.6745,False
6669,OPSD,chai,cognate,82.93765183786724,84.90466394605403,65.60824966430664,0.7951,False
6670,OPSD,chai,cognate,83.99813502648618,87.35293177149858,65.27200031280518,0.5791,False
6671,OPSD,chai,cognate,83.97355886566659,87.43297952763446,65.92025089263916,0.5973,False
6672,OX2R,protenix,apo,72.69195794874199,88.63803853330846,78.56909214366566,,True
6673,OX2R,protenix,apo,73.30930753289796,89.25781777708045,79.16909165815873,,True
6674,OX2R,protenix,apo,73.420408578761,89.29098510037598,79.34777747260199,,True
6675,OX2R,protenix,apo,73.58702388659188,89.26080634651073,79.25636360862039,,True
6676,OX2R,protenix,apo,73.56229991540444,88.90079994730102,78.57727293534712,,True
6677,OX2R,protenix,apo,73.36943308059014,88.89248708449745,78.54363666881214,,True
6678,OX2R,protenix,apo,73.35342604146801,88.90420940628987,78.58090938221325,,True
6679,OX2R,protenix,apo,72.9210113133238,88.85370012191123,78.3522220187717,,True
6680,OPSD,chai,cognate,83.71619486619556,87.15845436387936,65.70375061035156,0.6484,False
6681,OPSD,chai,cognate,83.91119439589798,87.1858430430521,65.857750415802,0.584,False
6682,OPSD,chai,cognate,83.82832541629473,87.18588627601255,65.67562580108643,0.6213,False
6683,OPSD,chai,cognate,83.80730173112393,87.19125507813683,65.84399938583374,0.5846,False
6684,OX2R,protenix,apo,73.26727294015443,89.29252750332049,79.32636330344461,,True
6685,OX2R,protenix,apo,73.4874788978224,89.26892061499117,79.32999975031072,,True
6686,OX2R,protenix,apo,73.00806156761128,88.88166214934674,78.58777872721355,,True
6687,OX2R,protenix,apo,73.39725562727985,88.93415358661744,78.6427265514027,,True
6688,OX2R,protenix,apo,73.17303064665538,88.9372804581861,78.76888783772786,,True
6689,OX2R,protenix,apo,73.31161899378576,88.93413866131165,78.83444383409288,,True
6690,OX2R,protenix,apo,73.1083040172949,88.9312931433178,78.76444498697917,,True
6691,OX2R,protenix,apo,73.36061092825905,88.92130927537255,78.80777655707465,,True
6692,OPSD,boltz,cognate,85.9076064318076,93.36535034179688,76.45899963378906,0.29,False
6693,OPSD,boltz,cognate,86.50084201768897,93.42834968566896,77.13500213623047,0.4485,False
6694,OPSD,boltz,cognate,85.17513533844345,92.71674995422364,75.13200378417969,0.3053,False
6695,OPSD,chai,cognate,83.62126821894267,87.10072770782708,65.46025085449219,0.6493,False
6696,OPSD,chai,cognate,83.69819721360702,87.13404079400789,65.35412454605103,0.6281,False
6697,OPSD,chai,cognate,83.42266280979867,86.91687676298326,65.97987508773804,0.5738,False
6698,OPSD,chai,cognate,83.52095762557128,86.97265332726344,65.58250093460083,0.6114,False
6699,OPSD,chai,cognate,83.54276454928733,86.94573048690697,66.05512523651123,0.6138,False
6700,OX2R,protenix,apo,71.4924429441043,88.43872150872521,77.84888882107205,,True
6701,OX2R,protenix,apo,72.07239589292745,88.41237984884353,77.93000030517578,,True
6702,OX2R,protenix,apo,71.87855617624811,88.46343302551975,77.89181795987216,,True
6703,OPSD,protenix,cognate,82.75642342469096,88.89050327488181,75.42749977111816,0.4068,False
6704,OPSD,protenix,cognate,82.53449205827437,88.89380292724566,75.49000072479248,0.4395,False
6705,OX2R,boltz,apo,76.23643005646026,94.03255004882811,81.74600219726562,,True
6706,OX2R,boltz,apo,76.02724990329227,94.12649993896484,83.802001953125,,True
6707,OPSD,protenix,cognate,82.66068648335605,88.87968629534284,77.01875019073486,0.4108,False
6708,OPSD,chai,cognate,83.95403626493514,87.39461400155898,65.58737468719482,0.6547,False
6709,OPSD,chai,cognate,83.84523292515112,87.39004417251542,65.68012571334839,0.4887,False
6710,OPSD,chai,cognate,83.98614328784939,87.32611505314385,65.58874940872192,0.5024,False
6711,OPSD,chai,cognate,83.71634898480734,87.1662275798393,65.79899978637695,0.6027,False
6712,OPSD,protenix,cognate,82.63247460847757,88.88914060470174,76.87624835968018,0.4656,False
6713,OPSD,protenix,cognate,82.59936930355427,88.8797696047531,76.93499946594238,0.4272,False
6714,OX2R,protenix,apo,72.71546778354599,88.42067720099445,77.82454612038352,,True
6715,OX2R,protenix,apo,72.7480993072429,88.42853807445212,77.86999997225675,,True
6716,OPSD,chai,cognate,83.68688355813215,87.1274874086022,65.72637367248535,0.5815,False
6717,OPSD,chai,cognate,83.58219802814915,87.13554974120417,66.0319995880127,0.6225,False
6718,OPSD,chai,cognate,83.69160022224995,87.15694205962562,66.19562482833862,0.6113,False
6719,OPSD,chai,cognate,83.72315544762334,87.14322435738205,65.98424911499023,0.5703,False
6720,OPSD,protenix,cognate,82.61377679336105,88.85815246927446,76.66749858856201,0.3933,False
6721,OPSD,protenix,cognate,81.89265521849875,88.43851973371245,76.0987491607666,0.4172,False
6722,OPSD,protenix,cognate,81.93166309228667,88.43204705808071,76.13875007629395,0.4697,False
6723,OPSD,protenix,cognate,81.91221690024484,88.39837667905579,76.07749938964844,0.4406,False
6724,OPSD,protenix,cognate,82.69918815267299,88.89831426920485,76.63374996185303,0.4821,False
6725,OPSD,protenix,cognate,82.64938199111893,88.89011106043839,76.59124946594238,0.4415,False
6726,OPSD,protenix,cognate,82.16863043587166,88.49480225707545,75.97875022888184,0.4935,False
6727,OPSD,protenix,cognate,82.57946057968451,88.91492800852951,75.60624980926514,0.5016,False
6728,OPSD,protenix,cognate,82.21215830782853,88.3818065555512,76.07749938964844,0.4732,False
6729,OPSD,protenix,cognate,82.1254354425497,88.3593761223632,76.01875019073486,0.4302,False
6730,OPSD,protenix,cognate,82.59668645224073,88.90956963049213,76.56624984741211,0.3864,False
6731,OPSD,protenix,cognate,82.63396811955674,88.89588116543977,76.95125007629395,0.3941,False
6732,OX2R,boltz,cognate,76.66835370794072,93.40624923706056,83.91300201416016,,True
6733,OX2R,boltz,cognate,76.17598870423463,92.8969997406006,81.96399688720703,,True
6734,OPSD,protenix,cognate,82.65697110752481,88.89499256085868,76.53000068664551,0.4433,False
6735,OPSD,protenix,cognate,82.67744320628674,88.8764719446053,76.37249946594238,0.432,False
6736,OPSD,protenix,cognate,82.55878768829376,88.92443764615025,75.57874965667725,0.4741,False
6737,OPSD,protenix,cognate,82.63376967894575,88.92700013367129,75.60375022888184,0.4487,False
6738,OPSD,protenix,cognate,81.96751734622588,88.50359152426452,75.96875095367432,0.4123,False
6739,OPSD,protenix,cognate,81.98778976930602,88.51278420488212,75.98500061035156,0.4026,False
6740,OPSD,protenix,cognate,82.19591211773155,88.49699771451745,75.9012508392334,0.405,False
6741,OPSD,protenix,cognate,82.19751683345046,88.50804760266864,75.98999977111816,0.4094,False
6742,OX2R,boltz,cognate,75.37534464586962,92.7636501312256,82.37200164794922,,True
6743,OX2R,boltz,cognate,74.67112600481188,92.4302993774414,84.19499969482422,,True
6744,OX2R,boltz,cognate,75.5970742681005,93.18695030212402,84.97799682617188,,True
6745,OX2R,boltz,cognate,75.3437163765366,92.82140045166015,84.52100372314453,,True
6746,OX2R,boltz,cognate,73.71002494537079,92.14730033874513,80.5510025024414,,True
6747,OX2R,boltz,cognate,74.87574762052243,92.700350189209,84.19200134277344,,True
6748,OX2R,boltz,cognate,75.08426124125988,92.83064994812013,84.64099884033203,,True
6749,OX2R,boltz,cognate,75.2225721763061,92.00125045776367,78.24199676513672,,True
6750,OX2R,boltz,cognate,74.42307425834038,92.83794937133788,83.52999877929688,,True
6751,OX2R,boltz,cognate,75.19988060427141,92.9510498046875,84.99099731445312,,True
6752,OX2R,boltz,cognate,74.34949544958167,92.82285079956054,83.84200286865234,,True
6753,OX2R,boltz,cognate,75.68252932488382,93.30450019836424,82.62100219726562,,True
6754,OX2R,boltz,cognate,75.05799993738398,92.9805995941162,84.76000213623047,,True
6755,OX2R,boltz,cognate,74.37826814307823,92.29190063476562,78.73600006103516,,True
6756,OX2R,boltz,cognate,74.86159444070077,93.2816993713379,84.78399658203125,,True
6757,OX2R,boltz,cognate,74.83851579288104,92.88215026855468,85.17500305175781,,True
6758,OX2R,boltz,cognate,75.1577951972549,92.5877498626709,80.76200103759766,,True
6759,OX2R,boltz,cognate,76.0465158599991,92.8974998474121,82.16600036621094,,True
6760,OX2R,boltz,cognate,76.59178618697433,93.63920059204102,85.49500274658203,,True
6761,OX2R,boltz,cognate,75.89050231108794,93.11054954528808,81.77999877929688,,True
6762,OX2R,boltz,cognate,75.75313737370946,93.26450042724608,83.00399780273438,,True
6763,OX2R,boltz,cognate,75.05856066781121,92.8199504852295,83.62999725341797,,True
6764,PTH1R,boltz,apo,59.05233736022126,72.26384253250926,49.5989990234375,2.9844,True
6765,PTH1R,boltz,apo,61.38971343530973,77.29936941046464,58.525001525878906,1.5338,True
6766,PTH1R,boltz,apo,60.937541266918984,75.44199933503803,55.51300048828125,1.7159,True
6767,PTH1R,boltz,apo,60.600537996469015,76.39489404778732,58.742000579833984,2.156,True
6768,PTH1R,boltz,apo,59.64037110069751,72.77300001445569,49.41999816894531,2.2801,True
6769,PTH1R,boltz,apo,59.22044690021174,73.02294761256168,51.87900161743164,1.2278,True
6770,PTH1R,boltz,apo,61.35023264378359,78.63242038927581,57.426998138427734,1.5975,True
6771,PTH1R,boltz,apo,60.481037049832274,77.06447320235402,58.2599983215332,1.7677,True
6772,PTH1R,boltz,apo,60.23197827009487,75.27478930824681,51.99399948120117,3.1109,True
6773,PTH1R,boltz,apo,59.24814341321562,75.95994788721988,56.19100189208984,2.0731,True
6774,PTH1R,boltz,apo,59.48256150063938,75.14710496601306,54.66299819946289,2.3858,True
6775,PTH1R,boltz,apo,61.0504131992591,75.79647445678711,54.98699951171875,1.4699,True
6776,OX2R,boltz,cognate,74.15573192287135,92.3563995361328,80.2300033569336,,True
6777,OX2R,chai,cognate,73.99183129877657,88.27776608998298,74.21092932564872,,True
6778,OX2R,chai,cognate,73.88028661206364,88.02185568831528,74.28149959019252,,True
6779,OX2R,chai,cognate,74.2472213166161,89.04661123306032,74.10042898995536,,True
6780,PTH1R,boltz,apo,60.65967279984216,76.4356844048751,56.86000061035156,2.0544,True
6781,PTH1R,boltz,apo,61.01420746042596,76.56905284680818,55.487998962402344,3.0084,True
6782,PTH1R,boltz,apo,59.6482345298008,73.68663185521176,53.834999084472656,2.9241,True
6783,PTH1R,boltz,apo,60.17626646919958,75.31884203459087,54.542999267578125,1.8483,True
6784,PTH1R,boltz,apo,61.424092767210475,77.09215726350483,57.81100082397461,1.4441,True
6785,PTH1R,boltz,apo,60.937290021179095,76.22589492797852,58.00899887084961,1.6717,True
6786,PTH1R,boltz,apo,60.844915753472314,75.89205270064504,55.79999923706055,1.8346,True
6787,PTH1R,boltz,apo,60.31684489193896,75.5330003437243,55.922000885009766,2.3342,True
6788,PTH1R,boltz,apo,59.37041154317872,73.47889408312346,54.85300064086914,1.7728,True
6789,PTH1R,chai,apo,70.39479116088874,83.08729541739018,62.54449987411499,1.1596,True
6790,PTH1R,chai,apo,70.45163980766425,82.89712308865704,62.59837484359741,0.9082,True
6791,PTH1R,chai,apo,70.7363458530013,83.34163456880812,62.91125059127808,0.91,True
6792,PTH1R,chai,apo,70.54837979347991,83.1477225626539,62.54200029373169,1.0658,True
6793,PTH1R,chai,apo,70.3393518441558,83.46562930770061,62.85462427139282,0.9646,True
6794,PTH1R,chai,apo,70.75234729072926,83.29637476162098,62.431875705718994,0.9255,True
6795,PTH1R,chai,apo,70.73027071707038,83.31055731800538,62.47187423706055,0.8874,True
6796,PTH1R,chai,apo,70.38110699920746,82.86736194883365,62.61287546157837,1.1222,True
6797,PTH1R,chai,apo,70.53457414553236,83.02774746585492,62.48025035858154,0.977,True
6798,PTH1R,chai,apo,70.59235991344735,83.04274641779965,62.785499572753906,0.8986,True
6799,PTH1R,chai,apo,70.45155000027798,83.01428223092273,62.141374588012695,1.0376,True
6800,PTH1R,chai,apo,70.69854752912026,83.20264677236915,62.29787492752075,0.9488,True
6801,PTH1R,chai,apo,70.46218501582244,82.93433976089744,62.59587574005127,1.0098,True
6802,PTH1R,chai,apo,70.61267046008786,83.07227608157136,62.39887571334839,0.971,True
6803,PTH1R,chai,apo,70.6955881252223,83.25227821171487,62.30674982070923,0.9767,True
6804,PTH1R,chai,apo,70.33002155183624,83.10259895830264,63.530250549316406,1.042,True
6805,PTH1R,chai,apo,70.31603778196552,82.96283332589023,63.10087537765503,1.1312,True
6806,PTH1R,chai,apo,70.66435278743657,84.28301338676874,64.38362455368042,1.1413,True
6807,PTH1R,chai,apo,70.41569599254576,83.11188765090012,62.7653751373291,0.8971,True
6808,OX2R,chai,cognate,74.09474010016994,87.9114563380072,75.30871473039899,,True
6809,OX2R,chai,cognate,74.1748137253361,88.04860028971497,75.08014297485352,,True
6810,OX2R,chai,cognate,74.10863715005321,87.84530895618477,73.60221481323242,,True
6811,OX2R,chai,cognate,74.12580001001935,88.29520731912201,73.57364218575614,,True
6812,PTH1R,chai,apo,70.90486789545903,84.38151727727671,63.530874729156494,0.9901,True
6813,PTH1R,chai,apo,70.54597019783192,82.99095847066157,62.64887475967407,0.8949,True
6814,PTH1R,protenix,apo,63.84501730767629,76.44844953826414,57.53400039672851,1.4788,True
6815,PTH1R,protenix,apo,63.83292845434176,76.45222765250477,58.00400009155273,1.5611,True
6816,PTH1R,chai,apo,70.1836357995321,82.88470013616224,62.81612586975098,1.0803,True
6817,PTH1R,chai,apo,70.88300041926534,83.4366561150147,62.86087512969971,1.064,True
6818,PTH1R,chai,apo,70.42895101590496,82.88110050389153,62.28137397766113,0.8061,True
6819,PTH1R,chai,apo,70.41611051155107,83.24186180173703,63.62674951553345,1.2036,True
6820,PTH1R,protenix,apo,63.67942207647007,76.36033733155269,57.092000579833986,1.6206,True
6821,PTH1R,protenix,apo,63.926997393980834,76.4529801704712,57.37799987792969,1.5025,True
6822,PTH1R,protenix,apo,64.17576800885838,76.43034765404757,57.54199981689453,1.5923,True
6823,PTH1R,protenix,apo,63.73170772687323,75.22530708688895,51.55,2.2804,True
6824,PTH1R,protenix,apo,63.89030370605042,75.28574867619372,51.8259994506836,2.5063,True
6825,PTH1R,protenix,apo,64.1324239322071,75.29412297475328,51.32600021362305,2.4425,True
6826,PTH1R,protenix,apo,64.18355008382343,75.65621844808324,54.59199981689453,2.2956,True
6827,PTH1R,protenix,apo,63.95855671696052,75.31677778736103,52.6640007019043,2.5019,True
6828,PTH1R,protenix,apo,63.03743508193105,73.25703011291341,52.02000045776367,2.3092,True
6829,PTH1R,protenix,apo,63.08632843144268,73.34150063228687,51.8239990234375,2.2922,True
6830,PTH1R,protenix,apo,63.1264669660082,73.37445347442564,51.34400100708008,2.0038,True
6831,PTH1R,protenix,apo,63.50100034949406,73.47729315364099,51.73399963378906,3.6977,True
6832,PTH1R,protenix,apo,63.533355441767405,73.8590897002705,53.6239990234375,2.2623,True
6833,PTH1R,protenix,apo,62.870138445167015,73.2062262839877,50.37600021362304,2.3831,True
6834,PTH1R,protenix,apo,63.12259394006028,73.35377344317757,49.668000030517575,1.658,True
6835,PTH1R,protenix,apo,63.21984185052278,73.63329926351213,50.28000106811523,1.6997,True
6836,PTH1R,protenix,apo,63.47381614681784,73.62809655324305,50.80199966430664,2.7216,True
6837,PTH1R,protenix,apo,63.535120136938,73.74822361220293,50.66600036621094,2.4119,True
6838,PTH1R,protenix,apo,62.378166767103295,73.36596432058835,50.529999542236325,1.6035,True
6839,PTH1R,protenix,apo,62.72137612855374,73.43222871597006,50.65400009155273,2.7192,True
6840,PTH1R,boltz,apo,60.569679395344366,76.03752598009612,55.551998138427734,2.2498,True
6841,PTH1R,protenix,apo,62.73478347524061,73.82634410374328,52.33600006103516,2.7779,True
6842,PTH1R,protenix,apo,63.04098053280005,73.3719782507627,50.48600006103515,2.1848,True
6843,PTH1R,boltz,cognate,63.35088365757445,84.12105158755654,62.029998779296875,0.8604,True
6844,OX2R,chai,cognate,74.27191316163504,88.3843606266831,74.78128487723214,,True
6845,OX2R,chai,cognate,73.98857639775657,87.99041671206598,75.83121435982841,,True
6846,PTH1R,boltz,apo,60.24050253277886,76.61942150718288,48.05500030517578,3.7115,True
6847,PTH1R,boltz,apo,59.85207575690284,74.25389540822883,50.19100189208984,2.1892,True
6848,OX2R,chai,cognate,74.06960457131741,88.08886984589813,72.35871505737305,,True
6849,OX2R,chai,cognate,74.02919210513652,87.86435541747451,73.84164265223912,,True
6850,OX2R,chai,cognate,74.1473992323272,87.92083411873162,74.18971470424107,,True
6851,OX2R,chai,cognate,74.51490634468132,88.12619048711713,74.50035694667271,,True
6852,OX2R,chai,cognate,74.40982762203278,88.37551718918276,74.81171417236328,,True
6853,OX2R,chai,cognate,74.29984466541828,87.93147256237432,74.41221400669643,,True
6854,OX2R,chai,cognate,74.43205432097737,88.66415495982591,73.57192884172711,,True
6855,OX2R,chai,cognate,74.34308866489454,87.93235130831621,72.44871466500419,,True
6856,PTH1R,protenix,apo,62.50754641615917,73.34883429844594,50.25199966430664,2.8505,True
6857,OX2R,protenix,cognate,67.3409409718238,83.67555608456269,64.48090917413884,,True
6858,OX2R,protenix,cognate,67.16696081823851,83.71461621834946,64.58000044389205,,True
6859,PTH1R,boltz,apo,60.98149074792459,76.67152585481342,56.625,2.414,True
6860,OX2R,chai,cognate,74.24326863445401,88.3576701210209,73.58342797415597,,True
6861,OX2R,chai,cognate,74.20450967718918,88.30893813965811,75.1981430053711,,True
6862,OX2R,chai,cognate,74.19149526674646,88.25608403233396,73.78542927333287,,True
6863,OX2R,chai,cognate,74.25763465720597,88.43149736471851,75.3018569946289,,True
6864,OX2R,chai,cognate,73.97021902406473,87.82403073495257,73.86985669817243,,True
6865,OX2R,chai,cognate,74.38294113788534,88.66989380447035,74.17214257376534,,True
6866,OX2R,chai,cognate,73.99626639907372,87.8340831296406,74.1609992980957,,True
6867,OX2R,chai,cognate,74.31268883322305,88.37307517920051,73.75185666765485,,True
6868,PTH1R,boltz,cognate,62.38272853484644,82.45568466186523,61.23099899291992,1.0038,True
6869,OX2R,protenix,cognate,67.42597188572336,84.3149389923668,64.57909081198953,,True
6870,OX2R,protenix,cognate,67.4573212813121,84.35178478513446,65.09181837602095,,True
6871,OX2R,protenix,cognate,67.40313467739566,84.34981087809862,64.78454520485617,,True
6872,OX2R,protenix,cognate,67.80035635864623,84.33636712459602,65.03909128362483,,True
6873,OX2R,protenix,cognate,67.37707975310782,84.38357885389617,64.98090917413884,,True
6874,OX2R,protenix,cognate,67.01415455718185,84.18708388323049,63.73363668268377,,True
6875,OX2R,protenix,cognate,67.20226199009281,84.13076318384421,63.686364607377485,,True
6876,PTH1R,boltz,cognate,61.365455296148134,82.24005227339894,61.77000045776367,1.0479,True
6877,PTH1R,boltz,cognate,62.37225630954787,83.0768938566509,59.08300018310547,1.858,True
6878,PTH1R,boltz,cognate,60.90391898195418,82.88384226748818,62.20100021362305,1.1307,True
6879,PTH1R,boltz,cognate,64.0709948386953,84.18663085134406,60.27199935913086,1.0968,True
6880,OX2R,protenix,cognate,68.0480667337951,84.6707779713145,64.8618181402033,,True
6881,OX2R,protenix,cognate,67.54151352979605,84.75784107143573,65.10999956997958,,True
6882,OX2R,protenix,cognate,67.59583354257808,84.7326784155379,65.11636352539062,,True
6883,OX2R,protenix,cognate,68.20385166836354,84.70117874878999,65.00818183205344,,True
6884,OX2R,protenix,cognate,67.3187883976562,84.31837036924102,64.05727317116477,,True
6885,OX2R,protenix,cognate,67.38222214157354,84.34845216788254,64.05000027743253,,True
6886,OX2R,protenix,cognate,67.29984108632809,84.30836669645268,64.03818269209428,,True
6887,OX2R,protenix,cognate,67.31968082513963,84.33884379135066,63.95000006935813,,True
6888,OX2R,protenix,cognate,67.02421075887115,84.11762655298088,63.63818220658736,,True
6889,OX2R,protenix,cognate,67.24940114945137,84.11062197986618,63.70454545454545,,True
6890,OX2R,protenix,cognate,67.78844239684331,84.09399176003097,63.72272768887606,,True
6891,OX2R,protenix,cognate,67.66309601827116,84.69052485994447,64.98090848055753,,True
6892,PTH1R,boltz,cognate,63.11807255479578,83.48442117791427,59.73600006103515,1.0648,True
6893,PTH1R,boltz,cognate,61.896547928628394,83.71589439793637,62.46799850463867,0.9656,True
6894,PTH1R,boltz,cognate,62.68366946820264,84.20942165977077,62.33399963378906,2.3206,True
6895,PTH1R,boltz,cognate,62.52063904644868,82.84936804520457,62.23500061035156,1.3933,True
6896,OX2R,protenix,cognate,67.37235687298691,84.30934141571905,64.05727282437411,,True
6897,OX2R,protenix,cognate,66.20134940910343,83.76282756388444,64.65818127718839,,True
6898,OX2R,protenix,cognate,66.82164958924186,83.7297474772108,64.69090860540217,,True
6899,OX2R,protenix,cognate,66.6938034348528,83.68411941707221,64.15454517711292,,True
6900,PTH1R,boltz,cognate,60.524099378923545,81.91752624511719,57.20800018310547,1.131,True
6901,PTH1R,boltz,cognate,62.85225975010889,85.0670001381322,63.30899810791016,1.9493,True
6902,PTH1R,boltz,cognate,61.7784011802223,84.04605263157895,63.233001708984375,1.3008,True
6903,PTH1R,boltz,cognate,62.02798147346278,82.41931493658768,54.00899887084961,0.7749,True
6904,SMO,boltz,apo,69.91156422228492,91.87844924926758,77.75700378417969,1.3806,True
6905,SMO,boltz,apo,69.21457177953465,91.70375022888184,79.58000183105469,1.0463,True
6906,SMO,boltz,apo,69.11779409260731,92.05335006713868,77.11199951171875,1.0827,True
6907,SMO,boltz,apo,70.51959325458377,93.11735038757324,77.44300079345703,0.966,True
6908,PTH1R,boltz,cognate,62.38135243909556,82.60726446854441,61.845001220703125,1.4068,True
6909,PTH1R,boltz,cognate,62.785779058832745,83.88357865182977,60.332000732421875,1.118,True
6910,PTH1R,boltz,cognate,62.97456325769022,83.7453159533049,62.92900085449219,1.0825,True
6911,PTH1R,boltz,cognate,61.42453960463731,82.12300009476512,61.84600067138672,1.2758,True
6912,PTH1R,boltz,cognate,62.62156663415403,84.2004209819593,63.37200164794922,0.9152,True
6913,PTH1R,boltz,cognate,61.97024109954577,83.68421012476871,61.553001403808594,1.8494,True
6914,PTH1R,boltz,cognate,64.35495628755773,85.27036807411595,64.1719970703125,0.8354,True
6915,PTH1R,boltz,cognate,62.36914505082078,83.42394758525647,61.882999420166016,1.1357,True
6916,SMO,boltz,apo,70.35958965548717,93.5468002319336,78.90899658203125,1.0533,True
6917,SMO,boltz,apo,69.7070647824977,92.83269996643068,79.89199829101562,1.0912,True
6918,SMO,boltz,apo,70.12678913179468,93.37030067443848,80.22000122070312,1.0892,True
6919,SMO,boltz,apo,68.68888048659134,91.22425003051758,77.56300354003906,1.3658,True
6920,SMO,boltz,apo,71.4239898521685,94.09304962158204,80.93699645996094,1.0468,True
6921,SMO,boltz,apo,70.40894665409074,92.77299995422364,79.30599975585938,0.9676,True
6922,SMO,boltz,apo,70.54595058542952,93.02360038757324,81.0770034790039,1.3285,True
6923,SMO,boltz,apo,70.19585135143625,93.026900100708,79.80699920654297,1.2332,True
6924,SMO,boltz,apo,70.14320333061558,92.9400505065918,77.52200317382812,0.9559,True
6925,SMO,boltz,apo,69.46572944805916,91.88040084838867,78.27799987792969,1.3854,True
6926,SMO,boltz,apo,70.6095794280269,93.37419929504397,79.09500122070312,1.097,True
6927,SMO,boltz,apo,70.84561509371106,92.94635009765624,80.00700378417969,1.0361,True
6928,SMO,boltz,apo,70.11945619062062,91.1994499206543,77.21399688720703,1.6429,True
6929,SMO,boltz,apo,69.95190347043804,92.45579948425294,75.38600158691406,1.0579,True
6930,SMO,boltz,apo,70.41323763109375,91.79924964904784,80.87300109863281,1.439,True
6931,SMO,boltz,apo,69.3659783572981,92.1912998199463,75.31099700927734,0.9932,True
6932,SMO,boltz,apo,70.01582594778213,92.84265022277832,78.00599670410156,1.1135,True
6933,SMO,boltz,apo,69.83348271565032,92.65334968566894,78.35399627685547,1.2892,True
6934,SMO,boltz,apo,69.68779539668121,91.79100036621094,75.44300079345703,1.4367,True
6935,SMO,chai,apo,76.0071005593389,89.93348758742923,83.58014351981026,0.9816,True
6936,SMO,chai,apo,76.12611067527014,89.84235399412731,82.89585549490792,0.9886,True
6937,SMO,chai,apo,76.11167380918438,89.94713945464483,83.13742937360492,0.917,True
6938,SMO,chai,apo,76.0442041015763,90.00998449885655,83.07185690743583,0.9049,True
6939,SMO,chai,apo,76.14657284840445,89.70733432058304,82.89771379743304,0.9852,True
6940,SMO,chai,apo,76.15744764842395,90.03329883166722,83.3057131086077,0.9426,True
6941,SMO,chai,apo,76.06647240809751,89.9679320644197,82.72285897391183,0.9642,True
6942,SMO,chai,apo,76.32760957110344,89.95981422318353,82.87585776192802,0.8867,True
6943,SMO,chai,apo,76.07585117078773,90.05975479020013,83.56214359828404,0.9165,True
6944,SMO,chai,apo,76.07925697750905,89.88275594726441,82.94142804827008,0.9314,True
6945,SMO,chai,apo,76.11112120899728,89.90765297995674,83.27028438023159,0.9002,True
6946,SMO,chai,apo,76.10085999633017,89.8870491191319,83.4961427961077,0.9323,True
6947,SMO,chai,apo,76.0378921731329,89.81747262697371,83.16300092424665,0.954,True
6948,SMO,chai,apo,76.12531939149481,90.01604826230852,83.3914293561663,0.9317,True
6949,SMO,chai,apo,75.92360629955287,89.96236171888926,83.52171325683594,0.9319,True
6950,SMO,chai,apo,76.39722239450421,90.1002430133214,83.78642926897321,0.944,True
6951,SMO,chai,apo,76.21033372454414,90.0789413010128,83.19371577671596,0.9207,True
6952,SMO,chai,apo,76.20911691382825,90.0891762049236,83.34528568812779,0.9293,True
6953,SMO,chai,apo,76.42919172747712,90.05109162693932,83.32456970214844,0.9429,True
6954,SMO,chai,apo,75.93504110811355,89.92172607361324,82.89442770821708,1.0028,True
6955,SMO,chai,apo,76.11310170840113,90.12399026204668,83.48957170758929,1.0015,True
6956,SMO,chai,apo,76.15208789444895,90.08589888830032,82.52042715890067,0.9038,True
6957,SMO,chai,apo,76.20060434389167,90.05187533560255,82.89028603690011,0.9045,True
6958,SMO,chai,apo,76.30432333782979,90.10012412373982,82.58285740443638,0.971,True
6959,SMO,chai,apo,76.24070583091478,90.1443383949522,83.85128566196987,0.9529,True
6960,PTH1R,chai,cognate,70.12217213274064,85.6367005995722,65.48262453079224,1.2266,True
6961,PTH1R,chai,cognate,70.13923548195233,85.73404006994947,65.19549989700317,1.159,True
6962,PTH1R,chai,cognate,69.9383408522495,85.83901186790446,64.35337400436401,1.0562,True
6963,PTH1R,chai,cognate,70.04208491622187,85.82457953139664,65.67987489700317,0.9128,True
6964,SMO,protenix,apo,68.64986899153934,85.00548940083337,75.57666609022353,1.0858,True
6965,SMO,protenix,apo,69.0493024879008,85.02262172517322,75.554443359375,1.1671,True
6966,SMO,protenix,apo,68.91158845890958,85.01597412578644,75.60000059339735,0.9927,True
6967,SMO,protenix,apo,69.1643289101034,85.0088930730971,76.10111067030165,1.0031,True
6968,PTH1R,chai,cognate,70.07513396426351,85.74842014070106,65.23462438583374,1.1288,True
6969,PTH1R,chai,cognate,70.0129810004972,85.4012322214132,64.01962566375732,0.8865,True
6970,PTH1R,chai,cognate,70.07690163737627,85.39671593413516,64.01212406158447,1.0385,True
6971,PTH1R,chai,cognate,70.06429926532502,85.41779229000507,63.23750019073486,0.8353,True
6972,SMO,protenix,apo,69.44873202521072,85.03083132925488,75.96444447835286,1.0503,True
6973,SMO,protenix,apo,69.04761547572245,85.87147478270154,77.20333268907335,1.0699,True
6974,SMO,protenix,apo,69.43425763600034,85.91111804523166,77.39666578504774,1.0387,True
6975,SMO,protenix,apo,69.4131648659174,85.85468645958673,77.23222223917644,1.0449,True
6976,SMO,protenix,apo,69.55479673170018,85.89440701348441,77.29222234090169,1.0706,True
6977,SMO,protenix,apo,69.51945815079755,85.91084433283126,77.74222183227539,1.0292,True
6978,SMO,protenix,apo,68.66345181130326,85.59348691834343,77.03000047471788,1.0174,True
6979,SMO,protenix,apo,68.6652114024819,85.66184683784606,77.17444398668077,1.0514,True
6980,SMO,protenix,apo,68.61064671861263,85.56166355042231,77.10777791341145,1.0302,True
6981,SMO,protenix,apo,68.97245932884049,85.71690844354175,77.52222188313802,1.0173,True
6982,SMO,protenix,apo,68.93782645360044,85.67633146149771,77.62777837117513,0.964,True
6983,SMO,protenix,apo,69.38818948097959,86.15684035573688,76.85666783650716,1.1554,True
6984,SMO,protenix,apo,69.46072375052344,86.13091499949259,76.94555579291449,1.0668,True
6985,SMO,protenix,apo,69.49152054241466,86.09427432211619,76.84777789645725,1.1208,True
6986,SMO,protenix,apo,69.73527475238883,86.17273035564119,77.51777733696832,0.9855,True
6987,SMO,protenix,apo,70.05538856289438,86.16884468154302,77.46555625067816,1.0198,True
6988,PTH1R,chai,cognate,70.18539754818059,85.60701872808312,63.78999948501587,1.0591,True
6989,PTH1R,chai,cognate,69.97248241835693,85.88450209622756,64.95174980163574,0.9964,True
6990,PTH1R,chai,cognate,70.02580570914917,85.74910885755878,64.44012451171875,0.9412,True
6991,PTH1R,chai,cognate,69.99357214361538,86.09878628679276,64.88850116729736,0.9226,True
6992,PTH1R,boltz,cognate,64.12571328084344,84.57589460674085,60.797000885009766,1.0259,True
6993,PTH1R,boltz,cognate,62.56305730925845,84.10021008943257,62.11399841308594,1.2278,True
6994,PTH1R,boltz,cognate,63.199716809226125,84.3719482421875,62.38600158691406,1.6236,True
6995,PTH1R,chai,cognate,69.97805861887934,85.54356733679074,64.27262449264526,0.9609,True
6996,PTH1R,chai,cognate,69.99942782225106,85.49837187618333,64.9325008392334,1.0908,True
6997,PTH1R,chai,cognate,70.07874539237498,85.65978574532623,64.92612600326538,0.9031,True
6998,PTH1R,chai,cognate,70.1943933268875,85.41102521937214,64.76187562942505,0.7638,True
6999,PTH1R,chai,cognate,70.38568890921337,85.78168427053848,64.99237489700317,1.165,True
7000,SMO,protenix,apo,68.06082094650695,85.6075186232915,76.47000037299262,1.0807,True
7001,SMO,protenix,apo,68.39430287500382,85.62428353551834,76.43555535210504,1.0398,True
7002,SMO,protenix,apo,68.49398084085783,85.72302144277663,76.853333791097,0.9899,True
7003,PTH1R,protenix,cognate,61.657447931491966,79.15990396092438,57.86399917602539,1.4638,True
7004,PTH1R,protenix,cognate,61.87153699091266,79.06077596290406,57.37600021362304,1.3489,True
7005,SMO,boltz,apo,69.97601524362722,92.56575012207033,78.22799682617188,0.9975,True
7006,SMO,boltz,apo,70.00391231376909,91.3669002532959,79.16799926757812,1.5462,True
7007,PTH1R,protenix,cognate,61.19610904233634,79.06841721051265,57.51800003051758,1.2798,True
7008,PTH1R,protenix,cognate,61.06839141229149,79.10190239955057,59.35000076293945,1.4822,True
7009,PTH1R,protenix,cognate,61.415408980185624,78.88545146071395,56.92999954223633,1.3327,True
7010,SMO,protenix,apo,68.66982338477777,85.64549402660795,76.28888914320204,1.1696,True
7011,SMO,protenix,apo,68.77870923393975,85.70338225833953,76.89111031426324,1.0269,True
7012,PTH1R,chai,cognate,70.17866465542672,85.81429510115854,64.19312477111816,1.0033,True
7013,PTH1R,chai,cognate,70.15490626705868,85.48867291126525,64.2022500038147,0.9814,True
7014,PTH1R,chai,cognate,70.10532086364829,85.74447534798291,65.16575050354004,1.0856,True
7015,PTH1R,chai,cognate,70.08226155356579,85.7213132242991,64.129873752594,1.0046,True
7016,PTH1R,protenix,cognate,62.38578802980571,80.24452891858607,59.25,1.3783,True
7017,PTH1R,protenix,cognate,62.23671270529671,80.30863850056795,59.7140007019043,1.4952,True
7018,PTH1R,protenix,cognate,61.99172896940178,80.45235173065407,60.79399871826172,1.4637,True
7019,PTH1R,protenix,cognate,62.41542399781227,80.28616971500988,59.80799942016601,1.4935,True
7020,PTH1R,protenix,cognate,61.29829026537343,79.01014238755036,56.63600082397461,1.4006,True
7021,PTH1R,protenix,cognate,61.34908441847606,79.12347489820759,57.49000015258789,1.3152,True
7022,PTH1R,protenix,cognate,61.381734066895625,78.91434074127206,56.279999542236325,1.4462,True
7023,PTH1R,protenix,cognate,61.757354030700704,79.16235835905488,57.80800018310547,1.6321,True
7024,PTH1R,protenix,cognate,62.23663748518619,80.30994014256889,59.742000579833984,1.4634,True
7025,PTH1R,protenix,cognate,61.33120719587251,79.21420354195624,58.02000045776367,1.4809,True
7026,PTH1R,protenix,cognate,61.68343245839632,79.21520569820814,57.84600067138672,1.3718,True
7027,PTH1R,protenix,cognate,61.56607784895241,79.16921617459842,57.90999908447266,1.6175,True
7028,PTH1R,chai,cognate,70.08031249011098,85.69227007759942,65.07637548446655,1.0658,True
7029,PTH1R,chai,cognate,69.98734423049524,85.32046688642174,64.38549995422363,1.1659,True
7030,PTH1R,chai,cognate,70.13980545302512,85.88940198876877,64.78525018692017,1.034,True
7031,PTH1R,chai,cognate,70.19739793287873,85.61313086189786,64.97087478637695,0.9623,True
7032,PTH1R,protenix,cognate,61.89465764548192,79.07614921133946,57.53000030517578,1.3975,True
7033,PTH1R,protenix,cognate,61.75372480719343,79.21971010825371,57.94799957275391,1.3426,True
7034,PTH1R,protenix,cognate,61.099540744040475,78.95355094757713,57.15600051879883,1.4251,True
7035,PTH1R,protenix,cognate,60.95169712785653,78.8524284111826,57.11399917602539,1.6673,True
7036,SMO,boltz,cognate,68.1833481964344,90.69840049743652,75.89399719238281,1.0751,True
7037,SMO,boltz,cognate,68.4286112270331,90.3745506286621,75.54199981689453,1.1204,True
7038,PTH1R,protenix,cognate,61.69529021579123,78.8334956522655,56.91599960327149,1.3595,True
7039,PTH1R,protenix,cognate,61.25720702790261,79.19439852221949,57.805998992919925,1.2862,True
7040,PTH1R,protenix,cognate,61.44347302077652,79.2228815880743,58.45,1.3468,True
7041,PTH1R,protenix,cognate,61.806635175615696,79.18346604213741,57.86199951171875,1.4003,True
7042,SMO,boltz,cognate,68.34289706132009,90.21680030822752,76.64099884033203,0.9753,True
7043,SMO,boltz,cognate,68.87145102766296,90.51124992370606,76.21700286865234,1.109,True
7044,SMO,boltz,cognate,69.28422477799722,91.80324935913086,77.02899932861328,1.0915,True
7045,SMO,boltz,cognate,67.79488810499257,89.94569969177246,76.05500030517578,1.2659,True
7046,SMO,boltz,cognate,69.00987422269363,90.42580032348631,74.66000366210938,0.9889,True
7047,SMO,boltz,cognate,67.97412455945336,90.4582504272461,74.29199981689453,1.3054,True
7048,SMO,boltz,cognate,68.66680054622199,90.81350059509278,76.39900207519531,0.9854,True
7049,SMO,boltz,cognate,68.5610710638451,90.53530006408693,75.19599914550781,1.0689,True
7050,SMO,boltz,cognate,69.56175600073692,91.6988998413086,78.5270004272461,1.0769,True
7051,SMO,boltz,cognate,69.01242824733788,90.63455047607422,75.51499938964844,1.1735,True
7052,SMO,boltz,cognate,69.59821484625112,92.13115005493164,77.95700073242188,1.0719,True
7053,SMO,chai,cognate,73.02014428427172,88.77963262421744,82.65214429582868,0.9768,True
7054,SMO,boltz,cognate,68.41902405182621,90.47965087890626,74.58000183105469,1.0203,True
7055,SMO,boltz,cognate,69.14769626845248,90.57484893798828,75.33799743652344,1.0357,True
7056,SMO,boltz,cognate,68.03712961907006,90.10054969787598,74.2020034790039,1.1548,True
7057,SMO,boltz,cognate,69.96671923355045,92.67994956970216,79.15699768066406,1.0799,True
7058,SMO,boltz,cognate,68.0793367359205,91.0941005706787,76.90299987792969,1.1671,True
7059,SMO,boltz,cognate,69.03361112553404,90.47204933166503,76.36499786376953,1.0199,True
7060,SMO,boltz,cognate,68.02635068542016,90.70164909362794,74.64299774169922,1.0316,True
7061,SMO,boltz,cognate,69.18626306138772,90.55899925231934,74.54000091552734,1.0713,True
7062,SMO,boltz,cognate,67.33053995299673,89.72829933166504,73.43099975585938,1.1054,True
7063,SMO,boltz,cognate,68.69663156366408,90.65534973144533,74.3949966430664,1.1143,True
7064,SMO,boltz,cognate,68.48543712417234,91.04575042724608,76.08100128173828,1.2244,True
7065,SMO,boltz,cognate,69.29207239308533,91.83559951782226,76.45099639892578,1.1869,True
7066,SMO,chai,cognate,72.8650770772292,88.6402095938486,82.62228611537388,0.9552,True
7067,SMO,chai,cognate,72.92322082180434,88.62726699163042,82.75242723737445,1.0255,True
7068,SMO,chai,cognate,73.0543826936008,88.79512034295098,82.93614305768695,0.9705,True
7069,SMO,chai,cognate,73.23821128430403,88.73988663052756,82.68699972970145,0.9415,True
7070,SMO,chai,cognate,72.836762170664,88.6557479127248,82.6375710623605,0.9918,True
7071,SMO,chai,cognate,72.92677209093748,88.57898701153104,82.53228541782924,0.9344,True
7072,SMO,chai,cognate,72.88810187239909,88.49812320330787,82.73828669956752,0.9522,True
7073,SMO,chai,cognate,73.04153723332637,88.72206225364927,82.65128544398716,0.9609,True
7074,SMO,chai,cognate,72.98300835738978,88.71538165803939,82.5047138759068,0.9485,True
7075,SMO,chai,cognate,73.02279897331483,88.59108243382165,82.3306245803833,0.9391,True
7076,SMO,chai,cognate,72.93726240785085,88.72705167830938,83.49957057407924,0.9107,True
7077,SMO,chai,cognate,72.89248312005819,88.5232367265792,82.61842782156808,1.0012,True
7078,SMO,chai,cognate,72.76957385733296,88.45983098438808,82.29425144195557,1.0626,True
7079,SMO,chai,cognate,72.98361008909599,88.6540024792202,82.59499904087612,1.0052,True
7080,SMO,chai,cognate,73.15065501425936,88.8233537177434,82.52371324811664,0.9087,True
7081,SMO,chai,cognate,73.00038013267418,88.64499784363639,82.67457144601005,0.9358,True
7082,SMO,chai,cognate,72.91458110312819,88.61815245189364,82.56957026890346,1.0314,True
7083,SMO,chai,cognate,72.97986037635158,88.56727827738202,82.61299896240234,0.9603,True
7084,SMO,chai,cognate,73.2075117138994,88.78750408596463,82.59014347621373,0.9177,True
7085,SMO,chai,cognate,72.99512283763873,88.70740811998881,82.52871377127511,0.9387,True
7086,SMO,protenix,cognate,64.61105025165223,84.1630959866539,75.03555636935764,1.0079,True
7087,SMO,protenix,cognate,64.66570332202019,84.08429559631954,75.03222232394748,0.9725,True
7088,5HT1B,of3,apo,66.75532073243377,74.5769506939906,59.37845145331489,2.4865,False
7089,5HT1B,of3,apo,67.31519325765083,74.8693287706031,56.80662621392144,1.6629,False
7090,5HT1B,of3,apo,66.93056144958746,74.91836714770714,58.20401297675239,2.0046,False
7091,5HT1B,of3,apo,66.82009757398602,74.60042249749749,57.734633127848305,2.0365,False
7092,5HT1B,of3,apo,66.85087504985052,74.81640117177372,56.98252699110243,1.7912,False
7093,5HT1B,of3,apo,67.34761071451172,74.9288669230446,57.03356721666124,1.7439,False
7094,5HT1B,of3,apo,67.35389076063184,75.1777232566506,57.25817574395074,1.6556,False
7095,5HT1B,of3,apo,67.10090725931576,74.75273420358634,57.964455922444664,1.8875,False
7096,SMO,protenix,cognate,64.14068675217887,84.42496206404671,74.93444485134549,0.9956,True
7097,SMO,protenix,cognate,64.17904671913577,84.48479479608082,74.77777735392253,1.0954,True
7098,SMO,protenix,cognate,64.51206281720324,84.43191208960518,74.72333187527127,0.9762,True
7099,SMO,protenix,cognate,64.9523114400672,84.16084134571136,75.28222105238173,1.1576,True
7100,SMO,chai,cognate,73.1124098269333,88.62888162961082,82.65214211600167,0.9254,True
7101,SMO,chai,cognate,73.12057374196414,88.65927685207791,82.87685939243862,0.9185,True
7102,SMO,chai,cognate,72.97169409325187,88.77772096013265,82.4894300188337,0.9134,True
7103,SMO,chai,cognate,72.94912881330103,88.5670607746972,82.64428601946149,0.9398,True
7104,5HT1B,of3,apo,67.2102566622638,74.75670677211205,57.16390652126736,1.7782,False
7105,5HT1B,of3,apo,66.89449869641312,74.86407910537582,58.154905531141495,1.9301,False
7106,5HT1B,of3,apo,66.92111122939433,74.46264235061656,58.88744693332248,2.2724,False
7107,5HT1B,of3,apo,66.98749253350674,75.09994378795872,58.19249598185221,2.2726,False
7108,5HT1B,of3,apo,66.9872261935344,75.0925528207245,56.71645439995659,1.7762,False
7109,5HT1B,of3,apo,67.161254046544,75.19218654287154,57.298341539171005,1.8871,False
7110,5HT1B,of3,apo,66.60564849509494,74.47599690427684,57.96124733818902,2.363,False
7111,5HT1B,of3,apo,67.44880821991121,74.84528906817388,59.062797970241974,2.4262,False
7112,5HT1B,of3,apo,67.13890826090206,75.04606749010291,56.81582895914713,1.691,False
7113,5HT1B,of3,apo,66.41802650684707,74.31514527938756,58.45082304212782,2.3827,False
7114,5HT1B,of3,apo,66.68973633609205,74.50772167467969,58.61482238769531,2.3157,False
7115,5HT2C,of3,apo,62.610303741086206,75.01447275730094,57.80204349093967,1.7144,True
7116,5HT2C,of3,apo,62.87135120397152,75.9038765535038,59.27995596991645,1.9888,True
7117,5HT2C,of3,apo,63.18164911082679,75.42929251147899,58.06027391221788,1.6853,True
7118,5HT2C,of3,apo,62.745324072042365,75.32577241164094,58.8626331753201,1.7729,True
7119,5HT1B,of3,apo,68.1196433096678,75.72304609216825,56.29577975802951,1.5014,False
7120,5HT2C,of3,apo,62.856009256801066,75.54570085625971,58.139309353298614,1.7603,True
7121,5HT2C,of3,apo,63.13017236444511,75.347889602057,54.69294569227431,1.3937,True
7122,5HT2C,of3,apo,63.3834320137143,76.10264731612212,58.81624560885959,1.9201,True
7123,5HT2C,of3,apo,63.39599055764407,76.55850656786005,59.92710622151693,1.7474,True
7124,5HT1B,of3,apo,67.17126438859415,74.89038195795138,58.55534150865343,2.1816,False
7125,5HT1B,of3,apo,67.26712649611773,74.50787948457022,57.16486019558377,2.0113,False
7126,5HT1B,of3,apo,67.70124773276572,75.10387214737021,56.79641342163086,1.6675,False
7127,5HT2C,of3,apo,63.27965738293254,76.286587973563,59.38761435614692,2.0278,True
7128,5HT2C,of3,apo,63.22141190087002,75.97938490832523,57.40166982014974,1.5603,True
7129,5HT2C,of3,apo,63.372813772634046,76.18347762718173,59.10141796535916,1.7203,True
7130,5HT2C,of3,apo,63.2151431430859,76.09828595179327,58.90866004096137,1.8624,True
7131,5HT2C,of3,apo,63.34743136214137,75.96142626679134,59.06275982326932,1.779,True
7132,5HT2C,of3,apo,63.13672803214321,76.00574273661961,59.21334245469835,1.8392,True
7133,5HT2C,of3,apo,62.99465569207415,75.97897907590108,58.75486840142144,1.8378,True
7134,5HT2C,of3,apo,62.870919844141014,75.95809362529849,58.60371356540256,1.8169,True
7135,5HT2C,of3,apo,62.920390000058745,75.72458858870498,58.13521406385634,1.7421,True
7136,5HT2C,of3,apo,62.89244559807667,75.6206741374086,58.1265017191569,1.6947,True
7137,5HT2C,of3,apo,63.28950435215762,75.6128903697029,58.456088595920136,1.7679,True
7138,5HT2C,of3,apo,63.24290877798686,75.74039958696518,58.28121778700087,1.6799,True
7139,5HT5A,of3,apo,69.83778954846987,75.83176567954247,58.74823209974501,2.4076,False
7140,5HT5A,of3,apo,69.4288179587951,75.78480328123636,58.30192311604818,2.3155,False
7141,5HT5A,of3,apo,69.54171401452086,75.78404091833644,58.45244216918945,2.2666,False
7142,5HT5A,of3,apo,69.7989599360336,76.07916073887206,58.618172115749786,2.3367,False
7143,5HT5A,of3,apo,69.91125403585946,76.04825904487015,57.99334420098199,2.2833,False
7144,5HT5A,of3,apo,70.14358647772977,76.4901079482537,58.93643358018663,2.3331,False
7145,5HT5A,of3,apo,70.8351428569454,76.94438897812692,58.64882151285807,2.0423,False
7146,5HT5A,of3,apo,70.57675867237809,77.07460135590634,60.07238430447049,2.2014,False
7147,5HT5A,of3,apo,70.57412314436854,77.27090670465908,60.14589055379232,2.2432,False
7148,5HT5A,of3,apo,70.28621466741997,76.58574300415071,59.39039187961154,2.2623,False
7149,5HT5A,of3,apo,70.20568135475618,76.44936761258828,58.66350809733073,2.2736,False
7150,5HT5A,of3,apo,70.26962451309494,76.27806200364623,58.69981341891818,2.305,False
7151,5HT5A,of3,apo,69.93954408437634,75.55690393948795,55.830067528618706,1.8958,False
7152,5HT5A,of3,apo,70.23346182183147,77.26422378270313,60.41668446858724,2.286,False
7153,5HT5A,of3,apo,69.95358383193005,76.83212828955436,59.85273191663954,2.3398,False
7154,5HT5A,of3,apo,70.37969797359449,76.72118317594432,59.79771592881944,2.233,False
7155,5HT5A,of3,apo,70.46609633449043,76.69506717771336,58.8596928914388,2.1785,False
7156,5HT5A,of3,apo,70.17954898430573,76.7326136769877,59.13331604003906,2.1494,False
7157,5HT5A,of3,apo,70.61097890827507,76.90658972342466,59.49541897243924,2.1733,False
7158,5HT5A,of3,apo,70.78041342324761,77.3341802669569,59.85208257039388,2.2025,False
7159,5HT5A,of3,apo,69.19712604106104,75.5442077102496,56.96639421251085,2.0566,False
7160,5HT5A,of3,apo,70.30885788663409,76.84654336418768,59.018192291259766,2.421,False
7161,5HT5A,of3,apo,70.38510593087638,76.64148474138707,58.37895796034071,2.3922,False
7162,5HT5A,of3,apo,69.98021885726574,76.51291983900305,58.84303453233507,2.4348,False
7163,5HT2C,of3,apo,63.411922973588986,75.94752347743184,59.36293707953559,1.9007,True
7164,SMO,protenix,cognate,64.92553528291744,83.94302224825299,74.82888963487413,1.017,True
7165,SMO,protenix,cognate,64.64456456469414,84.47016854255918,75.21222135755751,1.0362,True
7166,SMO,protenix,cognate,64.9594127246588,84.38623637335641,74.92111206054688,1.0351,True
7167,SMO,protenix,cognate,64.71366754051813,84.51649651285202,75.04444291856554,1.0556,True
7168,SMO,protenix,cognate,64.6033106466462,83.98775508926028,75.0577786763509,1.0382,True
7169,SMO,protenix,cognate,64.8490893361627,83.96093507857549,75.03111139933269,1.0268,True
7170,SMO,protenix,cognate,64.59724736359125,84.44426501092457,75.06444295247395,1.0263,True
7171,SMO,protenix,cognate,64.5084128644143,84.41758187642174,74.76555548773871,0.9764,True
7172,SMO,protenix,cognate,65.24987867984456,84.46028903370812,75.09666697184245,1.0511,True
7173,SMO,protenix,cognate,64.47536766781656,84.14530507133121,74.97999954223633,1.1353,True
7174,SMO,protenix,cognate,64.46154519575384,84.13297825692192,75.00444497002496,1.0356,True
7175,SMO,protenix,cognate,65.32753311063509,86.50278690292723,77.30555597941081,1.0677,True
7176,5HT1B,of3,cognate,74.06078139301869,88.42346754025932,75.09601879119873,0.7442,False
7177,5HT2C,of3,apo,63.20217571994727,76.83664360933317,59.39389970567491,1.8627,True
7178,5HT2C,of3,apo,63.0118877065354,76.18252605150616,59.00224346584744,1.9044,True
7179,5HT1B,of3,apo,66.5231638683064,74.55426148451768,57.727640787760414,2.1533,False
7180,SMO,protenix,cognate,65.03575045264628,84.56086331806486,75.12000062730577,1.0008,True
7181,SMO,protenix,cognate,65.03550884816589,84.38510593308342,74.93777762518988,1.05,True
7182,SMO,protenix,cognate,65.33995532706997,84.28652912699987,75.13999896579318,1.041,True
7183,5HT1B,of3,apo,67.01319712123997,74.46590684299689,57.76185268825955,2.2899,False
7184,5HT2C,of3,apo,62.79966839420883,75.43595467063084,58.59626049465603,1.8015,True
7185,5HT2C,of3,apo,63.50044056391096,76.215904809455,59.41741519504123,1.7938,True
7186,5HT2C,of3,cognate,67.09309602121196,86.34857162754946,72.85648430718317,0.9574,True
7187,5HT1B,of3,cognate,74.26147390323752,88.01961389790709,73.7262773513794,0.762,False
7188,SMO,protenix,cognate,65.10279745814391,86.45478033550202,77.2477764553494,1.1453,True
7189,SMO,protenix,cognate,65.31959054916784,86.37606842964415,77.28444502088759,1.0289,True
7190,SMO,protenix,cognate,65.43274023223857,86.48572752225968,77.36999893188477,1.0584,True
7191,SMO,protenix,cognate,65.637679826321,86.46978673813835,77.43444527520074,0.9699,True
7192,AA1R,of3,apo,79.51951233044782,83.77610558357074,71.85381906682795,2.2597,False
7193,AA1R,of3,apo,79.72656369801247,83.7070455977067,72.03030083396219,2.2654,False
7194,AA1R,of3,apo,79.48088286412066,83.66691141767076,71.2261584888805,2.2597,False
7195,AA1R,of3,apo,79.5097807282546,83.63750585875297,70.81240671331233,2.242,False
7196,AA1R,of3,apo,79.49579980800645,83.69521763941944,71.00201762806286,2.2676,False
7197,AA1R,of3,apo,79.29870787827483,83.53055651061979,70.60068061135031,2.1908,False
7198,AA1R,of3,apo,79.30223848117156,83.49059834927536,70.82914491133256,2.2598,False
7199,AA1R,of3,apo,79.08545133324434,82.9063780022906,68.40781298550692,2.247,False
7200,5HT1B,of3,cognate,74.40795854058916,88.68825370221599,76.15709547563033,0.7389,False
7201,5HT1B,of3,cognate,74.04041804415054,88.66894183866906,75.16087861494584,0.8436,False
7202,5HT1B,of3,cognate,74.054177165123,88.24425371041374,74.87645929509944,0.7533,False
7203,5HT5A,of3,apo,70.00923539853456,76.67402247715134,58.68238957722982,2.3646,False
7204,AA1R,of3,apo,79.10255291659271,82.89873434131451,68.09376629916105,2.2538,False
7205,AA1R,of3,apo,79.71854841701686,83.18015715374747,68.35397963090377,2.2521,False
7206,AA1R,of3,apo,79.07792926284438,82.8836343041815,68.29496799815784,2.2357,False
7207,AA1R,of3,apo,79.49850984950464,83.08734318071285,68.42031374844638,2.233,False
7208,AA1R,of3,apo,78.9382005855603,82.81002408769396,69.01431863958186,2.2206,False
7209,AA1R,of3,apo,79.53479669737818,82.97739758879591,69.22259868275036,2.2525,False
7210,AA1R,of3,apo,79.51079790053025,82.93628090076804,69.24165274880149,2.2354,False
7211,AA1R,of3,apo,79.42357464428838,82.83297902635682,69.17219266024503,2.2566,False
7212,5HT5A,of3,cognate,72.57637058572024,83.43829315647935,63.181850009494354,1.0623,False
7213,5HT5A,of3,cognate,73.28443627015662,84.69939730615327,63.47857962714301,1.2147,False
7214,5HT5A,of3,cognate,72.25983224664371,82.86912138921012,60.62824715508355,1.1121,False
7215,5HT1B,of3,cognate,73.85557695556173,88.04219469299565,74.49343729019165,0.7457,False
7216,AA1R,of3,apo,79.3814514316911,82.83232286455998,69.18925094604492,2.2088,False
7217,AA1R,of3,apo,79.11295286131951,82.48835354027466,68.34216932816939,2.2405,False
7218,AA1R,of3,apo,79.00115616278316,82.14980492595987,67.73246036876331,2.1966,False
7219,5HT2C,of3,cognate,67.61199464312114,87.45806925825914,74.56943477283825,0.9336,True
7220,5HT1B,of3,cognate,73.3742010857274,87.76706316702294,71.79106092453003,0.7263,False
7221,5HT1B,of3,cognate,73.69202431145335,87.9624882841936,73.23078060150146,0.7458,False
7222,5HT1B,of3,cognate,72.8785936620705,87.15120213444615,72.56713151931763,0.7933,False
7223,5HT1B,of3,cognate,72.84451588156927,87.91730883554291,73.61130809783936,0.7543,False
7224,5HT1B,of3,cognate,74.00203163230971,88.70029844969382,75.35517835617065,0.7445,False
7225,5HT1B,of3,cognate,73.75215705916007,88.31722057423035,74.42248964309692,0.7405,False
7226,5HT1B,of3,cognate,73.38011983913839,87.81621692689123,72.19947624206543,0.7814,False
7227,AA1R,of3,apo,79.4279662852861,83.66787298463984,71.84169803966175,2.2744,False
7228,5HT1B,of3,cognate,73.57758458059018,88.27519554509057,73.54491996765137,0.7282,False
7229,5HT1B,of3,cognate,73.34431556984583,87.99603885885958,73.6542501449585,0.7688,False
7230,5HT1B,of3,cognate,73.91728419734189,87.7255741161908,72.8248273676092,0.7354,False
7231,5HT1B,of3,cognate,73.22287543571144,88.35780915237608,75.1222677230835,0.7048,False
7232,AA2AR,of3,apo,67.91222189360867,77.93766668409151,63.96947129567464,2.9371,False
7233,AA2AR,of3,apo,68.01797923840937,77.57421452390855,64.04046281178792,2.9232,False
7234,AA2AR,of3,apo,67.86644350836701,77.33462850551413,63.306458473205566,2.8881,False
7235,AA2AR,of3,apo,67.57262415353267,77.45882262318682,63.363216718037926,2.9528,False
7236,AA2AR,of3,apo,68.1873896961197,77.48348433840671,63.690701166788735,2.9246,False
7237,AA2AR,of3,apo,67.40908208583886,76.2484947447412,61.477441999647354,2.1681,False
7238,AA2AR,of3,apo,68.15787585356892,77.63797583914422,63.810943603515625,2.9684,False
7239,AA2AR,of3,apo,68.2639813316565,77.58889576774311,63.44260470072428,2.9633,False
7240,AA2AR,of3,apo,68.0302795626381,77.40253877584723,63.789939880371094,2.8962,False
7241,AA2AR,of3,apo,68.39167453218023,77.45143582819516,63.68000920613607,2.8599,False
7242,AA2AR,of3,apo,68.38462539665049,77.42223956604884,63.47870890299479,2.9233,False
7243,AA2AR,of3,apo,68.13215443685792,77.28872999424543,63.71968936920166,2.936,False
7244,5HT1B,of3,cognate,73.41404872442962,87.91442837289918,73.8089656829834,0.7161,False
7245,5HT1B,of3,cognate,73.55993947671178,87.89401509097128,73.30073690414429,0.7255,False
7246,5HT1B,of3,cognate,73.54436695872681,88.07190365970222,74.37436437606812,0.7298,False
7247,5HT1B,of3,cognate,74.38435044455169,88.58871224491455,74.6443099975586,0.7144,False
7248,5HT1B,of3,cognate,74.62428260742601,88.26483128785055,74.37743043899536,0.8269,False
7249,5HT1B,of3,cognate,73.44233872286324,87.87304872266486,73.05073928833008,0.7474,False
7250,5HT1B,of3,cognate,73.20998737175007,87.79110360576304,74.58258724212646,0.76,False
7251,5HT1B,of3,cognate,73.92310117380765,87.84508799098786,73.11600589752197,0.7238,False
7252,AA2AR,of3,apo,67.5268879895068,77.61357342758564,64.3383674621582,2.9084,False
7253,AA2AR,of3,apo,67.28896886127609,77.52649538556219,64.27372932434082,2.9731,False
7254,AA2AR,of3,apo,67.96117618383067,78.16991454193945,64.69293467203777,2.9855,False
7255,AA2AR,of3,apo,68.36089273146445,77.80648512229259,61.71507612864176,2.8853,False
7256,AA2AR,of3,apo,68.22569609218942,77.64463934912138,63.923447608947754,2.9349,False
7257,AA2AR,of3,apo,68.33568690773932,77.48935568997354,63.91943200429281,2.9005,False
7258,AA2AR,of3,apo,67.84125808321232,77.97320668165474,64.47653611501057,2.927,False
7259,5HT5A,of3,cognate,73.13499495273682,84.21607874974889,61.191654205322266,1.0956,False
7260,5HT2C,of3,cognate,67.49095466168588,85.79021219109043,73.00711154937744,0.9602,True
7261,5HT2C,of3,cognate,67.32518020647298,86.4363065183868,73.4762295809659,0.9511,True
7262,5HT2C,of3,cognate,67.56337918793417,86.53188447069468,73.41063100641423,0.9333,True
7263,5HT2C,of3,cognate,67.11709216773103,86.35076065265083,73.27410819313742,0.9356,True
7264,AA2AR,of3,apo,68.40708608395228,77.75478586027633,62.0002113978068,2.8348,False
7265,AA2AR,of3,apo,68.02549071294331,77.81102719214744,62.027722676595054,2.9704,False
7266,AA2AR,of3,apo,68.14893333367063,77.65776718603412,61.80551560719808,2.8703,False
7267,5HT2C,of3,cognate,67.48531741843357,86.87195317743144,73.66237831115723,0.9638,True
7268,5HT2C,of3,cognate,66.93321839025668,87.28366261813892,74.746075370095,0.9489,True
7269,5HT2C,of3,cognate,67.73015587785032,87.1939367771837,74.65566808527166,0.947,True
7270,5HT2C,of3,cognate,67.24793755977424,86.70505171554944,73.96385435624556,0.9711,True
7271,5HT2C,of3,cognate,66.50766772525118,85.55003094831416,72.21834468841553,0.9331,True
7272,5HT2C,of3,cognate,66.9444939610901,86.50831800714028,73.3501143022017,0.9228,True
7273,5HT2C,of3,cognate,66.54203751169759,85.97020754084785,72.44771671295166,0.929,True
7274,5HT2C,of3,cognate,66.43877832790987,85.86043293621289,70.45228290557861,0.9395,True
7275,5HT2C,of3,cognate,67.16140781739192,86.14858665028004,72.98496905240145,0.9006,True
7276,5HT2C,of3,cognate,66.95130113627567,86.36429195600843,73.22198590365323,0.9429,True
7277,5HT2C,of3,cognate,67.98522990240531,87.56181000988893,75.1056338223544,0.8674,True
7278,5HT2C,of3,cognate,67.94139015081373,87.65611872836797,75.22449285333806,0.9129,True
7279,AA2AR,of3,apo,67.90974044096279,77.7911025467029,63.9382381439209,2.9364,False
7280,ACM1,of3,apo,64.65899432314797,76.55688597589,57.651908026801216,,True
7281,ACM1,of3,apo,64.72001171464446,76.54725337409698,57.38542853461371,,True
7282,ACM1,of3,apo,64.55231822005358,76.22926476139357,58.1355709499783,,True
7283,ACM1,of3,apo,64.6558921568893,76.43647949668751,56.91001553005643,,True
7284,ACM1,of3,apo,64.0839294966204,76.04924175139286,57.84882185194227,,True
7285,ACM1,of3,apo,64.46417415105427,76.04857798372686,57.3325203789605,,True
7286,ACM1,of3,apo,64.27681611947818,75.64145070219796,56.83183330959744,,True
7287,ACM1,of3,apo,64.5797378147071,76.46900064710589,58.84117168850369,,True
7288,ACM1,of3,apo,64.0383665086704,76.33666513221434,58.18183517456055,,True
7289,ACM1,of3,apo,64.3851020867237,76.17913125257645,58.93058056301541,,True
7290,ACM1,of3,apo,64.28404647285797,76.01413061707566,58.49660110473633,,True
7291,ACM1,of3,apo,64.76243437759639,77.15359530481942,58.301715003119575,,True
7292,ACM1,of3,apo,64.10534035911778,76.57549004989615,58.42682096693251,,True
7293,ACM1,of3,apo,64.70515741705812,77.2743392545733,58.69998550415039,,True
7294,ACM1,of3,apo,64.85755863035583,77.61672637044266,59.31547715928819,,True
7295,ACM1,of3,apo,64.48968602401668,76.68883330072676,57.91775978936089,,True
7296,5HT5A,of3,cognate,72.03448229833134,83.15082821975366,59.12178039550781,1.3714,False
7297,5HT5A,of3,cognate,73.10879679985685,84.89385087138473,65.64249504937067,1.0503,False
7298,5HT5A,of3,cognate,73.4817414508023,83.8972492945177,60.747796800401474,1.1467,False
7299,AA2AR,of3,apo,67.5712364595668,77.5856735173001,64.53029727935791,2.8827,False
7300,5HT2C,of3,cognate,67.84783310097332,86.42542420612958,73.48757275668058,0.9436,True
7301,5HT2C,of3,cognate,67.44604499663454,86.48294793878969,73.15699178522283,0.9405,True
7302,5HT2C,of3,cognate,68.15171109214386,86.56785741087678,73.20475422252308,0.931,True
7303,5HT2C,of3,cognate,67.06938998929964,86.46977809985822,73.55727594549006,0.8895,True
7304,AA1R,of3,apo,79.32572396263295,82.57267753928599,68.2760502208363,2.2457,False
7305,AA1R,of3,apo,78.82871125139637,82.54389562716904,68.92103611339222,2.2771,False
7306,AA1R,of3,cognate,73.67914301398257,74.25244014910632,45.98907682630751,0.7758,False
7307,ACM1,of3,apo,64.75237880773545,76.99460841055728,57.95200051201714,,True
7308,5HT5A,of3,cognate,72.1343246558512,83.03827337032445,59.27099397447374,1.1409,False
7309,AA1R,of3,apo,79.39727095482824,83.6418133975245,71.70156340165572,2.2766,False
7310,AA1R,of3,apo,79.32961992812938,83.54901398214255,71.68783673373136,2.2415,False
7311,5HT5A,of3,cognate,73.17231206506767,83.69755229658207,61.60793431599935,1.1848,False
7312,ACM1,of3,apo,64.82787685653886,77.12975131019026,58.51731491088867,,True
7313,ACM1,of3,apo,64.33227595895363,76.75333846390161,57.42544174194336,,True
7314,ACM1,of3,apo,64.23783384061143,76.07113970208134,58.18738894992404,,True
7315,5HT5A,of3,cognate,71.61672034179077,81.31048246517153,58.92075771755643,1.0741,False
7316,5HT2C,of3,cognate,67.7832286967179,87.04029733719764,74.58682077581233,0.9499,True
7317,5HT2C,of3,cognate,67.72188241422919,87.17179736347941,74.70397637107156,0.9283,True
7318,5HT2C,of3,cognate,67.53506406219756,86.81865139972253,74.50113010406494,0.9337,True
7319,5HT5A,of3,cognate,72.05164592493813,82.4747058982629,57.285461001925995,1.0879,False
7320,5HT5A,of3,cognate,71.61853370644377,82.5412907214392,61.630188412136505,1.0899,False
7321,5HT5A,of3,cognate,72.51958283925984,83.26671054273113,61.21779251098633,1.1167,False
7322,5HT5A,of3,cognate,71.46226229939117,82.50739858138785,61.02174335055881,1.1245,False
7323,AA1R,of3,apo,78.75052651812473,82.4573130009804,68.01694835316052,2.2773,False
7324,5HT5A,of3,cognate,73.19542673625061,83.36461331462448,62.43362299601237,1.1153,False
7325,5HT5A,of3,cognate,72.3243741645718,83.97070832809844,64.60535049438477,1.2298,False
7326,5HT5A,of3,cognate,72.50129201743296,83.55907805700151,61.97084299723307,1.162,False
7327,5HT5A,of3,cognate,72.03910725971477,82.10014773633058,55.77714962429471,1.1592,False
7328,AA2AR,of3,cognate,69.57297937873433,84.33394110436049,71.76668739318848,0.9337,False
7329,ACM1,of3,apo,64.43885321380338,76.23258185261427,57.38029988606771,,True
7330,ACM1,of3,apo,64.91621457759899,77.03937055706118,57.73133214314779,,True
7331,ACM2,of3,apo,63.39374347658468,74.8800463700948,49.88256581624349,1.5629,False
7332,ACM2,of3,apo,63.10549915543447,74.96002990450178,50.27177090115018,1.5971,False
7333,ACM2,of3,apo,63.91770527419214,77.23414868122916,59.67832989162869,2.3953,False
7334,ACM2,of3,apo,63.805882990345864,76.32119762967675,54.97636032104492,1.9982,False
7335,AA1R,of3,cognate,77.70167883487929,83.7977118170657,67.7262112010609,2.3389,False
7336,5HT5A,of3,cognate,72.85160312505606,83.48507790707235,58.94825998942057,1.3775,False
7337,5HT5A,of3,cognate,71.95566604294184,82.95117259274657,58.40899785359701,1.1105,False
7338,5HT5A,of3,cognate,72.34114265954271,83.13528759602687,59.22406472100152,1.091,False
7339,AA2AR,of3,apo,68.46138853147993,77.64637202375035,61.74311065673828,2.9389,False
7340,5HT5A,of3,cognate,71.47460356293266,82.43302759019156,61.296075608995224,1.1174,False
7341,5HT5A,of3,cognate,71.308004585623,81.41290115495437,57.73685836791992,1.0805,False
7342,5HT5A,of3,cognate,71.92705794734688,82.64488846396299,61.57763671875,1.0695,False
7343,5HT5A,of3,cognate,71.10818492954735,81.32991525857824,59.774381425645615,1.1305,False
7344,ACM2,of3,apo,63.435093689758055,75.32148149762834,50.60870022243924,1.5918,False
7345,ACM2,of3,apo,63.83030049893955,75.40082077027056,51.37604607476128,1.611,False
7346,ACM2,of3,apo,63.89370461715274,76.59239704770616,56.80929819742838,2.0318,False
7347,ACM1,of3,apo,64.20091971909898,76.49082781316227,58.28981060451932,,True
7348,AA2AR,of3,cognate,70.56957393566357,86.50971557332323,75.19922955830891,0.8931,False
7349,AA2AR,of3,cognate,70.98308933135813,86.95222300598287,76.02862612406413,0.7607,False
7350,AA2AR,of3,cognate,71.06540108967543,86.39234949544051,68.06210295359294,0.5933,False
7351,AA1R,of3,cognate,77.02435719040834,82.46327115899729,65.60742222179066,2.234,False
7352,AA1R,of3,cognate,77.51905141536965,82.54413576602249,65.57488424127752,2.1312,False
7353,AA1R,of3,cognate,74.61320662705953,77.21418350786014,53.06289206610786,1.473,False
7354,AA1R,of3,cognate,77.81748322872339,83.4035142198235,66.15848159790039,2.3192,False
7355,AA1R,of3,cognate,77.02438412117367,82.39566467753048,65.75735092163086,2.2822,False
7356,ACM2,of3,apo,64.07594782171977,77.26715190859241,58.20454957750108,2.2807,False
7357,ACM2,of3,apo,64.03440070214077,77.17143254174815,57.24381086561415,2.274,False
7358,ACM2,of3,apo,63.69116439786985,75.72409407418183,52.48795403374566,1.7421,False
7359,ACM2,of3,apo,63.95552681616373,77.29391832517513,58.00798882378472,2.265,False
7360,ACM2,of3,apo,64.17788816453908,77.17685322500066,57.350833892822266,2.2128,False
7361,ACM2,of3,apo,63.357687876142265,75.5586426538616,51.14111073811849,1.6467,False
7362,ACM2,of3,apo,63.912270875902294,75.88049974602536,52.34838655259874,1.8413,False
7363,ACM2,of3,apo,63.31920862017322,74.70412587360558,50.42068608601888,1.6087,False
7364,ACM2,of3,apo,63.447791919515026,75.17373930467328,50.67082426283095,1.6053,False
7365,ACM2,of3,apo,63.704717682088464,75.7088067559728,52.15834935506185,1.8288,False
7366,ACM2,of3,apo,63.55381080339982,75.50857430791787,51.47439617580838,1.7676,False
7367,ACM2,of3,apo,63.94317737509082,75.0289302490628,49.04408857557509,1.4329,False
7368,ACM1,of3,apo,64.3057273836137,77.15019806467609,58.43144777086046,,True
7369,ACM1,of3,apo,64.40234979958882,76.46884092524282,57.72175852457682,,True
7370,ACM1,of3,cognate,64.85205963860612,80.27521157379618,45.43840238783095,,True
7371,ACM2,of3,apo,63.66946488002321,75.19044561174181,51.05823050604926,1.6232,False
7372,AA1R,of3,cognate,74.39789017038927,77.42174909575849,52.375922732883026,1.6075,False
7373,AA1R,of3,cognate,76.42277632317789,81.27862319534819,65.45438681708441,2.0106,False
7374,AA1R,of3,cognate,76.84832670195937,82.51285899160916,67.61445201526989,2.2533,False
7375,AA2AR,of3,cognate,69.79361767429948,85.25046910742833,72.71055062611897,0.8296,False
7376,AA1R,of3,cognate,74.31014977458376,74.85029414768,48.63708919949002,0.8627,False
7377,AA1R,of3,cognate,76.720938530125,81.49749148992233,63.07018280029297,2.062,False
7378,AA1R,of3,cognate,76.45827347885931,81.75035981866361,64.46551583030008,2.1438,False
7379,AA1R,of3,cognate,73.8277705484378,75.01542198748817,47.296577877468536,1.0933,False
7380,ACM4,of3,apo,67.7941136891934,79.89783429099025,62.2039101340554,2.5794,False
7381,ACM4,of3,apo,67.84940243311073,80.13839197927395,61.25309371948242,2.4999,False
7382,ACM4,of3,apo,67.65949703595018,79.75814078447968,62.70466440374201,2.5854,False
7383,ACM4,of3,apo,68.26329052609783,79.95264559065967,62.818959669633344,2.5028,False
7384,ACM4,of3,apo,67.71369884413552,79.49182219267236,62.46039511940696,2.5209,False
7385,ACM4,of3,apo,67.91130422266173,79.87232904507829,62.66608220880682,2.5245,False
7386,ACM4,of3,apo,67.65826395743808,79.51399316621894,62.15587615966797,2.4608,False
7387,ACM4,of3,apo,67.77077635871869,79.00388436353913,60.61540777033026,2.067,False
7388,ACM4,of3,apo,67.96469839685112,79.97361126385728,62.69962692260742,2.3549,False
7389,ACM4,of3,apo,67.98116435561813,79.90692911498301,63.1017521944913,2.4615,False
7390,ACM4,of3,apo,67.7695621741842,79.8289189227491,62.55354274402965,2.417,False
7391,ACM4,of3,apo,67.73753912700893,79.769318068086,61.48405283147638,2.4338,False
7392,ACM4,of3,apo,68.33906129145288,80.55219430920708,63.7918156710538,2.6879,False
7393,ACM4,of3,apo,68.33955275470585,80.69075342574676,63.302004380659625,2.6335,False
7394,ACM4,of3,apo,68.2567778257145,79.74008869389263,62.874876195734196,2.4409,False
7395,ACM4,of3,apo,67.999270727799,79.8808120120105,61.91404030539773,2.5019,False
7396,ACM2,of3,apo,64.56328386809939,77.45016358389998,57.28949864705404,2.2324,False
7397,ACM2,of3,apo,64.08263812986246,75.37208664345705,50.36758889092339,1.568,False
7398,ACM2,of3,apo,64.36572049605311,76.60374676447067,53.65217971801758,1.9207,False
7399,AA2AR,of3,cognate,70.7702005310452,86.84768468141212,76.4304879506429,0.8685,False
7400,AA1R,of3,cognate,76.7827936610045,82.12493229056848,67.2496469671076,2.1759,False
7401,AA1R,of3,cognate,76.93074200594312,82.57789955455675,66.25618362426758,2.192,False
7402,AA1R,of3,cognate,77.85247111039482,83.64853911910394,67.65266036987305,2.2223,False
7403,AA1R,of3,cognate,73.99325965130554,74.47583024706847,47.28415637546115,0.721,False
7404,AA1R,of3,cognate,76.72451275938687,82.90765688987007,66.76182521473278,2.3115,False
7405,AA1R,of3,cognate,77.1390968899358,82.78836303904976,65.95716545798562,2.2358,False
7406,AA1R,of3,cognate,77.79806428613438,83.46985950277308,66.6806938864968,2.2565,False
7407,ACM2,of3,apo,63.095902896762865,74.96152418007239,51.02322557237413,1.5132,False
7408,AA1R,of3,cognate,77.75286937559342,83.23056899036337,67.64662794633345,2.1724,False
7409,AA1R,of3,cognate,77.28392195520124,83.51046628390554,62.317250685258344,2.3085,False
7410,AA1R,of3,cognate,72.98235024785411,73.59394693205367,46.39127561781142,1.0423,False
7411,AA1R,of3,cognate,76.5577318854925,81.91433773745362,67.3236014626243,2.2282,False
7412,ACM4,of3,apo,68.1148733091749,79.92201562714266,61.96050331809304,2.5653,False
7413,ACM4,of3,apo,68.38754177710433,80.04136725958293,62.75286587801847,2.5973,False
7414,ACM4,of3,apo,67.97616437874544,79.93528422742351,63.55447110262784,2.6605,False
7415,AA2AR,of3,cognate,69.93451491303269,86.08745829611112,72.08074919382732,0.8431,False
7416,ACM2,of3,cognate,66.70637605591945,86.20964291485873,69.20943239000108,1.0822,False
7417,ACM4,of3,apo,67.9218358875421,79.81963116159343,62.278264479203656,2.6623,False
7418,ACM4,of3,apo,68.0336526655368,80.42569713308353,62.557609211314805,2.5571,False
7419,ACM2,of3,apo,64.39374475134099,75.13219462937607,49.29633585611979,1.5438,False
7420,AA2AR,of3,cognate,70.38098563729274,86.31500036320817,73.05563640594482,0.8025,False
7421,AA2AR,of3,cognate,70.10520385205658,87.29540093958636,75.88706080118816,0.808,False
7422,AA2AR,of3,cognate,70.32239124561079,86.74382596548502,68.68960507710774,0.6503,False
7423,ACM4,of3,apo,67.98824548883076,80.24843359520597,62.28729248046875,2.5471,False
7424,AA2AR,of3,cognate,70.90525806537636,86.36476204848735,71.28564389546712,0.6504,False
7425,AA2AR,of3,cognate,70.4899490853574,87.61031060174773,75.30969842274983,0.6124,False
7426,AA2AR,of3,cognate,70.44393678826772,87.73397463751733,74.4573221206665,0.6419,False
7427,AA2AR,of3,cognate,70.7161277668907,87.69598520084892,75.05642700195312,0.7595,False
7428,ADA2A,of3,apo,61.94739253202445,75.40273514183397,57.811306423611114,,True
7429,ADA2A,of3,apo,62.27304120783022,75.78031891848961,59.0224249098036,,True
7430,ADA2A,of3,apo,61.90792818559576,75.28138058965169,58.346954345703125,,True
7431,ADA2A,of3,apo,62.21099046421283,75.53226028004765,59.3662838406033,,True
7432,AA2AR,of3,cognate,69.72875340622267,86.81508177841897,74.55892562866211,0.6113,False
7433,AA2AR,of3,cognate,70.65579248391934,88.09154699483818,76.17722988128662,0.652,False
7434,AA2AR,of3,cognate,70.3088721841767,87.53432178967958,72.58991877237956,0.5952,False
7435,AA2AR,of3,cognate,70.07545434794972,86.68657127249637,73.72160339355469,0.8195,False
7436,ACM1,of3,cognate,62.99849610866825,76.7743581371046,47.347564697265625,,True
7437,ACM1,of3,cognate,65.46888326714034,79.6662302249025,40.17659123738607,,True
7438,ACM1,of3,cognate,64.868206579782,79.88348140834213,48.38689295450846,,True
7439,ACM2,of3,cognate,66.73723583215293,86.30905827192001,67.91164694892035,1.146,False
7440,AA2AR,of3,cognate,70.57485513022021,86.57998908652543,72.13003094991048,0.7047,True
7441,AA2AR,of3,cognate,69.79608275997454,84.98938668143698,73.65995195176866,0.8772,False
7442,AA2AR,of3,cognate,70.0050306599902,84.98719410040334,73.35330804189046,0.8391,False
7443,ACM1,of3,cognate,65.14347722134451,80.37123775507636,44.44359461466471,,True
7444,ADA2A,of3,apo,62.09156775536461,75.64528576105016,58.62676027086046,,True
7445,ADA2A,of3,apo,61.31198215006916,74.87913639796588,58.59235127766927,,True
7446,ADA2A,of3,apo,61.93260362188023,75.59933341633877,59.5619142320421,,True
7447,ACM1,of3,cognate,64.55286814506698,78.65562343853377,42.10993660820855,,True
7448,ADA2A,of3,apo,61.246453820863096,74.8082457464873,59.04725562201606,,True
7449,ADA2A,of3,apo,62.737691503591016,75.89438542388734,58.99611579047309,,True
7450,ADA2A,of3,apo,62.330628662369065,75.66078827614392,59.79701614379883,,True
7451,ACM1,of3,cognate,64.92533672197243,78.67898344223633,49.5133785671658,,True
7452,ADA2A,of3,apo,62.804331313158265,75.71817582857041,59.31594212849935,,True
7453,ADA2A,of3,apo,62.39784010997032,75.50346627355138,58.23017332288954,,True
7454,ADA2A,of3,apo,62.72932689465326,76.38334787798823,57.885200076633026,,True
7455,ACM4,of3,apo,68.16273456865001,79.88068593956174,62.692435177889735,2.5652,False
7456,ACM2,of3,cognate,66.79980195197811,86.32073009606565,71.54124450683594,1.0948,False
7457,ACM2,of3,cognate,65.61208828020743,83.22846564458045,51.82084486219618,1.2153,False
7458,ACM2,of3,cognate,67.52849983293939,87.02720831246259,74.31646982828777,1.1581,False
7459,AA2AR,of3,cognate,70.6746724271818,87.71850145326204,73.21256256103516,0.6191,False
7460,ADA2A,of3,apo,62.33616269009961,75.91820322939499,58.12909020317925,,True
7461,ADA2A,of3,apo,62.819401497596054,76.17928544374084,59.592347886827255,,True
7462,ADA2A,of3,apo,62.23138471118884,76.14504114865224,59.89789411756728,,True
7463,ADA2A,of3,apo,62.39454527619508,75.85783814296062,59.45601018269857,,True
7464,AA2AR,of3,cognate,70.49450336804125,87.59778448031922,72.80891036987305,0.6138,False
7465,AA2AR,of3,cognate,70.55045520201257,87.53690672976286,72.7117125193278,0.6033,False
7466,AA2AR,of3,cognate,70.33137049795167,87.2851469036339,71.79994297027588,0.5625,False
7467,ACM1,of3,cognate,65.34088872238416,80.31014692390464,50.224845462375214,,True
7468,ACM4,of3,apo,67.69511777152715,79.23774582684642,61.618988037109375,2.4084,False
7469,ACM4,of3,apo,68.08652246162393,79.9683002432153,63.10264032537287,2.5708,False
7470,ACM4,of3,cognate,68.12105105244109,85.78821383832681,64.52840770374645,1.011,False
7471,ADA2A,of3,apo,62.802669281872305,75.9550778273105,58.69804679022895,,True
7472,ACM1,of3,cognate,64.6294764007748,78.60898170722339,47.674576653374565,,True
7473,ACM1,of3,cognate,63.46930061601877,77.2703279419826,44.990600162082245,,True
7474,ACM1,of3,cognate,64.74576050224893,79.6629567437289,45.21582963731554,,True
7475,ADA2A,of3,apo,62.66435530051924,75.8370370164819,59.49188359578451,,True
7476,ACM1,of3,cognate,65.55189008840901,80.8769005093774,51.57155524359809,,True
7477,ACM1,of3,cognate,65.28455661031023,79.91283571801316,48.172391679551865,,True
7478,ACM1,of3,cognate,65.23572339039957,79.41888145790816,47.7699351840549,,True
7479,ACM1,of3,cognate,64.7794669442032,80.11110191941778,42.437378777398,,True
7480,ADA2A,of3,apo,62.06534212775333,75.72438685049056,58.87426969740126,,True
7481,ADA2A,of3,apo,62.50807103058242,76.10602402846705,60.04795583089193,,True
7482,ADA2A,of3,apo,62.49701508767255,76.0034711704901,60.17986551920573,,True
7483,ACM2,of3,cognate,67.68525829849035,86.77525061165615,73.94352171156142,1.1067,False
7484,ADRB1,of3,apo,67.21751042916992,78.58785114977094,60.3614010281033,,True
7485,ADRB1,of3,apo,67.21023346333494,78.4837128468991,60.09131113688151,,True
7486,ADRB1,of3,apo,66.9528610851639,78.09605687417337,57.98173353407118,,True
7487,ADRB1,of3,apo,67.04482020272624,78.12686656275525,59.39821921454536,,True
7488,ADRB1,of3,apo,67.1085093608657,77.75326324967253,58.32449383205838,,True
7489,ADRB1,of3,apo,66.82844717723579,77.95485119060692,59.50577248467339,,True
7490,ADRB1,of3,apo,66.44083064570984,77.9892264727046,59.581250508626304,,True
7491,ADRB1,of3,apo,67.08325807407147,77.52478184854144,58.27794308132596,,True
7492,ADRB1,of3,apo,66.90456577051194,77.63381510472401,58.22595723470052,,True
7493,ADRB1,of3,apo,67.01244859877451,77.74677089486114,59.23818800184462,,True
7494,ADRB1,of3,apo,67.02061545282496,77.52302595112403,58.53648334079318,,True
7495,ADRB1,of3,apo,66.61264255968874,77.51527902339616,58.70465087890625,,True
7496,ADRB1,of3,apo,67.12758019097352,77.64082999210164,56.93299272325304,,True
7497,ADRB1,of3,apo,67.2139153417948,77.81273496976664,56.28221554226346,,True
7498,ADRB1,of3,apo,67.11546540571608,78.18799093119853,59.07955805460612,,True
7499,ADRB1,of3,apo,66.6610462526373,77.6374252275024,57.49806552463107,,True
7500,ACM1,of3,cognate,64.33103253092159,78.11688993268197,28.862499872843426,,True
7501,ACM1,of3,cognate,65.55238007852279,80.49714058148054,49.05948681301541,,True
7502,ACM1,of3,cognate,64.22527359062144,78.34658771771544,49.737730238172745,,True
7503,ADA2A,of3,apo,61.612460464332,75.13755570538976,58.05519061618381,,True
7504,ADRB1,of3,apo,67.13697483422385,78.02480584622806,58.283744388156464,,True
7505,ADRB1,of3,apo,65.31559142684459,76.69723120165078,59.99925062391493,,True
7506,ADRB1,of3,apo,67.26660935863066,77.76076654500947,60.20677227444119,,True
7507,ACM2,of3,cognate,66.10646403547902,85.19139557369171,56.9052848815918,1.1071,False
7508,ACM1,of3,cognate,64.14521040317877,78.00017439200936,47.58789189656576,,True
7509,ACM1,of3,cognate,64.76501278256299,80.12649858946064,50.50892851087782,,True
7510,ACM1,of3,cognate,65.85100368625375,80.25877984125377,53.11028162638346,,True
7511,ADA2A,of3,apo,62.52572612811179,75.95961015984093,59.66196611192491,,True
7512,ACM1,of3,cognate,66.21890908241153,79.38383630502103,50.556649102105034,,True
7513,ACM1,of3,cognate,64.15813079543751,79.30683612941836,47.81072447035048,,True
7514,ACM1,of3,cognate,64.85344831578936,79.12057014710976,50.97691218058268,,True
7515,ACM1,of3,cognate,64.56584957025066,78.17123612399052,44.54589716593424,,True
7516,ACM2,of3,cognate,66.80496475271123,84.89536270905367,59.79956181844076,1.0675,False
7517,ACM2,of3,cognate,66.97916650044668,86.25512767498627,70.14025624593098,1.0923,False
7518,ACM2,of3,cognate,66.97432458681303,85.12023066881243,66.25257619222005,1.096,False
7519,ACM2,of3,cognate,67.08818735059492,86.63124370817154,72.35718960232205,1.1375,False
7520,ACM2,of3,cognate,67.04381198273046,86.20173674920593,71.77736239963107,1.1671,False
7521,ACM2,of3,cognate,66.25231064060141,85.57970120174028,56.894917805989586,1.124,False
7522,ACM2,of3,cognate,68.45027510702346,86.84733697395819,72.89308887057834,1.0633,False
7523,ACM2,of3,cognate,66.63752869491461,86.51757609390765,68.74148813883464,1.1202,False
7524,ACM2,of3,cognate,66.03696533414825,86.45100341048246,67.13965267605252,1.1744,False
7525,ACM2,of3,cognate,65.03158740192767,84.08782517785463,55.00751071506076,1.2186,False
7526,ACM2,of3,cognate,65.99511903981048,84.60137465965525,54.7053591410319,1.1566,False
7527,ADRB1,of3,apo,66.56607478626171,77.89883589697091,59.87531450059679,,True
7528,ADRB1,of3,apo,66.96481716293529,77.63691382067545,59.88172912597656,,True
7529,ADRB1,of3,apo,66.84022326399489,77.34051050530883,58.14712651570638,,True
7530,ADRB1,of3,cognate,69.41631748013417,88.56735050223435,68.81837972005208,,True
7531,ACM4,of3,cognate,67.67680530680482,85.5621751270184,65.30874252319336,0.8799,False
7532,ADRB2,of3,apo,69.01123399106798,76.24820769249447,51.91262181599935,1.8835,False
7533,ADRB2,of3,apo,68.7583743628894,76.68983612884863,57.28695382012261,2.5145,False
7534,ADRB2,of3,apo,68.66218421028067,75.85242180253864,50.589776357014976,1.8445,False
7535,ADA2A,of3,apo,62.32538036440561,75.93757379941954,59.32775370279948,,True
7536,ACM2,of3,cognate,66.18535875618399,85.61042734429607,70.61069573296442,1.2891,False
7537,ACM2,of3,cognate,66.39757901492965,85.12017994412784,71.20423295762804,1.1943,False
7538,ACM2,of3,cognate,67.03609540376794,86.60817723054048,71.80573357476129,1.208,False
7539,ACM2,of3,cognate,66.8535027228747,87.72761229333425,74.06955210367839,1.1041,False
7540,ADRB2,of3,apo,69.36047400394509,76.8688653252548,56.865555657280815,2.4054,False
7541,ADRB2,of3,apo,69.35385879975493,76.64976761767703,55.47555499606662,2.2393,False
7542,ADRB2,of3,apo,69.49477545261504,76.82752049997943,55.57795164320204,2.1989,False
7543,ADRB2,of3,apo,69.0811972200572,76.73988068909529,54.87287902832031,2.2434,False
7544,ACM2,of3,cognate,67.21146230757063,85.79056491383913,68.20384385850694,1.0726,False
7545,ACM2,of3,cognate,68.17038959701101,87.33276564536156,70.47798580593533,1.0909,False
7546,ACM2,of3,cognate,68.23606011081668,87.2268007173029,72.56636089748807,1.1104,False
7547,ADRB1,of3,apo,67.10531526428727,77.63256645302408,59.999076419406464,,True
7548,ADRB2,of3,apo,69.22257967587852,75.81842414246321,52.36310280693902,1.8535,False
7549,ADRB2,of3,apo,69.12653339715374,76.45055379919847,55.35510126749674,2.1099,False
7550,ADRB2,of3,apo,68.83304541439794,76.1714289591254,54.68011220296224,1.9861,False
7551,ADRB2,of3,apo,69.04090078836495,76.33905428313933,53.5789909362793,2.1064,False
7552,ADRB2,of3,apo,69.36148372413055,76.67180809610679,56.46667734781901,2.2716,False
7553,ADRB2,of3,apo,69.18761866269175,76.69283256340853,56.21622678968642,2.4394,False
7554,ADRB2,of3,apo,69.22727249583504,76.70484754453663,55.537635803222656,2.2016,False
7555,ADRB2,of3,apo,68.79078091454657,76.99350319878191,56.158935546875,2.3642,False
7556,ADRB2,of3,apo,68.60023502131865,75.79722070978833,49.76498879326714,1.6488,False
7557,ADRB2,of3,apo,68.98157387990034,76.51712661962662,55.036035749647354,2.1548,False
7558,ADRB2,of3,apo,68.50227293706266,76.5541534677178,54.144258711073135,2.0922,False
7559,ADRB2,of3,apo,68.54351225783479,76.4526352583691,56.99356672498915,2.3379,False
7560,ADA2A,of3,cognate,65.06036857886471,83.66245785455168,69.15008205837674,,True
7561,ADRB1,of3,apo,67.26622020398942,78.53760567946523,60.22274314032661,,True
7562,ADRB1,of3,apo,67.37341174807217,78.17683436635252,59.84150229560005,,True
7563,ACM4,of3,cognate,68.40212327569922,86.59473014243925,56.26827690818093,0.9411,False
7564,ADRB2,of3,apo,68.9317746468782,76.17512516902467,56.159796396891274,2.1956,False
7565,ADRB2,of3,apo,68.40832334066454,76.05107998243142,54.94616148206923,2.1283,False
7566,ADRB2,of3,apo,68.62847965654618,76.39983641618946,57.10677634345161,2.3277,False
7567,ACM4,of3,cognate,67.26604666446305,84.22545704593907,66.23466907848011,1.2689,False
7568,ACM4,of3,cognate,67.43844030879153,84.95218078629794,66.0536662015048,1.1943,False
7569,ACM4,of3,cognate,68.09068350954513,85.80982458539856,63.873611796985976,0.8226,False
7570,ACM4,of3,cognate,68.69478030707616,85.65585455502267,63.209598541259766,0.9773,False
7571,ADA2A,of3,cognate,65.62070892572798,85.06644304170923,71.092465294732,,True
7572,ACM4,of3,cognate,68.21106111626528,85.6808293225067,55.89370450106534,1.2781,False
7573,ACM4,of3,cognate,69.62792338588594,88.23722240018638,66.9482404535467,0.7468,False
7574,ACM4,of3,cognate,68.42307087718753,86.5796605000489,56.44654950228605,0.8389,False
7575,ACM4,of3,cognate,69.1133488615847,87.59048855946693,65.27670218727805,0.6472,False
7576,ACM4,of3,cognate,66.43182579434477,83.80359495721682,62.96667619185014,0.9778,False
7577,ACM4,of3,cognate,64.61533109060619,78.33966560096796,58.8845478404652,1.4059,False
7578,ACM4,of3,cognate,68.40750792784158,86.08366346774851,66.09924385764383,0.9439,False
7579,ADRB2,of3,apo,69.00256574390454,76.59916891994587,55.675390031602646,2.2733,False
7580,ADA2A,of3,cognate,67.55583208713585,86.85696357443564,74.74907981024847,,True
7581,ADA2A,of3,cognate,67.57294906837505,87.54796907997407,75.17605929904514,,True
7582,ADA2A,of3,cognate,67.90322971836109,87.60202821366887,77.15001169840495,,True
7583,ADRB2,of3,apo,68.87952577564576,76.64581451738034,54.55376858181424,2.1902,False
7584,AGTR1,of3,apo,68.1210786616069,71.52476695205914,46.96722984313965,1.4207,False
7585,AGTR1,of3,apo,68.69486505080133,72.17842137214252,47.42735528945923,1.346,False
7586,AGTR1,of3,apo,69.00793420319962,72.07354000593159,46.25004005432129,1.1571,False
7587,AGTR1,of3,apo,70.82494029509441,74.76819492186647,45.161845207214355,2.235,False
7588,AGTR1,of3,apo,70.07288759839582,73.0090666452562,48.063021659851074,1.2279,False
7589,AGTR1,of3,apo,69.62762912612867,72.55140221908151,46.007261753082275,1.3982,False
7590,AGTR1,of3,apo,68.74103555385729,71.9718622628194,47.5853385925293,1.3163,False
7591,AGTR1,of3,apo,70.8876726696999,75.36057660267983,46.12686204910278,2.2693,False
7592,ACM4,of3,cognate,67.57224048047398,85.65704368316078,66.28291147405452,0.9463,False
7593,ACM4,of3,cognate,65.20609518355604,82.52018935676949,61.881133339621805,1.337,False
7594,ACM4,of3,cognate,67.58957760146876,84.54370568322243,65.37096335671164,1.026,False
7595,ACM4,of3,cognate,67.10164154715541,83.22699053764343,63.79593138261275,1.3513,False
7596,AGTR1,of3,apo,69.78825298326588,73.25493307904935,47.48040008544922,1.1734,False
7597,AGTR1,of3,apo,70.42787707631086,74.68631290150928,45.2304801940918,2.15,False
7598,AGTR1,of3,apo,70.8242241484898,75.10537360354421,45.73533058166504,2.2588,False
7599,AGTR1,of3,apo,70.82413362707125,75.10456411036235,46.031365394592285,2.1633,False
7600,AGTR1,of3,apo,70.50345932290013,74.79171589787389,45.1601243019104,2.2413,False
7601,AGTR1,of3,apo,70.8601397960171,75.19640661713021,45.32714128494263,2.2572,False
7602,AGTR1,of3,apo,71.21655002676096,75.58372217543713,46.451566219329834,2.2094,False
7603,ADA2A,of3,cognate,63.32147287268699,77.78622787582239,58.340913984510635,,True
7604,ACM4,of3,cognate,65.43369634005921,82.87220699657094,63.14824676513672,0.8893,False
7605,ACM4,of3,cognate,67.13099161457441,84.33842463092887,54.19848563454368,1.0023,False
7606,ACM4,of3,cognate,67.3215139296073,84.94594836367158,65.12221110950817,1.2138,False
7607,ACM4,of3,cognate,67.93543072914947,86.5973905911659,66.78421506014737,0.9509,False
7608,ACM4,of3,cognate,68.9300158247485,86.75576152578576,67.88188379461116,0.812,False
7609,ACM4,of3,cognate,69.27161244715293,86.35491601619198,67.86331696943803,0.9526,False
7610,ACM4,of3,cognate,67.56057822265333,84.66772510422601,61.95637477527965,0.9064,False
7611,ADA2A,of3,cognate,67.86142376278734,88.00227720659706,76.87113867865668,,True
7612,AGTR1,of3,apo,70.68042682893389,74.99209607341761,44.713661193847656,2.2324,False
7613,AGTR1,of3,apo,70.69880581343945,74.85436377511567,46.463003635406494,2.215,False
7614,AGTR1,of3,apo,70.6892140307587,74.96793635185318,46.22217559814453,2.2626,False
7615,ADRB1,of3,cognate,67.02209839002411,88.07324265802062,70.3761478000217,,True
7616,ADA2A,of3,cognate,67.69888092422802,87.68084828413927,75.389894273546,,True
7617,ADA2A,of3,cognate,63.388056604885264,78.1733154461738,55.97446992662218,,True
7618,ADA2A,of3,cognate,61.84778355333059,76.67964293058816,52.92064412434896,,True
7619,ADA2A,of3,cognate,66.22962988991766,85.0936048543608,72.00653584798177,,True
7620,ADA2A,of3,cognate,66.82927107548677,87.14293045875141,74.60356987847223,,True
7621,ADA2A,of3,cognate,66.33698479923729,86.35957227397276,74.73177337646484,,True
7622,ADA2A,of3,cognate,66.14129901444522,85.84074995577592,73.94417232937283,,True
7623,AGTR1,of3,apo,69.89786262673972,73.65520412297818,44.326459884643555,2.148,False
7624,ADA2A,of3,cognate,64.49774634492313,84.22467812649613,70.39606221516927,,True
7625,ADA2A,of3,cognate,65.21853223690464,84.25882177603366,69.14714982774522,,True
7626,ADA2A,of3,cognate,66.41047308592898,85.76967377464493,73.3371001349555,,True
7627,ADA2A,of3,cognate,61.1965169093894,75.35865499405634,36.87540859646268,,True
7628,ADA2A,of3,cognate,62.30819517877589,76.4624101192301,49.57317776150174,,True
7629,ADA2A,of3,cognate,62.19330780684553,76.63594745190112,51.70830196804471,,True
7630,ADA2A,of3,cognate,62.12813214641899,76.36394624009621,51.665317111545136,,True
7631,ADA2A,of3,cognate,61.155569856278305,75.26705978361215,51.950615353054474,,True
7632,ADA2A,of3,cognate,63.657487192946775,78.5444133379277,58.26020516289605,,True
7633,ADA2A,of3,cognate,60.991694130667945,75.98527421714597,56.773253970675995,,True
7634,ADA2A,of3,cognate,65.34609176860174,83.67523344254597,70.76868565877278,,True
7635,AGTR1,of3,apo,70.83322000400118,75.64577077030962,51.25861120223999,2.3,False
7636,APJ,of3,apo,68.48936561736483,73.2048131902703,56.41942700472745,1.3652,True
7637,APJ,of3,apo,68.16481275110516,73.0157175519456,56.999197179620914,1.7499,True
7638,APJ,of3,apo,68.4404007644482,73.02182984300505,55.561894850297406,1.2034,True
7639,ADRB2,of3,apo,68.75342845998017,76.59125572602986,57.51069217258029,2.3826,False
7640,ADRB2,of3,cognate,74.42312657540717,87.9431375783312,56.83083046807183,1.2458,False
7641,AGTR1,of3,apo,69.68143251760648,72.68309622065502,46.11581897735596,1.2108,False
7642,AGTR1,of3,apo,70.88201220177989,74.69308889846609,45.47201728820801,2.3049,False
7643,APJ,of3,apo,67.805355250786,72.18480478829636,55.746888247403234,1.3605,True
7644,APJ,of3,apo,67.97252852123329,72.24152960958934,54.843660528009586,1.5108,True
7645,APJ,of3,apo,68.25191947973063,72.92398601228541,56.2138522755016,2.1861,True
7646,APJ,of3,apo,67.95277583747499,72.37546988755592,55.20115800337358,1.3248,True
7647,ADRB1,of3,cognate,68.96744983217168,88.02547050815983,69.31750869750977,,True
7648,APJ,of3,apo,67.71990071253542,72.33853172413716,54.67162184281783,1.4684,True
7649,APJ,of3,apo,67.60581666008599,72.2847342495072,54.833556782115586,1.2812,True
7650,APJ,of3,apo,67.34728789669784,72.0441543654033,53.563929471102625,1.5702,True
7651,APJ,of3,apo,68.74991807640717,74.0334380653307,57.11976484818892,1.9608,True
7652,APJ,of3,apo,68.49206274060424,73.21900407206958,56.270830327814274,1.3589,True
7653,APJ,of3,apo,68.19268296888515,73.2027044502275,57.375831604003906,2.0981,True
7654,APJ,of3,apo,68.01577774656637,73.08129752664856,56.32582785866477,2.1548,True
7655,APJ,of3,apo,67.88520587362551,73.41932090703543,57.16246795654297,2.3941,True
7656,APJ,of3,apo,67.85608346945098,72.58601810698903,54.51210368763317,1.4835,True
7657,APJ,of3,apo,68.02129762320436,72.72671984600298,56.15604088523171,1.556,True
7658,APJ,of3,apo,67.71605848292677,72.61198462461496,56.187428907914594,1.533,True
7659,APJ,of3,apo,68.34635358633317,72.61551618035222,54.78298083218661,1.4674,True
7660,AGTR1,of3,apo,69.73809948526174,72.99954092422091,46.769893646240234,1.1956,False
7661,AGTR1,of3,apo,69.3074379810662,72.8421209778999,46.49153470993042,1.0979,False
7662,AGTR1,of3,cognate,73.88373504128855,82.45665094837997,60.26150417327881,1.1498,False
7663,ADRB1,of3,cognate,69.32412733193608,88.04981909142256,72.08683988783095,,True
7664,ADRB1,of3,cognate,67.9582591150519,87.09154877344767,68.79731126265092,,True
7665,ADRB1,of3,cognate,69.4089756649047,87.5970189959456,72.19359927707248,,True
7666,ADRB1,of3,cognate,68.06246836057109,87.36585376058306,69.9459044716575,,True
7667,AGTR1,of3,apo,70.26847417023991,74.74012801545351,46.11428165435791,2.2104,False
7668,APJ,of3,apo,67.97292062099353,72.63795672100858,56.541188673539594,1.5785,True
7669,APJ,of3,apo,68.47855907115992,73.62002067869359,56.95572211525657,2.2467,True
7670,APJ,of3,apo,68.40598692053207,72.56830812749409,54.379621332341976,1.4369,True
7671,ADRB1,of3,cognate,68.93752283648307,88.94495022881082,68.44460847642686,,True
7672,ADRB1,of3,cognate,68.57468121469113,88.58373075825139,70.63909530639648,,True
7673,ADRB1,of3,cognate,68.26452203973417,88.5874701722463,70.38188807169597,,True
7674,ADRB1,of3,cognate,65.87865268207642,84.76593477169328,64.21928151448567,,True
7675,APJ,of3,apo,68.01960662958136,72.35517574326816,54.31755308671431,1.5755,True
7676,ADRB1,of3,cognate,69.07958725126319,88.71822542738259,60.37970055474175,,True
7677,ADRB1,of3,cognate,68.61937008868745,88.87757337852301,67.96884070502387,,True
7678,ADRB1,of3,cognate,69.17415588940597,89.25872364488689,70.33331976996527,,True
7679,ADRB1,of3,cognate,68.49141104382262,87.92714130821338,71.73908954196506,,True
7680,B1B1U5,of3,apo,78.34085526609867,80.79534943329479,58.17141389846802,2.7685,True
7681,B1B1U5,of3,apo,78.42849174002392,80.89230732110671,58.11755895614624,2.8199,True
7682,B1B1U5,of3,apo,78.50309399414044,80.83440822004067,58.61218309402466,3.0929,True
7683,B1B1U5,of3,apo,78.72525711040667,81.08589327122054,58.541510581970215,2.9137,True
7684,B1B1U5,of3,apo,78.50257284903401,80.94910011165585,58.68676233291626,2.9646,True
7685,B1B1U5,of3,apo,77.65720484985643,78.64495265860923,55.17853207058377,1.5013,True
7686,B1B1U5,of3,apo,77.63017902984548,78.41902443148874,55.21757125854492,1.5191,True
7687,B1B1U5,of3,apo,77.88881758500904,80.46851799232792,57.93724966049194,2.907,True
7688,B1B1U5,of3,apo,77.8611003539988,80.29185785912159,57.713637351989746,2.8859,True
7689,B1B1U5,of3,apo,77.79305086505207,80.36803880757584,58.088197231292725,2.8962,True
7690,B1B1U5,of3,apo,77.66308520759785,80.13441439268048,58.03666925430298,2.8649,True
7691,B1B1U5,of3,apo,77.7074047448232,80.55354337407397,58.78585147857666,2.9726,True
7692,ADRB1,of3,cognate,68.04426569593063,88.42434275058784,70.37253015691584,,True
7693,ADRB1,of3,cognate,68.89464731202135,88.52877518223134,69.30244376442649,,True
7694,ADRB1,of3,cognate,67.73318307282322,88.10619226927709,68.86354361640082,,True
7695,APJ,of3,apo,67.52964406611174,72.112802586411,54.47834569757635,1.4514,True
7696,ADRB2,of3,cognate,74.11842203663797,87.09207414551388,55.46433130900065,1.1511,False
7697,ADRB2,of3,cognate,74.17672603687541,87.19744356642553,55.48923026190864,1.1387,False
7698,ADRB2,of3,cognate,74.01685880569892,87.88126805229794,64.83810975816515,1.1219,False
7699,ADRB1,of3,cognate,68.71142288249433,88.32392934796442,65.98963250054254,,True
7700,ADRB1,of3,cognate,68.46902695720459,88.43370722251882,66.88717524210612,,True
7701,ADRB1,of3,cognate,68.47478178222383,88.29845357215076,64.58821445041232,,True
7702,ADRB1,of3,cognate,68.62889230206112,87.70325194115246,60.83101484510634,,True
7703,ADRB2,of3,cognate,73.15644902848692,87.62716177389908,65.4383782280816,1.25,False
7704,B1B1U5,of3,apo,78.55321265562347,81.27000611338264,59.9428186416626,2.94,True
7705,B1B1U5,of3,apo,77.46954234552564,78.47884817428918,56.37545919418335,2.2558,True
7706,B1B1U5,of3,apo,78.50574066966597,81.22903139239611,60.237553119659424,2.8639,True
7707,AGTR1,of3,cognate,75.56994464744852,84.11924105475649,63.12307691574097,1.1231,False
7708,B1B1U5,of3,apo,78.36313807453502,81.05118460440532,59.488367557525635,2.9812,True
7709,B1B1U5,of3,apo,77.51946713544653,78.74624115756751,55.21889453464084,1.7504,True
7710,B1B1U5,of3,apo,77.9776704659053,80.41762522015564,58.04920196533203,2.9331,True
7711,ADRB2,of3,cognate,73.76084253666114,88.32206465024797,68.50179078843858,1.1421,False
7712,ADRB2,of3,cognate,74.07241869371829,86.87526747570065,53.916893005371094,1.2082,False
7713,ADRB2,of3,cognate,73.50276664463851,87.51508893196028,63.07080078125,1.1503,False
7714,ADRB2,of3,cognate,73.46270899432655,87.19588808244097,54.64724010891385,1.1688,False
7715,B1B1U5,of3,apo,78.4614283807879,80.96521505880149,57.84012794494629,2.862,True
7716,ADRB1,of3,cognate,68.39173346301952,88.7163424191468,69.19352043999567,,True
7717,ADRB1,of3,cognate,69.51032894604656,89.1550001953725,71.19087045842952,,True
7718,ADRB1,of3,cognate,68.43914398007149,88.76772014077093,68.74736022949219,,True
7719,ADRB2,of3,cognate,73.12036680389691,87.27056155413949,55.12472237481011,1.2747,False
7720,ADRB2,of3,cognate,74.07378934662883,87.04678079913361,53.809442308213974,1.1919,False
7721,ADRB2,of3,cognate,73.55807384447446,88.08399490780299,66.74955876668294,1.2025,False
7722,ADRB2,of3,cognate,73.21024585019393,87.47101598102464,60.173887464735245,1.2562,False
7723,ADRB2,of3,cognate,73.27805357967551,87.8570649955111,66.33509021335178,1.1182,False
7724,ADRB2,of3,cognate,73.44670571104639,87.5078240472345,56.1543460422092,1.2349,False
7725,ADRB2,of3,cognate,73.80918751927238,87.36081676856092,56.010503980848526,1.1643,False
7726,ADRB2,of3,cognate,73.61303303555287,87.67256380566958,63.38203854031033,1.1293,False
7727,ADRB2,of3,cognate,73.42638842894426,87.57998748499939,63.63767878214518,1.1751,False
7728,AGTR1,of3,cognate,74.26887654801749,82.88293150375415,61.79965522072532,1.0896,False
7729,AGTR1,of3,cognate,73.85094009805371,82.24582249121232,60.83182334899902,1.1478,False
7730,AGTR1,of3,cognate,74.02856671878162,82.36321224578015,60.53007507324219,1.1575,False
7731,B1B1U5,of3,apo,78.13994264405598,81.0166842969465,60.312355518341064,2.9377,True
7732,B1B1U5,of3,apo,78.1837598770517,80.66324763473493,58.60550260543823,2.875,True
7733,B1B1U5,of3,apo,77.53104936574532,79.48962579940476,59.13117535909017,2.6073,True
7734,B1B1U5,of3,cognate,81.48591050515986,88.41553756116615,73.22125032212999,1.8773,True
7735,CCKAR,of3,apo,64.54769878465423,73.86763331466253,58.03040228949653,,True
7736,CCKAR,of3,apo,64.57487377191904,74.0851401372527,58.79621817848899,,True
7737,CCKAR,of3,apo,64.673182230831,73.09450053230853,58.13298104026101,,True
7738,CCKAR,of3,apo,64.70371779200376,73.9586890442478,58.07454681396485,,True
7739,CCKAR,of3,apo,64.6609821370144,74.00404473059105,58.659549019553445,,True
7740,CCKAR,of3,apo,64.58266334318829,73.46095371650928,57.64715576171875,,True
7741,CCKAR,of3,apo,65.48001333142183,75.01461033652525,60.21788337013938,,True
7742,CCKAR,of3,apo,65.32460365893475,74.82140364890492,59.62141279740767,,True
7743,CCKAR,of3,apo,64.96401293934387,74.43971225523157,58.66633744673295,,True
7744,CCKAR,of3,apo,64.89968937555699,73.72124383269279,57.51750479804145,,True
7745,CCKAR,of3,apo,65.18184727506225,74.44281456480124,58.84028868241744,,True
7746,CCKAR,of3,apo,65.28786611468489,74.79094831130894,59.853341882879086,,True
7747,CCKAR,of3,apo,65.39715655999368,74.9383501793571,59.24656781283292,,True
7748,CCKAR,of3,apo,65.26494908202235,74.54979596096027,58.92726308649237,,True
7749,CCKAR,of3,apo,64.90473573443876,74.02890518211872,58.58252507990057,,True
7750,CCKAR,of3,apo,65.40809632591177,75.08204514164944,59.43957554210317,,True
7751,CCKAR,of3,apo,65.32101372657444,75.01511563409113,59.88041028109464,,True
7752,CCKAR,of3,apo,64.91901996386008,74.54701263659618,58.5567099831321,,True
7753,CCKAR,of3,apo,65.2893885952499,74.77895046867849,59.239432941783555,,True
7754,CCKAR,of3,apo,65.1686784583018,75.04243365989618,59.57815794511275,,True
7755,ADRB2,of3,cognate,73.09767581355523,88.27802314156921,66.40295834011502,1.1692,False
7756,AGTR1,of3,cognate,75.04620637095718,84.06145282973117,63.68395662307739,1.2092,False
7757,AGTR1,of3,cognate,75.64559809453533,84.33850174508225,63.03212118148804,1.106,False
7758,AGTR1,of3,cognate,74.61804812947965,83.64613211443931,62.316386699676514,1.015,False
7759,AGTR1,of3,cognate,74.02822321979191,82.48397982973042,60.153203444047406,1.1218,False
7760,CCKAR,of3,apo,65.06303362767487,74.47381735157657,58.21678034464518,,True
7761,CCKAR,of3,apo,65.26916809765527,74.9594380118011,60.5169528614391,,True
7762,CCKAR,of3,apo,64.90922441024136,73.9147855432725,58.13678995768229,,True
7763,APJ,of3,apo,68.14817266919994,72.63570246364131,55.26422465931285,1.5472,True
7764,ADRB2,of3,cognate,73.02328408633237,85.36062852503073,61.11337245594371,1.2874,False
7765,ADRB2,of3,cognate,74.53097186770741,87.7132798037591,56.081494649251304,1.272,False
7766,ADRB2,of3,cognate,74.07607288990994,87.8204337454874,63.28546057807075,1.164,False
7767,AGTR1,of3,cognate,74.53783525785549,83.7142192440666,63.109206199646,1.1235,False
7768,AGTR1,of3,cognate,74.90725604054448,83.31916121975512,60.88928985595703,1.1219,False
7769,AGTR1,of3,cognate,74.32385315681431,83.25687665834744,60.40257167816162,0.9753,False
7770,AGTR1,of3,cognate,74.41432104426333,83.19046789159678,60.55453681945801,0.8521,False
7771,AGTR1,of3,cognate,73.26145068075618,82.08674901915492,59.66545295715332,1.0744,False
7772,AGTR1,of3,cognate,74.46177900643933,84.24985762448881,60.92910861968994,1.0462,False
7773,AGTR1,of3,cognate,74.64910989283524,83.44237692883864,60.10973930358887,1.1148,False
7774,AGTR1,of3,cognate,74.86235710999148,83.35096043189023,58.100478172302246,1.1781,False
7775,B1B1U5,of3,apo,77.4429372454402,78.7723820875768,56.19893942938911,1.6356,True
7776,APJ,of3,cognate,72.31577569824621,83.30765523204556,63.4418664412065,1.2687,True
7777,B1B1U5,of3,apo,78.49749144876077,81.02895531999772,58.02806854248047,2.8794,True
7778,B1B1U5,of3,apo,78.34577886208761,80.82842011875576,57.486775398254395,2.8308,True
7779,APJ,of3,cognate,70.58096965977694,81.8750499695204,65.35825105146928,1.2357,True
7780,AGTR1,of3,cognate,74.758529858185,83.05271912699997,60.717066678133875,1.1812,False
7781,AGTR1,of3,cognate,74.29477795931635,82.77776003458455,59.13637334650213,1.1192,False
7782,AGTR1,of3,cognate,74.56531114118098,83.12166774074065,62.22889605435458,1.0331,False
7783,AGTR1,of3,cognate,75.06297586473754,83.34214677814798,61.27912625399503,1.0832,False
7784,CCR5,of3,apo,70.38975949368499,75.06374317546943,52.63900236649947,1.6504,False
7785,CCR5,of3,apo,70.72590030212032,75.83658775364681,56.964017694646664,1.6516,False
7786,CCR5,of3,apo,69.73746194906174,74.51307536719682,50.956701105291195,1.7258,False
7787,CCR5,of3,apo,69.85147202294924,74.4979508396867,51.89676631580699,1.6954,False
7788,CCR5,of3,apo,69.79143498714485,74.56342127777279,52.075674923983485,1.7578,False
7789,CCR5,of3,apo,69.82469411971734,74.69164422951737,51.97982441295277,1.698,False
7790,CCR5,of3,apo,70.06736168398032,74.7329317510902,51.22551172429865,1.6902,False
7791,CCR5,of3,apo,70.43056559992458,74.9429897688168,51.25215565074574,1.7181,False
7792,ADRB2,of3,cognate,72.92742233014498,87.70094845484172,52.31255594889323,1.204,False
7793,ADRB2,of3,cognate,72.85748334890478,88.14267970610834,68.31839667426215,1.1929,False
7794,ADRB2,of3,cognate,73.55920476746765,87.67573646888073,54.95109854804145,1.1421,False
7795,CCKAR,of3,apo,64.92866986528144,74.5590064507783,59.10118449818004,,True
7796,CCR5,of3,apo,71.02170077194056,75.78496923322801,52.43164478648793,1.6898,False
7797,CCR5,of3,apo,70.43886586555726,75.47486389271623,52.166840293190695,1.7277,False
7798,CCR5,of3,apo,70.90317495336578,75.86414868098832,52.02800958806818,1.7402,False
7799,CCR5,of3,apo,70.87311917533286,75.83940000358598,53.3251953125,1.6862,False
7800,CCR5,of3,apo,70.15556583178531,75.03938278790675,51.8940297907049,1.7316,False
7801,CCR5,of3,apo,70.50447496925027,74.94815830069703,51.17833050814542,1.75,False
7802,CCR5,of3,apo,70.37764889491945,74.89332112306124,51.22986949573863,1.6737,False
7803,APJ,of3,cognate,71.75188545694346,84.31929730795163,65.68492993441495,1.2175,True
7804,AGTR1,of3,cognate,74.87606553772108,83.31079603945882,61.65136003494263,1.1348,False
7805,AGTR1,of3,cognate,74.38163031393057,82.83134326687107,60.7587890625,1.1028,False
7806,AGTR1,of3,cognate,74.6558135433055,83.00234429768155,61.57828140258789,1.0566,False
7807,APJ,of3,cognate,72.89112929663789,84.76425816383198,66.93143705888228,1.3147,True
7808,CCR5,of3,apo,70.88181893622001,75.84066691914678,53.167279330166906,1.7137,False
7809,CCR5,of3,apo,69.77085797768963,74.1432636268211,50.60253247347745,1.7393,False
7810,CCR5,of3,apo,69.9783293697573,74.44805299915792,51.33485412597656,1.7892,False
7811,APJ,of3,cognate,70.69160991920646,81.07425077430096,59.11493336070668,1.333,True
7812,APJ,of3,cognate,72.2896504986776,84.8481548969467,67.91082000732422,1.059,True
7813,APJ,of3,cognate,72.77328866284249,84.03475080287818,66.82278997247869,1.2708,True
7814,APJ,of3,cognate,72.14438426486632,83.7523725589323,66.9147994301536,1.0255,True
7815,AGTR1,of3,cognate,74.43468365513331,82.82101128957316,58.84354829788208,1.0697,False
7816,APJ,of3,cognate,71.30909060194524,82.44837237325066,63.49288108132102,1.2133,True
7817,APJ,of3,cognate,72.18970348227855,83.62103546154964,65.81836180253462,1.2367,True
7818,APJ,of3,cognate,72.00418875768352,83.69819926914198,64.87355249578303,1.0979,True
7819,APJ,of3,cognate,72.16566350869513,83.80179061943319,64.70071411132812,1.125,True
7820,APJ,of3,cognate,71.64851111278,83.4757186914832,64.22835506092419,1.3421,True
7821,APJ,of3,cognate,72.03489269674544,83.32854712758746,63.01842498779297,0.8995,True
7822,APJ,of3,cognate,71.98798222163765,83.35211821708842,64.39947752519087,1.3027,True
7823,CCR5,of3,apo,70.18094521415026,74.9965522038472,50.857058785178445,1.7134,False
7824,APJ,of3,cognate,71.76117852894622,83.14960840510082,65.80747916481711,1.3167,True
7825,APJ,of3,cognate,71.98139691306726,83.72200340931549,67.38815862482244,1.279,True
7826,APJ,of3,cognate,71.28298032996233,82.58248901189663,63.71821975708008,1.2294,True
7827,APJ,of3,cognate,72.26272854463525,84.08058504930307,65.8199955333363,1.3077,True
7828,APJ,of3,cognate,72.06377318382987,84.18824301422417,66.06313601407138,1.2995,True
7829,APJ,of3,cognate,71.90931811978608,83.39727850761247,65.43702975186434,0.9825,True
7830,APJ,of3,cognate,72.14484509281574,83.43447068808914,65.23063243519177,1.2667,True
7831,CCR5,of3,apo,70.31399525175894,75.0207991719762,50.99283773248846,1.6806,False
7832,CCR5,of3,apo,69.56864434896367,74.09233596407489,51.10911560058594,1.736,False
7833,CCR5,of3,apo,69.82730855496712,74.32406655462273,51.339791384610265,1.7468,False
7834,CCR5,of3,cognate,78.78486489691686,89.12903476029763,68.76839273626155,1.5893,False
7835,B1B1U5,of3,cognate,81.11046988751202,87.71819482091186,71.39711252848308,2.0138,True
7836,CNR1,of3,apo,64.01305505992597,74.88050659722578,59.437843799591064,1.8833,True
7837,CNR1,of3,apo,63.999446653483574,74.85586973413244,59.67768096923828,1.5521,True
7838,CNR1,of3,apo,64.60433997344612,75.71355270800652,59.998921394348145,1.4501,True
7839,CNR1,of3,apo,64.84399252319238,75.4855149371077,59.99178647994995,1.6073,True
7840,CNR1,of3,apo,64.60630740935616,75.04078744975001,56.16469717025757,1.3786,True
7841,CNR1,of3,apo,64.58052308686916,74.48782318901706,54.816511154174805,1.3902,True
7842,CNR1,of3,apo,64.17472029922017,74.28612647205205,57.92215967178345,2.2134,True
7843,CNR1,of3,apo,64.27411588448116,74.69547373876942,56.21123027801514,1.4486,True
7844,CNR1,of3,apo,63.837279198460216,74.93195791655288,58.31091022491455,1.4406,True
7845,CNR1,of3,apo,63.4534026575808,74.09026125668447,57.23241233825683,2.1556,True
7846,CNR1,of3,apo,64.6161772508862,75.22880579797737,54.82313632965088,1.2644,True
7847,CNR1,of3,apo,64.45359825960337,75.46323410925928,58.190284729003906,1.4604,True
7848,CNR1,of3,apo,64.54147295189594,75.32007002807799,58.349302768707275,1.4304,True
7849,CNR1,of3,apo,63.14806616174434,73.90253829369814,57.11580848693848,1.9162,True
7850,CNR1,of3,apo,64.29225646315332,75.44895223047826,58.11351299285889,1.4359,True
7851,CNR1,of3,apo,64.1459496973426,74.98849562750235,56.6710090637207,1.4247,True
7852,CNR1,of3,apo,63.69006353657766,73.91983406814145,57.88080167770386,1.8894,True
7853,CNR1,of3,apo,63.87198620504249,74.61495304720744,58.52271842956543,1.9126,True
7854,CNR1,of3,apo,64.04630545379685,74.71686498171323,58.77277088165283,1.6022,True
7855,CNR1,of3,apo,64.84999237125083,75.37117818718863,57.17819786071777,1.4026,True
7856,APJ,of3,cognate,71.3002015188141,81.00151641267719,58.07798524336381,1.4432,True
7857,APJ,of3,cognate,73.13584954428059,85.14952361082102,68.3756814436479,1.3636,True
7858,APJ,of3,cognate,70.90753657395,82.83118028062762,62.451622009277344,1.2982,True
7859,CCR5,of3,apo,69.62979273770942,73.9564029087752,52.07680268721147,1.7039,False
7860,CCKAR,of3,cognate,68.92527131483101,86.15815057462773,73.35457403009588,,True
7861,CCR5,of3,apo,70.36250762244653,75.18573204882735,52.40011770075018,1.7043,False
7862,CCR5,of3,apo,70.24013004905007,75.02820419439504,52.936216527765446,1.6431,False
7863,B1B1U5,of3,cognate,81.33917846472876,87.80015306735625,72.03084468841553,1.8121,True
7864,B1B1U5,of3,cognate,81.16171446467084,87.80077066712565,72.29222822189331,1.8536,True
7865,B1B1U5,of3,cognate,81.09177995633335,87.89313083217945,72.29146480560303,1.9062,True
7866,B1B1U5,of3,cognate,81.23728681655442,87.97405742235858,72.78119087219238,1.8548,True
7867,CCKAR,of3,apo,65.3868789837273,74.92614963942964,59.84881661155007,,True
7868,CNR1,of3,apo,65.27800758790907,75.77789826097941,57.835304260253906,1.5227,True
7869,CNR1,of3,apo,63.95813383094213,74.1415186333966,57.676735401153564,1.9696,True
7870,CNR1,of3,apo,64.73586116003956,75.40539745551683,57.57781171798706,1.4594,True
7871,B1B1U5,of3,cognate,81.42696715057008,88.03087124487368,72.44939231872559,1.7845,True
7872,CCKAR,of3,cognate,71.85009820843187,87.2613386008853,72.47076520052823,,True
7873,CCKAR,of3,cognate,69.54610199303066,87.36269206003021,72.54123063520952,,True
7874,CCKAR,of3,cognate,69.16279909878408,87.08593808252574,71.84140188043767,,True
7875,B1B1U5,of3,cognate,81.40743368364963,88.01429576144417,73.22686428493924,1.6589,True
7876,B1B1U5,of3,cognate,81.52650808068279,87.95543641422046,72.15414667129517,1.8309,True
7877,B1B1U5,of3,cognate,81.4990260881324,88.2293091885937,72.47555351257324,1.9264,True
7878,B1B1U5,of3,cognate,81.115747831866,87.19107545815504,65.59731912612915,1.8854,True
7879,CCKAR,of3,cognate,68.10776546354123,83.56543806199903,59.44398949363015,,True
7880,B1B1U5,of3,cognate,81.26715936305483,88.09604874987278,73.37103843688965,1.8338,True
7881,B1B1U5,of3,cognate,81.2497819213063,87.73341022154986,72.2319278717041,1.8208,True
7882,B1B1U5,of3,cognate,81.05817063395166,87.41886364441415,70.5433120727539,1.7995,True
7883,CNR1,of3,apo,64.23463598911471,75.13471049713365,59.71295213699341,1.9615,True
7884,CNR2,of3,apo,73.84503975474263,79.9746261572941,65.74279403686523,1.4022,False
7885,CNR2,of3,apo,73.61652975730337,79.4471601904419,65.66542530059814,1.4168,False
7886,CNR2,of3,apo,73.8431417803973,79.51801621688908,65.80790662765503,1.4961,False
7887,CNR2,of3,apo,73.90653731764021,79.56507500594829,65.15423393249512,1.384,False
7888,CNR2,of3,apo,73.66391992032919,79.18175225654207,64.57385635375977,1.2682,False
7889,CNR2,of3,apo,74.24657628428885,80.33711388755155,67.50738668441772,1.5137,False
7890,CNR2,of3,apo,74.14678381336294,79.84384386655057,66.29883193969727,1.4148,False
7891,CNR2,of3,apo,73.86897813370122,79.7453926544272,65.45379590988159,1.267,False
7892,CNR2,of3,apo,73.6643920398653,79.49943103111151,65.39108419418335,1.2997,False
7893,CNR2,of3,apo,73.86273951337299,79.85590727347832,66.36793851852417,1.3129,False
7894,CNR2,of3,apo,73.56652869435902,79.1675094873255,64.3933801651001,1.4117,False
7895,CNR2,of3,apo,73.4588533290168,79.15224004008554,64.46031904220581,1.3445,False
7896,CNR2,of3,apo,73.24517147871246,79.69223328439706,65.41876745223999,1.5071,False
7897,CNR2,of3,apo,74.00622848316169,79.95882078459768,65.82596158981323,1.3921,False
7898,CNR2,of3,apo,74.0459550972017,80.11847883135725,65.75379753112793,1.5689,False
7899,CNR2,of3,apo,74.16238264445676,80.04188610138831,65.80652093887329,1.4842,False
7900,B1B1U5,of3,cognate,80.94111175921194,87.69989286549335,72.02437686920166,1.9153,True
7901,B1B1U5,of3,cognate,81.04819043717592,88.0008919904621,72.78628349304199,1.8489,True
7902,B1B1U5,of3,cognate,81.52167964736645,88.52154820496558,74.21036868625217,1.8922,True
7903,B1B1U5,of3,cognate,81.74454186183989,88.58774505260874,74.07119798660278,1.8329,True
7904,CNR2,of3,apo,73.86646364896252,79.85435318521607,66.6385383605957,1.4408,False
7905,CNR2,of3,apo,73.11292653363849,79.39948171338992,65.07034683227539,1.5338,False
7906,CNR2,of3,apo,73.80059364662236,79.77710056437043,65.76600790023804,1.3293,False
7907,CCKAR,of3,cognate,71.0957854981847,86.82271907123825,72.25346201116389,,True
7908,B1B1U5,of3,cognate,81.78957457450898,88.19600053245026,72.6247968673706,1.9066,True
7909,B1B1U5,of3,cognate,81.30690274950301,87.72826551852287,72.19086074829102,1.7751,True
7910,B1B1U5,of3,cognate,80.5066887853092,86.9230180005628,71.15780544281006,1.9008,True
7911,B1B1U5,of3,cognate,80.49455841517852,87.03816621721909,71.06854915618896,1.8156,True
7912,CCKAR,of3,cognate,70.72759179206237,86.85800773426568,71.5652583729137,,True
7913,CCKAR,of3,cognate,70.24771612811973,86.95119986300173,74.79703625765714,,True
7914,CCKAR,of3,cognate,69.50139465056736,86.45300069762172,73.44694519042969,,True
7915,CCKAR,of3,cognate,69.84471532531286,87.16660548896846,73.94147248701616,,True
7916,CCKAR,of3,cognate,71.70971486505431,87.0083416789194,74.28470958362927,,True
7917,CCKAR,of3,cognate,71.80698978622657,87.40292796619353,74.70105188543147,,True
7918,CCKAR,of3,cognate,70.86868971603091,86.95642118648017,73.87281452525745,,True
7919,CNR2,of3,apo,73.53021052926326,79.51680834545202,65.2122573852539,1.4691,False
7920,B1B1U5,of3,cognate,80.09462132418146,86.4901129822779,70.00117444992065,1.7536,True
7921,B1B1U5,of3,cognate,80.83822589445344,87.05826972460507,71.45320701599121,1.85,True
7922,B1B1U5,of3,cognate,80.64904451890902,86.68225507529095,71.16518190171983,1.8177,True
7923,CCKAR,of3,cognate,69.35006431338904,86.70745832154246,72.22085120461203,,True
7924,CCKAR,of3,cognate,69.93427056478002,85.79832973749951,71.47545103593306,,True
7925,CCKAR,of3,cognate,70.70966227335597,86.93510608532729,74.27833834561434,,True
7926,CCKAR,of3,cognate,70.29777057412562,87.34062199336626,74.32710612903942,,True
7927,CCKAR,of3,cognate,71.10689815673916,87.11632836582686,72.04661664095792,,True
7928,CRHR1,of3,apo,70.10629420120739,73.15976930892649,57.001467271284625,2.3726,True
7929,CRHR1,of3,apo,70.37269237635715,73.09517569702362,56.51189804077149,2.1843,True
7930,CRHR1,of3,apo,70.2370357014088,73.26753009883927,56.960148898038,2.372,True
7931,CRHR1,of3,apo,70.02263488710605,73.15564841415811,56.82340309836648,2.4209,True
7932,CRHR1,of3,apo,70.1557433197347,73.00305280765821,56.8653564453125,1.4346,True
7933,CRHR1,of3,apo,70.07879602324198,73.17765107111751,57.11456229469993,2.3373,True
7934,CRHR1,of3,apo,70.38228212789858,73.55496831580159,57.595579320734196,2.3494,True
7935,CRHR1,of3,apo,69.83088057262721,73.36927722174168,56.86100907759233,2.3133,True
7936,CRHR1,of3,apo,70.04378029360683,73.29410222018689,56.5450553894043,2.3242,True
7937,CRHR1,of3,apo,70.1070518262868,73.68188220061266,56.77140808105469,2.2282,True
7938,CRHR1,of3,apo,70.09544107197965,73.17812680423853,56.23563662442294,2.3227,True
7939,CRHR1,of3,apo,70.00452674105887,73.63358276991816,57.16460002552379,2.3599,True
7940,CNR1,of3,cognate,68.84797856999292,86.81597586338654,66.00013637542725,1.2205,True
7941,CNR2,of3,apo,73.59823826096046,79.45339463560096,65.38379526138306,1.2534,False
7942,CNR2,of3,apo,73.57212229274377,79.57558373092056,66.13142728805542,1.4332,False
7943,CNR1,of3,apo,64.4895777329932,75.04266552367768,58.99379253387451,1.7802,True
7944,CRHR1,of3,apo,70.52092961154857,73.87422413904575,57.19853834672408,2.2661,True
7945,CRHR1,of3,apo,69.89797487510067,73.66822667928386,57.08570549704812,2.4584,True
7946,CRHR1,of3,apo,70.09617757086119,73.93830689156238,57.827611749822445,2.3272,True
7947,CRHR1,of3,apo,69.97516842504713,73.65080410329449,57.66469192504883,2.237,True
7948,CRHR1,of3,apo,70.12193624258418,74.02326880813759,57.0200888893821,2.6088,True
7949,CRHR1,of3,apo,69.97395558240498,73.90953731163854,57.33112959428267,2.4093,True
7950,CRHR1,of3,apo,70.25067280775997,73.88356327420624,57.64399719238281,2.2615,True
7951,CRHR1,of3,apo,70.3706622909535,73.73393900409106,56.87835277210582,2.4689,True
7952,CNR2,of3,apo,73.56319644958216,79.4196227305276,65.0426254272461,1.3243,False
7953,CNR2,of3,apo,73.48798873441885,79.14106543045538,64.96393823623657,1.4453,False
7954,CNR2,of3,cognate,77.48365986875126,88.27381190944028,74.69852828979492,0.9741,False
7955,CCR5,of3,cognate,78.24681264511713,88.66183579060939,69.2763602516868,1.5684,False
7956,CCKAR,of3,cognate,69.10124097742882,85.84744769732157,72.75720180164684,,True
7957,CCKAR,of3,cognate,68.94864317201989,85.4736366618488,74.1576260653409,,True
7958,CCKAR,of3,cognate,70.7335851527981,86.56700131113567,73.06631331010298,,True
7959,CCKAR,of3,cognate,71.82985051272668,87.21941372411764,73.61731719970703,,True
7960,CCKAR,of3,cognate,70.3729927330171,87.32004674564709,75.21479797363281,,True
7961,CCKAR,of3,cognate,70.28936772251596,86.90264089243064,73.91556930541992,,True
7962,CCKAR,of3,cognate,69.70894735675529,86.54414051874718,72.77161892977628,,True
7963,CNR2,of3,apo,73.61485408980629,79.71502084234577,66.32664155960083,1.3784,False
7964,CRHR1,of3,apo,70.48436575213398,73.73597192796875,56.51835216175426,2.2898,True
7965,CRHR1,of3,apo,70.50542701107908,73.9649802161882,57.256011962890625,2.258,True
7966,CRHR1,of3,apo,70.37441394383247,73.64507761512937,57.090245333584875,2.3569,True
7967,CCR5,of3,cognate,77.58303735794537,88.65655339104788,69.80919785933061,1.536,False
7968,CNR1,of3,cognate,68.76799722285104,86.26865608935749,70.89439153671265,1.1374,True
7969,CNR1,of3,cognate,67.41045454923068,85.50927773056608,71.31984853744507,1.1318,True
7970,CNR1,of3,cognate,68.78508196599964,86.52799965926579,70.86270380020142,1.1287,True
7971,CRHR1,of3,apo,70.10404444940303,73.06696560052747,57.24123694679954,2.344,True
7972,CCR5,of3,cognate,78.27226176839065,89.2457932587826,68.44362917813388,1.5368,False
7973,CCR5,of3,cognate,78.55818850530422,89.31910939670743,70.39757468483664,1.5675,False
7974,CCR5,of3,cognate,78.74851214531489,88.81736683969373,69.1025619506836,1.5803,False
7975,CCR5,of3,cognate,77.99643694974573,88.42666529866008,67.61512028087269,1.5437,False
7976,CCR5,of3,cognate,77.89856684338612,88.47867668614242,69.13334343650125,1.5567,False
7977,CCR5,of3,cognate,77.52421200865427,88.61285010416269,68.97553704001687,1.5776,False
7978,CCR5,of3,cognate,76.71313279357018,87.66331746031196,66.73706124045633,1.5546,False
7979,CNR1,of3,cognate,68.6821974023303,87.33635384235546,70.48353910446167,1.1576,True
7980,CXCR2,of3,apo,69.00087144013226,74.24920111602519,51.871012369791664,2.0407,False
7981,CXCR2,of3,apo,68.81818466818369,74.17603209163204,50.42205937703451,2.0625,False
7982,CXCR2,of3,apo,68.44611277682517,72.85664352092908,48.44070053100586,1.5518,False
7983,CXCR2,of3,apo,69.23586191135013,74.24109579181258,43.9235471089681,2.0898,False
7984,CXCR2,of3,apo,68.97387298253133,74.27640270171227,49.70408503214518,2.0572,False
7985,CXCR2,of3,apo,69.31707139194901,74.3098405425029,45.48138131035699,2.1903,False
7986,CXCR2,of3,apo,69.38191347947846,74.70947829674505,47.32314766777886,2.2024,False
7987,CXCR2,of3,apo,68.56887313612611,73.90799074022286,51.032605489095054,1.9361,False
7988,CXCR2,of3,apo,68.760948351506,74.47044641416998,52.20383156670464,2.0769,False
7989,CXCR2,of3,apo,68.89285815950271,74.52862722550981,50.366815355088974,2.0036,False
7990,CXCR2,of3,apo,68.7806478586219,74.60577623544144,52.63075680202908,2.0351,False
7991,CXCR2,of3,apo,68.89286546476953,74.43848677097805,52.07877900865343,2.0931,False
7992,CXCR2,of3,apo,69.22360475024294,74.75550988465676,48.95149230957031,2.2261,False
7993,CXCR2,of3,apo,69.04303037588386,74.51833305631365,50.42884063720703,2.0908,False
7994,CXCR2,of3,apo,69.16447194532762,74.58729703161453,49.27078162299262,2.1116,False
7995,CXCR2,of3,apo,69.14857975913066,74.47585423003028,50.441287994384766,1.9814,False
7996,CCR5,of3,cognate,77.93670502531393,88.66982674536767,69.00332537564364,1.5683,False
7997,CCR5,of3,cognate,77.57309099882939,88.33997835658845,68.41318303888494,1.5459,False
7998,CCR5,of3,cognate,77.81900867136284,88.70898381105232,69.62830942327327,1.5708,False
7999,CCR5,of3,cognate,77.58124835098137,88.3822531823988,69.50868121060458,1.5849,False
8000,CCR5,of3,cognate,77.5478619022146,88.48222793005246,69.84695469249378,1.5774,False
8001,CCR5,of3,cognate,77.94717063940284,88.60574976396768,69.91706536032937,1.5544,False
8002,CCR5,of3,cognate,77.8064465525921,88.48510476830718,69.33884187178178,1.5401,False
8003,CNR1,of3,cognate,68.27920945619492,85.69361480337201,70.43792915344238,1.1159,True
8004,CXCR2,of3,apo,69.08801126209498,74.51559215339921,49.4924070570204,2.0331,False
8005,CXCR2,of3,apo,69.20279970653971,74.62740704326575,50.4985728793674,2.0272,False
8006,CXCR2,of3,apo,69.03647803890107,74.272452888475,49.77296659681532,1.9088,False
8007,CNR1,of3,cognate,68.87119250625594,87.2068733841413,67.89074945449829,1.2271,True
8008,CNR1,of3,cognate,68.17365935333224,86.26066354623605,71.46629905700684,1.1522,True
8009,CNR1,of3,cognate,66.15701278551725,84.08546476626292,62.29208660125733,1.2455,True
8010,CNR1,of3,cognate,66.97838310564326,85.1043614440563,68.63213539123535,1.2073,True
8011,CNR1,of3,cognate,67.04971650654514,84.64388517674945,66.2328085899353,1.1563,True
8012,CCR5,of3,cognate,78.19296328150803,89.06547240323319,68.8555301319469,1.573,False
8013,CCR5,of3,cognate,78.22376035516866,89.26562583931596,69.96252926913175,1.5649,False
8014,CCR5,of3,cognate,77.52131708839188,88.63283785886064,69.4621731151234,1.5892,False
8015,CCR5,of3,cognate,77.46547144032633,88.35619427879136,68.89072244817561,1.5604,False
8016,CNR1,of3,cognate,68.54815052785395,85.1012941958894,67.20766878128052,1.238,True
8017,CNR1,of3,cognate,68.55443978073134,85.53665810991676,66.86661291122437,1.2526,True
8018,CNR1,of3,cognate,69.2508410762062,86.5194416160501,68.14879512786865,1.238,True
8019,CCR5,of3,cognate,78.03621568082805,89.24061096818932,69.45755351673473,1.5852,False
8020,CNR1,of3,cognate,68.3912911270292,86.71843366397923,70.32223463058472,1.1663,True
8021,CNR1,of3,cognate,69.13834920243177,87.14130187732317,72.1128797531128,1.1595,True
8022,CNR1,of3,cognate,69.51116375434958,87.11148163768635,70.78098154067993,1.1352,True
8023,CXCR2,of3,apo,69.0662722729291,74.34106110612035,51.05513381958008,2.033,False
8024,CCR5,of3,cognate,78.212312053264,89.02870817989499,68.44151375510476,1.5478,False
8025,CCR5,of3,cognate,77.74179496624433,89.0037799942545,68.46260313554244,1.5554,False
8026,CCR5,of3,cognate,77.7918522957144,88.67809702514054,70.09811574762517,1.5603,False
8027,CNR1,of3,cognate,69.57641615380976,87.02741109482653,71.17758798599243,1.1509,True
8028,CXCR4,of3,apo,69.48371648916958,73.32238517609166,55.16767259077592,1.7403,False
8029,CXCR4,of3,apo,69.29047430966679,73.09718011505848,54.86383680863814,1.7302,False
8030,CXCR4,of3,apo,69.10302910355016,72.98767147483936,54.48773470791903,1.7947,False
8031,CXCR4,of3,apo,69.3023811117059,72.909795902921,54.626629222523086,1.8399,False
8032,CRHR1,of3,cognate,75.28316273388656,84.1679532572721,61.52323695591518,2.0523,True
8033,CXCR2,of3,apo,69.04139255061294,74.20602701164427,49.622467041015625,2.0091,False
8034,CXCR2,of3,apo,68.92583058203836,74.1882426912272,49.81455273098416,2.091,False
8035,CXCR4,of3,apo,68.79788557696878,72.72299693852104,54.61161769520152,1.8438,False
8036,CNR1,of3,cognate,68.92553682762902,87.90215118216229,72.26658487319946,1.1284,True
8037,CNR1,of3,cognate,69.22855032193753,86.80393469471952,70.25012493133545,1.1531,True
8038,CNR1,of3,cognate,69.40044280408087,88.19221053538385,72.25521993637085,1.1913,True
8039,CNR1,of3,cognate,68.69026651749999,87.74510357064086,72.01663970947266,1.1195,True
8040,CXCR4,of3,apo,69.51075722788296,73.09797747245254,54.943234877152875,1.7205,False
8041,CXCR4,of3,apo,69.57145133975722,73.22702994611527,54.960902820933946,1.8477,False
8042,CXCR4,of3,apo,69.83166209191776,73.33770515519646,54.94575361772017,1.8225,False
8043,CNR2,of3,cognate,78.98502496018841,89.90318686584374,74.53004837036133,0.7609,False
8044,CXCR4,of3,apo,69.84114451248486,73.40848608770412,54.942323511297054,1.7415,False
8045,CXCR4,of3,apo,70.14684804671434,73.68131382850686,54.94145653464577,1.7933,False
8046,CXCR4,of3,apo,70.05638874089051,73.5628594168681,54.68625086004083,1.7472,False
8047,CXCR4,of3,apo,70.02935367482108,73.26679219181231,54.595699310302734,1.1014,False
8048,CXCR2,of3,apo,69.08027169185475,74.40343464376608,48.63272476196289,1.9825,False
8049,CXCR2,of3,apo,69.24564988664162,74.78424928162865,47.30301962958442,2.1687,False
8050,CXCR2,of3,cognate,75.97426735379575,89.36334662811753,80.79593234592014,1.0641,False
8051,CRHR1,of3,cognate,76.44980069306284,84.25625492464468,62.35291998726981,1.7109,True
8052,CXCR4,of3,apo,70.29602798146986,73.76310518517295,54.991661071777344,1.8227,False
8053,CXCR4,of3,apo,69.95940703003191,73.49031583526605,54.83790588378906,1.6722,False
8054,CXCR4,of3,apo,69.77486333769637,73.21281061798635,54.651974417946555,1.7872,False
8055,CXCR4,of3,apo,69.77304595906102,73.29222291668428,54.74125428633256,1.7811,False
8056,CXCR4,of3,apo,69.75120265196466,73.14434665666859,54.32481002807617,1.6851,False
8057,CXCR4,of3,apo,70.09176690873356,73.50586562707139,55.15549746426669,1.7722,False
8058,CXCR4,of3,apo,68.99898703044111,73.01052913342376,54.92619462446733,1.7103,False
8059,CRHR1,of3,apo,69.63095587576395,73.35076813354863,56.54417870261452,2.2874,True
8060,CNR2,of3,cognate,78.20813258775365,88.62683505813797,71.93655490875244,0.8452,False
8061,CNR2,of3,cognate,78.00695790920328,88.48024776502089,72.05474042892456,0.8846,False
8062,CNR2,of3,cognate,78.15303258108753,89.43294620365292,74.49488353729248,0.8193,False
8063,CXCR2,of3,apo,69.2090108870577,74.65982826488188,50.08295101589627,1.9038,False
8064,CNR1,of3,cognate,69.13656730837855,87.8273253627876,71.61754608154297,1.149,True
8065,CNR1,of3,cognate,68.34371707006954,87.42937129008305,70.28481006622314,1.1411,True
8066,CNR1,of3,cognate,68.66193899896302,86.73579841776844,70.9118127822876,1.173,True
8067,CNR2,of3,cognate,77.0798450497251,87.2993115832589,71.52119636535645,0.8993,False
8068,CNR2,of3,cognate,76.88577589219439,86.04441781209144,65.57903289794922,0.8146,False
8069,CNR2,of3,cognate,76.97134781847919,87.28126988790768,71.16755390167236,0.9519,False
8070,CNR2,of3,cognate,77.6961763054984,87.95519385730033,73.63882637023926,0.9368,False
8071,CNR2,of3,cognate,75.98504304176821,86.95377025385439,75.34438133239746,1.3355,False
8072,CNR2,of3,cognate,77.24151304851726,87.80548050946487,77.0765251159668,1.3043,False
8073,CNR2,of3,cognate,77.06919805759533,87.84589293727626,76.57232513427735,1.3433,False
8074,CNR2,of3,cognate,76.96718733380214,87.83446415467695,76.33583984375,1.284,False
8075,CNR2,of3,cognate,76.87830324644248,87.77884000431406,76.86453475952149,1.344,False
8076,CXCR4,of3,apo,69.76584275068787,73.59731013568448,55.505030545321375,1.7814,False
8077,CXCR4,of3,apo,69.54110523121325,73.24647904047892,55.138119437477805,1.6847,False
8078,CXCR4,of3,apo,69.60352079550354,73.42234410107737,55.66692525690252,1.862,False
8079,CNR2,of3,cognate,78.23005566182228,90.35258630455316,78.07810688018799,0.7749,False
8080,DRD2,of3,apo,66.79298138253291,79.26517101421328,61.62543402777778,2.0332,False
8081,DRD2,of3,apo,66.42023013766126,79.22852365158681,61.73056072658963,2.0838,False
8082,DRD2,of3,apo,66.55841027628519,79.44299648668172,61.42916022406684,2.3472,False
8083,CRHR1,of3,cognate,78.17222140118074,87.13778607958115,67.3351058959961,1.0421,True
8084,CNR2,of3,cognate,78.24961999765645,88.83448647596103,71.24267816543579,0.795,False
8085,CNR2,of3,cognate,78.3152868289756,90.47329832882076,78.29217052459717,0.7831,False
8086,CNR2,of3,cognate,77.77042416732472,90.0477621379869,77.24815559387207,0.7782,False
8087,CXCR4,of3,apo,70.0299816251712,73.45112972256081,55.18368010087447,1.7663,False
8088,CRHR1,of3,cognate,76.43950221641632,86.0933899394108,64.95328957693917,1.0626,True
8089,CRHR1,of3,cognate,76.33853235210546,86.40372277565693,66.42132707075639,0.9232,True
8090,CRHR1,of3,cognate,75.45036795302437,85.87802629383187,61.6627573285784,0.816,True
8091,CXCR4,of3,apo,69.52597841284305,73.3636003578208,55.07956938310103,1.7395,False
8092,DRD2,of3,apo,66.4965452546402,79.40069674213899,61.08511055840386,2.2116,False
8093,DRD2,of3,apo,66.17821594805335,79.26454072562818,61.0090709262424,2.2119,False
8094,DRD2,of3,apo,66.807626021288,79.5854315610847,61.4130130343967,2.0662,False
8095,DRD2,of3,apo,66.26668641974088,79.1283488428782,60.99907981024848,2.169,False
8096,DRD2,of3,apo,65.94528811833442,78.85783470120782,59.60253651936849,2.0986,False
8097,DRD2,of3,apo,66.50953847333403,79.1006569917756,61.24589369032118,2.0411,False
8098,DRD2,of3,apo,66.57339816969352,79.23779910309146,61.30944400363498,2.1654,False
8099,DRD2,of3,apo,66.34984624030697,79.17157891925108,60.688999599880646,2.1072,False
8100,DRD2,of3,apo,66.06203705754193,78.3210308360503,60.396368238661026,2.0327,False
8101,DRD2,of3,apo,66.28143566633555,78.44578466394765,59.98218663533529,2.1254,False
8102,DRD2,of3,apo,66.30152540192324,78.4609700869,60.603578355577255,1.998,False
8103,DRD2,of3,apo,66.27515293026377,78.57296423922371,60.87184270222982,2.0249,False
8104,CNR2,of3,cognate,78.05725030971162,90.32752083584344,77.75608921051025,0.7849,False
8105,CNR2,of3,cognate,77.86530770592321,89.90250192320192,77.71058654785156,0.773,False
8106,CNR2,of3,cognate,78.00507607154248,88.45758350556031,67.13595628738403,0.8456,False
8107,CNR2,of3,cognate,78.1483997831655,89.42503427100904,74.02244663238525,0.7877,False
8108,CRHR1,of3,cognate,77.05375543383063,84.83386169226301,62.63298416137695,1.6474,True
8109,CRHR1,of3,cognate,75.61424241403716,83.98095168951497,59.803689684186665,1.6893,True
8110,CRHR1,of3,cognate,76.09362963193688,85.1102823436129,62.578067779541016,1.6826,True
8111,DRD2,of3,apo,66.62728013685222,79.1060155831374,61.421059926350914,2.2288,False
8112,CNR2,of3,cognate,78.16107876990647,89.3717331037893,73.71792030334473,0.7761,False
8113,CNR2,of3,cognate,78.61727867152057,89.594192906004,73.56660747528076,0.7872,False
8114,CNR2,of3,cognate,78.69619880285404,89.82401769406869,74.75537490844727,0.826,False
8115,CRHR1,of3,cognate,76.53691230948299,86.1710256355919,64.84845297677177,1.025,True
8116,DRD2,of3,apo,66.28784683280233,78.30332446401083,60.20135794745551,1.9761,False
8117,DRD2,of3,apo,66.5880149751874,79.1826421773795,61.85329818725586,2.19,False
8118,DRD2,of3,apo,66.4687085690174,78.86256840920552,61.73247782389323,2.1943,False
8119,CXCR2,of3,cognate,75.06673807225721,88.65558900451936,78.88495720757379,0.9991,False
8120,CRHR1,of3,cognate,75.99470697331941,85.49003581347421,64.00651223318917,1.1908,True
8121,CRHR1,of3,cognate,76.42463037383985,83.06660480645576,62.56135886056082,0.8866,True
8122,CRHR1,of3,cognate,76.43255583346745,83.22951757303264,62.97765677315848,0.9978,True
8123,CRHR1,of3,cognate,76.59110550818754,83.10338408765013,61.800598689488005,0.9416,True
8124,CRHR1,of3,cognate,76.47142587283616,83.15275853443791,62.2088383265904,1.0255,True
8125,CRHR1,of3,cognate,76.4199421537883,82.94791409555579,62.63543973650251,1.0107,True
8126,CRHR1,of3,cognate,76.37881377898582,84.90465749921819,63.35749435424805,1.6406,True
8127,CRHR1,of3,cognate,77.02144628927662,84.78978768987736,60.33027103969029,1.6667,True
8128,DRD3,of3,apo,66.90910522729666,76.48450217969489,57.0979732937283,,True
8129,DRD3,of3,apo,66.88599975571454,76.43843950805554,56.79276529947917,,True
8130,DRD3,of3,apo,66.68351494304855,76.54223228013532,56.932874043782554,,True
8131,DRD3,of3,apo,66.55534361589505,76.25289161934654,56.744268629286026,,True
8132,DRD3,of3,apo,67.12022649860245,77.04943174128925,57.473502265082466,,True
8133,DRD3,of3,apo,66.92679776705567,76.78771284118531,57.895680321587456,,True
8134,DRD3,of3,apo,67.07850887190143,76.71209288300545,57.997806549072266,,True
8135,DRD3,of3,apo,67.07220975683778,77.13989762626858,57.6427247789171,,True
8136,DRD3,of3,apo,67.30586281823682,77.31098702999765,56.913812425401474,,True
8137,DRD3,of3,apo,67.7020621709163,77.32073276731015,56.99911668565538,,True
8138,DRD3,of3,apo,67.55379984455708,77.02323417931925,57.43591647677951,,True
8139,DRD3,of3,apo,67.30132940497818,76.66501654088927,56.58457395765517,,True
8140,DRD2,of3,apo,66.03577706905973,78.76653470205194,60.9715699089898,2.0362,False
8141,DRD2,of3,apo,66.33050627217058,78.63255998413972,61.17777082655165,2.0945,False
8142,DRD2,of3,cognate,65.37294202341927,82.67512843061836,56.67413075764974,1.1918,False
8143,CXCR4,of3,apo,69.26339636086756,73.04957724051042,55.13361705433238,1.9517,False
8144,CRHR1,of3,cognate,77.0353851117179,84.80134172230255,62.96634183611189,1.7806,True
8145,CRHR1,of3,cognate,76.6457071810948,84.46833235662511,62.820012773786274,1.7667,True
8146,CRHR1,of3,cognate,75.81585225069588,84.36527843180554,62.57183347429548,1.6929,True
8147,DRD2,of3,apo,66.42567808513135,79.21520019568406,60.78727595011393,2.2665,False
8148,DRD3,of3,apo,67.10202326065672,76.95537355032147,57.276129404703774,,True
8149,DRD3,of3,apo,67.23616068021147,77.18306417709478,57.21158006456163,,True
8150,DRD3,of3,apo,67.27186447464027,77.34218990592902,57.61783303154839,,True
8151,CXCR2,of3,cognate,75.45191611991568,89.2983885189706,79.12815024636008,1.1912,False
8152,CRHR1,of3,cognate,78.17153780397793,87.15695128040687,66.10429654802594,0.8364,True
8153,CRHR1,of3,cognate,78.17654775402092,87.14757325285485,67.66849299839565,0.9871,True
8154,CRHR1,of3,cognate,77.0629942831052,86.76310741329388,66.42400360107422,0.8132,True
8155,CRHR1,of3,cognate,78.1203501272408,87.0482348984282,67.75570024762835,1.0294,True
8156,DRD3,of3,apo,67.2604317053467,77.39623526112858,58.21477381388346,,True
8157,DRD3,of3,apo,67.00132216083298,77.18672960337794,58.370932261149086,,True
8158,DRD3,of3,apo,67.19439497242243,77.19051810518488,58.26804478963216,,True
8159,DRD3,of3,apo,67.37631944077683,77.46478301491399,57.502513037787544,,True
8160,CXCR4,of3,cognate,77.93400126590056,89.07543641911958,70.20080354478624,0.8315,False
8161,DRD2,of3,apo,66.15670652032938,78.9654123752492,61.44400956895616,2.0396,False
8162,DRD2,of3,apo,66.24298545880386,78.73094074192845,60.84461636013455,2.044,False
8163,DRD3,of3,apo,67.09900267481804,76.95510602413661,57.88101281060113,,True
8164,DRD3,of3,apo,67.42101420772677,77.27727596298784,57.486891428629555,,True
8165,DRD3,of3,apo,67.29517707847567,77.48586194439541,57.92803276909722,,True
8166,DRD3,of3,apo,67.71865924199216,77.60800611298492,58.10935974121094,,True
8167,CXCR2,of3,cognate,75.52819598401665,89.15077885605729,80.09457605535334,1.0877,False
8168,CXCR2,of3,cognate,75.32894138564603,89.24521974753509,79.73213265158914,1.1832,False
8169,CXCR2,of3,cognate,75.95932617256462,89.61554702167044,80.94203671542081,1.2567,False
8170,CXCR2,of3,cognate,75.86574683304052,89.67951784717398,81.08792738481002,1.1431,False
8171,DRD2,of3,apo,66.32475878561893,78.74366129979083,61.23190138075087,2.008,False
8172,CXCR4,of3,cognate,77.07044124052086,86.93738791326768,70.54551060994466,0.9292,False
8173,CXCR4,of3,cognate,77.21088952590917,87.16659690477115,72.6942155626085,0.8281,False
8174,CXCR4,of3,cognate,77.72201285557799,87.55081699661707,72.2703594631619,0.8509,False
8175,DRD3,of3,apo,66.84739822882491,76.50206995522993,57.137565188937714,,True
8176,CXCR2,of3,cognate,76.10840085134018,89.73082823924,82.36769381436434,1.2092,False
8177,CXCR2,of3,cognate,75.41933490021786,89.17884609339384,80.96361125599255,1.1401,False
8178,CXCR2,of3,cognate,75.84572560714571,89.552440922133,81.78165782581677,1.1172,False
8179,CXCR2,of3,cognate,69.67083363044638,79.68703697093122,35.79964481700551,2.2515,False
8180,CXCR2,of3,cognate,74.59220300483592,88.19610470118116,79.54266218705611,1.0218,False
8181,CXCR2,of3,cognate,73.53468612676843,87.51961234184915,76.73496670193143,0.9327,False
8182,CXCR2,of3,cognate,75.07393986110927,89.10964017170335,80.80181630452473,1.2253,False
8183,CXCR2,of3,cognate,75.3518811504392,89.02758950728875,79.93314743041992,1.2518,False
8184,EDNRA,of3,apo,63.512887054912554,73.95567686701577,59.37077088789506,,True
8185,EDNRA,of3,apo,63.73526679557505,74.49268202417684,60.12903872403231,,True
8186,EDNRA,of3,apo,64.15530518899544,75.09989329628442,59.55577572909269,,True
8187,CXCR4,of3,cognate,77.7516714270016,87.97094544841443,72.90521409776476,0.7516,False
8188,EDNRA,of3,apo,64.18465566478277,75.8359356172914,60.17071463844993,,True
8189,EDNRA,of3,apo,64.2338714654741,75.44591775682926,60.61497983065519,,True
8190,EDNRA,of3,apo,63.63426028431544,75.16634063272076,59.83352522416549,,True
8191,EDNRA,of3,apo,63.9463568912469,74.53343780885011,60.26130121404474,,True
8192,EDNRA,of3,apo,64.1942291497961,74.91159047690994,60.301845203746446,,True
8193,EDNRA,of3,apo,63.958289493751735,74.64985698372426,60.90334770896218,,True
8194,EDNRA,of3,apo,63.95532766166725,74.57903674156634,60.54702932184393,,True
8195,EDNRA,of3,apo,64.04420261306933,74.51417970211475,59.66030051491477,,True
8196,EDNRA,of3,apo,64.31534810106315,74.68873225821733,60.20598845048384,,True
8197,EDNRA,of3,apo,64.30346059486047,74.7189525718056,59.3648567199707,,True
8198,EDNRA,of3,apo,63.57916878766102,73.13042111478669,58.853680003773086,,True
8199,EDNRA,of3,apo,64.17506193854828,74.47139097650674,59.95597353848544,,True
8200,CXCR2,of3,cognate,75.7674692890664,89.28315522133359,80.09143135764383,1.1588,False
8201,CXCR2,of3,cognate,73.35477725433886,85.02815120980509,60.54367030750621,1.3603,False
8202,CXCR2,of3,cognate,75.48663071186263,89.25612874849878,80.69821721857244,1.2898,False
8203,CXCR4,of3,cognate,78.63534123366053,89.07219599899963,73.22968928019206,0.8091,False
8204,EDNRA,of3,apo,64.3261309246612,74.57926842280109,59.6575515053489,,True
8205,EDNRA,of3,apo,63.53186982799179,74.24612059472099,59.5654428655451,,True
8206,EDNRA,of3,apo,63.83324808208344,74.94633471244684,60.3624101118608,,True
8207,CXCR4,of3,cognate,77.25435073600265,87.96548183559511,72.08244535658095,0.7291,False
8208,CXCR2,of3,cognate,75.85338501071001,89.44735685414567,80.66653927889737,1.2904,False
8209,CXCR2,of3,cognate,74.45703719837688,87.9712147478899,79.45474589954723,1.1285,False
8210,CXCR2,of3,cognate,74.93689442516234,88.20817205620362,78.91446601019965,1.1949,False
8211,CXCR2,of3,cognate,75.71934963382206,88.47643728805312,78.7863540649414,1.2265,False
8212,CXCR2,of3,cognate,74.8390763594274,87.98696852344112,78.70980156792535,1.2981,False
8213,CXCR2,of3,cognate,74.96690604875404,88.16360596571478,79.12066056993272,1.2161,False
8214,CXCR2,of3,cognate,74.97870502755812,88.17646781701202,77.81614261203342,1.2512,False
8215,CXCR4,of3,cognate,77.19512015428894,87.74135552450348,73.44756740993924,0.7385,False
8216,CXCR4,of3,cognate,77.34499472054901,88.63509664542404,73.20566516452365,0.8804,False
8217,CXCR4,of3,cognate,78.5480125619929,88.92231639728574,73.3554801940918,0.7818,False
8218,CXCR4,of3,cognate,78.61043649791272,88.8689057675619,71.77427037556966,0.8848,False
8219,EDNRA,of3,apo,63.80204992032488,74.63479442185654,59.32274558327415,,True
8220,CXCR4,of3,cognate,77.44157152900105,87.51659143463013,71.0178354051378,0.84,False
8221,CXCR4,of3,cognate,77.71895284954759,87.84498985512087,72.29656982421875,0.8186,False
8222,CXCR4,of3,cognate,76.77510570479741,87.64335688505682,70.66035927666559,0.8898,False
8223,EDNRA,of3,apo,64.69625004018613,76.0109574169858,60.92565155029297,,True
8224,CXCR4,of3,cognate,77.17284183583514,87.57481382226875,72.43414815266927,0.8474,False
8225,CXCR4,of3,cognate,76.40810257416005,86.8841308800173,67.80211978488498,0.8487,False
8226,CXCR4,of3,cognate,77.92066530205166,87.20314123475706,68.79417588975694,0.8236,False
8227,CXCR4,of3,cognate,77.7487152517528,87.58070177969995,70.57536612616644,0.7909,False
8228,EDNRB,of3,apo,65.7116015344594,75.26733599321496,59.87995113026012,2.2614,True
8229,EDNRB,of3,apo,65.58329115582605,75.29458437720763,60.38292832808061,2.3002,True
8230,EDNRB,of3,apo,64.39077694724045,74.81251809382334,59.8077638799494,2.2927,True
8231,EDNRB,of3,apo,64.84947724036915,75.33077139648697,59.6928676258434,2.3433,True
8232,CXCR4,of3,cognate,77.08313061411253,87.34653155119044,68.42638397216797,0.8442,False
8233,CXCR4,of3,cognate,77.98966024760874,87.65843188064267,71.24224641587999,0.7913,False
8234,CXCR4,of3,cognate,77.00568661569952,88.24902963610782,71.76145680745442,0.806,False
8235,CXCR4,of3,cognate,77.6881049526171,88.4312686642871,72.45803790622287,0.8829,False
8236,DRD3,of3,cognate,71.39363610524636,85.93237966266373,69.72525236341689,,True
8237,EDNRA,of3,apo,63.498496358446054,74.01087895299793,59.297854683615945,,True
8238,EDNRA,of3,apo,63.49530193829858,74.24390523991715,59.84322287819602,,True
8239,DRD3,of3,apo,67.52998069676211,77.63127642534512,57.472311655680336,,True
8240,CXCR4,of3,cognate,77.26354465000269,88.2082584097616,71.63477749294705,0.8028,False
8241,CXCR4,of3,cognate,78.44507019826196,88.7868994392874,70.51564492119684,0.7685,False
8242,CXCR4,of3,cognate,78.06085459112057,88.5397416266184,71.03173955281575,0.8675,False
8243,EDNRA,of3,apo,63.403968159671614,74.87852959984482,59.90471891923384,,True
8244,EDNRA,of3,apo,63.65771765727777,74.508494137486,60.511654593727805,,True
8245,EDNRA,of3,apo,63.63626961235133,74.76844810044095,60.566741249778055,,True
8246,EDNRA,of3,cognate,70.09892408970059,86.24160954231823,74.61577860514323,,True
8247,DRD2,of3,cognate,65.59721215443123,83.40283934612468,58.934725019666885,1.3588,False
8248,EDNRB,of3,apo,65.86506399288234,75.32672947665485,60.355499267578125,2.3372,True
8249,EDNRB,of3,apo,64.31248495215081,74.31924406055076,59.194637992165305,2.2492,True
8250,EDNRB,of3,apo,64.35694541453795,74.78533426211166,60.177520751953125,2.4126,True
8251,DRD2,of3,cognate,65.62669185831443,83.26534763772423,55.98324415418837,1.1049,False
8252,EDNRB,of3,apo,64.3617649659414,74.5539772952893,58.40754873102362,2.217,True
8253,EDNRB,of3,apo,66.01064723027058,75.9053863437248,60.72633431174538,2.3744,True
8254,EDNRB,of3,apo,65.66205850859487,75.32047937885163,60.076851931485265,2.2256,True
8255,EDNRB,of3,apo,65.322788534071,75.00032483503415,59.21150797063654,2.3248,True
8256,EDNRB,of3,apo,64.26818174925039,74.89649843281998,59.131746465509586,2.3207,True
8257,EDNRB,of3,apo,64.4553421227085,74.51846631042541,58.39774842695756,2.1353,True
8258,EDNRB,of3,apo,65.64616330343925,75.36082740137587,60.47077178955078,2.4465,True
8259,EDNRB,of3,apo,65.92233594641442,75.59803741673197,60.775847001509234,2.3222,True
8260,EDNRB,of3,apo,66.11848048159803,75.7231583515115,60.33474592729048,2.3121,True
8261,EDNRB,of3,apo,65.86022928533404,75.98787677839894,60.74850880015981,2.3577,True
8262,EDNRB,of3,apo,65.43556317145513,75.02771631174102,59.653485384854406,2.3822,True
8263,EDNRB,of3,apo,64.79073747426725,75.16847874642107,60.436459281227805,2.2956,True
8264,EDNRB,of3,apo,64.3601421382622,74.69834355882064,59.21699593283913,2.2429,True
8265,EDNRB,of3,apo,65.60140461841006,75.11599028969223,60.829502452503554,2.4156,True
8266,EDNRB,of3,apo,64.37769284500496,74.61425859668725,59.93655568903143,2.4051,True
8267,DRD2,of3,cognate,64.55426210616261,81.49267636659684,49.203734503852,1.5069,False
8268,DRD3,of3,cognate,71.81231730754001,86.59168682731419,71.51900821261935,,True
8269,DRD3,of3,cognate,71.45126423861007,85.45170315636528,68.4038451058524,,True
8270,DRD3,of3,cognate,71.27416131059827,85.8918739170911,70.04319654192243,,True
8271,EDNRB,of3,apo,65.36052943691493,75.19894065138581,60.31757146661932,2.4317,True
8272,DRD2,of3,cognate,65.71421590166683,82.89031716383896,62.65547561645508,1.2,False
8273,DRD2,of3,cognate,64.98872374555246,81.11286255229604,59.13644790649414,1.1249,False
8274,DRD2,of3,cognate,65.20099623221753,81.88612892706844,56.164584689670136,1.4495,False
8275,DRD2,of3,cognate,66.40574181006234,82.32904439357796,57.322639889187286,1.2297,False
8276,DRD2,of3,cognate,65.97861646984188,83.45019961690146,59.580469343397354,1.1969,False
8277,DRD2,of3,cognate,66.10891738250668,83.43399526147444,62.1039916144477,1.1626,False
8278,DRD2,of3,cognate,66.37067172756716,82.55397638276887,59.21751954820421,1.2934,False
8279,EDNRB,of3,apo,64.3820653842083,74.61780406932638,59.229544552889735,2.259,True
8280,DRD2,of3,cognate,63.956284423820655,82.44852338972547,56.11910629272461,1.3358,False
8281,DRD2,of3,cognate,65.71444584885768,83.05031180932237,58.56127590603299,1.1511,False
8282,DRD2,of3,cognate,64.68184318810069,82.86090560000694,58.30502446492513,1.2237,False
8283,DRD3,of3,cognate,71.73486084457342,86.68933020773389,72.51143603854709,,True
8284,DRD2,of3,cognate,66.0495265215236,84.47305893774157,65.14409764607747,1.2403,False
8285,DRD2,of3,cognate,65.34374593900638,83.15139278856361,54.03705045912001,1.218,False
8286,DRD2,of3,cognate,65.36138119712683,82.78576071362131,58.52412245008681,1.1792,False
8287,DRD2,of3,cognate,65.95858021331146,83.45151248824546,61.98024241129557,1.0729,False
8288,FSHR,of3,apo,76.80844342522268,75.06101880537311,54.83538627624512,2.153,True
8289,FSHR,of3,apo,77.29407531008266,75.58941743566531,56.71684137980143,2.7303,True
8290,FSHR,of3,apo,77.11853514039295,75.93431894235624,56.53619257609049,2.3998,True
8291,FSHR,of3,apo,76.93627883024662,75.18580203853817,54.86049143473307,2.5176,True
8292,FSHR,of3,apo,77.00188264476964,75.78831407222914,60.04106330871582,2.6491,True
8293,FSHR,of3,apo,77.1146853651724,75.74485720046843,59.48398303985596,2.3712,True
8294,FSHR,of3,apo,76.92898533667017,75.98342137838338,59.79024410247803,2.616,True
8295,FSHR,of3,apo,76.97329697202706,75.41469842571546,59.54870891571045,2.3045,True
8296,FSHR,of3,apo,77.040985813764,75.1623129445512,54.37864367167155,2.6468,True
8297,FSHR,of3,apo,76.82291494281681,75.28888035805195,56.15327835083008,2.2504,True
8298,FSHR,of3,apo,77.33660857821921,75.93010823922067,56.61008993784586,2.29,True
8299,FSHR,of3,apo,77.14160198515908,76.33220484754223,60.01513338088989,2.6757,True
8300,FSHR,of3,apo,76.882127128189,75.24404004493317,58.31744766235352,1.5322,True
8301,FSHR,of3,apo,77.0581317368443,75.74775457255598,58.75429121653239,2.0845,True
8302,FSHR,of3,apo,76.99833229725257,75.68311363518153,58.77343495686849,2.3846,True
8303,FSHR,of3,apo,76.98862259685917,75.62877547267539,58.87418746948242,2.2395,True
8304,FSHR,of3,apo,76.86921534277919,75.58210991345445,58.57109800974528,2.1665,True
8305,FSHR,of3,apo,77.03548720086354,75.77885242434635,58.76520792643229,2.2321,True
8306,FSHR,of3,apo,77.15022794693027,76.1738475240223,58.949450174967446,2.3563,True
8307,DRD3,of3,cognate,71.34984536538323,86.9019749161829,72.76058959960938,,True
8308,DRD2,of3,cognate,64.03284624718063,81.53873231152951,51.34631093343099,1.4393,False
8309,DRD2,of3,cognate,66.0640679517091,83.24600336458775,60.44788614908854,1.1418,False
8310,DRD2,of3,cognate,65.70103481143997,83.72124967120943,61.52137883504232,1.2308,False
8311,DRD3,of3,cognate,71.59662574295426,85.36638100198853,68.61151831490653,,True
8312,DRD2,of3,cognate,65.76584032624207,83.5492222097873,61.04057354397244,1.399,False
8313,DRD2,of3,cognate,65.6512042675564,82.95723980116466,56.59928300645616,1.2184,False
8314,DRD2,of3,cognate,64.45434823988738,82.28399381541243,58.70295545789931,1.0205,False
8315,DRD2,of3,cognate,64.9761187773598,82.29522918450712,57.54249742296007,1.1979,False
8316,DRD3,of3,cognate,71.58799384208812,85.58108067822147,70.1383797781808,,True
8317,DRD3,of3,cognate,69.66882483535102,85.39174953312067,69.38144938151042,,True
8318,DRD3,of3,cognate,70.1492617491733,86.90692779381382,73.26848771837022,,True
8319,DRD3,of3,cognate,71.62648594273305,85.70351851767448,68.68218655056424,,True
8320,DRD3,of3,cognate,70.82105217213187,85.41772885377615,66.42799292670355,,True
8321,DRD3,of3,cognate,72.03642530141575,87.07955336027159,72.41075939602322,,True
8322,DRD3,of3,cognate,72.12249228242396,85.82272574836215,70.08843146430121,,True
8323,DRD3,of3,cognate,71.63307170839812,85.95141908389665,69.17651040213448,,True
8324,DRD3,of3,cognate,71.69641879494779,85.33277692306265,68.02816475762262,,True
8325,DRD3,of3,cognate,71.64515034910319,84.86782976242716,66.97883987426758,,True
8326,DRD3,of3,cognate,71.83367253871242,85.85602730727643,69.666013929579,,True
8327,FSHR,of3,apo,77.08910532791276,75.32835136069535,55.02022838592529,1.8196,True
8328,DRD3,of3,cognate,71.38777110389026,85.52083130371346,70.08179310389927,,True
8329,DRD3,of3,cognate,70.61124576649297,86.83917170926433,71.95118004935128,,True
8330,DRD3,of3,cognate,71.57490424915241,85.46450868451063,69.51844363742404,,True
8331,DRD3,of3,cognate,71.4873061079186,84.6828266827059,66.51891835530598,,True
8332,EDNRB,of3,cognate,70.4716487464709,87.04444353724283,77.94788021511502,0.9343,True
8333,FSHR,of3,apo,77.0408403404393,75.27147896743956,55.52456219991048,1.7397,True
8334,FSHR,of3,apo,77.11363700095914,75.61506656715537,56.48008346557617,2.5158,True
8335,EDNRB,of3,apo,64.01563677592597,74.50947659502813,59.147130099209875,2.2226,True
8336,FZD4,of3,apo,79.2972113734034,86.8517543417252,64.91467721121651,0.8824,True
8337,FZD4,of3,apo,79.92502549899032,87.56374842841542,66.28376579284668,0.9288,True
8338,FZD4,of3,apo,79.25006329053153,86.98525462451516,65.44489969526019,0.9068,True
8339,FZD4,of3,apo,79.36526702612485,87.08442516005317,65.59369332449776,0.94,True
8340,FSHR,of3,apo,76.8105646204372,75.70796532662573,58.3035192489624,2.2557,True
8341,FSHR,of3,apo,77.10304184905893,75.95331058524904,58.49053541819254,2.3855,True
8342,FSHR,of3,cognate,77.6355846353469,84.51561087345493,63.528335918079726,0.6875,True
8343,EDNRA,of3,cognate,69.93511696027099,86.05286642319541,72.93032497829861,,True
8344,FZD4,of3,apo,79.3024142077075,87.11132047018286,66.05665179661342,0.9394,True
8345,FZD4,of3,apo,79.18691573820075,86.9320411334469,66.46213449750628,0.9221,True
8346,FZD4,of3,apo,79.66063270346869,87.5912130620491,67.0646642957415,0.9118,True
8347,FZD4,of3,apo,79.86556015338415,87.78996297135626,67.25343486240932,0.9678,True
8348,FZD4,of3,apo,79.7265151984202,87.3639002178763,66.75704274858747,0.9218,True
8349,FZD4,of3,apo,79.03333649632765,86.79042984436701,66.21693502153668,0.9184,True
8350,FZD4,of3,apo,78.65909565612904,85.72685183234427,64.69469697134835,0.8749,True
8351,FZD4,of3,apo,78.99867309382637,85.92539476853999,64.96588134765625,0.9854,True
8352,FZD4,of3,apo,78.77882473922469,85.92653921230458,65.10515349251884,0.9463,True
8353,FZD4,of3,apo,78.84597131708645,85.94268885181752,65.1736570085798,0.926,True
8354,FZD4,of3,apo,79.11774588125948,86.12427454754533,65.62236540658134,0.9739,True
8355,FZD4,of3,apo,79.2423141365684,86.4985769101932,64.42852020263672,0.9666,True
8356,DRD3,of3,cognate,70.96809784989233,85.16248810838312,68.74020258585612,,True
8357,DRD3,of3,cognate,70.56765986257783,85.11965568089725,69.47051239013672,,True
8358,DRD3,of3,cognate,72.16672058496107,86.69525377740075,71.85503260294597,,True
8359,FSHR,of3,apo,77.19845182953048,76.0674900851931,58.98851998647054,1.5339,True
8360,FZD4,of3,apo,78.66758439537153,86.399964855374,66.23738534109933,0.9267,True
8361,FZD4,of3,apo,78.63813475984541,86.23874667710811,65.73738506862095,0.9744,True
8362,FZD4,of3,apo,78.7367344477164,86.2609949873893,65.97867012023926,0.9147,True
8363,EDNRA,of3,cognate,63.181144531573615,72.29657897942339,42.03565701571378,,True
8364,FZD6,of3,apo,69.20180995866421,84.97835292622811,73.89609800066266,1.2238,True
8365,FZD6,of3,apo,69.48342204924965,84.92106261189366,73.64188003540039,1.2234,True
8366,FZD6,of3,apo,69.56544002934768,84.91947650179375,73.61734335763114,1.2276,True
8367,FZD6,of3,apo,69.66708890252431,85.01541335295806,73.84524127415249,1.1976,True
8368,FZD6,of3,apo,69.90174190490879,85.27873133872667,74.10967581612724,1.2417,True
8369,FZD6,of3,apo,70.1501328833137,84.77396159505086,72.55949783325195,1.2914,True
8370,FZD6,of3,apo,69.96308055163951,85.06664865544693,72.14272689819336,1.2082,True
8371,FZD6,of3,apo,69.8360689732114,84.82043941483354,72.72148077828544,1.2636,True
8372,FZD6,of3,apo,69.77825748524543,84.92393545141812,72.14312362670898,1.2172,True
8373,FZD6,of3,apo,70.29239908365768,84.88616179896296,72.47993523733956,1.2273,True
8374,FZD6,of3,apo,69.48129073611925,85.34573726435931,74.13818740844727,1.2184,True
8375,FZD6,of3,apo,69.11381605935775,84.38484311027445,72.3638174874442,1.287,True
8376,FZD6,of3,apo,69.38823974934381,85.13177839976196,73.48596136910575,1.2269,True
8377,FZD6,of3,apo,68.75281182290423,84.59580491425154,72.77909796578544,1.2469,True
8378,FZD6,of3,apo,68.90677909880654,84.74827002352623,72.8813122340611,1.2372,True
8379,FZD6,of3,apo,70.16757714096542,84.59701596509154,73.03588594709124,1.2462,True
8380,FZD4,of3,apo,78.98015985149209,86.63590501397202,64.81738662719727,0.9524,True
8381,FZD4,of3,apo,78.95892360653062,86.31125298909504,63.96800913129534,1.0065,True
8382,FZD4,of3,apo,79.2294093734964,86.51160100682084,64.73556246076312,0.8892,True
8383,EDNRA,of3,cognate,62.22378988988842,72.29363694943048,48.24688790061257,,True
8384,EDNRB,of3,cognate,65.3558557359793,75.95348996472049,55.809120178222656,1.0452,True
8385,EDNRB,of3,cognate,64.67061697069457,74.67749478016064,53.395348982377485,2.0865,True
8386,EDNRB,of3,cognate,64.66169563635734,76.11947650126392,56.908782265403055,0.9691,True
8387,FZD4,of3,apo,78.9696694490299,86.52544563376316,66.39168112618583,0.8797,True
8388,FZD6,of3,apo,69.60101992716068,84.29279686663574,73.23045676095145,1.2375,True
8389,FZD6,of3,apo,69.3138819793918,84.76976344571658,73.14798137119838,1.1901,True
8390,FZD6,of3,apo,69.64602226566274,84.57954015754518,72.82034083775112,1.2352,True
8391,EDNRA,of3,cognate,63.99902998408819,73.31958988762177,50.88763080943715,,True
8392,EDNRA,of3,cognate,63.034899814744655,72.2241572472337,40.88952931490812,,True
8393,EDNRA,of3,cognate,65.17767955061555,78.96929204938043,52.255057941783555,,True
8394,EDNRA,of3,cognate,63.02592822851576,71.99933582246045,41.89895352450284,,True
8395,EDNRB,of3,cognate,69.21940794904083,87.52982676179894,77.7315673828125,1.2837,True
8396,EDNRA,of3,cognate,61.75617822207696,70.65822867268952,43.14219284057617,,True
8397,EDNRA,of3,cognate,60.80188259598098,69.72147136720572,42.11075869473544,,True
8398,EDNRA,of3,cognate,62.11534056225078,71.14796789418395,46.96448794278231,,True
8399,FZD4,of3,apo,79.04838872734732,86.4738703013064,66.388092313494,0.9191,True
8400,EDNRA,of3,cognate,70.15218531602758,86.6925406020854,74.00356928507487,,True
8401,EDNRA,of3,cognate,70.54010549719366,86.9006163729493,74.60374789767795,,True
8402,EDNRA,of3,cognate,69.66458682345144,86.67809304827735,74.53968811035156,,True
8403,EDNRA,of3,cognate,63.49045995146449,72.51980250690923,39.51944333856756,,True
8404,FZD6,of3,apo,69.94581093017511,84.49737730390237,72.51279285975865,1.2367,True
8405,FZD6,of3,apo,69.73594705544023,84.06656997881582,71.5345437186105,1.2362,True
8406,FZD6,of3,apo,69.58336059634605,84.1151305766952,71.80322865077427,1.2356,True
8407,EDNRB,of3,cognate,68.93273398344658,84.21410881231013,70.15306750210848,0.9141,True
8408,EDNRA,of3,cognate,63.142527283984265,76.37071651858511,51.570276433771305,,True
8409,EDNRA,of3,cognate,67.73916903843465,83.85759059978254,70.8353754679362,,True
8410,EDNRA,of3,cognate,69.18496118910902,84.82340837508914,71.93268881903754,,True
8411,EDNRA,of3,cognate,68.97514353779849,84.81930624521485,72.14787843492296,,True
8412,FZD7,of3,apo,77.51717836977711,87.81510484875712,74.67542375837054,0.652,True
8413,FZD7,of3,apo,77.68679283951093,87.78333054387036,75.00090735299247,0.651,True
8414,FZD7,of3,apo,77.03929581650841,87.13642897206812,73.82134192330497,0.6478,True
8415,FZD7,of3,apo,77.74223414840971,88.01559681988726,73.8584976196289,0.5939,True
8416,FZD7,of3,apo,77.24425433539712,86.80953893448194,70.73739869253976,0.62,True
8417,FZD7,of3,apo,77.49951261850775,86.69956099488174,70.87558855329242,0.5996,True
8418,FZD7,of3,apo,76.91739930081201,86.10779422757257,69.87642451695034,0.6288,True
8419,FZD7,of3,apo,77.23734628302788,86.82830678511836,70.7637860434396,0.6401,True
8420,EDNRA,of3,cognate,68.41863465455089,84.8075721250124,72.66194746229384,,True
8421,EDNRA,of3,cognate,68.54678020502047,84.70995785243927,72.4389385647244,,True
8422,EDNRA,of3,cognate,63.81103071804292,72.82769905199049,51.43488589200106,,True
8423,FZD4,of3,apo,78.97236437366749,86.40540088763076,64.34559985569545,0.9076,True
8424,FZD7,of3,apo,77.22785302897593,86.70762730649366,70.22758865356445,0.6196,True
8425,FZD7,of3,apo,76.77710035409577,87.08162584297929,72.32540185110909,0.6199,True
8426,FZD7,of3,apo,77.42383920122249,87.51347237830555,73.54213987077985,0.5697,True
8427,FZD7,of3,apo,77.03127462047664,87.86514511005187,74.34575380597796,0.6308,True
8428,FZD7,of3,apo,77.33770454903494,86.92023070584472,72.07787649972099,0.6523,True
8429,FZD7,of3,apo,76.68339664747911,87.13096650310752,73.37891442435128,0.6371,True
8430,FZD7,of3,apo,76.99349679798232,86.2177345957763,67.76232964651925,0.6389,True
8431,FZD7,of3,apo,76.09450248156202,86.28979545368949,68.73407527378627,0.6462,True
8432,FZD7,of3,apo,76.57007823054502,86.0247663687146,70.40260478428432,0.6585,True
8433,FZD7,of3,apo,76.66950586653536,86.18250416109572,70.32584517342704,0.6955,True
8434,FZD7,of3,apo,76.97611052008024,86.42973064354489,70.8671349116734,0.6176,True
8435,EDNRB,of3,cognate,62.44009851956259,71.53348570931698,45.504858537153765,1.0401,True
8436,EDNRA,of3,cognate,63.77208735151673,72.80950829782527,50.8681605945934,,True
8437,EDNRA,of3,cognate,63.59948583771908,72.0061920148745,47.58344130082564,,True
8438,EDNRA,of3,cognate,64.27195504780435,73.21722881036403,50.973087310791016,,True
8439,FZD6,of3,apo,69.46032802275502,84.34205512316541,72.81011308942523,1.2508,True
8440,FZD7,of3,apo,77.09199593729834,86.31043032278747,68.39918409075055,0.6071,True
8441,FZD7,of3,apo,76.81771984569912,86.17458850184904,68.18457412719727,0.7306,True
8442,FZD7,of3,apo,76.4355569855036,86.67236900763078,68.87424686976841,0.6315,True
8443,EDNRB,of3,cognate,61.81687013627696,71.70826396911863,49.286130384965375,1.7062,True
8444,EDNRB,of3,cognate,62.794398410345984,70.68484570756445,46.512738314541906,1.3535,True
8445,EDNRB,of3,cognate,65.07467878270148,78.6928020466148,58.69721429998224,2.5186,True
8446,EDNRB,of3,cognate,65.22639526217495,78.08094029756852,58.16959277066317,2.6607,True
8447,FZD7,of3,apo,77.28530229525559,86.69476229889912,71.75805963788714,0.6522,True
8448,EDNRB,of3,cognate,68.74896081126927,83.5377111202917,68.76025529341264,0.9411,True
8449,EDNRB,of3,cognate,68.54516032470508,82.65622649521711,67.7757981040261,0.8806,True
8450,EDNRB,of3,cognate,64.66606203765663,77.60114154462691,57.72174002907493,2.6231,True
8451,EDNRB,of3,cognate,65.19008857091477,76.62068459835575,57.51893164894798,0.9285,True
8452,EDNRB,of3,cognate,61.68398579937794,70.32566267966536,44.3072343306108,1.2819,True
8453,EDNRB,of3,cognate,62.39086060349072,71.01200966636168,42.613500421697445,1.2844,True
8454,EDNRB,of3,cognate,62.51964991630223,71.44957418157597,46.38520015369762,1.2949,True
8455,FZD7,of3,apo,76.70523100905179,87.44038371386122,74.5027689252581,0.6303,True
8456,GCGR,of3,apo,67.84228587948166,72.82340898781058,53.800050562078304,3.3191,True
8457,GCGR,of3,apo,67.17752723302091,71.14056606331837,48.32509676615397,2.1262,True
8458,GCGR,of3,apo,67.02035078970472,70.43036679606635,48.67180824279785,2.8743,True
8459,GCGR,of3,apo,67.1374335128596,70.06771553487454,48.28888861338297,2.9118,True
8460,GCGR,of3,apo,68.22868382060396,74.18746174199349,51.81430848439535,1.7811,True
8461,GCGR,of3,apo,68.34955507368437,74.3339935049667,52.30905946095785,1.7558,True
8462,GCGR,of3,apo,68.41839021561297,74.75212936699775,51.791150410970054,1.6978,True
8463,GCGR,of3,apo,68.16785804074114,74.49976839220695,51.60495090484619,1.7617,True
8464,GCGR,of3,apo,68.65602089923075,75.19693615460638,51.896959940592446,1.8672,True
8465,GCGR,of3,apo,68.31141708265365,74.48218258617045,50.43306414286295,1.7025,True
8466,GCGR,of3,apo,67.63025465291905,73.80075844534167,49.71688906351725,1.8034,True
8467,GCGR,of3,apo,67.2516500309028,71.96088739655742,51.04783789316813,1.9943,True
8468,EDNRB,of3,cognate,65.31380447820081,76.65490824453758,57.24964072487571,0.9581,True
8469,EDNRB,of3,cognate,68.32618460326835,82.95309500787853,68.74855596368963,0.8058,True
8470,EDNRB,of3,cognate,68.38447617224087,82.63268364262271,67.26482009887695,0.8146,True
8471,EDNRB,of3,cognate,65.19723731981749,78.56241292874361,57.086945273659445,2.6714,True
8472,FSHR,of3,cognate,78.04455614794655,84.7751295821216,63.400853937322445,0.5614,True
8473,FSHR,of3,cognate,78.00515690094373,85.05184057443518,64.09136165272106,0.5586,True
8474,FSHR,of3,cognate,77.69718118040107,84.29159658446456,63.94337116588246,0.656,True
8475,FZD6,of3,apo,69.65818259062517,84.25774601449181,72.33014079502651,1.2644,True
8476,GCGR,of3,apo,66.96754446985571,71.02706806162291,51.496205965677895,2.324,True
8477,GCGR,of3,apo,66.8549866600495,70.27291271756992,51.45556831359863,2.8436,True
8478,GCGR,of3,apo,67.14242181396122,72.04650982763825,51.37402470906576,1.8989,True
8479,FSHR,of3,cognate,77.39698151585826,84.14524902831596,65.3850527676669,0.6083,True
8480,EDNRB,of3,cognate,70.42762510026158,86.84920386033656,77.790953318278,0.919,True
8481,EDNRB,of3,cognate,69.77318078427206,87.02674592258954,78.11742747913708,0.8438,True
8482,EDNRB,of3,cognate,69.81756301052927,87.39869371765103,78.14094751531428,0.8961,True
8483,FSHR,of3,cognate,77.66663547843443,84.58620786088197,63.57908006147905,0.6623,True
8484,FSHR,of3,cognate,77.29955209416688,83.89926318255337,63.313858379017226,0.6395,True
8485,FSHR,of3,cognate,77.810178267038,84.7351513902243,64.03378122503108,0.5905,True
8486,FSHR,of3,cognate,77.98886392435443,84.36444359769037,63.62893988869407,0.5918,True
8487,FSHR,of3,cognate,78.0067124359321,85.1314416129455,63.322416132146664,0.5923,True
8488,FZD6,of3,apo,69.5174182308647,84.2659100066704,72.10361153738839,1.2533,True
8489,FZD6,of3,cognate,65.828677442689,84.14576930972233,70.55751092093331,1.2128,True
8490,FZD6,of3,cognate,66.45255223070376,85.36321146662273,71.12158693586078,1.1725,True
8491,FSHR,of3,cognate,77.93259478413971,84.91670096829513,63.77504140680487,0.6384,True
8492,GCGR,of3,apo,68.69070946844921,75.20625977095,51.65595245361328,1.6999,True
8493,GCGR,of3,apo,68.99986414651211,75.13681198859474,51.507572174072266,1.5719,True
8494,GCGR,of3,apo,68.97001867960894,75.12341081387925,51.47657362620035,1.5704,True
8495,FSHR,of3,cognate,78.61803080527343,85.68587715819112,65.40946544300427,0.6294,True
8496,GCGR,of3,apo,67.59280189403046,72.828792585783,53.852297349409625,3.1974,True
8497,GCGR,of3,apo,66.9356166684064,70.52731631565739,47.56868743896485,2.2874,True
8498,GCGR,of3,apo,67.90657773952354,73.41936180906829,53.25457000732422,3.483,True
8499,FZD6,of3,cognate,66.42860110555286,84.1712691963493,70.09643581935337,1.2353,True
8500,FSHR,of3,cognate,77.88594133639543,84.78683283786583,64.58661790327592,0.6561,True
8501,FSHR,of3,cognate,77.64518755278354,84.52300632774742,65.0223617553711,0.6206,True
8502,FSHR,of3,cognate,77.52846651086716,84.00692076392676,65.38860182328658,0.5811,True
8503,GCGR,of3,apo,68.07071191840596,73.63247491955767,54.021989995783024,3.5552,True
8504,FSHR,of3,cognate,76.35567738986389,83.12314739262388,65.08463079279119,0.8297,True
8505,FSHR,of3,cognate,76.67100063829379,83.78767041178149,65.38355289806019,0.5813,True
8506,FSHR,of3,cognate,79.00321754582063,85.77902655135674,65.10132668235086,0.6149,True
8507,GCGR,of3,apo,67.1417288242311,70.98319424840487,51.30328051249186,2.143,True
8508,GHSR,of3,apo,68.15538028114271,71.69202007894391,59.31806460293856,2.1441,False
8509,GHSR,of3,apo,68.96343515555,72.65094034661462,60.075476906516336,1.9032,False
8510,GHSR,of3,apo,68.54006281324602,71.94503520226581,60.183323542277016,1.6807,False
8511,GHSR,of3,apo,68.8399339293203,72.33889125790947,60.20747236772017,2.2207,False
8512,GHSR,of3,apo,68.86599875667619,72.39877651119644,60.92178032614968,2.1944,False
8513,GHSR,of3,apo,68.01372503723445,71.76187763249203,60.79859854958274,1.762,False
8514,GHSR,of3,apo,68.72457021506526,71.71728047112882,60.26225884755453,1.507,False
8515,GHSR,of3,apo,69.12148189589836,72.56272142160506,60.635746002197266,2.0488,False
8516,FSHR,of3,cognate,78.09807334158305,85.24467589081794,65.14195390181108,0.5722,True
8517,FSHR,of3,cognate,78.15726965983627,85.04667209159416,64.8336788524281,0.6522,True
8518,FSHR,of3,cognate,77.6525891961574,84.68682421426925,64.48603439331055,0.5589,True
8519,FSHR,of3,cognate,77.96480539181502,84.59553792877115,64.65007643266158,0.6781,True
8520,GHSR,of3,apo,67.85471725512089,72.35174737304837,59.12464662031694,2.0257,False
8521,GHSR,of3,apo,68.08685888075553,72.09001517877951,60.23349345814098,1.8281,False
8522,GHSR,of3,apo,68.12971787755959,72.3604304997539,58.67857499556108,2.3497,False
8523,GHSR,of3,apo,67.79393556395348,71.67141134937087,60.274108250935875,1.4507,False
8524,GHSR,of3,apo,67.73439034203562,71.39845111361831,59.940449714660645,1.3746,False
8525,GHSR,of3,apo,68.8099234304526,72.51072105773085,60.635680805553086,1.977,False
8526,GHSR,of3,apo,68.30810575426763,72.62862291042939,60.43862949718129,1.9734,False
8527,GHSR,of3,apo,69.17003767762459,73.4103058416606,60.1779258034446,2.3025,False
8528,GHSR,of3,apo,68.6376087594968,72.50206548661897,60.815574645996094,1.5857,False
8529,GHSR,of3,apo,68.266003250254,71.0530333499991,57.67985610961914,0.8736,False
8530,GHSR,of3,apo,68.20481226048675,71.88789346032328,58.913968519731,2.1682,False
8531,GHSR,of3,apo,68.52269225415327,72.44205884487597,60.38387333263051,1.9066,False
8532,GHSR,of3,apo,68.3195465814887,72.16455038502103,60.11229451497396,1.9677,False
8533,GHSR,of3,apo,68.28534735349267,72.20339622910404,60.52384281158447,1.7508,False
8534,GHSR,of3,apo,68.48734652511232,72.4596463855314,60.64854017893473,1.8499,False
8535,GCGR,of3,apo,68.89992172625071,75.35891448612175,51.64150333404541,1.5635,True
8536,FZD6,of3,cognate,66.04437571923005,84.18257469493761,68.87449891226632,1.2818,True
8537,FZD6,of3,cognate,66.58310754018592,85.31519483015823,73.74408939906529,1.207,True
8538,FZD7,of3,apo,76.73644189448504,86.34633407100799,71.34663772583008,0.6403,True
8539,FZD6,of3,cognate,66.6887597108208,85.26705420907614,71.5857971736363,1.207,True
8540,FSHR,of3,cognate,77.91899169192473,85.59608848079803,65.10245964743875,0.6136,True
8541,FSHR,of3,cognate,78.61422671549059,85.44297810193265,64.93376333063298,0.6946,True
8542,FSHR,of3,cognate,77.91920012732261,85.48357205737722,64.8755146373402,0.6401,True
8543,FZD7,of3,cognate,76.03898350696844,86.89542320466145,76.24641799926758,0.6187,True
8544,FZD6,of3,cognate,66.27570312261406,86.51316311384865,77.75367028372628,1.1851,True
8545,FZD6,of3,cognate,65.64125617078999,86.30610683899421,77.57777132306781,1.2319,True
8546,FZD6,of3,cognate,65.78780741565338,86.63146020645704,78.13471603393555,1.181,True
8547,GHSR,of3,apo,68.49821615578176,72.18867040883927,59.864621595902875,2.0564,False
8548,GCGR,of3,apo,68.57655466792086,75.05175136819085,52.27773666381836,1.8861,True
8549,GCGR,of3,cognate,72.52648675285006,85.67115234275916,64.00055313110352,1.4069,True
8550,GCGR,of3,cognate,73.64971143327757,85.28328041765606,64.14124298095703,1.559,True
8551,FZD6,of3,cognate,65.95576122912932,85.54271904019222,74.40868541172573,1.2421,True
8552,FZD6,of3,cognate,66.10006140760818,84.85939906081768,71.00863810947963,1.1536,True
8553,FZD6,of3,cognate,66.37330599440261,85.38927343729083,71.83267566135952,1.1734,True
8554,FZD6,of3,cognate,65.13664698475463,84.98374338194061,74.69829341343471,1.2463,True
8555,FZD6,of3,cognate,66.15472332639469,85.4048811108175,74.7414414542062,1.1995,True
8556,FZD6,of3,cognate,65.60960137933293,83.728480921521,69.06513050624302,1.3543,True
8557,FZD6,of3,cognate,66.43291503749462,85.50740305511123,74.19567980085101,1.1952,True
8558,FZD6,of3,cognate,64.93424021239075,84.1478414319948,69.44448471069336,1.3065,True
8559,FZD6,of3,cognate,67.03488757439345,86.72672390707987,78.28059823172433,1.2046,True
8560,GLP1R,of3,apo,66.89329756215092,71.28961846495432,51.86961936950683,2.7608,True
8561,GLP1R,of3,apo,66.76869542231479,70.668222556644,52.11700312296549,2.7245,True
8562,GLP1R,of3,apo,66.90102211970034,70.62953090571393,51.41596476236979,2.615,True
8563,GLP1R,of3,apo,68.18205086717765,74.66401903546046,57.62407094782049,1.0714,True
8564,GLP1R,of3,apo,67.41353806007946,70.59256316112749,50.41451009114584,2.3253,True
8565,GLP1R,of3,apo,68.15314278406298,74.67189146310908,58.23542334816673,1.0029,True
8566,GLP1R,of3,apo,68.36052392961301,73.84164018015841,57.20912551879883,1.2079,True
8567,GLP1R,of3,apo,67.76016756934958,73.74210366794041,57.22589683532715,1.1125,True
8568,GLP1R,of3,apo,67.6980425996654,73.52161457705807,56.26160526275635,1.1044,True
8569,GLP1R,of3,apo,68.18189904197591,73.9204530864567,56.7571325302124,1.1487,True
8570,GLP1R,of3,apo,68.31206623096774,73.89156000232285,57.082512855529785,1.0957,True
8571,GLP1R,of3,apo,68.48794857818459,73.94225166706123,55.64988994598389,1.0579,True
8572,GLP1R,of3,apo,68.4129456905711,73.83999183890795,55.96719980239868,1.1104,True
8573,GLP1R,of3,apo,68.22586649276779,73.89526641994328,56.204283714294434,1.0547,True
8574,GLP1R,of3,apo,68.11499231029232,74.01254018785633,55.97849130630493,1.0345,True
8575,GLP1R,of3,apo,68.60803655787474,73.84023496100741,56.29208946228027,1.0594,True
8576,FZD6,of3,cognate,65.59131762942577,85.06964919901513,74.3296914100647,1.2449,True
8577,FZD6,of3,cognate,65.95864490518396,85.95363323320386,76.12386417388916,1.2041,True
8578,FZD6,of3,cognate,66.05561503153174,85.69665271169352,76.01817178726196,1.2013,True
8579,FZD6,of3,cognate,65.77799217683366,85.85516777306923,75.40187781197685,1.186,True
8580,GLP1R,of3,apo,67.49395308982596,71.91984867021635,51.06365076700846,1.5206,True
8581,GLP1R,of3,apo,67.02905513885207,70.3056270281061,52.49059295654297,2.5591,True
8582,GLP1R,of3,apo,67.44914600669516,71.74126880775798,52.83893013000488,1.6844,True
8583,FZD7,of3,cognate,76.33737981924887,87.5634939080193,76.96972492762974,0.606,True
8584,FZD6,of3,cognate,65.94042437155541,85.13769111386281,74.49771554129464,1.2516,True
8585,FZD6,of3,cognate,66.41494513272706,85.6983946117247,73.8148171561105,1.1924,True
8586,FZD6,of3,cognate,65.36595618676424,85.38733643721707,74.05626460484096,1.2661,True
8587,FZD7,of3,cognate,76.29672072602666,86.54900849302437,71.44351632254464,0.6168,True
8588,GLP1R,of3,apo,66.95344847505689,70.48054977168599,49.33045641581217,2.3909,True
8589,GLP1R,of3,apo,66.98814378110102,71.31433411962198,54.140482584635414,2.9895,True
8590,GLP1R,of3,apo,67.30068447137565,73.97799697974372,57.19407237659801,1.1136,True
8591,GCGR,of3,cognate,73.47609097329463,83.73122554600008,61.72080612182617,1.6361,True
8592,FZD7,of3,cognate,76.28698143604578,86.21088109546238,70.28488104684013,0.5949,True
8593,FZD7,of3,cognate,75.83211175017586,85.60571228855788,70.16238103594098,0.6278,True
8594,FZD7,of3,cognate,76.04236925598526,86.30185345199718,71.30063383919853,0.6029,True
8595,FZD7,of3,cognate,76.26054910325705,86.13780331680441,70.88159343174526,0.6024,True
8596,FZD7,of3,cognate,75.36059416457577,86.28855080886663,71.1541336604527,0.7338,True
8597,FZD7,of3,cognate,75.80704381937292,86.08726183057345,67.79238510131836,0.6795,True
8598,FZD7,of3,cognate,75.46854540452132,85.24686168695423,68.20315497262138,0.5512,True
8599,GLP1R,of3,apo,67.30137489367497,71.21910045269419,53.905229568481445,3.132,True
8600,FZD7,of3,cognate,76.45615546229453,87.7908760772639,76.25024359566825,0.5967,True
8601,FZD7,of3,cognate,75.43545859050627,86.33059135205818,73.54968343462262,0.5769,True
8602,FZD7,of3,cognate,76.0492531808811,86.73138077124888,72.97464261736188,0.6508,True
8603,FZD7,of3,cognate,76.13900511170112,86.16914104534605,66.6430334363665,0.6254,True
8604,FZD7,of3,cognate,75.67323167762841,86.49185853080144,73.66523824419293,0.6135,True
8605,FZD7,of3,cognate,76.51673139713623,87.75800507973455,77.03753498622349,0.6519,True
8606,FZD7,of3,cognate,76.44471898496116,87.77659562091635,77.17862210954938,0.5726,True
8607,FZD7,of3,cognate,75.88358366369046,87.56067271232605,76.82090595790318,0.5935,True
8608,GRPR,of3,apo,65.31988342750788,73.68019710868984,59.72877329046076,2.3412,True
8609,GRPR,of3,apo,65.35187718417835,73.60793331635462,59.304501273415305,2.2841,True
8610,GRPR,of3,apo,65.67729139241492,74.26042573167132,60.139972339976914,2.3255,True
8611,GRPR,of3,apo,66.43385493961405,74.51957303575622,60.0914192199707,2.3319,True
8612,GRPR,of3,apo,65.95883824359348,73.98104920077633,59.915291179310195,2.3649,True
8613,GRPR,of3,apo,66.33037818144288,74.3558259389927,59.8779955777255,2.4049,True
8614,GRPR,of3,apo,66.22028361834377,74.57427458884914,59.89468036998402,2.4696,True
8615,GRPR,of3,apo,66.03880048812819,74.30383762543336,59.932829423384234,2.3032,True
8616,FZD7,of3,cognate,76.24947628273185,87.63512408819378,77.0655882699149,0.589,True
8617,FZD7,of3,cognate,75.99057579285851,87.87095231080983,76.29024887084961,0.6743,True
8618,FZD7,of3,cognate,75.38841395263621,86.26243822268421,70.78583662850517,0.686,True
8619,FZD7,of3,cognate,75.54234440241244,85.3857291869787,67.5239394051688,0.6371,True
8620,GRPR,of3,apo,66.6861822431254,74.87296454788802,59.61206991022283,2.4089,True
8621,GRPR,of3,apo,66.13574317195697,74.31427559400534,60.19199128584428,2.3393,True
8622,GRPR,of3,apo,65.98527015258934,74.25585296492557,60.21342711015181,2.4054,True
8623,GRPR,of3,apo,65.86774020480989,73.76986983352927,59.63267759843306,2.1401,True
8624,GRPR,of3,apo,66.55337426999316,74.86357347888864,59.79374972256747,2.3716,True
8625,GRPR,of3,apo,66.76946168318032,74.86216899289714,59.95552548495206,2.4576,True
8626,GRPR,of3,apo,66.66891046235712,74.93643319371459,59.898594942959875,2.355,True
8627,GRPR,of3,apo,66.61961996004132,74.91777744322113,60.109471407803625,2.522,True
8628,GRPR,of3,apo,65.93000555456673,73.95992847855473,59.92560993541371,2.3558,True
8629,GRPR,of3,apo,66.09013194318693,74.11955818995769,60.02915607799184,2.3825,True
8630,GRPR,of3,apo,66.55813999036708,74.97942377325775,61.16413393887606,2.3651,True
8631,GRPR,of3,apo,66.49927272418296,75.05454315171097,61.49039979414506,2.294,True
8632,FZD7,of3,cognate,76.52279414675142,87.97377213379005,78.66811207362584,0.635,True
8633,FZD7,of3,cognate,76.07436640859036,86.52430883823192,65.10909952436175,0.6108,True
8634,FZD7,of3,cognate,73.8191347365871,84.03164586202062,57.80843462262835,0.6993,True
8635,GHSR,of3,cognate,75.56925350675476,85.06193369741563,69.3821155003139,0.5738,False
8636,GCGR,of3,cognate,72.85963849779367,83.64044818168368,49.411211880770594,1.9618,True
8637,GCGR,of3,cognate,73.30760390566495,84.04980005326716,50.35343204845082,1.6537,True
8638,GHSR,of3,apo,68.46310179096893,72.26180355358949,60.170506564053625,2.0148,False
8639,GCGR,of3,cognate,73.68143066834,83.62389962529598,63.945650274103336,1.458,True
8640,GCGR,of3,cognate,71.90250745712713,82.7127688981609,54.28591260043058,1.6999,True
8641,GCGR,of3,cognate,72.37039735699848,83.32547850993785,63.16899247602983,1.5221,True
8642,GCGR,of3,cognate,72.61339438411245,83.01242402749514,61.92448668046431,1.5545,True
8643,GCGR,of3,cognate,73.48792544170432,84.99296051577879,61.73092547329989,1.6256,True
8644,GRPR,of3,apo,66.7258772773187,74.7514322920176,61.34410337968306,2.2679,True
8645,GRPR,of3,apo,66.83736706740774,74.6919299097598,60.6892748746005,2.2539,True
8646,GRPR,of3,apo,66.51767246879874,74.59712739830925,61.242394187233664,2.2694,True
8647,GHSR,of3,cognate,73.87415359095377,82.57705355914639,61.30932409113104,1.322,False
8648,GCGR,of3,cognate,73.09740862228692,83.80844232436512,60.68916251442649,1.6602,True
8649,GCGR,of3,cognate,72.371403738024,83.5582746835145,60.718801671808414,1.6007,True
8650,GCGR,of3,cognate,73.99886811759865,84.29843996308284,61.144251043146305,1.525,True
8651,GLP1R,of3,apo,67.20791206998571,70.4263170086185,52.21016883850098,2.4973,True
8652,GCGR,of3,cognate,73.62030072627415,83.82705281829024,61.827191439541906,1.6762,True
8653,GCGR,of3,cognate,72.72853911903427,84.59206235995278,57.121037569913,1.6084,True
8654,GCGR,of3,cognate,72.49852880766886,83.88014565620878,58.32696741277521,1.8762,True
8655,GRPR,of3,apo,65.49378684548219,73.78136737532431,59.60207054831765,2.3429,True
8656,GLP1R,of3,apo,67.15638806357693,70.70590559589228,52.75481351216634,2.4181,True
8657,GLP1R,of3,cognate,73.90251503228265,84.02386147530737,63.22686698219993,1.3174,True
8658,GLP1R,of3,cognate,74.1652126444799,84.4095675472298,63.420000943270594,1.0873,True
8659,GCGR,of3,cognate,70.88233601563373,78.10465626576465,57.0458159013228,1.6051,True
8660,HRH1,of3,apo,64.61826785264809,80.17997638713402,64.89767540825738,2.213,False
8661,HRH1,of3,apo,64.32174629385483,80.12941296697178,64.57584126790364,2.0861,False
8662,HRH1,of3,apo,64.03878726645101,80.22675102683885,64.68351872762044,2.1664,False
8663,HRH1,of3,apo,64.72795639799887,80.4300549612004,65.08549372355144,2.1025,False
8664,HRH1,of3,apo,64.33173883216222,80.44108392787014,65.07705603705512,2.2152,False
8665,HRH1,of3,apo,64.1915865436868,80.24999856562155,64.91480297512479,2.1887,False
8666,HRH1,of3,apo,64.30076361439068,80.07028717962349,65.40378528171115,2.2203,False
8667,HRH1,of3,apo,64.54001625656743,80.23757087753623,65.35385089450412,2.1046,False
8668,HRH1,of3,apo,64.33373925717072,80.18109139443132,65.38462151421442,2.1298,False
8669,HRH1,of3,apo,64.64804314413902,80.278427312467,65.47172164916992,2.1747,False
8670,HRH1,of3,apo,64.3678506706987,80.16794773209146,64.98332087198894,2.1133,False
8671,HRH1,of3,apo,64.25270494813508,79.47200725024224,64.19621192084418,2.231,False
8672,HRH1,of3,apo,63.893796389508104,79.61987680438622,64.74585511949327,2.2833,False
8673,HRH1,of3,apo,63.85024094500561,79.67393797829037,64.78678512573242,2.2012,False
8674,HRH1,of3,apo,64.3549881902879,79.72497773189737,64.4490097893609,2.2103,False
8675,HRH1,of3,apo,64.33352257467737,79.91222114597392,64.60128572252061,2.2034,False
8676,HRH1,of3,apo,64.3187293593284,80.02413349834183,65.38929918077257,2.2402,False
8677,HRH1,of3,apo,63.92771729302595,79.71437218613782,64.9220216539171,2.1264,False
8678,HRH1,of3,apo,64.28590580813972,79.99383609927233,65.11691368950738,2.1524,False
8679,GLP1R,of3,cognate,74.14657099372059,84.02613939403628,61.220371593128554,1.0382,True
8680,GHSR,of3,cognate,74.99977430096966,83.76394710674946,67.4965956551688,0.5714,False
8681,GHSR,of3,cognate,75.56277290435068,84.90771751511147,68.78442873273578,0.6066,False
8682,GHSR,of3,cognate,75.558460251601,84.6847668685748,68.38051768711635,0.5486,False
8683,GHSR,of3,cognate,74.30074534234761,83.28621808778671,62.50590133666992,1.3008,False
8684,GCGR,of3,cognate,73.4353093635179,85.26027638499174,63.685021833939985,1.5163,True
8685,GCGR,of3,cognate,74.19090843138396,85.60579473180128,63.552935513583094,1.4925,True
8686,GCGR,of3,cognate,67.6577755393456,71.477840913089,44.05771879716353,2.43,True
8687,HRH1,of3,apo,64.20475271318514,80.03569767967102,64.01309288872613,2.1023,False
8688,GHSR,of3,cognate,74.66883585383249,82.79123578573203,67.97660493850708,0.5915,False
8689,GHSR,of3,cognate,75.05697665958827,83.34809220481227,68.47299909591675,0.6,False
8690,GHSR,of3,cognate,74.71334904483366,83.03381547131065,67.86566829681396,0.5981,False
8691,GHSR,of3,cognate,74.44858893508372,83.17356048561278,62.60847126353871,1.1791,False
8692,GHSR,of3,cognate,74.34021586779554,82.77718082836697,66.90486860275269,0.7272,False
8693,GHSR,of3,cognate,74.55506100661708,83.25484309964367,62.67892005226829,1.1789,False
8694,GHSR,of3,cognate,75.58600468992795,84.22062081188349,69.3546781539917,0.5953,False
8695,GHSR,of3,cognate,74.9214261851434,84.60588070704307,63.97278109463778,1.2863,False
8696,GHSR,of3,cognate,75.04775883119456,84.02995263735453,68.71022380482067,0.6182,False
8697,GHSR,of3,cognate,75.53538898669714,84.61500067913171,69.51539148603167,0.5537,False
8698,GHSR,of3,cognate,74.8803837176809,84.31198601293357,63.29460144042969,1.1631,False
8699,GHSR,of3,cognate,74.50853930123657,82.565321446394,66.87014436721802,0.611,False
8700,GHSR,of3,cognate,75.28529394422853,85.08731257477879,63.81102232499556,1.2191,False
8701,GHSR,of3,cognate,74.23284824854237,84.24821000951708,60.817291259765625,1.5583,False
8702,GHSR,of3,cognate,74.87287328035121,84.59646838920972,64.11095844615589,1.2097,False
8703,GHSR,of3,cognate,76.05149948488122,85.73514613446737,69.71897779192243,0.5375,False
8704,HRH3,of3,apo,64.46327843879442,74.5086506771594,63.29053462635387,,True
8705,HRH3,of3,apo,63.9572853171027,74.04107415680934,62.54613356156783,,True
8706,HRH3,of3,apo,64.61431836867615,74.70041924672037,63.151985515247695,,True
8707,HRH3,of3,apo,64.1894663448044,73.9441699069575,62.89641120217063,,True
8708,GHSR,of3,cognate,75.63982542968017,85.32907126399863,69.60815756661552,0.5962,False
8709,GHSR,of3,cognate,75.06776853665392,84.7244186344188,64.9370214288885,1.1618,False
8710,GHSR,of3,cognate,75.38476751442968,84.92326335229914,68.90169497898647,0.5946,False
8711,GCGR,of3,cognate,73.47427241158417,85.26644870292773,63.02204513549805,1.563,True
8712,HRH1,of3,apo,64.48732838643562,79.98793497836951,64.78136698404948,2.2125,False
8713,HRH1,of3,apo,64.23663849445276,79.98412304140616,64.97414059109158,2.152,False
8714,HRH1,of3,apo,64.53150214942899,80.23518954237132,65.02418178982205,2.149,False
8715,GLP1R,of3,cognate,73.58539869746289,83.76183364426419,59.09636376120827,1.0319,True
8716,HRH3,of3,apo,64.39280076716926,74.18261373216455,62.85048085992987,,True
8717,HRH3,of3,apo,64.61707842623962,74.41461711913132,63.213652870871805,,True
8718,HRH3,of3,apo,64.3439044951304,74.33305133084714,62.806940945712,,True
8719,HRH3,of3,apo,64.01229222054228,73.67302597340395,62.50632130015981,,True
8720,HRH3,of3,apo,64.40173550538358,74.12617791234328,62.59903959794478,,True
8721,HRH3,of3,apo,64.96150119098891,75.03267245027067,63.57765440507369,,True
8722,HRH3,of3,apo,64.63922116636999,75.1611622703987,63.6039494601163,,True
8723,HRH3,of3,apo,64.6840606652382,74.63597409512572,63.27631655606356,,True
8724,HRH3,of3,apo,63.97893652497913,73.86357546731337,62.84364908391779,,True
8725,HRH3,of3,apo,63.547319084917376,73.6284110037073,62.97242320667613,,True
8726,HRH3,of3,apo,64.69705289501422,74.45558609252367,63.60965694080699,,True
8727,GLP1R,of3,cognate,74.48930676567366,84.66940806948949,65.65278556130149,0.8716,True
8728,HRH3,of3,apo,65.27313811853111,75.51257262302167,63.91874972256747,,True
8729,HRH3,of3,apo,65.01704588922979,75.4001731987261,63.46672127463601,,True
8730,HRH3,of3,apo,64.5038434718018,74.28121013209933,63.2155498157848,,True
8731,GLP1R,of3,cognate,74.57326532346,84.34526051302493,61.52755610148112,0.9357,True
8732,GLP1R,of3,cognate,74.07943348470637,84.22395359712246,63.46919909390536,1.0909,True
8733,GLP1R,of3,cognate,74.20114038361262,84.3472827646605,62.8530308116566,1.1058,True
8734,GLP1R,of3,cognate,73.28377911611906,84.18665368406288,58.825346513227984,1.0687,True
8735,GCGR,of3,cognate,67.46947799282736,70.2525689066611,44.09025224049886,2.2119,True
8736,HRH3,of3,apo,64.45375271083606,74.21469114097167,63.31021083484996,,True
8737,HRH3,of3,apo,64.2409133917726,74.10948334969827,63.44227946888317,,True
8738,HRH3,of3,apo,64.11534847735547,73.93459316135313,63.3927695534446,,True
8739,HRH1,of3,apo,64.23992346343547,80.10151038968718,65.11921564737956,2.2231,False
8740,GLP1R,of3,cognate,74.4764141199854,83.71580112787552,57.473658475008875,1.213,True
8741,GLP1R,of3,cognate,74.8521890409936,84.12040252724081,60.521241274746984,1.1743,True
8742,GRPR,of3,apo,65.2861905830987,73.87754773614725,60.02045648748224,2.2883,True
8743,GRPR,of3,cognate,69.65215533590872,82.41001413126529,67.90301097523083,1.0721,True
8744,GLP1R,of3,cognate,74.39190562040018,83.67491030126078,55.25579625909979,1.0342,True
8745,GLP1R,of3,cognate,74.15053372362044,83.30945874083439,52.62330558083274,1.0881,True
8746,GLP1R,of3,cognate,74.84256784786356,83.99804220645458,57.73716146295721,1.0258,True
8747,HRH3,of3,apo,64.33963480470794,74.38589706354155,63.319217681884766,,True
8748,GCGR,of3,cognate,68.38667158489481,72.61897757650371,46.10170014699301,2.0017,True
8749,GCGR,of3,cognate,68.86545141002468,73.15214688432978,46.08914883931478,1.973,True
8750,GCGR,of3,cognate,68.50770842670003,72.48548595429624,46.695823669433594,2.1119,True
8751,GLP1R,of3,cognate,75.41747015486804,84.67694077142218,62.943145751953125,0.9238,True
8752,GLP1R,of3,cognate,74.52382833281952,84.19716143160842,58.542727036909625,0.9114,True
8753,GLP1R,of3,cognate,74.60720642980296,84.2568399582212,59.49901684847745,1.0025,True
8754,GLP1R,of3,cognate,73.85364261619709,84.06339275529373,59.98981129039418,0.9909,True
8755,HRH3,of3,apo,64.65461085013395,74.37270400981022,63.67149283669212,,True
8756,GLP1R,of3,cognate,73.82941546360959,84.30788328023529,62.661196275190875,1.0331,True
8757,GLP1R,of3,cognate,73.85464965305658,84.07483670547067,61.39867747913707,1.0585,True
8758,GLP1R,of3,cognate,73.51913201594995,84.13448223968605,61.025883414528586,1.0363,True
8759,GLP1R,of3,cognate,74.33487150827794,84.5770968728664,62.67915899103338,0.9052,True
8760,GLP1R,of3,cognate,74.35228419365882,83.58115142231897,55.21351796930487,1.0953,True
8761,GLP1R,of3,cognate,75.05528667461031,84.63735172134115,62.3630898215554,1.0285,True
8762,GLP1R,of3,cognate,74.88250240439436,83.9707241823766,58.85687573750814,0.9778,True
8763,HRH3,of3,apo,64.22115722748994,74.04067040050528,63.269141457297586,,True
8764,LPAR1,of3,apo,67.57908198630899,70.14661663846708,56.160590171813965,1.4494,False
8765,LPAR1,of3,apo,67.32206840726965,69.95138664560744,57.558624267578125,1.8317,False
8766,LPAR1,of3,apo,67.77545843414175,71.05347656949087,58.497554779052734,1.4488,False
8767,LPAR1,of3,apo,68.15050898949278,71.82669966868335,59.74032926559448,1.4693,False
8768,LPAR1,of3,apo,68.32583939993096,71.3380171365105,59.220844745635986,1.3928,False
8769,LPAR1,of3,apo,68.29765816471559,71.82815741111017,59.839433670043945,1.4197,False
8770,LPAR1,of3,apo,68.34697386032525,71.39222732006556,59.1417179107666,1.4952,False
8771,LPAR1,of3,apo,67.82455712865585,70.74350011341843,57.58387327194214,1.5442,False
8772,LPAR1,of3,apo,67.80640487430394,70.61632749247862,58.565590381622314,1.3813,False
8773,LPAR1,of3,apo,67.59076342383766,70.82284387834144,58.83002519607544,1.4174,False
8774,LPAR1,of3,apo,68.01619486570974,70.97544629840107,57.49569797515869,1.5527,False
8775,LPAR1,of3,apo,68.21939166590207,70.89003269551293,56.347336292266846,1.276,False
8776,LPAR1,of3,apo,67.64832608586795,71.24581011766654,59.15449285507202,1.4004,False
8777,LPAR1,of3,apo,68.14787789215974,70.81341850712874,57.55637264251709,1.5385,False
8778,LPAR1,of3,apo,67.90272516807732,70.42653968729152,56.51241493225098,1.3627,False
8779,GRPR,of3,cognate,69.94827674424663,83.03216903455329,67.96658221158114,0.9759,True
8780,HRH1,of3,apo,64.27993847828343,79.97062330262484,65.02280553181966,2.1683,False
8781,HRH1,of3,cognate,64.30576944324012,83.72618502645781,42.838008880615234,1.3236,False
8782,HRH1,of3,cognate,64.56081474785506,83.798048488994,40.733284420437286,1.5299,False
8783,GRPR,of3,cognate,71.77468238863905,84.76233321970159,70.21911586414684,0.8667,True
8784,LPAR1,of3,apo,67.81042361493256,70.72180469291379,57.95608043670654,1.4764,False
8785,LPAR1,of3,apo,68.16181700247338,70.95686752992276,57.1083550453186,1.5403,False
8786,LPAR1,of3,apo,68.50335749452863,71.6364950022622,58.64594411849976,1.5289,False
8787,GRPR,of3,cognate,70.22683141390745,82.78194133820472,69.26990682428533,1.0617,True
8788,GRPR,of3,cognate,67.83118308034581,77.52539947959767,66.01220103672573,1.0541,True
8789,GRPR,of3,cognate,68.20240601769443,78.35275506122804,67.29601069859096,0.9818,True
8790,GRPR,of3,cognate,69.59645777603754,82.569952810915,67.53184439919211,1.0676,True
8791,LPAR1,of3,apo,67.5434375592926,70.548053819366,58.79031991958618,1.3885,False
8792,LPAR1,of3,apo,67.49832811251473,70.39600470490613,57.3316593170166,1.4378,False
8793,LPAR1,of3,apo,67.20138068799297,70.25586713675986,58.50796413421631,1.4822,False
8794,LPAR1,of3,apo,67.33196508828041,70.26258830751692,59.1214337348938,1.4203,False
8795,HRH1,of3,cognate,63.50326917909465,79.60498003219286,49.48580890231662,0.9634,False
8796,GRPR,of3,cognate,70.61749030293761,83.51576889818367,68.4824121648615,0.7815,True
8797,GRPR,of3,cognate,70.76127811391991,83.56881621001602,67.55244029651989,0.91,True
8798,GRPR,of3,cognate,69.94156373649075,82.77098307782953,66.9876296303489,1.0982,True
8799,GRPR,of3,cognate,70.804561759095,83.82129160348471,68.02535005049272,1.0822,True
8800,GRPR,of3,cognate,71.41453999810086,84.85035885187455,70.01379810680042,0.937,True
8801,GRPR,of3,cognate,69.88896183410516,82.12853728781532,70.11463408036666,1.3341,True
8802,GRPR,of3,cognate,71.68376364015194,85.2403278691015,70.92356317693537,1.0179,True
8803,GRPR,of3,cognate,71.92193563562522,85.14584856966357,70.82858623157848,1.012,True
8804,GRPR,of3,cognate,69.93796968627659,82.72846027205,67.6374924399636,0.9178,True
8805,GRPR,of3,cognate,70.3255577699547,83.32054223589051,68.20114794644442,0.9385,True
8806,GRPR,of3,cognate,68.8645984743923,80.45623643158834,66.91975784301758,1.4743,True
8807,LPAR1,of3,apo,68.01801517053818,70.98759416917358,57.14814519882202,1.3435,False
8808,LSHR,of3,apo,75.51615764722453,74.13262870181002,55.97965017954508,2.3444,True
8809,LSHR,of3,apo,75.01993009791552,73.77745428042667,57.212398529052734,2.1698,True
8810,LSHR,of3,apo,75.21639551364953,73.55399460725798,56.52946472167969,2.3682,True
8811,LSHR,of3,apo,75.41405929409962,74.05881860133718,58.116750717163086,2.2809,True
8812,GRPR,of3,cognate,71.9245982574832,85.286283752846,71.09499428488992,1.0407,True
8813,GRPR,of3,cognate,67.22521382265971,76.88376674410584,64.06982585362026,1.1724,True
8814,GRPR,of3,cognate,67.99648101752273,77.9450998216274,65.67300796508789,1.0308,True
8815,GRPR,of3,cognate,68.1890241306182,78.35025884149395,65.91638347080776,1.0702,True
8816,LSHR,of3,apo,75.47037684581636,73.93956960214337,57.67863464355469,1.5114,True
8817,LSHR,of3,apo,75.28164950144192,73.86541657415475,58.38102308909098,2.0895,True
8818,LSHR,of3,apo,75.47069133325621,74.08757135121509,58.28823184967041,2.0032,True
8819,HRH1,of3,cognate,65.64654417225356,87.23541645128489,68.6697629292806,0.7984,False
8820,LSHR,of3,apo,75.5897284365356,74.50687523203324,59.7164036432902,2.2667,True
8821,LSHR,of3,apo,75.65781600841512,74.51434999789339,58.428972244262695,1.4184,True
8822,LSHR,of3,apo,75.62488409638352,74.39281850154954,59.87856578826904,1.8453,True
8823,LSHR,of3,apo,75.54804998740966,74.54966285127583,59.55024719238281,2.3756,True
8824,LSHR,of3,apo,75.66892705503938,74.58877731001911,59.57648722330729,2.2211,True
8825,LSHR,of3,apo,75.3133460820092,73.9426454128125,57.7563845316569,2.1692,True
8826,LSHR,of3,apo,75.33826500237994,74.109503625578,57.82922172546387,2.3106,True
8827,LSHR,of3,apo,75.27898488560915,73.82449907320748,57.64232603708903,2.3027,True
8828,GRPR,of3,cognate,69.64963938480439,81.45066115916033,68.68905847722834,1.0418,True
8829,GRPR,of3,cognate,69.78075094745674,82.15156501869103,67.93732417713512,1.0304,True
8830,GRPR,of3,cognate,70.0171944394369,82.78129111801908,69.26062809337269,1.0885,True
8831,HRH3,of3,cognate,69.41371876852497,84.97636156486055,69.61740207672119,,True
8832,HRH1,of3,cognate,63.92623080876673,81.32261957263535,49.462937672932945,1.0753,False
8833,HRH1,of3,cognate,64.80195832776556,81.75925336056112,46.13515938652886,1.3377,False
8834,HRH3,of3,apo,64.31973408219594,74.65992959107845,63.40400487726385,,True
8835,HRH1,of3,cognate,64.24490476906689,79.21342196426006,47.76986779106988,1.1141,False
8836,LSHR,of3,apo,75.24533117000956,73.68513389325933,58.22535292307536,2.4131,True
8837,LSHR,of3,apo,75.78027000045093,74.6602960992169,58.38670253753662,2.2188,True
8838,LSHR,of3,apo,74.94187732933449,73.80596097809926,58.36238765716553,1.6582,True
8839,HRH3,of3,cognate,68.86746265412923,84.08164091016651,70.53961753845215,,True
8840,HRH1,of3,cognate,66.37567922088476,86.66706751505532,66.37975565592448,0.8379,False
8841,HRH1,of3,cognate,65.52575101468253,86.79207278012197,66.71030934651692,0.7892,False
8842,HRH1,of3,cognate,66.17748145061904,86.6530436140944,65.66954549153645,0.7213,False
8843,LSHR,of3,apo,75.30941579176569,73.64900564648543,56.88177744547526,2.3004,True
8844,LSHR,of3,apo,75.48823888230537,74.7114495532062,59.35587660471598,2.2645,True
8845,LSHR,of3,apo,74.94034109582923,74.07291142522858,58.86474768320719,2.3158,True
8846,LSHR,of3,apo,75.10122160985654,73.71790116006677,55.87474346160889,2.5641,True
8847,HRH3,of3,cognate,68.34838503047797,84.46453530716175,71.04706525802612,,True
8848,HRH1,of3,cognate,63.986686604960525,83.48004358089332,37.38975270589193,1.5311,False
8849,HRH1,of3,cognate,64.2734851198404,83.35659952460945,44.23928197224935,1.3014,False
8850,HRH1,of3,cognate,64.67942968965882,81.21124489171852,46.20570331149631,1.537,False
8851,LSHR,of3,apo,75.54170372934816,74.08621362084777,58.23733425140381,2.1825,True
8852,HRH1,of3,cognate,64.43187292056294,84.12997585329659,45.320658365885414,1.4686,False
8853,HRH1,of3,cognate,64.97344855493893,83.9893947476639,46.62296295166016,1.3623,False
8854,HRH1,of3,cognate,63.10780372862787,79.14979016114107,46.18122227986654,1.1668,False
8855,HRH1,of3,cognate,64.16731619734344,81.85559545854126,38.52218458387587,1.4208,False
8856,LT4R1,of3,apo,72.4777679183329,74.92196412044514,54.058226903279625,2.4596,False
8857,LT4R1,of3,apo,72.56328626401222,74.76840016069178,52.04732449849447,2.4326,False
8858,LT4R1,of3,apo,72.34526770211582,74.36064914646947,53.77579816182455,2.3274,False
8859,LT4R1,of3,apo,72.3872881158555,74.52994713515601,54.06970532735189,2.372,False
8860,HRH1,of3,cognate,64.10505065357603,80.89709718104221,48.70411639743381,1.0983,False
8861,HRH1,of3,cognate,63.712461667253834,77.89690933414697,46.96075100368924,0.9655,False
8862,HRH1,of3,cognate,63.29222635353475,80.06491317498563,44.78180864122179,1.354,False
8863,HRH1,of3,cognate,65.51611752316208,87.1240466625522,70.21531380547418,0.7758,False
8864,HRH1,of3,cognate,62.56317120218209,80.30494209142991,53.324090321858726,1.0042,False
8865,HRH1,of3,cognate,62.58080448200866,84.21360570800253,46.90081405639648,1.4287,False
8866,HRH1,of3,cognate,62.553658518501315,81.4439799750522,53.85885492960612,1.081,False
8867,HRH1,of3,cognate,62.620677917869045,81.33820559457611,42.13055335150825,1.5874,False
8868,LT4R1,of3,apo,72.3856858347077,74.49845555408004,50.93164316813151,2.4141,False
8869,LT4R1,of3,apo,72.32117368129589,74.9202709731808,54.42980766296387,2.4023,False
8870,LT4R1,of3,apo,71.60456328725668,73.04926174089506,48.894646962483726,1.9167,False
8871,HRH3,of3,cognate,68.63131384979633,83.84045660686354,71.10975980758667,,True
8872,LT4R1,of3,apo,71.74739887312214,73.27329047536094,49.27887217203776,1.8888,False
8873,LT4R1,of3,apo,72.2927588045601,75.20813574287283,54.50232760111491,2.5036,False
8874,LT4R1,of3,apo,72.46230870068902,74.99181567084737,54.95773379007975,2.4917,False
8875,LT4R1,of3,apo,72.51590718891886,74.89115268114152,52.511596043904625,2.4662,False
8876,LT4R1,of3,apo,72.3121129886217,75.15907199593333,54.05377006530762,2.48,False
8877,LT4R1,of3,apo,71.66552188968261,73.04600768202138,49.65198516845703,1.9817,False
8878,LT4R1,of3,apo,72.10081299784441,74.9117887717408,54.40389823913574,2.5011,False
8879,HRH3,of3,cognate,66.41243142331723,81.2852332206206,67.20521020889282,,True
8880,HRH3,of3,cognate,69.40222148985039,83.41603580816141,69.71500968933105,,True
8881,HRH3,of3,cognate,69.3766510625871,83.09220765487456,69.16233110427856,,True
8882,HRH3,of3,cognate,68.48446540250052,83.49765011049797,70.53291511535645,,True
8883,LSHR,of3,apo,74.85210997428729,73.82698114261655,58.19552866617838,2.2762,True
8884,HRH3,of3,cognate,68.58006061423035,84.63039421873519,71.342031955719,,True
8885,HRH3,of3,cognate,69.41386479447976,84.74973417704584,72.48348045349121,,True
8886,HRH3,of3,cognate,68.03932457327784,84.60906451779182,71.21629190444946,,True
8887,LPAR1,of3,apo,68.39221393149319,71.62288259528933,59.14772272109985,1.3794,False
8888,LT4R1,of3,apo,72.22278201033261,74.70597027124265,53.33129119873047,2.45,False
8889,LT4R1,of3,apo,72.53253329147914,75.16764816888312,53.88842010498047,2.5039,False
8890,LT4R1,of3,apo,72.3304660346464,74.84740510706607,54.452812830607094,2.4878,False
8891,HRH3,of3,cognate,68.9400330785483,84.115135235408,68.88513803482056,,True
8892,LT4R1,of3,apo,72.60565615750455,75.20525849017574,52.81552251180013,2.3972,False
8893,LT4R1,of3,apo,73.01105046010417,76.16817871886414,55.60524368286133,2.574,False
8894,LT4R1,of3,apo,71.88962203245158,73.4265099341047,49.63302993774414,2.0141,False
8895,LPAR1,of3,cognate,70.76886282319688,76.95637424217846,57.59207089742025,2.0168,False
8896,LPAR1,of3,apo,68.5346102477568,71.55886192841965,59.00663900375366,1.3138,False
8897,LPAR1,of3,cognate,69.78917821338219,75.20827153840278,43.82306448618571,2.3084,False
8898,LPAR1,of3,cognate,75.4226468400913,84.11031890512717,67.85972044203017,0.997,False
8899,LSHR,of3,cognate,76.13333376892705,82.72577786966492,62.397546941583805,0.7329,True
8900,HRH3,of3,cognate,69.04508044950371,84.87920513622343,72.56105596368963,,True
8901,HRH3,of3,cognate,66.47674735261596,82.82609923981313,65.58577000011097,,True
8902,HRH3,of3,cognate,67.7465043393558,83.17537493477307,68.25344883311878,,True
8903,HRH3,of3,cognate,68.09339867124491,83.71999775747545,71.85116715864702,,True
8904,HRH3,of3,cognate,68.58901867960296,83.82494505560246,70.52680492401123,,True
8905,HRH3,of3,cognate,67.07628548518069,82.32840861902609,69.17452309348367,,True
8906,HRH3,of3,cognate,68.22979080805409,83.05619175812555,68.39034509658813,,True
8907,LT4R1,of3,apo,72.47262198970681,74.82062909598991,53.11867459615072,2.4186,False
8908,MCHR1,of3,apo,66.0447359939071,76.5222593897213,62.17526944478353,2.0763,True
8909,MCHR1,of3,apo,66.1373277065623,76.92357093027061,62.77290312449137,2.0926,True
8910,MCHR1,of3,apo,65.91811782270369,76.51501879806153,61.966861406962074,2.1124,True
8911,LPAR1,of3,cognate,74.7974117243579,83.47456332682876,67.37829250759549,1.1203,False
8912,HRH3,of3,cognate,67.91892863774927,83.5485018481424,68.9158263206482,,True
8913,HRH3,of3,cognate,68.15719140304678,83.98038977872758,69.31209529529919,,True
8914,HRH3,of3,cognate,68.30921500473384,84.23792309514715,71.2891512784091,,True
8915,LT4R1,of3,apo,72.22065373520776,74.65663666760938,50.70599174499512,2.4972,False
8916,HRH3,of3,cognate,69.28677725647745,85.09086887695402,70.71919059753418,,True
8917,HRH3,of3,cognate,69.16841295770783,84.77714556929352,72.05551099777222,,True
8918,HRH3,of3,cognate,67.79167214150732,83.97903903804298,67.07690668106079,,True
8919,LT4R1,of3,apo,71.56859342204247,73.0637845997446,49.72567367553711,1.997,False
8920,MCHR1,of3,apo,65.72201792783808,76.12007352365868,61.18620936075846,2.1892,True
8921,MCHR1,of3,apo,66.51517804730733,77.08048493547629,62.01442909240723,2.2266,True
8922,MCHR1,of3,apo,66.36312849963832,76.71122406271239,62.17286491394043,2.1491,True
8923,MCHR1,of3,apo,65.7721849396924,76.52057210799546,61.80288791656494,2.1944,True
8924,MCHR1,of3,apo,65.41905259396401,75.75759640105032,61.03537845611572,2.0384,True
8925,MCHR1,of3,apo,65.5042334225481,75.68772946552778,61.6241029103597,1.8776,True
8926,MCHR1,of3,apo,66.21152075687822,76.30592606535006,61.96394411722819,2.1526,True
8927,MCHR1,of3,apo,65.66234303864996,75.6974509052547,61.32830969492594,2.1633,True
8928,MCHR1,of3,apo,66.04637809965985,76.58308709807245,61.84051036834717,2.274,True
8929,MCHR1,of3,apo,65.89672307473539,75.97700946889272,61.41496721903483,2.1695,True
8930,MCHR1,of3,apo,66.5286776453662,76.6106873488294,62.38646411895752,2.1616,True
8931,MCHR1,of3,apo,66.32740746825691,76.85215727169512,62.649067878723145,2.1987,True
8932,MCHR1,of3,apo,66.23542940040075,76.49025010976433,62.320815086364746,2.3559,True
8933,MCHR1,of3,apo,66.00554729287218,76.51759664730066,62.049451192220054,2.2242,True
8934,MCHR1,of3,apo,65.94803533357975,75.9972229919845,61.58192825317383,2.3023,True
8935,LT4R1,of3,apo,72.60707892870067,75.07220845613301,53.03423817952474,2.3547,False
8936,MCHR1,of3,apo,65.74388071086835,76.28397330755415,62.90697765350342,1.9995,True
8937,MCHR1,of3,apo,66.20382269356841,76.82068031107076,62.369138399759926,2.2809,True
8938,MCHR1,of3,apo,65.99545468456196,76.56081346122318,62.73344930013021,2.1023,True
8939,LPAR1,of3,cognate,74.24964619018753,83.9140283691109,67.9780502319336,1.0779,False
8940,LPAR1,of3,cognate,73.77550238556374,82.39503708050881,68.05531565348308,1.0178,False
8941,LPAR1,of3,cognate,74.00060236571777,82.88190109313481,67.99407280815973,1.027,False
8942,LSHR,of3,apo,75.5822345800385,74.44171907698095,57.44089380900065,1.7515,True
8943,LPAR1,of3,cognate,74.84668876019649,83.74922170440871,67.60064697265625,1.1752,False
8944,LPAR1,of3,cognate,74.29710976590651,82.9950610151745,67.8220952351888,1.1265,False
8945,LPAR1,of3,cognate,74.97863524936086,83.84779054923835,68.43117056952582,1.1708,False
8946,LPAR1,of3,cognate,73.965137210219,83.15586487252648,66.89899857838948,0.9914,False
8947,MCHR1,of3,apo,66.13563425114627,76.94347135942617,62.134444872538246,2.3201,True
8948,LPAR1,of3,cognate,74.65517274642568,83.57699688623822,67.73209296332465,0.9913,False
8949,LPAR1,of3,cognate,75.24746595459071,84.13893960037616,68.18028683132596,1.011,False
8950,LPAR1,of3,cognate,73.22405602749504,82.88957847146588,68.2294061448839,1.1289,False
8951,LPAR1,of3,cognate,74.01781109291367,82.93159150031394,68.02508629692926,1.3006,False
8952,LPAR1,of3,cognate,74.26093447167914,83.26665618702448,67.46158854166667,1.0068,False
8953,LPAR1,of3,cognate,74.74612678448257,83.91248810356657,68.66578971015082,0.8564,False
8954,LPAR1,of3,cognate,74.39724654078572,83.77982276492648,67.76189973619249,1.1417,False
8955,MCHR1,of3,apo,66.14789062743905,77.08481935976378,62.65015824635824,2.0873,True
8956,LPAR1,of3,cognate,74.23194556378722,83.06615042886004,68.34633933173285,1.0909,False
8957,LPAR1,of3,cognate,70.85079566503367,78.23523895443259,65.3070478439331,1.2254,False
8958,LPAR1,of3,cognate,73.72085608474391,83.31792199283453,69.30882898966472,0.9216,False
8959,LPAR1,of3,cognate,74.56048327624536,83.48533213890649,68.11178419325087,1.0234,False
8960,LPAR1,of3,cognate,74.296353691455,83.77341722627395,68.36785083346896,1.0446,False
8961,LPAR1,of3,cognate,73.77554502898667,82.70830802002338,67.67092937893338,1.0352,False
8962,LPAR1,of3,cognate,73.96472625151225,82.38193865016424,67.40833028157552,1.1668,False
8963,MCHR1,of3,apo,65.68704102627333,76.23898569034482,62.510513623555504,2.0038,True
8964,NPY1R,of3,apo,68.4788905661503,76.29239151898228,55.478309631347656,1.791,False
8965,NPY1R,of3,apo,68.89841567101176,76.61808554041781,56.47483513571999,1.8698,False
8966,NPY1R,of3,apo,68.30409971243161,75.93680600729856,55.73419952392578,1.7919,False
8967,NPY1R,of3,apo,68.21399354411557,75.55616578780557,55.151933843439274,1.766,False
8968,NPY1R,of3,apo,67.29549593740377,72.90487807699097,53.14630196311257,1.1282,False
8969,NPY1R,of3,apo,68.54077743920477,76.11223806859438,55.88275736028498,1.8323,False
8970,NPY1R,of3,apo,68.1587521614635,76.38964238758555,56.18849841031161,1.8675,False
8971,NPY1R,of3,apo,68.1669163758565,75.94651202795653,55.2008732882413,1.7712,False
8972,NPY1R,of3,apo,68.07986700841822,75.8558071639734,54.912722847678445,1.7349,False
8973,NPY1R,of3,apo,68.7133670488273,76.62172218052339,55.40373542092063,1.8218,False
8974,NPY1R,of3,apo,68.49136468120862,76.41199202562306,55.54594247991388,1.8236,False
8975,NPY1R,of3,apo,68.25516887845767,76.20328038800503,55.777090939608485,1.8128,False
8976,NPY1R,of3,apo,68.3678342273397,76.2079974193284,54.64994673295455,1.8416,False
8977,NPY1R,of3,apo,67.89947271039973,75.58983091735564,56.73431188409979,1.5877,False
8978,NPY1R,of3,apo,68.25623991929368,76.09676458042938,54.95334035700018,1.7832,False
8979,NPY1R,of3,apo,68.34063544256587,76.36817325894795,56.02749980579723,1.8171,False
8980,LT4R1,of3,apo,72.57694868917942,75.23055181493663,54.039110819498696,2.4277,False
8981,LT4R1,of3,cognate,71.54553370653106,78.51295054481831,56.48938433329264,2.5648,False
8982,LT4R1,of3,cognate,72.86138166045968,80.52973777765492,61.471387227376304,2.4972,False
8983,LSHR,of3,cognate,77.01466636405203,85.2388833278254,63.07621765136719,0.6352,True
8984,NPY1R,of3,apo,68.57788779799051,76.22126296995006,53.87404181740501,1.8471,False
8985,NPY1R,of3,apo,68.64836696218386,76.47936764523752,55.38321893865412,1.8357,False
8986,NPY1R,of3,apo,68.54406782144814,76.5771219990195,55.7285700711337,1.837,False
8987,LT4R1,of3,cognate,73.6058045920373,80.587331940567,59.40443547566732,2.2539,False
8988,NPY1R,of3,apo,68.2703059426761,75.97732574570918,55.01901349154386,1.8037,False
8989,NPY1R,of3,apo,68.10349243101308,75.8793796786051,56.00351056185636,1.7794,False
8990,NPY1R,of3,apo,67.13689885797744,73.36479233608962,56.72817938668387,0.9791,False
8991,MCHR1,of3,cognate,68.9321339164962,86.13987815377742,70.54802364773221,1.2252,True
8992,LSHR,of3,cognate,76.5594747102642,82.96058973952977,63.359594171697445,0.9022,True
8993,LSHR,of3,cognate,76.49824351437206,82.42790128250314,63.18574107776988,0.8554,True
8994,LSHR,of3,cognate,76.14270886247249,82.69100013315935,63.05099938132546,0.9216,True
8995,LSHR,of3,cognate,77.32038179892965,85.50643227395557,63.48145086115057,0.719,True
8996,LSHR,of3,cognate,77.00864824811114,84.75375122293937,62.998503251509234,0.594,True
8997,LSHR,of3,cognate,77.14224087143239,85.32688702759461,63.1049145785245,0.6406,True
8998,LSHR,of3,cognate,76.71918166252433,84.03869110077834,61.09059247103605,0.7942,True
8999,LSHR,of3,cognate,76.79310940960279,83.34516601669152,63.72881490534002,0.8837,True
9000,LSHR,of3,cognate,77.39914530229944,84.4230123983042,59.7064174305309,0.7722,True
9001,LSHR,of3,cognate,76.76111780909055,84.58209966688445,59.4423134543679,0.6268,True
9002,LSHR,of3,cognate,75.34042202344767,82.08409940146437,61.41758381236683,0.9279,True
9003,NPY1R,of3,apo,68.19053271724992,75.93595699111448,55.14171739058061,1.7624,False
9004,LSHR,of3,cognate,76.5268839247826,83.05560436365064,63.56408760764382,0.9289,True
9005,LSHR,of3,cognate,77.0527369862318,84.40626448406286,59.02177637273615,0.6055,True
9006,LSHR,of3,cognate,77.22540526329783,84.6316155916203,59.712364890358664,0.7611,True
9007,LSHR,of3,cognate,76.04370383913437,83.4959844500609,61.93588603626598,0.6513,True
9008,LSHR,of3,cognate,76.0259967507517,83.26412752095756,62.94272197376598,0.8526,True
9009,LSHR,of3,cognate,76.86135336799047,84.04282900385012,63.22670295021751,0.7317,True
9010,LSHR,of3,cognate,76.07781465570851,82.54857368897221,63.07321548461914,0.8529,True
9011,LSHR,of3,cognate,76.36226266890694,84.35523258200286,62.194971951571375,0.6581,True
9012,LSHR,of3,cognate,76.46428296813033,84.31797027267933,62.06033151799982,0.7257,True
9013,LSHR,of3,cognate,76.60546699077736,84.87400422696257,62.93845402110707,0.6419,True
9014,LSHR,of3,cognate,76.2870467908745,84.58875292789024,62.417273087935015,0.704,True
9015,LSHR,of3,cognate,76.89548141699541,83.60184832702984,58.33866500854492,0.7963,True
9016,NPY2R,of3,apo,70.00774614775862,77.31871915847536,57.82627383145419,2.374,False
9017,NPY2R,of3,apo,69.90296723588385,77.15463363900673,57.011073025790125,2.3478,False
9018,NPY2R,of3,apo,70.34905000113255,76.70037146613711,56.19044043801048,2.2747,False
9019,NPY2R,of3,apo,70.12999850895461,77.24593126064427,57.92246905240145,2.393,False
9020,NPY2R,of3,apo,68.99324228853618,76.09604755316289,55.35588247125799,2.3868,False
9021,NPY2R,of3,apo,69.14738933705304,76.22170611384972,55.6988279169256,2.3036,False
9022,NPY2R,of3,apo,69.39404194197412,76.63381730281256,56.60262229225852,2.4181,False
9023,NPY2R,of3,apo,69.46081678856224,76.86218080381639,56.690735210071914,2.5011,False
9024,NPY2R,of3,apo,69.14106825139005,76.35568162837585,56.700126301158555,2.3883,False
9025,NPY2R,of3,apo,69.58896887132411,76.33089863951243,56.12843877618963,2.2844,False
9026,NPY2R,of3,apo,69.62673923632084,76.41250151258525,56.80620574951172,2.281,False
9027,NPY2R,of3,apo,69.92793782102865,76.80621711216963,57.1189360185103,2.3939,False
9028,NPY2R,of3,apo,70.10965513045225,77.06162309544082,57.21494640003551,2.5735,False
9029,NPY2R,of3,apo,70.51905711097189,77.2708547941706,56.85398413918235,2.398,False
9030,NPY2R,of3,apo,69.94533406899409,77.0856712678948,57.2179482199929,2.4829,False
9031,LT4R1,of3,cognate,73.67326196837668,81.82394080459298,63.19629732767741,2.3553,False
9032,NPY2R,of3,apo,69.69803093420303,76.78813058021264,56.94543561068448,2.5384,False
9033,NPY2R,of3,apo,69.57151157503452,76.38682837684432,56.69041546908292,2.3688,False
9034,NPY2R,of3,apo,69.94240693676247,76.68210381270487,57.5704311024059,2.3795,False
9035,NPY2R,of3,apo,70.23920635433579,76.89722658458727,57.7559287331321,2.3754,False
9036,NPY2R,of3,apo,69.99082906422765,76.90169948121687,57.55396270751953,2.4116,False
9037,NPY2R,of3,apo,69.83320087363974,76.67745577492926,56.97409092296254,2.279,False
9038,NPY2R,of3,apo,69.904174682415,76.93852437778986,57.3745248967951,2.4016,False
9039,NPY1R,of3,apo,68.0370949638607,75.6344906925983,54.422818964177914,1.8385,False
9040,LT4R1,of3,cognate,73.49543387030118,81.33329821660922,60.966928482055664,2.0088,False
9041,LT4R1,of3,cognate,73.43634876497778,81.39567666532673,60.9678103129069,1.8841,False
9042,MCHR1,of3,apo,66.3945508407974,77.06208655986843,62.0569740931193,2.3462,True
9043,NPY2R,of3,apo,69.80804830651495,76.89066066534143,56.44100223888051,2.3894,False
9044,LT4R1,of3,cognate,73.64198136532048,80.6919512035045,56.603522618611656,2.1847,False
9045,LT4R1,of3,cognate,71.4237499118381,80.22662322715937,61.85669453938802,2.6302,False
9046,LT4R1,of3,cognate,73.1968221217605,81.27466595790088,56.13079325358073,2.1968,False
9047,LT4R1,of3,cognate,74.28116428969386,82.10507847913934,60.21729024251302,2.0416,False
9048,LT4R1,of3,cognate,72.41257890963901,81.98575085699129,61.47069867451986,1.7466,False
9049,LT4R1,of3,cognate,72.09882857004743,81.55993445865691,61.28781191507975,2.7281,False
9050,LT4R1,of3,cognate,73.18518904822069,81.43679022665148,62.95534133911133,1.8914,False
9051,LT4R1,of3,cognate,70.97638847888783,80.10465336968889,57.90619468688965,2.6026,False
9052,LT4R1,of3,cognate,74.11495401182583,81.57478661669282,53.22234090169271,2.1558,False
9053,LT4R1,of3,cognate,71.34720060831701,79.96474950250953,51.16903750101725,2.125,False
9054,LT4R1,of3,cognate,71.45133768529361,80.13619497080386,55.61706797281901,2.1865,False
9055,LT4R1,of3,cognate,69.82295250758249,77.48047429273998,48.01556205749512,2.1453,False
9056,LT4R1,of3,cognate,73.55347747548264,80.91495270021723,59.479736963907875,2.0854,False
9057,LT4R1,of3,cognate,71.70250328342956,78.89279168108325,58.22548294067383,2.3093,False
9058,LT4R1,of3,cognate,73.55548770390055,81.92247729748703,63.4242738087972,2.0618,False
9059,NPY2R,of3,apo,69.90272973256073,77.05326467103944,57.079043648459695,2.3745,False
9060,LT4R1,of3,cognate,64.46499724191786,70.8537976279472,27.996276378631592,5.3068,False
9061,LT4R1,of3,cognate,74.01636798213637,81.72528486011005,63.14575958251953,2.078,False
9062,LT4R1,of3,cognate,74.08509624756185,82.01161185319634,62.943016052246094,2.1368,False
9063,LT4R1,of3,cognate,73.78831869593547,81.37795225342975,60.22774251302083,2.069,False
9064,NPY1R,of3,apo,68.1320990357048,75.6282116595319,54.56374463168058,1.7825,False
9065,NPY1R,of3,cognate,69.96131795674559,84.29902166705111,68.06056074662642,0.955,False
9066,NPY1R,of3,cognate,70.62521118220549,85.56070217793123,70.8984375,0.9586,False
9067,MCHR1,of3,cognate,69.88298551832389,86.05073471047608,71.29489962259929,1.2004,True
9068,OPRD,of3,apo,67.65976624729102,73.23923017832107,59.0566538030451,2.3311,True
9069,OPRD,of3,apo,67.97830516220621,73.33181483778603,59.26319815895774,2.417,True
9070,OPRD,of3,apo,67.97016624693771,73.25750057990417,57.98913678255949,2.5053,True
9071,OPRD,of3,apo,67.66694134681407,73.08293916080937,58.35650565407493,2.4277,True
9072,OPRD,of3,apo,67.25275174657502,72.80940125525255,57.9093149358576,2.4242,True
9073,OPRD,of3,apo,67.29123913946029,72.7988298785222,58.201379949396305,2.4409,True
9074,OPRD,of3,apo,67.09151374161569,72.65518571259139,57.80850670554421,2.238,True
9075,OPRD,of3,apo,66.67953659484887,72.18620227374039,57.06330039284446,2.3634,True
9076,OPRD,of3,apo,67.25307678900175,72.87128115711789,58.600006797096945,2.5124,True
9077,OPRD,of3,apo,67.53012264965355,73.02811336108616,58.928710590709336,2.4246,True
9078,OPRD,of3,apo,67.01991508927648,72.0313772367915,57.9329272183505,1.9284,True
9079,MCHR1,of3,cognate,69.40073687878557,86.66695262191598,71.21547105577257,1.3035,True
9080,OPRD,of3,apo,67.11072110575341,71.19738837279284,55.76905822753906,1.8387,True
9081,OPRD,of3,apo,67.05579077903826,72.41952256888021,57.56181682239879,2.4642,True
9082,OPRD,of3,apo,67.34674888059764,72.33458356562116,57.14315414428711,2.4033,True
9083,OPRD,of3,apo,67.23589917939452,72.46176204241716,57.30922490900213,2.3717,True
9084,MCHR1,of3,cognate,69.29364367419399,85.95445328548267,70.65869172414143,1.2549,True
9085,MCHR1,of3,cognate,69.0527448098535,85.51676289015263,70.9708153406779,1.2795,True
9086,MCHR1,of3,cognate,69.81470231328512,86.28363489611793,71.63162771860759,1.2564,True
9087,MCHR1,of3,cognate,69.88202542776703,86.63264844850517,72.39031632741292,1.2458,True
9088,OPRD,of3,apo,68.55013232351665,73.8657011771099,58.06677870316939,2.4844,True
9089,OPRD,of3,apo,67.74239043186249,73.27706840572935,58.38983084938743,2.4816,True
9090,OPRD,of3,apo,68.167405017879,73.60194644519261,58.16644425825639,2.3695,True
9091,NPY2R,of3,cognate,72.666625655883,83.27484508179998,65.66328947884696,1.2561,False
9092,OPRD,of3,apo,67.14231052799376,72.89233329682123,59.46585360440341,2.2947,True
9093,OPRD,of3,apo,67.55941062173761,72.90819265103444,59.21670879017223,2.4666,True
9094,OPRD,of3,apo,66.50844150220368,71.30891454665692,58.05979295210405,1.8938,True
9095,NPY1R,of3,cognate,69.53787290140495,84.3270388889588,68.43080555308948,0.9052,False
9096,MCHR1,of3,cognate,69.76890194216391,86.47762216960705,71.69800906711154,1.273,True
9097,MCHR1,of3,cognate,69.71455911264452,86.4153055969653,69.99364153544109,1.1248,True
9098,MCHR1,of3,cognate,69.96111075528235,86.62818668691699,71.69440672132704,1.2433,True
9099,MCHR1,of3,cognate,69.1050555118291,86.44555692987795,69.62325922648112,1.1963,True
9100,MCHR1,of3,cognate,69.51201917037942,86.0492135650016,70.13589731852214,1.4267,True
9101,MCHR1,of3,cognate,69.14248681505056,85.96620455349534,70.10681491427951,1.244,True
9102,MCHR1,of3,cognate,70.04464643031623,86.97450725901342,72.50088882446289,1.1693,True
9103,OPRD,of3,apo,67.34900419644129,72.99272161310368,59.15564068880949,2.2735,True
9104,OPRK,of3,apo,66.81552759433487,74.2865488546201,60.338466297496446,2.5609,False
9105,OPRK,of3,apo,66.51162053038883,74.1930617734708,59.23918013139205,2.5915,False
9106,OPRK,of3,apo,66.0412960315131,73.68791181765937,59.11552880027077,2.5671,False
9107,OPRK,of3,apo,66.56663793968234,73.96483274958005,60.83840040727095,2.477,False
9108,MCHR1,of3,cognate,68.9748895643573,86.40031106141556,69.78629853990343,1.2659,True
9109,MCHR1,of3,cognate,68.64390874514847,85.52371204002776,68.51286527845595,1.2347,True
9110,MCHR1,of3,cognate,68.83605338643294,85.83710855342191,70.25762335459392,1.3319,True
9111,MCHR1,of3,cognate,69.11375728527345,86.2779735549396,69.91322284274631,1.1508,True
9112,OPRK,of3,apo,66.61417492594255,74.05692782693095,60.71497344970703,2.5401,False
9113,OPRK,of3,apo,66.38482222825128,73.70133103283283,60.407081604003906,2.5357,False
9114,OPRK,of3,apo,66.42981082037423,73.66980118712993,60.134033203125,2.4351,False
9115,NPY1R,of3,cognate,70.51781387827545,85.36036910341932,68.4902676669034,0.9099,False
9116,OPRK,of3,apo,66.72005015268208,74.37610209028097,61.37591622092507,2.543,False
9117,OPRK,of3,apo,66.76067989140932,74.382330742536,61.38940290971236,2.6751,False
9118,OPRK,of3,apo,66.71500988857761,74.38971784370804,60.97578152743253,2.5394,False
9119,OPRK,of3,apo,66.71300966001348,74.27197640957083,61.054231123490766,2.6107,False
9120,OPRK,of3,apo,66.39390628105997,74.24665542679604,61.23826703158292,2.4239,False
9121,OPRK,of3,apo,66.61023966414805,73.98556316719771,60.25318007035689,2.5252,False
9122,OPRK,of3,apo,66.61498283975206,74.01438170188779,59.8898100419478,2.5695,False
9123,OPRK,of3,apo,66.14790455902683,73.85462260816692,60.35394564541903,2.5103,False
9124,MCHR1,of3,cognate,68.12495419261474,85.40462712166006,69.1065107981364,1.188,True
9125,MCHR1,of3,cognate,69.15608038575152,85.90469940992698,70.23340288798015,1.1739,True
9126,MCHR1,of3,cognate,68.7172459238197,85.50504617791717,69.39148267110188,1.4353,True
9127,OPRD,of3,apo,68.10799235713705,73.45562288304946,59.45114101063121,2.3964,True
9128,MCHR1,of3,cognate,69.44445410615978,86.28311819532985,70.58041063944499,1.2184,True
9129,MCHR1,of3,cognate,69.89950930775547,86.76995858267553,70.8848876953125,1.3582,True
9130,MCHR1,of3,cognate,69.79388823518265,87.49150882895357,71.28889253404405,1.3898,True
9131,MCHR1,of3,cognate,68.93802919192416,85.75764271350894,68.04166444142659,1.2513,True
9132,OPRK,of3,apo,66.67297448855648,74.09674429645786,60.63976149125533,2.5554,False
9133,OPRK,of3,apo,66.532180659101,73.8924071213074,60.04380278153853,2.5646,False
9134,OPRK,of3,apo,66.50765170161976,73.98106743683891,60.2154506336559,2.5788,False
9135,NPY1R,of3,cognate,70.42385698850211,85.27621071084755,69.99134341153231,0.8855,False
9136,OPRK,of3,apo,66.533597745438,74.06269406701236,60.51341074163263,2.5699,False
9137,OPRK,of3,apo,66.36526268853952,74.4084722419769,60.43783742731268,2.6315,False
9138,OPRK,of3,apo,66.68299585762587,74.2154901634632,60.555932478471235,2.5973,False
9139,NPY2R,of3,cognate,72.80057953552199,84.02947175803466,62.4765488760812,1.2884,False
9140,NPY1R,of3,cognate,70.33718912006697,85.44631010951419,71.07928120006214,0.8901,False
9141,NPY1R,of3,cognate,70.3392228403217,85.62263705045802,70.99535092440519,0.8807,False
9142,NPY2R,of3,apo,70.19232465726442,77.45786532988969,57.78812789916992,2.4397,False
9143,NPY1R,of3,cognate,70.21641864696657,84.91125924260412,69.30608818747781,0.9063,False
9144,NPY1R,of3,cognate,70.79648258519423,85.54034011683939,69.57603940096769,0.9231,False
9145,NPY1R,of3,cognate,69.86866238333765,84.56865160278772,66.2688040299849,0.8888,False
9146,NPY1R,of3,cognate,70.57308429244847,85.11019300147052,67.3761548128995,0.9086,False
9147,OPRK,of3,apo,66.50413779258383,74.00856290751204,59.22373476895419,2.5481,False
9148,NPY1R,of3,cognate,69.91250646280366,84.42131296793619,69.01675727150656,0.9243,False
9149,NPY1R,of3,cognate,69.36072920683382,83.97168155390806,67.23723082108931,0.9303,False
9150,NPY1R,of3,cognate,69.82846494739827,84.20861994144721,68.8815207047896,1.0467,False
9151,NPY1R,of3,cognate,70.33543437475454,85.51668282749678,71.49759292602539,0.9588,False
9152,NPY1R,of3,cognate,70.5313865164414,85.47556768103597,69.09496029940519,0.8978,False
9153,NPY1R,of3,cognate,70.49829334913807,85.41739014478301,70.49991538307883,0.9904,False
9154,NPY1R,of3,cognate,70.21747403533564,84.49955882332543,68.49383648959073,0.9137,False
9155,OPRK,of3,apo,66.61847482172405,73.82335380806035,60.32546650279652,2.5826,False
9156,OPRX,of3,apo,69.59654420614382,75.14064184986324,59.702504052056206,2.7253,False
9157,OPRX,of3,apo,69.31577597990147,75.01315424394126,60.52849648215554,2.5995,False
9158,OPRX,of3,apo,69.50122669425129,74.87308989920486,61.237966710870914,2.5992,False
9159,OPRX,of3,apo,69.85367045953211,75.00956992591787,60.52271132035689,2.654,False
9160,OPRX,of3,apo,69.55797822802326,74.87886486344524,60.42906362360174,2.7093,False
9161,OPRX,of3,apo,69.31898845899208,74.65350563189683,61.04109191894531,2.6026,False
9162,OPRX,of3,apo,69.39393418281816,74.85150082088653,59.98860064419833,2.7902,False
9163,OPRX,of3,apo,69.43069638895443,75.10107880015049,60.45785903930664,2.6829,False
9164,NPY1R,of3,cognate,70.27221660782253,84.93115572476628,69.64005140824752,0.9827,False
9165,NPY1R,of3,cognate,70.07882915640813,84.38385141572222,67.18789499456233,0.9385,False
9166,NPY1R,of3,cognate,70.25748669264256,85.02322927997915,70.41171888871627,0.8998,False
9167,NPY1R,of3,cognate,70.57743693945599,84.90969887986672,67.6763090653853,0.9047,False
9168,OPRX,of3,apo,69.60715717101347,75.14702645781409,60.51453052867543,2.737,False
9169,OPRX,of3,apo,69.7707150809582,75.11797715065282,60.10810852050781,2.6014,False
9170,OPRX,of3,apo,69.3441779249731,74.87281847690952,60.96666578813033,2.6353,False
9171,OPRX,of3,apo,69.78559974018151,75.33216272355502,61.10559810291637,2.4621,False
9172,NPY1R,of3,cognate,70.64713781857635,85.53362217870111,70.76466022838245,0.871,False
9173,NPY1R,of3,cognate,70.70434580610033,85.51061706383335,70.34830058704723,0.8964,False
9174,NPY1R,of3,cognate,70.89397198824555,85.79073433128785,70.76067976518111,0.8773,False
9175,OPRK,of3,apo,66.8103592720723,74.28869626905325,60.52896638350053,2.6533,False
9176,OPRX,of3,apo,69.98137931372074,75.43984161169843,60.48934000188654,2.6603,False
9177,OPRX,of3,apo,69.76984740289213,75.52327932045401,60.43904911388051,2.6331,False
9178,OPRX,of3,apo,69.91859793261746,75.35916353822958,60.71772662076083,2.6172,False
9179,NPY2R,of3,cognate,73.42147275659562,85.87650696106287,68.25607626778739,1.0958,False
9180,NPY2R,of3,cognate,72.25353975048331,83.66894883316832,61.96218517848423,1.1872,False
9181,NPY2R,of3,cognate,71.34517037958429,81.67877022395058,62.04114069257464,1.3962,False
9182,NPY2R,of3,cognate,71.86499020498636,82.77729588259523,63.47613688877651,1.2082,False
9183,OPRD,of3,apo,68.03251514563496,73.57657826305984,58.63242027976296,2.4475,True
9184,OPRD,of3,apo,67.95927508562967,73.41244586164302,58.87825497713956,2.4555,True
9185,OPRD,of3,cognate,72.57014584567531,82.0193650306355,62.6363691850142,2.0062,True
9186,OPRD,of3,cognate,71.75925543279496,80.57351523614031,57.15550856156783,2.1793,True
9187,NPY2R,of3,cognate,72.42295549917682,83.31627005373417,59.61816951206752,1.3963,False
9188,OPRX,of3,apo,68.78280699526564,75.4326750395102,61.17853858254173,2.7005,False
9189,OPRX,of3,apo,70.07245728855614,75.63306488502937,61.04158574884588,2.6551,False
9190,OPRX,of3,apo,68.69592116271467,73.11293299524299,60.65759229660034,1.2351,False
9191,OPRK,of3,cognate,70.89015670398287,83.23631000224302,68.79688856336806,1.3519,False
9192,NPY2R,of3,cognate,72.05655939671828,82.62502035830444,58.83471870422363,1.2745,False
9193,NPY2R,of3,cognate,72.41083562930689,83.46930827326588,61.38039098467146,1.1776,False
9194,NPY2R,of3,cognate,72.1826305050179,83.02186771897871,60.2607797895159,1.2022,False
9195,NPY2R,of3,cognate,72.96500727538947,84.57783990941178,63.02799442836216,1.1771,False
9196,NPY2R,of3,cognate,71.63225404209936,82.38774756143962,63.947823660714285,1.2707,False
9197,NPY2R,of3,cognate,71.38919904813125,82.82798349589669,64.86992917742047,1.3542,False
9198,NPY2R,of3,cognate,69.72294045344448,82.18568027771569,58.64228112357004,1.3071,False
9199,OPRX,of3,apo,69.2599663438777,74.91705833163269,61.366694710471414,2.6494,False
9200,NPY2R,of3,cognate,71.70919422646529,83.01155981380359,60.93977764674595,1.2613,False
9201,NPY2R,of3,cognate,72.0959500865849,83.49513879120953,60.568708419799805,1.2609,False
9202,NPY2R,of3,cognate,71.88630470843887,82.96165965537145,59.74392427716936,1.3326,False
9203,NPY2R,of3,cognate,72.34025760247873,83.00635320029045,64.489988054548,1.2821,False
9204,OPRX,of3,apo,69.77916954454972,75.2822687815175,61.655860900878906,2.6313,False
9205,OPRX,of3,apo,69.64594442944906,74.82694808126011,61.31220765547319,2.5271,False
9206,OPRX,of3,apo,69.9352022545721,75.5584373678067,61.05398178100586,2.7214,False
9207,OPRD,of3,cognate,73.0250192238383,83.90493708222458,68.84015001569476,2.1218,True
9208,OPSD,of3,apo,78.01398877334955,77.34650504261556,63.487760331895615,1.7827,False
9209,OPSD,of3,apo,77.67301199413687,77.06082435807453,63.10685814751519,1.7372,False
9210,OPSD,of3,apo,77.82609151998483,77.30472732565964,63.20366202460395,1.8128,False
9211,OPSD,of3,apo,76.7851573184732,75.4666728106756,58.25101682874892,1.0449,False
9212,OPSD,of3,apo,76.98599640883195,75.82556697233072,59.5526008605957,1.0542,False
9213,OPSD,of3,apo,76.85017160206633,75.56353946037623,58.903060065375435,1.0313,False
9214,OPSD,of3,apo,78.04803070061851,78.03967485176021,63.81901126437717,1.811,False
9215,OPSD,of3,apo,77.61840253434573,77.71654405225752,64.01184675428603,1.8972,False
9216,OPSD,of3,apo,78.06969791763257,78.02605260243492,63.95034662882487,1.8544,False
9217,OPSD,of3,apo,78.33531229338496,78.51103197633103,64.54830805460612,1.9066,False
9218,OPSD,of3,apo,77.9748021353274,77.52627704995362,62.880940755208336,1.7482,False
9219,OPSD,of3,apo,77.92996000628514,77.9908296007305,63.863869984944664,1.8862,False
9220,OPSD,of3,apo,77.83585519559037,77.92052313926416,63.62184609307183,1.9031,False
9221,OPSD,of3,apo,77.13073639728239,75.80727243265203,60.16555955674913,1.1686,False
9222,OPSD,of3,apo,78.00305862556898,77.59990156274854,64.20275836520725,1.7408,False
9223,OPSD,of3,apo,78.24328173969066,77.97127569914895,64.56365882025824,1.8217,False
9224,OPSD,of3,apo,77.03312078663181,75.62257589690441,59.32413652208116,1.1974,False
9225,OPSD,of3,apo,78.17059837726774,77.8999981905922,63.75774722629123,1.8819,False
9226,OPSD,of3,apo,77.18680528292414,76.29307665998974,63.38937293158637,1.7596,False
9227,OPSD,of3,apo,77.39716364970002,76.67587008450111,63.23707495795356,1.8056,False
9228,NPY2R,of3,cognate,72.59832037179014,82.93181895360631,65.09112875802177,1.269,False
9229,NPY2R,of3,cognate,72.86170845734786,83.12031374479957,66.4490236554827,1.2656,False
9230,NPY2R,of3,cognate,72.33429086846476,82.32862661799311,62.76766995021275,1.2893,False
9231,OPRX,of3,apo,70.51547612191771,75.86069323922993,61.05711919611151,2.5675,False
9232,NPY2R,of3,cognate,73.69344931811058,85.77596057059273,67.81726101466587,1.1973,False
9233,NPY2R,of3,cognate,73.63212276748209,86.24822714667988,69.58277593340192,1.1544,False
9234,NPY2R,of3,cognate,72.46448438887118,85.54538677955948,68.916658946446,1.2128,False
9235,NPY2R,of3,cognate,72.69587590454061,83.4382580802967,65.7068007332938,1.2911,False
9236,OPSD,of3,apo,77.53896335566272,76.97998297064508,64.12083435058594,1.8489,False
9237,OPSD,of3,apo,77.80282004966392,77.08790372632454,63.62413787841797,1.7518,False
9238,OPSD,of3,apo,77.08064183649493,75.34398696549184,60.59437942504883,1.0335,False
9239,OPRD,of3,cognate,73.3868973974612,83.18855762494074,64.07645034790039,1.9906,True
9240,OPRD,of3,cognate,73.91283796644242,84.7129589513886,70.16456638682972,1.9613,True
9241,OPRD,of3,cognate,73.95511960386462,84.62380358906535,70.90134375435966,2.0419,True
9242,OPRK,of3,apo,66.78004111280688,74.3930401210317,60.579973220825195,2.5294,False
9243,OPRD,of3,cognate,72.24964473381148,80.24269132543951,61.66387245871804,2.2076,True
9244,OPRD,of3,cognate,71.8463065811577,80.03416299122236,59.022160963578656,2.1557,True
9245,OPRD,of3,cognate,72.61375960151848,80.7718602421583,58.81757805564187,2.0575,True
9246,OPRD,of3,cognate,72.40376085716973,81.13152997338925,60.81181439486417,2.008,True
9247,OPSD,of3,apo,77.41175174025375,75.71483134044024,60.77928924560547,0.9658,False
9248,OPRD,of3,cognate,72.60484358267125,81.15934589051582,59.82725871693004,2.1669,True
9249,OPRD,of3,cognate,71.24714824458727,79.13554780650448,60.85793720592152,2.0655,True
9250,OPRD,of3,cognate,70.76596889726244,79.04018102402294,55.636282140558414,1.8424,True
9251,OPRD,of3,cognate,73.08004991169514,83.0655520336762,63.601137681440875,1.8783,True
9252,OPRD,of3,cognate,73.3035708367992,82.93898680047042,63.89186200228605,2.0895,True
9253,OPRD,of3,cognate,72.64046926244934,82.23381437722739,63.18952768499201,1.895,True
9254,OPRD,of3,cognate,73.07442153478961,83.06504013131709,64.4665940024636,2.0217,True
9255,OPRD,of3,cognate,71.84684636443949,80.17585333403055,59.65779529918324,2.1246,True
9256,OPRD,of3,cognate,71.258752600231,79.40977393121429,58.91182500665838,2.0442,True
9257,OPRD,of3,cognate,73.41679976661443,84.79021686413589,69.68027531016956,1.8747,True
9258,OPRD,of3,cognate,74.0507318328264,84.94981137358265,70.40889767238072,2.0477,True
9259,OPRX,of3,apo,69.5157916421698,75.02605964454222,61.064733331853695,2.5928,False
9260,OPRX,of3,apo,69.41552157624065,74.96802626376544,61.004187150435015,2.5379,False
9261,OPRX,of3,cognate,74.4568529945965,84.04854143468849,68.6155277598988,0.9309,False
9262,OPRX,of3,cognate,74.88250962061134,85.0374299149699,69.37818561900745,0.8818,False
9263,OPRK,of3,cognate,68.76356810960301,77.19767855181149,59.39085561578924,1.5316,False
9264,OPRD,of3,cognate,70.65952586644293,79.2298311105951,57.32760758833451,1.9932,True
9265,OPRD,of3,cognate,72.05315588558133,80.85805964668076,59.64541591297496,1.8217,True
9266,OPRD,of3,cognate,71.34040601832882,80.06879111574843,59.191876498135656,1.9985,True
9267,OPRD,of3,cognate,71.90934947645191,80.19853811722297,58.214658216996625,1.8851,True
9268,OX2R,of3,apo,67.56258880817941,76.59154792073487,62.54140437733043,,True
9269,OX2R,of3,apo,67.52111637626223,76.50178687893123,61.05383954729353,,True
9270,OX2R,of3,apo,67.06997901855928,76.62186582810263,62.285832144997336,,True
9271,OX2R,of3,apo,67.8760668490818,77.28480608477737,63.037344845858485,,True
9272,OX2R,of3,apo,67.53455856280235,76.60826857365915,62.11975375088778,,True
9273,OX2R,of3,apo,67.49493289951657,76.84769196552287,62.359706531871446,,True
9274,OX2R,of3,apo,67.4574966869657,76.54285234314366,62.24535369873047,,True
9275,OX2R,of3,apo,66.8897571726874,76.11100529750532,60.54043878827776,,True
9276,OX2R,of3,apo,66.86122592086315,76.39441038373229,61.582155054265804,,True
9277,OX2R,of3,apo,67.1647528927342,76.50105958178962,61.80885696411133,,True
9278,OX2R,of3,apo,66.80549440557,76.10897738192504,61.54564530508859,,True
9279,OX2R,of3,apo,67.37929725553819,76.82604112300349,61.499540601457866,,True
9280,OX2R,of3,apo,68.02563787462181,77.13185442883903,62.09570802961077,,True
9281,OX2R,of3,apo,67.13983376477448,76.20197731468069,62.094091935591265,,True
9282,OX2R,of3,apo,67.6249757001866,76.68910034326936,63.148651123046875,,True
9283,OPRK,of3,cognate,72.0798133336126,83.81090812537232,69.11350716484918,1.3574,False
9284,OPRK,of3,cognate,70.00436100003279,78.18205686752931,64.85091608220881,1.5485,False
9285,OPRK,of3,cognate,69.37846604495111,77.97176588970862,64.70000839233398,1.5631,False
9286,OPRK,of3,cognate,70.06271773031128,78.38111557076331,66.0388798183865,1.4698,False
9287,OPRK,of3,cognate,70.56137973849971,78.46514564137783,63.46442898837003,1.4646,False
9288,OX2R,of3,apo,66.81702242532504,76.5347962788517,62.71449626575816,,True
9289,OX2R,of3,apo,67.1184510969825,76.1947593056003,61.16703741891043,,True
9290,OX2R,of3,apo,67.57451653024818,76.69058511808322,62.11083575657436,,True
9291,OPSD,of3,cognate,82.15013389592859,88.12405444033733,70.81546688079834,0.6125,False
9292,OX2R,of3,apo,68.43950220506831,77.13032794661335,62.05675343104771,,True
9293,OX2R,of3,apo,68.23229303359118,77.01178172446605,62.60752078465053,,True
9294,OX2R,of3,apo,68.43188507604492,77.24420277704236,61.092155184064595,,True
9295,OPRX,of3,cognate,74.86305094706938,84.92271527887596,69.31728328358044,0.9616,False
9296,OPRK,of3,cognate,72.52077872866984,84.22724371636238,68.72107060750325,1.3903,False
9297,OPRK,of3,cognate,71.36932356997251,83.58502016295947,66.80617141723633,1.3534,False
9298,OPRK,of3,cognate,71.74347798958304,83.32556485880676,68.54226472642686,1.3609,False
9299,OPRK,of3,cognate,73.0345898220955,83.80557030724586,69.01224101673473,1.34,False
9300,OPRK,of3,cognate,69.65786970673312,81.96228495707933,67.62808782404119,1.4366,False
9301,OPRK,of3,cognate,70.52946292320543,83.18768151257117,66.7390874226888,1.1576,False
9302,OPRK,of3,cognate,71.10515871412636,83.39340165109346,68.35429255167644,1.2724,False
9303,OX2R,of3,apo,68.38179566226486,76.92406616383644,61.92431363192472,,True
9304,PTH1R,of3,apo,62.58313209288448,71.91358266817986,55.79293441772461,2.4232,True
9305,PTH1R,of3,apo,62.81002171445761,72.28866420492928,56.667317962646486,2.3483,True
9306,PTH1R,of3,apo,62.4770443905322,71.71174658402103,53.58378295898437,2.8268,True
9307,PTH1R,of3,apo,62.829150060113555,72.0678895887304,55.37501602172851,2.6223,True
9308,PTH1R,of3,apo,62.65914803521481,72.45031674943428,55.65384063720703,2.6434,True
9309,PTH1R,of3,apo,62.59261098830936,71.54100434606835,50.86354370117188,3.1561,True
9310,PTH1R,of3,apo,62.748854258527786,72.3443161061515,55.09368515014648,2.5064,True
9311,PTH1R,of3,apo,62.76804983270856,71.88294916870002,51.83407440185547,2.7277,True
9312,OPRK,of3,cognate,72.14742744147247,83.69266989436845,69.14199490017361,1.4025,False
9313,OPRK,of3,cognate,71.13285366265714,82.44639734573695,67.65230645073785,1.4337,False
9314,OPRK,of3,cognate,71.27481762627457,83.43436917172882,68.21100192599826,1.1973,False
9315,OPRK,of3,cognate,68.30379274218647,75.97021246590828,55.6880330172452,2.5378,False
9316,PTH1R,of3,apo,62.82550327394982,72.83137980977757,55.52191162109375,2.5379,True
9317,PTH1R,of3,apo,63.17479787498144,72.7890715975257,56.32473526000977,2.5364,True
9318,PTH1R,of3,apo,63.27202201607334,72.47001444160455,55.81301975250244,2.4281,True
9319,PTH1R,of3,apo,62.5058197423327,72.11193549405418,55.61006622314453,2.6092,True
9320,OPRK,of3,cognate,72.34054423524658,83.47200736839878,66.82681274414062,1.3993,False
9321,OPRK,of3,cognate,71.28244396716231,82.48776150549301,65.08596844143338,1.4352,False
9322,OPRK,of3,cognate,72.14337422578438,83.38623083765546,69.08721669514973,1.2584,False
9323,OX2R,of3,apo,67.68648688828392,76.7057107964429,62.16275717995384,,True
9324,OPRK,of3,cognate,70.87757144755543,82.9751823839515,66.06966866387262,1.336,False
9325,OPRK,of3,cognate,69.49626919255601,79.85160625149506,63.586363792419434,2.1877,False
9326,OPRK,of3,cognate,70.20051141904464,82.39897147639661,67.57469454678622,1.2344,False
9327,OPRK,of3,cognate,70.54069689009505,83.34617683161562,68.34142407503995,1.2849,False
9328,PTH1R,of3,apo,62.33683081917499,72.29421131947846,55.25586090087891,2.584,True
9329,PTH1R,of3,apo,62.417506106698255,72.13685962328327,54.168444061279295,2.7122,True
9330,PTH1R,of3,apo,63.14218621430801,73.77690764134064,57.85689926147461,1.6454,True
9331,PTH1R,of3,apo,63.321038600475305,73.46780461019233,57.08822292751736,1.7592,True
9332,PTH1R,of3,apo,63.313813888294206,73.83076020661814,57.39876174926758,1.6026,True
9333,PTH1R,of3,apo,63.17672085928439,73.48133381921573,57.282000647650825,1.7655,True
9334,PTH1R,of3,apo,63.3622680400666,73.95730889478921,57.387963189019096,1.6167,True
9335,OX2R,of3,apo,66.84249750078651,76.2756205820315,61.17932782854353,,True
9336,PTH1R,of3,apo,62.43128000054893,72.52854174032129,55.73320245742798,2.3743,True
9337,PTH1R,of3,apo,62.29263744858865,71.76787552712238,52.88494186401367,2.6323,True
9338,PTH1R,of3,apo,62.64691921677693,72.08357484321655,53.87093734741211,2.6128,True
9339,OPRX,of3,cognate,74.85470916792457,85.0364538780917,71.0733879937066,0.8981,False
9340,OPRX,of3,cognate,73.07546903752903,83.11538202753658,70.11806557395242,0.9911,False
9341,OPRX,of3,cognate,73.27276396723416,83.53821352488033,70.9967155456543,0.9385,False
9342,OPSD,of3,apo,77.75941506001296,77.41464924643739,63.660802629258896,1.8281,False
9343,OPRX,of3,cognate,75.97831612300847,85.31922337402685,70.9460317823622,0.8949,False
9344,OPRX,of3,cognate,75.1329417507766,84.02666529628621,69.32881212234497,1.0018,False
9345,OPRX,of3,cognate,73.96878882222994,83.75094189202113,61.47673543294271,1.1656,False
9346,OPRX,of3,cognate,74.8680167529332,84.73157615616209,71.60180791219075,0.8812,False
9347,PTH1R,of3,apo,62.40614005123583,71.73527372984135,54.95929107666016,2.5187,True
9348,OPRX,of3,cognate,74.74273623594995,84.56831490580655,69.70882658524947,0.9779,False
9349,OPRX,of3,cognate,74.26264974561684,83.92252793643726,68.99940490722656,0.895,False
9350,OPRX,of3,cognate,71.98002242710264,81.31997622971582,55.511718326144745,1.3756,False
9351,OPRX,of3,cognate,73.79249041445918,84.12136252447297,71.48531618985263,0.9168,False
9352,OPRX,of3,cognate,74.974251626656,84.39959189165894,71.49358071221246,0.928,False
9353,OPRX,of3,cognate,74.42047089833858,84.5221894086422,70.71497761119495,0.9831,False
9354,OPRX,of3,cognate,73.47505472312177,84.151829066366,70.90273701060902,0.9459,False
9355,OPRX,of3,cognate,72.03374210804377,82.09140535025026,68.76381259494357,0.9889,False
9356,SMO,of3,apo,69.52478720842318,84.41090959284041,74.72838810511998,1.0715,True
9357,SMO,of3,apo,69.78809486676306,84.96091416631427,76.3637809753418,1.1423,True
9358,SMO,of3,apo,69.90933877949175,85.37215558263992,76.27705001831055,1.0823,True
9359,SMO,of3,apo,69.97104341622791,85.30452470128499,76.36787687029157,1.1029,True
9360,SMO,of3,apo,70.19679024814717,85.38792619478136,76.58353587559291,1.0466,True
9361,SMO,of3,apo,70.01974744648724,85.0254130549658,76.01910945347377,1.0329,True
9362,SMO,of3,apo,69.47619760719347,84.1357003748606,73.98093748092651,1.0564,True
9363,SMO,of3,apo,70.05346034783821,84.11375041651348,74.18353053501674,1.0905,True
9364,SMO,of3,apo,69.53403079698273,84.69988870507196,74.78996276855469,1.0433,True
9365,SMO,of3,apo,69.73107190549639,84.6336340634785,74.30379322596959,0.9897,True
9366,SMO,of3,apo,69.82427248650804,84.11762297796824,74.0442304611206,1.0752,True
9367,SMO,of3,apo,69.61454448842865,83.17108324928888,64.96580410003662,1.4265,True
9368,SMO,of3,apo,69.31182521984657,82.8566218505587,65.24609518051147,1.234,True
9369,SMO,of3,apo,69.68010423882276,82.6584238903863,63.644540309906006,1.6875,True
9370,SMO,of3,apo,69.45366089689475,83.12100901475029,64.7826657295227,1.6238,True
9371,SMO,of3,apo,69.84899970955577,82.94938870793297,63.33620357513428,1.6159,True
9372,OPRX,of3,cognate,74.5705109658516,84.63521331045364,70.87111960517035,0.9413,False
9373,OPRX,of3,cognate,73.24978179601122,83.67046267025054,70.82668200406161,0.9439,False
9374,OPRX,of3,cognate,74.25865492541993,83.70041794540218,70.72730975680881,0.9476,False
9375,PTH1R,of3,apo,62.74888928580381,72.27709924638195,54.82635650634766,2.4973,True
9376,OX2R,of3,apo,67.88822137780744,77.42601163434087,63.174955640520366,,True
9377,OX2R,of3,cognate,67.44024268710842,82.96180331530165,55.36526766690341,,True
9378,OX2R,of3,cognate,69.0946706387882,83.51811786253901,57.20587921142578,,True
9379,OPSD,of3,cognate,83.05328352642641,88.94514060027328,72.61802291870117,0.5908,False
9380,OPRX,of3,cognate,75.14859278492034,85.85578312277967,71.31943095814098,0.9484,False
9381,OPRX,of3,cognate,74.69133668810123,85.46237308756785,71.65143377130681,0.9064,False
9382,OPRX,of3,cognate,75.52914094159507,85.52938836827079,70.18949466281467,0.8812,False
9383,OPRX,of3,cognate,74.66419168746219,85.04985664314005,71.55687840779622,0.9851,False
9384,SMO,of3,apo,69.65876774677346,85.6127059644366,72.18679755074638,1.0176,True
9385,SMO,of3,apo,69.41258408878741,85.5011015419733,72.24914087568011,1.0604,True
9386,SMO,of3,apo,69.36131966053914,85.51492396823943,72.15075656345913,1.0997,True
9387,OPSD,of3,cognate,82.54276143229073,88.61349337594334,72.9803056716919,0.4789,False
9388,OPSD,of3,cognate,82.53380479795935,88.71682372955361,73.20151090621948,0.6084,False
9389,OPSD,of3,cognate,82.09314407954353,88.08895769369722,73.21924781799316,0.6933,False
9390,OPSD,of3,cognate,82.60660577296174,88.84831678253575,73.50074243545532,0.5117,False
9391,OPSD,of3,cognate,81.57194006007025,88.39602836357051,72.64311981201172,0.4798,False
9392,SMO,of3,apo,69.62716016463578,84.48841728528342,74.60194342476981,1.0965,True
9393,SMO,of3,apo,69.49939253664535,84.92672385715302,75.17629732404437,1.0722,True
9394,SMO,of3,apo,69.42396892528909,84.76071996348244,74.69055775233677,1.126,True
9395,OX2R,of3,cognate,69.6373267656631,84.34769057246342,57.99073791503906,,True
9396,OPSD,of3,cognate,82.07429416778956,88.42175173466339,71.42271995544434,0.581,False
9397,OPSD,of3,cognate,81.67436573406738,88.08462444062529,71.32834386825562,0.5802,False
9398,OPSD,of3,cognate,82.40643058006076,88.40133644354464,73.04406356811523,0.5629,False
9399,SMO,of3,apo,69.6928343272284,84.70303791174813,74.6605339050293,1.118,True
9400,OPSD,of3,cognate,82.86120239688358,88.63069863841648,73.51227331161499,0.5457,False
9401,OPSD,of3,cognate,81.81877591644398,88.24167716452914,71.46957492828369,0.5517,False
9402,OPSD,of3,cognate,82.15471842229535,88.63850213897864,71.98596620559692,0.5809,False
9403,OPSD,of3,cognate,82.77795048035557,88.5901697236566,72.16539478302002,0.5842,False
9404,OPSD,of3,cognate,82.6561706295969,88.52259340089464,71.39089107513428,0.6075,False
9405,OPSD,of3,cognate,82.54529622525263,88.5674664650679,71.56194686889648,0.6723,False
9406,OPSD,of3,cognate,82.57106800903851,88.49279228247605,71.69507026672363,0.6104,False
9407,OPSD,of3,cognate,81.9951082037617,88.43530731678008,71.54763555526733,0.556,False
9408,OPSD,of3,cognate,82.5067217299128,88.6542029209192,73.13906955718994,0.5018,False
9409,OPSD,of3,cognate,81.48495940093494,88.36123054257375,71.93695783615112,0.6213,False
9410,OPSD,of3,cognate,82.2570771430832,88.35038035817993,73.07964324951172,0.5791,False
9411,OPSD,of3,cognate,82.14520408081736,88.12203534555641,71.69583511352539,0.56,False
9412,OX2R,of3,cognate,69.19373758832343,84.46578791933486,58.351931138472125,,True
9413,OX2R,of3,cognate,69.2666287773513,84.52016023264302,57.28252202814276,,True
9414,PTH1R,of3,apo,62.58727374482123,72.76840512053411,56.34491806030273,2.6273,True
9415,OX2R,of3,cognate,68.7213516838488,83.08249326228407,55.515703374689274,,True
9416,OPSD,of3,cognate,82.42238716939531,88.40065929505043,72.4101390838623,0.564,False
9417,OPSD,of3,cognate,82.08755129877594,88.13448058976067,71.54319286346436,0.5812,False
9418,OPSD,of3,cognate,82.21483917495266,87.99828350918979,71.01070499420166,0.5787,False
9419,PTH1R,of3,cognate,65.28888620794108,81.92158471075831,62.72785139083862,1.802,True
9420,OX2R,of3,cognate,67.90127522158936,83.55092422258288,55.0802827314897,,True
9421,OX2R,of3,cognate,67.71763998310188,82.29359055096624,57.09159261530096,,True
9422,OX2R,of3,cognate,69.10061664784746,83.75740241364483,56.05066958340731,,True
9423,OX2R,of3,cognate,67.88790018378967,82.43436082604643,51.076757951216265,,True
9424,OX2R,of3,cognate,69.19939216740683,84.01006439294305,57.781892949884586,,True
9425,OX2R,of3,cognate,68.65432363814755,83.67052470185197,56.80633406205611,,True
9426,OX2R,of3,cognate,68.8396507533762,83.340620703016,56.66170293634588,,True
9427,OX2R,of3,cognate,68.67278020875514,83.89340828925845,57.56985092163086,,True
9428,OX2R,of3,cognate,67.34751476294109,82.49305998258605,55.83249421553178,,True
9429,OX2R,of3,cognate,68.5543759055082,84.04714037139694,57.103036013516515,,True
9430,OX2R,of3,cognate,68.86444811161174,84.15971559772244,57.35700364546342,,True
9431,OX2R,of3,cognate,68.18599812374448,83.28491766574578,56.48848030783913,,True
9432,OX2R,of3,cognate,68.08781327079791,82.78208347129272,54.94557987559926,,True
9433,OX2R,of3,cognate,68.76751161250132,83.50319554721122,56.57396108453924,,True
9434,OX2R,of3,cognate,67.92801075836438,83.13543670757508,54.4845005382191,,True
9435,OX2R,of3,cognate,68.42886053511417,82.5530873744381,55.20912829312411,,True
9436,PTH1R,of3,cognate,64.60386611029512,82.73130268016672,63.05020980834961,2.5275,True
9437,PTH1R,of3,cognate,64.83170799968613,82.61586759867407,63.81367111206055,1.7747,True
9438,PTH1R,of3,cognate,65.32123802125135,83.0592011513286,63.257994174957275,1.5126,True
9439,SMO,of3,apo,69.71471248975143,85.87511400328742,73.03869247436523,1.0491,True
9440,OX2R,of3,cognate,68.05350415078873,83.3678292811175,54.625823281028055,,True
9441,OX2R,of3,cognate,69.17538010925757,83.92160465061579,56.2856164412065,,True
9442,OX2R,of3,cognate,69.13638626477022,83.62816697967,54.9083217274059,,True
9443,PTH1R,of3,cognate,64.97595376093238,82.78488208237384,63.98887348175049,2.0132,True
9444,SMO,of3,apo,69.63007527739586,85.53170669767592,71.99084118434361,1.1055,True
9445,SMO,of3,cognate,65.60254699499485,84.4830489069318,69.01019178118024,1.8767,True
9446,SMO,of3,cognate,65.01301537136696,83.61538450498429,69.0992841720581,1.7504,True
9447,PTH1R,of3,cognate,65.65493849634701,82.55071222121038,63.93409118652344,1.9491,True
9448,PTH1R,of3,cognate,64.6094882831731,83.07901957667552,63.38757658004761,1.5591,True
9449,PTH1R,of3,cognate,65.42490798938944,83.36851717217452,64.92639017105103,1.7027,True
9450,PTH1R,of3,cognate,65.11125430177164,83.17657096724018,64.24887466430664,2.044,True
9451,PTH1R,of3,cognate,65.1910092301469,82.70402854392295,63.76170043945312,1.5376,True
9452,PTH1R,of3,cognate,66.32442967668787,82.68711493492054,60.62691192626953,1.5015,True
9453,PTH1R,of3,cognate,66.76016330177039,82.76129112994742,63.32793188095093,1.3753,True
9454,PTH1R,of3,cognate,66.18839188520991,82.9119966108308,61.28282356262207,1.5411,True
9455,PTH1R,of3,cognate,65.60425892101081,82.68465982328344,61.79748058319092,1.7733,True
9456,PTH1R,of3,cognate,65.20196434164544,82.91825990654428,62.09629440307617,1.8496,True
9457,PTH1R,of3,cognate,66.03456622955667,83.55365543496573,63.17837858200073,1.5571,True
9458,PTH1R,of3,cognate,65.44836890516531,82.12354858996991,63.831725120544434,1.4177,True
9459,PTH1R,of3,cognate,61.20992131649635,76.0490418153625,58.5496129989624,2.2797,True
9460,PTH1R,of3,cognate,65.57392006246869,82.67850493642366,63.51423797607422,1.4972,True
9461,PTH1R,of3,cognate,65.0365587782364,82.88809209845917,63.10656967163086,1.589,True
9462,PTH1R,of3,cognate,65.56787642955257,82.59149166256238,63.50206041336059,1.842,True
9463,PTH1R,of3,cognate,63.981986134747594,81.57038003107841,61.97069091796875,1.9149,True
9464,PTH1R,of3,cognate,64.65926783434878,82.41574647346029,62.70776033401489,1.8242,True
9465,PTH1R,of3,cognate,64.69948895570424,82.11381557881357,61.71034469604492,1.7274,True
9466,PTH1R,of3,cognate,64.71299066489101,82.67342789765776,63.422523021698,1.6904,True
9467,SMO,of3,cognate,63.88273015486243,82.018182615704,69.81447304619684,1.4642,True
9468,SMO,of3,cognate,64.08708353686168,82.97275776151626,67.93908391680036,1.5354,True
9469,SMO,of3,cognate,65.5249835960225,84.59064057183645,72.96120616367885,1.5469,True
9470,SMO,of3,cognate,63.43860896327715,80.29552371532199,65.18739615546332,1.742,True
9471,SMO,of3,cognate,64.84684927965151,83.50340756915864,69.58224391937256,1.716,True
9472,SMO,of3,cognate,65.26271779379525,84.74414440768105,69.67268671308246,1.7316,True
9473,SMO,of3,cognate,65.36930741590196,84.6418190175768,73.33142525809151,1.6299,True
9474,SMO,of3,cognate,65.02530137705708,84.55029054717411,73.70386995588031,1.6402,True
9475,SMO,of3,cognate,63.918665226290194,83.11155415368458,72.9901738848005,1.3587,True
9476,SMO,of3,cognate,65.5942917611515,85.14168498432825,75.51150894165039,1.7127,True
9477,SMO,of3,cognate,65.21850587220173,84.94899454313612,74.2974384852818,1.6148,True
9478,SMO,of3,cognate,64.79491418882944,86.32028665860494,71.83627192179362,1.5714,True
9479,SMO,of3,cognate,65.30102260014145,86.70678896086557,74.59045537312825,1.5696,True
9480,SMO,of3,cognate,65.07306897995794,83.75671135107676,71.76452500479562,1.6994,True
9481,SMO,of3,cognate,64.84300820357917,84.86189966534812,71.08834103175572,1.6513,True
9482,SMO,of3,cognate,66.04025097206224,86.45133489760141,76.1731709071568,1.3451,True
9483,SMO,of3,cognate,65.70060336355749,87.2755076573387,76.97638532850478,1.4142,True
9484,SMO,of3,cognate,66.0556921669765,87.32166874370878,79.40876770019531,1.0906,True
9485,SMO,of3,cognate,65.19402698195698,84.65087198378548,68.72039713178363,2.1713,True
9486,SMO,of3,cognate,65.56054680267115,84.02943933517213,68.93707874843052,1.8939,True
9487,SMO,of3,cognate,64.77204780841822,84.7669189787668,69.19769641331264,1.9359,True
9488,SMO,of3,cognate,65.20138477647639,84.3587857167683,68.89314188276019,1.872,True
9489,SMO,of3,cognate,65.09904369701462,84.2436234893496,68.15477561950684,2.1101,True
